# Blender 4.4.0
# www.blender.org
mtllib Meshy_AI__0717131849_texture.mtl
o Meshy_AI__0717131849_texture
v 0.072754 -0.046387 -0.013428
v -0.054932 -0.056397 -0.074219
v 0.341797 -0.101562 -0.056885
v 0.343750 -0.079590 -0.056152
v 0.353516 -0.080078 -0.051269
v 0.335938 -0.100586 -0.059570
v 0.345703 -0.102051 -0.054443
v -0.253906 -0.145508 0.019043
v -0.261719 -0.133789 0.031982
v -0.257812 -0.146484 0.034668
v -0.255859 -0.145508 0.000038
v -0.257812 -0.134766 0.017944
v -0.251953 -0.156250 -0.001450
v -0.251953 -0.158203 0.018921
v -0.116211 -0.083496 0.024170
v -0.113770 -0.081055 0.019775
v -0.118652 -0.081055 0.020630
v -0.109863 -0.083984 0.024536
v -0.111816 -0.087402 0.026367
v -0.119141 -0.084473 0.023926
v 0.398438 -0.144531 -0.130859
v 0.394531 -0.143555 -0.127930
v 0.396484 -0.144531 -0.110840
v 0.400391 -0.146484 -0.131836
v 0.396484 -0.144531 -0.134766
v 0.402344 -0.145508 -0.111816
v 0.242188 -0.161133 0.154297
v 0.241211 -0.149414 0.154297
v 0.238281 -0.160156 0.157227
v 0.242188 -0.161133 0.150391
v -0.601562 -0.199219 0.109375
v -0.476562 -0.196289 0.128906
v -0.474609 -0.198242 0.125000
v -0.601562 -0.199219 0.108887
v -0.476562 -0.197266 0.127930
v 0.273438 0.045410 -0.004501
v 0.277344 0.045166 -0.009460
v 0.271484 0.045410 -0.004974
v 0.273438 0.045166 -0.001690
v 0.279297 0.045410 -0.005371
v 0.267578 0.045898 0.001785
v 0.859375 -0.333984 0.038330
v 0.871094 -0.333984 0.043701
v 0.828125 -0.333984 -0.003250
v 0.917969 -0.335938 0.023926
v 0.726562 -0.335938 -0.000798
v 0.083496 -0.017212 -0.079102
v 0.079590 0.007812 -0.078125
v 0.092773 0.007172 -0.078125
v 0.072754 -0.016968 -0.079102
v 0.096191 -0.016724 -0.078613
v -0.167969 -0.170898 -0.034668
v -0.173828 -0.182617 -0.040039
v -0.175781 -0.175781 -0.037109
v -0.168945 -0.165039 -0.029175
v -0.160156 -0.168945 -0.032227
v -0.165039 -0.175781 -0.037109
v -0.161133 -0.163086 -0.028564
v 0.357422 -0.145508 0.101562
v 0.384766 -0.143555 0.101562
v 0.384766 -0.145508 0.096191
v 0.353516 -0.144531 0.099609
v 0.371094 -0.144531 0.123535
v 0.361328 -0.144531 0.096680
v 0.174805 -0.145508 -0.155273
v 0.174805 -0.145508 -0.142578
v 0.177734 -0.144531 -0.141602
v 0.180664 -0.144531 -0.154297
v 0.177734 -0.145508 -0.158203
v 0.177734 -0.147461 -0.161133
v 0.172852 -0.147461 -0.142578
v 0.172852 -0.150391 -0.141602
v 0.174805 -0.147461 -0.159180
v 0.172852 -0.150391 -0.156250
v -0.617188 -0.142578 -0.008850
v -0.593750 -0.142578 -0.007660
v -0.617188 -0.141602 -0.007050
v -0.589844 -0.144531 -0.010376
v -0.703125 -0.142578 -0.008759
v -0.617188 -0.143555 -0.012207
v -0.695312 -0.140625 -0.007812
v 0.166992 0.235352 0.079590
v 0.184570 0.229492 0.079102
v 0.186523 0.236328 0.079102
v 0.166992 0.236328 0.067383
v 0.166016 0.232422 0.079590
v 0.443359 -0.183594 -0.047607
v 0.437500 -0.195312 -0.049560
v 0.433594 -0.183594 -0.047119
v 0.445312 -0.196289 -0.048828
v 0.449219 -0.183594 -0.049072
v 0.441406 -0.182617 -0.042236
v 0.447266 -0.183594 -0.042480
v -0.013733 0.019531 0.057373
v -0.014893 0.016235 0.053711
v -0.013611 0.014587 0.058594
v -0.011780 0.019287 0.057861
v -0.014099 0.019531 0.055420
v 0.074707 -0.196289 0.171875
v 0.075195 -0.199219 0.169922
v -0.017456 -0.196289 0.168945
v 0.166016 -0.195312 0.171875
v 0.165039 -0.196289 0.169922
v 0.165039 -0.198242 0.166016
v 0.074219 -0.195312 0.172852
v 0.839844 -0.140625 -0.010559
v 0.835938 -0.143555 -0.013367
v 0.835938 -0.139648 -0.014831
v 0.839844 -0.138672 -0.010864
v 0.835938 -0.142578 -0.012146
v 0.335938 -0.064941 0.014038
v 0.310547 -0.066406 0.012756
v 0.310547 -0.063477 0.012451
v 0.390625 -0.065918 0.015015
v 0.335938 -0.067383 0.015259
v 0.310547 -0.061279 0.013672
v 0.335938 -0.061523 0.015259
v 0.390625 -0.063477 0.013916
v -0.519531 -0.203125 0.005768
v -0.550781 -0.202148 0.014893
v -0.550781 -0.202148 0.000618
v -0.546875 -0.203125 -0.009399
v -0.515625 -0.202148 -0.006165
v -0.515625 -0.201172 0.018555
v 0.263672 -0.047119 -0.062988
v 0.253906 -0.046875 -0.061035
v 0.263672 -0.045898 -0.055420
v 0.269531 -0.059326 -0.064453
v 0.261719 -0.059815 -0.063965
v 0.271484 -0.045654 -0.055664
v 0.271484 -0.045898 -0.064453
v 0.498047 -0.166992 0.038330
v 0.498047 -0.167969 -0.040771
v 0.496094 -0.164062 0.038574
v 0.496094 -0.167969 0.042481
v 0.496094 -0.200195 0.039063
v 0.496094 -0.199219 -0.040771
v 0.492188 -0.165039 0.042481
v 0.059815 0.079102 -0.033447
v 0.065918 0.094727 -0.037109
v 0.065430 0.079590 -0.036621
v 0.060791 0.095215 -0.031860
v -0.173828 -0.189453 -0.036865
v -0.166016 -0.181641 -0.035156
v -0.182617 -0.194336 -0.036377
v 0.347656 -0.080566 0.026856
v 0.339844 -0.088867 0.027100
v 0.343750 -0.086426 0.022217
v 0.351562 -0.070801 0.021484
v 0.349609 -0.066406 0.023438
v 0.347656 -0.077148 0.031250
v 0.347656 -0.081543 0.018555
v 0.171875 -0.196289 -0.114746
v 0.253906 -0.196289 -0.105957
v 0.171875 -0.154297 -0.115234
v 0.166992 -0.195312 -0.116211
v -0.902344 -0.200195 0.040283
v -0.902344 -0.203125 0.040283
v -0.980469 -0.203125 0.018799
v -0.886719 -0.198242 0.049805
v -0.921875 -0.199219 0.036865
v -0.980469 -0.199219 0.017700
v -0.820312 -0.203125 0.061523
v 0.152344 0.042725 -0.032959
v 0.159180 0.041504 -0.027954
v 0.159180 0.041748 -0.035645
v 0.152344 0.043701 -0.036865
v 0.153320 0.042236 -0.023926
v 0.388672 -0.199219 0.164062
v 0.388672 -0.263672 0.142578
v 0.271484 -0.263672 0.151367
v 0.392578 -0.332031 0.121094
v 0.503906 -0.263672 0.131836
v 0.507812 -0.333984 0.108887
v -0.119141 -0.080078 -0.005463
v -0.124023 -0.079590 -0.006500
v -0.119629 -0.080566 -0.003143
v -0.115234 -0.080566 0.000443
v -0.117676 -0.079590 -0.008209
v -0.123047 -0.081055 -0.011291
v -0.119629 -0.195312 -0.166992
v -0.018311 -0.195312 -0.171875
v 0.073730 -0.196289 -0.176758
v -0.017456 -0.195312 -0.169922
v 0.757812 -0.132812 0.004395
v 0.761719 -0.134766 0.005768
v 0.718750 -0.135742 0.004089
v 0.761719 -0.135742 0.004608
v 0.722656 -0.137695 0.006134
v 0.722656 -0.131836 0.003906
v 0.310547 -0.062988 -0.031250
v 0.310547 -0.060059 -0.031616
v 0.335938 -0.061035 -0.031372
v 0.335938 -0.062988 -0.031616
v 0.310547 -0.065918 -0.031982
v -0.480469 -0.126953 0.016357
v -0.480469 -0.128906 0.018555
v -0.478516 -0.126953 0.014771
v -0.476562 -0.125000 0.017944
v -0.474609 -0.123535 0.014343
v -0.357422 -0.198242 -0.042236
v -0.355469 -0.203125 -0.036377
v -0.371094 -0.197266 -0.035889
v -0.312500 -0.200195 -0.041992
v -0.363281 -0.189453 -0.046875
v -0.312500 -0.190430 -0.047363
v 0.328125 -0.052246 0.024292
v 0.330078 -0.052002 0.019165
v 0.320312 -0.051270 0.018433
v 0.332031 -0.054443 0.027222
v 0.335938 -0.054199 0.022461
v 0.306641 -0.053467 0.022339
v 0.302734 -0.055176 0.028809
v 0.314453 -0.055664 0.029907
v 0.902344 -0.199219 -0.077148
v 0.898438 -0.201172 -0.081543
v 0.765625 -0.199219 -0.108887
v 0.898438 -0.198242 -0.074707
v 0.976562 -0.200195 -0.052978
v 0.976562 -0.203125 -0.055176
v 0.976562 -0.200195 -0.050537
v 0.145508 0.074707 0.000977
v 0.146484 0.075195 -0.010010
v 0.139648 0.075684 -0.002960
v 0.139648 0.075684 0.009033
v 0.147461 0.053467 -0.000214
v 0.145508 0.074707 0.013245
v -0.032715 -0.113770 0.133789
v -0.030273 -0.112793 0.129883
v -0.036133 -0.112793 0.130859
v -0.030518 -0.114258 0.137695
v -0.026001 -0.113281 0.134766
v -0.036865 -0.114746 0.135742
v 0.394531 -0.059326 -0.019775
v 0.392578 -0.058105 -0.021606
v 0.390625 -0.057373 -0.018677
v 0.394531 -0.060303 -0.017334
v 0.246094 -0.104004 0.082520
v 0.253906 -0.104980 0.093262
v 0.261719 -0.104492 0.083008
v 0.238281 -0.104004 0.093750
v 0.235352 -0.101562 0.082520
v -0.816406 -0.265625 0.058838
v -0.722656 -0.263672 0.075684
v -0.730469 -0.202148 0.089356
v -0.605469 -0.199219 0.110352
v -0.820312 -0.199219 0.070801
v -0.820312 -0.201172 0.073242
v -0.726562 -0.199219 0.089356
v 0.181641 0.020630 -0.017334
v 0.180664 0.025024 0.016724
v 0.199219 0.019409 -0.018555
v 0.198242 0.015503 -0.017822
v 0.182617 0.015137 -0.017456
v 0.453125 -0.159180 0.014282
v 0.449219 -0.159180 0.012451
v 0.451172 -0.158203 0.015381
v 0.451172 -0.160156 0.012512
v 0.449219 -0.159180 0.012695
v 0.451172 -0.158203 0.015991
v 0.047852 0.103027 -0.031494
v 0.035400 0.060303 -0.041260
v 0.041748 0.103027 -0.030640
v 0.043701 0.107910 -0.029785
v 0.049316 0.106934 -0.031738
v 0.125977 0.103516 -0.031250
v -0.101562 -0.086914 -0.022217
v -0.097656 -0.087402 -0.018555
v -0.101074 -0.092285 -0.022217
v -0.108887 -0.091797 -0.025269
v -0.103027 -0.082520 -0.020508
v -0.107910 -0.086914 -0.025146
v 0.241211 -0.161133 -0.139648
v 0.242188 -0.150391 -0.139648
v 0.240234 -0.162109 -0.135742
v 0.241211 -0.161133 -0.140625
v -0.593750 -0.141602 -0.019897
v -0.617188 -0.141602 -0.018188
v -0.589844 -0.142578 -0.016968
v -0.617188 -0.139648 -0.021118
v -0.593750 -0.136719 -0.022217
v 0.182617 0.010864 0.011536
v 0.184570 0.326172 0.009460
v 0.180664 0.324219 0.009582
v 0.181641 0.332031 0.008606
v 0.183594 0.333984 0.009399
v 0.494141 -0.193359 -0.006195
v 0.494141 -0.193359 -0.011597
v 0.494141 -0.179688 -0.004974
v 0.494141 -0.179688 0.000877
v 0.496094 -0.194336 -0.000206
v 0.046875 0.008423 0.077148
v 0.053223 -0.017334 0.080566
v 0.060303 0.008118 0.079590
v 0.053223 0.008484 0.071289
v 0.039795 -0.017578 0.079102
v 0.041992 0.008606 0.069824
v 0.034180 0.008606 0.073730
v -0.213867 -0.209961 0.017700
v -0.210938 -0.203125 0.025269
v -0.214844 -0.204102 0.017578
v -0.208008 -0.208008 0.024780
v -0.214844 -0.209961 0.008789
v 0.339844 -0.150391 -0.131836
v 0.337891 -0.158203 -0.130859
v 0.339844 -0.159180 -0.108398
v 0.343750 -0.148438 -0.136719
v 0.341797 -0.150391 -0.135742
v 0.339844 -0.151367 -0.108887
v 0.341797 -0.146484 -0.129883
v 0.149414 -0.196289 0.124023
v 0.141602 -0.117676 0.130859
v 0.132812 -0.118652 0.135742
v 0.143555 -0.195312 0.131836
v -0.902344 -0.200195 0.050049
v -0.820312 -0.199219 0.066406
v -0.898438 -0.197266 0.050781
v -0.968750 -0.198242 0.026733
v -0.976562 -0.198242 0.031006
v -0.906250 -0.201172 0.051758
v 0.129883 0.103516 -0.024536
v 0.142578 0.059326 0.037353
v 0.142578 0.058838 -0.034912
v 0.130859 0.103027 0.027222
v 0.129883 0.107910 -0.023315
v 0.129883 0.103027 -0.030762
v 0.129883 0.107422 -0.029419
v 0.443359 -0.162109 0.014587
v 0.445312 -0.161133 0.012695
v 0.445312 -0.162109 0.012207
v 0.443359 -0.162109 0.018799
v 0.445312 -0.160156 0.014587
v -0.183594 -0.184570 -0.039062
v -0.146484 -0.202148 -0.042480
v -0.147461 -0.171875 -0.042480
v -0.146484 -0.171875 -0.037842
v -0.147461 -0.201172 -0.045166
v -0.145508 -0.171875 0.041504
v -0.147461 -0.203125 0.045166
v 0.644531 -0.158203 0.050781
v 0.632812 -0.159180 0.039551
v 0.632812 -0.174805 0.039063
v 0.695312 -0.157227 0.052734
v 0.648438 -0.145508 0.050537
v 0.636719 -0.147461 0.037109
v 0.644531 -0.173828 0.047852
v 0.261719 -0.124023 -0.091309
v 0.251953 -0.125000 -0.092773
v 0.257812 -0.104004 -0.091797
v 0.269531 -0.104492 -0.090820
v 0.269531 -0.124023 -0.090820
v -0.593750 -0.124512 0.012207
v -0.593750 -0.125000 0.009888
v -0.593750 -0.123535 0.014038
v -0.593750 -0.126953 0.020630
v -0.585938 -0.125977 0.015869
v -0.589844 -0.125977 0.010986
v -0.375000 -0.188477 -0.039551
v -0.386719 -0.173828 -0.021851
v -0.380859 -0.173828 -0.043945
v -0.365234 -0.173828 -0.050537
v -0.386719 -0.155273 -0.023437
v -0.380859 -0.156250 -0.044434
v 0.283203 0.036133 0.018433
v 0.287109 0.035645 0.011536
v 0.285156 0.042236 0.018188
v 0.279297 0.041504 0.021606
v 0.279297 0.036133 0.022095
v 0.761719 -0.142578 -0.014770
v 0.108887 0.095215 0.042480
v 0.099121 0.095703 0.043701
v 0.104980 0.078613 0.043701
v 0.111816 0.078613 0.041992
v 0.115234 0.097168 0.036377
v 0.104004 0.097656 0.038574
v -0.138672 -0.098145 0.000725
v -0.144531 -0.098633 0.003815
v -0.139648 -0.098145 0.007507
v -0.145508 -0.098145 -0.000616
v -0.139648 -0.097656 -0.006897
v 0.380859 -0.144531 -0.138672
v 0.388672 -0.144531 -0.137695
v 0.380859 -0.146484 -0.143555
v 0.361328 -0.144531 -0.138672
v 0.359375 -0.144531 -0.135742
v 0.357422 -0.146484 -0.140625
v 0.179688 -0.149414 0.129883
v 0.206055 -0.149414 0.128906
v 0.205078 -0.159180 0.128906
v 0.179688 -0.160156 0.130859
v 0.175781 -0.150391 0.131836
v 0.176758 -0.148438 0.131836
v 0.175781 -0.160156 0.130859
v -0.695312 -0.131836 -0.021606
v -0.707031 -0.134766 -0.018433
v -0.703125 -0.132812 -0.019653
v -0.699219 -0.131836 -0.022461
v -0.613281 -0.132812 -0.020874
v -0.617188 -0.132812 -0.022827
v -0.617188 -0.130859 -0.021484
v -0.699219 -0.135742 -0.021851
v -0.589844 -0.202148 0.032959
v -0.554688 -0.202148 0.028076
v -0.601562 -0.196289 0.034180
v -0.593750 -0.202148 0.021362
v 0.174805 -0.016113 -0.043457
v 0.168945 -0.015503 -0.048584
v 0.164062 0.012878 -0.046387
v 0.173828 0.011352 -0.043945
v 0.176758 -0.015747 -0.027832
v 0.427734 -0.158203 0.143555
v 0.427734 -0.156250 0.085938
v 0.425781 -0.154297 0.084961
v 0.425781 -0.154297 0.149414
v 0.425781 -0.157227 0.148438
v 0.429688 -0.198242 0.083496
v 0.427734 -0.199219 0.143555
v 0.425781 -0.154297 0.142578
v 0.052490 0.112305 -0.010681
v 0.051758 0.112305 -0.000997
v 0.052490 0.130859 -0.007477
v 0.053467 0.130859 -0.014954
v 0.058105 0.114746 -0.018189
v 0.096191 -0.081055 -0.132812
v 0.089355 -0.074219 -0.117188
v 0.106934 -0.076172 -0.119629
v 0.113770 -0.118652 -0.130859
v 0.095703 -0.118652 -0.129883
v 0.077148 -0.118652 -0.127930
v 0.119629 -0.081543 -0.135742
v 0.074219 -0.079590 -0.128906
v 0.335938 -0.075195 -0.033935
v 0.347656 -0.072266 -0.032959
v 0.349609 -0.079102 -0.029663
v 0.345703 -0.064453 -0.032959
v 0.335938 -0.087891 -0.031738
v 0.326172 -0.070312 -0.036621
v -0.253906 -0.158203 0.036377
v -0.267578 -0.156250 0.050293
v -0.253906 -0.174805 0.036133
v -0.474609 -0.144531 -0.012451
v -0.375000 -0.143555 -0.015869
v -0.373047 -0.143555 -0.013245
v -0.478516 -0.141602 -0.016296
v -0.474609 -0.142578 -0.016968
v -0.474609 -0.142578 -0.009705
v -0.476562 -0.141602 -0.012085
v -0.478516 -0.141602 -0.012573
v 0.263672 0.043701 0.021484
v 0.271484 0.044434 0.022583
v 0.265625 0.045410 0.018188
v 0.259766 0.044678 0.015137
v 0.257812 0.043213 0.019165
v 0.263672 0.041748 0.024780
v 0.625000 -0.335938 -0.089355
v 0.625000 -0.333984 -0.096680
v 0.628906 -0.263672 -0.114258
v 0.718750 -0.333984 -0.075195
v 0.757812 -0.265625 -0.085937
v 0.769531 -0.333984 -0.064941
v 0.718750 -0.332031 -0.068359
v 0.002777 -0.015869 0.051758
v 0.010010 0.049561 0.051269
v 0.005249 -0.015747 0.056396
v -0.121582 -0.195312 0.169922
v 0.349609 -0.083496 -0.004333
v 0.349609 -0.086914 -0.002533
v 0.351562 -0.078125 -0.008636
v 0.345703 -0.087891 -0.010742
v 0.351562 -0.083984 -0.013550
v 0.245117 -0.061035 0.059326
v 0.244141 -0.048340 0.058838
v 0.240234 -0.060059 0.053955
v 0.253906 -0.060547 0.064453
v -0.980469 -0.337891 -0.010620
v -0.968750 -0.335938 -0.016968
v -0.972656 -0.337891 -0.009521
v -0.988281 -0.265625 -0.016296
v -0.976562 -0.337891 -0.008484
v -0.992188 -0.265625 -0.013489
v 0.164062 0.011597 0.048340
v 0.174805 0.010620 0.047119
v 0.166016 0.014404 0.038818
v 0.170898 -0.015564 0.049560
v 0.406250 -0.159180 -0.110840
v 0.402344 -0.150391 -0.134766
v 0.404297 -0.149414 -0.111328
v 0.402344 -0.151367 -0.107422
v 0.402344 -0.159180 -0.133789
v 0.404297 -0.160156 -0.107910
v -0.171875 -0.148438 0.010010
v -0.166016 -0.148438 0.009399
v -0.166016 -0.146484 0.001083
v -0.181641 -0.157227 0.014587
v -0.175781 -0.151367 0.016235
v -0.172852 -0.147461 0.001282
v -0.177734 -0.149414 0.009399
v -0.168945 -0.151367 0.018677
v -0.032959 -0.114746 0.108398
v -0.036133 -0.113281 0.112793
v -0.025269 -0.113281 0.108887
v -0.041260 -0.115234 0.112305
v -0.032471 -0.115234 0.106445
v 0.273438 -0.335938 0.119629
v 0.166992 -0.333984 0.000038
v 0.390625 -0.335938 -0.114746
v 0.388672 -0.333984 -0.000401
v 0.269531 -0.333984 -0.000664
v 0.271484 -0.335938 -0.120117
v -0.482422 -0.130859 -0.046631
v -0.484375 -0.144531 -0.050537
v -0.542969 -0.145508 -0.050537
v -0.480469 -0.120605 -0.033203
v -0.472656 -0.132812 -0.036377
v -0.542969 -0.128906 -0.046631
v -0.488281 -0.120605 -0.043213
v -0.335938 -0.137695 0.005676
v -0.335938 -0.134766 0.005249
v -0.335938 -0.139648 0.007202
v 0.203125 0.253906 -0.032959
v 0.156250 0.253906 -0.033936
v 0.203125 0.251953 -0.026978
v 0.976562 -0.202148 0.041504
v 0.921875 -0.200195 0.059570
v 0.976562 -0.200195 0.042236
v 0.988281 -0.199219 0.028076
v 0.945312 -0.207031 0.046875
v 0.941406 -0.204102 0.053955
v 0.988281 -0.202148 0.026367
v 0.976562 -0.205078 0.034424
v 0.106934 0.023560 -0.063477
v 0.112305 0.040771 -0.064941
v 0.116699 0.024048 -0.064453
v 0.098145 0.022949 -0.062744
v 0.103027 0.040527 -0.063965
v -0.155273 -0.198242 -0.046875
v -0.161133 -0.198242 -0.048096
v -0.159180 -0.186523 -0.046387
v -0.152344 -0.185547 -0.045898
v -0.149414 -0.198242 -0.046143
v 0.396484 -0.148438 0.095703
v 0.396484 -0.145508 0.098145
v 0.402344 -0.148438 0.099609
v 0.392578 -0.149414 0.093262
v 0.392578 -0.158203 0.092285
v 0.396484 -0.160156 0.093750
v 0.201172 0.171875 0.019409
v 0.199219 0.170898 0.019897
v 0.156250 0.171875 0.020874
v 0.156250 0.171875 0.026245
v 0.158203 0.173828 0.020142
v 0.200195 0.170898 0.025513
v 0.433594 -0.182617 -0.041992
v 0.425781 -0.184570 -0.045898
v 0.425781 -0.183594 -0.040527
v -0.054932 -0.053711 0.067383
v -0.053711 -0.052734 -0.067383
v -0.063477 -0.054932 0.063965
v 0.068848 -0.052734 0.032715
v -0.061523 -0.056152 0.072266
v -0.054443 -0.054687 0.076172
v -0.012329 -0.121094 0.105957
v 0.016235 -0.120605 0.107422
v -0.021118 -0.127930 0.105469
v -0.034668 -0.121582 0.104980
v -0.034424 -0.117676 0.105957
v -0.009277 -0.127930 0.106445
v 0.015137 -0.116211 0.107910
v 0.761719 -0.132812 -0.023682
v 0.757812 -0.134766 -0.023560
v 0.722656 -0.132812 -0.024414
v 0.757812 -0.131836 -0.024414
v 0.832031 -0.133789 -0.023437
v 0.292969 -0.104004 0.088867
v 0.279297 -0.103516 0.083008
v 0.281250 -0.105469 0.089844
v 0.300781 -0.125000 0.089844
v 0.302734 -0.104004 0.086426
v 0.292969 -0.103027 0.083008
v 0.289062 -0.125000 0.091797
v -0.359375 -0.112305 0.000580
v -0.359375 -0.113281 0.016846
v -0.351562 -0.108398 0.013123
v -0.357422 -0.111816 -0.016418
v -0.347656 -0.108887 0.000855
v -0.347656 -0.107910 -0.013000
v -0.605469 -0.265625 0.092285
v -0.722656 -0.335938 0.054688
v -0.605469 -0.335938 0.073242
v 0.289062 -0.051270 -0.004852
v 0.289062 -0.051514 -0.014709
v 0.285156 -0.053711 -0.006927
v 0.298828 -0.050537 -0.005646
v 0.285156 -0.053467 0.000732
v 0.298828 -0.050537 -0.000576
v 0.490234 -0.180664 0.017944
v 0.492188 -0.180664 0.023193
v 0.496094 -0.180664 0.018555
v 0.488281 -0.180664 0.025269
v 0.494141 -0.180664 0.015137
v 0.488281 -0.180664 0.009705
v 0.041260 0.041016 -0.054199
v 0.031738 0.040283 -0.057617
v 0.028442 0.040527 -0.053223
v 0.042725 0.040039 -0.059326
v 0.052002 0.040527 -0.055176
v -0.206055 -0.193359 -0.022217
v -0.203125 -0.184570 -0.021118
v -0.200195 -0.188477 -0.028931
v -0.212891 -0.197266 -0.016235
v -0.208008 -0.192383 -0.017700
v -0.212891 -0.197266 -0.019165
v -0.204102 -0.193359 -0.028198
v 0.202148 0.251953 0.024658
v 0.202148 0.251953 0.019775
v 0.204102 0.255859 0.023560
v 0.159180 0.253906 0.019287
v 0.158203 0.251953 0.026123
v 0.201172 0.250000 0.025757
v 0.203125 0.255859 0.017822
v 0.166016 -0.196289 -0.174805
v 0.165039 -0.196289 -0.171875
v 0.271484 -0.195312 -0.170898
v 0.165039 -0.196289 -0.175781
v 0.073242 -0.196289 -0.178711
v -0.703125 -0.133789 0.007751
v -0.699219 -0.131836 0.004791
v -0.703125 -0.129883 0.010132
v -1.000000 -0.202148 -0.016724
v -1.000000 -0.198242 -0.019043
v -1.000000 -0.196289 -0.017944
v -1.000000 -0.201172 -0.017700
v -0.996094 -0.198242 -0.021606
v -1.000000 -0.201172 -0.020386
v 0.141602 0.060059 0.041504
v 0.129883 0.103516 0.032959
v 0.137695 0.058594 0.041992
v 0.386719 -0.197266 -0.158203
v 0.503906 -0.198242 -0.147461
v 0.386719 -0.195312 -0.160156
v 0.271484 -0.195312 -0.165039
v 0.388672 -0.198242 -0.155273
v -0.196289 -0.174805 0.009827
v -0.191406 -0.168945 0.017334
v -0.194336 -0.170898 0.009399
v -0.202148 -0.179688 0.000809
v -0.198242 -0.176758 0.012085
v -0.035889 -0.127930 0.138672
v -0.037109 -0.121094 0.138672
v -0.042969 -0.121094 0.133789
v -0.029541 -0.127930 0.140625
v -0.039062 -0.127930 0.136719
v -0.578125 -0.110352 -0.021851
v -0.578125 -0.110352 -0.011291
v -0.542969 -0.110352 -0.010803
v -0.542969 -0.110352 -0.026123
v -0.582031 -0.109863 -0.031372
v -0.589844 -0.112305 -0.029175
v -0.585938 -0.115234 -0.018799
v -0.363281 -0.203125 0.029419
v -0.373047 -0.198242 0.018433
v -0.365234 -0.203125 0.016113
v -0.357422 -0.203125 0.033691
v -0.369141 -0.198242 0.034180
v -0.333984 -0.204102 0.020142
v 0.335938 -0.056885 -0.027100
v 0.312500 -0.058106 -0.030273
v 0.310547 -0.055664 -0.026977
v 0.310547 -0.054688 -0.023437
v 0.773438 -0.200195 0.107910
v 0.636719 -0.201172 0.130859
v 0.878906 -0.263672 0.061523
v 0.894531 -0.201172 0.078125
v 0.902344 -0.200195 0.071777
v 0.147461 0.052979 -0.009644
v 0.147461 0.052979 -0.018433
v 0.145508 0.075684 -0.021118
v -0.037109 -0.115234 -0.133789
v -0.039307 -0.114258 -0.130859
v -0.036865 -0.113281 -0.129883
v -0.033203 -0.112793 -0.130859
v -0.031982 -0.114746 -0.134766
v -0.037109 -0.117676 -0.135742
v -0.039551 -0.117188 -0.132812
v 0.394531 -0.063477 0.019287
v 0.390625 -0.061035 0.015625
v 0.392578 -0.061279 0.018066
v 0.394531 -0.063965 0.017944
v 0.201172 -0.104492 -0.090820
v 0.212891 -0.104980 -0.092285
v 0.205078 -0.124512 -0.092773
v 0.214844 -0.124023 -0.092773
v 0.196289 -0.124512 -0.091797
v -0.601562 -0.263672 -0.094727
v -0.722656 -0.335938 -0.055664
v -0.722656 -0.265625 -0.075684
v -0.816406 -0.335938 -0.040283
v -0.820312 -0.263672 -0.058838
v -0.605469 -0.198242 -0.110840
v 0.182617 0.019165 0.016235
v 0.198242 0.021240 0.017334
v 0.180664 0.022461 0.017090
v 0.199219 0.018433 0.017700
v 0.451172 -0.158203 -0.015381
v 0.453125 -0.159180 -0.017334
v 0.449219 -0.158203 -0.018555
v 0.451172 -0.159180 -0.011902
v 0.455078 -0.159180 -0.014526
v 0.447266 -0.158203 -0.016052
v 0.447266 -0.159180 -0.012695
v 0.023315 0.060059 0.052490
v 0.026977 0.029541 0.052246
v 0.064453 0.059815 0.058594
v 0.019531 0.059570 0.050049
v 0.021973 0.029175 0.051269
v 0.032959 0.063965 0.045898
v 0.028442 0.064453 0.041504
v -0.098633 -0.090820 0.018921
v -0.096680 -0.090820 0.012573
v -0.099121 -0.085938 0.018677
v -0.103027 -0.086426 0.023438
v -0.102051 -0.091797 0.023682
v 0.832031 -0.130859 -0.023315
v 0.757812 -0.127930 -0.021973
v 0.839844 -0.134766 -0.022461
v 0.832031 -0.129883 -0.021362
v 0.835938 -0.131836 -0.021606
v 0.835938 -0.126953 -0.021484
v 0.318359 -0.196289 0.147461
v 0.314453 -0.196289 0.145508
v 0.421875 -0.197266 0.151367
v -0.474609 -0.143555 0.019043
v -0.474609 -0.141602 0.019775
v -0.480469 -0.134766 0.016357
v -0.476562 -0.140625 0.017334
v -0.476562 -0.139648 0.019653
v -0.476562 -0.137695 0.020264
v -0.472656 -0.138672 0.021484
v 0.186523 0.337891 -0.005157
v 0.187500 0.337891 -0.004486
v 0.187500 0.333984 -0.007385
v 0.636719 -0.186523 -0.000359
v 0.632812 -0.172852 -0.001938
v 0.632812 -0.187500 -0.021118
v 0.640625 -0.195312 -0.019775
v 0.644531 -0.197266 -0.001122
v 0.632812 -0.187500 0.017456
v 0.640625 -0.196289 0.017334
v 0.065918 0.008301 -0.076660
v 0.081055 0.008850 -0.071289
v 0.093262 0.009460 -0.073242
v -0.157227 -0.175781 -0.029663
v 0.345703 -0.148438 0.131836
v 0.347656 -0.150391 0.135742
v 0.349609 -0.147461 0.134766
v 0.343750 -0.150391 0.132812
v 0.345703 -0.145508 0.129883
v 0.343750 -0.150391 0.128906
v 0.174805 -0.145508 -0.136719
v 0.176758 0.010803 0.003418
v 0.173828 0.324219 0.001083
v 0.449219 -0.161133 0.025147
v 0.449219 -0.161133 0.026001
v 0.449219 -0.159180 0.024780
v 0.447266 -0.159180 0.022461
v 0.447266 -0.162109 0.023926
v 0.449219 -0.163086 0.026733
v 0.000797 0.043457 -0.041504
v 0.004181 0.043457 -0.048096
v -0.005646 0.042725 -0.041504
v -0.006927 0.041992 -0.036865
v -0.000250 0.043701 -0.037598
v -0.109863 -0.084473 -0.024658
v -0.116699 -0.086914 -0.025635
v -0.117676 -0.083008 -0.023071
v -0.113770 -0.081055 -0.020752
v -0.108887 -0.081055 -0.019897
v 0.734375 -0.119141 0.041748
v 0.695312 -0.129883 0.047607
v 0.742188 -0.129883 0.045654
v 0.746094 -0.124023 0.037109
v 0.695312 -0.122070 0.042969
v 0.730469 -0.111328 0.032715
v 0.240234 -0.147461 -0.153320
v 0.240234 -0.147461 -0.138672
v 0.240234 -0.150391 -0.135742
v 0.240234 -0.161133 -0.154297
v 0.241211 -0.149414 -0.153320
v -0.472656 -0.132812 0.019775
v -0.472656 -0.131836 0.000237
v -0.478516 -0.124512 0.019043
v -0.478516 -0.122559 0.029053
v -0.478516 -0.124023 0.037598
v -0.464844 -0.145508 0.000481
v -0.472656 -0.132812 0.035645
v -0.466797 -0.145508 0.021606
v -0.227539 -0.196289 -0.154297
v -0.227539 -0.195312 -0.157227
v -0.351562 -0.198242 -0.143555
v 0.285156 0.041748 0.001373
v 0.285156 0.042236 -0.009827
v 0.283203 0.043945 -0.007843
v 0.283203 0.044190 0.009949
v 0.285156 0.041748 0.011963
v 0.283203 0.043945 0.001022
v 0.285156 0.037109 0.001068
v 0.984375 -0.335938 -0.013367
v 0.988281 -0.335938 -0.007141
v 0.984375 -0.337891 -0.010376
v 1.000000 -0.265625 -0.019165
v 0.980469 -0.333984 -0.016052
v 0.143555 -0.058105 0.112305
v 0.142578 -0.060547 0.119141
v 0.142578 -0.157227 0.109375
v 0.142578 -0.156250 -0.110840
v 0.142578 -0.058838 -0.110840
v 0.140625 -0.053955 0.117188
v -0.146484 -0.172852 0.046143
v -0.148438 -0.167969 0.044922
v -0.148438 -0.202148 0.048340
v -0.150391 -0.172852 0.047363
v 0.400391 -0.146484 -0.107422
v 0.394531 -0.145508 -0.104492
v 0.398438 -0.149414 -0.104004
v 0.208984 -0.143555 0.151367
v 0.210938 -0.145508 0.155273
v 0.236328 -0.146484 0.154297
v 0.236328 -0.144531 0.150391
v 0.209961 -0.143555 0.137695
v 0.206055 -0.144531 0.155273
v 0.206055 -0.143555 0.151367
v -0.617188 -0.124023 -0.009399
v -0.589844 -0.123535 -0.006989
v -0.589844 -0.125977 -0.009460
v -0.617188 -0.123535 -0.012573
v -0.699219 -0.124023 -0.012024
v -0.695312 -0.125977 -0.010681
v -0.699219 -0.141602 0.007507
v -0.617188 -0.141602 0.010620
v -0.699219 -0.142578 0.010925
v -0.617188 -0.139648 0.006226
v -0.699219 -0.138672 0.009277
v -0.699219 -0.138672 0.007202
v 0.167969 0.230469 -0.084961
v 0.186523 0.236328 -0.085449
v 0.184570 0.229492 -0.085449
v 0.166016 0.232422 -0.084473
v 0.167969 0.228516 -0.070801
v 0.447266 -0.183594 0.049072
v 0.439453 -0.183594 0.047852
v 0.443359 -0.196289 0.048340
v 0.453125 -0.184570 0.040527
v 0.447266 -0.183594 0.041992
v 0.447266 -0.196289 0.049561
v 0.455078 -0.184570 0.046875
v -0.009766 0.009216 -0.051514
v -0.015564 -0.013062 -0.050537
v -0.020630 0.009827 -0.043213
v -0.011902 0.012756 -0.042725
v 0.166016 -0.199219 -0.168945
v 0.072754 -0.197266 -0.174805
v 0.074219 -0.198242 -0.172852
v -0.018433 -0.199219 -0.169922
v 0.832031 -0.143555 0.013001
v 0.761719 -0.143555 0.012207
v 0.835938 -0.141602 0.009338
v 0.835938 -0.140625 0.009338
v 0.765625 -0.144531 0.012634
v 0.835938 -0.141602 0.016357
v 0.835938 -0.140625 0.011047
v 0.835938 -0.140625 0.014221
v 0.335938 -0.073730 -0.023315
v 0.308594 -0.075195 -0.023071
v 0.310547 -0.074219 -0.026001
v 0.335938 -0.072266 -0.027710
v 0.335938 -0.074707 -0.020752
v 0.308594 -0.076660 -0.020264
v 0.390625 -0.073242 -0.024536
v 0.392578 -0.075195 -0.022339
v -0.335938 -0.128906 0.024414
v -0.335938 -0.126953 0.021973
v -0.375000 -0.129883 0.023438
v -0.337891 -0.131836 0.024902
v -0.589844 -0.141602 -0.005554
v 0.240234 0.042236 0.034180
v 0.239258 0.042480 -0.034424
v 0.235352 0.041748 -0.032959
v 0.236328 0.040772 0.037109
v 0.240234 0.041016 0.039307
v 0.300781 0.043213 0.034668
v 0.302734 0.043457 -0.032959
v 0.235352 0.041260 0.033935
v 0.494141 -0.201172 -0.044922
v 0.496094 -0.167969 -0.043945
v 0.496094 -0.164062 -0.043213
v 0.496094 -0.163086 -0.041016
v 0.062988 0.137695 0.022217
v 0.059326 0.136719 0.020752
v 0.060059 0.110840 0.026123
v 0.060303 0.140625 0.021240
v 0.109375 0.137695 0.021728
v 0.063965 0.139648 0.021728
v -0.184570 -0.187500 0.042236
v -0.187500 -0.187500 0.048584
v -0.181641 -0.187500 0.048828
v -0.191406 -0.186523 0.041016
v -0.197266 -0.188477 0.045166
v -0.177734 -0.186523 0.043701
v 0.365234 -0.079590 -0.036377
v 0.367188 -0.104980 -0.035889
v 0.365234 -0.078613 -0.041748
v 0.357422 -0.078613 -0.040283
v 0.386719 -0.202148 0.053467
v 0.388672 -0.114746 0.053711
v -1.000000 -0.200195 0.015259
v -1.000000 -0.200195 0.014160
v -1.000000 -0.202148 -0.001801
v -1.000000 -0.198242 0.020874
v -0.992188 -0.267578 0.013611
v 0.121582 0.019531 -0.074219
v 0.117676 0.015381 -0.074707
v 0.116699 0.019409 -0.074707
v 0.126953 0.018310 -0.070312
v 0.121582 0.015320 -0.073242
v 0.125000 0.020142 -0.068848
v 0.119141 0.019531 -0.067383
v 0.125000 0.019043 -0.042969
v 0.343750 -0.160156 0.094238
v 0.339844 -0.160156 0.099609
v 0.341797 -0.152344 0.098633
v 0.343750 -0.150391 0.096191
v 0.347656 -0.160156 0.091797
v -0.259766 -0.132812 0.000191
v -0.259766 -0.132812 -0.019165
v -0.263672 -0.122559 -0.018921
v -0.263672 -0.124512 0.017578
v -0.263672 -0.125000 0.000015
v -0.031738 -0.113281 -0.106934
v -0.020996 -0.113770 -0.105957
v -0.031738 -0.112793 -0.114258
v -0.037598 -0.113770 -0.110352
v -0.037109 -0.114746 -0.106445
v -0.030762 -0.114746 -0.104492
v 0.310547 -0.074707 -0.016724
v -0.542969 -0.127930 0.047607
v -0.597656 -0.127930 0.046631
v -0.542969 -0.145508 0.052490
v -0.484375 -0.129883 0.046631
v -0.542969 -0.121094 0.041992
v -0.589844 -0.121094 0.041260
v -0.375000 -0.138672 -0.005371
v -0.474609 -0.139648 -0.005432
v -0.375000 -0.141602 -0.007355
v -0.335938 -0.140625 -0.004257
v -0.476562 -0.142578 -0.006714
v -0.373047 -0.141602 -0.009583
v -0.337891 -0.142578 -0.006042
v 0.182617 0.170898 0.063965
v 0.169922 0.170898 -0.068848
v 0.170898 0.171875 0.063965
v 0.180664 0.166992 0.064453
v 0.182617 0.166016 -0.069824
v 0.181641 0.170898 -0.069336
v 0.184570 0.170898 0.073730
v 0.968750 -0.261719 -0.042480
v 0.992188 -0.263672 -0.025635
v 0.882812 -0.263672 -0.067383
v 0.949219 -0.333984 -0.032715
v 0.094727 0.023193 0.066895
v 0.104980 0.022705 0.068359
v 0.103027 0.040283 0.067871
v 0.093750 0.040283 0.067383
v 0.083008 0.023682 0.066406
v -0.118164 -0.333984 0.122070
v -0.229492 -0.335938 0.113770
v -0.120117 -0.335938 -0.000586
v -0.118652 -0.333984 0.127930
v -0.015869 -0.335938 -0.000652
v 0.392578 -0.149414 -0.099609
v 0.355469 -0.149414 -0.098633
v 0.355469 -0.159180 -0.098144
v 0.357422 -0.146484 -0.100098
v 0.396484 -0.148438 -0.101074
v 0.394531 -0.145508 -0.102051
v 0.392578 -0.159180 -0.098633
v 0.386719 -0.146484 -0.101074
v -0.613281 -0.158203 0.041992
v -0.617188 -0.157227 0.023804
v -0.613281 -0.172852 0.040527
v -0.605469 -0.157227 0.050781
v -0.613281 -0.144531 0.041748
v 0.249023 0.040771 -0.008972
v 0.250000 0.036377 0.000870
v 0.250000 0.041260 0.000763
v 0.250000 0.041260 -0.014771
v 0.249023 0.035645 -0.010010
v 0.253906 0.043701 -0.013672
v 0.251953 0.043701 -0.007172
v 0.464844 -0.196289 0.047607
v 0.472656 -0.185547 0.048096
v 0.466797 -0.183594 0.046875
v 0.458984 -0.183594 0.047852
v 0.457031 -0.197266 0.048096
v -0.063965 -0.054932 -0.071289
v -0.066406 -0.054932 -0.065918
v 0.128906 -0.052246 -0.113770
v -0.027222 -0.051758 -0.082031
v -0.055908 -0.053955 -0.075684
v -0.062500 -0.054688 -0.073730
v 0.031494 -0.127930 -0.117188
v 0.030518 -0.121582 -0.118164
v 0.027954 -0.122070 -0.112793
v 0.030640 -0.127930 -0.128906
v 0.029541 -0.128906 -0.113770
v 0.839844 -0.138672 0.016968
v 0.832031 -0.140625 0.018555
v 0.839844 -0.137695 0.017700
v 0.255859 -0.151367 -0.170898
v 0.255859 -0.154297 -0.170898
v 0.251953 -0.153320 -0.171875
v 0.250000 -0.151367 -0.171875
v 0.255859 -0.150391 -0.166992
v 0.255859 -0.153320 -0.166992
v -0.472656 -0.200195 -0.124512
v -0.511719 -0.198242 -0.117188
v -0.351562 -0.198242 -0.137695
v 0.312500 -0.050049 0.007385
v 0.306641 -0.050537 0.009277
v 0.326172 -0.051270 0.012878
v 0.316406 -0.050049 0.005219
v 0.308594 -0.051270 -0.000134
v 0.757812 -0.140625 -0.020630
v 0.761719 -0.142578 -0.016968
v 0.722656 -0.142578 -0.019897
v 0.722656 -0.142578 -0.016296
v 0.722656 -0.143555 -0.011902
v 0.106934 0.061279 0.055908
v 0.068848 0.062988 0.051758
v -0.138672 -0.097168 0.026489
v -0.146484 -0.098633 0.024902
v -0.145508 -0.098145 0.017578
v -0.144531 -0.119629 0.022949
v -0.146484 -0.098145 0.030762
v -0.144531 -0.120117 0.030151
v 0.390625 -0.058106 -0.029419
v 0.390625 -0.060547 -0.031006
v 0.392578 -0.059082 -0.026367
v 0.394531 -0.060547 -0.028442
v 0.335938 -0.058594 -0.029419
v 0.390625 -0.056641 -0.027588
v 0.166992 -0.151367 0.164062
v 0.166992 -0.154297 0.117676
v 0.166016 -0.154297 0.165039
v 0.167969 -0.150391 0.168945
v 0.170898 -0.149414 0.165039
v 0.167969 -0.151367 0.117188
v -0.703125 -0.127930 -0.011902
v -0.699219 -0.134766 -0.013061
v -0.703125 -0.129883 -0.009033
v -0.703125 -0.132812 -0.007874
v -0.703125 -0.126953 -0.008789
v -0.699219 -0.129883 -0.006531
v -0.898438 -0.196289 -0.049560
v -0.964844 -0.198242 -0.029419
v -0.964844 -0.198242 -0.030762
v 0.178711 0.335938 0.004272
v 0.181641 0.335938 0.004456
v 0.180664 0.335938 0.002411
v 0.176758 0.333984 0.001953
v 0.175781 0.332031 0.000595
v 0.176758 0.332031 0.004700
v 0.443359 -0.162109 -0.017700
v 0.443359 -0.160156 -0.017700
v 0.443359 -0.162109 -0.020630
v 0.443359 -0.163086 -0.013855
v 0.443359 -0.161133 -0.014221
v 0.445312 -0.160156 -0.015198
v -0.176758 -0.178711 0.040772
v -0.183594 -0.177734 0.038086
v -0.182617 -0.186523 0.042236
v -0.174805 -0.182617 0.042725
v -0.175781 -0.170898 0.035889
v -0.169922 -0.173828 0.039063
v -0.152344 -0.171875 0.030273
v -0.156250 -0.168945 0.030762
v -0.161133 -0.171875 0.036621
v -0.161133 -0.177734 0.035645
v -0.150391 -0.165039 0.024170
v 0.636719 -0.147461 -0.041504
v 0.648438 -0.145508 -0.052734
v 0.644531 -0.157227 -0.052978
v 0.644531 -0.173828 -0.051514
v 0.632812 -0.158203 -0.041260
v 0.632812 -0.174805 -0.040527
v 0.269531 -0.103516 0.083496
v -0.480469 -0.127930 -0.013306
v -0.474609 -0.125000 -0.015503
v -0.478516 -0.127930 -0.015198
v -0.478516 -0.133789 -0.011352
v -0.478516 -0.126953 -0.011414
v -0.476562 -0.124512 -0.012207
v -0.365234 -0.189453 0.046631
v -0.312500 -0.191406 0.047363
v -0.312500 -0.172852 0.051270
v -0.367188 -0.174805 0.050537
v -0.359375 -0.198242 0.041992
v 0.316406 -0.001274 -0.011292
v 0.316406 0.015747 -0.007690
v 0.316406 -0.001488 -0.007324
v 0.318359 -0.001892 -0.016968
v 0.316406 0.015991 -0.014160
v 0.992188 -0.200195 0.021240
v 0.996094 -0.198242 0.021851
v 0.996094 -0.199219 0.012512
v 0.992188 -0.199219 0.029297
v 0.996094 -0.201172 0.008545
v 0.996094 -0.199219 0.022461
v 0.108887 0.061768 -0.052490
v 0.106934 0.063965 -0.048096
v 0.113770 0.062012 -0.043701
v 0.111328 0.027954 -0.045410
v 0.105469 0.026977 -0.054199
v 0.106934 0.062256 -0.052246
v -0.144531 -0.117676 -0.002754
v -0.145508 -0.098145 -0.006561
v -0.144531 -0.118164 -0.007355
v -0.143555 -0.117188 0.002670
v 0.390625 -0.146484 0.135742
v 0.394531 -0.149414 0.136719
v 0.396484 -0.145508 0.133789
v 0.392578 -0.144531 0.131836
v 0.388672 -0.145508 0.132812
v 0.380859 -0.147461 0.137695
v 0.384766 -0.150391 0.136719
v 0.177734 -0.161133 -0.133789
v 0.179688 -0.150391 -0.133789
v 0.174805 -0.150391 -0.134766
v 0.206055 -0.159180 -0.131836
v 0.174805 -0.161133 -0.134766
v -0.703125 -0.138672 0.018066
v -0.699219 -0.140625 0.019287
v -0.703125 -0.136719 0.020874
v -0.699219 -0.133789 0.014526
v -0.703125 -0.139648 0.015869
v -0.695312 -0.142578 0.016846
v 0.167969 0.014832 0.047119
v 0.168945 -0.019287 0.047363
v 0.168945 -0.018799 -0.042969
v 0.167969 0.014526 -0.043457
v 0.166992 -0.018310 0.050537
v 0.402344 -0.159180 -0.137695
v 0.398438 -0.159180 -0.141602
v 0.402344 -0.150391 -0.137695
v -0.003204 0.043701 0.016602
v -0.009705 0.041992 0.023193
v -0.009094 0.041992 0.014465
v -0.009766 0.025635 0.021240
v -0.008850 0.026001 0.027466
v -0.003372 0.043945 0.024048
v -0.009033 0.042481 0.031738
v 0.012512 -0.114258 0.141602
v -0.010315 -0.113770 0.140625
v -0.010315 -0.117676 0.142578
v 0.014954 -0.117188 0.142578
v 0.017334 -0.113770 0.139648
v 0.757812 -0.127930 -0.008972
v 0.718750 -0.125977 -0.009216
v 0.722656 -0.128906 -0.005432
v 0.835938 -0.126953 -0.008636
v 0.757812 -0.125977 -0.010803
v 0.757812 -0.130859 -0.007660
v 0.832031 -0.128906 -0.007996
v 0.330078 -0.116211 0.069336
v 0.332031 -0.058350 0.066895
v 0.328125 -0.059082 0.066406
v 0.335938 -0.116211 0.068359
v -0.380859 -0.144531 -0.022217
v -0.380859 -0.143555 -0.000427
v -0.373047 -0.129883 -0.021362
v -0.365234 -0.120605 -0.020142
v -0.365234 -0.121094 -0.036133
v -0.375000 -0.131836 -0.000038
v -0.597656 -0.143555 0.013855
v -0.597656 -0.141602 0.009888
v -0.593750 -0.141602 0.009460
v -0.593750 -0.142578 0.012817
v -0.593750 -0.141602 0.017334
v -0.597656 -0.142578 0.019287
v 0.168945 0.169922 -0.081055
v 0.167969 0.167969 -0.067871
v 0.168945 0.171875 -0.080078
v 0.472656 -0.196289 0.049316
v 0.478516 -0.196289 0.048340
v 0.478516 -0.185547 0.046631
v -0.025146 -0.014160 -0.027710
v -0.022705 -0.014587 -0.044922
v -0.021484 0.010437 -0.027222
v -0.024780 -0.013855 -0.009827
v -0.228516 -0.197266 -0.161133
v -0.120605 -0.198242 -0.172852
v -0.227539 -0.197266 -0.160156
v -0.227539 -0.195312 -0.160156
v 0.316406 0.015442 0.003693
v 0.318359 -0.001740 -0.002678
v 0.318359 0.015503 -0.002563
v 0.312500 0.014526 -0.000951
v 0.312500 0.014832 0.005615
v 0.320312 -0.001190 0.002808
v 0.072266 -0.072754 -0.113770
v -0.996094 -0.199219 0.016357
v -1.000000 -0.198242 0.019898
v -1.000000 -0.198242 0.009766
v -0.996094 -0.199219 0.013672
v -0.996094 -0.197266 0.019287
v 0.110840 0.141602 -0.018799
v 0.108398 0.140625 -0.013367
v 0.112305 0.140625 -0.013977
v 0.112305 0.136719 -0.019043
v 0.108398 0.138672 -0.019287
v 0.111816 0.136719 -0.013794
v 0.108398 0.140625 -0.018921
v 0.320312 -0.153320 0.140625
v 0.314453 -0.153320 0.144531
v 0.318359 -0.153320 0.145508
v 0.421875 -0.152344 0.142578
v 0.421875 -0.154297 0.151367
v 0.320312 -0.157227 0.147461
v -0.187500 -0.162109 -0.004227
v -0.184570 -0.157227 -0.000381
v -0.182617 -0.155273 -0.005402
v -0.187500 -0.163086 -0.009583
v -0.193359 -0.169922 -0.000149
v -0.186523 -0.160156 -0.000233
v -0.194336 -0.170898 -0.004364
v -0.018189 -0.195312 -0.174805
v -0.018555 -0.195312 -0.177734
v -0.120605 -0.195312 -0.168945
v 0.636719 -0.134766 -0.000696
v 0.636719 -0.134766 0.017822
v 0.640625 -0.123535 0.017212
v 0.644531 -0.124512 -0.000607
v 0.640625 -0.124023 -0.020508
v 0.636719 -0.134766 -0.021606
v 0.632812 -0.145508 -0.000271
v -0.593750 -0.124512 0.021362
v -0.589844 -0.115234 0.001495
v -0.597656 -0.125000 0.001022
v -0.601562 -0.127930 0.023682
v -0.597656 -0.121094 0.035156
v -0.589844 -0.116211 0.021851
v -0.466797 -0.173828 -0.020874
v -0.466797 -0.171875 -0.000874
v -0.472656 -0.186523 -0.019775
v -0.468750 -0.173828 -0.040527
v -0.462891 -0.157227 -0.022339
v -0.466797 -0.157227 -0.000236
v -0.474609 -0.186523 -0.037353
v 0.310547 0.015381 0.034424
v 0.308594 -0.001968 0.033203
v 0.316406 -0.001610 0.033203
v 0.316406 0.014893 0.034424
v 0.310547 0.014954 0.029907
v 0.750000 -0.173828 -0.050781
v 0.761719 -0.173828 -0.040771
v 0.757812 -0.188477 -0.039795
v 0.115723 0.116699 0.017578
v 0.119629 0.130859 0.012756
v -0.038574 -0.113770 0.138672
v 0.065430 -0.113770 0.138672
v -0.039062 -0.113281 0.128906
v -0.045654 -0.119629 0.138672
v -0.048096 -0.113770 0.136719
v 0.390625 -0.068359 -0.014465
v 0.394531 -0.067871 -0.018188
v 0.390625 -0.065430 -0.014282
v 0.335938 -0.070801 -0.014404
v 0.390625 -0.070801 -0.015808
v 0.335938 -0.068848 -0.013000
v 0.172852 -0.150391 0.117188
v 0.251953 -0.150391 0.108398
v 0.251953 -0.150391 0.105957
v 0.173828 -0.151367 0.112793
v 0.169922 -0.151367 0.114258
v 0.253906 -0.150391 0.167969
v -0.703125 -0.136719 -0.019775
v 0.181641 -0.019531 -0.018310
v 0.199219 -0.019531 -0.018188
v 0.198242 0.005554 -0.016602
v 0.199219 0.004791 0.016968
v 0.199219 -0.021484 -0.017822
v 0.198242 -0.021728 0.016480
v 0.453125 -0.160156 0.012634
v 0.449219 -0.162109 0.010254
v 0.455078 -0.160156 0.014893
v 0.455078 -0.162109 0.015015
v 0.453125 -0.163086 0.013001
v 0.021851 0.025269 -0.056885
v 0.020264 0.040527 -0.057617
v 0.034180 0.024658 -0.058594
v -0.100586 -0.082520 -0.015930
v -0.096191 -0.086426 -0.012390
v -0.097168 -0.090820 -0.012390
v -0.098633 -0.091309 -0.018677
v 0.314453 -0.152344 -0.096680
v 0.324219 -0.151367 -0.089844
v 0.318359 -0.151367 -0.144531
v 0.312500 -0.153320 -0.142578
v 0.312500 -0.156250 -0.144531
v 0.318359 -0.152344 -0.084961
v -0.542969 -0.156250 -0.051269
v -0.482422 -0.156250 -0.050781
v -0.539062 -0.171875 -0.049805
v -0.601562 -0.155273 -0.051514
v -0.605469 -0.142578 -0.048584
v 0.261719 0.045166 0.008911
v 0.265625 0.045166 0.010620
v 0.257812 0.044678 0.013733
v 0.259766 0.045410 0.006683
v 0.648438 -0.203125 -0.018188
v 0.648438 -0.202148 -0.027466
v 0.683594 -0.203125 -0.004974
v 0.648438 -0.203125 -0.000912
v 0.683594 -0.204102 -0.022217
v 0.064941 -0.017578 0.082520
v 0.075195 -0.017456 0.083496
v 0.072266 0.008362 0.081543
v -0.215820 -0.197266 0.001312
v -0.210938 -0.192383 -0.000336
v -0.214844 -0.197266 -0.005218
v -0.214844 -0.198242 -0.008759
v -0.216797 -0.198242 0.001694
v -0.211914 -0.191406 0.003754
v -0.212891 -0.196289 0.009460
v 0.351562 -0.147461 -0.140625
v 0.351562 -0.144531 -0.137695
v 0.347656 -0.150391 -0.139648
v 0.347656 -0.145508 -0.137695
v 0.355469 -0.150391 -0.142578
v 0.357422 -0.148438 -0.142578
v 0.185547 -0.116211 0.075195
v 0.187500 -0.053467 0.073242
v 0.187500 -0.058594 0.073731
v 0.187500 -0.058594 0.069336
v 0.160156 0.041748 0.013550
v 0.159180 0.042236 0.020752
v 0.160156 0.024658 0.024048
v 0.160156 0.024902 0.020264
v 0.445312 -0.159180 -0.020264
v 0.447266 -0.159180 -0.023315
v 0.445312 -0.160156 -0.023315
v 0.449219 -0.158203 -0.022339
v 0.033691 0.061035 0.043701
v 0.125977 0.102051 0.033447
v 0.046875 0.103027 0.034180
v 0.041504 0.102539 0.032959
v 0.029175 0.061768 0.044434
v 0.049805 0.106934 0.033691
v 0.043945 0.107910 0.031982
v -0.012939 -0.113770 0.107422
v -0.011963 -0.112793 0.108887
v 0.012878 -0.113281 0.108398
v -0.015747 -0.113281 0.112305
v 0.013672 -0.112793 0.114258
v 0.257812 -0.154297 0.166992
v 0.255859 -0.151367 0.166992
v 0.253906 -0.150391 0.169922
v 0.257812 -0.195312 0.169922
v 0.259766 -0.195312 0.166016
v 0.257812 -0.153320 0.108887
v 0.253906 -0.154297 0.169922
v -0.470703 -0.132812 -0.020142
v -0.478516 -0.124512 -0.019775
v -0.474609 -0.123535 0.002029
v -0.269531 -0.189453 0.045166
v -0.312500 -0.200195 0.043213
v -0.271484 -0.199219 0.039795
v 0.193359 0.322266 -0.002266
v 0.194336 0.011169 -0.003342
v 0.193359 0.322266 -0.004501
v 1.000000 -0.200195 0.026611
v 1.000000 -0.201172 0.032471
v 0.996094 -0.265625 0.022949
v 1.000000 -0.199219 -0.002396
v 1.000000 -0.200195 0.027466
v 1.000000 -0.199219 0.033203
v 0.120117 -0.019409 -0.076172
v -0.009216 -0.017944 -0.058838
v -0.148438 -0.187500 -0.044434
v -0.146484 -0.198242 -0.040527
v 0.402344 -0.150391 0.100586
v 0.400391 -0.160156 0.096680
v 0.402344 -0.147461 0.105469
v 0.404297 -0.151367 0.104492
v 0.404297 -0.161133 0.100586
v 0.402344 -0.161133 0.104492
v 0.205078 -0.149414 -0.161133
v 0.206055 -0.160156 -0.161133
v 0.180664 -0.151367 -0.162109
v 0.205078 -0.147461 -0.160156
v 0.237305 -0.148438 -0.160156
v 0.237305 -0.151367 -0.161133
v -0.617188 -0.125977 -0.007965
v -0.617188 -0.126953 -0.006439
v -0.589844 -0.126953 -0.005585
v -0.781250 -0.207031 -0.020630
v -0.781250 -0.183594 -0.018310
v -0.777344 -0.181641 -0.012817
v -0.781250 -0.182617 -0.020752
v -0.785156 -0.205078 -0.020752
v -0.781250 -0.206055 -0.012329
v 0.153320 0.043701 0.038330
v 0.150391 0.041504 0.047852
v 0.158203 0.041504 0.043457
v 0.159180 0.041504 0.036377
v 0.152344 0.042725 0.034424
v 0.503906 -0.263672 -0.134766
v 0.503906 -0.199219 -0.155273
v 0.388672 -0.198242 -0.166992
v 0.507812 -0.335938 -0.110840
v 0.386719 -0.261719 -0.144531
v -0.111816 -0.080566 0.010254
v -0.109863 -0.082031 0.020142
v -0.107422 -0.080078 0.016602
v -0.109863 -0.079102 0.011414
v -0.114258 -0.079590 0.011841
v 0.029419 -0.127930 0.115234
v 0.026367 -0.128906 0.112305
v 0.029785 -0.122559 0.116699
v 0.031006 -0.127930 0.120605
v 0.722656 -0.140625 -0.023193
v 0.757812 -0.137695 -0.021606
v 0.835938 -0.141602 -0.021606
v 0.337891 -0.053955 0.013977
v 0.339844 -0.058350 0.023193
v 0.343750 -0.063477 0.013184
v 0.341797 -0.058350 0.014465
v 0.339844 -0.056641 -0.000601
v 0.343750 -0.063477 -0.000401
v -0.355469 -0.119629 -0.043701
v -0.316406 -0.121582 -0.043945
v -0.316406 -0.130859 -0.048584
v -0.357422 -0.111328 -0.030151
v -0.351562 -0.109375 -0.034180
v -0.361328 -0.130859 -0.047119
v 0.246094 -0.060303 -0.057617
v 0.244141 -0.047852 -0.057861
v 0.253906 -0.045898 -0.053711
v 0.253906 -0.060303 -0.061768
v 0.492188 -0.180664 0.033447
v 0.490234 -0.192383 0.033936
v 0.494141 -0.180664 0.031494
v 0.030029 0.060791 -0.040039
v -0.184570 -0.185547 -0.039062
v -0.194336 -0.187500 -0.042236
v -0.192383 -0.186523 -0.038818
v -0.177734 -0.186523 -0.040771
v -0.187500 -0.186523 -0.044189
v 0.345703 -0.062500 0.022339
v 0.347656 -0.069336 0.014343
v 0.337891 -0.060547 0.030029
v 0.343750 -0.062012 0.030518
v 0.130859 -0.111328 -0.095215
v 0.123047 -0.111328 -0.097168
v 0.126953 -0.021484 -0.090820
v 0.137695 -0.112305 -0.092773
v -0.972656 -0.337891 -0.001201
v -0.980469 -0.335938 -0.001858
v -0.898438 -0.335938 0.001007
v -0.972656 -0.337891 0.008606
v -0.980469 -0.337891 0.007629
v 0.136719 -0.053711 0.118652
v 0.123535 -0.053223 0.121582
v 0.136719 -0.060303 0.120605
v 0.138672 -0.060547 0.120605
v 0.421875 -0.163086 -0.045166
v 0.421875 -0.163086 -0.041504
v 0.494141 -0.166992 -0.045410
v 0.423828 -0.166992 -0.046875
v 0.423828 -0.166016 -0.043701
v -0.177734 -0.157227 0.021851
v -0.179688 -0.166016 0.030151
v -0.172852 -0.155273 0.023438
v -0.185547 -0.165039 0.023804
v -0.031128 -0.113770 0.115234
v -0.011902 -0.112305 0.137695
v 0.691406 -0.109863 -0.018433
v 0.695312 -0.110352 -0.001276
v 0.730469 -0.110352 -0.013916
v 0.660156 -0.110352 -0.027710
v 0.660156 -0.109375 -0.018555
v 0.695312 -0.109375 -0.029053
v 0.310547 -0.076172 0.025635
v 0.335938 -0.075195 0.025269
v 0.337891 -0.073242 0.028442
v 0.310547 -0.076172 0.022827
v -0.478516 -0.132812 -0.019897
v -0.474609 -0.134766 -0.022949
v -0.478516 -0.134766 -0.019897
v -0.478516 -0.129883 -0.019409
v -0.476562 -0.131836 -0.021606
v -0.335938 -0.142578 0.008850
v -0.373047 -0.140625 0.008728
v -0.337891 -0.143555 0.011841
v 0.300781 0.042480 -0.040039
v 0.239258 0.041748 -0.039063
v 0.304688 0.042236 -0.039307
v 0.765625 -0.333984 0.062012
v 0.949219 -0.333984 0.027710
v 0.123535 -0.017578 -0.073242
v -0.044922 -0.128906 -0.111816
v -0.043457 -0.121582 -0.107422
v -0.044678 -0.120117 -0.111328
v -0.043945 -0.127930 -0.106934
v -0.045166 -0.120605 -0.128906
v -0.045410 -0.128906 -0.126953
v 0.388672 -0.202148 0.055176
v 0.392578 -0.204102 0.049316
v 0.394531 -0.114746 0.052490
v 0.392578 -0.110840 0.052490
v -0.601562 -0.198242 -0.110840
v -0.480469 -0.198242 -0.128906
v -0.605469 -0.198242 -0.106445
v -0.478516 -0.198242 -0.127930
v -0.730469 -0.199219 -0.090332
v 0.196289 0.167969 0.016479
v 0.196289 0.167969 -0.017334
v 0.174805 0.166016 -0.016602
v 0.197266 0.166016 0.015747
v 0.175781 0.166016 0.015503
v 0.458984 -0.182617 -0.041992
v 0.458984 -0.182617 -0.047363
v 0.457031 -0.183594 -0.048096
v 0.464844 -0.182617 -0.042480
v 0.455078 -0.182617 -0.042480
v -0.021240 -0.013672 0.059570
v 0.125000 -0.016602 0.094727
v 0.129883 -0.016235 0.084473
v -0.024902 -0.013977 0.066406
v -0.021851 -0.013672 -0.058594
v -0.031982 -0.013916 0.059082
v -0.032959 -0.014770 0.064453
v 0.127930 -0.015869 -0.078613
v 0.075195 -0.335938 0.125000
v -0.013306 -0.333984 0.129883
v -0.014282 -0.335938 0.123535
v 0.075195 -0.333984 0.130859
v 0.167969 -0.333984 0.122559
v 0.992188 -0.198242 -0.035400
v 1.000000 -0.199219 -0.032471
v 1.000000 -0.199219 -0.038574
v 0.996094 -0.199219 -0.029419
v 0.988281 -0.198242 -0.034912
v 0.316406 -0.153320 0.092773
v 0.314453 -0.153320 0.139648
v 0.326172 -0.152344 0.088379
v -0.601562 -0.201172 0.112793
v -0.476562 -0.198242 0.129883
v -0.478516 -0.200195 0.128906
v 0.312500 0.014771 -0.005981
v 0.310547 0.015076 -0.010864
v 0.761719 -0.158203 0.020386
v 0.761719 -0.156250 -0.001389
v 0.757812 -0.146484 0.020020
v 0.757812 -0.146484 0.038818
v 0.761719 -0.159180 0.040772
v 0.757812 -0.174805 0.039795
v 0.761719 -0.174805 0.021973
v 0.099121 0.096680 -0.034668
v 0.107422 0.097656 -0.034180
v 0.108887 0.095703 -0.038330
v 0.095703 0.095703 -0.039551
v 0.084473 0.097656 -0.033936
v -0.145508 -0.098145 -0.033691
v -0.140625 -0.117676 -0.035156
v -0.144531 -0.119629 -0.033203
v -0.145508 -0.097656 -0.029419
v -0.139648 -0.097656 -0.030884
v -0.138672 -0.096680 -0.036377
v 0.388672 -0.143555 0.122070
v 0.392578 -0.143555 0.100098
v 0.176758 -0.161133 -0.161133
v 0.174805 -0.150391 -0.161133
v 0.179688 -0.161133 -0.161133
v 0.172852 -0.150391 -0.157227
v 0.173828 -0.160156 -0.158203
v -0.699219 -0.135742 0.006805
v -0.703125 -0.134766 0.008606
v -0.699219 -0.134766 0.005127
v -0.703125 -0.136719 0.008911
v -0.816406 -0.200195 0.064941
v 0.156250 0.170898 -0.023438
v 0.156250 0.169922 -0.028198
v 0.200195 0.169922 -0.021729
v 0.157227 0.173828 -0.022583
v 0.447266 -0.163086 0.011841
v -0.064941 -0.059815 -0.065918
v -0.063965 -0.059815 -0.073242
v -0.074219 -0.146484 -0.068359
v -0.002365 -0.135742 -0.125977
v -0.089355 -0.068848 -0.066406
v 0.761719 -0.130859 0.021118
v 0.761719 -0.128906 0.020752
v 0.722656 -0.130859 0.022095
v 0.718750 -0.133789 0.021973
v 0.718750 -0.128906 0.020508
v 0.285156 -0.059570 -0.063232
v 0.289062 -0.045898 -0.061768
v 0.292969 -0.059082 -0.058350
v 0.279297 -0.046631 -0.064453
v 0.277344 -0.059570 -0.064453
v -0.498047 -0.108398 0.011841
v -0.542969 -0.109863 0.011108
v -0.496094 -0.110352 0.023193
v -0.488281 -0.114258 0.020142
v -0.486328 -0.113770 0.000389
v -0.542969 -0.110840 -0.000765
v -0.494141 -0.109375 0.000519
v -0.310547 -0.203125 -0.034668
v -0.328125 -0.205078 -0.016968
v -0.361328 -0.203125 -0.030273
v 0.996094 -0.200195 -0.003479
v 0.996094 -0.201172 0.000374
v 1.000000 -0.198242 0.000130
v 1.000000 -0.197266 -0.016235
v 0.996094 -0.199219 -0.014038
v 1.000000 -0.198242 0.013184
v 0.112793 0.041016 0.069336
v 0.116211 0.023560 0.069336
v 0.104980 0.040039 0.062988
v 0.114258 0.040772 0.062988
v -0.125977 -0.083496 0.016602
v -0.128906 -0.086426 0.012573
v -0.127930 -0.085938 0.018799
v -0.123047 -0.086426 0.023315
v -0.122070 -0.082520 0.020386
v -0.126953 -0.082031 0.010498
v -0.122559 -0.080566 0.010986
v 0.392578 -0.144531 -0.132812
v 0.388672 -0.144531 -0.128906
v 0.392578 -0.144531 -0.136719
v 0.386719 -0.144531 -0.134766
v 0.206055 -0.147461 0.129883
v 0.235352 -0.144531 0.132812
v 0.235352 -0.146484 0.129883
v 0.204102 -0.144531 0.131836
v 0.209961 -0.144531 0.130859
v 0.178711 -0.145508 0.132812
v -0.617188 -0.124512 -0.015503
v -0.617188 -0.125000 -0.018310
v -0.699219 -0.125977 -0.018310
v -0.589844 -0.124023 -0.014831
v -0.593750 -0.124512 -0.016357
v -0.699219 -0.124512 -0.014526
v -0.589844 -0.124023 -0.011475
v -0.902344 -0.335938 0.026856
v -0.816406 -0.335938 0.038330
v -0.902344 -0.263672 0.041992
v 0.174805 0.011291 -0.026856
v 0.165039 0.013916 -0.036621
v 0.165039 0.014099 -0.020020
v 0.176758 -0.015747 -0.010803
v 0.175781 0.011047 -0.010376
v 0.423828 -0.153320 0.098633
v 0.053467 0.129883 0.000412
v 0.052734 0.111816 0.006500
v 0.020630 -0.120605 -0.140625
v 0.020874 -0.127930 -0.139648
v 0.014771 -0.127930 -0.141602
v 0.020508 -0.116699 -0.139648
v 0.024658 -0.116699 -0.137695
v 0.025391 -0.121582 -0.139648
v 0.757812 -0.129883 0.005798
v 0.718750 -0.127930 0.004944
v 0.757812 -0.127930 0.004974
v 0.835938 -0.128906 0.006012
v 0.835938 -0.131836 0.005676
v 0.312500 -0.196289 -0.087891
v 0.318359 -0.156250 -0.085449
v 0.312500 -0.155273 -0.093262
v 0.310547 -0.197266 -0.144531
v 0.184570 0.335938 0.008057
v 0.186523 0.332031 0.008911
v 0.185547 0.335938 0.007263
v 0.183594 0.337891 0.004852
v 0.182617 0.337891 0.004028
v 0.182617 0.333984 0.007446
v 0.632812 -0.199219 -0.128906
v 0.632812 -0.202148 -0.127930
v 0.632812 -0.199219 -0.129883
v 0.503906 -0.198242 -0.151367
v 0.757812 -0.204102 -0.102539
v -0.009888 0.026001 0.014343
v -0.009521 0.041992 0.008057
v -0.009766 0.025269 0.008240
v -0.192383 -0.198242 0.048828
v -0.186523 -0.199219 0.050293
v -0.196289 -0.198242 0.047119
v 0.367188 -0.104492 -0.045654
v 0.124512 -0.112305 0.098145
v 0.122559 -0.020996 0.096680
v 0.118652 -0.113281 0.098145
v 0.126953 -0.021973 0.095215
v 0.131836 -0.111816 0.098145
v 0.131836 0.024780 -0.060303
v 0.125977 0.024658 -0.064941
v 0.127930 0.041260 -0.064453
v 0.130859 0.041260 -0.059082
v 0.335938 -0.060303 0.031738
v 0.392578 -0.061523 0.031982
v 0.392578 -0.060303 0.030273
v 0.337891 -0.058350 0.029663
v 0.310547 -0.060547 0.032471
v 0.337891 -0.062988 0.032959
v 0.312500 -0.062500 0.033447
v 0.390625 -0.058105 0.029297
v -0.265625 -0.121582 -0.031250
v -0.261719 -0.132812 -0.034668
v -0.269531 -0.130859 -0.046631
v -0.275391 -0.120605 -0.043213
v -0.279297 -0.110352 -0.033691
v -0.275391 -0.112793 -0.028198
v -0.033447 -0.117676 -0.104492
v -0.010864 -0.121094 -0.104492
v -0.040771 -0.118164 -0.106934
v -0.032959 -0.121094 -0.103027
v 0.644531 -0.122559 0.031250
v 0.632812 -0.147461 0.018799
v 0.640625 -0.132812 0.033936
v 0.255859 -0.195312 -0.171875
v 0.257812 -0.195312 -0.170898
v 0.251953 -0.194336 -0.172852
v -0.617188 -0.132812 0.005249
v -0.589844 -0.131836 0.004517
v -0.617188 -0.136719 0.004822
v -0.589844 -0.134766 0.005127
v -0.589844 -0.137695 0.004578
v -0.365234 -0.143555 -0.050293
v -0.376953 -0.145508 -0.044189
v -0.369141 -0.156250 -0.052002
v 0.190430 0.335938 0.004700
v 0.186523 0.337891 0.004089
v 0.184570 0.337891 0.005280
v 0.188477 0.335938 0.006836
v 0.188477 0.337891 0.001602
v 0.746094 -0.202148 -0.018555
v 0.742188 -0.203125 -0.000431
v 0.714844 -0.205078 -0.021484
v 0.753906 -0.196289 -0.019531
v 0.753906 -0.197266 -0.001413
v 0.746094 -0.202148 -0.032227
v 0.083984 0.007874 0.082031
v 0.096191 0.008911 0.076172
v 0.083984 0.008667 0.075684
v 0.087891 -0.017212 0.084473
v 0.097656 0.008179 0.083496
v -0.160156 -0.187500 0.045410
v -0.166016 -0.186523 0.044678
v -0.165039 -0.186523 0.050293
v -0.159180 -0.186523 0.050537
v -0.156250 -0.187500 0.049805
v -0.152344 -0.186523 0.045166
v 0.386719 -0.144531 -0.103027
v 0.359375 -0.144531 -0.102539
v 0.380859 -0.144531 -0.108887
v 0.392578 -0.143555 -0.106445
v 0.174805 -0.148438 0.155273
v 0.175781 -0.150391 0.157227
v 0.179688 -0.150391 0.159180
v 0.175781 -0.145508 0.152344
v 0.172852 -0.149414 0.152344
v 0.173828 -0.150391 0.155273
v 0.177734 -0.146484 0.157227
v -0.781250 -0.181641 0.011047
v -0.785156 -0.177734 0.011231
v -0.785156 -0.177734 0.015991
v -0.781250 -0.184570 0.015259
v -0.781250 -0.206055 0.011597
v -0.781250 -0.176758 0.011108
v 0.153320 0.053223 -0.038818
v 0.140625 0.053955 -0.040039
v 0.153320 0.053223 -0.032715
v 0.125000 0.051514 -0.055664
v 0.129883 0.055420 -0.051758
v 0.388672 -0.199219 -0.000815
v 0.386719 -0.199219 0.154297
v 0.386719 -0.196289 0.158203
v 0.500000 -0.201172 0.142578
v 0.531250 -0.202148 0.138672
v 0.500000 -0.197266 0.147461
v -0.108887 -0.079590 -0.007233
v -0.102539 -0.080078 -0.010193
v -0.105469 -0.080078 -0.014343
v -0.107422 -0.079590 -0.004242
v -0.111328 -0.079590 -0.008972
v 0.029419 -0.116699 -0.129883
v 0.029785 -0.116699 -0.117188
v 0.028442 -0.118164 -0.114258
v 0.030518 -0.121582 -0.129883
v 0.835938 -0.133789 0.019775
v 0.839844 -0.136719 0.019043
v 0.832031 -0.131836 0.021606
v 0.832031 -0.133789 0.020508
v 0.835938 -0.132812 0.019775
v 0.335938 -0.052979 -0.000168
v 0.339844 -0.057617 -0.016540
v 0.335938 -0.052490 -0.014831
v -0.312500 -0.110840 0.035889
v -0.314453 -0.109375 0.025757
v -0.353516 -0.110840 0.034180
v -0.314453 -0.120117 0.044678
v 0.263672 -0.047363 0.064453
v 0.273438 -0.046631 0.064941
v 0.269531 -0.046387 0.056397
v 0.261719 -0.046387 0.055176
v 0.253906 -0.047363 0.062500
v 0.263672 -0.060059 0.066406
v 0.271484 -0.059326 0.067383
v 0.636719 -0.186523 -0.038818
v 0.640625 -0.196289 -0.036621
v 0.628906 -0.174805 -0.022949
v 0.106934 0.059815 0.059570
v -0.177734 -0.192383 0.040772
v -0.187500 -0.199219 0.036865
v -0.169922 -0.185547 0.039063
v 0.347656 -0.066895 -0.023560
v 0.202148 -0.116699 0.063965
v 0.208984 -0.118652 0.059570
v 0.194336 -0.022583 0.064941
v 0.137695 -0.112793 0.095215
v 0.202148 -0.023071 0.061523
v -0.785156 -0.178711 -0.017700
v -0.878906 -0.186523 -0.019043
v -0.878906 -0.181641 -0.019531
v -0.785156 -0.176758 -0.014038
v -0.785156 -0.179688 -0.017456
v 0.158203 0.257812 0.026733
v 0.159180 0.255859 0.031982
v 0.201172 0.257812 0.026855
v 0.158203 0.253906 0.032227
v 0.202148 0.255859 0.026001
v 0.157227 0.255859 0.025024
v -0.021118 0.010742 0.028198
v -0.013550 0.014099 0.014893
v -0.021606 0.010437 0.012573
v -0.013367 0.013916 0.026611
v -0.012817 0.014160 0.039062
v -0.024536 -0.013916 0.024048
v -0.024048 -0.014282 0.037109
v -0.021362 0.009460 0.042969
v 0.073242 -0.195312 0.176758
v -0.019165 -0.195312 0.175781
v 0.072754 -0.195312 0.177734
v -0.018555 -0.194336 0.172852
v 0.166016 -0.196289 0.173828
v 0.722656 -0.137695 -0.006012
v 0.722656 -0.141602 -0.007935
v 0.761719 -0.140625 -0.008789
v 0.761719 -0.138672 -0.008697
v 0.722656 -0.136719 -0.006409
v 0.312500 -0.072754 0.030151
v 0.310547 -0.069824 0.031982
v 0.310547 -0.074219 0.028931
v -0.476562 -0.125977 -0.018921
v -0.375000 -0.126953 -0.019531
v -0.476562 -0.128906 -0.020630
v -0.478516 -0.127930 -0.017578
v -0.261719 -0.198242 0.015625
v -0.261719 -0.197266 0.029907
v -0.267578 -0.204102 0.027832
v -0.267578 -0.203125 0.016357
v -0.255859 -0.188477 -0.000775
v -0.255859 -0.188477 0.017456
v -0.261719 -0.198242 -0.000923
v 0.310547 0.035889 -0.036377
v 0.335938 -0.103516 -0.056885
v 0.304688 0.042480 -0.034424
v 0.304688 0.042725 0.034912
v 0.306641 0.034912 0.036377
v 0.306641 0.035400 -0.038818
v 0.980469 -0.199219 0.034668
v 0.968750 -0.199219 0.049072
v 0.972656 -0.201172 0.047363
v 0.976562 -0.202148 0.053467
v 0.996094 -0.197266 0.033691
v 0.992188 -0.198242 0.031250
v 0.929688 -0.200195 0.058106
v 0.120117 0.131836 -0.010681
v 0.121094 0.115723 0.003662
v 0.119629 0.116699 -0.011902
v 0.113770 0.132812 -0.016113
v 0.112793 0.132812 -0.009583
v -0.041016 -0.113770 -0.137695
v -0.049072 -0.112793 -0.136719
v 0.062012 -0.112793 -0.133789
v -0.048340 -0.119141 -0.137695
v -0.017334 -0.116699 -0.136719
v 0.394531 -0.066406 0.018555
v 0.392578 -0.068359 0.019287
v 0.234375 -0.151367 -0.130859
v 0.206055 -0.147461 -0.131836
v 0.236328 -0.148438 -0.132812
v 0.234375 -0.161133 -0.130859
v 0.239258 -0.151367 -0.132812
v -0.589844 -0.131836 0.024292
v -0.617188 -0.128906 0.022339
v -0.617188 -0.131836 0.023315
v -0.613281 -0.133789 0.022949
v -0.589844 -0.133789 0.024048
v -0.699219 -0.131836 0.022949
v -0.699219 -0.134766 0.023193
v 0.064941 0.000395 0.018555
v 0.067383 0.019287 0.020386
v 0.445312 -0.159180 -0.017700
v 0.445312 -0.159180 -0.020019
v 0.015259 0.041260 0.054932
v 0.016479 0.040772 0.061035
v 0.024780 0.041260 0.056885
v 0.008301 0.041260 0.053711
v 0.007751 0.040039 0.059570
v -0.099121 -0.082031 0.011169
v -0.098633 -0.081543 0.000328
v -0.103027 -0.079590 0.007263
v -0.096680 -0.085938 0.012817
v -0.096680 -0.085449 0.000343
v -0.103516 -0.079590 0.011047
v -0.100098 -0.083008 0.017334
v 0.304688 -0.125000 0.081543
v -0.539062 -0.171875 0.049561
v -0.539062 -0.188477 0.044922
v -0.480469 -0.157227 0.050781
v -0.601562 -0.174805 0.048828
v -0.542969 -0.156250 0.051758
v -0.597656 -0.188477 0.045654
v 0.255859 0.045410 -0.010437
v 0.259766 0.045898 -0.005432
v 0.261719 0.045166 -0.007324
v 0.261719 0.044922 -0.014099
v 0.255859 0.045410 -0.005493
v 0.644531 -0.202148 0.016602
v 0.648438 -0.203125 0.025879
v 0.675781 -0.203125 0.015503
v 0.032471 -0.070801 -0.097656
v 0.018799 -0.073731 -0.106934
v 0.009094 -0.072266 -0.093750
v 0.052734 -0.071777 -0.106445
v -0.218750 -0.204102 0.000633
v -0.216797 -0.203125 -0.007111
v -0.215820 -0.209961 0.000427
v -0.216797 -0.203125 0.010437
v 0.343750 -0.159180 0.133789
v 0.349609 -0.159180 0.136719
v 0.355469 -0.150391 0.135742
v 0.135742 -0.082031 -0.118652
v 0.137695 -0.118652 -0.119629
v 0.129883 -0.082520 -0.132812
v 0.124023 -0.077148 -0.121094
v -0.906250 -0.201172 -0.051514
v -0.972656 -0.200195 -0.029907
v -0.976562 -0.199219 -0.031860
v -0.906250 -0.263672 -0.041504
v -0.972656 -0.265625 -0.023926
v 0.417969 -0.200195 -0.041260
v 0.416016 -0.166992 0.039307
v 0.419922 -0.167969 -0.041992
v 0.416016 -0.200195 0.039795
v 0.417969 -0.200195 -0.045166
v -0.169922 -0.186523 0.050781
v -0.176758 -0.187500 0.050293
v -0.175781 -0.199219 0.051758
v -0.169922 -0.199219 0.052002
v -0.161133 -0.153320 0.022461
v -0.162109 -0.157227 0.026611
v -0.158203 -0.162109 0.029907
v -0.156250 -0.158203 0.023682
v -0.157227 -0.152344 0.017700
v -0.167969 -0.155273 0.024902
v 0.628906 -0.158203 -0.023560
v 0.640625 -0.133789 -0.037353
v 0.636719 -0.146484 -0.023071
v 0.269531 -0.105957 0.091797
v -0.376953 -0.187500 0.038330
v -0.386719 -0.174805 0.020264
v -0.378906 -0.188477 0.018799
v -0.380859 -0.173828 0.042236
v 0.314453 -0.051758 -0.022217
v 0.300781 -0.054932 -0.027832
v 0.304688 -0.052490 -0.022095
v 0.322266 -0.050537 -0.017944
v 0.312500 -0.054932 -0.029297
v 0.326172 -0.051758 -0.022339
v 0.757812 -0.187500 0.000710
v 0.757812 -0.187500 -0.019043
v 0.761719 -0.172852 -0.000065
v 0.757812 -0.187500 0.019653
v 0.753906 -0.198242 0.016235
v 0.121094 0.040771 -0.064941
v 0.107910 0.040527 -0.059326
v -0.125977 -0.082031 -0.015503
v -0.126953 -0.082031 -0.009094
v -0.129883 -0.086914 -0.011230
v -0.127930 -0.086426 -0.017822
v -0.122070 -0.081055 -0.017334
v -0.123535 -0.083496 -0.020752
v 0.392578 -0.064941 0.031982
v 0.396484 -0.062256 0.028809
v 0.394531 -0.063477 0.031250
v 0.204102 -0.143555 -0.136719
v 0.204102 -0.143555 -0.155273
v 0.176758 -0.145508 -0.136719
v -0.703125 -0.124512 0.014893
v -0.699219 -0.125977 0.018189
v -0.617188 -0.124023 0.016480
v -0.617188 -0.124023 0.011231
v -0.699219 -0.124512 0.012817
v -0.703125 -0.126953 0.012878
v -0.703125 -0.127930 0.014648
v -0.617188 -0.123535 0.014343
v -0.617188 -0.156250 -0.023193
v -0.613281 -0.171875 -0.041992
v -0.617188 -0.172852 -0.022949
v -0.617188 -0.154297 0.001053
v -0.613281 -0.140625 -0.021728
v -0.613281 -0.144531 -0.041748
v -0.613281 -0.157227 -0.042236
v 0.425781 -0.153320 -0.146484
v 0.425781 -0.152344 -0.100586
v 0.425781 -0.153320 -0.088379
v 0.427734 -0.157227 -0.146484
v 0.425781 -0.153320 -0.151367
v 0.421875 -0.152344 -0.146484
v 0.057373 0.130859 0.005280
v 0.053467 0.129883 0.011352
v 0.058838 0.131836 0.013184
v 0.056396 0.130859 -0.003479
v 0.025513 -0.118164 0.138672
v 0.025635 -0.121582 0.140625
v 0.028198 -0.122559 0.136719
v 0.028076 -0.117188 0.135742
v 0.025513 -0.114258 0.135742
v 0.024048 -0.116699 0.140625
v 0.835938 -0.128906 -0.009521
v 0.835938 -0.128906 -0.011475
v 0.835938 -0.131836 -0.005859
v 0.839844 -0.131836 -0.008789
v 0.320312 -0.153320 0.083984
v 0.332031 -0.153320 0.078613
v 0.421875 -0.153320 0.078125
v 0.419922 -0.157227 0.076172
v 0.328125 -0.156250 0.078613
v -0.474609 -0.144531 0.015381
v 0.199219 0.168945 -0.025513
v 0.200195 0.168945 -0.028198
v 0.201172 0.172852 -0.029785
v 0.200195 0.175781 -0.027222
v 0.156250 0.176758 -0.029785
v 0.154297 0.174805 -0.026856
v 0.200195 0.173828 -0.021851
v 0.200195 0.173828 -0.029297
v 0.757812 -0.267578 0.084473
v 0.503906 -0.199219 0.154297
v 0.636719 -0.199219 0.131836
v -0.012451 0.014160 -0.001329
v -0.120117 -0.335938 -0.129883
v -0.014160 -0.333984 -0.130859
v -0.118164 -0.335938 -0.124023
v -0.229492 -0.335938 -0.115234
v -0.119629 -0.263672 -0.148438
v 0.369141 -0.157227 0.048584
v 0.392578 -0.124512 0.048828
v 0.396484 -0.125977 0.052246
v 0.392578 -0.156250 0.050781
v 0.396484 -0.157227 0.050049
v 0.189453 -0.115234 -0.076660
v 0.184570 -0.116211 -0.076660
v 0.187500 -0.058838 -0.074707
v 0.191406 -0.058350 -0.075684
v 0.332031 -0.116211 -0.072266
v -0.992188 -0.265625 0.000404
v 0.187500 -0.054199 -0.073730
v 0.191406 -0.052979 -0.075195
v 0.186523 -0.058350 -0.068848
v 0.421875 -0.166992 0.044434
v 0.421875 -0.163086 0.043457
v 0.419922 -0.163086 0.042969
v 0.421875 -0.163086 -0.040527
v 0.421875 -0.167969 0.042969
v -0.186523 -0.162109 -0.014221
v -0.191406 -0.168945 -0.016052
v -0.190430 -0.166992 -0.010681
v -0.181641 -0.157227 -0.012878
v -0.183594 -0.165039 -0.021484
v -0.187500 -0.166992 -0.019287
v -0.011475 -0.113281 -0.126953
v 0.010498 -0.113281 -0.136719
v -0.013062 -0.112793 -0.133789
v -0.012329 -0.112793 -0.108398
v -0.029907 -0.113281 -0.126953
v 0.014282 -0.112793 -0.112793
v 0.016968 -0.113281 -0.128906
v 0.718750 -0.122559 0.012268
v 0.722656 -0.123535 0.013733
v 0.761719 -0.124023 0.011963
v 0.757812 -0.124023 0.013062
v 0.722656 -0.125000 0.006958
v -0.480469 -0.133789 0.021729
v -0.478516 -0.130859 0.022095
v -0.478516 -0.133789 0.022095
v -0.474609 -0.131836 0.023804
v 0.279297 0.043945 0.020019
v 0.273438 0.045166 0.016724
v 0.273438 0.041260 0.024902
v 0.269531 0.044678 0.017944
v 1.000000 -0.202148 -0.038086
v 1.000000 -0.200195 -0.033447
v 0.996094 -0.263672 -0.023437
v 0.106934 0.008362 0.076172
v -0.042480 -0.122559 0.108398
v -0.042480 -0.127930 0.108398
v -0.043945 -0.128906 0.113770
v -0.044190 -0.120117 0.111816
v -0.040771 -0.117676 0.108887
v -0.038818 -0.127930 0.105469
v 0.394531 -0.110352 -0.053711
v 0.396484 -0.115723 -0.050049
v 0.390625 -0.114258 -0.054443
v 0.392578 -0.109863 -0.051269
v 0.388672 -0.109863 -0.054932
v 0.178711 0.333984 -0.005096
v 0.175781 0.332031 -0.004730
v 0.175781 0.332031 -0.001495
v 0.176758 0.335938 -0.002457
v 0.433594 -0.183594 0.040039
v 0.425781 -0.184570 0.044922
v 0.433594 -0.183594 0.046875
v 0.425781 -0.184570 0.039551
v 0.437500 -0.182617 0.041992
v -0.013733 0.016479 -0.054932
v -0.012695 0.020386 -0.053711
v -0.010254 0.016357 -0.056152
v -0.013123 -0.016968 -0.059570
v -0.015564 0.016113 -0.050293
v -0.055176 -0.201172 -0.078125
v -0.062500 -0.091797 -0.077637
v -0.059082 -0.091797 -0.075195
v -0.052246 -0.201172 -0.069336
v 0.761719 -0.136719 0.020020
v 0.835938 -0.139648 0.018921
v 0.722656 -0.140625 0.019287
v 0.757812 -0.140625 0.019409
v 0.835938 -0.135742 0.019898
v 0.761719 -0.135742 0.020874
v 0.718750 -0.134766 0.023071
v 0.722656 -0.137695 0.021484
v 0.240234 -0.147461 -0.157227
v 0.237305 -0.145508 -0.153320
v -0.476562 -0.125977 0.008789
v -0.375000 -0.125977 0.009216
v -0.375000 -0.125000 0.012268
v -0.335938 -0.125000 0.009766
v -0.335938 -0.126953 0.007324
v -0.375000 -0.127930 0.006897
v -0.476562 -0.125000 0.011963
v -0.605469 -0.198242 -0.103027
v -0.726562 -0.201172 -0.082031
v -0.609375 -0.201172 -0.102051
v -0.609375 -0.199219 -0.103516
v -0.492188 -0.202148 -0.117676
v -0.478516 -0.202148 -0.123047
v 0.193359 0.010376 0.008545
v 0.190430 0.324219 0.008179
v 0.191406 0.010254 0.010742
v 0.490234 -0.179688 -0.032471
v 0.492188 -0.179688 -0.023560
v 0.494141 -0.180664 -0.031372
v 0.488281 -0.179688 -0.024536
v 0.490234 -0.193359 -0.033203
v -0.210938 -0.197266 0.022705
v -0.206055 -0.202148 0.029785
v -0.205078 -0.193359 0.028320
v -0.210938 -0.196289 0.019531
v -0.214844 -0.197266 0.013001
v 0.281250 0.041748 -0.018921
v 0.285156 0.036133 -0.015381
v 0.279297 0.036377 -0.019409
v 0.275391 0.041992 -0.020874
v 0.279297 0.044434 -0.016235
v 0.275391 0.035889 -0.022095
v 0.285156 0.041748 -0.014710
v 0.169922 -0.263672 0.155273
v 0.166992 -0.332031 0.129883
v 0.167969 -0.199219 0.176758
v -1.000000 -0.198242 -0.011597
v -0.996094 -0.199219 -0.013061
v 0.146484 0.053711 -0.025757
v 0.145508 0.074707 -0.025635
v 0.314453 -0.197266 0.087891
v 0.312500 -0.157227 0.141602
v 0.314453 -0.156250 0.092285
v 0.316406 -0.196289 0.083008
v 0.312500 -0.196289 0.142578
v -0.214844 -0.180664 -0.031006
v -0.215820 -0.202148 -0.030640
v -0.214844 -0.181641 0.032471
v -0.214844 -0.176758 0.030518
v -0.213867 -0.175781 -0.027954
v -0.210938 -0.180664 -0.035889
v -0.213867 -0.203125 -0.033691
v -0.148438 -0.167969 -0.041992
v -0.151367 -0.201172 -0.045166
v -0.151367 -0.172852 -0.044189
v 0.494141 -0.162109 0.040039
v 0.488281 -0.163086 0.042969
v 0.492188 -0.166992 0.041992
v 0.208008 -0.144531 -0.154297
v 0.235352 -0.145508 -0.157227
v 0.208008 -0.144531 -0.157227
v 0.208008 -0.144531 -0.139648
v -0.589844 -0.125000 0.009338
v -0.617188 -0.125000 0.008972
v -0.589844 -0.124512 0.011108
v -0.617188 -0.127930 0.006836
v -0.589844 -0.127930 0.006165
v -0.480469 -0.198242 -0.129883
v -0.353516 -0.197266 -0.147461
v -0.355469 -0.199219 -0.145508
v -0.478516 -0.265625 -0.110840
v -0.355469 -0.265625 -0.123535
v 0.300781 -0.051025 0.007080
v 0.308594 -0.050293 -0.008331
v 0.300781 -0.050293 -0.008698
v 0.320312 -0.050537 0.002197
v 0.320312 -0.050049 -0.000568
v 0.320312 -0.050537 -0.004791
v 0.312500 -0.050293 -0.007843
v 0.753906 -0.197266 -0.036621
v 0.765625 -0.173828 -0.022705
v 0.094238 0.039551 0.062012
v 0.082520 0.040283 0.065918
v 0.083008 0.039551 0.061523
v -0.140625 -0.098145 0.018311
v -0.138672 -0.097168 0.031982
v 0.390625 -0.062500 -0.031372
v 0.394531 -0.062012 -0.029541
v 0.174805 -0.160156 0.156250
v 0.180664 -0.160156 0.158203
v -0.703125 -0.126953 -0.014282
v -0.812500 -0.205078 -0.000168
v -0.816406 -0.204102 0.061523
v -0.914062 -0.205078 -0.001305
v -0.726562 -0.203125 0.001251
v -0.812500 -0.204102 -0.041504
v -0.902344 -0.203125 -0.041748
v 0.165039 0.018921 -0.046875
v 0.166016 0.013916 -0.047363
v 0.126953 0.015076 -0.071289
v 0.160156 0.019165 -0.040039
v 0.451172 -0.160156 0.024170
v 0.453125 -0.159180 0.021118
v 0.449219 -0.158203 0.019531
v 0.453125 -0.159180 0.025269
v 0.453125 -0.160156 0.024170
v 0.449219 -0.159180 0.022827
v 0.059082 0.137695 -0.019043
v 0.055420 0.110352 -0.022949
v 0.058350 0.137695 -0.013977
v 0.060791 0.141602 -0.018311
v 0.062500 0.138672 -0.018799
v 0.060059 0.110352 -0.024170
v 0.026123 -0.113770 -0.127930
v 0.023560 -0.112793 -0.116699
v 0.027100 -0.114258 -0.116699
v 0.026245 -0.114258 -0.133789
v 0.024780 -0.113281 -0.129883
v 0.839844 -0.126953 0.014771
v 0.839844 -0.126953 0.016480
v 0.835938 -0.133789 0.015381
v 0.835938 -0.127930 0.013367
v 0.832031 -0.123535 0.014771
v 0.337891 -0.090332 -0.026611
v 0.337891 -0.090820 -0.019897
v 0.335938 -0.090820 -0.017700
v 0.341797 -0.088867 -0.027466
v 0.332031 -0.090332 -0.029053
v -0.335938 -0.133789 0.025757
v -0.375000 -0.131836 0.024536
v -0.335938 -0.135742 0.024536
v -0.476562 -0.138672 -0.007751
v -0.474609 -0.137695 -0.003860
v -0.476562 -0.136719 -0.006195
v -0.476562 -0.139648 -0.009277
v 0.187500 0.230469 0.079590
v 0.184570 0.229492 0.069336
v 0.185547 0.230469 0.067383
v 0.167969 0.230469 0.079590
v 0.486328 -0.195312 -0.044434
v 0.482422 -0.195312 -0.047363
v 0.484375 -0.183594 -0.045654
v 0.488281 -0.187500 -0.042480
v 0.029053 0.008606 0.066895
v 0.013855 0.010010 0.063965
v 0.017212 0.008606 0.070312
v -0.181641 -0.198242 0.051025
v 0.351562 -0.145508 -0.102051
v 0.351562 -0.146484 -0.101074
v 0.349609 -0.150391 -0.100098
v 0.191406 -0.115234 0.075195
v 0.184570 -0.116211 0.067871
v 0.176758 -0.016357 0.029785
v 0.174805 0.010986 0.027100
v 0.176758 -0.016479 0.008850
v 0.386719 -0.197266 -0.166016
v 0.271484 -0.196289 -0.171875
v 0.386719 -0.195312 -0.164062
v 0.386719 -0.196289 -0.165039
v -0.009644 0.041504 0.001282
v -0.009705 0.041016 -0.006531
v -0.009094 0.025024 0.000916
v 0.017456 -0.112793 0.136719
v 0.014282 -0.112793 0.131836
v -0.009888 -0.112793 0.130859
v 0.010925 -0.113281 0.138672
v 0.722656 -0.124023 -0.012085
v 0.757812 -0.124023 -0.013672
v 0.722656 -0.124023 -0.011291
v 0.718750 -0.123047 -0.014465
v 0.330078 -0.104004 0.056397
v 0.215820 -0.104492 0.059326
v 0.333984 -0.104492 0.055420
v -0.474609 -0.134766 -0.022217
v -0.255859 -0.188477 0.034180
v -0.292969 -0.204102 0.032715
v 0.275391 0.044434 -0.017700
v 0.267578 0.041016 -0.022583
v 0.267578 0.044190 -0.020508
v 0.271484 0.044922 -0.015198
v 0.275391 0.045166 -0.013245
v 0.964844 -0.263672 0.039795
v 0.063477 0.003799 -0.020996
v 0.066895 0.020142 -0.021240
v 0.172852 -0.001457 -0.023315
v -0.030029 -0.127930 -0.137695
v -0.036621 -0.127930 -0.135742
v -0.036621 -0.120605 -0.136719
v -0.029419 -0.121094 -0.138672
v 0.390625 -0.072754 0.017212
v 0.337891 -0.072266 0.017944
v 0.390625 -0.070312 0.015747
v 0.390625 -0.073730 0.021484
v 0.335938 -0.074219 0.020386
v 0.394531 -0.070801 0.020142
v 0.292969 -0.059815 -0.029053
v 0.298828 -0.065430 -0.031006
v 0.291016 -0.066406 -0.030395
v 0.285156 -0.058594 -0.025391
v 0.287109 -0.054199 -0.022705
v 0.294922 -0.054688 -0.026733
v 0.300781 -0.059082 -0.030518
v -0.699219 -0.141602 -0.016540
v -0.703125 -0.139648 -0.019653
v -0.699219 -0.137695 -0.020264
v -0.703125 -0.139648 -0.018310
v 0.179688 0.333984 0.005493
v 0.178711 0.332031 0.007507
v 0.449219 -0.160156 -0.009949
v 0.447266 -0.160156 -0.009521
v 0.451172 -0.162109 -0.010315
v 0.451172 -0.159180 -0.010803
v 0.447266 -0.160156 -0.012756
v 0.453125 -0.160156 -0.011963
v 0.453125 -0.161133 -0.010376
v -0.007324 0.019287 0.060059
v 0.118652 0.018921 0.079102
v 0.117188 0.014343 0.077637
v -0.008728 0.015564 0.060303
v -0.007935 0.020264 0.054443
v -0.061768 -0.149414 0.068359
v -0.057617 -0.053711 0.068359
v -0.079102 -0.067871 0.064941
v -0.070801 -0.147461 0.061035
v 0.757812 -0.147461 -0.042725
v 0.761719 -0.144531 -0.022095
v 0.765625 -0.157227 -0.023682
v 0.753906 -0.137695 -0.041260
v 0.761719 -0.159180 -0.042236
v 0.304688 -0.104004 0.080566
v -0.335938 -0.125000 -0.010986
v -0.335938 -0.124512 -0.014282
v -0.337891 -0.125977 -0.008148
v -0.539062 -0.201172 0.040527
v 0.199219 0.011963 -0.017334
v 0.199219 0.010803 -0.017944
v 0.488281 -0.179688 0.002655
v 0.488281 -0.179688 -0.003235
v 0.492188 -0.180664 0.005981
v 0.063965 0.060791 -0.053223
v 0.025879 0.061035 -0.048584
v 0.068359 0.063477 -0.047363
v 0.026733 0.029419 -0.046387
v -0.212891 -0.196289 -0.012573
v -0.207031 -0.187500 -0.009705
v -0.211914 -0.194336 -0.007385
v 0.345703 -0.145508 0.122559
v 0.347656 -0.145508 0.125977
v 0.349609 -0.144531 0.120117
v 0.341797 -0.147461 0.123535
v 0.343750 -0.147461 0.127930
v 0.345703 -0.145508 0.103516
v 0.343750 -0.147461 0.103027
v 0.271484 -0.199219 -0.165039
v -0.878906 -0.179688 0.015015
v -0.785156 -0.183594 0.016846
v -0.882812 -0.179688 0.011597
v -0.878906 -0.186523 0.017334
v 0.125000 0.008606 0.076172
v 0.121582 0.007538 0.084961
v 0.122559 -0.015991 0.079102
v 0.119141 0.008728 0.075684
v -0.176758 -0.140625 0.034668
v -0.174805 -0.141602 -0.023926
v -0.181641 -0.140625 -0.020630
v -0.176758 -0.183594 0.041748
v -0.168945 -0.140625 0.039307
v -0.189453 -0.175781 -0.020752
v -0.190430 -0.185547 0.035889
v -0.145508 -0.097656 0.012207
v -0.139648 -0.097656 0.012573
v 0.652344 -0.132812 -0.050049
v 0.644531 -0.122070 -0.033447
v 0.652344 -0.122559 -0.045410
v 0.699219 -0.132812 -0.051025
v 0.239258 -0.161133 0.128906
v 0.235352 -0.161133 0.127930
v 0.238281 -0.150391 0.129883
v 0.241211 -0.161133 0.131836
v -0.337891 -0.139648 0.023071
v -0.373047 -0.138672 0.023193
v -0.337891 -0.142578 0.020386
v 0.190430 0.335938 -0.004974
v 0.191406 0.335938 -0.002564
v 0.193359 0.332031 -0.002945
v 0.188477 0.337891 -0.002846
v 0.192383 0.330078 -0.005798
v 0.988281 -0.203125 0.018189
v 0.988281 -0.205078 0.025879
v 0.984375 -0.204102 -0.001020
v 0.106445 0.007263 -0.079590
v 0.118652 0.008423 -0.072754
v 0.120605 0.007019 -0.080566
v 0.104492 -0.016968 -0.080078
v 0.106934 0.008179 -0.072754
v 0.113770 -0.016968 -0.082520
v -0.149414 -0.169922 -0.025024
v -0.156250 -0.161133 -0.025391
v -0.150391 -0.157227 -0.013061
v -0.147461 -0.166016 -0.012207
v 0.384766 -0.158203 0.136719
v 0.394531 -0.159180 0.135742
v 0.398438 -0.149414 0.134766
v 0.225586 -0.101562 -0.082031
v 0.234375 -0.103516 -0.091797
v 0.223633 -0.103516 -0.091797
v 0.237305 -0.101562 -0.082519
v 0.211914 -0.103027 -0.083496
v 0.157227 0.171875 0.033203
v 0.201172 0.170898 0.033935
v 0.157227 0.174805 0.033447
v 0.156250 0.174805 0.029419
v 0.503906 -0.201172 -0.144531
v -0.011597 0.012695 0.046875
v -0.021240 0.009399 0.048828
v -0.009583 0.008179 0.055908
v 0.166992 -0.196289 0.175781
v 0.271484 -0.196289 0.172852
v 0.271484 -0.196289 0.170898
v 0.166016 -0.197266 0.176758
v 0.832031 -0.133789 0.004395
v 0.839844 -0.135742 0.006500
v 0.835938 -0.134766 0.004089
v 0.839844 -0.132812 0.005768
v 0.835938 -0.133789 0.007385
v 0.392578 -0.056885 0.027832
v 0.312500 -0.058350 0.030762
v 0.335938 -0.057617 0.026856
v -0.273438 -0.113770 -0.017334
v -0.283203 -0.109863 -0.010620
v -0.273438 -0.114258 0.000313
v -0.283203 -0.109375 -0.022583
v -0.478516 -0.195312 0.018189
v -0.490234 -0.202148 0.029907
v -0.486328 -0.201172 0.018311
v -0.480469 -0.195312 -0.000008
v -0.470703 -0.186523 0.000008
v -0.470703 -0.185547 0.018311
v -0.480469 -0.196289 0.032227
v 0.636719 -0.197266 0.126953
v 0.507812 -0.196289 0.149414
v 0.636719 -0.200195 0.126953
v 0.605469 -0.199219 0.128906
v 0.765625 -0.199219 0.102051
v 0.769531 -0.199219 0.100586
v 0.757812 -0.200195 0.101074
v 0.138672 0.075684 -0.013489
v 0.138672 0.075684 -0.023560
v -0.049560 -0.113281 -0.136719
v -0.049805 -0.118652 -0.137695
v -0.052490 -0.119141 -0.133789
v -0.051514 -0.115234 -0.131836
v 0.390625 -0.059570 0.015625
v 0.335938 -0.059326 0.016357
v 0.184570 -0.124512 -0.089844
v 0.181641 -0.104980 -0.087891
v 0.190430 -0.104492 -0.089844
v 0.179688 -0.124023 -0.082031
v -0.996094 -0.199219 0.008484
v -0.992188 -0.202148 0.007202
v -0.996094 -0.198242 -0.000454
v -1.000000 -0.198242 -0.000084
v -1.000000 -0.196289 0.000687
v -0.992188 -0.197266 0.016357
v 0.169922 0.165039 -0.080566
v 0.421875 -0.198242 0.076660
v 0.425781 -0.156250 0.078125
v 0.322266 -0.196289 0.078613
v 0.427734 -0.198242 0.076660
v -0.192383 -0.171875 -0.017456
v -0.198242 -0.174805 -0.009949
v -0.197266 -0.174805 -0.007996
v -0.195312 -0.170898 -0.007050
v 0.074707 -0.335938 -0.131836
v 0.075195 -0.335938 -0.125977
v -0.013672 -0.335938 -0.125488
v -0.014160 -0.263672 -0.154297
v 0.718750 -0.143555 0.014587
v 0.757812 -0.142578 0.016724
v 0.722656 -0.141602 0.018799
v 0.722656 -0.144531 0.009766
v -0.474609 -0.127930 0.022583
v -0.478516 -0.128906 0.019775
v -0.335938 -0.144531 -0.008697
v -0.337891 -0.143555 -0.011291
v 0.335938 -0.103027 0.052246
v 0.302734 0.041260 0.039551
v 0.306641 0.034668 0.040527
v 0.972656 -0.199219 -0.049805
v 0.898438 -0.199219 -0.072754
v 0.906250 -0.199219 -0.068848
v 0.976562 -0.200195 -0.041504
v 0.113281 0.132812 0.016113
v 0.113281 0.132812 0.009277
v 0.119141 0.131836 0.007996
v -0.140625 -0.093750 0.045898
v -0.137695 -0.202148 -0.046875
v -0.137695 -0.202148 0.046631
v -0.139648 -0.087402 0.046631
v -0.140625 -0.087891 -0.047119
v -0.140625 -0.094238 -0.047607
v -0.139648 -0.094238 0.052246
v -0.139648 -0.087891 0.051758
v 0.392578 -0.070801 -0.026001
v 0.390625 -0.072754 -0.027954
v 0.392578 -0.070312 -0.030029
v 0.392578 -0.068359 -0.027222
v 0.392578 -0.065430 -0.022339
v 0.392578 -0.071777 -0.024414
v 0.179688 0.010132 -0.010132
v 0.445312 -0.159180 0.021729
v 0.443359 -0.160156 0.017456
v 0.443359 -0.160156 0.021606
v 0.447266 -0.158203 0.022095
v 0.447266 -0.158203 0.019043
v 0.443359 -0.160156 0.014221
v 0.445312 -0.159180 0.018189
v 0.000614 0.027466 -0.047119
v 0.020386 -0.112793 -0.113770
v 0.019409 -0.114258 -0.108887
v 0.024170 -0.114258 -0.112793
v -0.335938 -0.128906 0.005402
v -0.375000 -0.131836 0.005524
v -0.474609 -0.128906 0.007385
v -0.601562 -0.173828 -0.050781
v -0.601562 -0.188477 -0.045654
v -0.609375 -0.186523 -0.038330
v 0.250000 0.043945 0.009705
v 0.250000 0.041504 0.011536
v 0.251953 0.043945 0.015625
v 0.251953 0.043945 0.001221
v 0.253906 0.045166 0.006165
v 0.255859 0.045410 0.009949
v 0.494141 -0.192383 -0.022827
v 0.494141 -0.179688 -0.017578
v 0.494141 -0.194336 -0.017700
v 0.496094 -0.192383 -0.029053
v 0.025146 -0.071289 0.099121
v -0.015320 -0.075684 0.088867
v -0.018799 -0.120117 0.087891
v -0.009338 -0.077637 0.103516
v -0.291016 -0.205078 0.022949
v 0.316406 0.015869 -0.028442
v 0.316406 0.015991 -0.021118
v 0.318359 -0.001984 -0.023071
v 0.312500 0.015442 -0.029541
v 0.310547 0.015747 -0.025269
v 0.318359 -0.001869 -0.028564
v 0.318359 0.015442 -0.034668
v 0.126953 -0.112793 0.136719
v -0.037354 -0.119141 0.139648
v 0.125977 0.008545 -0.072754
v 0.123047 -0.016602 -0.075195
v 0.339844 -0.159180 0.131836
v -0.178711 -0.150391 0.002106
v -0.178711 -0.150391 -0.006409
v -0.184570 -0.156250 0.005310
v -0.026001 -0.112793 -0.132812
v -0.024902 -0.113770 -0.134766
v 0.656250 -0.109863 0.000687
v 0.656250 -0.109375 0.013123
v 0.691406 -0.109863 0.023804
v 0.730469 -0.109863 0.012329
v 0.310547 -0.071289 -0.028809
v -0.589844 -0.129883 0.023682
v -0.373047 -0.141602 -0.018310
v -0.337891 -0.143555 -0.015381
v 0.267578 0.044922 0.011719
v 0.140625 -0.052734 -0.111328
v -0.228516 -0.196289 0.157227
v -0.228516 -0.196289 0.159180
v -0.120117 -0.195312 0.166016
v -0.017822 -0.196289 0.170898
v -0.120605 -0.196289 0.164062
v 0.394531 -0.203125 0.045898
v 0.394531 -0.203125 -0.049805
v 0.396484 -0.114258 0.046631
v 0.396484 -0.115723 -0.055176
v 0.291016 -0.066406 0.029297
v 0.292969 -0.061035 0.029175
v 0.287109 -0.059570 0.026001
v 0.296875 -0.064941 0.032715
v 0.285156 -0.066895 0.025513
v -0.730469 -0.199219 0.082520
v -0.800781 -0.199219 0.069336
v -0.613281 -0.200195 0.101562
v -0.730469 -0.201172 0.079590
v -0.730469 -0.199219 0.082031
v 0.176758 0.324219 -0.004883
v 0.179688 0.326172 -0.006958
v 0.183594 0.011169 -0.010681
v 0.018189 0.007599 -0.066895
v 0.017822 -0.017456 -0.070312
v -0.005951 -0.016602 -0.063477
v 0.032959 0.009399 -0.063965
v 0.035645 0.008240 -0.070801
v -0.005280 0.006836 -0.060547
v 0.017944 0.009521 -0.062500
v -0.057129 -0.092285 -0.067383
v -0.051758 -0.201172 0.064453
v 0.300781 -0.104004 -0.086914
v 0.289062 -0.101562 -0.082031
v 0.300781 -0.103027 -0.080566
v 0.302734 -0.124023 -0.088867
v 0.292969 -0.104004 -0.089355
v 0.306641 -0.124512 -0.082031
v -0.488281 -0.188477 -0.045654
v -0.480469 -0.173828 -0.049560
v -0.542969 -0.186523 -0.046631
v -0.480469 -0.195312 -0.034912
v -0.492188 -0.200195 -0.041504
v 0.267578 0.035889 0.025879
v 0.275391 0.035645 0.025513
v 0.261719 0.035645 0.025024
v 0.722656 -0.142578 -0.010254
v 0.096680 0.077637 0.044678
v 0.091797 0.097168 0.039307
v 0.089355 0.095215 0.043457
v -0.145508 -0.098145 0.007996
v -0.143555 -0.117676 0.006561
v -0.143555 -0.118164 0.011902
v 0.353516 -0.144531 -0.133789
v 0.369141 -0.143555 -0.134766
v 0.173828 -0.150391 0.136719
v 0.173828 -0.160156 0.132812
v 0.172852 -0.159180 0.136719
v 0.173828 -0.160156 0.150391
v 0.172852 -0.147461 0.139648
v 0.173828 -0.149414 0.133789
v -0.703125 -0.131836 -0.020264
v -0.699219 -0.126953 -0.016052
v -0.703125 -0.128906 -0.019165
v -0.703125 -0.132812 -0.006622
v -0.703125 -0.140625 -0.012756
v -0.703125 -0.140625 -0.011902
v -0.699219 -0.138672 -0.008636
v -0.699219 -0.137695 -0.008179
v -0.703125 -0.135742 -0.006653
v -0.703125 -0.126953 -0.015076
v -0.699219 -0.139648 -0.015808
v 0.160156 0.023682 0.005432
v 0.159180 0.041992 0.004456
v 0.153320 0.042725 0.012634
v 0.161133 0.024536 0.001572
v 0.153320 0.042969 -0.000080
v 0.153320 0.042236 0.005554
v 0.160156 0.024170 -0.002228
v 0.159180 0.041748 -0.003952
v 0.160156 0.024536 0.013000
v 0.425781 -0.196289 -0.047852
v -0.062500 -0.041016 -0.064941
v -0.157227 -0.143555 0.022095
v -0.056885 -0.140625 0.070801
v 0.081055 -0.139648 0.002640
v -0.020630 -0.139648 0.090332
v -0.050293 -0.139648 0.075684
v 0.124023 -0.060303 0.122070
v -0.049072 -0.059326 0.074707
v -0.026733 -0.164062 0.077637
v 0.120605 -0.140625 0.122070
v 0.722656 -0.134766 -0.023315
v 0.835938 -0.135742 -0.024292
v 0.314453 -0.077148 0.069336
v 0.324219 -0.078125 0.070313
v 0.322266 -0.080078 0.060791
v 0.316406 -0.078613 0.073731
v 0.314453 -0.099121 0.074219
v -0.476562 -0.125977 -0.010254
v -0.478516 -0.128906 -0.010071
v -0.476562 -0.126953 -0.008850
v -0.375000 -0.125000 -0.011352
v -0.230469 -0.332031 0.120117
v -0.229492 -0.263672 0.138672
v -0.353516 -0.333984 0.105957
v 0.328125 -0.049560 -0.004333
v 0.328125 -0.050293 0.000969
v 0.332031 -0.052002 0.011414
v 0.330078 -0.052002 -0.018921
v 1.000000 -0.202148 0.037842
v 0.988281 -0.265625 0.023193
v 1.000000 -0.199219 0.038086
v 0.125000 0.054199 -0.049805
v 0.140625 0.053223 0.044434
v -0.116211 -0.091797 -0.025391
v -0.123535 -0.091797 -0.022949
v -0.123535 -0.086426 -0.023315
v 0.390625 -0.068359 0.031006
v 0.390625 -0.069824 0.029785
v 0.394531 -0.068359 0.029053
v 0.335938 -0.066406 0.032715
v 0.396484 -0.066895 0.029541
v 0.239258 -0.161133 -0.160156
v 0.239258 -0.150391 -0.160156
v 0.241211 -0.149414 -0.158203
v 0.236328 -0.161133 -0.161133
v 0.240234 -0.161133 -0.158203
v 0.192383 -0.018188 0.065430
v 0.136719 -0.021606 0.091309
v 0.192383 -0.017822 0.057617
v 0.136719 -0.017578 0.090820
v 0.425781 -0.157227 -0.080078
v 0.423828 -0.198242 -0.078613
v 0.427734 -0.197266 -0.079102
v 0.429688 -0.197266 -0.086914
v 0.429688 -0.155273 -0.088867
v 0.421875 -0.156250 -0.079102
v 0.423828 -0.153320 -0.081055
v 0.050293 0.108398 0.027100
v 0.044190 0.107422 0.026367
v 0.049316 0.108398 -0.023315
v 0.125977 0.107910 0.033447
v 0.029175 -0.117188 0.130859
v 0.028686 -0.118164 0.117188
v 0.027466 -0.114746 0.118652
v 0.030762 -0.121094 0.130859
v 0.027222 -0.114746 0.128906
v 0.030273 -0.121094 0.120117
v 0.839844 -0.126953 -0.011780
v 0.835938 -0.125000 -0.010986
v 0.320312 -0.156250 0.083008
v -0.335938 -0.133789 -0.024048
v -0.375000 -0.130859 -0.023315
v -0.337891 -0.131836 -0.023682
v -0.375000 -0.133789 -0.022949
v -0.337891 -0.136719 -0.023193
v 0.166016 0.236328 -0.085449
v 0.186523 0.232422 -0.070801
v 0.189453 0.236328 -0.084961
v 0.484375 -0.184570 0.041504
v 0.484375 -0.184570 0.045654
v 0.486328 -0.196289 0.041992
v 0.480469 -0.184570 0.040283
v 0.012939 0.025513 -0.057129
v -0.194336 -0.198242 -0.044678
v -0.187500 -0.198242 -0.045410
v -0.198242 -0.197266 -0.039307
v 0.349609 -0.150391 0.094238
v 0.341797 -0.148438 0.098633
v 0.349609 -0.146484 0.094727
v 0.355469 -0.149414 0.092773
v 0.120117 -0.020996 -0.092285
v 0.117676 -0.112305 -0.097656
v -0.988281 -0.198242 -0.018310
v -0.988281 -0.197266 -0.019775
v 0.127930 0.107910 0.031738
v -0.188477 -0.166992 0.020874
v -0.187500 -0.163086 0.016357
v -0.193359 -0.172852 0.019653
v -0.191406 -0.173828 0.027100
v -0.194336 -0.174805 0.022339
v -0.045898 -0.194336 0.138672
v -0.050537 -0.120117 0.130859
v -0.047852 -0.194336 0.133789
v -0.048828 -0.120117 0.137695
v 0.310547 -0.068848 0.013184
v -0.542969 -0.121094 -0.041748
v -0.589844 -0.120605 -0.039551
v -0.542969 -0.111328 -0.034424
v -0.386719 -0.156250 0.021851
v -0.386719 -0.156250 -0.001430
v -0.386719 -0.172852 -0.001039
v 0.310547 -0.002075 -0.034668
v 0.312500 0.015442 -0.034912
v 0.316406 -0.002106 -0.033447
v 0.886719 -0.200195 0.071777
v 0.119629 0.111816 -0.019043
v 0.120117 0.111328 0.020386
v 0.119629 0.110352 -0.023438
v -0.039551 -0.122070 -0.104492
v -0.039795 -0.127930 -0.103516
v 0.149414 -0.116699 0.125000
v 0.388672 -0.111816 0.052490
v 0.142578 -0.112793 0.131836
v 0.145508 -0.112305 0.125977
v 0.388672 -0.110352 0.049805
v 0.271484 -0.198242 -0.000175
v 0.166992 -0.199219 0.000114
v 0.273438 -0.199219 0.163086
v -0.601562 -0.333984 -0.073242
v 0.291016 -0.051514 0.013672
v 0.285156 -0.054199 0.016724
v 0.283203 -0.058594 0.008179
v 0.283203 -0.057129 0.000259
v 0.285156 -0.053955 0.008240
v 0.453125 -0.160156 -0.021728
v 0.451172 -0.160156 -0.022095
v 0.455078 -0.160156 -0.019775
v 0.457031 -0.161133 -0.020752
v 0.457031 -0.162109 -0.019531
v 0.451172 -0.160156 -0.024536
v 0.455078 -0.163086 -0.024170
v 0.035156 0.041016 0.058350
v 0.025635 0.040527 0.062012
v 0.038574 0.041016 0.063477
v 0.044922 0.040527 0.059326
v 0.022583 -0.113281 0.114746
v 0.025146 -0.113281 0.118164
v 0.026123 -0.115723 0.113770
v 0.020386 -0.112793 0.118164
v 0.020264 -0.115234 0.109863
v 0.016724 -0.113770 0.110352
v 0.421875 -0.157227 0.150391
v 0.316406 -0.157227 0.145508
v -0.192383 -0.168945 0.003204
v -0.188477 -0.163086 0.006256
v -0.191406 -0.167969 0.006775
v -0.482422 -0.173828 0.049561
v -0.488281 -0.189453 0.044434
v -0.470703 -0.186523 0.036133
v -0.466797 -0.173828 0.039063
v 0.259766 0.045166 -0.002457
v 0.683594 -0.204102 0.025147
v 0.691406 -0.203125 0.032227
v 0.648438 -0.203125 0.032715
v 0.064941 -0.016724 -0.078125
v -0.152344 -0.166992 -0.042725
v -0.151367 -0.166016 -0.039795
v -0.147461 -0.167969 -0.038330
v 0.351562 -0.145508 0.096680
v 0.388672 -0.145508 0.093262
v 0.357422 -0.147461 0.094238
v 0.203125 -0.144531 -0.158203
v 0.161133 0.024658 -0.017578
v 0.160156 0.041504 -0.015808
v 0.158203 0.041260 -0.011536
v 0.160156 0.025024 -0.012390
v 0.445312 -0.159180 0.016235
v 0.447266 -0.159180 0.013001
v -0.166016 -0.140625 -0.010620
v -0.164062 -0.176758 -0.009888
v -0.178711 -0.182617 -0.022339
v -0.125977 -0.091309 -0.018921
v -0.128906 -0.091309 -0.012573
v 0.652344 -0.122070 0.040772
v 0.648438 -0.131836 0.047607
v 0.691406 -0.143555 0.052002
v 0.255859 -0.150391 -0.110840
v 0.257812 -0.153320 -0.109863
v 0.255859 -0.150391 -0.107422
v -0.476562 -0.141602 0.014404
v -0.478516 -0.141602 0.015747
v -0.478516 -0.136719 0.021729
v -0.480469 -0.128906 0.010681
v -0.480469 -0.129883 0.010437
v -0.478516 -0.132812 0.008362
v -0.480469 -0.135742 0.008423
v -0.476562 -0.137695 0.008728
v -0.478516 -0.139648 0.011658
v -0.478516 -0.126953 0.012634
v -0.478516 -0.136719 0.008850
v -0.478516 -0.131836 0.009399
v -0.337891 -0.140625 -0.020264
v -0.337891 -0.137695 -0.021606
v -0.373047 -0.140625 -0.021362
v 0.996094 -0.200195 -0.010193
v 0.992188 -0.201172 -0.023926
v 0.992188 -0.202148 -0.022705
v 0.996094 -0.198242 -0.025635
v -0.027466 -0.018310 0.066895
v -0.166992 -0.177734 0.040039
v 0.392578 -0.149414 -0.143555
v 0.384766 -0.150391 -0.143555
v 0.392578 -0.146484 -0.141602
v 0.394531 -0.145508 -0.138672
v 0.396484 -0.149414 -0.140625
v 0.384766 -0.159180 -0.143555
v 0.392578 -0.159180 -0.142578
v 0.231445 -0.123535 0.094727
v 0.227539 -0.104004 0.092285
v 0.244141 -0.125000 0.093750
v -0.785156 -0.206055 0.018433
v -0.785156 -0.208008 0.015259
v 0.153320 0.049316 -0.032959
v 0.163086 -0.016846 -0.035889
v 0.154297 0.048584 -0.039063
v 0.427734 -0.198242 0.149414
v -0.121094 -0.080566 0.000473
v -0.127930 -0.081543 0.000259
v -0.124512 -0.080078 0.000481
v 0.025391 -0.127930 -0.139648
v 0.750000 -0.134766 -0.001614
v 0.746094 -0.124023 -0.022461
v 0.746094 -0.125000 -0.001101
v 0.742188 -0.125000 0.018677
v 0.753906 -0.133789 0.020142
v 0.757812 -0.135742 -0.023682
v 0.757812 -0.145508 -0.001759
v 0.312500 -0.060059 -0.032104
v 0.332031 -0.057373 -0.029419
v 0.320312 -0.063965 -0.032471
v 0.328125 -0.053955 -0.027710
v -0.369141 -0.123047 0.019775
v -0.375000 -0.131836 0.020508
v -0.369141 -0.123535 -0.000107
v -0.365234 -0.124023 0.037109
v -0.357422 -0.111328 0.027954
v -0.613281 -0.187500 -0.021851
v -0.601562 -0.196289 -0.019409
v -0.609375 -0.187500 -0.000298
v -0.605469 -0.196289 -0.033691
v -0.617188 -0.171875 -0.000536
v 0.199219 0.011353 0.016846
v 0.196289 0.005859 0.017456
v 0.198242 0.014465 0.016968
v 0.474609 -0.183594 -0.048340
v 0.464844 -0.182617 -0.048828
v 0.480469 -0.183594 -0.047852
v 0.476562 -0.195312 -0.049072
v 0.472656 -0.196289 -0.048828
v 0.055664 0.110352 0.020996
v 0.059326 0.137695 0.016479
v 0.056152 0.111328 0.025024
v 0.055420 0.111328 -0.018189
v 0.191406 0.335938 -0.000347
v 0.193359 0.332031 0.000412
v 0.189453 0.337891 -0.000494
v 0.026367 -0.120605 0.112305
v 0.021973 -0.127930 0.108887
v 0.022827 -0.120605 0.109863
v 0.121094 0.019409 0.042725
v 0.123535 0.014648 0.075684
v 0.120605 0.018311 0.076660
v 0.118652 0.013672 0.077637
v 0.330078 -0.054688 -0.068848
v 0.333984 -0.058106 -0.068359
v 0.330078 -0.058838 -0.069824
v 0.332031 -0.054688 -0.063965
v 0.328125 -0.054199 -0.068848
v -0.283203 -0.109863 0.011902
v -0.314453 -0.108398 0.012085
v -0.281250 -0.110352 0.020996
v -0.273438 -0.116211 0.015137
v -0.283203 -0.110352 0.000504
v -0.314453 -0.109863 0.000259
v -0.029175 -0.116699 0.139648
v -0.034912 -0.116699 0.137695
v -0.029663 -0.120605 0.141602
v -0.024536 -0.113770 0.137695
v 0.648438 -0.114746 -0.000378
v 0.648438 -0.114258 -0.019409
v 0.648438 -0.114746 0.016113
v 0.255859 -0.150391 0.108398
v 0.253906 -0.151367 0.106445
v -0.474609 -0.142578 0.012024
v 0.203125 0.255859 -0.027588
v 0.203125 0.255859 -0.026123
v 0.204102 0.255859 -0.033203
v 0.878906 -0.204102 0.065918
v 0.859375 -0.206055 -0.000076
v 0.753906 -0.203125 -0.000294
v 0.757812 -0.204102 0.098633
v -0.009460 0.025146 -0.011536
v -0.008667 0.025146 -0.005432
v -0.009033 0.024658 -0.019531
v -0.017578 -0.198242 -0.179688
v 0.343750 -0.087891 0.017334
v 0.339844 -0.089844 0.006561
v 0.343750 -0.089355 0.006744
v 0.347656 -0.086426 0.003265
v 0.339844 -0.089844 0.000839
v 0.201172 -0.102051 -0.083008
v 0.189453 -0.102539 -0.082519
v 0.248047 0.035156 0.010803
v 0.251953 0.035889 0.017456
v 0.250000 0.041260 0.017944
v 0.451172 -0.196289 -0.049072
v -0.062012 -0.060547 0.071289
v -0.026367 -0.052734 0.083496
v -0.042480 -0.113281 0.018555
v -0.053467 -0.113770 0.074707
v -0.053223 -0.113770 0.021851
v -0.040771 -0.114746 -0.129883
v 0.750000 -0.127930 -0.040527
v 0.695312 -0.146484 -0.053467
v 0.746094 -0.133789 -0.050293
v 0.310547 -0.064453 0.033447
v -0.373047 -0.124023 -0.015198
v -0.335938 -0.125000 -0.016846
v -0.531250 -0.203125 0.030762
v 0.285156 -0.053467 -0.016968
v 0.294922 -0.051758 -0.020142
v 0.632812 -0.174805 0.020142
v 0.632812 -0.156250 -0.000948
v 0.082031 0.040039 -0.057861
v 0.092285 0.039551 -0.057861
v 0.080566 0.039551 -0.062744
v 0.073242 0.039795 -0.062012
v 0.072754 0.039795 -0.056641
v -0.208984 -0.190430 -0.004425
v -0.205078 -0.183594 -0.010742
v -0.206055 -0.187500 -0.015869
v 0.349609 -0.144531 0.126953
v 0.353516 -0.143555 0.116211
v 0.175781 -0.148438 -0.135742
v 0.172852 -0.149414 -0.137695
v -0.703125 -0.126953 0.018189
v -0.703125 -0.128906 0.020630
v -0.699219 -0.126953 0.018921
v 0.179688 0.337891 -0.003738
v 0.179688 0.337891 -0.001976
v 0.445312 -0.163086 0.024658
v 0.445312 -0.163086 0.021484
v 0.449219 -0.164062 0.026001
v -0.015442 0.018799 -0.051025
v -0.009521 0.019897 -0.055176
v -0.042480 -0.163086 -0.071289
v -0.055908 -0.161133 -0.070801
v -0.049316 -0.141602 -0.077148
v -0.022827 -0.165039 -0.081543
v -0.271484 -0.198242 -0.040771
v -0.273438 -0.202148 -0.034180
v 0.316406 -0.001503 0.009216
v 0.316406 0.015015 0.017212
v 0.316406 -0.001297 0.015991
v 0.992188 -0.199219 -0.021851
v 0.992188 -0.198242 -0.029297
v 0.116211 0.079102 0.038330
v -0.048828 -0.114258 0.129883
v -0.052734 -0.119629 0.071289
v 0.335938 -0.069336 -0.029053
v 0.253906 -0.194336 0.170898
v 0.251953 -0.154297 0.170898
v 0.172852 -0.194336 0.169922
v 0.255859 -0.195312 0.170898
v -0.609375 -0.132812 0.000557
v -0.613281 -0.143555 0.001205
v -0.609375 -0.134766 0.022583
v -0.597656 -0.122070 -0.019531
v -0.609375 -0.131836 -0.021240
v 0.186523 -0.053223 0.069336
v 0.185547 -0.054199 -0.069336
v -0.007599 0.041992 -0.029419
v -0.008545 0.024780 -0.026978
v -0.009399 0.041748 -0.020508
v -0.003265 0.043457 -0.021362
v -0.001579 0.043213 -0.029785
v -0.008240 0.025513 -0.034668
v 0.761719 -0.125977 0.018433
v 0.718750 -0.123535 0.016846
v 0.832031 -0.128906 0.019043
v 0.832031 -0.126953 0.018799
v 0.714844 -0.125977 0.019287
v 0.761719 -0.124023 0.015991
v 0.835938 -0.125000 0.016357
v 0.390625 -0.074219 -0.020264
v -0.367188 -0.144531 0.051270
v -0.314453 -0.142578 0.052002
v -0.361328 -0.129883 0.047852
v -0.359375 -0.124512 0.044922
v -0.371094 -0.133789 0.039307
v -0.312500 -0.127930 0.049561
v -0.589844 -0.137695 -0.002197
v -0.621094 -0.140625 -0.006104
v 0.183594 0.166016 0.074707
v 0.180664 0.166016 0.074707
v 0.170898 0.165039 -0.069336
v 0.168945 0.166016 0.075195
v 0.492188 -0.200195 -0.045410
v -0.014282 -0.017090 0.055176
v -0.013611 -0.017334 -0.051514
v -0.013062 -0.016846 0.062012
v -0.200195 -0.198242 0.040772
v -0.199219 -0.188477 0.039551
v 0.351562 -0.103027 -0.052734
v -0.098633 -0.082031 -0.009583
v -0.102051 -0.080078 -0.005859
v -0.101074 -0.080566 0.000488
v -0.984375 -0.203125 -0.001778
v -0.996094 -0.200195 -0.006378
v -0.972656 -0.204102 0.001358
v -0.988281 -0.201172 0.013916
v 0.124512 -0.016113 -0.061279
v 0.121582 0.050781 -0.058594
v 0.129883 -0.015442 -0.058594
v 0.125000 0.055908 -0.056885
v -0.195312 -0.175781 -0.017578
v -0.033691 -0.127930 -0.102539
v -0.542969 -0.112305 0.034180
v -0.582031 -0.110840 0.032715
v -0.539062 -0.110352 0.025147
v -0.363281 -0.203125 -0.000412
v -0.375000 -0.197266 -0.000767
v -0.363281 -0.203125 -0.017456
v -0.345703 -0.204102 -0.000053
v 0.289062 -0.046387 0.062500
v 0.292969 -0.045654 0.055176
v 0.281250 -0.045410 0.057129
v 0.291016 -0.059570 0.058838
v 0.287109 -0.060059 0.064453
v 0.283203 -0.046875 0.064941
v 0.976562 -0.204102 -0.034668
v 0.945312 -0.202148 -0.052978
v 0.937500 -0.204102 -0.049560
v 0.984375 -0.202148 -0.026245
v 0.972656 -0.201172 -0.043701
v 0.917969 -0.207031 -0.000982
v 0.964844 -0.206055 -0.001442
v 0.138672 0.053711 0.032715
v 0.146484 0.052979 0.027344
v 0.144531 0.074707 0.026855
v 0.137695 0.075195 0.028809
v -0.041260 -0.114258 0.128906
v -0.043213 -0.116211 0.128906
v -0.039795 -0.114258 0.131836
v -0.038330 -0.113770 0.127930
v -0.039062 -0.114258 0.115234
v 0.390625 -0.055176 -0.022705
v 0.390625 -0.055420 -0.020264
v 0.394531 -0.058350 -0.021362
v 0.210938 -0.104492 0.060791
v 0.239258 0.033691 0.040283
v 0.193359 0.011536 -0.007751
v 0.191406 0.011475 -0.009155
v 0.190430 0.324219 -0.007355
v 0.455078 -0.160156 0.021118
v 0.455078 -0.161133 0.020630
v 0.455078 -0.160156 0.017944
v 0.453125 -0.159180 0.018799
v 0.032715 0.064453 -0.039795
v 0.018311 0.061035 -0.043945
v 0.015381 0.060303 -0.032471
v 0.029785 0.064941 -0.035156
v 0.016846 -0.121582 -0.105957
v 0.021240 -0.116699 -0.108398
v -0.012756 -0.116211 -0.104980
v 0.015747 -0.117188 -0.106445
v 0.835938 -0.129883 0.020020
v 0.835938 -0.127930 0.016235
v 0.269531 -0.195312 -0.167969
v -0.204102 -0.183594 0.012268
v -0.206055 -0.186523 0.010620
v -0.207031 -0.188477 0.017700
v -0.202148 -0.179688 0.013367
v -0.202148 -0.184570 0.021729
v -0.468750 -0.146484 -0.040771
v 0.190430 0.337891 0.002701
v 0.742188 -0.202148 -0.036621
v 0.695312 -0.203125 -0.034180
v 0.695312 -0.201172 -0.041260
v 0.064453 0.008789 0.073242
v 0.073242 0.008362 0.073730
v 0.353516 -0.143555 -0.124512
v 0.347656 -0.144531 -0.133789
v 0.347656 -0.144531 -0.128906
v 0.349609 -0.143555 -0.110352
v 0.353516 -0.143555 -0.105469
v 0.357422 -0.143555 -0.107422
v 0.369141 -0.144531 -0.129883
v 0.174805 -0.145508 0.140625
v 0.175781 -0.145508 0.135742
v 0.178711 -0.143555 0.138672
v 0.166992 0.013672 0.022095
v 0.175781 0.011414 0.007751
v 0.166016 0.014587 0.007324
v 0.449219 -0.163086 -0.011047
v 0.447266 -0.162109 -0.012085
v 0.447266 -0.159180 -0.013123
v 0.019653 0.025391 0.060791
v 0.010010 0.026245 0.060059
v -0.104004 -0.083008 0.021606
v 0.742188 -0.121094 -0.033203
v 0.730469 -0.109863 -0.026367
v 0.738281 -0.112793 -0.030640
v 0.730469 -0.111328 -0.037353
v 0.695312 -0.124023 -0.048340
v 0.695312 -0.111816 -0.039062
v 0.738281 -0.123047 -0.045166
v 0.240234 -0.145508 0.132812
v 0.237305 -0.145508 0.135742
v 0.241211 -0.150391 0.132812
v 0.239258 -0.147461 0.130859
v 0.241211 -0.147461 0.135742
v -0.478516 -0.131836 -0.007385
v -0.478516 -0.130859 -0.007446
v -0.476562 -0.127930 -0.006256
v -0.476562 -0.132812 -0.007050
v -0.474609 -0.131836 -0.004883
v -0.375000 -0.141602 0.019043
v -0.335938 -0.143555 0.018066
v 0.281250 0.044190 -0.013794
v 0.285156 0.035645 -0.009827
v 0.984375 -0.337891 0.008423
v 0.964844 -0.335938 0.012878
v 0.949219 -0.333984 0.003937
v 0.984375 -0.335938 0.001968
v 0.988281 -0.333984 0.005829
v 0.988281 -0.335938 0.010498
v 0.142578 -0.060547 -0.117188
v 0.142578 -0.157227 -0.115234
v 0.141602 -0.052490 -0.114746
v 0.139648 -0.158203 -0.116699
v 0.139648 -0.059570 -0.119141
v -0.159180 -0.151367 -0.014282
v -0.151367 -0.154297 -0.006287
v -0.159180 -0.155273 -0.020264
v -0.166992 -0.153320 -0.021362
v -0.164062 -0.149414 -0.013916
v -0.159180 -0.148438 -0.006744
v 0.396484 -0.144531 0.129883
v 0.400391 -0.146484 0.129883
v 0.247070 -0.104004 -0.092773
v 0.235352 -0.123535 -0.093750
v 0.226562 -0.124023 -0.092285
v -0.820312 -0.201172 -0.063477
v -0.730469 -0.198242 -0.083008
v -0.898438 -0.199219 -0.043945
v -0.820312 -0.201172 -0.061768
v -0.734375 -0.204102 -0.077148
v 0.156250 0.174805 0.028076
v 0.200195 0.175781 0.027588
v 0.155273 0.174805 0.026489
v 0.503906 -0.196289 -0.154297
v -0.120605 -0.079590 0.004211
v -0.124023 -0.080078 0.006012
v -0.119629 -0.080078 0.006531
v 0.077148 -0.263672 0.153320
v 0.073242 -0.200195 0.181641
v 0.835938 -0.138672 -0.007660
v 0.761719 -0.143555 -0.013000
v 0.832031 -0.141602 -0.010254
v -0.337891 -0.128906 -0.022095
v -0.373047 -0.127930 -0.021851
v -0.376953 -0.125000 -0.017700
v -0.335938 -0.125977 -0.020142
v -0.621094 -0.173828 0.022339
v -0.613281 -0.143555 0.023926
v 0.197266 0.021728 -0.017090
v 0.198242 0.024048 -0.016357
v 0.198242 0.022583 0.016602
v 0.182617 0.024292 -0.018066
v 0.062256 0.141602 -0.014282
v 0.061768 0.141602 0.017090
v 0.063965 0.141602 -0.018799
v 0.059326 0.140625 -0.014404
v 0.060303 0.140625 0.018433
v -0.199219 -0.188477 -0.038086
v 0.349609 -0.076172 -0.000435
v 0.347656 -0.067871 0.000183
v 0.386719 -0.202148 -0.055908
v 0.152344 -0.195312 -0.125488
v 0.148438 -0.117188 -0.124512
v 0.127930 0.111328 0.005432
v 0.126953 0.111328 -0.002052
v 0.125977 0.110840 0.007080
v 0.130859 0.110840 0.013916
v 0.132812 0.111328 0.002380
v -0.211914 -0.174805 0.035645
v -0.149414 -0.166016 0.042236
v -0.210938 -0.173828 -0.030518
v -0.208008 -0.174805 0.039795
v -0.213867 -0.180664 0.038574
v -0.209961 -0.179688 0.040527
v -0.134766 -0.200195 0.054199
v -0.135742 -0.093750 0.054199
v 0.494141 -0.163086 -0.041016
v 0.421875 -0.163086 0.040039
v 0.492188 -0.163086 -0.044678
v 0.205078 -0.146484 0.156250
v 0.235352 -0.146484 0.157227
v -0.589844 -0.129883 -0.004074
v -0.617188 -0.129883 -0.005554
v -0.589844 -0.130859 -0.003174
v -0.367188 -0.156250 0.052002
v 0.761719 -0.142578 0.008850
v 0.115723 0.095703 -0.033203
v -0.135742 -0.201172 -0.056152
v -0.139648 -0.087402 -0.052002
v -0.140625 -0.094238 -0.052978
v 0.394531 -0.070801 0.026367
v 0.335938 -0.070801 0.031982
v 0.390625 -0.072754 0.028442
v 0.166992 -0.154297 -0.170898
v 0.167969 -0.194336 -0.172852
v 0.166992 -0.195312 -0.171875
v 0.166992 -0.154297 -0.166992
v 0.166992 -0.151367 -0.170898
v 0.171875 -0.154297 -0.172852
v -0.699219 -0.135742 -0.004868
v -0.699219 -0.133789 -0.003693
v -0.617188 -0.136719 -0.005066
v -0.617188 -0.134766 -0.004623
v -0.699219 -0.138672 -0.005066
v -0.726562 -0.333984 -0.049560
v -0.601562 -0.333984 -0.069824
v -0.605469 -0.332031 0.000931
v -0.816406 -0.335938 -0.034912
v 0.251953 -0.046143 0.054199
v 0.242188 -0.047119 0.052490
v 0.028442 0.061279 0.038086
v 0.024414 -0.112793 0.129883
v 0.832031 -0.124512 -0.012512
v 0.832031 -0.125000 -0.016968
v 0.757812 -0.123535 -0.016602
v 0.835938 -0.125977 -0.015015
v 0.761719 -0.124023 -0.018677
v 0.337891 -0.069336 0.017090
v 0.310547 -0.071289 0.014465
v 0.312500 -0.073730 0.016480
v -0.312500 -0.110352 -0.036865
v 0.236328 0.041016 -0.039063
v 0.632812 -0.335938 0.083984
v 0.511719 -0.335938 0.101562
v 0.507812 -0.335938 -0.000275
v 0.628906 -0.335938 -0.000792
v 0.757812 -0.335938 0.058838
v 0.632812 -0.333984 0.090820
v -0.190430 -0.200195 -0.033691
v -0.199219 -0.204102 -0.029541
v -0.202148 -0.200195 -0.031372
v -0.196289 -0.192383 -0.034180
v -0.190430 -0.188477 -0.036621
v 0.349609 -0.144531 0.103027
v 0.347656 -0.145508 0.099121
v 0.281250 -0.064941 -0.007690
v 0.281250 -0.065918 0.000214
v 0.281250 -0.058105 -0.007019
v 0.283203 -0.058594 -0.017334
v 0.283203 -0.065430 -0.017822
v -0.882812 -0.204102 0.014771
v -0.878906 -0.206055 0.015869
v -0.882812 -0.184570 0.015625
v -0.882812 -0.186523 0.012146
v -0.882812 -0.204102 0.012024
v 0.398438 -0.159180 0.136719
v 0.400391 -0.150391 0.131836
v 0.402344 -0.160156 0.131836
v 0.043213 0.107422 -0.023071
v 0.042236 0.102051 -0.024780
v 0.042969 0.103516 0.026489
v 0.015137 -0.117188 -0.140625
v 0.017212 -0.113770 -0.137695
v 0.722656 -0.125977 0.005859
v 0.255859 -0.154297 -0.106934
v 0.259766 -0.196289 -0.109863
v 0.259766 -0.195312 -0.167969
v -0.474609 -0.137695 0.023926
v -0.472656 -0.133789 0.024658
v -0.198242 -0.178711 -0.021240
v -0.195312 -0.181641 -0.028686
v -0.201172 -0.182617 -0.018555
v 0.188477 0.333984 0.008850
v 0.191406 0.332031 0.006287
v 0.192383 0.326172 0.007080
v 0.150391 0.025147 0.049560
v 0.073242 -0.197266 0.178711
v -0.122070 -0.195312 0.168945
v 0.455078 -0.160156 -0.017456
v 0.457031 -0.163086 -0.016113
v 0.455078 -0.160156 -0.014954
v 0.175781 0.162109 -0.015442
v 0.175781 0.162109 0.014526
v 0.181641 0.024414 -0.016235
v 0.181641 0.024902 0.014893
v 0.458984 -0.183594 0.040772
v 0.464844 -0.182617 0.040527
v 0.090332 -0.036865 -0.082520
v -0.149414 -0.152344 0.001190
v -0.159180 -0.147461 0.000771
v -0.149414 -0.153320 0.008606
v 0.753906 -0.134766 0.035889
v 0.746094 -0.144531 0.050537
v 0.335938 -0.054443 -0.022827
v 0.339844 -0.058350 -0.023071
v 0.337891 -0.059570 -0.029907
v -0.349609 -0.108887 0.025024
v 0.294922 -0.052246 0.020752
v 0.289062 -0.054199 0.022827
v 0.294922 -0.055420 0.026856
v 0.492188 -0.179688 -0.011841
v 0.488281 -0.179688 -0.015930
v 0.486328 -0.178711 -0.007660
v 0.064941 0.040283 0.065430
v 0.057129 0.040283 0.063477
v 0.062012 0.023926 0.065430
v 0.073730 0.023804 0.065918
v 0.064941 0.040039 0.060791
v 0.076172 0.040527 0.066895
v 0.074707 0.039551 0.060791
v -0.209961 -0.191406 0.006439
v -0.210938 -0.191406 0.014282
v -0.208984 -0.188477 0.007751
v 0.133789 -0.157227 0.118164
v 0.140625 -0.158203 0.117676
v 0.121094 -0.015991 -0.091309
v 0.125000 -0.015564 -0.088867
v 0.191406 -0.017944 -0.062744
v 0.134766 -0.015991 -0.084961
v 0.191406 -0.017456 -0.054688
v 0.447266 -0.160156 0.011475
v 0.447266 -0.160156 0.011047
v 0.449219 -0.160156 0.010925
v 0.447266 -0.160156 0.013794
v 0.449219 -0.162109 0.011414
v -0.182617 -0.175781 -0.035156
v -0.177734 -0.166992 -0.028076
v -0.118652 -0.080078 -0.015381
v -0.115234 -0.080078 -0.016052
v 0.648438 -0.113281 0.029419
v 0.237305 -0.145508 -0.139648
v 0.236328 -0.146484 -0.134766
v -0.589844 -0.128906 0.011292
v -0.585938 -0.134766 0.015137
v -0.589844 -0.132812 0.008789
v -0.585938 -0.130859 0.015381
v -0.474609 -0.141602 -0.018677
v -0.337891 -0.142578 -0.018188
v 0.277344 0.045410 0.014770
v 0.281250 0.044434 0.015869
v 0.279297 0.045654 0.010437
v 0.271484 0.045654 0.008606
v 1.000000 -0.265625 -0.001854
v 1.000000 -0.263672 0.016480
v 0.988281 -0.335938 -0.001736
v -0.162109 -0.149414 0.016602
v -0.157227 -0.149414 0.010559
v 0.193359 -0.058594 0.074707
v 0.192383 -0.052490 0.074219
v -0.589844 -0.139648 0.008789
v -0.589844 -0.142578 0.009338
v -0.589844 -0.143555 0.011658
v -0.617188 -0.143555 0.013001
v 0.182617 0.333984 -0.009277
v 0.180664 0.333984 -0.007080
v 0.183594 0.335938 -0.007080
v 0.183594 0.335938 -0.008270
v 0.179688 0.332031 -0.006683
v 0.183594 0.332031 -0.009216
v 0.182617 0.324219 -0.008484
v 0.500000 -0.196289 0.155273
v 0.386719 -0.195312 0.162109
v 0.388672 -0.196289 0.164062
v 0.632812 -0.199219 0.135742
v 0.500000 -0.196289 0.154297
v 0.386719 -0.195312 0.165039
v 0.507812 -0.197266 0.153320
v 0.835938 -0.136719 0.009583
v 0.835938 -0.138672 0.009888
v 0.835938 -0.138672 0.004761
v 0.335938 -0.065918 -0.031738
v 0.337891 -0.067383 -0.031250
v 0.392578 -0.065430 -0.031982
v -0.486328 -0.201172 -0.017456
v -0.519531 -0.201172 -0.017700
v -0.490234 -0.201172 -0.028564
v -0.500000 -0.201172 -0.036133
v -0.478516 -0.196289 -0.019043
v 0.632812 -0.199219 -0.134766
v 0.632812 -0.200195 -0.135742
v 0.503906 -0.197266 -0.156250
v 0.632812 -0.199219 -0.133789
v 0.769531 -0.199219 -0.107910
v 0.351562 -0.071289 -0.021240
v 0.347656 -0.082520 -0.023071
v 0.347656 -0.069336 -0.014160
v 0.167969 -0.195312 0.113281
v 0.169922 -0.154297 0.113770
v 0.166016 -0.196289 0.115723
v 0.171875 -0.195312 0.110840
v -0.820312 -0.198242 -0.067871
v -0.820312 -0.199219 -0.070312
v -0.726562 -0.198242 -0.085449
v -0.902344 -0.200195 -0.051758
v -0.992188 -0.200195 -0.004669
v -0.988281 -0.201172 -0.015442
v -0.988281 -0.199219 -0.017456
v -0.988281 -0.202148 -0.010376
v 0.125000 0.050293 0.062012
v 0.153320 0.048828 0.045166
v 0.154297 0.052490 0.044434
v 0.151367 0.052979 0.037842
v 0.124512 0.053467 0.056885
v 0.153320 0.049561 0.038086
v 0.375000 -0.160156 -0.144531
v 0.357422 -0.158203 -0.142578
v 0.371094 -0.150391 -0.144531
v -0.198242 -0.180664 0.024780
v -0.199219 -0.178711 0.021484
v -0.200195 -0.187500 0.030518
v -0.195312 -0.182617 0.031494
v -0.494141 -0.109375 -0.033935
v -0.496094 -0.108887 -0.024902
v -0.486328 -0.113281 -0.029053
v -0.380859 -0.187500 -0.000971
v 0.279297 -0.044922 -0.055664
v 0.291016 -0.046143 -0.055908
v 0.137695 0.074219 -0.031738
v 0.138672 0.053955 -0.032227
v -0.039062 -0.112793 -0.125488
v -0.041748 -0.114258 -0.125977
v -0.039062 -0.113281 -0.113281
v 0.394531 -0.059082 0.022949
v 0.392578 -0.055908 0.020752
v 0.394531 -0.059082 0.025024
v 0.392578 -0.065430 0.023804
v 0.392578 -0.055908 0.023682
v 0.394531 -0.060303 0.020874
v 0.449219 -0.160156 -0.024292
v 0.447266 -0.161133 -0.023560
v 0.451172 -0.159180 -0.022583
v 0.273438 -0.196289 0.166992
v 0.271484 -0.196289 0.169922
v 0.388672 -0.195312 0.161133
v 0.388672 -0.196289 0.159180
v 0.271484 -0.198242 0.165039
v -0.373047 -0.134766 -0.005066
v -0.474609 -0.134766 -0.004227
v -0.337891 -0.133789 -0.002625
v -0.375000 -0.131836 -0.004517
v -0.373047 -0.136719 -0.005249
v -0.337891 -0.135742 -0.002991
v -0.722656 -0.200195 0.085938
v 0.494141 -0.194336 0.032227
v -0.351562 -0.333984 -0.001129
v -0.478516 -0.335938 0.085449
v -0.474609 -0.333984 0.000282
v -0.353516 -0.333984 -0.100586
v -0.231445 -0.333984 -0.000517
v 0.332031 -0.058594 0.028931
v 0.314453 -0.061279 0.032227
v 0.128906 -0.120117 -0.129883
v -1.000000 -0.198242 -0.008240
v 0.120605 0.053467 0.063477
v 0.120605 0.050049 0.063477
v 0.122559 0.052979 0.062500
v 0.330078 -0.152344 -0.081055
v -0.251953 -0.174805 0.018555
v -0.251953 -0.174805 -0.001106
v -0.012207 -0.261719 0.153320
v -0.118164 -0.261719 0.147461
v 0.457031 -0.163086 -0.014648
v -0.593750 -0.130859 -0.022949
v -0.613281 -0.128906 -0.020752
v -0.589844 -0.127930 -0.021118
v -0.589844 -0.133789 -0.022705
v -0.464844 -0.173828 0.020386
v 0.217773 -0.104492 -0.063232
v 0.239258 0.033203 -0.040283
v 0.302734 0.035156 -0.040772
v 0.332031 -0.104980 -0.061523
v 0.750000 -0.173828 0.048340
v 0.753906 -0.186523 0.037842
v 0.746094 -0.190430 0.043945
v 0.695312 -0.172852 0.050537
v 0.750000 -0.158203 0.050537
v 0.116211 0.109863 -0.024048
v -0.042480 -0.117676 -0.131836
v -0.043701 -0.121094 -0.131836
v -0.040527 -0.121582 -0.134766
v -0.044434 -0.115723 -0.127930
v 0.394531 -0.071289 0.024048
v 0.394531 -0.071289 0.021973
v 0.392578 -0.071777 0.026123
v 0.392578 -0.074707 0.022217
v 0.171875 -0.150391 -0.116211
v 0.251953 -0.154297 -0.106934
v 0.251953 -0.151367 -0.106934
v 0.170898 -0.149414 -0.120605
v 0.168945 -0.151367 -0.116699
v 0.179688 0.010193 0.009827
v 0.449219 -0.163086 -0.024536
v 0.453125 -0.163086 -0.024780
v 0.020752 0.054443 0.044434
v 0.009583 0.055176 0.050293
v 0.017700 0.054688 0.054199
v 0.119629 0.053955 0.064941
v 0.047607 0.051270 0.041992
v 0.007996 0.055176 0.045166
v 0.052734 0.050537 0.001785
v -0.056396 -0.090332 0.066895
v -0.061279 -0.084473 0.066406
v -0.058838 -0.085937 0.074219
v -0.052734 -0.202148 0.072266
v -0.058594 -0.091309 0.074707
v -0.059570 -0.085938 -0.068359
v 0.239258 -0.147461 0.153320
v 0.237305 -0.147461 0.156250
v 0.238281 -0.150391 0.155273
v 0.242188 -0.150391 0.150391
v 0.259766 0.045654 0.001694
v 0.640625 -0.197266 0.033447
v 0.032227 -0.017700 -0.073242
v -0.214844 -0.203125 -0.015869
v -0.215820 -0.209961 -0.008453
v -0.208984 -0.201172 -0.026489
v -0.212891 -0.208984 -0.017578
v 0.369141 -0.145508 0.127930
v 0.010132 0.051514 -0.049072
v 0.016968 0.055664 -0.049805
v 0.015991 0.050537 -0.049072
v 0.005859 -0.015869 -0.052490
v 0.007233 0.050781 -0.043945
v 0.008728 0.055420 -0.045898
v -0.142578 -0.118652 -0.021606
v -0.144531 -0.119629 -0.017822
v -0.144531 -0.098633 -0.023437
v -0.143555 -0.119629 -0.027832
v -0.472656 -0.136719 0.006195
v -0.375000 -0.136719 0.006073
v -0.474609 -0.139648 0.007568
v -0.476562 -0.133789 0.006561
v -0.375000 -0.133789 0.005981
v 0.193359 0.324219 0.004089
v 0.191406 0.332031 0.003601
v 0.129883 -0.015991 0.094238
v -0.162109 -0.169922 0.036377
v 0.400391 -0.146484 -0.136719
v 0.253906 -0.124512 0.092285
v 0.259766 -0.105957 0.093262
v -0.617188 -0.126953 -0.020508
v -0.699219 -0.127930 -0.020264
v -0.589844 -0.125000 -0.018921
v -0.894531 -0.198242 0.044434
v 0.156250 0.170898 -0.029907
v 0.028686 -0.121582 -0.135742
v 0.028320 -0.128906 -0.134766
v 0.027466 -0.117676 -0.135742
v 0.335938 -0.056641 -0.024414
v -0.589844 -0.202148 -0.023071
v -0.589844 -0.202148 -0.014954
v -0.593750 -0.203125 -0.035156
v -0.562500 -0.203125 -0.026855
v 0.765625 -0.199219 -0.105469
v 0.765625 -0.201172 -0.105957
v 0.765625 -0.199219 -0.107910
v -0.003143 0.043457 0.008484
v 0.345703 -0.062500 -0.014831
v 0.345703 -0.062988 -0.023437
v 0.141602 -0.159180 0.116211
v 0.141602 -0.051514 0.113281
v 0.339844 -0.158203 0.125977
v 0.339844 -0.159180 0.101562
v -0.011597 -0.114746 -0.138672
v 0.012451 -0.114746 -0.138672
v -0.010010 -0.118164 -0.139648
v -0.030029 -0.117188 -0.137695
v 0.253906 -0.150391 -0.111816
v 0.251953 -0.150391 -0.168945
v -0.593750 -0.132812 0.023071
v -0.589844 -0.130859 0.020996
v -0.589844 -0.136719 0.019898
v 0.773438 -0.202148 -0.108398
v 0.122559 -0.016357 0.070312
v 0.014893 0.049561 0.052734
v 0.124512 -0.016113 0.070801
v 0.008423 -0.016479 0.058350
v 0.392578 -0.071777 -0.021240
v 0.390625 -0.073242 -0.017212
v 0.300781 -0.059570 0.031250
v -0.617188 -0.138672 0.022583
v -0.589844 -0.137695 0.023804
v -0.617188 -0.135742 0.023193
v -0.699219 -0.136719 0.022827
v -0.699219 -0.139648 0.021973
v -0.617188 -0.140625 0.020264
v -0.589844 -0.140625 0.021484
v 0.183594 0.335938 -0.005646
v 0.181641 0.337891 -0.004944
v 0.457031 -0.162109 0.018433
v 0.009827 0.039307 -0.055908
v 0.009033 0.025879 -0.049805
v 0.075195 -0.197266 -0.000256
v -0.018433 -0.200195 0.166992
v 0.335938 -0.079102 -0.051514
v 0.333984 -0.079102 -0.060303
v 0.328125 -0.079102 -0.055664
v 0.343750 -0.078613 -0.047363
v -0.468750 -0.159180 -0.040527
v 0.082031 0.078613 0.042725
v 0.153320 0.042480 0.020019
v 0.392578 -0.204102 -0.051025
v 0.388672 -0.204102 -0.058105
v -0.052002 -0.163086 0.070313
v 0.718750 -0.138672 -0.022949
v 0.240234 -0.147461 0.150391
v -0.351562 -0.201172 0.136719
v -0.474609 -0.204102 0.119629
v -0.351562 -0.199219 -0.000385
v -0.351562 -0.198242 0.137695
v 0.328125 -0.050537 -0.013184
v 1.000000 -0.198242 0.027100
v 0.120605 0.054932 -0.058106
v 0.024658 0.054687 -0.039795
v -0.135742 -0.086914 -0.048340
v -0.133789 -0.085938 0.048096
v -0.063477 -0.084473 -0.067383
v -0.065918 -0.084961 -0.075684
v -0.135742 -0.086914 -0.053711
v 0.396484 -0.060547 0.027222
v 0.169922 -0.150391 -0.166992
v 0.170898 -0.151367 -0.172852
v 0.166992 -0.150391 -0.165039
v 0.166992 -0.149414 -0.120117
v -0.699219 -0.125977 0.008362
v -0.878906 -0.204102 -0.018921
v -0.878906 -0.186523 -0.019287
v -0.882812 -0.205078 -0.017212
v 0.161133 0.019531 0.044922
v 0.125977 0.018677 0.074219
v 0.166016 0.018311 0.051514
v 0.166992 0.018677 0.046875
v 0.419922 -0.153320 -0.080078
v 0.738281 -0.115234 -0.017700
v 0.335938 -0.089844 0.027588
v 0.335938 -0.087402 0.032471
v 0.335938 -0.091797 0.020386
v 0.332031 -0.089844 0.030029
v 0.332031 -0.090820 0.018066
v -0.371094 -0.131836 -0.039795
v -0.589844 -0.140625 0.011536
v -0.589844 -0.139648 0.016480
v 0.166992 0.231445 -0.070801
v 0.166016 0.230469 0.067383
v 0.185547 0.228516 -0.072266
v 0.484375 -0.196289 0.044678
v -0.012390 0.013123 -0.032471
v -0.013123 0.013916 -0.015564
v -0.213867 -0.203125 0.035889
v 0.335938 -0.056152 0.022583
v 0.335938 -0.056885 0.021362
v 0.310547 -0.055664 0.023193
v 0.335938 -0.056885 0.024658
v -0.025879 -0.113281 -0.063965
v -0.032715 -0.017578 -0.058838
v -0.033447 -0.017944 -0.065430
v -0.024780 -0.112793 0.060059
v -1.000000 -0.202148 -0.020874
v 0.125000 0.025147 0.068848
v 0.447266 -0.158203 -0.013428
v -0.277344 -0.111328 0.032471
v -0.275391 -0.120117 0.041992
v -0.269531 -0.129883 0.045166
v -0.125977 -0.090820 0.019775
v -0.128906 -0.091309 0.013123
v -0.121582 -0.091309 0.023682
v 0.656250 -0.111328 -0.038330
v 0.652344 -0.112793 -0.030884
v 0.241211 -0.162109 0.137695
v 0.242188 -0.150391 0.135742
v -0.375000 -0.140625 0.022217
v -0.375000 -0.142578 0.016968
v 0.695312 -0.203125 0.003326
v 0.707031 -0.203125 -0.015015
v 0.746094 -0.202148 0.015625
v 0.707031 -0.204102 0.011292
v 0.404297 -0.160156 0.127930
v 0.402344 -0.151367 0.126953
v 0.205078 -0.144531 -0.132812
v 0.159180 0.041504 0.027588
v 0.152344 0.041992 0.026001
v 0.160156 0.024292 0.030273
v 0.636719 -0.200195 -0.133789
v -0.108887 -0.079590 0.003998
v -0.107910 -0.079590 0.001373
v -0.108887 -0.079590 0.007507
v 0.028931 -0.127930 0.136719
v 0.030396 -0.127930 0.130859
v 0.025146 -0.126953 0.141602
v 0.839844 -0.137695 -0.011597
v 0.320312 -0.064453 0.032959
v -0.316406 -0.107422 -0.025146
v -0.314453 -0.106934 -0.012085
v -0.349609 -0.107910 -0.023682
v -0.490234 -0.202148 0.039795
v -0.511719 -0.202148 0.029663
v 0.636719 -0.198242 0.131836
v 0.632812 -0.198242 0.132812
v 0.765625 -0.199219 0.105957
v 0.115234 0.117188 -0.016602
v 0.392578 -0.056641 0.019409
v 0.335938 -0.058105 0.019531
v 0.166992 0.235352 -0.070313
v 0.166016 0.235352 -0.083984
v 0.433594 -0.195312 0.047607
v -0.042725 -0.194336 -0.140625
v 0.061279 -0.118164 -0.136719
v -0.047119 -0.194336 -0.140625
v -0.488281 -0.113281 0.031738
v -0.267578 -0.203125 -0.000496
v -0.292969 -0.206055 0.010010
v -0.294922 -0.205078 0.000122
v -0.292969 -0.206055 -0.008026
v -0.267578 -0.202148 -0.017090
v 0.328125 -0.053711 0.067383
v 0.332031 -0.054687 0.065918
v 1.000000 -0.199219 -0.031128
v 1.000000 -0.202148 -0.025757
v 0.128906 0.107910 0.028076
v -0.042969 -0.117676 0.132812
v -0.044678 -0.121094 0.130859
v -0.039307 -0.117188 0.134766
v 0.394531 -0.071289 -0.022339
v 0.271484 -0.333984 0.127930
v -0.617188 -0.136719 -0.022217
v -0.605469 -0.134766 -0.021118
v 0.455078 -0.161133 0.025269
v 0.453125 -0.163086 0.025513
v 0.453125 -0.164062 0.024048
v 0.453125 -0.161133 0.023315
v 0.016479 0.041260 -0.051514
v 0.009338 0.040771 -0.049072
v 0.314453 -0.157227 -0.149414
v 0.314453 -0.198242 -0.149414
v 0.314453 -0.153320 -0.148438
v 0.318359 -0.157227 -0.150391
v 0.316406 -0.196289 -0.150391
v -0.355469 -0.196289 -0.146484
v 0.257812 0.045410 0.004303
v 0.253906 0.045410 0.000435
v 0.652344 -0.203125 -0.036377
v 0.660156 -0.198242 -0.043213
v 0.006897 -0.017090 0.070312
v -0.001663 0.006409 0.064453
v 0.018677 -0.017578 0.073242
v -0.009949 -0.016602 0.063477
v 0.345703 -0.145508 -0.126953
v 0.345703 -0.145508 -0.133789
v 0.345703 -0.145508 -0.109375
v 0.121094 -0.110352 0.135742
v 0.126953 -0.109375 0.121582
v 0.124023 -0.075684 0.136719
v 0.109863 -0.074707 0.136719
v 0.103516 -0.112305 0.132812
v -0.187500 -0.178711 -0.032471
v -0.193359 -0.184570 -0.034180
v -0.019409 -0.127930 -0.103516
v -0.578125 -0.111328 0.011231
v -0.582031 -0.110840 0.001007
v -0.353516 -0.333984 -0.105469
v -0.478516 -0.335938 -0.089844
v -0.227539 -0.263672 -0.138672
v -0.232422 -0.335938 -0.119629
v -0.478516 -0.333984 -0.084961
v 0.984375 -0.200195 -0.030518
v -0.140625 -0.118652 0.038086
v -0.139648 -0.097168 0.038086
v -0.145508 -0.098145 0.035400
v 0.394531 -0.066895 -0.029053
v 0.394531 -0.065430 -0.030273
v 0.390625 -0.068848 -0.030762
v 0.171875 -0.154297 0.169922
v 0.167969 -0.154297 0.170898
v 0.251953 -0.152344 0.171875
v 0.171875 -0.151367 0.170898
v -0.699219 -0.130859 -0.003677
v -0.609375 -0.187500 0.020386
v -0.601562 -0.195312 0.020874
v -0.609375 -0.186523 0.036865
v 0.423828 -0.153320 0.078125
v 0.339844 -0.090332 -0.016540
v 0.333984 -0.089844 -0.006897
v -0.267578 -0.175781 0.049072
v 0.742188 -0.189453 -0.049805
v 0.648438 -0.188477 -0.047607
v 0.699219 -0.173828 -0.051025
v 0.029175 0.025024 0.062012
v 0.040771 0.024536 0.063477
v -0.163086 -0.198242 0.051758
v 0.281250 -0.065918 0.009094
v -0.898438 -0.333984 -0.025513
v 0.165039 0.014465 0.052246
v 0.124512 -0.018799 0.078125
v 0.341797 -0.159180 -0.136719
v -0.182617 -0.156250 0.010071
v -0.186523 -0.161133 0.012817
v 0.726562 -0.109863 -0.000614
v 0.738281 -0.113770 -0.001078
v 0.277344 -0.125000 0.091797
v 0.265625 -0.124023 0.092773
v 0.267578 0.035645 -0.022949
v 0.012207 -0.016480 -0.053711
v -0.121094 -0.195312 -0.170898
v 0.394531 -0.071289 0.020874
v 0.335938 -0.074219 0.021973
v -0.726562 -0.199219 -0.087891
v 0.177734 0.326172 0.007019
v 0.175781 0.324219 0.004974
v 0.177734 0.010498 0.006744
v 0.445312 -0.163086 -0.023193
v 0.445312 -0.160156 -0.022217
v 0.447266 -0.163086 -0.024902
v 0.695312 -0.158203 -0.053223
v 0.750000 -0.157227 -0.052246
v 0.324219 -0.099609 0.069336
v 0.318359 -0.098144 0.074707
v 0.332031 -0.100586 0.062500
v 0.330078 -0.079590 0.064453
v 0.197266 0.164062 -0.017578
v 0.178711 0.162109 -0.018066
v 0.457031 -0.163086 0.021362
v 0.069336 0.097656 -0.032715
v 0.078613 0.096191 -0.038086
v 0.075684 0.079102 -0.037354
v 0.182617 0.171875 0.074707
v 0.120605 -0.139648 -0.122070
v 0.121094 -0.060303 -0.121094
v 0.137695 -0.059815 -0.120605
v -0.980469 -0.198242 0.019043
v -0.253906 -0.146484 -0.020264
v -0.255859 -0.145508 -0.037109
v -0.267578 -0.143555 -0.048828
v -0.129883 -0.085938 0.000305
v 0.656250 -0.112305 0.034180
v 0.245117 -0.124512 -0.093262
v -0.585938 -0.125977 0.020508
v -0.617188 -0.125977 0.019165
v -0.589844 -0.126953 0.020874
v -0.589844 -0.124512 0.018066
v 0.867188 -0.335938 -0.042480
v 0.894531 -0.333984 -0.036133
v 0.890625 -0.333984 -0.001705
v 0.769531 -0.335938 -0.056152
v 0.114746 -0.071777 0.123535
v 0.127930 -0.075195 0.120605
v 0.098145 -0.070801 0.119629
v 0.191406 -0.104492 0.089356
v 0.200195 -0.125000 0.090820
v 0.207031 -0.104492 0.090332
v 0.185547 -0.125000 0.087402
v 0.194336 -0.125000 0.090332
v 0.190430 -0.103027 0.081543
v 0.202148 -0.103027 0.083008
v -0.589844 -0.139648 0.006378
v 0.159180 0.250000 -0.028565
v 0.157227 0.255859 -0.025757
v 0.157227 0.257812 -0.028076
v 0.503906 -0.196289 0.150391
v -0.022217 0.010620 -0.008331
v 0.073730 -0.199219 -0.181641
v 0.166992 -0.263672 -0.156250
v 0.074219 -0.197266 -0.181641
v 0.076660 -0.263672 -0.157227
v 0.165039 -0.197266 -0.177734
v 0.166016 -0.198242 -0.177734
v 0.832031 -0.140625 0.006561
v 0.757812 -0.139648 0.006744
v 0.310547 -0.068848 -0.030640
v 0.234375 0.033936 0.039795
v 0.108398 0.140625 0.021973
v 0.107910 0.140625 0.015137
v -0.227539 -0.197266 0.155273
v -0.351562 -0.196289 0.142578
v -0.353516 -0.197266 0.143555
v 0.392578 -0.063477 -0.014831
v 0.394531 -0.064453 -0.015869
v 0.394531 -0.062256 -0.016846
v 0.335938 -0.063965 -0.013733
v 0.394531 -0.065430 -0.015808
v 0.388672 -0.060791 -0.014709
v 0.335938 -0.061768 -0.013061
v -0.878906 -0.180664 -0.012695
v -0.886719 -0.187500 -0.013184
v 0.166016 0.166992 0.074219
v 0.167969 0.166992 0.065430
v -0.119629 -0.080566 0.014465
v -0.117676 -0.080078 0.008728
v -0.012939 -0.116211 0.106445
v 0.312500 -0.058594 0.015137
v -0.061523 -0.086426 -0.076172
v -0.066895 -0.091309 -0.077148
v 0.392578 -0.059082 0.026733
v 0.308594 -0.073242 -0.012695
v 0.335938 -0.072754 -0.015625
v 0.310547 -0.069824 -0.010864
v 0.335938 -0.074219 -0.017944
v -0.605469 -0.130859 0.037842
v -0.605469 -0.142578 0.052246
v 0.185547 0.010254 0.011780
v 0.188477 0.010864 0.012512
v 0.186523 0.324219 0.010071
v 0.449219 -0.158203 -0.021240
v 0.453125 -0.158203 -0.019409
v 0.016846 -0.126953 0.107910
v 0.718750 -0.129883 -0.024658
v -0.593750 -0.135742 0.023682
v 0.186523 0.333984 -0.007843
v 0.498047 -0.193359 0.018066
v 0.494141 -0.193359 0.023193
v 0.494141 -0.193359 0.011108
v 0.046631 0.009216 -0.066406
v -0.208008 -0.208008 -0.023437
v 0.339844 -0.150391 0.103027
v 0.127930 -0.112305 -0.134766
v 0.134766 -0.117188 -0.133789
v 0.127930 -0.112793 -0.129883
v 0.118164 0.132812 -0.003082
v 0.419922 -0.167969 -0.043701
v 0.423828 -0.200195 -0.046143
v -0.173828 -0.163086 0.029785
v -0.187500 -0.175781 0.032715
v -0.147461 -0.166992 0.041748
v -0.353516 -0.197266 0.147461
v -0.227539 -0.196289 0.162109
v -0.353516 -0.196289 0.145508
v -0.351562 -0.199219 0.146484
v 0.115234 0.079102 -0.037598
v 0.396484 -0.144531 0.103516
v 0.394531 -0.144531 0.121582
v 0.398438 -0.145508 0.103027
v 0.166016 -0.195312 -0.166016
v 0.166016 -0.196289 -0.118652
v -0.703125 -0.140625 0.011902
v -0.699219 -0.142578 0.013367
v -0.609375 -0.202148 0.000198
v -0.609375 -0.202148 0.100586
v -0.773438 -0.205078 0.073731
v 0.191406 -0.052246 0.068359
v 0.018677 0.028809 0.043701
v 0.015503 0.060547 0.037842
v 0.020019 0.029541 -0.038818
v 0.086914 -0.116699 0.129883
v 0.089844 -0.076172 0.130859
v 0.062988 -0.118164 0.126953
v 0.337891 -0.090332 0.016724
v -0.265625 -0.174805 -0.048096
v -0.265625 -0.156250 -0.050537
v -0.255859 -0.173828 -0.036621
v -0.267578 -0.188477 -0.045410
v -0.464844 -0.144531 -0.022095
v 0.181641 0.165039 -0.080078
v 0.182617 0.170898 -0.081055
v 0.184570 0.169922 -0.080566
v 0.171875 0.166016 -0.081543
v 0.054443 -0.016968 -0.077148
v 0.051270 0.008118 -0.074219
v 0.042236 -0.017578 -0.074707
v -0.043701 -0.127930 -0.130859
v 0.392578 -0.110352 0.048584
v 0.394531 -0.110840 -0.049805
v 0.285156 -0.066406 -0.025635
v 0.159180 0.041504 -0.022095
v 0.160156 0.024048 -0.027954
v 0.160156 0.024048 -0.037598
v 0.375000 -0.150391 0.137695
v 0.373047 -0.159180 0.138672
v 0.057373 0.131836 -0.010620
v 0.016479 -0.112793 -0.135742
v 0.761719 -0.126953 0.006683
v 0.333984 -0.115723 -0.071289
v 0.159180 0.257812 0.022217
v -0.009033 0.019287 -0.050781
v -0.121582 -0.197266 0.161133
v -0.123535 -0.201172 0.160156
v 0.396484 -0.145508 -0.061279
v 0.394531 -0.130859 -0.061768
v 0.398438 -0.148438 -0.062500
v 0.154297 0.042236 -0.015747
v 0.159180 0.023560 -0.021973
v 0.511719 -0.201172 -0.000666
v 0.636719 -0.203125 0.125000
v 0.636719 -0.203125 -0.000893
v -0.020752 -0.139648 -0.091797
v -0.043457 -0.058838 -0.078613
v -0.056152 -0.059815 -0.075684
v 0.322266 -0.078613 -0.071289
v 0.324219 -0.100098 -0.071777
v 0.318359 -0.100098 -0.076172
v 0.320312 -0.079102 -0.061768
v 0.328125 -0.079590 -0.065430
v 0.312500 -0.076172 -0.071777
v 0.316406 -0.078125 -0.064941
v 0.316406 -0.078125 -0.076172
v -0.335938 -0.124023 0.013062
v -0.375000 -0.125000 0.014587
v -0.539062 -0.198242 -0.041992
v -0.539062 -0.200195 -0.034180
v -0.593750 -0.199219 -0.040283
v 0.180664 0.008423 0.016846
v 0.180664 -0.019775 0.017090
v 0.198242 -0.020386 0.018677
v 0.054688 0.040039 0.059326
v 0.047119 0.040527 0.062988
v 0.051270 0.024536 0.064453
v 0.125000 0.041260 -0.059815
v 0.117676 0.040527 -0.060059
v -0.189453 -0.173828 -0.026123
v -0.578125 -0.111328 0.024170
v -0.585938 -0.111816 0.030762
v -0.375000 -0.197266 -0.019409
v -0.382812 -0.187500 -0.020630
v 0.738281 -0.198242 -0.041748
v 0.127930 0.097168 0.018188
v 0.132812 0.096680 0.012695
v 0.125000 0.110352 0.016602
v 0.186523 0.011963 -0.010315
v 0.026733 -0.116211 -0.112305
v 0.271484 -0.197266 -0.173828
v 0.271484 -0.198242 -0.173828
v -0.335938 -0.131836 0.004211
v 0.200195 0.173828 0.023315
v 0.200195 0.173828 0.019165
v -0.212891 -0.204102 0.040039
v 0.341797 -0.151367 -0.104492
v 0.341797 -0.160156 -0.103516
v 0.343750 -0.147461 -0.109375
v 0.343750 -0.160156 -0.101074
v 0.345703 -0.150391 -0.101074
v 0.343750 -0.147461 -0.104492
v 0.443359 -0.161133 -0.020630
v -0.004272 0.041748 0.049805
v -0.005981 0.026489 0.048584
v -0.000349 0.027710 0.052246
v 0.003876 0.042725 0.052734
v -0.000021 0.043457 0.045654
v -0.129883 -0.090332 0.000183
v 0.134766 -0.021851 -0.086914
v -0.144531 -0.119629 -0.012817
v 0.398438 -0.145508 0.124023
v 0.402344 -0.147461 0.125000
v 0.392578 -0.143555 0.126953
v -0.699219 -0.141602 -0.012207
v -0.699219 -0.143555 -0.015320
v -0.617188 -0.143555 -0.013855
v 0.203125 0.255859 0.032227
v 0.202148 0.250000 0.031738
v -0.006653 0.041992 0.043701
v -0.008667 0.025879 0.034180
v -0.008179 0.026123 0.041016
v 0.835938 -0.135742 -0.005035
v 0.326172 -0.070312 0.036377
v 0.345703 -0.067383 0.033691
v 0.337891 -0.075195 0.033447
v 0.234375 0.034180 -0.038574
v 0.210938 -0.103516 -0.056396
v 0.234375 0.034180 -0.034180
v 0.232422 0.034180 0.034912
v 0.210938 -0.104004 0.052490
v 0.494141 -0.200195 0.042969
v -0.226562 -0.195312 -0.158203
v 0.351562 -0.076172 0.008057
v 0.165039 -0.333984 -0.123535
v 0.075195 -0.333984 0.000580
v 0.165039 -0.333984 -0.129883
v 0.125977 0.016724 0.075195
v 0.349609 -0.159180 -0.142578
v 0.255859 -0.154297 0.104980
v 0.257812 -0.195312 0.102539
v 0.186523 0.332031 -0.008972
v 0.067871 0.028442 0.015259
v 0.196289 0.017578 -0.015564
v 0.067871 0.027222 -0.021118
v 0.398438 -0.124512 0.048828
v 0.398438 -0.124023 -0.060303
v 0.396484 -0.155273 -0.061279
v -0.617188 -0.142578 -0.016540
v 0.156250 0.170898 0.027832
v 0.451172 -0.163086 -0.012024
v 0.453125 -0.161133 -0.012817
v 0.455078 -0.164062 -0.012634
v 0.061279 -0.075195 0.125000
v 0.076660 -0.071289 0.114746
v 0.036621 -0.119141 0.121582
v 0.054443 -0.070312 0.108398
v 0.029785 -0.074219 0.117188
v 0.835938 -0.133789 -0.013306
v 0.835938 -0.134766 -0.019287
v 0.335938 -0.056885 0.061523
v 0.335938 -0.117188 0.060303
v 0.333984 -0.058838 -0.061768
v -0.601562 -0.333984 0.067383
v -0.478516 -0.333984 0.090820
v -0.353516 -0.333984 0.101074
v 0.312500 -0.054688 -0.021728
v 0.335938 -0.056885 -0.020630
v 0.333984 -0.056641 -0.021606
v 0.310547 -0.055176 -0.017334
v 0.632812 -0.187500 0.036621
v 0.093262 0.039795 -0.063965
v 0.100098 0.040039 -0.059082
v 0.089355 0.023071 -0.062256
v -0.144531 -0.098633 -0.011108
v -0.144531 -0.099121 -0.016724
v -0.140625 -0.098145 -0.015686
v 0.351562 -0.145508 0.131836
v 0.359375 -0.143555 0.130859
v 0.172852 -0.161133 -0.142578
v 0.172852 -0.160156 -0.136719
v 0.173828 -0.160156 -0.155273
v -0.703125 -0.129883 0.021118
v -0.703125 -0.130859 0.022095
v 0.175781 0.324219 -0.002029
v 0.425781 -0.195312 0.045898
v -0.183594 -0.169922 -0.026977
v 0.835938 -0.142578 -0.019043
v 0.835938 -0.138672 -0.019287
v 0.839844 -0.140625 -0.017090
v 0.112793 0.137695 0.020264
v 0.116211 0.110352 0.025513
v 0.119141 0.111328 0.025146
v 0.112793 0.137695 0.016235
v 0.110840 0.140625 0.020019
v 0.394531 -0.144531 -0.109863
v 0.173828 -0.160156 0.154297
v -0.589844 -0.135742 -0.002945
v -0.902344 -0.333984 -0.023926
v -0.816406 -0.337891 -0.001368
v 0.194336 -0.023315 -0.063965
v 0.199219 -0.117188 -0.064941
v 0.205078 -0.117676 -0.063965
v 0.198242 -0.018189 -0.061035
v 0.200195 -0.023438 -0.058350
v 0.423828 -0.200195 0.044922
v 0.021484 -0.112793 -0.134766
v 0.738281 -0.115234 0.016724
v 0.738281 -0.113281 0.027832
v -0.375000 -0.135742 0.024536
v 0.300781 0.040527 0.039795
v 0.507812 -0.335938 -0.104980
v -0.292969 -0.202148 0.039307
v -0.328125 -0.204102 0.031250
v -0.980469 -0.337891 0.008789
v 0.137695 -0.052002 -0.117188
v 0.122070 -0.052979 -0.119141
v 0.341797 -0.080566 0.055664
v 0.339844 -0.082520 0.046631
v 0.332031 -0.082031 0.052490
v 0.345703 -0.102051 0.054932
v 0.349609 -0.080566 0.052246
v 0.335938 -0.080566 0.059570
v 0.337891 -0.101562 0.058594
v -0.040283 -0.127930 -0.134766
v 0.257812 -0.196289 -0.105469
v -0.335938 -0.138672 -0.002838
v 0.188477 0.235352 0.079590
v -0.159180 -0.198242 0.051514
v -0.153320 -0.198242 0.051270
v 0.176758 0.164062 0.016846
v 0.455078 -0.195312 0.049072
v -0.033203 -0.013977 -0.065430
v -0.032715 -0.017822 0.058105
v -0.032471 -0.013977 -0.058105
v -0.008911 -0.127930 -0.104004
v 0.016235 -0.127930 -0.105957
v 0.023682 -0.120605 -0.108887
v 0.335938 -0.116211 -0.062988
v 0.296875 -0.050537 0.004791
v 0.289062 -0.051514 0.004913
v -0.196289 -0.188477 0.035400
v -0.201172 -0.198242 0.033203
v -0.190430 -0.190430 0.039307
v -0.191406 -0.184570 0.037354
v 0.341797 -0.061768 -0.032471
v 0.165039 -0.194336 0.164062
v -0.824219 -0.200195 -0.063965
v -0.898438 -0.199219 -0.043457
v -0.816406 -0.200195 -0.064453
v 0.158203 0.257812 0.018677
v 0.443359 -0.163086 -0.013428
v 0.746094 -0.145508 -0.052002
v -0.316406 -0.157227 0.052490
v 0.310547 0.015381 -0.019287
v 1.000000 -0.197266 -0.001724
v -0.139648 -0.097168 -0.023926
v -0.617188 -0.130859 0.006348
v -0.589844 -0.129883 0.004822
v -0.699219 -0.128906 0.007080
v 0.423828 -0.157227 -0.153320
v 0.421875 -0.154297 -0.152344
v 0.318359 -0.153320 -0.149414
v 0.427734 -0.197266 -0.153320
v 0.423828 -0.198242 -0.153320
v 0.427734 -0.157227 -0.151367
v 0.021851 -0.114746 0.138672
v 0.022583 -0.112793 0.132812
v 0.359375 -0.080078 0.048096
v 0.355469 -0.079590 0.041016
v -0.593750 -0.137695 0.021973
v 0.253906 0.042969 -0.017578
v 0.263672 0.044190 -0.018433
v 0.261719 0.041748 -0.021729
v 0.253906 0.041260 -0.019165
v -0.107910 -0.079590 -0.002022
v -0.181641 -0.186523 -0.045410
v -0.182617 -0.199219 -0.047119
v -0.976562 -0.199219 -0.020996
v -0.964844 -0.200195 -0.024780
v -0.972656 -0.201172 -0.020752
v 0.131836 0.041504 0.062012
v 0.130859 0.025879 0.062500
v 0.129883 0.041748 0.066895
v 0.271484 -0.263672 -0.151367
v 0.390625 -0.335938 -0.122559
v 0.898438 -0.198242 0.066895
v 0.886719 -0.199219 0.072266
v 0.132812 0.097656 -0.013367
v 0.129883 0.110840 -0.016968
v 0.131836 0.110840 -0.009644
v 0.127930 0.097168 -0.019043
v 0.133789 0.096680 -0.003342
v 0.198242 0.024170 0.015869
v 0.062988 0.094727 0.040527
v 0.067871 0.097168 0.036621
v 0.058838 0.095703 0.036133
v 0.058838 0.077637 0.038574
v 0.071289 0.078125 0.041992
v 0.074707 0.096191 0.041748
v -0.097168 -0.090820 0.000069
v -0.202148 -0.181641 -0.011475
v -0.468750 -0.145508 0.038574
v -0.464844 -0.159180 0.022339
v -0.466797 -0.158203 0.040039
v 0.188477 0.332031 -0.008118
v 0.187500 0.324219 -0.008240
v 0.714844 -0.203125 0.018677
v 0.070801 0.008789 -0.070801
v -0.125977 -0.199219 -0.000675
v -0.231445 -0.198242 0.000259
v -0.228516 -0.200195 0.152344
v -0.021606 -0.198242 -0.000845
v -0.122070 -0.200195 -0.161133
v 0.355469 -0.159180 0.136719
v 0.355469 -0.147461 0.134766
v 0.179688 -0.103516 -0.081055
v 0.178711 -0.020020 -0.017334
v 0.178711 -0.020264 0.015991
v 0.181641 0.008240 -0.017700
v -0.179688 -0.162109 -0.022095
v -0.172852 -0.157227 -0.021606
v -0.011536 -0.114258 -0.106445
v -0.314453 -0.156250 -0.052002
v -0.314453 -0.141602 -0.051025
v 0.281250 0.045410 0.006592
v 0.279297 0.045898 0.001663
v 0.273438 0.044922 0.000458
v 0.273438 0.045166 0.003967
v 0.112793 -0.017334 0.087402
v 0.109863 0.007202 0.084961
v 0.102539 -0.016968 0.085938
v -0.151367 -0.167969 0.045166
v 0.225586 -0.102539 0.083496
v -0.703125 -0.139648 0.012756
v 0.159180 0.257812 -0.033691
v -0.005676 0.026367 -0.042236
v 0.335938 -0.066406 -0.013611
v 0.310547 -0.067383 -0.010620
v 0.310547 -0.063965 -0.009949
v -0.361328 -0.120605 0.036621
v -0.353516 -0.117676 0.041992
v -0.593750 -0.144531 -0.012207
v 0.474609 -0.182617 -0.041748
v 0.480469 -0.183594 -0.041260
v -0.194336 -0.202148 0.034180
v -0.202148 -0.206055 0.029541
v -0.976562 -0.202148 0.029907
v 0.124023 0.108398 0.028076
v -0.209961 -0.174805 -0.035156
v -0.144531 -0.187500 -0.039062
v -0.147461 -0.187500 -0.040771
v 0.628906 -0.159180 0.019165
v 0.275391 -0.102051 -0.082519
v 0.281250 -0.104492 -0.090332
v 0.263672 -0.102539 -0.083496
v -0.597656 -0.125977 0.019898
v 0.318359 -0.001488 0.026489
v 0.316406 0.014832 0.029663
v 0.316406 -0.002319 0.029785
v 0.316406 0.015625 0.025024
v 0.318359 -0.001900 0.021240
v 0.106445 0.026123 0.060791
v 0.109375 0.060791 0.059570
v 0.111328 0.026489 0.050537
v 0.113770 0.061768 0.048584
v -0.144531 -0.118164 0.016968
v 0.166016 -0.196289 0.168945
v -0.003265 0.042725 -0.011353
v -0.009399 0.041504 -0.012451
v -0.003708 0.043457 -0.001522
v 0.022095 -0.114258 -0.136719
v 0.835938 -0.125000 0.010620
v 0.832031 -0.125977 0.006531
v 0.835938 -0.126953 0.011353
v 0.335938 -0.103027 -0.059814
v -0.476562 -0.140625 -0.016418
v 0.200195 0.170898 0.028564
v 0.636719 -0.202148 -0.133789
v 0.773438 -0.200195 -0.108887
v -0.044434 -0.127930 0.129883
v -0.043701 -0.117676 0.113770
v 0.345703 -0.087891 -0.018066
v -0.882812 -0.205078 -0.013489
v 0.396484 -0.159180 -0.099609
v 0.400391 -0.159180 -0.103516
v -0.373047 -0.137695 -0.022949
v -0.375000 -0.135742 -0.022461
v -0.261719 -0.197266 -0.018921
v -0.253906 -0.185547 -0.019409
v 0.976562 -0.201172 0.055420
v 0.455078 -0.195312 -0.047852
v -0.062500 -0.059570 0.064453
v -0.058838 -0.161133 -0.064941
v -0.055664 -0.162109 0.064941
v -0.001862 -0.119629 0.104980
v 0.835938 -0.137695 -0.018921
v 0.835938 -0.138672 -0.023682
v -0.373047 -0.126953 -0.008575
v -0.335938 -0.126953 -0.006042
v -0.597656 -0.201172 0.104004
v -0.597656 -0.199219 0.105957
v -0.474609 -0.198242 0.123047
v 0.138672 -0.115234 -0.132812
v 0.137695 -0.193359 -0.134766
v -0.703125 -0.127930 0.010559
v 0.128906 -0.016235 0.068359
v 0.163086 -0.014893 0.047852
v -0.269531 -0.144531 0.048828
v -0.060547 -0.085937 0.075684
v -0.060303 -0.090820 0.076172
v -0.064941 -0.085449 0.074219
v -0.351562 -0.197266 0.140625
v -0.229492 -0.198242 0.153320
v -0.208984 -0.203125 -0.036621
v 0.394531 -0.145508 0.096191
v -0.022949 -0.014587 0.050781
v 0.126953 -0.193359 0.139648
v 0.126953 -0.118164 0.138672
v 0.131836 -0.193359 0.135742
v 0.390625 -0.067383 0.015137
v -0.255859 -0.157227 -0.037598
v -0.135742 -0.093750 -0.053955
v 0.363281 -0.079102 0.034912
v 0.365234 -0.079102 0.040039
v 0.365234 -0.104492 0.033936
v -0.988281 -0.198242 0.014771
v 0.155273 0.170898 -0.034668
v 0.200195 0.169922 -0.034668
v 0.155273 0.174805 -0.034668
v 0.200195 0.173828 -0.034912
v -0.009949 -0.127930 -0.139648
v 0.013306 -0.120605 -0.141602
v -0.292969 -0.203125 -0.020508
v 0.310547 -0.055908 0.029297
v 0.310547 -0.055908 0.025757
v 0.894531 -0.199219 -0.072754
v 0.878906 -0.202148 -0.069824
v 0.146484 0.052979 0.018433
v 0.145508 0.075195 0.023560
v 0.147461 0.053711 0.011230
v 0.390625 -0.058838 -0.016418
v 0.237305 -0.150391 0.129883
v 0.022095 0.030273 -0.044434
v 0.238281 -0.161133 -0.131836
v -0.373047 -0.139648 0.006439
v -0.227539 -0.200195 -0.151367
v -0.351562 -0.200195 -0.135742
v 0.191406 -0.052734 -0.068848
v 0.328125 -0.052734 0.062500
v 0.328125 -0.053223 -0.063477
v 0.332031 -0.053467 0.062012
v -0.992188 -0.198242 -0.020508
v 0.137695 0.075684 0.022827
v 0.310547 -0.055664 -0.015686
v 0.310547 -0.058105 -0.013550
v 0.333984 -0.057373 -0.017578
v 0.750000 -0.196289 0.031982
v 0.380859 -0.145508 0.132812
v 0.359375 -0.145508 0.133789
v -0.617188 -0.126953 0.021973
v 0.427734 -0.196289 -0.147461
v 0.053467 0.112793 0.017578
v 0.059082 0.129883 0.019775
v 0.054932 0.129883 0.018799
v 0.058350 0.113770 0.022095
v 0.020386 -0.127930 0.141602
v 0.021851 -0.120117 0.141602
v 0.761719 -0.132812 -0.007446
v 0.835938 -0.132812 -0.004852
v 0.185547 0.328125 -0.008728
v 0.648438 -0.190430 0.043213
v 0.656250 -0.201172 0.039551
v -0.224609 -0.196289 -0.153320
v 0.341797 -0.090332 -0.001999
v 0.339844 -0.089844 -0.005768
v -0.898438 -0.333984 0.022827
v -0.968750 -0.335938 0.014587
v 0.730469 -0.110352 0.023315
v 0.695312 -0.112305 0.034424
v -0.263672 -0.197266 -0.031982
v -0.269531 -0.202148 -0.027832
v 0.875000 -0.333984 -0.045898
v 0.957031 -0.335938 -0.012573
v 0.120605 -0.018921 0.079102
v -0.009094 -0.017456 0.062012
v -0.597656 -0.120605 -0.034668
v -0.597656 -0.127930 -0.044922
v -0.609375 -0.130859 -0.037353
v 0.159180 0.251953 -0.021362
v 0.201172 0.251953 -0.020264
v -0.025635 -0.014221 -0.065430
v -0.026733 -0.018189 -0.066895
v 0.197266 0.018189 0.015747
v 0.068359 0.026611 0.020264
v 0.194336 0.011169 0.017334
v 0.079590 0.097168 0.038818
v -0.208008 -0.192383 0.021484
v 0.273438 -0.198242 0.171875
v 0.121582 0.025513 -0.033936
v 0.037354 0.018555 0.022339
v 0.129883 0.025757 0.034668
v 0.014465 -0.057861 -0.016724
v 0.449219 -0.158203 0.019287
v -0.589844 -0.136719 0.006897
v -0.589844 -0.129883 0.008423
v -0.593750 -0.130859 0.006104
v -0.314453 -0.172852 -0.051025
v 0.195312 0.011169 0.006012
v 0.194336 0.326172 0.001083
v -0.150391 -0.203125 0.048340
v 0.182617 -0.143555 0.151367
v 0.179688 -0.145508 0.155273
v 0.205078 -0.142578 0.136719
v 0.158203 0.023804 -0.039551
v 0.151367 0.041992 -0.046631
v 0.158203 0.041992 -0.041260
v 0.390625 -0.335938 0.112793
v -0.490234 -0.201172 0.000519
v 0.279297 -0.059570 0.066895
v -0.130859 -0.201172 0.056641
v -0.134766 -0.087402 0.053467
v 0.394531 -0.058594 -0.025269
v 0.390625 -0.055664 -0.025146
v 0.761719 -0.134766 -0.007965
v 0.722656 -0.133789 -0.004852
v -0.337891 -0.144531 0.014404
v 0.125977 0.111328 -0.010376
v -0.375000 -0.127930 -0.006287
v -0.337891 -0.127930 -0.004257
v -0.375000 -0.129883 -0.005280
v -0.335938 -0.130859 -0.002640
v -0.589844 -0.142578 0.019043
v -0.617188 -0.141602 0.017578
v -0.589844 -0.142578 0.015381
v 0.265625 0.045410 -0.009399
v 0.267578 0.044678 -0.015625
v 0.496094 -0.193359 0.006409
v 0.002640 -0.114258 -0.099609
v 0.030029 -0.114746 -0.111328
v 0.051270 -0.076172 -0.119141
v 0.339844 -0.151367 0.124023
v 0.330078 -0.100098 -0.063965
v -0.054932 -0.202148 0.074219
v -0.474609 -0.141602 0.008789
v -0.373047 -0.142578 0.011108
v 0.746094 -0.202148 0.028076
v 0.734375 -0.203125 0.030762
v 0.059815 0.009399 -0.067871
v -0.044190 -0.117676 -0.113281
v -0.041504 -0.115234 -0.110840
v 0.184570 0.337891 -0.000542
v 0.115234 -0.193359 0.139648
v -0.041748 -0.194336 0.139648
v -0.605469 -0.198242 0.102539
v 0.094238 0.078125 -0.040039
v 0.103027 0.078125 -0.038818
v 0.173828 -0.195312 -0.172852
v 0.154297 0.042236 -0.007141
v 0.421875 -0.196289 0.041016
v 1.000000 -0.198242 -0.022827
v 0.835938 -0.129883 0.009583
v 0.835938 -0.130859 0.008423
v 0.328125 -0.156250 -0.080566
v 0.316406 -0.197266 -0.083496
v -0.227539 -0.199219 0.162109
v 0.365234 -0.125977 0.036377
v 0.386719 -0.123047 -0.058594
v 0.141602 0.060059 -0.038330
v 0.137695 0.058838 -0.039551
v -0.121094 -0.195312 -0.164062
v -0.119629 -0.196289 -0.163086
v -0.597656 -0.129883 0.023438
v 0.113281 0.132812 -0.001652
v 0.392578 -0.071777 -0.020264
v 0.208984 -0.125000 0.092773
v 0.195312 0.005219 -0.018189
v 0.194336 0.007690 -0.017578
v 0.045166 0.024536 -0.059326
v 0.052734 0.040039 -0.059570
v -0.110352 -0.080078 -0.014893
v -0.166992 -0.166016 0.032959
v 0.345703 -0.150391 -0.139648
v 0.180664 -0.104492 0.079590
v 0.181641 -0.124023 0.081543
v 0.182617 -0.104492 0.085938
v -0.057373 -0.138672 -0.080078
v -0.116211 -0.091797 0.026001
v -0.109375 -0.091309 0.026611
v -0.117188 -0.086914 0.026367
v -0.478516 -0.134766 -0.006165
v -0.376953 -0.145508 0.042236
v 0.322266 -0.197266 -0.080078
v 0.718750 -0.130859 -0.004715
v -0.722656 -0.335938 0.049316
v 0.472656 -0.184570 0.041748
v 0.022583 -0.128906 -0.106934
v 0.025635 -0.128906 -0.109375
v -1.000000 -0.201172 0.019775
v -1.000000 -0.200195 0.016235
v 0.173828 -0.154297 0.112305
v 0.251953 -0.153320 0.104492
v 0.181641 0.015076 0.017090
v -0.478516 -0.138672 -0.018799
v 0.343750 -0.159180 -0.140625
v -0.001518 0.042969 0.040771
v -0.007874 0.041992 0.040039
v 0.235352 -0.161133 0.156250
v 0.235352 -0.149414 0.158203
v 0.980469 -0.335938 0.012512
v 0.250000 -0.101562 -0.081543
v 0.390625 -0.074707 0.026123
v -0.597656 -0.137695 0.005798
v -0.267578 -0.122559 0.030518
v -0.275391 -0.114258 0.025879
v 0.333984 -0.089844 0.008057
v 0.080078 0.024048 -0.062500
v -0.164062 -0.197266 -0.047852
v -0.161133 -0.186523 -0.047119
v 0.355469 -0.159180 0.092285
v -0.474609 -0.197266 -0.123535
v 0.458984 -0.195312 -0.048340
v 0.464844 -0.196289 -0.050049
v -0.472656 -0.201172 -0.000427
v 0.722656 -0.142578 0.008362
v 0.390625 -0.056152 0.026367
v 0.316406 0.015869 0.022339
v -0.589844 -0.142578 -0.014709
v 0.166016 -0.018799 -0.045898
v 0.289062 -0.123535 -0.089844
v 0.279297 -0.123535 -0.089844
v -0.382812 -0.144531 0.021240
v -0.024292 -0.013428 0.008789
v 0.183594 -0.012207 0.017456
v 0.660156 -0.110352 0.024170
v 0.214844 -0.104980 0.091797
v 0.221680 -0.124512 0.093262
v 0.112305 -0.193359 -0.138672
v 0.128906 -0.117676 -0.134766
v 0.124512 -0.194336 -0.137695
v 0.310547 -0.061035 -0.011475
v -0.335938 -0.125000 0.018799
v 0.302734 0.033691 0.040527
v 0.015015 -0.127930 0.142578
v 0.015625 -0.121094 0.143555
v -0.486328 -0.114258 -0.016846
v -0.589844 -0.137695 0.021851
v 0.202148 0.251953 -0.024780
v 0.157227 0.250000 -0.026733
v 0.135742 -0.111816 -0.133789
v -0.824219 -0.203125 -0.073242
v 0.133789 0.097168 0.005096
v 0.423828 -0.195312 -0.041992
v -0.146484 -0.198242 0.043213
v -0.144531 -0.188477 0.042725
v -0.147461 -0.187500 0.048096
v -0.148438 -0.198242 0.049805
v -0.380859 -0.157227 0.043701
v 0.109375 0.079102 -0.038086
v 0.388672 -0.143555 0.128906
v -0.703125 -0.135742 0.020142
v -0.699219 -0.133789 0.021729
v -0.601562 -0.196289 -0.000784
v 0.198242 -0.020508 -0.054688
v 0.199219 -0.018188 0.062500
v 0.199219 -0.017822 0.055176
v 0.027954 0.060303 -0.035156
v 0.020996 -0.116699 0.141602
v 0.355469 -0.103516 0.048828
v -0.251953 -0.159180 -0.021728
v -0.251953 -0.174805 -0.020874
v 0.255859 0.035400 -0.019898
v 0.261719 0.035889 -0.022217
v 0.628906 -0.263672 0.109375
v 0.349609 -0.082520 0.001556
v 0.349609 -0.083008 0.011597
v 0.242188 -0.059326 -0.052246
v -0.988281 -0.265625 0.016113
v -0.173828 -0.151367 -0.015320
v -0.173828 -0.149414 -0.007935
v -0.166016 -0.146484 -0.006989
v -0.490234 -0.120117 0.042481
v -0.482422 -0.144531 0.052002
v 0.761719 -0.133789 0.020142
v 0.202148 0.255859 -0.020386
v 0.159180 0.253906 -0.020874
v -0.144531 -0.119629 0.034668
v 0.206055 -0.159180 0.156250
v -0.589844 -0.132812 -0.003311
v -0.617188 -0.131836 -0.005127
v 0.738281 -0.202148 0.036865
v 0.071289 0.023682 -0.061279
v 0.061523 0.024414 -0.060059
v 0.062988 0.040039 -0.060791
v -0.157227 -0.186523 -0.041992
v 0.168945 0.171875 0.075195
v -0.033203 -0.018188 0.064453
v 0.835938 -0.127930 -0.017212
v 0.835938 -0.132812 -0.006378
v 0.308594 -0.056152 0.020142
v 0.312500 -0.057373 0.016724
v 0.310547 -0.055908 0.018066
v -0.175781 -0.186523 -0.045410
v -0.168945 -0.185547 -0.041016
v 0.185547 -0.116699 -0.069824
v -0.121094 -0.197266 -0.170898
v -0.018433 -0.197266 -0.178711
v 0.722656 -0.140625 0.004425
v -0.375000 -0.125000 0.019653
v -0.373047 -0.124023 0.016724
v -0.476562 -0.125977 0.020020
v 0.310547 0.015442 0.026489
v 0.165039 0.014282 -0.007996
v -0.373047 -0.126953 0.021606
v 0.131836 -0.112305 0.135742
v 0.127930 -0.112305 0.129883
v -0.170898 -0.186523 -0.046875
v -0.166992 -0.187500 -0.046875
v -0.168945 -0.199219 -0.048828
v -0.175781 -0.199219 -0.048340
v 0.394531 -0.063965 -0.029907
v -0.210938 -0.202148 0.040772
v 0.200195 0.173828 0.033203
v 0.308594 -0.075195 0.018799
v 0.179688 0.335938 -0.000229
v 0.176758 0.335938 0.000053
v 0.196289 0.011108 0.001190
v -0.190430 -0.164062 0.012695
v -0.018433 -0.196289 0.177734
v -0.121094 -0.196289 0.171875
v -0.018677 -0.198242 0.177734
v 0.310547 -0.066895 0.033203
v -0.049072 -0.194336 -0.138672
v 0.166992 -0.153320 -0.116211
v 0.164062 -0.153320 -0.120605
v 0.283203 -0.059570 0.017700
v 0.267578 0.045410 -0.008759
v 0.160156 0.023926 -0.006897
v 0.012512 -0.114746 -0.107422
v -0.476562 -0.131836 0.006897
v -0.257812 -0.188477 -0.035644
v -0.062988 -0.092285 0.074707
v -0.116211 -0.080078 -0.009521
v 0.333984 -0.058594 -0.015259
v 0.486328 -0.184570 -0.042725
v 0.138672 -0.113770 0.000320
v 0.143555 -0.112305 -0.125488
v -0.041992 -0.127930 0.132812
v -0.476562 -0.197266 -0.125977
v 0.347656 -0.145508 -0.105469
v 0.722656 -0.127930 -0.022217
v -0.496094 -0.108887 -0.012695
v 0.210938 -0.145508 -0.134766
v -0.476562 -0.138672 -0.021728
v -0.020630 -0.114258 0.064941
v -0.014099 -0.113770 0.067871
v 0.251953 0.035645 -0.015930
v -0.066895 -0.131836 -0.079102
v 0.312500 -0.098633 -0.073730
v 0.123535 0.041992 0.062012
v 0.207031 -0.148438 0.157227
v 0.125000 0.108398 -0.025024
v 0.186523 0.236328 0.066894
v 0.125000 0.107422 -0.030518
v -0.048828 -0.195312 -0.133789
v -0.053711 -0.119141 -0.096191
v -0.049316 -0.194336 -0.135742
v 0.253906 -0.195312 0.102539
v 0.054932 -0.117676 -0.121582
v -0.478516 -0.136719 -0.020386
v 0.271484 0.045410 -0.008026
v 0.164062 -0.016113 0.041260
v 0.243164 -0.046631 -0.051269
v 0.394531 -0.065430 0.031494
v 0.187500 0.232422 -0.083984
v 0.699219 -0.199219 0.039307
v 0.054443 0.024414 -0.060059
v 0.163086 -0.015442 -0.041504
v -0.004608 0.009094 -0.059326
v -0.335938 -0.124023 0.016113
v 0.269531 -0.335938 -0.127930
v -0.589844 -0.136719 0.009033
v 0.213867 -0.103027 0.083496
v -0.373047 -0.143555 0.014221
v 0.208008 -0.118164 -0.060303
v 0.312500 0.015320 0.020508
v 0.124023 0.111328 -0.017212
v -0.130859 -0.201172 -0.058105
v -0.349609 -0.196289 -0.139648
v -0.816406 -0.335938 0.034912
v -0.722656 -0.337891 -0.000904
v 0.027588 0.061035 -0.038330
v 0.255859 0.037109 0.021973
v 0.255859 0.041748 0.020874
v 0.160156 0.024414 0.036133
v 0.158203 0.024414 0.041504
v -0.004211 -0.121094 0.142578
v -0.010681 -0.127930 0.141602
v 0.261719 -0.195312 0.107422
v -0.730469 -0.201172 -0.092285
v 0.061768 0.039795 -0.056152
v -0.703125 -0.131836 0.021606
v -0.165039 -0.160156 -0.025757
v 0.503906 -0.198242 -0.154297
v -0.498047 -0.110840 0.034668
v 0.742188 -0.122559 0.031982
v -0.008240 0.007751 0.060059
v -0.121094 -0.197266 0.171875
v -0.033447 -0.127930 0.104980
v -0.002975 0.043701 0.031250
v 0.835938 -0.125977 -0.017090
v 0.761719 -0.125977 -0.021118
v 0.490234 -0.200195 0.044434
v 0.365234 -0.104492 0.043701
v 0.141602 -0.078613 -0.005737
v -0.992188 -0.199219 -0.013855
v 0.120605 0.041504 0.068359
v 0.209961 -0.104492 -0.063965
v -0.163086 -0.185547 -0.041748
v 0.181641 0.012573 0.016357
v -0.972656 -0.265625 0.020874
v 0.073242 -0.196289 -0.180664
v 0.335938 -0.088867 0.001495
v 0.695312 -0.188477 0.045898
v 0.125977 -0.018555 -0.073730
v 0.177734 0.010071 -0.006317
v 0.176758 0.009949 -0.001249
v -0.017456 -0.113770 -0.070312
v 0.765625 -0.199219 0.104980
v 0.209961 -0.118652 0.052734
v 0.201172 -0.021606 0.053955
v 0.028686 -0.017578 0.077148
v 0.181641 0.012024 -0.017090
v -0.589844 -0.124512 0.012512
v 0.004547 -0.015747 -0.046875
v 0.419922 -0.200195 0.042969
v 0.150391 0.024414 -0.047852
v 0.273438 0.045654 0.007446
v -0.589844 -0.202148 0.002121
v -0.062012 -0.201172 0.072754
v 0.008301 0.055420 -0.038818
v 0.006653 0.051025 0.045898
v 0.283203 -0.065918 0.017822
v -0.150391 -0.159180 0.018921
v -0.589844 -0.201172 0.040772
v 0.130859 -0.193359 -0.136719
v 0.111816 0.140625 0.015869
v 0.349609 -0.159180 -0.098144
v -0.353516 -0.263672 0.124023
v -0.476562 -0.263672 0.110352
v 0.059815 0.131836 -0.017334
v 0.312500 0.014893 0.013794
v 1.000000 -0.198242 0.022705
v 0.166992 0.018555 -0.041748
v 0.718750 -0.123047 -0.016724
v 0.718750 -0.125000 -0.020386
v -0.061523 -0.201172 -0.078125
v 0.773438 -0.199219 0.105469
v 0.007385 0.026611 0.053467
v -0.171461 -0.170944 0.007793
v 0.194336 0.008179 0.016357
v -0.981421 -0.200129 -0.018588
v 0.113319 0.123864 0.000219
v 0.120117 0.116211 0.011230
v -0.596367 -0.133801 0.014399
v 0.393924 -0.140532 -0.006045
v 0.889567 -0.199023 0.068717
v 0.085216 -0.002234 -0.001820
v 0.066406 0.028076 -0.014771
vn -0.1521 0.7697 0.6201
vn 0.2163 0.6309 0.7451
vn 0.7251 0.6770 -0.1259
vn -0.4053 0.7931 -0.4548
vn 0.4547 -0.0205 -0.8904
vn 0.3997 0.3413 -0.8508
vn 0.4774 0.3221 -0.8175
vn 0.4630 0.0082 -0.8863
vn 0.3904 -0.0058 -0.9206
vn 0.9117 0.3583 0.2010
vn 0.8626 0.3463 0.3688
vn 0.8566 0.2927 0.4249
vn 0.9422 0.3347 -0.0144
vn 0.9484 0.3068 0.0805
vn 0.9660 0.2582 0.0137
vn 0.9921 0.0879 0.0897
vn -0.0388 0.7024 0.7107
vn 0.0594 0.9547 0.2916
vn -0.1618 0.9128 0.3749
vn 0.1451 0.7012 0.6981
vn 0.1782 0.3036 0.9360
vn -0.2311 0.5939 0.7707
vn 0.3239 0.9457 -0.0275
vn -0.0000 1.0000 -0.0000
vn 0.1874 0.9792 0.0776
vn 0.8160 0.5699 -0.0966
vn 0.2170 0.9612 -0.1705
vn 0.5705 0.8212 0.0139
vn 0.8704 0.0725 0.4870
vn 0.8260 0.1494 0.5436
vn 0.2838 0.1331 0.9496
vn 0.9996 -0.0265 -0.0000
vn 0.3120 0.8517 -0.4211
vn -0.0327 0.9880 0.1507
vn -0.0641 0.9552 0.2890
vn 0.0336 0.9920 -0.1215
vn -0.0201 0.9978 0.0636
vn 0.1878 0.9667 0.1738
vn 0.0239 0.9970 -0.0736
vn 0.0382 0.9993 -0.0000
vn 0.1156 0.9913 -0.0624
vn 0.0431 0.9988 -0.0234
vn 0.1008 0.9901 0.0974
vn 0.1432 0.9889 -0.0396
vn 0.0087 0.9999 0.0079
vn 0.0077 -1.0000 -0.0040
vn -0.6284 -0.5666 0.5330
vn 0.1974 -0.9680 0.1548
vn 0.0067 -0.9999 0.0128
vn -0.0057 -1.0000 -0.0000
vn -0.0053 -0.9999 -0.0121
vn 0.0137 0.0346 -0.9993
vn -0.0349 0.2825 -0.9586
vn -0.0136 0.2328 -0.9724
vn -0.0737 0.0571 -0.9956
vn -0.0706 0.0197 -0.9973
vn -0.0143 0.5422 -0.8401
vn 0.1368 -0.0339 -0.9900
vn -0.1774 0.5555 -0.8124
vn -0.1955 0.6304 -0.7512
vn 0.4654 0.2969 -0.8338
vn 0.4590 0.0548 -0.8868
vn 0.0629 0.6446 -0.7619
vn 0.1397 0.9535 -0.2672
vn -0.0575 0.9971 -0.0490
vn -0.0120 0.9914 -0.1304
vn -0.0769 0.9620 -0.2620
vn 0.1156 0.9915 -0.0595
vn -0.0218 0.9998 0.0024
vn -0.6537 0.7509 -0.0939
vn -0.5145 0.8575 -0.0000
vn -0.0665 0.9976 0.0198
vn -0.0625 0.9937 -0.0929
vn -0.0410 0.8484 -0.5278
vn -0.0416 0.5462 -0.8367
vn -0.9225 0.3857 -0.0168
vn -0.9991 0.0265 -0.0321
vn -0.6227 0.4739 -0.6226
vn -0.9955 0.0933 -0.0156
vn -0.0130 -0.8599 0.5102
vn -0.0263 -0.8618 0.5065
vn -0.0201 -0.8360 0.5483
vn -0.0423 -0.9352 0.3515
vn -0.0384 -0.9604 0.2759
vn -0.0208 -0.9993 0.0305
vn -0.0250 -0.7322 0.6807
vn -0.1192 0.7169 0.6869
vn 0.4603 0.1229 0.8792
vn -0.0036 0.9415 0.3371
vn 0.8120 -0.5499 0.1956
vn -0.2684 0.9633 -0.0004
vn 0.1400 -0.9006 0.4116
vn -0.0276 0.4607 -0.8871
vn -0.0493 0.1534 -0.9869
vn -0.1217 0.4531 -0.8831
vn -0.0454 0.0599 -0.9972
vn -0.0505 0.4739 -0.8791
vn 0.0345 0.9851 -0.1686
vn -0.0121 0.9988 -0.0483
vn -0.8513 0.2213 0.4757
vn -0.9997 -0.0220 0.0071
vn -0.8633 0.0465 0.5025
vn -0.2690 0.6989 0.6627
vn -0.3212 0.9470 -0.0007
vn 0.0178 0.5344 -0.8450
vn -0.4914 0.7667 -0.4130
vn -0.1380 0.6513 -0.7462
vn 0.0037 0.9983 -0.0575
vn -0.0094 0.8710 -0.4913
vn 0.0062 0.9999 -0.0137
vn 0.1365 0.9168 -0.3752
vn 0.7731 -0.0828 -0.6289
vn 0.0606 -0.9982 0.0001
vn 1.0000 -0.0000 0.0001
vn 0.3444 -0.7080 0.6166
vn 0.0109 -0.9629 0.2695
vn 0.9612 0.0767 -0.2651
vn 0.0278 -0.0502 -0.9984
vn 0.0723 -0.2419 -0.9676
vn 0.0715 0.1753 -0.9819
vn 0.0579 -0.3720 -0.9264
vn 0.0324 -0.4608 -0.8869
vn 0.0658 0.4198 -0.9052
vn 0.0118 0.4317 -0.9019
vn 0.0657 0.2121 -0.9750
vn 0.0193 -0.9990 0.0402
vn -0.0006 -1.0000 0.0019
vn -0.0179 -0.9995 0.0264
vn 0.0028 -1.0000 -0.0038
vn 0.0338 -0.9978 -0.0573
vn 0.0301 -0.9985 0.0453
vn 0.0290 -0.9996 0.0040
vn -0.1537 0.5385 -0.8285
vn -0.2864 0.4127 -0.8647
vn -0.0210 0.9885 -0.1498
vn -0.0857 0.0372 -0.9956
vn -0.1827 0.0827 -0.9797
vn -0.0496 0.9937 -0.1001
vn -0.0705 0.4066 -0.9109
vn 0.9996 -0.0253 0.0152
vn 0.9983 0.0443 -0.0388
vn 0.8593 0.5107 0.0269
vn 0.6902 0.0103 0.7235
vn 0.9974 -0.0580 0.0426
vn 0.9981 -0.0605 -0.0110
vn 0.4763 0.3737 0.7959
vn -0.6160 0.0565 -0.7857
vn -0.2920 0.1622 -0.9426
vn -0.2390 -0.0236 -0.9707
vn -0.6504 0.3602 -0.6688
vn 0.3623 -0.3925 -0.8454
vn 0.5711 -0.3477 -0.7436
vn -0.0591 -0.2947 -0.9538
vn 0.8873 -0.3889 0.2479
vn 0.5842 -0.7391 0.3353
vn 0.6769 -0.7227 0.1400
vn 0.9970 -0.0226 0.0734
vn 0.9303 0.3120 0.1931
vn 0.6483 -0.2574 0.7166
vn 0.8999 -0.4053 0.1612
vn -0.1170 0.0114 0.9931
vn -0.1158 0.0096 0.9932
vn -0.1127 0.0251 0.9933
vn -0.5634 -0.0007 0.8262
vn 0.2672 -0.0508 -0.9623
vn 0.0213 0.9968 -0.0770
vn 0.0630 0.9812 -0.1825
vn 0.2131 0.5977 -0.7728
vn 0.2139 0.7088 -0.6722
vn 0.2242 0.6813 -0.6968
vn 0.8430 0.2524 -0.4751
vn 0.1674 0.9830 0.0758
vn 0.8537 0.5206 0.0134
vn 0.4795 0.8612 0.1688
vn 0.2050 0.9779 -0.0409
vn 0.1361 0.9906 0.0102
vn 0.0768 -0.3137 0.9464
vn 0.2058 -0.1023 0.9732
vn 0.0871 -0.3046 0.9485
vn 0.2241 -0.8990 0.3762
vn 0.1415 -0.3019 0.9428
vn 0.0654 -0.3145 0.9470
vn -0.1885 -0.5688 0.8006
vn -0.0499 0.9987 0.0137
vn -0.1838 0.9807 -0.0665
vn 0.0364 0.9949 0.0938
vn -0.0500 0.9987 -0.0000
vn -0.0754 0.9971 0.0093
vn -0.2181 0.9707 -0.1008
vn 0.0047 1.0000 -0.0058
vn 0.0003 1.0000 0.0002
vn 0.0244 0.9596 0.2804
vn 0.3337 0.8899 0.3111
vn 0.3837 0.6663 0.6394
vn -0.2324 -0.5199 -0.8220
vn 0.0134 0.1067 -0.9942
vn 0.0012 -0.0056 -1.0000
vn -0.5772 0.1304 -0.8061
vn 0.0125 -0.2970 -0.9548
vn 0.0248 0.2130 -0.9767
vn -0.0072 0.0779 -0.9969
vn 0.0264 0.3572 -0.9337
vn 0.0032 0.3796 -0.9252
vn -0.0017 0.1286 -0.9917
vn 0.0007 -0.1007 -0.9949
vn -0.8395 0.5048 -0.2012
vn -0.9896 -0.0339 0.1399
vn -0.8010 0.2675 0.5355
vn -0.8281 0.3543 -0.4344
vn -0.0299 0.9298 0.3669
vn -0.0259 0.9925 -0.1194
vn -0.0785 -0.5902 -0.8035
vn -0.0441 -0.9594 -0.2786
vn -0.5760 -0.7116 -0.4023
vn 0.0164 -0.7387 -0.6738
vn -0.1017 -0.3151 -0.9436
vn 0.0174 -0.3488 -0.9370
vn 0.0088 0.9492 0.3145
vn 0.1879 0.9787 0.0821
vn -0.0274 0.9877 0.1541
vn 0.2204 0.5705 0.7912
vn 0.5101 0.8322 0.2172
vn -0.0387 0.9700 0.2399
vn -0.0781 0.8834 0.4621
vn 0.0209 0.6118 0.7908
vn 0.1258 0.8956 -0.4266
vn 0.2543 -0.2238 -0.9409
vn 0.2105 0.2188 -0.9528
vn -0.4155 0.9065 -0.0746
vn 0.0207 0.9984 -0.0530
vn 0.1719 0.8776 -0.4476
vn 0.4222 -0.1800 -0.8884
vn 0.0787 0.9762 -0.2019
vn 0.8995 0.4348 0.0436
vn 0.9341 0.3570 0.0088
vn 0.1172 0.9930 0.0153
vn 0.1589 0.9873 0.0079
vn 0.9966 0.0800 0.0219
vn 0.9464 0.3223 0.0198
vn -0.0699 0.9700 0.2328
vn -0.0121 0.9997 -0.0213
vn -0.1155 0.9929 0.0295
vn -0.1596 0.8457 0.5093
vn -0.1023 0.9754 0.1952
vn -0.3238 0.7914 0.5185
vn 0.9107 0.3323 -0.2454
vn 0.8173 0.5034 0.2804
vn 0.0451 0.8728 0.4860
vn 0.8325 0.3438 0.4344
vn 0.9626 -0.1891 -0.1941
vn 0.0938 0.9921 0.0829
vn 0.0840 0.5024 0.8606
vn 0.0195 0.9897 0.1418
vn 0.0296 0.5217 0.8526
vn 0.0790 0.9782 0.1920
vn -0.1725 0.2185 0.9605
vn -0.1695 -0.2409 0.9556
vn -0.1566 -0.2460 0.9565
vn -0.1452 -0.2665 0.9529
vn -0.5445 0.6081 0.5777
vn -0.0645 0.9515 0.3009
vn -0.2024 -0.1783 0.9629
vn -0.9337 -0.0996 0.3439
vn -0.4881 0.8277 0.2769
vn -0.9339 -0.0616 -0.3522
vn 0.6021 -0.4883 -0.6317
vn 0.7626 -0.0568 -0.6443
vn -0.9860 0.1568 -0.0559
vn -0.5366 -0.7277 -0.4272
vn 0.5185 0.6860 -0.5105
vn -0.0617 0.9617 -0.2672
vn 0.0109 0.9924 -0.1225
vn 0.2867 0.7761 -0.5617
vn 0.2587 0.7467 -0.6128
vn 0.4766 0.8699 -0.1269
vn -0.0105 0.2030 -0.9791
vn 0.0011 0.2060 -0.9785
vn -0.6677 0.3641 -0.6493
vn -0.5268 0.7622 -0.3763
vn -0.0406 0.7569 -0.6523
vn 0.0306 0.1873 -0.9818
vn 0.4951 0.1752 -0.8510
vn 0.8645 0.2302 -0.4468
vn 0.5737 0.0014 -0.8190
vn 0.2771 0.0016 -0.9608
vn 0.3764 0.7619 -0.5270
vn 0.2176 0.1536 -0.9639
vn 0.9800 -0.0891 0.1782
vn 0.9989 0.0373 0.0294
vn 0.9291 -0.0330 0.3683
vn 0.9942 -0.0844 -0.0663
vn 0.3868 -0.6217 -0.6811
vn -0.0134 -0.8570 -0.5151
vn 0.2791 -0.6135 -0.7387
vn -0.0110 -0.9649 -0.2625
vn -0.0099 -0.2017 -0.9794
vn -0.2963 0.0516 0.9537
vn -0.0792 -0.0012 0.9969
vn -0.1727 0.2759 0.9455
vn -0.2562 -0.1092 0.9604
vn -0.3364 0.0074 0.9417
vn -0.2889 0.2511 0.9238
vn -0.2019 -0.2240 0.9534
vn 0.9924 0.0565 -0.1093
vn 0.9888 0.0977 -0.1125
vn 0.8958 0.4371 -0.0800
vn 0.9028 0.4286 0.0350
vn 0.9823 0.1874 -0.0001
vn -0.1680 0.3270 0.9300
vn -0.1489 0.0916 0.9846
vn -0.1603 0.3263 0.9316
vn -0.0039 0.9991 0.0421
vn -0.1791 0.1350 0.9745
vn 0.0060 0.9999 0.0129
vn -0.1949 0.3609 0.9120
vn -0.8680 -0.2598 0.4233
vn -0.7875 -0.1056 0.6072
vn -0.9468 0.0125 0.3216
vn -0.5579 -0.4509 0.6967
vn -0.9548 -0.2610 0.1424
vn -0.9731 0.2294 -0.0221
vn -0.9699 0.2099 -0.1231
vn -0.9872 0.1116 0.1141
vn -0.6175 0.6016 -0.5067
vn -0.8154 0.1605 -0.5562
vn -0.9372 0.3384 0.0847
vn -0.6751 0.7377 -0.0048
vn 0.5499 -0.2539 0.7957
vn 0.4010 -0.1630 0.9014
vn 0.3968 -0.6525 0.6455
vn 0.5118 0.7748 0.3712
vn 0.4600 -0.0033 0.8879
vn 0.5574 0.0245 0.8299
vn 0.4295 -0.0695 0.9004
vn -0.1043 0.8996 0.4240
vn -0.0208 0.9926 0.1196
vn -0.0361 0.9850 0.1685
vn -0.0189 0.9964 0.0822
vn -0.1493 0.8412 0.5196
vn -0.2695 -0.1196 0.9555
vn 0.9668 0.2553 -0.0086
vn 0.9634 0.2681 0.0045
vn 0.9614 0.2748 -0.0105
vn 0.9675 0.2529 0.0028
vn 0.6572 0.7537 -0.0011
vn 0.7571 0.3066 -0.5768
vn 0.6328 0.6485 -0.4230
vn -0.7277 0.6577 -0.1948
vn -0.5448 0.5876 -0.5983
vn -0.4592 0.3972 -0.7946
vn -1.0000 0.0038 -0.0000
vn -0.9010 0.2173 -0.3756
vn -0.2820 0.1821 -0.9420
vn 0.9995 -0.0291 -0.0113
vn 0.6937 0.0710 -0.7167
vn 0.9992 0.0326 -0.0245
vn 0.4928 0.0794 -0.8665
vn 0.9999 0.0137 0.0059
vn 0.9978 -0.0595 0.0296
vn -0.2391 -0.0515 0.9696
vn -0.8872 0.1577 0.4336
vn -0.9062 -0.1029 0.4101
vn -0.0201 -0.0536 0.9984
vn -0.2710 0.1446 0.9517
vn 0.0060 -0.2220 0.9750
vn -0.8542 0.3220 0.4082
vn -0.1915 -0.2384 0.9521
vn 0.0998 -0.0016 -0.9950
vn 0.1064 0.0139 -0.9942
vn 0.1024 0.4184 -0.9025
vn 0.0633 0.2937 -0.9538
vn 0.0829 -0.0000 -0.9966
vn 0.2659 0.9575 0.1113
vn -0.7134 0.4751 -0.5152
vn -0.8331 0.4989 -0.2389
vn 0.2678 0.8237 0.4998
vn 0.6200 0.7452 0.2456
vn 0.5926 0.6220 -0.5118
vn -0.6247 -0.5779 -0.5252
vn -0.8478 -0.3186 -0.4239
vn -0.9772 -0.1584 -0.1413
vn -0.2370 -0.2036 -0.9499
vn -0.1396 -0.1946 -0.9709
vn -0.9711 0.1721 -0.1651
vn -0.8446 0.1120 -0.5236
vn 0.7110 -0.1365 0.6898
vn 0.9846 0.1426 0.1007
vn 0.8208 0.3063 0.4822
vn 0.4919 0.2473 0.8348
vn 0.5912 0.1456 0.7933
vn 0.8789 -0.4648 -0.1072
vn 0.4170 -0.6853 0.5971
vn -0.2698 -0.9358 -0.2268
vn 0.3405 0.2546 0.9051
vn 0.0593 0.2918 0.9546
vn 0.1532 0.0338 0.9876
vn 0.5393 0.0788 0.8384
vn 0.6035 0.2818 0.7460
vn 0.0644 0.9165 0.3949
vn -0.0397 0.9978 0.0530
vn 0.0759 0.7867 0.6127
vn -0.0313 0.9964 -0.0782
vn -0.2655 0.3080 0.9136
vn -0.0824 0.9966 -0.0095
vn -0.0158 0.9358 -0.3522
vn 0.0511 0.9718 -0.2301
vn -0.0000 0.7002 -0.7139
vn -0.0122 0.9301 -0.3671
vn -0.0255 0.9894 -0.1428
vn -0.0590 0.8139 -0.5779
vn -0.0842 0.0413 -0.9956
vn -0.0034 0.1297 -0.9915
vn -0.0229 0.0311 -0.9993
vn -0.0633 -0.0903 -0.9939
vn -0.5942 0.1019 -0.7979
vn -0.1594 0.5495 -0.8202
vn -0.3667 0.0179 -0.9302
vn -0.0300 0.1268 -0.9915
vn -0.8293 0.1879 -0.5262
vn -0.8088 0.5881 -0.0000
vn -0.0175 0.2693 -0.9629
vn -0.0159 0.2589 -0.9658
vn 0.0067 0.2001 -0.9798
vn -0.0069 -0.1319 -0.9912
vn -0.0349 -0.1753 -0.9839
vn -0.0729 -0.9963 0.0464
vn -0.0118 -0.9981 0.0613
vn -0.3422 -0.6045 0.7193
vn -0.4931 -0.8330 0.2509
vn -0.0520 -0.9980 -0.0348
vn 0.7973 0.0618 -0.6005
vn 0.6588 0.1701 -0.7328
vn 0.4482 0.2498 -0.8583
vn 0.9092 0.2645 -0.3216
vn 0.9964 0.0604 -0.0592
vn 0.9975 0.0638 0.0317
vn 0.9952 0.0935 -0.0281
vn 0.7369 0.6759 0.0033
vn 0.6788 0.6409 0.3584
vn 0.9038 0.0223 0.4274
vn 0.9995 0.0270 -0.0147
vn 0.9985 0.0040 0.0544
vn 0.6819 0.7314 -0.0000
vn -0.9579 -0.0240 -0.2860
vn -0.9971 0.0571 0.0513
vn -0.9741 0.2257 -0.0128
vn -0.8033 0.1647 -0.5723
vn -0.6325 -0.0266 -0.7741
vn -0.1049 0.1911 -0.9759
vn 0.0103 0.9165 -0.3998
vn 0.0152 0.9414 -0.3369
vn -0.0555 -0.1073 -0.9927
vn -0.0794 -0.0764 -0.9939
vn -0.1932 -0.0513 -0.9798
vn 0.0245 0.2450 -0.9692
vn -0.2498 0.2574 -0.9335
vn 0.1963 -0.1550 -0.9682
vn 0.6601 0.0070 -0.7511
vn 0.6855 -0.2604 -0.6799
vn 0.4602 0.2087 -0.8630
vn 0.3138 -0.4005 -0.8609
vn 0.0806 0.2467 -0.9657
vn 0.8892 0.1451 0.4338
vn 0.2931 0.0231 0.9558
vn 0.8857 -0.0664 0.4595
vn -0.0203 -0.9998 0.0038
vn 0.0099 -0.9443 -0.3289
vn 0.0762 -0.9665 0.2450
vn -0.8242 -0.3421 -0.4514
vn -0.0124 -0.8692 -0.4943
vn -0.0124 -0.9243 0.3814
vn -0.7263 -0.3658 0.5820
vn -0.8499 -0.3494 0.3943
vn -0.1991 0.8990 0.3901
vn 0.0699 0.8743 0.4803
vn -0.0501 0.9929 0.1079
vn -0.1146 0.9862 0.1192
vn -0.1743 0.9121 0.3710
vn -0.1795 0.4000 0.8988
vn 0.6408 -0.4124 -0.6475
vn 0.0121 -0.9999 -0.0075
vn 0.1567 -0.3431 -0.9261
vn 0.1782 -0.2837 -0.9422
vn 0.1576 -0.2960 -0.9421
vn -0.1559 -0.9849 0.0756
vn -0.6087 -0.5102 -0.6076
vn -0.9974 0.0615 0.0378
vn -0.7174 0.1025 0.6891
vn -0.9663 -0.0243 0.2562
vn -0.9986 -0.0068 -0.0520
vn -0.5989 0.1111 0.7930
vn -0.1383 0.9716 0.1920
vn -0.1199 0.9185 0.3768
vn -0.0525 0.9947 -0.0881
vn -0.3539 0.5399 0.7637
vn 0.0936 0.5446 0.8335
vn 0.0222 0.6998 0.7140
vn 0.9159 -0.3976 0.0543
vn 0.9788 -0.1855 0.0868
vn 0.6550 -0.7539 0.0519
vn 0.9960 0.0864 0.0239
vn 0.5137 -0.8562 -0.0546
vn 0.8777 -0.4692 -0.0970
vn -0.6093 -0.0164 0.7928
vn -0.5866 0.3371 0.7364
vn -0.8556 0.0716 0.5126
vn -0.3576 0.0941 0.9291
vn -0.6607 -0.2048 -0.7222
vn -0.2252 -0.2051 -0.9525
vn 0.0296 -0.9954 -0.0913
vn -0.4521 -0.1185 -0.8840
vn -0.9712 -0.2371 0.0227
vn -0.9850 -0.1564 -0.0726
vn 0.1373 0.3542 0.9250
vn 0.9071 0.2092 0.3653
vn 0.3089 0.9482 0.0742
vn 0.7808 -0.0585 0.6221
vn 0.9936 0.1093 -0.0266
vn 0.9770 0.1828 -0.1100
vn 0.9464 0.3228 0.0117
vn 0.7664 0.1916 0.6131
vn 0.9914 -0.0144 -0.1300
vn 0.7735 0.1375 0.6188
vn -0.2015 0.9402 0.2747
vn 0.0351 0.9774 0.2083
vn -0.0676 0.9961 0.0575
vn -0.6304 0.6986 0.3386
vn -0.4777 0.8055 0.3507
vn -0.2642 0.9640 -0.0293
vn -0.5299 0.8081 0.2573
vn -0.1149 0.9049 0.4098
vn -0.1931 0.9009 -0.3886
vn -0.1283 0.9828 -0.1325
vn -0.0424 0.9862 -0.1603
vn -0.5463 0.7874 -0.2856
vn -0.1034 0.5911 -0.8000
vn 0.0003 -0.9999 0.0165
vn -0.0653 -0.9971 0.0379
vn -0.0092 -1.0000 0.0001
vn -0.0067 -0.9999 0.0145
vn -0.0000 -1.0000 0.0009
vn 0.0037 -1.0000 0.0002
vn 0.1669 -0.9330 0.3190
vn 0.3770 -0.0876 -0.9221
vn -0.0771 0.1744 -0.9817
vn -0.0115 0.2002 -0.9797
vn 0.7274 0.6304 -0.2711
vn 0.8019 0.4236 -0.4213
vn -0.0115 0.3650 -0.9309
vn 0.4874 0.2269 -0.8432
vn -0.0052 -0.2832 -0.9591
vn 0.0834 -0.0790 -0.9934
vn -0.0200 -0.1743 -0.9845
vn -0.0029 -0.6818 -0.7316
vn 0.0811 -0.6013 -0.7949
vn 0.0427 -0.8493 -0.5262
vn -0.1097 -0.3527 -0.9293
vn 0.4732 -0.5048 -0.7220
vn 0.1254 -0.9895 -0.0715
vn -0.3702 0.6273 -0.6852
vn -0.2958 -0.0872 -0.9513
vn -0.3157 0.7004 -0.6401
vn -0.5901 0.6661 -0.4561
vn -0.0026 0.9986 -0.0534
vn -0.1827 0.7388 -0.6487
vn -0.7291 0.4969 -0.4708
vn -0.0590 0.9976 -0.0351
vn -0.0934 -0.0514 -0.9943
vn -0.0693 0.2505 -0.9656
vn -0.0514 -0.0338 -0.9981
vn -0.0419 -0.0687 -0.9968
vn -0.0713 0.2176 -0.9734
vn 0.1258 0.0717 -0.9895
vn 0.1636 0.0967 -0.9818
vn 0.1307 0.2796 -0.9512
vn 0.1806 0.4626 -0.8680
vn 0.5091 0.0479 -0.8594
vn 0.4913 0.2220 -0.8422
vn 0.4574 0.7807 -0.4258
vn 0.6716 0.3518 -0.6520
vn 0.0465 0.1338 -0.9899
vn 0.0987 0.1160 -0.9883
vn 0.5291 0.1298 -0.8386
vn -0.5043 -0.4968 -0.7064
vn 0.1035 -0.2942 -0.9501
vn -0.0052 -0.9873 -0.1589
vn -0.2341 -0.2361 -0.9431
vn -0.8981 -0.2495 -0.3622
vn 0.1657 -0.9852 0.0430
vn -0.1050 0.9774 -0.1833
vn -0.6738 0.4778 -0.5636
vn -0.7877 0.6061 -0.1102
vn -0.0143 0.9998 0.0142
vn -0.1057 0.9923 0.0653
vn -0.3833 0.9235 0.0168
vn -0.0126 0.9999 -0.0008
vn -0.5433 0.4657 0.6985
vn -0.9750 0.2061 0.0828
vn 0.0673 0.0617 -0.9958
vn 0.0599 0.2123 -0.9754
vn 0.3411 0.1727 -0.9240
vn 0.1062 0.0057 -0.9943
vn 0.0703 -0.0582 -0.9958
vn 0.0526 0.0004 -0.9986
vn -0.0872 0.1107 -0.9900
vn -0.0866 0.2675 -0.9597
vn 0.0061 -0.2800 -0.9600
vn -0.0051 -0.2678 -0.9635
vn 0.0063 -0.2678 -0.9635
vn 0.0126 0.2247 -0.9743
vn 0.0186 0.0081 -0.9998
vn 0.1238 0.3784 0.9173
vn -0.0422 0.9686 0.2452
vn 0.0564 0.3790 0.9237
vn 0.4456 0.0877 0.8909
vn 0.6934 0.2894 0.6599
vn 0.0259 0.9922 0.1223
vn 0.0793 0.1110 0.9907
vn -0.5458 0.8379 -0.0094
vn -0.6413 0.7671 0.0149
vn -0.0980 0.9948 -0.0280
vn -0.6258 0.7799 -0.0154
vn -0.7486 0.6622 -0.0323
vn -0.0542 0.9985 0.0106
vn -0.0835 0.9945 0.0630
vn -0.1384 -0.2658 0.9540
vn 0.3740 -0.5345 0.7579
vn -0.1327 -0.3358 0.9325
vn -0.1300 -0.2757 0.9524
vn -0.1525 -0.3280 0.9323
vn -0.2262 0.9729 0.0488
vn -0.2018 0.9758 -0.0840
vn -0.6574 0.7533 0.0170
vn -0.0413 0.9991 0.0067
vn -0.5379 0.8269 -0.1641
vn -0.0900 0.9959 0.0087
vn 0.9244 0.3730 0.0798
vn 0.8485 0.3712 0.3771
vn 0.8339 0.4399 -0.3334
vn 0.0336 0.9988 0.0352
vn -0.0077 0.9882 -0.1531
vn -0.0940 0.2816 -0.9549
vn 0.0112 0.9972 -0.0746
vn -0.0744 0.2852 -0.9556
vn 0.0296 0.9905 -0.1340
vn -0.7585 0.5477 -0.3531
vn -0.7807 0.4815 -0.3983
vn -0.7243 0.4226 -0.5447
vn -0.6811 0.7013 -0.2101
vn -0.8073 0.5115 -0.2944
vn -0.8324 0.4068 -0.3763
vn -0.6813 0.3895 -0.6197
vn 0.4972 -0.5296 -0.6872
vn 0.0222 -0.8694 -0.4936
vn 0.9767 -0.1559 0.1474
vn 0.1662 0.9849 0.0481
vn -0.7214 -0.1158 0.6828
vn 0.0379 -0.6943 -0.7187
vn -0.1215 -0.9881 -0.0943
vn -0.0000 0.9952 -0.0977
vn -0.0263 0.8911 0.4531
vn -0.0871 0.9177 -0.3875
vn -0.1339 0.8022 -0.5818
vn 0.0148 0.9343 -0.3562
vn 0.0021 0.9436 -0.3310
vn 0.0004 1.0000 -0.0009
vn -0.9825 -0.0212 -0.1853
vn -0.0413 0.3659 -0.9297
vn -0.7130 -0.4175 -0.5633
vn -0.9752 0.2037 -0.0860
vn -0.9195 0.0490 0.3900
vn -0.9794 0.1242 -0.1589
vn -0.2530 -0.7000 0.6678
vn -0.9752 -0.1326 -0.1771
vn -0.4351 -0.0000 -0.9004
vn 0.0459 0.9914 0.1225
vn 0.6507 -0.1998 -0.7325
vn -0.9898 -0.1213 -0.0746
vn 0.6300 0.3099 0.7121
vn 0.6818 0.3169 0.6593
vn 0.0227 0.1988 0.9798
vn -0.0477 0.6985 0.7140
vn 0.1379 0.8892 0.4362
vn -0.0085 0.9646 0.2637
vn -0.0542 0.5376 0.8414
vn 0.6655 0.5153 0.5400
vn 0.0077 1.0000 0.0061
vn -0.3825 0.8023 0.4582
vn -0.7955 0.5912 0.1328
vn -0.8132 0.5333 0.2331
vn -0.8376 0.5379 0.0953
vn -0.7833 0.6217 0.0052
vn -0.6829 0.7255 0.0856
vn -0.4954 -0.0550 0.8669
vn -0.4722 0.0858 0.8773
vn -0.7032 -0.0056 0.7110
vn -0.1718 -0.1183 0.9780
vn -0.6899 -0.0862 0.7188
vn -0.0745 0.9961 0.0475
vn -0.1295 0.9916 0.0024
vn -0.0180 0.9997 0.0133
vn -0.0143 0.9993 -0.0341
vn -0.0516 0.8451 -0.5321
vn -0.5250 0.8511 -0.0028
vn -0.5643 0.8222 0.0747
vn -0.2043 -0.9761 0.0738
vn -0.7396 -0.6668 0.0913
vn -0.1736 -0.9848 0.0065
vn -0.0648 -0.9544 0.2915
vn -0.6355 -0.6910 0.3446
vn -0.0327 -0.9991 0.0280
vn -0.1423 0.8938 -0.4252
vn -0.2554 0.8868 -0.3851
vn 0.0388 0.7526 -0.6574
vn 0.0607 0.9839 -0.1684
vn 0.1904 -0.2983 0.9353
vn 0.2057 -0.3723 0.9050
vn 0.1742 -0.3446 0.9224
vn 0.2088 -0.2883 0.9345
vn 0.2400 -0.2519 0.9375
vn 0.0584 0.9837 0.1703
vn 0.0378 0.9851 -0.1680
vn 0.9979 0.0561 -0.0330
vn 0.9963 0.0722 -0.0471
vn 0.9295 0.3661 -0.0441
vn -0.3122 0.7572 -0.5737
vn -0.4206 0.7981 -0.4314
vn -0.0198 0.9957 -0.0900
vn -0.1041 0.9707 -0.2164
vn -0.1610 0.7787 -0.6064
vn -0.3411 0.4075 -0.8471
vn -0.5263 0.4272 -0.7352
vn 0.8136 0.5613 -0.1520
vn 0.0544 0.4207 -0.9056
vn 0.9148 0.1188 -0.3861
vn 0.9897 -0.1267 0.0674
vn 0.9817 0.0463 -0.1849
vn -0.0680 0.0025 -0.9977
vn 0.3204 0.5717 -0.7553
vn 0.3248 0.6139 -0.7195
vn 0.0289 0.0285 -0.9992
vn -0.1239 0.0634 -0.9903
vn -0.1413 -0.2639 -0.9541
vn -0.1371 -0.2667 -0.9540
vn 0.4696 -0.8827 0.0209
vn -0.1708 -0.3292 -0.9287
vn -0.1807 -0.2485 -0.9516
vn 0.3746 0.2290 -0.8984
vn -0.1413 -0.2337 -0.9620
vn 0.6367 0.1932 0.7465
vn -0.0565 -0.1018 0.9932
vn -0.4520 0.7364 0.5034
vn 0.6686 -0.3115 0.6753
vn 0.9750 -0.0120 0.2221
vn 0.0976 0.9895 0.1068
vn 0.3599 0.9330 -0.0000
vn -0.0587 0.9910 -0.1202
vn 0.1338 0.9500 0.2822
vn 0.4340 0.8874 0.1555
vn -0.2229 0.9709 0.0875
vn -0.0452 0.9363 0.3482
vn -0.1900 0.2312 0.9542
vn -0.0980 -0.0313 0.9947
vn 0.2520 0.3869 0.8870
vn -0.8742 0.1929 0.4457
vn -0.6692 -0.0411 0.7419
vn -0.0650 0.9097 0.4102
vn -0.2888 0.9561 0.0499
vn 0.8478 0.1316 0.5138
vn 0.9874 0.0253 0.1561
vn 0.8423 0.2404 0.4824
vn 0.5191 0.2684 0.8115
vn 0.4759 0.1764 0.8616
vn 0.0259 0.3776 -0.9256
vn 0.0074 0.5012 -0.8653
vn 0.8184 -0.2018 -0.5381
vn 0.9720 0.0059 -0.2347
vn 0.5335 0.8449 0.0389
vn 0.0318 0.7015 -0.7120
vn -0.0546 0.0027 0.9985
vn 0.0133 0.0731 0.9972
vn -0.6176 0.0253 0.7861
vn -0.0227 0.0135 0.9997
vn -0.5912 -0.5462 0.5934
vn -0.0149 -0.8561 0.5165
vn -0.0107 -0.6847 0.7288
vn -0.7391 -0.4727 0.4798
vn 0.2360 -0.7428 0.6265
vn -0.5359 -0.7760 0.3327
vn -0.1914 0.8113 -0.5524
vn 0.0080 0.7550 -0.6557
vn -0.0585 0.9863 -0.1543
vn 0.3854 0.4982 -0.7767
vn 0.2605 0.8452 -0.4666
vn 0.3374 0.5255 -0.7810
vn -0.8611 -0.5084 -0.0079
vn -0.9897 -0.1263 0.0672
vn -0.9021 -0.4290 0.0470
vn -0.7218 -0.6878 0.0773
vn -0.8018 -0.5969 -0.0287
vn -0.9287 -0.3623 -0.0790
vn -0.7618 -0.6413 -0.0917
vn -0.1135 0.3372 -0.9345
vn -0.0202 0.9916 -0.1274
vn 0.0188 0.9461 -0.3232
vn 0.6349 -0.1221 -0.7629
vn -0.6860 0.5145 0.5145
vn -0.3191 0.1825 0.9300
vn -0.2148 0.6184 0.7559
vn -0.7246 0.3205 0.6101
vn -0.4541 0.8859 0.0949
vn -0.8941 0.3486 0.2812
vn -0.8532 0.1671 0.4941
vn -0.6336 0.7145 0.2967
vn -0.9187 0.2743 0.2840
vn -0.9197 -0.1878 -0.3447
vn -0.9995 -0.0171 0.0247
vn -0.8844 0.0714 -0.4612
vn -0.9221 -0.1031 0.3730
vn -0.7478 0.2969 0.5938
vn 0.0394 0.3394 0.9398
vn -0.1503 0.7595 0.6329
vn -0.5063 0.3515 0.7875
vn -0.5603 0.3507 0.7504
vn -0.4281 0.2902 0.8559
vn -0.1525 0.9881 -0.0214
vn -0.5488 0.2827 -0.7867
vn -0.7634 0.1873 -0.6182
vn -0.7190 0.6323 0.2887
vn -0.2324 0.9723 -0.0261
vn 0.0935 0.6438 -0.7594
vn -0.1801 0.2138 -0.9601
vn -0.1563 0.7931 -0.5887
vn -0.0273 0.8833 -0.4681
vn 0.1176 0.9235 -0.3651
vn -0.0495 0.5915 0.8048
vn 0.0014 0.4137 0.9104
vn 0.2169 0.6486 0.7295
vn 0.6798 0.6899 0.2489
vn -0.1210 0.8494 0.5137
vn -0.0200 0.6206 0.7839
vn 0.7498 0.6616 -0.0063
vn 0.6731 0.7311 0.1115
vn 0.8619 0.2321 0.4508
vn 0.9952 -0.0808 -0.0554
vn 0.9985 0.0183 -0.0508
vn 0.8710 0.4907 0.0251
vn 0.8752 0.4829 0.0300
vn 0.7751 0.6273 0.0759
vn 0.7617 0.6473 -0.0276
vn 0.7135 0.5945 0.3709
vn 0.9556 0.2909 0.0468
vn 0.8367 0.3997 0.3744
vn 0.9750 0.2166 0.0505
vn 0.1883 0.9721 0.1397
vn -0.0023 0.9792 0.2031
vn 0.0839 0.9704 0.2264
vn -0.1239 0.9834 0.1327
vn -0.2253 0.8496 0.4769
vn 0.9237 0.3831 0.0024
vn 0.9616 0.2738 -0.0185
vn 0.4694 0.8820 -0.0415
vn 0.6258 0.7782 0.0519
vn 0.9101 0.4131 -0.0335
vn 0.5431 0.8391 -0.0297
vn 0.9953 0.0891 -0.0380
vn 0.6928 -0.2304 -0.6833
vn 0.9711 -0.1979 -0.1332
vn -0.0035 -0.9920 -0.1265
vn 0.9819 -0.0886 -0.1676
vn 0.5256 -0.6568 -0.5407
vn 0.6750 -0.2714 -0.6861
vn 0.9790 0.0155 0.2034
vn 0.9921 0.0565 0.1124
vn 0.9384 0.3186 0.1335
vn 0.9237 -0.0033 0.3832
vn 0.9999 -0.0101 0.0081
vn 1.0000 -0.0059 -0.0032
vn 0.6759 0.4121 0.6110
vn 0.8320 0.0392 0.5535
vn 0.5653 0.5126 0.6462
vn 0.5370 0.0168 0.8434
vn -0.0944 0.0879 0.9916
vn 0.5538 0.6579 0.5103
vn 0.4964 0.8096 0.3134
vn 0.7157 0.2667 0.6455
vn 0.0432 0.9845 0.1701
vn 0.0490 0.9234 0.3808
vn 0.0794 0.9368 0.3407
vn 0.1285 0.9910 0.0383
vn 0.0570 0.9979 -0.0317
vn -0.0000 0.8725 0.4886
vn 0.0239 0.9953 0.0938
vn -0.0082 0.8836 0.4682
vn -0.2191 0.7173 0.6614
vn -0.0451 0.8748 0.4824
vn 0.0465 0.9989 -0.0000
vn 0.0041 0.9991 -0.0431
vn -0.0487 0.9535 0.2974
vn -0.0552 0.7118 0.7002
vn -0.0143 -0.8107 -0.5853
vn 0.0043 -0.8731 -0.4876
vn -0.0289 -0.9377 -0.3464
vn 0.0017 -0.6832 -0.7303
vn -0.9498 -0.2160 -0.2264
vn -0.0390 -0.2415 -0.9696
vn 0.0111 -0.6495 -0.7603
vn -0.3074 -0.2917 -0.9058
vn 0.0591 -0.9318 -0.3581
vn -0.5627 -0.5058 -0.6538
vn -0.6803 -0.5508 -0.4835
vn 0.6792 0.5294 -0.5085
vn 0.0360 0.5339 0.8448
vn -0.0917 0.4444 0.8911
vn -0.1465 0.0105 0.9892
vn 0.0522 0.9986 -0.0000
vn 0.0817 0.9954 0.0493
vn 0.0679 0.0977 0.9929
vn 0.0870 0.4953 0.8644
vn -0.5658 0.3114 -0.7635
vn -0.6111 0.1153 -0.7831
vn -0.8765 0.2743 -0.3957
vn -0.3049 0.9403 -0.1513
vn 0.0174 0.9996 0.0244
vn 0.0096 0.9999 0.0117
vn 0.1124 0.9132 0.3917
vn 0.0090 0.9999 -0.0116
vn 0.1866 0.6922 0.6972
vn 0.0558 -0.9875 -0.1474
vn 0.0190 -0.8829 -0.4692
vn 0.0262 -0.9242 -0.3811
vn 0.9638 -0.2306 0.1336
vn 0.0064 -0.9476 0.3193
vn 0.0295 -0.8741 0.4848
vn 0.9285 -0.3714 -0.0000
vn 0.8258 -0.3282 -0.4586
vn 0.0159 -0.9157 -0.4015
vn 0.0462 -0.9247 -0.3778
vn 0.0359 -0.8881 -0.4582
vn 0.0067 -0.8455 -0.5339
vn 0.0202 -0.9955 0.0930
vn 0.0657 -0.9954 -0.0699
vn 0.0180 -0.9290 -0.3695
vn 0.0445 -0.9631 -0.2653
vn -0.0248 0.5279 0.8489
vn -0.0057 0.8209 0.5710
vn -0.0463 0.6396 0.7673
vn -0.1030 0.5026 0.8584
vn -0.0174 0.3388 0.9407
vn -0.0324 -0.7313 0.6813
vn -0.0280 0.9995 0.0124
vn -0.0253 0.9995 -0.0172
vn -0.6978 0.7163 -0.0074
vn -0.5509 0.5475 0.6299
vn -0.0279 0.7033 0.7104
vn -0.0077 0.9986 0.0526
vn -0.0032 1.0000 -0.0037
vn -0.8692 0.4945 0.0008
vn 0.7616 -0.0362 -0.6471
vn 0.7638 -0.0105 -0.6454
vn 0.6652 0.4780 -0.5736
vn 0.7584 0.6518 -0.0027
vn -0.0238 0.1513 0.9882
vn -0.7971 0.1878 0.5739
vn -0.0126 0.1448 0.9894
vn -0.6054 0.5769 0.5483
vn 0.0245 0.1375 0.9902
vn -0.0036 0.5872 0.8095
vn -0.0585 0.9931 0.1017
vn -0.2174 0.5208 0.8255
vn -0.1570 0.6057 0.7801
vn -0.1155 0.9516 0.2847
vn -0.5496 0.5405 0.6370
vn -0.0591 0.9900 0.1278
vn 0.9322 0.3562 0.0647
vn 0.9971 0.0755 0.0073
vn 0.7463 0.2220 -0.6275
vn 0.0375 0.9950 -0.0926
vn 0.1244 0.4595 0.8794
vn 0.0252 0.0923 0.9954
vn -0.9933 -0.1149 0.0124
vn -0.9072 0.4208 0.0002
vn -0.9934 -0.1145 -0.0000
vn -0.2208 0.9233 -0.3143
vn -0.9771 -0.1410 0.1593
vn -0.8661 -0.0881 -0.4921
vn 0.0550 0.9644 -0.2588
vn -0.1293 0.0475 -0.9905
vn -0.0933 0.7451 -0.6604
vn 0.4588 0.4782 -0.7489
vn 0.3692 0.0351 -0.9287
vn 0.0245 0.9993 -0.0267
vn 0.0023 1.0000 0.0048
vn 0.0035 1.0000 0.0063
vn -0.7219 0.1400 -0.6777
vn -0.8629 0.1556 -0.4808
vn -0.8659 0.1002 -0.4901
vn -0.5158 0.2463 -0.8206
vn -0.1617 -0.0186 -0.9867
vn 0.9249 0.3800 -0.0147
vn 0.9322 0.3604 -0.0332
vn 0.8089 0.5879 0.0018
vn 0.7796 0.6257 0.0267
vn 0.7585 0.6505 0.0403
vn -0.0564 0.9766 0.2077
vn 0.0112 0.9264 0.3763
vn -0.0042 1.0000 0.0088
vn -0.1896 0.9642 0.1855
vn -0.3767 0.6529 0.6571
vn -0.0325 0.4390 0.8979
vn 0.0473 -0.9361 0.3485
vn -0.1619 -0.9207 0.3550
vn -0.2570 -0.7839 0.5651
vn 0.0017 0.4187 0.9081
vn -0.1055 0.4382 0.8927
vn 0.0030 0.2496 0.9683
vn 0.1807 0.7046 0.6863
vn -0.0646 0.5850 0.8084
vn -0.0161 0.6466 0.7627
vn -0.0807 0.6714 0.7367
vn -0.0935 -0.9684 0.2313
vn 0.1001 -0.2407 0.9654
vn -0.0159 -0.5227 0.8524
vn -0.0495 -0.5950 0.8022
vn -0.0161 -0.9106 0.4130
vn 0.0206 -0.9564 0.2912
vn -0.0559 -0.8715 0.4872
vn 0.2735 0.1047 0.9562
vn -0.0901 0.9959 0.0008
vn -0.4861 0.8606 -0.1519
vn 0.3847 -0.8932 0.2329
vn 0.6021 -0.7983 0.0100
vn -0.0899 0.9941 0.0604
vn 0.8441 0.1206 -0.5225
vn 0.9675 0.2017 0.1524
vn 0.3493 -0.2374 -0.9064
vn 0.5895 -0.2211 -0.7769
vn 0.1953 -0.2898 -0.9369
vn -0.2389 -0.2665 -0.9337
vn -0.0787 -0.0168 0.9968
vn -0.1235 0.0013 0.9923
vn -0.1216 0.1851 0.9752
vn -0.0759 0.2885 0.9545
vn -0.0384 -0.0089 0.9992
vn -0.0005 -0.9999 0.0103
vn 0.1375 -0.9865 0.0887
vn -0.0027 -1.0000 0.0055
vn -0.1420 -0.9787 0.1485
vn -0.0529 -0.3494 0.9355
vn 0.0086 -0.9999 0.0135
vn 0.0376 0.1802 0.9829
vn -0.0222 0.1693 0.9853
vn -0.0006 0.0821 0.9966
vn 0.0067 0.6022 0.7983
vn 0.5391 0.2469 0.8052
vn 0.1749 0.7426 0.6465
vn 0.0642 0.1027 0.9926
vn 0.0267 0.5945 0.8036
vn -0.9171 -0.0171 0.3984
vn -0.9749 0.1680 0.1463
vn -0.8401 -0.1303 0.5266
vn -0.7980 -0.1513 0.5834
vn -0.9204 0.2494 0.3011
vn -0.9358 0.3525 -0.0000
vn -0.9959 0.0905 -0.0011
vn -0.9568 0.2907 0.0023
vn -0.8830 0.2521 -0.3960
vn -0.9882 -0.0681 -0.1372
vn -0.4116 0.8915 -0.1890
vn -0.5991 0.7989 -0.0529
vn -0.0370 0.0572 0.9977
vn 0.0558 0.0038 0.9984
vn -0.0158 0.3821 0.9240
vn 0.0887 0.5990 0.7958
vn -0.0260 0.4381 0.8986
vn 0.0430 0.0456 0.9980
vn -0.6902 0.6883 -0.2233
vn -0.7464 0.6655 0.0070
vn 0.0013 1.0000 0.0051
vn -0.2281 0.8183 -0.5275
vn -0.2053 0.7735 -0.5996
vn -0.3631 0.6591 -0.6587
vn 0.9683 0.1596 0.1919
vn 0.9884 0.1297 0.0790
vn 0.7706 0.1143 0.6270
vn 0.9890 0.0282 -0.1449
vn 0.7904 0.0971 0.6049
vn 0.8713 -0.4119 -0.2669
vn 0.0279 -0.4916 0.8704
vn 0.9609 0.0946 -0.2603
vn 0.7651 -0.4152 0.4921
vn 0.5542 0.5885 -0.5887
vn 0.7472 0.0527 -0.6625
vn 0.0338 0.0237 -0.9991
vn 0.0072 0.7904 -0.6126
vn -0.0965 0.9930 -0.0679
vn 0.6901 0.6401 -0.3375
vn 0.9970 0.0497 0.0594
vn 0.1136 0.2307 0.9664
vn 0.7373 0.2880 0.6111
vn -0.4798 0.7067 0.5200
vn -0.1544 0.6599 0.7353
vn 0.1790 0.9279 0.3270
vn -0.3544 0.8531 0.3829
vn -0.0511 0.9946 0.0906
vn 0.0125 0.9997 -0.0194
vn -0.0122 0.9947 0.1023
vn 0.0903 0.9949 0.0449
vn -0.0909 0.9958 0.0136
vn 0.0747 -0.9654 -0.2498
vn 0.0089 -0.7833 -0.6216
vn -0.0096 -0.9467 -0.3220
vn 0.0477 -0.9611 -0.2722
vn 0.0049 -0.9923 -0.1239
vn -0.0179 0.9200 0.3915
vn -0.5570 0.4902 0.6704
vn -0.0080 0.9485 0.3167
vn -0.1530 0.9802 0.1256
vn -0.1277 0.9913 -0.0330
vn -0.4227 0.2232 0.8784
vn -0.9956 -0.0752 -0.0555
vn -0.0394 0.8931 -0.4481
vn -0.9959 -0.0900 0.0024
vn 0.0363 0.6558 -0.7541
vn 0.0489 0.4106 -0.9105
vn 0.9371 0.2840 -0.2030
vn 0.8850 0.4652 -0.0170
vn 0.0064 0.7160 -0.6981
vn 0.3445 0.4731 -0.8109
vn -0.7951 0.6063 -0.0155
vn -0.9931 0.0611 -0.1005
vn -0.9994 0.0359 0.0008
vn -0.5822 0.6405 0.5007
vn -0.0195 0.9997 0.0159
vn -0.5270 0.8484 -0.0489
vn -0.8558 0.4135 -0.3109
vn -0.8696 0.2395 0.4317
vn -0.9614 -0.2460 0.1232
vn -0.9306 0.2152 0.2961
vn -0.9791 0.1162 0.1667
vn -0.0342 0.5803 0.8137
vn -0.0025 1.0000 -0.0000
vn 0.3205 0.9131 0.2522
vn -0.1699 0.4937 -0.8528
vn 0.2140 0.9714 0.1028
vn -0.1357 0.8755 -0.4638
vn -0.2174 0.3055 -0.9270
vn -0.6270 0.6853 0.3704
vn -0.3584 0.6888 0.6301
vn -0.5469 0.8331 0.0823
vn -0.3505 0.9358 0.0373
vn -0.5325 0.8098 0.2463
vn -0.9462 0.2815 0.1593
vn -0.8664 0.2683 0.4212
vn -0.9623 0.2617 0.0736
vn -0.7948 0.5884 0.1483
vn -0.9841 0.1740 -0.0357
vn -0.9048 -0.3035 -0.2988
vn -0.8102 0.2208 0.5430
vn -0.6850 0.5306 0.4992
vn -0.6673 0.7190 0.1940
vn -0.2143 0.4548 0.8644
vn -0.4005 0.5161 0.7571
vn -0.2434 0.0197 0.9697
vn 0.1781 -0.0106 0.9840
vn -0.1879 0.5984 0.7789
vn -0.0334 0.5117 0.8585
vn 0.5562 0.2515 0.7921
vn 0.5829 0.3779 0.7194
vn 0.5653 0.1037 0.8183
vn 0.5827 -0.1971 0.7884
vn 0.5921 0.4722 0.6530
vn -0.6762 0.3363 -0.6555
vn -0.8541 0.3712 -0.3644
vn -0.4917 -0.2404 -0.8369
vn 0.0334 -0.0692 -0.9970
vn -0.3542 0.2047 -0.9125
vn 0.0324 0.0716 -0.9969
vn -0.8794 0.1091 -0.4634
vn -0.8721 -0.1141 -0.4758
vn -0.0319 0.9598 0.2788
vn -0.9024 0.3878 -0.1881
vn -0.0387 0.9663 -0.2545
vn -0.8904 0.2038 -0.4070
vn -0.9943 -0.0142 0.1054
vn -0.8024 0.2737 0.5304
vn -0.0229 0.9794 0.2006
vn -0.1206 -0.3366 0.9339
vn 0.0162 -0.3369 0.9414
vn 0.0146 -0.1514 0.9884
vn -0.6257 -0.6758 0.3896
vn -0.1663 -0.1850 0.9686
vn -0.1021 -0.6383 0.7630
vn 0.9926 0.0199 0.1200
vn 0.9459 0.3093 -0.0980
vn 0.9618 -0.0020 -0.2736
vn 0.9907 0.0924 0.0996
vn 0.9030 0.4167 0.1045
vn -0.9922 -0.0662 -0.1057
vn -0.2195 0.9734 -0.0664
vn -0.5390 0.8357 -0.1056
vn -0.2265 0.9622 -0.1510
vn -0.3738 0.9266 -0.0400
vn -0.3452 0.9081 -0.2368
vn 0.1759 0.0468 -0.9833
vn 0.0747 0.9293 -0.3616
vn 0.8711 0.0702 -0.4860
vn 0.8516 -0.0835 -0.5175
vn 0.4150 -0.3913 -0.8214
vn 0.5167 0.4197 -0.7462
vn -0.9964 -0.0563 0.0638
vn -0.9744 -0.1298 -0.1834
vn -0.9976 -0.0276 -0.0630
vn -0.9882 -0.0631 0.1393
vn 0.0538 0.6057 0.7939
vn 0.1389 0.0611 0.9884
vn 0.3393 0.7295 0.5938
vn 0.0179 0.9467 0.3215
vn -0.0628 0.9372 0.3431
vn -0.0242 0.6113 0.7910
vn 0.0657 0.0077 0.9978
vn -0.1085 0.0148 0.9940
vn -0.0890 0.0749 0.9932
vn -0.4897 0.0887 0.8674
vn -0.0532 0.0032 0.9986
vn -0.5145 -0.0000 0.8575
vn -0.9267 -0.3707 0.0618
vn -0.0512 -0.8761 0.4793
vn -0.9223 -0.2595 0.2865
vn -0.8581 -0.4634 0.2213
vn -0.0274 -0.9460 0.3229
vn 0.9860 -0.1120 0.1238
vn 0.9875 0.1573 -0.0104
vn 0.9214 0.0555 0.3847
vn 0.9984 0.0268 -0.0499
vn 0.6052 -0.0052 0.7961
vn 0.8944 -0.0000 -0.4472
vn 0.4442 0.1154 -0.8885
vn 0.7912 0.1533 -0.5920
vn -0.3079 0.7570 -0.5764
vn -0.2764 0.9606 -0.0289
vn -0.5647 0.4241 0.7080
vn -0.9997 0.0163 0.0204
vn -0.9963 -0.0223 0.0826
vn -0.5859 0.3824 -0.7145
vn -0.2620 0.9650 -0.0113
vn -0.0685 0.7617 0.6443
vn 0.0246 0.9657 0.2584
vn 0.0542 0.7575 0.6506
vn 0.0778 0.2385 0.9680
vn 0.0200 0.2414 0.9702
vn 0.1559 0.8081 0.5680
vn 0.0139 0.5685 0.8225
vn 0.0329 0.7486 0.6622
vn 0.0606 0.5897 0.8053
vn 0.0190 0.6223 0.7825
vn 0.0038 0.7724 0.6351
vn 0.0137 0.3812 0.9244
vn 0.0076 0.4637 0.8859
vn 0.0428 0.0518 0.9977
vn 0.7111 0.0488 0.7014
vn 0.0499 0.0241 0.9985
vn 0.8403 0.0703 0.5375
vn 0.0136 -0.0116 0.9998
vn -0.8471 0.5302 -0.0363
vn -0.8617 0.3975 -0.3153
vn -0.8830 0.4614 -0.0857
vn -0.8889 0.4569 -0.0332
vn -0.7680 0.6405 -0.0039
vn -0.7823 0.5702 -0.2508
vn -0.8424 0.5384 -0.0227
vn -0.8156 -0.5780 -0.0267
vn -0.9619 -0.2210 -0.1607
vn 0.2557 -0.7549 -0.6039
vn 0.3831 -0.9227 0.0435
vn 0.4123 -0.8351 0.3641
vn -0.8644 -0.1050 0.4917
vn -0.9833 0.0904 -0.1579
vn -0.9887 0.1499 -0.0012
vn -0.5896 0.6522 0.4764
vn 0.3039 0.0699 0.9501
vn 0.0115 0.5929 0.8052
vn -0.9897 0.1298 -0.0600
vn -0.9188 0.1047 -0.3807
vn -0.8988 0.4368 -0.0360
vn -0.9930 0.1184 0.0002
vn -0.1367 -0.9445 -0.2987
vn -0.0789 -0.3317 -0.9401
vn -0.4657 -0.4602 -0.7558
vn 0.0671 0.8532 -0.5173
vn -0.0500 0.4849 -0.8731
vn -0.2804 -0.0900 -0.9557
vn 0.9164 0.3999 -0.0180
vn 0.9890 0.0822 -0.1231
vn 0.9443 0.3096 -0.1118
vn -0.1682 0.9856 -0.0146
vn -0.1761 0.9833 -0.0458
vn 0.9088 0.2319 -0.3468
vn -0.0395 0.9216 -0.3860
vn -0.2858 0.9510 -0.1180
vn 0.9421 0.0001 0.3353
vn -0.1203 0.9889 0.0873
vn -0.1798 0.9784 -0.1023
vn -0.2490 0.8507 -0.4629
vn 0.6689 0.6598 -0.3424
vn 0.0189 0.9998 0.0019
vn 0.6537 0.7566 -0.0125
vn 0.7838 0.3146 -0.5354
vn 0.0028 0.1752 -0.9845
vn 0.9659 0.2585 -0.0169
vn -0.0041 0.7762 -0.6305
vn -0.0175 0.9192 0.3935
vn -0.0027 0.9999 -0.0104
vn -0.5145 0.6860 0.5145
vn 0.0087 0.9998 0.0185
vn -0.0165 0.7459 0.6659
vn -0.8066 0.5868 -0.0714
vn -0.7800 0.6227 -0.0627
vn -0.7813 0.6052 -0.1526
vn -0.7861 0.6146 -0.0653
vn -0.7814 0.6239 0.0121
vn -0.8358 0.5485 -0.0253
vn -0.7437 0.6663 0.0541
vn -0.3544 0.8058 -0.4744
vn -0.8998 0.4363 -0.0028
vn -0.9387 0.3308 0.0969
vn -0.8589 0.5115 -0.0257
vn -0.8337 0.5522 -0.0015
vn -0.8520 0.5229 0.0273
vn -0.9620 0.2395 -0.1312
vn -0.9840 0.1689 -0.0571
vn -0.7344 0.6772 -0.0463
vn -0.6491 0.7607 -0.0000
vn -0.6092 0.7914 0.0501
vn -0.5978 0.8012 -0.0266
vn -0.6655 0.7430 0.0707
vn -0.6068 0.7905 -0.0833
vn 0.9594 -0.2821 -0.0032
vn 0.9733 -0.2252 -0.0444
vn 0.8961 -0.4378 -0.0726
vn 0.8588 -0.1953 -0.4736
vn 0.9959 -0.0478 -0.0767
vn 0.9992 -0.0322 0.0230
vn 0.7621 -0.5018 -0.4091
vn 0.0089 0.0424 0.9991
vn 0.0032 -0.0706 0.9975
vn 0.2320 -0.0699 0.9702
vn 0.7985 0.2706 0.5377
vn 0.0444 0.9990 -0.0000
vn 0.2073 -0.1244 -0.9703
vn 0.5402 0.1646 -0.8253
vn 0.8693 -0.1133 -0.4811
vn -0.0621 -0.3365 -0.9396
vn -0.0133 -0.1629 -0.9866
vn 0.8151 -0.3960 -0.4228
vn -0.2403 -0.9225 -0.3021
vn 0.8120 0.1703 0.5583
vn -0.2736 -0.5188 0.8100
vn 0.0625 -0.9940 -0.0895
vn -0.0128 0.8643 0.5028
vn -0.1009 0.5805 0.8080
vn -0.0341 0.9984 0.0462
vn -0.1852 0.0224 0.9824
vn -0.0696 0.1521 0.9859
vn -0.4543 0.8089 0.3732
vn 0.0708 -0.3658 0.9280
vn 0.9074 -0.3228 0.2693
vn 0.0468 0.0847 0.9953
vn 0.0397 -0.5359 0.8433
vn 0.0947 -0.5108 0.8545
vn 0.0460 -0.1375 0.9894
vn -0.0014 0.9998 -0.0179
vn 0.0624 0.9880 -0.1416
vn -0.1014 0.8611 -0.4983
vn -0.0820 0.6752 -0.7330
vn -0.4019 0.6519 -0.6430
vn 0.0114 0.9996 0.0248
vn -0.7321 -0.6782 -0.0638
vn 0.6362 -0.7250 0.2639
vn -0.3240 -0.5783 -0.7487
vn -0.0398 -0.0154 -0.9991
vn 0.3577 -0.7642 0.5367
vn 0.1006 0.0010 -0.9949
vn 0.9497 -0.2160 -0.2267
vn 0.9040 -0.3669 0.2195
vn 0.5892 0.1888 -0.7856
vn 0.3327 0.2939 -0.8961
vn 0.5852 0.7439 -0.3229
vn 0.7913 -0.0544 -0.6091
vn 0.6277 -0.0966 -0.7724
vn -0.0453 -0.0133 -0.9989
vn -0.0515 0.3295 -0.9428
vn -0.1192 0.0236 -0.9926
vn 0.6020 0.7494 -0.2756
vn 0.9794 0.1830 -0.0853
vn 0.9705 -0.2204 -0.0980
vn 0.9175 -0.2190 -0.3321
vn -0.4349 0.9002 0.0209
vn -0.0548 0.9984 -0.0145
vn -0.1550 0.9867 0.0485
vn -0.8562 0.4677 0.2195
vn -0.9168 0.1705 -0.3610
vn -0.8089 0.5878 0.0123
vn -0.4196 0.7657 0.4875
vn 0.0005 0.0229 -0.9997
vn -0.0559 0.0056 -0.9984
vn 0.0068 -0.1581 -0.9874
vn -0.1387 0.0093 -0.9903
vn -0.1243 0.2223 -0.9670
vn -0.0205 0.9963 0.0833
vn -0.0017 0.9959 0.0901
vn -0.0229 0.9827 0.1836
vn 0.0129 0.9969 0.0777
vn -0.1843 -0.9829 0.0041
vn -0.2732 -0.9617 -0.0227
vn -0.0014 -0.9997 0.0252
vn -0.0962 -0.9954 0.0033
vn -0.0138 -0.9996 -0.0266
vn -0.1421 0.0773 0.9868
vn -0.0699 0.0739 0.9948
vn -0.0898 0.3891 0.9168
vn -0.7921 0.6102 -0.0122
vn -0.7677 0.6155 -0.1785
vn -0.7516 0.6507 -0.1076
vn -0.9156 0.3636 -0.1718
vn -0.8990 0.4368 0.0320
vn -0.7881 0.6110 0.0741
vn -0.7801 0.6220 0.0683
vn -0.2668 0.4835 -0.8337
vn -0.0887 0.9308 -0.3546
vn -0.2450 0.2115 -0.9462
vn -0.3774 0.7547 -0.5367
vn -0.2126 0.0075 -0.9771
vn -0.1049 0.4862 -0.8675
vn -0.5762 -0.6270 0.5243
vn -0.4362 -0.7249 0.5332
vn -0.2099 0.0497 0.9765
vn -0.4234 0.5428 0.7253
vn -0.8273 0.0915 0.5542
vn -0.9964 -0.0534 -0.0651
vn 0.9987 -0.0268 0.0428
vn 0.9990 -0.0312 -0.0334
vn 0.9304 0.3196 0.1793
vn 0.9043 0.3845 0.1854
vn 0.9984 0.0556 0.0043
vn -0.3042 0.9480 -0.0935
vn -0.4180 0.9081 -0.0246
vn -0.2137 0.7439 -0.6332
vn -0.6292 0.5811 -0.5162
vn -0.5827 0.7631 -0.2796
vn -0.1732 0.9637 -0.2030
vn -0.1617 0.1040 0.9814
vn 0.0212 0.2055 0.9784
vn 0.0169 0.1928 0.9811
vn -0.3841 -0.5588 0.7349
vn -0.8792 0.3714 0.2985
vn -0.4905 0.6703 0.5569
vn -0.4963 0.7858 0.3690
vn 0.0654 0.9881 -0.1392
vn 0.0032 0.6269 -0.7791
vn 0.0374 0.9900 -0.1360
vn -0.0341 0.7551 -0.6547
vn -0.0229 0.9997 0.0053
vn 0.9442 0.3204 -0.0760
vn 0.5343 0.7770 0.3329
vn 0.6471 0.2676 0.7139
vn 0.7063 0.0462 0.7064
vn 0.9953 -0.0482 0.0837
vn 0.9301 0.3584 0.0800
vn 0.4565 0.0404 0.8888
vn 0.8391 0.5440 0.0007
vn 0.8059 0.5909 -0.0374
vn 0.7966 0.6044 -0.0034
vn 0.1902 -0.3513 0.9167
vn -0.0033 -0.7546 0.6562
vn 0.1828 -0.6879 0.7024
vn 0.9842 0.0040 -0.1771
vn 0.9223 0.0435 -0.3841
vn 0.9514 0.0361 -0.3057
vn 0.8391 0.2053 -0.5037
vn 0.9707 0.0519 -0.2348
vn 0.9792 -0.1830 0.0877
vn 0.9956 -0.0232 0.0907
vn 0.8398 -0.1701 0.5155
vn 0.5647 -0.1671 0.8082
vn 0.9758 0.1185 0.1838
vn 1.0000 -0.0000 -0.0000
vn 1.0000 0.0050 -0.0000
vn 0.7838 0.6186 0.0550
vn -0.0949 0.0340 -0.9949
vn 0.0169 -0.0392 -0.9991
vn -0.2498 0.0324 -0.9678
vn 0.7656 0.1166 -0.6327
vn 0.8485 -0.0377 -0.5279
vn 0.9554 0.0868 -0.2823
vn 0.7189 0.0880 -0.6895
vn 0.6537 0.7561 -0.0315
vn 1.0000 0.0001 -0.0001
vn 0.9602 0.1746 -0.2181
vn 1.0000 -0.0000 0.0002
vn 0.0185 0.1265 -0.9918
vn 0.0098 -0.0213 -0.9997
vn -0.0081 0.0081 -0.9999
vn 0.0199 0.6508 -0.7590
vn 0.0583 0.5471 -0.8350
vn 0.0177 0.0428 -0.9989
vn -0.0217 0.5448 0.8383
vn -0.0006 0.4941 0.8694
vn 0.9035 -0.0553 -0.4249
vn 0.8742 0.1774 -0.4520
vn 0.9937 0.1073 -0.0320
vn 0.0070 0.1151 -0.9933
vn -0.0173 -0.0014 -0.9998
vn 0.9934 -0.0897 0.0719
vn 0.2446 0.9656 0.0876
vn 0.4471 0.4105 0.7947
vn 0.7497 0.2059 0.6289
vn 0.4952 0.8504 0.1777
vn 0.1566 0.9837 -0.0889
vn 0.1116 -0.2921 -0.9499
vn -0.3172 0.3539 -0.8798
vn 0.0903 -0.3076 -0.9472
vn 0.3475 -0.1728 -0.9216
vn 0.3905 -0.4391 -0.8091
vn -0.1394 0.9797 0.1442
vn 0.0652 0.9553 0.2885
vn 0.0492 0.9474 0.3164
vn -0.1650 0.9833 0.0772
vn 0.0929 0.9944 0.0504
vn 0.8666 0.0754 -0.4934
vn 0.6991 0.0300 -0.7144
vn 0.8770 0.1047 -0.4690
vn 0.9939 0.0843 -0.0708
vn 0.0520 -0.4729 -0.8796
vn -0.0054 -0.3751 -0.9270
vn 0.0031 -0.7269 -0.6868
vn 0.8537 0.5206 0.0165
vn 0.7942 0.6076 -0.0136
vn 0.6132 0.7861 0.0780
vn 0.6461 0.7051 0.2924
vn 0.8587 0.5094 0.0564
vn 0.7839 0.6137 0.0943
vn -0.1245 0.5407 -0.8319
vn 0.0123 0.5673 -0.8234
vn 0.0062 0.3242 -0.9460
vn -0.6278 0.7586 -0.1742
vn -0.0506 0.8311 -0.5539
vn -0.1525 0.3129 -0.9375
vn 0.0055 -0.9995 -0.0318
vn -0.5072 -0.0448 -0.8606
vn -0.6481 0.3987 -0.6488
vn -0.0918 0.9839 -0.1531
vn -0.3772 0.0504 -0.9248
vn 0.5954 0.5395 0.5954
vn 0.5300 -0.0000 0.8480
vn 0.9027 0.3287 0.2777
vn 0.1200 0.0727 -0.9901
vn -0.3124 0.2881 -0.9052
vn -0.0651 0.9827 -0.1736
vn -0.5385 0.4853 -0.6888
vn -0.2038 0.9659 -0.1595
vn -0.0085 0.9966 -0.0818
vn -0.1773 0.5159 -0.8381
vn 0.6438 0.7623 -0.0672
vn 0.8831 0.4451 -0.1486
vn 0.2324 0.7786 0.5830
vn 0.2354 0.6470 0.7252
vn 0.2905 0.0593 -0.9550
vn 0.1897 0.0582 -0.9801
vn 0.3217 0.0799 -0.9435
vn 0.3899 0.0524 -0.9194
vn 0.0025 -1.0000 -0.0048
vn -0.9411 -0.2495 -0.2281
vn 0.0082 -1.0000 -0.0000
vn 0.0303 -0.9983 0.0504
vn -0.9680 -0.2486 -0.0345
vn -0.0471 0.9913 0.1230
vn -0.0133 0.9950 0.0993
vn 0.1547 -0.0104 0.9879
vn 0.2480 0.0161 0.9686
vn -0.0200 0.6083 -0.7934
vn -0.3953 0.5299 -0.7503
vn 0.3611 0.8421 -0.4006
vn -0.0131 0.1576 -0.9874
vn -0.0086 0.0146 -0.9999
vn -0.9029 0.2579 -0.3439
vn -0.5614 0.6702 0.4855
vn -0.4538 0.6205 0.6395
vn -0.3078 0.7109 0.6323
vn -0.6027 0.6565 0.4536
vn -0.0305 0.9992 -0.0250
vn -0.0115 0.9942 0.1065
vn 0.0073 1.0000 -0.0039
vn 0.0063 0.9998 0.0190
vn -0.0036 0.9999 0.0130
vn 0.0026 0.9996 -0.0287
vn -0.1537 0.9801 0.1253
vn -0.0123 0.9989 -0.0452
vn -0.0060 0.9997 -0.0225
vn -0.0026 0.9948 -0.1016
vn 0.0408 -0.9224 0.3840
vn 0.0155 -0.9957 0.0914
vn 0.0170 -0.8270 0.5619
vn -0.0961 -0.7548 0.6489
vn 0.0551 -0.9833 -0.1737
vn -0.9438 0.0037 -0.3304
vn -0.0288 0.0330 -0.9990
vn -0.9431 -0.0207 -0.3318
vn -0.9492 0.1328 -0.2853
vn -0.0337 0.3896 -0.9204
vn -0.0282 -0.7619 -0.6471
vn -0.1623 -0.8394 -0.5187
vn -0.0212 -0.9458 -0.3241
vn -0.0773 -0.8875 -0.4544
vn -0.0109 0.6152 -0.7883
vn 0.0084 0.1420 -0.9898
vn -0.2455 0.1686 -0.9546
vn -0.0250 0.5340 -0.8451
vn 0.5419 0.5344 -0.6487
vn 0.4369 -0.6331 0.6390
vn -0.2344 -0.2790 0.9313
vn 0.3816 0.0227 -0.9240
vn -0.9968 0.0343 0.0721
vn -0.8116 0.1715 0.5585
vn -0.9775 0.1487 0.1495
vn -0.8515 0.1053 0.5136
vn -0.9963 0.0774 -0.0379
vn -0.9937 0.0047 -0.1120
vn 0.6870 0.0431 0.7254
vn 0.5749 -0.0134 0.8181
vn 0.8431 -0.0375 0.5364
vn 0.9306 -0.2961 0.2151
vn 0.7514 0.2861 0.5946
vn 0.4557 0.6682 0.5881
vn -0.0143 0.9980 -0.0623
vn 0.2968 -0.0001 -0.9549
vn 0.4732 -0.8614 -0.1848
vn 0.0997 0.9742 -0.2022
vn 0.1390 0.9892 0.0472
vn -0.1105 0.9746 -0.1948
vn -0.1979 0.9751 -0.0998
vn 0.0407 0.9151 -0.4012
vn -0.0451 0.9985 0.0313
vn 0.1557 0.9819 -0.1081
vn -0.2669 0.9564 -0.1187
vn 0.9776 0.1985 0.0703
vn -0.2791 0.9510 0.1330
vn -0.0732 0.9956 -0.0586
vn -0.1246 0.5097 -0.8513
vn 0.1649 0.3914 -0.9053
vn 0.0354 0.9982 -0.0488
vn -0.0414 0.9930 -0.1103
vn 0.0179 0.9998 -0.0019
vn 0.0210 0.9998 0.0057
vn -0.0032 1.0000 0.0003
vn -0.0217 0.9689 0.2463
vn -0.0010 0.9991 0.0424
vn 0.0447 0.7689 0.6378
vn -0.2084 0.9780 0.0021
vn -0.2890 0.8759 0.3863
vn 0.0104 -0.9999 0.0072
vn -0.0846 -0.9264 0.3670
vn 0.0107 -0.9999 -0.0064
vn 0.0014 -0.3719 0.9283
vn 0.0003 -0.9999 0.0153
vn 0.0365 0.9964 -0.0760
vn 0.3047 0.9516 0.0412
vn 0.3696 0.7929 -0.4845
vn -0.0196 0.9997 -0.0133
vn -0.0229 0.9997 0.0118
vn -0.0566 0.9983 0.0123
vn -0.3681 0.9296 -0.0207
vn -0.4489 0.8934 -0.0169
vn -0.0444 -0.0059 0.9990
vn -0.1197 0.6605 0.7412
vn -0.1673 0.5333 0.8292
vn 0.1389 0.9886 0.0579
vn -0.1894 -0.4853 0.8536
vn -0.1739 0.9800 0.0963
vn -0.1448 0.9878 0.0569
vn 0.9945 0.0961 0.0423
vn 0.9862 0.1368 0.0934
vn 0.9496 0.3133 0.0129
vn 0.8835 0.3242 0.3380
vn 0.9320 0.0125 0.3622
vn 0.9022 -0.1992 0.3826
vn 0.9869 -0.1346 0.0887
vn 0.0122 0.9618 -0.2735
vn 0.0889 0.9129 -0.3983
vn 0.2156 0.2484 -0.9444
vn 0.0289 0.2901 -0.9566
vn 0.0092 0.9570 -0.2899
vn -0.6208 -0.4212 -0.6612
vn -0.3887 -0.0281 -0.9209
vn -0.9670 -0.0652 -0.2463
vn 0.6264 0.5854 -0.5147
vn 0.1222 0.9631 -0.2396
vn -0.0679 0.9977 -0.0047
vn 0.0188 0.9998 0.0062
vn 0.0814 0.9916 -0.1003
vn -0.6541 -0.0717 -0.7530
vn -0.4370 0.0194 -0.8993
vn -0.0274 -0.0878 -0.9958
vn -0.9127 -0.0427 -0.4063
vn -0.8965 -0.0456 -0.4406
vn -0.0588 -0.4627 -0.8846
vn -0.2592 -0.1676 -0.9512
vn -0.7702 -0.6184 0.1563
vn -0.1063 0.9911 0.0795
vn -0.2176 -0.1873 0.9579
vn 0.0319 0.9974 -0.0639
vn 0.0466 0.2344 0.9710
vn 0.2222 -0.9747 0.0262
vn -0.0120 -0.7253 0.6883
vn -0.9578 0.0067 0.2875
vn -0.2864 -0.0342 -0.9575
vn -0.9974 -0.0714 -0.0100
vn -0.7023 -0.0568 -0.7097
vn -0.6555 -0.2052 -0.7268
vn -0.8547 0.1997 -0.4791
vn 0.2931 -0.0965 -0.9512
vn -0.7128 0.5578 -0.4251
vn -0.3854 0.2439 0.8899
vn 0.0147 0.1551 0.9878
vn 0.0101 0.5499 0.8352
vn 0.0359 0.0767 0.9964
vn 0.0032 0.5479 0.8365
vn 0.3294 -0.0174 -0.9440
vn 0.4936 0.4504 -0.7440
vn 0.7387 0.0445 -0.6726
vn 0.1146 0.5194 -0.8468
vn 0.0511 -0.0077 -0.9987
vn -0.1078 0.9929 0.0503
vn -0.0275 0.9995 0.0183
vn 0.1747 0.9702 -0.1679
vn 0.6099 0.7924 0.0123
vn 0.5861 0.8081 0.0588
vn -0.0212 0.9998 -0.0068
vn 0.1752 0.9444 0.2782
vn 0.0231 -0.9883 -0.1509
vn -0.0136 -0.9991 -0.0405
vn -0.2054 -0.9761 -0.0706
vn 0.2125 0.9737 0.0820
vn -0.4821 0.8760 0.0152
vn -0.4300 0.9016 0.0470
vn -0.6074 0.7939 0.0264
vn -0.3172 0.9482 0.0144
vn -0.7937 0.5945 0.1294
vn -0.3279 0.9441 -0.0353
vn -0.0708 0.3030 0.9504
vn 0.0148 0.0132 0.9998
vn 0.4280 0.7638 0.4832
vn -0.0450 0.9957 -0.0816
vn -0.0931 0.9952 -0.0306
vn -0.5723 0.7569 0.3154
vn -0.9750 0.1608 0.1532
vn -0.8312 0.1235 0.5422
vn -0.5395 0.2720 0.7969
vn -0.4338 0.7940 0.4259
vn -0.7323 0.6632 0.1549
vn -0.2504 0.9502 0.1857
vn -0.0482 0.9968 -0.0643
vn -0.0237 0.9996 -0.0118
vn 0.0513 0.9851 -0.1642
vn 0.0240 0.9979 0.0601
vn -0.0349 0.5079 -0.8607
vn 0.0438 0.9399 -0.3385
vn 0.0349 0.4634 -0.8855
vn -0.0294 0.8396 -0.5424
vn 0.0141 0.8915 -0.4529
vn -0.0885 0.8111 -0.5782
vn -0.0046 0.9644 -0.2643
vn -0.0091 0.8464 -0.5324
vn -0.0315 0.9108 -0.4116
vn -0.0174 0.9945 -0.1033
vn -0.0085 0.9781 -0.2077
vn -0.0237 0.9504 -0.3101
vn -0.0013 0.9931 0.1171
vn -0.1056 -0.8324 -0.5440
vn -0.1501 -0.3443 0.9268
vn -0.2256 -0.1785 0.9577
vn 0.9341 0.3554 -0.0351
vn 0.2511 0.9673 -0.0361
vn 0.2761 0.9611 -0.0082
vn 0.9987 0.0482 -0.0176
vn 0.9163 0.3988 -0.0376
vn 0.0312 0.9992 -0.0243
vn -0.9635 0.2552 0.0813
vn -0.9973 0.0456 0.0579
vn 0.2223 0.0637 -0.9729
vn 0.1858 -0.0896 -0.9785
vn 0.0256 -0.0247 -0.9994
vn 0.2121 0.4323 -0.8764
vn 0.4395 0.4724 -0.7640
vn -0.0756 0.0955 -0.9926
vn 0.4337 0.1165 -0.8935
vn 0.0128 0.1403 -0.9900
vn 0.0182 0.1572 -0.9874
vn 0.0084 0.2550 -0.9669
vn 0.0471 0.0336 -0.9983
vn 0.0240 0.3683 -0.9294
vn -0.8853 -0.3768 0.2724
vn -0.6320 -0.0903 0.7697
vn -0.9992 0.0232 -0.0341
vn -0.6448 -0.0671 0.7614
vn 0.3174 0.1077 0.9422
vn 0.1285 0.3013 0.9448
vn 0.1972 0.6018 0.7739
vn -0.3800 0.9008 0.2100
vn -0.5130 0.7054 0.4892
vn -0.6009 0.5826 0.5472
vn -0.0888 0.8160 0.5711
vn 0.0088 0.9996 0.0263
vn -0.0517 0.9489 0.3112
vn -0.0966 0.9297 0.3554
vn 0.1810 0.9717 0.1520
vn -0.5361 0.2104 0.8175
vn -0.9990 0.0379 0.0217
vn -0.9516 0.1738 0.2533
vn -0.9994 -0.0019 -0.0334
vn -0.3145 0.1529 0.9369
vn -0.1469 0.1506 0.9776
vn -0.7162 0.0673 0.6946
vn 0.7333 0.1553 -0.6620
vn 0.0826 0.0245 0.9963
vn -0.1952 0.0203 0.9805
vn -0.2136 0.0245 0.9766
vn 0.2941 0.0418 0.9549
vn 0.2183 0.0437 0.9749
vn 0.7512 0.0119 -0.6599
vn 0.2079 -0.0167 -0.9780
vn 0.7540 -0.1258 -0.6447
vn 0.6450 0.5682 0.5110
vn 0.0137 0.5852 0.8108
vn 0.0422 0.3825 0.9230
vn 0.0817 0.6381 0.7656
vn 0.0028 0.8366 0.5478
vn 0.0232 0.6080 0.7936
vn 0.0161 0.1038 0.9945
vn 0.0229 0.3224 0.9463
vn 0.0410 0.6377 0.7692
vn 0.7758 0.5589 -0.2928
vn 0.8658 0.3905 -0.3129
vn 0.2475 0.3062 -0.9192
vn 0.1546 0.5535 -0.8184
vn 0.1457 0.8438 -0.5165
vn 0.5917 0.8055 -0.0333
vn -0.0478 0.2031 0.9780
vn 0.0401 0.1258 0.9912
vn 0.1205 0.3999 0.9086
vn -0.5099 0.4268 0.7469
vn -0.0139 0.1789 0.9838
vn -0.8334 0.4321 0.3445
vn -0.9612 0.2632 0.0829
vn -0.8819 0.3071 0.3576
vn 0.2915 0.0228 -0.9563
vn 0.7067 0.0337 -0.7067
vn 0.0122 0.0123 -0.9999
vn 0.1504 0.0799 -0.9854
vn -0.0011 0.1267 -0.9919
vn -0.0389 0.1151 -0.9926
vn -0.0087 -0.3218 -0.9468
vn -0.6729 0.3165 -0.6686
vn -0.1927 0.4365 -0.8788
vn 0.2188 0.9412 0.2574
vn 0.6202 0.6903 0.3726
vn 0.6652 0.6360 0.3912
vn 0.0673 0.9410 0.3316
vn 0.0604 0.9836 0.1699
vn 0.1949 -0.9804 0.0290
vn 0.0841 -0.9947 -0.0596
vn -0.0938 -0.9891 0.1132
vn 0.2376 -0.9679 0.0820
vn 0.7926 -0.6098 -0.0000
vn 0.6642 -0.7473 -0.0209
vn 0.2603 -0.9652 -0.0246
vn -0.0732 0.3109 0.9476
vn -0.0048 0.9943 0.1065
vn -0.0067 0.9969 0.0784
vn -0.0959 0.0801 0.9922
vn -0.0918 0.3233 0.9418
vn 0.0505 0.9970 -0.0589
vn -0.0079 0.9993 0.0370
vn 0.0445 0.4853 0.8732
vn 0.0779 0.3246 0.9426
vn 0.2026 0.5235 0.8276
vn 0.0523 0.9936 0.1001
vn -0.0012 0.9368 0.3499
vn 0.0123 0.9691 0.2464
vn 0.0009 1.0000 0.0051
vn 0.0220 0.9996 0.0186
vn -0.6780 0.4475 0.5831
vn -0.4579 -0.0132 0.8889
vn 0.0172 0.0108 0.9998
vn -0.5084 0.8506 0.1343
vn -0.9976 0.0587 0.0370
vn -0.9360 -0.0074 0.3520
vn -0.0703 0.6002 0.7967
vn 0.9942 -0.0391 0.1006
vn -0.0208 0.9991 0.0375
vn 0.0531 0.6945 0.7175
vn 0.7789 -0.0020 0.6271
vn 0.9939 -0.0185 0.1083
vn 0.5952 0.8011 0.0632
vn 0.4973 0.6723 -0.5484
vn 0.0260 0.9995 0.0193
vn 0.2926 0.9562 0.0092
vn 0.9959 0.0824 -0.0382
vn 0.7588 -0.2329 -0.6083
vn 0.7178 0.0523 -0.6942
vn 0.4515 0.8054 -0.3841
vn 0.0135 0.7924 -0.6099
vn 0.0161 0.9999 0.0016
vn 0.0108 0.9999 0.0013
vn 0.0074 0.9999 -0.0101
vn -0.0446 0.8416 -0.5383
vn 0.0070 0.9988 -0.0486
vn 0.0264 0.8585 -0.5121
vn -0.0019 1.0000 0.0035
vn 0.2412 0.9647 -0.1060
vn 0.1475 0.9740 -0.1718
vn -0.0041 1.0000 0.0023
vn -0.0520 0.9986 -0.0074
vn 0.8785 0.4702 -0.0842
vn 0.9041 0.4119 0.1136
vn 0.8732 0.0936 0.4782
vn 0.9841 0.1198 -0.1313
vn 0.6511 0.3719 0.6616
vn 0.6985 0.5474 0.4608
vn 0.1197 -0.4703 0.8744
vn 0.0041 -0.2101 0.9777
vn 0.7950 -0.0064 0.6066
vn 0.4364 0.8951 -0.0912
vn 0.7550 0.6555 -0.0153
vn 0.5531 0.8314 -0.0531
vn 0.0166 0.8695 0.4937
vn 0.0205 0.9934 0.1129
vn -0.0843 0.8732 0.4801
vn 0.0218 0.6685 0.7434
vn 0.5722 0.8199 0.0154
vn 0.0024 -0.9994 0.0352
vn -0.1177 0.6243 0.7723
vn -0.0280 0.6477 0.7614
vn -0.0643 0.9949 0.0782
vn -0.0096 0.9927 0.1201
vn -0.2200 0.5668 0.7940
vn -0.1805 0.1476 0.9724
vn -0.0460 0.1779 0.9830
vn -0.8051 -0.3653 -0.4672
vn -0.4699 -0.6091 -0.6389
vn -0.6189 -0.6828 -0.3882
vn -0.9910 -0.1332 0.0132
vn 0.4937 -0.4888 0.7193
vn 0.0897 -0.3024 0.9489
vn -0.2123 -0.3220 0.9226
vn 0.4945 -0.2983 0.8164
vn 0.9088 0.3938 -0.1380
vn 0.4962 -0.0221 0.8679
vn 0.7078 -0.3872 0.5908
vn 0.7132 0.4535 0.5345
vn 0.4259 0.0351 0.9041
vn 0.4249 0.0360 0.9045
vn -0.0063 0.4954 -0.8686
vn -0.0158 0.0512 -0.9986
vn -0.0479 0.7874 -0.6146
vn -0.0094 0.9985 -0.0538
vn 0.6259 0.6641 -0.4088
vn -0.3561 0.4001 0.8445
vn 0.1838 0.6775 0.7122
vn 0.1920 0.9673 0.1655
vn -0.2062 -0.7980 0.5662
vn 0.0008 0.9728 -0.2316
vn -0.5054 0.7163 0.4812
vn -0.9102 0.4135 0.0237
vn -0.4013 0.9159 -0.0058
vn -0.9219 0.3873 0.0136
vn -0.3773 0.9260 0.0091
vn -0.4163 0.9051 0.0859
vn -0.9919 0.1256 0.0184
vn -0.9930 0.1123 0.0373
vn -0.9403 0.3355 0.0567
vn -0.1211 0.9926 0.0045
vn 0.0140 0.8655 0.5007
vn -0.0433 0.9990 0.0103
vn 0.0115 0.9809 0.1944
vn 0.0487 -0.2297 0.9720
vn 0.0329 -0.6555 0.7545
vn 0.0138 -0.6585 0.7524
vn -0.0016 -0.2842 0.9588
vn 0.0576 -0.2348 0.9703
vn -0.0166 -0.5703 0.8212
vn -0.3447 -0.4838 0.8044
vn -0.0179 -0.4665 0.8843
vn -0.0227 0.7664 -0.6420
vn -0.1119 0.8138 -0.5702
vn -0.0204 0.5861 -0.8100
vn -0.9336 0.3570 -0.0308
vn 0.0839 0.8660 -0.4930
vn 0.7980 -0.6026 0.0064
vn 0.5992 -0.7212 0.3477
vn 0.2605 -0.9393 0.2231
vn 0.2403 -0.9707 -0.0073
vn 0.9003 -0.4352 0.0070
vn 0.9236 -0.3833 0.0044
vn 0.7430 -0.6690 -0.0191
vn 0.9089 0.4054 0.0979
vn 0.9826 0.1856 0.0095
vn 0.9818 0.1898 -0.0017
vn 0.5033 0.0165 -0.8640
vn 0.6946 0.7193 -0.0047
vn 0.7617 0.6468 0.0377
vn 0.2220 0.7701 0.5980
vn -0.0219 0.9985 0.0507
vn 0.0212 0.9996 -0.0191
vn 0.0015 0.9982 0.0601
vn 0.0031 0.9885 0.1511
vn -0.3766 0.9240 -0.0672
vn 0.7014 -0.1205 0.7025
vn 0.9441 0.2716 -0.1870
vn 0.3840 -0.6813 0.6232
vn 0.9191 0.2223 -0.3254
vn 0.6873 0.7067 -0.1678
vn 0.2711 0.8792 -0.3918
vn 0.6369 0.7085 -0.3041
vn 0.4935 0.4729 -0.7299
vn -0.0056 0.8740 -0.4860
vn -0.0586 0.9979 0.0271
vn -0.0970 0.9871 -0.1272
vn -0.0431 0.0235 -0.9988
vn 0.0226 0.0385 -0.9990
vn 0.8541 -0.4238 -0.3016
vn 0.9123 -0.0923 -0.3989
vn 0.0114 0.0826 0.9965
vn -0.0487 0.2320 0.9715
vn 0.1116 0.6719 0.7322
vn 0.0526 0.0079 0.9986
vn 0.6441 0.0846 0.7603
vn 0.2345 0.0661 0.9699
vn -0.0356 0.1925 0.9806
vn -0.0182 0.3824 0.9238
vn -0.0088 -0.0423 0.9991
vn -0.0417 -0.1649 0.9854
vn -0.0200 0.3504 0.9364
vn -0.6398 -0.2482 0.7274
vn -0.0733 -0.9147 0.3975
vn -0.1027 -0.4613 0.8813
vn 0.2901 -0.9517 -0.1002
vn -0.1038 -0.0975 0.9898
vn -0.1011 -0.0134 0.9948
vn 0.7097 0.4521 0.5403
vn 0.9885 0.1001 0.1135
vn -0.0509 0.9912 0.1220
vn -0.1169 0.3199 0.9402
vn -0.0015 0.9928 0.1197
vn -0.8813 0.4723 0.0158
vn -0.7406 0.3113 0.5955
vn 0.7150 0.6928 0.0940
vn 0.6700 0.7422 0.0153
vn 0.2700 0.9628 -0.0056
vn 0.9756 0.1978 0.0953
vn 0.9633 0.2678 0.0174
vn 0.2290 0.9648 0.1295
vn 0.5334 0.7815 0.3235
vn 0.9240 -0.0030 0.3824
vn -0.0006 -0.1900 0.9818
vn 0.0074 -0.3108 0.9504
vn -0.0637 -0.3122 0.9479
vn 0.3138 0.0917 0.9450
vn -0.0250 -0.1464 0.9889
vn 0.0794 -0.2344 0.9689
vn -0.0006 -0.1055 0.9944
vn 0.0495 -0.3324 0.9418
vn -0.1497 0.9793 -0.1362
vn -0.0116 0.9999 -0.0095
vn 0.0283 0.9961 -0.0831
vn -0.0677 0.9844 -0.1626
vn -0.2256 0.9740 -0.0222
vn -0.2762 -0.9609 -0.0181
vn -0.1998 -0.9791 -0.0374
vn -0.0175 -0.9997 -0.0167
vn -0.0704 0.9763 -0.2045
vn -0.4302 0.3123 -0.8470
vn -0.6758 0.4887 -0.5518
vn -0.0566 0.9544 -0.2932
vn -0.9993 0.0002 -0.0371
vn -0.9827 -0.0443 -0.1797
vn -0.9424 -0.3332 0.0285
vn -0.9792 -0.0629 0.1928
vn -0.4954 0.0550 0.8669
vn -0.1479 0.0767 0.9860
vn -0.0667 0.1739 0.9825
vn 0.8841 0.2782 -0.3754
vn 0.8575 -0.0023 -0.5144
vn 0.7285 0.1663 -0.6645
vn 0.1820 0.9421 -0.2815
vn -0.5209 0.2408 -0.8189
vn -0.3272 -0.1281 -0.9362
vn -0.7890 0.0412 -0.6130
vn -0.6750 0.2384 -0.6982
vn -0.2073 -0.1916 -0.9593
vn -0.2951 -0.1132 -0.9487
vn -0.9988 0.0258 -0.0409
vn -0.9507 0.3073 0.0407
vn -0.9929 0.1075 -0.0507
vn -0.9962 0.0028 0.0875
vn -0.7453 0.0753 -0.6625
vn -0.0429 0.4030 0.9142
vn -0.1365 0.6359 0.7596
vn -0.0773 0.1091 0.9910
vn 0.0206 0.1074 0.9940
vn 0.2750 0.7622 0.5860
vn 0.0372 0.8996 0.4352
vn 0.0008 0.6186 0.7857
vn 0.3974 0.5418 0.7406
vn 0.5590 0.6080 0.5638
vn 0.4166 0.7985 0.4346
vn -0.1059 0.6694 0.7353
vn 0.2749 0.7622 0.5860
vn -0.9722 0.2288 -0.0500
vn -0.8532 0.3283 -0.4053
vn -0.9590 0.2728 -0.0771
vn 0.1021 0.3855 0.9170
vn -0.9727 -0.2090 0.1006
vn -0.8536 -0.5039 0.1318
vn -0.7215 -0.4634 0.5145
vn -0.0381 0.9393 -0.3409
vn -0.0753 0.8384 -0.5398
vn -0.0376 0.9755 -0.2166
vn -0.0140 0.9925 -0.1212
vn -0.0273 0.7722 -0.6348
vn 0.0714 0.9437 -0.3230
vn 0.9466 -0.3225 -0.0056
vn 0.9114 -0.4085 0.0497
vn 0.9774 -0.2024 0.0614
vn 0.9354 -0.3401 0.0967
vn 0.8120 -0.5788 0.0750
vn -0.5191 0.7329 -0.4397
vn -0.0235 0.9988 0.0435
vn -0.0188 0.9996 -0.0216
vn -0.6427 0.7311 -0.2290
vn -0.7473 0.6549 -0.1119
vn -0.9694 0.2209 -0.1070
vn -0.8794 0.1474 -0.4527
vn -0.2380 0.9281 -0.2864
vn -0.4477 0.6500 -0.6140
vn 0.0331 -0.1374 0.9900
vn 0.9428 -0.2000 0.2666
vn 0.8716 -0.3652 0.3271
vn -0.0126 0.9976 0.0685
vn 0.0019 0.9996 -0.0294
vn -0.1078 0.7941 0.5981
vn -0.0362 0.9891 0.1426
vn -0.0329 0.8320 0.5538
vn -0.0113 0.8941 0.4477
vn -0.0039 0.9797 -0.2004
vn -0.0384 0.9583 -0.2831
vn -0.9585 0.0206 -0.2842
vn -0.9734 -0.1461 0.1767
vn 0.0036 1.0000 -0.0000
vn -0.9910 0.0891 -0.1003
vn -0.8650 -0.1187 -0.4875
vn -0.9879 -0.1242 -0.0925
vn -0.9865 0.1633 -0.0150
vn -0.9518 0.3065 -0.0071
vn -0.9165 0.1814 -0.3566
vn -0.8756 0.0043 -0.4830
vn 0.9908 0.1170 0.0677
vn 0.7387 0.6740 -0.0080
vn 0.0246 0.9994 0.0238
vn 0.7292 0.6842 -0.0100
vn 0.9973 0.0665 -0.0316
vn 0.5226 0.7584 -0.3895
vn 0.0130 0.9997 -0.0201
vn -0.2818 0.9594 -0.0123
vn -0.9673 0.2449 0.0658
vn -0.2767 0.9577 0.0789
vn -0.1816 0.9787 0.0953
vn 0.7752 0.2999 0.5560
vn 0.4969 0.1191 0.8596
vn 0.8803 0.0876 0.4662
vn 0.8302 0.4019 0.3862
vn 0.5410 0.7760 0.3243
vn 0.5157 0.4479 0.7303
vn 0.5885 0.8062 0.0603
vn 0.6098 -0.2266 0.7595
vn 0.0127 0.5051 0.8630
vn -0.5501 0.3612 -0.7530
vn -0.5207 0.2972 -0.8004
vn -0.3851 0.8277 -0.4081
vn -0.0009 0.9852 -0.1714
vn -0.0049 0.0313 -0.9995
vn -0.0181 -0.9998 0.0019
vn 0.0388 -0.9392 0.3412
vn 0.1293 -0.9294 0.3457
vn 0.3506 0.0853 0.9326
vn 0.8986 -0.3621 0.2479
vn 0.1968 -0.9695 0.1463
vn 0.0521 -0.9932 -0.1043
vn 1.0000 0.0002 -0.0000
vn -0.0555 0.9903 -0.1270
vn -0.0958 0.9243 0.3695
vn -0.0478 0.8979 -0.4375
vn 0.1751 -0.2545 0.9511
vn 0.1097 0.1442 0.9834
vn 0.0970 -0.8519 0.5147
vn -0.3655 0.9308 0.0008
vn -0.0442 -0.3725 -0.9270
vn -0.0672 -0.3651 -0.9285
vn 0.1659 -0.9716 -0.1687
vn -0.0000 -1.0000 -0.0000
vn 0.0001 -1.0000 0.0066
vn -0.4605 -0.8592 -0.2231
vn -0.0619 -0.2919 -0.9544
vn -0.2420 -0.7159 0.6549
vn -0.8580 -0.1419 0.4937
vn -0.6729 -0.7087 -0.2122
vn -0.1689 0.9523 0.2543
vn -0.5688 0.7298 0.3792
vn 0.6903 -0.3656 0.6244
vn 0.0068 -0.0055 -1.0000
vn -0.9349 0.0436 -0.3522
vn -0.5911 0.0544 -0.8048
vn -0.1274 -0.1104 -0.9857
vn 0.0399 0.0301 -0.9988
vn -0.9855 -0.1570 -0.0643
vn -0.6890 0.4999 -0.5247
vn -0.9776 0.2082 -0.0316
vn -0.1939 0.9742 -0.1158
vn -0.4605 0.6452 -0.6097
vn -1.0000 0.0021 0.0050
vn -0.5355 0.4731 0.6996
vn 0.0100 0.0397 0.9992
vn -0.0048 0.8391 0.5440
vn -0.8845 0.1784 0.4310
vn -0.6031 -0.0001 0.7976
vn -0.0052 0.9999 -0.0089
vn -0.7046 0.6479 -0.2894
vn -0.7518 0.6144 -0.2395
vn -0.7523 0.6457 -0.1306
vn -0.6046 0.6883 -0.4009
vn -0.5707 0.6469 -0.5058
vn -0.6486 0.6059 -0.4606
vn 0.0126 0.9999 -0.0106
vn 0.0775 0.9765 -0.2013
vn -0.0034 0.9949 -0.1007
vn 0.0030 0.9989 0.0478
vn 0.0291 0.9709 0.2378
vn 0.0025 0.9999 0.0170
vn -0.0068 0.9999 -0.0121
vn 0.0446 0.9672 -0.2501
vn 0.0186 0.9659 0.2581
vn 0.0027 0.9936 -0.1133
vn 0.0190 0.8861 -0.4632
vn 0.0419 0.9049 -0.4235
vn -0.7859 -0.0001 0.6184
vn -0.7419 0.4207 0.5221
vn -0.5738 -0.2916 0.7653
vn -0.0232 0.3620 0.9319
vn 0.2263 0.8892 0.3977
vn -0.0006 0.9929 0.1189
vn 0.2673 0.3437 0.9002
vn 0.0372 0.9988 0.0315
vn 0.6777 -0.2228 -0.7007
vn 0.9628 -0.1158 -0.2440
vn 0.0282 0.9930 0.1149
vn -0.6938 0.1173 -0.7105
vn -0.8508 -0.0000 -0.5255
vn -0.9954 -0.0389 -0.0880
vn -0.9842 0.0783 -0.1590
vn -0.5103 0.4111 -0.7554
vn -0.3725 0.0909 -0.9236
vn 0.6055 0.5360 -0.5883
vn 0.9640 0.1684 -0.2057
vn 0.7735 0.1749 -0.6092
vn 0.2223 0.1462 -0.9640
vn -0.0117 0.9999 0.0082
vn 0.6074 0.7940 0.0258
vn 0.2775 0.3118 -0.9087
vn -0.9198 0.3079 -0.2432
vn -0.7885 0.5002 -0.3580
vn -0.9019 0.4020 0.1581
vn -0.7952 0.5408 -0.2741
vn -0.1506 0.9886 -0.0000
vn -0.5675 0.6383 0.5201
vn -0.2337 0.4494 0.8622
vn -0.8390 0.4608 0.2894
vn -0.0163 0.9933 0.1140
vn -0.7386 0.1128 -0.6647
vn -0.5058 0.7385 -0.4457
vn -0.8010 0.0313 -0.5979
vn -0.9988 -0.0461 -0.0163
vn 0.6621 0.0353 -0.7486
vn 0.1402 0.0212 -0.9899
vn 0.9151 0.0534 -0.3998
vn 0.9984 0.0450 -0.0357
vn -0.2580 -0.0932 -0.9616
vn 0.0154 -0.3406 0.9401
vn 0.0248 -0.2835 0.9586
vn 0.0187 -0.3976 0.9174
vn 0.0089 -0.5891 0.8080
vn 0.0206 -0.3300 0.9437
vn 0.0196 -0.0220 0.9996
vn 0.0500 -0.2207 0.9741
vn 0.0450 -0.5206 0.8526
vn 0.5643 0.7600 -0.3224
vn 0.0963 0.9953 -0.0054
vn -0.0072 0.8062 -0.5915
vn 0.0407 0.5711 -0.8199
vn -0.0240 0.7575 -0.6524
vn 0.0376 0.9780 -0.2052
vn -0.0488 0.9891 -0.1386
vn -0.0165 0.9137 -0.4061
vn -0.0109 0.7519 -0.6592
vn 0.1285 0.5820 0.8030
vn 0.1234 0.6514 0.7486
vn -0.0027 0.9996 0.0278
vn 0.0481 0.9527 0.3002
vn 0.0414 0.9924 0.1159
vn 0.7859 0.1567 0.5982
vn 0.6141 -0.1430 0.7762
vn 0.4997 -0.0734 0.8631
vn 0.8798 -0.1298 0.4572
vn 0.6311 0.0083 0.7757
vn 0.2676 0.7493 -0.6057
vn 0.8898 0.4515 0.0659
vn 0.8243 0.2431 -0.5113
vn 0.4734 -0.0186 -0.8807
vn -0.8151 0.3093 0.4899
vn -0.6382 -0.0488 0.7683
vn -0.7352 0.3348 0.5894
vn -0.7780 0.5136 0.3619
vn -0.8809 0.4180 0.2219
vn 0.5335 0.2380 -0.8116
vn 0.8189 -0.0254 -0.5734
vn 0.5639 -0.1309 -0.8154
vn 0.1929 0.4033 -0.8945
vn 0.2823 0.8755 -0.3921
vn 0.2875 0.1226 -0.9499
vn 0.8753 0.3893 -0.2870
vn 0.0165 -0.3412 0.9398
vn 0.0072 -0.3555 0.9346
vn 0.0031 -0.3862 0.9224
vn 0.0451 -0.3043 0.9515
vn -0.2210 0.5849 0.7805
vn -0.3085 -0.5331 0.7878
vn 0.5687 0.7857 -0.2434
vn -0.0953 0.9922 -0.0807
vn 0.0563 0.9914 -0.1184
vn 0.8440 0.0424 -0.5347
vn 0.8090 0.1877 -0.5570
vn -0.9847 -0.1048 -0.1389
vn -0.9845 0.1691 -0.0465
vn -0.9866 0.0621 -0.1506
vn -0.8057 0.0664 -0.5886
vn -1.0000 -0.0000 0.0002
vn -0.9952 0.0677 -0.0705
vn -1.0000 0.0021 -0.0006
vn -0.9998 0.0009 0.0211
vn -0.8970 0.4418 0.0160
vn -0.8701 0.4848 -0.0885
vn -0.2320 0.0793 -0.9695
vn -0.7086 0.0171 -0.7054
vn 0.6349 0.4810 -0.6046
vn -0.1051 0.0378 -0.9937
vn -0.1239 0.0502 -0.9910
vn 0.1450 0.2690 0.9522
vn -0.0887 -0.2805 0.9557
vn -0.2576 0.8192 0.5124
vn 0.0552 0.9985 -0.0028
vn 0.0579 0.9005 -0.4309
vn 0.0559 0.8861 -0.4602
vn 0.0648 0.9969 0.0446
vn -0.0057 0.7447 -0.6674
vn -0.0040 0.8473 -0.5312
vn 0.0112 0.9655 -0.2602
vn -0.0057 0.4459 -0.8951
vn -0.0324 0.5393 -0.8415
vn 0.1037 -0.4596 -0.8820
vn -0.1198 -0.2649 -0.9568
vn -0.1201 -0.2885 -0.9499
vn 0.0191 0.9978 0.0639
vn -0.0459 0.9989 -0.0070
vn -0.0203 0.9954 -0.0940
vn -0.0274 0.9992 -0.0282
vn -0.0757 0.9965 0.0358
vn -0.0692 0.9971 0.0321
vn -0.0526 0.9984 -0.0213
vn 0.0051 0.9994 0.0347
vn 0.6529 -0.6679 -0.3573
vn 0.9787 -0.2015 0.0390
vn -0.0028 0.9896 -0.1440
vn -0.0202 0.4756 0.8794
vn 0.0109 0.9866 -0.1627
vn 0.0053 0.9994 -0.0354
vn -0.1350 0.9908 -0.0000
vn 0.0329 0.1856 -0.9821
vn 0.9373 0.1002 -0.3339
vn -0.5542 -0.0462 0.8311
vn -0.0523 -0.0936 0.9942
vn -1.0000 0.0002 -0.0000
vn 0.0039 1.0000 -0.0053
vn 0.1073 0.7876 -0.6068
vn 0.0128 0.9999 0.0080
vn -0.0116 0.9999 0.0034
vn 0.0027 0.9994 0.0334
vn -0.0859 0.3770 0.9222
vn 0.3722 0.7724 -0.5146
vn 0.5723 -0.0057 -0.8201
vn 0.5342 0.0295 -0.8449
vn 0.0369 0.9989 0.0283
vn 0.6059 0.7537 -0.2548
vn 0.1100 0.9582 0.2643
vn 0.2242 0.9543 0.1974
vn 0.1667 0.9607 0.2221
vn 0.1803 0.9016 0.3933
vn 0.5676 0.7364 0.3682
vn 0.3599 0.9179 0.1669
vn -0.5808 0.2236 -0.7828
vn -0.8771 0.1733 -0.4480
vn -0.9906 0.1366 -0.0004
vn -0.6006 0.6738 -0.4305
vn -0.0088 0.1717 -0.9851
vn -0.0126 0.1747 -0.9845
vn 0.5251 0.8508 -0.0193
vn 0.1280 0.9917 0.0154
vn 0.5770 0.8131 0.0776
vn 0.5640 0.7611 -0.3204
vn 0.0931 0.9955 -0.0164
vn 0.5861 0.1763 -0.7908
vn 0.4979 0.2220 0.8383
vn 0.7820 0.2445 -0.5733
vn 0.0416 0.9990 -0.0152
vn 0.1410 -0.9656 -0.2185
vn 0.1907 -0.9816 0.0076
vn 0.0261 -0.9994 -0.0219
vn 0.5696 -0.7589 -0.3157
vn 0.0848 -0.9754 -0.2037
vn -0.0182 -0.0554 0.9983
vn -0.0159 0.2761 0.9610
vn 0.0267 -0.2144 0.9764
vn -0.0025 -0.4181 0.9084
vn -0.8881 -0.3234 0.3266
vn -0.0149 -0.1955 0.9806
vn -0.8341 -0.3933 0.3868
vn -0.9507 -0.2569 0.1737
vn 0.4386 0.6619 0.6078
vn -0.0111 -0.9999 0.0078
vn 0.9604 -0.2783 -0.0095
vn 0.6224 0.0222 -0.7824
vn 0.4471 0.0213 -0.8942
vn 0.5973 0.3169 -0.7367
vn 0.6923 0.1134 -0.7126
vn 0.0185 0.9978 0.0642
vn -0.1175 0.9320 0.3430
vn -0.2624 0.2874 0.9212
vn -0.1847 0.1646 0.9689
vn -0.1678 0.7972 0.5799
vn -0.3441 0.5633 0.7511
vn -0.2177 0.2594 0.9409
vn -0.9987 0.0508 -0.0001
vn 0.9954 0.0104 0.0952
vn 0.9549 0.2965 0.0178
vn 0.9992 0.0391 0.0130
vn 0.0630 0.2361 -0.9697
vn -0.1030 0.2885 -0.9519
vn -0.2118 0.1900 -0.9587
vn 0.0235 0.9597 -0.2800
vn 0.0514 0.7340 -0.6772
vn -0.9791 0.2008 -0.0327
vn -0.2202 0.9749 -0.0320
vn -0.9894 0.1453 0.0030
vn -0.9979 -0.0432 -0.0473
vn 0.0697 0.9840 0.1637
vn -0.0032 0.9999 0.0148
vn 0.0256 0.9044 0.4258
vn 0.0062 0.9273 0.3742
vn 0.0363 0.8024 0.5956
vn 0.0172 0.9836 0.1796
vn 0.0330 0.1209 0.9921
vn -0.0225 0.0927 0.9954
vn 0.1496 0.2659 0.9523
vn 0.3575 0.1715 0.9180
vn -0.0187 -0.1476 -0.9889
vn -0.0759 0.2214 -0.9722
vn 0.0517 -0.1250 -0.9908
vn 0.8386 -0.3604 0.4084
vn 0.0834 -0.9634 0.2546
vn 0.1120 0.8751 -0.4708
vn 0.0476 0.3371 -0.9403
vn 0.0070 0.8799 -0.4750
vn -0.0099 0.9929 -0.1184
vn 0.0512 0.9961 -0.0717
vn 0.3128 -0.2594 0.9137
vn -0.0971 -0.3880 -0.9165
vn -0.0768 0.0795 -0.9939
vn 0.0094 0.1875 -0.9822
vn -0.7961 -0.2188 -0.5642
vn -0.1724 -0.1275 -0.9767
vn -0.3187 -0.0988 -0.9427
vn -0.3580 0.0028 -0.9337
vn -0.1033 0.0078 -0.9946
vn -0.0874 -0.0663 -0.9940
vn 0.0352 -0.8378 -0.5449
vn 0.0179 -0.5548 -0.8318
vn 0.0413 -0.3202 -0.9464
vn 0.0438 -0.9523 -0.3021
vn 0.0269 -0.9380 -0.3457
vn 0.8657 -0.1619 -0.4737
vn -0.2629 0.3695 -0.8913
vn -0.1133 0.0867 -0.9898
vn -0.3925 0.1856 -0.9008
vn -0.7673 0.2387 -0.5952
vn -0.4340 0.7574 -0.4879
vn -0.1555 0.7757 -0.6117
vn -0.1365 0.3629 -0.9218
vn -0.9868 0.0495 0.1544
vn -0.0268 -0.7891 -0.6137
vn -0.7030 0.0191 -0.7110
vn -0.0274 -0.4222 -0.9061
vn -0.2434 0.4548 0.8567
vn 0.0935 0.6950 0.7129
vn -0.5679 -0.1577 0.8079
vn 0.1142 -0.3935 0.9122
vn -0.0968 0.7971 0.5960
vn -0.2791 0.8408 0.4638
vn 0.6532 0.4189 0.6308
vn 0.6952 -0.1535 0.7023
vn 0.0957 0.6579 0.7470
vn -0.0048 0.9885 0.1512
vn 0.0273 0.9994 0.0215
vn -0.0780 0.1398 0.9871
vn -0.1334 0.0259 0.9907
vn -0.3218 -0.0287 0.9464
vn -0.1339 0.7426 0.6562
vn -0.6758 0.6524 0.3431
vn -0.6399 -0.1041 0.7614
vn 0.8378 0.3122 -0.4479
vn 0.3017 0.3485 -0.8874
vn 0.9363 0.3509 -0.0166
vn 0.9882 0.1349 -0.0731
vn 0.8475 0.3382 -0.4090
vn 0.8734 0.0940 -0.4778
vn 0.8536 0.4364 0.2845
vn -0.0022 0.9728 0.2316
vn 0.0068 0.9947 0.1029
vn 0.0019 0.9128 0.4084
vn -0.0201 0.8889 0.4576
vn -0.0063 -0.7800 0.6258
vn -0.0019 -0.7658 0.6431
vn 0.2862 0.4437 -0.8493
vn -0.8517 0.2014 -0.4838
vn 0.0602 0.9924 0.1070
vn 0.0173 0.9982 0.0582
vn 0.9036 0.4175 0.0959
vn 0.4437 0.5796 -0.6836
vn -0.0279 0.9277 -0.3722
vn -0.2014 0.3007 -0.9322
vn -0.1197 -0.0877 -0.9889
vn -0.7797 0.6023 -0.1710
vn -0.8435 0.5315 -0.0775
vn -0.7842 0.6181 -0.0553
vn -0.4309 0.9024 0.0068
vn -0.2425 0.9597 0.1419
vn -0.2307 0.9729 0.0154
vn -0.6730 0.7395 0.0125
vn -0.3927 0.9194 -0.0230
vn -0.5835 0.8119 -0.0210
vn -0.0040 1.0000 -0.0066
vn -0.0308 0.6640 0.7471
vn 0.0341 0.1287 0.9911
vn -0.0717 0.9974 0.0031
vn -0.0274 0.0513 0.9983
vn 0.9097 0.1777 0.3753
vn 0.5446 0.1714 0.8210
vn 0.7943 -0.1156 0.5965
vn -0.0191 0.9908 0.1343
vn -0.5688 0.7103 -0.4147
vn -0.3055 0.7305 -0.6108
vn -0.9198 0.3906 -0.0370
vn 0.7179 -0.3874 0.5785
vn -0.5124 0.7959 0.3223
vn -0.9883 -0.1434 0.0525
vn -0.9413 -0.3006 0.1536
vn -0.5084 0.5196 0.6867
vn 0.0495 0.7153 -0.6970
vn -0.0040 0.9996 0.0265
vn -0.5714 0.6234 -0.5338
vn -0.8005 0.4892 -0.3463
vn -0.4420 0.0553 -0.8953
vn 0.0364 0.3168 -0.9478
vn 0.5504 0.1251 -0.8255
vn 0.0099 0.1747 -0.9846
vn 0.5728 0.1066 -0.8127
vn 0.9295 0.0165 -0.3685
vn 0.1986 -0.4929 0.8471
vn 0.1457 -0.4277 0.8921
vn 0.2909 -0.7147 0.6361
vn -0.0222 -0.8627 0.5053
vn 0.6109 0.4948 -0.6181
vn 0.7920 0.5955 -0.1348
vn 0.3039 0.9425 -0.1391
vn 0.3565 0.4621 -0.8120
vn -0.4525 0.8878 -0.0839
vn -0.1418 0.9898 -0.0103
vn -0.1743 0.9835 0.0491
vn -0.1302 0.2803 -0.9510
vn -0.0084 0.9867 -0.1625
vn 0.4223 0.1947 -0.8853
vn -0.2162 0.0371 -0.9756
vn 0.0151 0.9748 -0.2226
vn 0.1173 0.0147 -0.9930
vn 0.7365 0.3445 -0.5821
vn 0.5499 0.5587 -0.6208
vn 0.7058 0.5816 -0.4045
vn 0.9299 0.2877 -0.2294
vn 0.0925 -0.0054 0.9957
vn 0.1048 -0.0331 0.9939
vn 0.4966 0.1961 0.8456
vn -0.0540 0.9783 -0.2001
vn -0.0578 0.4663 -0.8827
vn 0.0069 0.3063 -0.9519
vn 0.0107 0.9774 -0.2113
vn -0.0068 0.9701 -0.2425
vn 0.4067 -0.5940 0.6941
vn 0.2134 -0.5398 0.8143
vn -0.6175 -0.3320 0.7131
vn 0.2470 -0.9676 0.0526
vn -0.9710 -0.0164 0.2386
vn -0.2954 0.9108 0.2884
vn -0.6683 0.3705 0.6450
vn -0.4688 0.3135 0.8258
vn 0.0094 0.9709 0.2392
vn 0.0647 0.7382 0.6714
vn -0.1501 0.9886 0.0083
vn 0.0273 0.4793 0.8772
vn 0.0288 0.0564 -0.9980
vn -0.5286 0.1649 -0.8327
vn -0.6349 0.6125 -0.4709
vn 0.9631 -0.1770 -0.2027
vn 0.9389 -0.0835 -0.3340
vn 0.0233 0.9093 0.4154
vn 0.0567 0.7608 0.6465
vn 0.0165 0.9414 0.3370
vn 0.5896 0.8072 0.0298
vn 0.1551 0.9839 0.0891
vn 0.5726 0.8186 0.0457
vn 0.1427 0.9897 -0.0123
vn 0.6743 -0.7384 0.0070
vn 0.3335 -0.8923 -0.3041
vn 0.6523 -0.7579 -0.0028
vn 0.5934 -0.8048 0.0123
vn 0.8514 -0.5242 -0.0181
vn 0.8612 -0.5079 -0.0187
vn 0.6551 -0.7122 0.2524
vn -0.0894 0.5252 -0.8463
vn 0.0586 0.9906 0.1239
vn -0.0097 0.9962 0.0865
vn -0.1518 0.9825 -0.1079
vn -0.2888 0.6981 -0.6552
vn -0.1731 0.3922 -0.9034
vn -0.1119 0.6150 -0.7806
vn -0.0543 0.9217 0.3842
vn 0.0384 0.9992 0.0124
vn 0.0462 0.9927 -0.1111
vn -0.5889 0.8051 -0.0704
vn -0.6920 0.0143 -0.7217
vn -0.9952 -0.0209 -0.0955
vn -0.4049 0.9143 -0.0076
vn 0.0200 0.7717 -0.6356
vn 0.0198 0.6626 -0.7487
vn -0.4166 0.0173 -0.9089
vn -0.7645 0.5104 -0.3937
vn -0.1496 0.3604 -0.9207
vn -0.9074 -0.0358 -0.4187
vn 0.5228 0.8427 -0.1285
vn 0.2758 0.9554 -0.1052
vn 0.5618 0.8271 -0.0168
vn -0.9980 0.0352 -0.0533
vn -0.0579 0.8366 -0.5447
vn 0.0054 0.9984 0.0570
vn -0.7709 -0.6233 -0.1313
vn -0.3865 -0.1395 -0.9117
vn -0.0119 -0.0035 -0.9999
vn 0.7290 0.0654 -0.6814
vn -0.2537 -0.3691 -0.8941
vn 0.6574 0.0568 -0.7514
vn -0.7437 0.5190 -0.4213
vn -0.7830 0.5935 -0.1862
vn -0.7667 0.6367 -0.0829
vn -0.7677 0.6354 -0.0832
vn -0.0061 -0.3944 -0.9189
vn 0.0100 -0.9999 0.0073
vn -0.0254 -0.3527 -0.9354
vn 0.0070 -0.9514 0.3079
vn 0.0049 -0.8963 0.4435
vn 0.0039 -0.8363 0.5483
vn 0.0109 -0.9986 -0.0520
vn -0.0169 0.5748 0.8181
vn -0.7496 0.2524 0.6119
vn -0.0589 -0.9496 0.3078
vn 0.0058 -0.9945 -0.1044
vn 0.9777 0.2092 0.0187
vn 0.5238 0.5437 0.6557
vn 0.6884 0.2302 0.6878
vn -0.0241 0.9975 0.0666
vn -0.0622 0.9741 0.2174
vn -0.0522 0.9870 0.1518
vn -0.1669 0.9468 0.2753
vn 0.3376 0.9298 0.1466
vn -0.6615 0.7496 0.0225
vn -0.9978 0.0435 -0.0497
vn -0.9989 -0.0414 -0.0230
vn -0.9996 -0.0278 -0.0100
vn -0.9989 -0.0278 0.0367
vn -0.8944 0.0278 0.4465
vn -0.6035 0.7974 0.0033
vn -0.9168 0.3994 -0.0004
vn -0.7388 0.4733 0.4797
vn 0.9513 -0.3012 -0.0651
vn 0.0175 -0.7647 -0.6441
vn 0.0612 -0.5801 -0.8122
vn 0.9585 -0.2852 -0.0000
vn 0.8013 -0.1499 -0.5791
vn -0.5983 0.0080 -0.8012
vn -0.5178 -0.0461 -0.8543
vn -0.2438 -0.0382 -0.9691
vn -0.9628 -0.2152 -0.1635
vn -0.4546 0.8858 0.0937
vn -0.9526 0.2498 -0.1737
vn -0.7840 0.1117 0.6106
vn -0.0530 0.9715 0.2311
vn -0.2363 0.9687 -0.0756
vn -0.5883 0.7593 -0.2782
vn -0.4471 0.8945 -0.0000
vn -0.5834 0.0588 -0.8101
vn 0.0441 0.9963 0.0740
vn 0.1831 0.8194 0.5431
vn 0.3981 0.8010 0.4470
vn 0.9445 -0.2269 -0.2377
vn -0.0243 0.4546 -0.8904
vn -0.0759 -0.0516 -0.9958
vn -0.0303 0.3165 -0.9481
vn -0.1416 -0.1861 -0.9723
vn -0.0926 -0.3595 -0.9285
vn -0.8350 -0.3503 -0.4243
vn -0.6512 0.7588 0.0106
vn -0.9881 0.1362 0.0715
vn -0.3425 0.8929 0.2922
vn -0.6017 0.7947 -0.0797
vn -0.2261 0.9741 0.0079
vn -0.1050 0.9904 0.0896
vn 0.9947 0.1030 0.0001
vn 0.9023 0.4308 0.0146
vn 0.9929 0.0477 0.1090
vn 0.9864 0.1229 -0.1094
vn -0.6874 0.6166 -0.3838
vn -0.0161 0.7364 0.6764
vn -0.1352 0.9723 0.1909
vn -0.8110 -0.0342 0.5841
vn 0.0114 -0.9988 0.0480
vn 0.9335 0.3496 0.0797
vn 0.9139 0.4060 0.0026
vn 0.9941 0.1087 -0.0001
vn -0.0478 0.9971 -0.0588
vn -0.0593 0.9982 -0.0061
vn 0.9993 0.0365 0.0006
vn 0.8620 0.2185 -0.4575
vn 0.2951 -0.0644 0.9533
vn 0.0060 0.9610 0.2766
vn 0.7898 0.1956 -0.5813
vn 0.7213 -0.0819 -0.6878
vn -0.8701 0.3646 0.3317
vn -0.6653 0.7465 0.0144
vn -0.5937 0.7835 -0.1835
vn -0.7802 0.6217 0.0695
vn -0.0305 0.9891 -0.1443
vn -0.0900 0.8355 -0.5421
vn 0.1697 0.9670 -0.1900
vn -0.0938 0.9955 -0.0115
vn -0.0900 0.9959 0.0110
vn 0.0037 0.9975 0.0700
vn 0.0199 0.9963 -0.0839
vn 0.0206 -0.5845 -0.8111
vn -0.0050 0.4843 0.8749
vn 0.0008 -0.8341 -0.5515
vn -0.0047 -0.9546 -0.2979
vn -0.0377 0.9983 0.0452
vn -0.4290 0.4667 0.7734
vn 0.7402 0.6069 -0.2895
vn -0.0545 0.9888 -0.1393
vn 0.0276 0.9630 -0.2681
vn -0.0749 0.9969 -0.0234
vn -0.1427 0.9117 -0.3853
vn 0.0005 0.8793 -0.4762
vn 0.9995 -0.0235 -0.0189
vn -0.5081 0.1522 0.8477
vn -0.3802 0.4053 0.8314
vn -0.7428 0.2799 0.6083
vn -0.1523 0.2834 0.9468
vn -0.8097 0.1787 0.5589
vn -0.9121 -0.0707 -0.4039
vn 0.1928 0.1741 -0.9657
vn -0.2503 0.2921 -0.9230
vn 0.1517 0.5221 -0.8393
vn -0.6545 0.3147 -0.6875
vn -0.6362 0.0129 -0.7714
vn -0.4040 0.0709 -0.9120
vn 0.0397 -0.1781 -0.9832
vn -0.2470 0.2736 -0.9296
vn -0.2353 0.1300 -0.9632
vn -0.2662 0.1306 -0.9550
vn -0.0473 0.9683 -0.2451
vn -0.1930 0.2920 -0.9367
vn -0.2493 0.2922 -0.9233
vn -0.1089 0.8396 -0.5321
vn 0.9985 0.0539 -0.0123
vn 0.9991 0.0433 -0.0010
vn 0.6973 0.4522 -0.5562
vn 0.0363 0.9609 -0.2746
vn 0.7903 0.6056 -0.0932
vn 0.3782 0.0805 -0.9222
vn 0.1256 0.2481 -0.9606
vn 0.9374 0.1999 -0.2853
vn 0.4058 -0.0701 -0.9113
vn 0.4984 -0.4894 -0.7156
vn -0.3878 -0.6965 -0.6038
vn -0.0036 -0.3181 -0.9481
vn 0.6108 -0.7319 -0.3021
vn -0.0352 0.1615 0.9862
vn 0.1665 0.1970 0.9662
vn -0.3008 0.1340 0.9442
vn 0.0218 -0.8584 0.5125
vn -0.0372 0.0339 0.9987
vn -0.0275 0.9231 0.3837
vn -0.0917 0.2112 0.9731
vn -0.9939 -0.0807 -0.0751
vn -0.9932 -0.0951 -0.0674
vn -0.0541 0.9930 -0.1049
vn 0.0080 0.9995 -0.0321
vn -0.9991 -0.0281 -0.0304
vn -0.9036 0.0651 -0.4233
vn -0.9939 0.1104 -0.0000
vn -0.9996 -0.0133 0.0267
vn -0.9165 0.3990 -0.0281
vn -0.8878 0.2198 -0.4044
vn -1.0000 -0.0001 -0.0000
vn -0.9604 0.2599 -0.1007
vn -0.8988 0.4185 0.1302
vn -1.0000 -0.0002 -0.0001
vn -0.8230 -0.0706 -0.5636
vn -0.8832 0.3516 0.3104
vn -0.7381 0.2510 0.6262
vn -0.7487 -0.6582 -0.0784
vn -0.7961 -0.6018 0.0629
vn -0.5006 0.0834 -0.8617
vn -0.9842 -0.0940 -0.1501
vn 0.9116 0.3321 0.2422
vn 0.9947 0.0576 0.0850
vn 0.1092 0.9940 -0.0031
vn 0.9939 0.1101 0.0070
vn 0.1427 0.9898 -0.0020
vn 0.0452 0.9988 0.0191
vn 0.9869 0.0029 -0.1614
vn 0.4958 0.8537 0.1593
vn -0.3773 0.1467 -0.9144
vn -0.3851 0.4607 -0.7996
vn -0.9999 0.0102 -0.0075
vn 0.0547 -0.8665 0.4962
vn -0.3047 -0.3581 0.8826
vn -0.1956 -0.4659 0.8630
vn -0.4380 -0.0700 0.8963
vn -0.2314 0.0389 0.9721
vn -0.3285 -0.4234 0.8443
vn -0.1728 -0.1325 0.9760
vn 0.0128 -0.3680 -0.9297
vn 0.0436 -0.1881 -0.9812
vn -0.4592 0.8633 0.2093
vn 0.5963 0.3753 0.7097
vn 0.0508 0.9770 -0.2071
vn -0.1038 0.2286 0.9680
vn -0.6343 0.0787 0.7691
vn -0.0157 0.8114 0.5843
vn -0.9409 0.2505 0.2278
vn -0.0285 0.9051 0.4243
vn -0.0396 0.8725 0.4870
vn -0.0826 -0.3252 0.9420
vn -0.1150 -0.2978 0.9477
vn -0.1187 -0.2797 0.9527
vn -0.1092 -0.3084 0.9450
vn -0.0337 -0.9987 -0.0377
vn 0.1458 0.9889 -0.0297
vn 0.1583 0.9807 0.1148
vn 0.2226 0.9686 -0.1111
vn 0.6732 -0.2729 0.6872
vn 0.5224 -0.2458 0.8165
vn 0.3200 0.8596 0.3984
vn -0.0554 0.9732 0.2231
vn 0.0167 0.9981 0.0594
vn -0.0778 -0.0358 -0.9963
vn -0.4756 -0.0654 -0.8773
vn -0.6161 0.1450 -0.7742
vn 0.0467 -0.3203 0.9462
vn 0.1673 -0.4064 0.8983
vn 0.7501 -0.6605 -0.0322
vn 0.0208 -0.1609 0.9868
vn 0.8865 -0.2295 0.4018
vn 0.6478 -0.0227 -0.7615
vn 0.4995 0.1019 -0.8603
vn 0.9737 -0.0115 -0.2275
vn 0.0579 -0.0027 -0.9983
vn 0.9831 -0.0819 -0.1639
vn 0.5377 0.1943 -0.8205
vn -0.3000 0.6423 -0.7053
vn 0.2320 0.8457 0.4806
vn 0.4099 0.0476 0.9109
vn 0.2034 0.9266 0.3162
vn 0.0253 0.9997 0.0062
vn 0.2360 0.8469 0.4765
vn 0.7917 0.0614 0.6078
vn -0.0002 0.0121 0.9999
vn 0.8127 0.0538 0.5802
vn 0.9999 0.0042 0.0155
vn 0.9951 0.0941 0.0315
vn -0.0089 0.0284 0.9996
vn 0.3502 0.8875 0.2996
vn -0.0114 0.9995 0.0308
vn -0.4083 0.9129 0.0012
vn -0.0112 0.9999 -0.0127
vn -0.3687 0.6487 0.6657
vn -0.0179 0.9998 -0.0035
vn 0.8914 0.4532 -0.0007
vn 0.9086 0.3483 -0.2306
vn 0.7996 0.5940 -0.0881
vn 0.9839 0.1055 0.1442
vn 0.6553 0.7532 0.0575
vn 0.9836 0.1749 -0.0450
vn 0.9312 0.3543 -0.0856
vn 0.0182 0.8319 0.5547
vn -0.6782 0.0822 -0.7303
vn -0.0232 -0.1352 -0.9905
vn 0.0027 0.3991 -0.9169
vn 0.0480 0.0315 -0.9984
vn -0.0116 -0.3066 -0.9518
vn 0.3842 0.4668 -0.7965
vn -0.3748 0.6248 -0.6850
vn 0.8944 0.4472 -0.0000
vn 0.5971 0.2925 0.7469
vn 0.9588 0.0742 0.2741
vn -0.0385 0.9925 0.1156
vn -0.3412 -0.0468 -0.9388
vn -0.4024 0.1594 -0.9015
vn -0.1973 0.1173 -0.9733
vn -0.7318 0.0901 -0.6755
vn -0.1574 0.1389 -0.9777
vn -0.6244 0.6210 -0.4738
vn -0.2798 0.5905 -0.7570
vn -0.0879 0.0160 -0.9960
vn -0.0774 0.1434 -0.9866
vn -0.1437 0.0710 -0.9871
vn -0.1788 0.0398 -0.9831
vn 0.2072 0.8827 0.4218
vn -0.1138 0.9935 0.0001
vn 0.2881 0.9553 0.0663
vn 0.6738 0.7032 0.2270
vn -0.7440 0.5934 0.3071
vn -0.6753 0.6581 0.3331
vn -0.7823 0.5816 0.2230
vn -0.6358 0.5898 0.4979
vn -0.7062 0.6614 0.2527
vn -0.7783 -0.0194 0.6277
vn -0.9966 -0.0184 0.0805
vn -0.9983 -0.0565 0.0157
vn -0.8476 -0.0103 0.5306
vn -0.0880 -0.1463 0.9853
vn 0.1053 -0.4356 -0.8940
vn -0.0284 0.5917 -0.8057
vn 0.3740 0.6828 -0.6276
vn -0.0856 0.6237 -0.7770
vn -0.0211 0.8239 -0.5664
vn -0.9769 0.1249 0.1736
vn -0.9836 0.1803 -0.0072
vn -0.9682 -0.2495 0.0209
vn 0.2037 -0.0363 -0.9784
vn 0.1233 0.0962 -0.9877
vn 0.4212 -0.0881 -0.9027
vn -0.1502 0.7622 -0.6296
vn 0.9548 0.2972 -0.0054
vn 0.9594 0.2818 -0.0074
vn 0.7269 0.3045 -0.6155
vn -0.3254 0.2240 0.9187
vn -0.4550 0.1488 0.8780
vn 0.3087 0.7978 0.5179
vn 0.0415 0.9991 0.0121
vn -0.0050 0.9972 0.0746
vn -0.0030 1.0000 -0.0055
vn 0.1966 0.9458 -0.2584
vn -0.1288 -0.3404 -0.9314
vn -0.7772 0.6277 0.0444
vn -0.1723 0.9799 0.1006
vn -0.4226 0.9044 0.0583
vn -0.7256 0.6694 0.1593
vn -0.9365 0.3459 0.0575
vn -0.9282 0.3639 0.0778
vn 0.4850 0.7566 -0.4385
vn 0.3754 0.7955 -0.4756
vn 0.4695 0.8517 -0.2329
vn 0.7580 0.6467 -0.0846
vn 0.6682 0.4618 -0.5833
vn 0.3203 0.7396 -0.5919
vn 0.5521 0.6700 -0.4963
vn 0.0011 0.9989 0.0461
vn -0.1108 0.2739 0.9553
vn -0.0675 0.2426 0.9678
vn 0.0532 0.9981 -0.0326
vn 0.2479 0.9148 -0.3188
vn 0.3672 0.9267 -0.0803
vn 0.6358 0.4925 -0.5944
vn 0.0286 0.9990 -0.0335
vn 0.3965 0.4455 -0.8027
vn 0.1708 0.9272 -0.3335
vn 0.0095 0.0011 1.0000
vn -0.6092 0.0093 0.7930
vn -0.7935 0.6077 0.0316
vn -0.8531 0.5199 0.0437
vn -0.7608 0.6449 -0.0727
vn 0.7229 -0.5315 0.4415
vn 0.8480 -0.1508 0.5080
vn -0.0628 0.9974 0.0342
vn 0.0611 -0.9971 0.0459
vn 0.0757 -0.9966 0.0317
vn 0.0454 -0.9571 0.2861
vn -0.0858 -0.9779 0.1908
vn -0.1060 0.0622 -0.9924
vn -0.1565 0.3847 -0.9097
vn -0.0795 0.9967 -0.0191
vn 0.8426 0.5384 -0.0147
vn -0.0909 0.9088 -0.4071
vn 0.0097 0.6184 -0.7858
vn 0.0719 0.4926 -0.8673
vn -0.0204 0.8676 -0.4969
vn 0.9983 0.0548 -0.0219
vn 0.9913 0.0692 -0.1116
vn 0.9426 0.2408 0.2315
vn 0.9320 0.3499 0.0941
vn 0.9988 0.0175 -0.0453
vn -0.2281 0.9616 -0.1526
vn -0.3547 0.8460 -0.3981
vn 0.9925 0.1223 0.0086
vn 0.9345 -0.2052 -0.2907
vn 0.1486 -0.2225 -0.9635
vn -0.8402 -0.1686 -0.5154
vn -0.9546 -0.1997 -0.2210
vn -0.1636 0.5762 0.8008
vn -0.2211 0.3896 0.8940
vn 0.0324 0.2231 0.9743
vn 0.8266 0.5626 -0.0138
vn 0.9961 0.0884 0.0017
vn -0.0073 0.9999 -0.0090
vn 0.3412 0.6465 0.6824
vn -0.7739 -0.5631 -0.2897
vn -0.8368 -0.5194 0.1730
vn -0.6903 -0.3810 0.6151
vn -0.9012 -0.1356 -0.4117
vn -0.7654 -0.0776 -0.6388
vn -0.8280 0.4845 -0.2822
vn -0.8018 -0.1784 -0.5703
vn -0.7680 -0.3141 -0.5582
vn -0.8396 -0.4488 -0.3060
vn -0.8410 0.5095 0.1819
vn -0.4313 -0.8877 -0.1610
vn -0.8480 -0.2226 -0.4810
vn 0.0285 -0.5392 -0.8417
vn 0.2799 -0.1334 -0.9507
vn 0.0305 -0.5997 -0.7996
vn 0.0080 -0.7774 -0.6290
vn 0.2242 -0.8675 -0.4441
vn -0.4154 0.9089 0.0374
vn -0.4524 0.8275 0.3324
vn -0.2267 0.9728 0.0471
vn -0.9647 0.1362 0.2253
vn -0.1413 0.0836 0.9864
vn -0.3245 -0.0988 0.9407
vn 0.4090 -0.0160 0.9124
vn 0.2320 0.0897 -0.9686
vn 0.0580 0.0854 -0.9947
vn 0.1232 0.7017 -0.7017
vn 0.3653 0.7307 -0.5768
vn 0.4253 0.2328 -0.8746
vn 0.0757 -0.0104 -0.9971
vn 0.2676 -0.0214 -0.9633
vn -0.0588 0.0667 0.9960
vn 0.0281 0.4672 0.8837
vn 0.0774 -0.0012 0.9970
vn -0.0950 0.1218 0.9880
vn 0.0078 0.0029 1.0000
vn 0.7382 -0.0767 0.6702
vn 0.9979 0.0382 -0.0521
vn 0.9923 0.1130 0.0502
vn 0.9894 0.1454 -0.0003
vn 0.7133 0.0442 0.6995
vn 0.0500 0.9976 -0.0474
vn -0.7036 0.7106 0.0058
vn -0.1425 0.9890 0.0386
vn 0.6399 -0.0499 -0.7669
vn 0.7965 0.6014 0.0620
vn 0.7889 0.6115 0.0611
vn 0.8638 0.4997 0.0645
vn 0.8196 0.5728 -0.0133
vn 0.7971 0.5979 -0.0851
vn 0.8033 0.5922 0.0635
vn 0.8943 0.4409 0.0768
vn -0.0034 0.3019 -0.9533
vn 0.2030 0.5328 -0.8215
vn -0.0160 0.3843 -0.9231
vn 0.1113 0.7361 -0.6676
vn -0.7289 0.6814 0.0666
vn -0.8469 0.5237 0.0920
vn -0.7473 0.6225 0.2324
vn -0.6503 0.7438 0.1545
vn -0.8627 -0.5053 0.0191
vn -0.5667 -0.8208 0.0722
vn -0.7916 -0.6081 0.0597
vn -0.6215 -0.7677 -0.1557
vn -0.9521 -0.3036 -0.0363
vn 0.5315 -0.3638 0.7650
vn -0.0371 0.0408 0.9985
vn -0.8607 -0.1856 0.4741
vn 0.0687 0.9460 -0.3167
vn 0.0491 0.9987 -0.0133
vn 0.4317 0.4892 -0.7578
vn -0.0275 0.3080 -0.9510
vn 0.0103 -0.0109 -0.9999
vn 0.1189 0.0435 -0.9920
vn -0.9907 0.1349 0.0178
vn -0.9898 0.1411 0.0209
vn -0.7533 0.1996 0.6267
vn -0.9925 0.1214 0.0165
vn 0.8345 0.5488 -0.0488
vn 0.9164 0.2916 0.2742
vn 0.3252 0.9421 -0.0818
vn 0.7099 0.0958 -0.6977
vn 0.4741 0.0484 -0.8791
vn 0.4168 0.1232 -0.9006
vn -0.0047 1.0000 0.0082
vn 0.4785 0.0510 0.8766
vn 0.1160 0.9819 0.1500
vn 0.2748 0.0369 0.9608
vn 0.4446 0.7483 -0.4924
vn 0.9386 0.0617 -0.3396
vn 0.0559 0.0604 -0.9966
vn 0.0799 0.9949 0.0616
vn 0.6356 0.7616 -0.1263
vn 0.0263 0.9083 -0.4175
vn 0.1641 0.9860 -0.0307
vn 0.0216 0.9998 -0.0012
vn 0.1439 0.9888 0.0387
vn 0.6346 0.7725 0.0203
vn 0.1066 0.9943 -0.0006
vn 0.0219 0.9992 0.0342
vn -0.1322 0.5417 0.8301
vn -0.3801 0.4258 0.8211
vn -0.1179 0.0231 0.9928
vn -0.1183 0.7380 0.6643
vn -0.6775 0.7354 -0.0113
vn -0.6750 0.7378 -0.0065
vn -0.6751 0.7364 -0.0450
vn 0.4483 0.8938 -0.0146
vn 0.4429 0.6426 -0.6252
vn -0.0231 -0.9281 -0.3716
vn 0.0929 -0.9867 -0.1335
vn -0.1870 0.9796 0.0740
vn 0.2105 0.8889 0.4068
vn 0.3849 0.3311 -0.8615
vn 0.0022 0.9978 -0.0669
vn 0.0245 0.9996 0.0151
vn 0.0028 1.0000 0.0053
vn 0.3527 0.7627 -0.5421
vn -0.9999 -0.0163 0.0019
vn -0.9976 -0.0632 0.0287
vn -0.9471 0.1474 -0.2852
vn -0.9991 -0.0153 -0.0391
vn -0.0183 -0.3239 -0.9459
vn -0.1028 -0.2738 -0.9563
vn 0.3933 -0.8940 0.2147
vn 0.5743 -0.8025 0.1617
vn 0.2061 -0.9724 -0.1091
vn 0.9167 -0.3309 0.2241
vn -0.0985 -0.9918 -0.0813
vn 0.7111 -0.6824 0.1693
vn 0.2651 -0.9574 0.1147
vn 0.0301 0.9690 -0.2454
vn -0.0978 0.9666 -0.2369
vn -0.9526 0.2792 0.1204
vn -0.9011 -0.1183 0.4172
vn -0.8253 0.1267 0.5502
vn 0.1090 -0.0087 -0.9940
vn -0.7424 -0.0547 0.6678
vn -0.0284 0.9993 0.0240
vn -0.4044 0.9144 0.0181
vn -0.4626 0.8865 -0.0087
vn -0.0059 1.0000 0.0054
vn 0.3854 0.6185 -0.6848
vn 0.7121 0.6425 -0.2830
vn 0.0732 0.7231 -0.6869
vn 0.0210 -0.0725 0.9971
vn -0.0253 0.9997 -0.0065
vn 0.0009 0.9150 -0.4035
vn 0.0015 -0.9999 0.0126
vn -0.7420 0.6578 -0.1295
vn -0.0407 0.9745 -0.2205
vn -0.9952 -0.0892 -0.0413
vn -0.9974 0.0723 0.0048
vn 0.0140 0.9973 -0.0716
vn -0.0086 0.9999 -0.0083
vn -0.0519 0.2863 -0.9567
vn -0.1116 0.2911 -0.9502
vn 0.0008 0.9998 0.0174
vn -0.8197 0.5711 -0.0441
vn -0.7711 0.6236 -0.1285
vn -0.8344 0.5176 -0.1896
vn -0.1493 0.9845 0.0918
vn -0.0303 0.9993 0.0201
vn -0.1724 0.4424 0.8801
vn -0.9406 0.1365 0.3110
vn -0.9955 0.0569 0.0759
vn -0.9923 -0.0878 -0.0879
vn -0.0221 0.7667 0.6417
vn -0.5076 0.4702 -0.7220
vn -0.6037 0.4762 -0.6394
vn -0.4824 0.8628 0.1512
vn -0.2733 0.8639 0.4231
vn -0.8290 -0.1963 0.5236
vn -0.4247 0.4248 0.7995
vn -0.6554 0.7553 0.0031
vn -0.0112 0.9999 -0.0079
vn -0.4335 0.8138 -0.3871
vn -0.3265 -0.3440 -0.8804
vn -0.7897 -0.1008 -0.6052
vn -0.4128 -0.0810 -0.9072
vn -0.2871 -0.4744 -0.8321
vn 0.1430 -0.6083 -0.7808
vn 0.0841 -0.9674 -0.2388
vn 0.9720 0.2338 -0.0254
vn 0.9923 0.0429 -0.1160
vn -0.0611 0.9951 -0.0778
vn -0.3454 0.8685 0.3556
vn 0.6280 0.1171 0.7693
vn -0.5060 0.8614 0.0438
vn -0.9981 -0.0611 0.0084
vn -0.0039 -0.5869 -0.8096
vn 0.0003 0.0006 1.0000
vn -0.0046 -0.0121 0.9999
vn -0.0111 -0.0019 0.9999
vn 0.2506 0.0350 0.9675
vn -0.7276 0.6844 0.0472
vn -0.9322 0.3612 0.0235
vn -0.8429 0.5367 0.0389
vn -0.6014 0.7904 0.1165
vn -0.7904 0.6112 0.0421
vn -0.1691 0.7220 -0.6709
vn -0.9942 0.0178 -0.1058
vn -0.4607 0.4666 -0.7550
vn -0.2465 0.9691 -0.0036
vn -0.2000 0.9795 -0.0224
vn -0.9810 -0.0980 -0.1673
vn 0.0107 0.6897 0.7240
vn 0.0346 0.8961 0.4426
vn 0.0235 0.5568 0.8303
vn 0.0393 0.5391 0.8413
vn 0.0151 0.5633 0.8261
vn -0.0006 0.9313 0.3644
vn 0.0224 0.7555 0.6547
vn 0.0425 -0.9511 0.3058
vn -0.4950 0.0604 0.8668
vn -0.6584 0.3548 0.6638
vn 0.0263 0.1440 0.9892
vn -0.1802 0.5214 0.8341
vn -0.7460 0.4353 0.5040
vn -0.1669 0.3349 0.9274
vn -0.0740 -0.3337 0.9398
vn -0.0233 -0.5545 0.8319
vn 0.7867 -0.6020 0.1368
vn 0.0245 -0.7058 0.7080
vn -0.5715 -0.3660 -0.7345
vn -0.0706 -0.9975 0.0093
vn -0.0461 -0.9756 0.2149
vn 0.0978 -0.0795 -0.9920
vn -0.9997 -0.0170 0.0148
vn -0.9992 -0.0390 -0.0023
vn -0.6419 0.0542 0.7649
vn -0.8958 0.0713 0.4387
vn -0.7732 0.5743 0.2689
vn 0.4832 0.0853 -0.8713
vn 0.7339 0.6732 -0.0902
vn 0.2557 0.9668 -0.0000
vn 0.2037 0.9788 -0.0213
vn 0.1559 0.9863 0.0546
vn 0.3747 0.9176 0.1326
vn 0.0370 0.9980 0.0512
vn 0.2369 0.9351 -0.2636
vn -0.0508 0.0559 -0.9971
vn 0.2048 -0.3215 -0.9245
vn 0.4729 0.0844 -0.8771
vn 0.3434 0.7780 -0.5261
vn -0.7254 0.6299 -0.2776
vn -0.0533 0.0937 0.9942
vn -0.0125 0.8444 0.5355
vn -0.0243 0.8544 0.5190
vn -0.0087 0.9972 0.0748
vn -0.0338 0.8986 0.4374
vn -0.2269 -0.9738 -0.0132
vn -0.6153 -0.7883 0.0030
vn -0.1834 -0.9830 -0.0078
vn -0.0371 -0.9993 0.0042
vn 0.6550 0.4114 0.6338
vn 0.7153 0.5460 0.4361
vn -0.0119 0.9915 0.1298
vn 0.8566 -0.0163 0.5157
vn 0.5158 0.0333 0.8561
vn 0.1795 0.4272 0.8862
vn -0.0571 0.9950 0.0819
vn -0.1299 0.9021 0.4116
vn 0.0001 0.9970 0.0769
vn -0.1848 0.9775 0.1014
vn -0.3552 0.6709 0.6510
vn -0.0083 0.9995 0.0292
vn -0.0505 0.9986 0.0178
vn 0.4520 0.1205 0.8838
vn 0.8948 0.0693 0.4411
vn 0.5595 0.1679 0.8116
vn 0.2607 0.5107 0.8193
vn -0.4374 0.8992 -0.0111
vn -0.8392 0.5426 0.0351
vn -0.4939 0.7913 0.3604
vn -0.1498 0.9873 -0.0528
vn -0.1548 0.9879 -0.0054
vn 0.0481 0.9987 0.0145
vn 0.0272 0.8776 0.4787
vn 0.8773 0.1831 0.4437
vn -0.5876 0.1196 0.8003
vn -0.7861 0.2206 0.5775
vn -0.1476 0.0993 0.9841
vn 0.6576 -0.2350 -0.7158
vn 0.3515 0.0065 -0.9362
vn 0.4930 -0.2019 -0.8462
vn 0.6652 0.7256 0.1759
vn 0.7825 0.4953 0.3774
vn 0.5867 0.8087 0.0423
vn 0.4472 0.8944 0.0001
vn -0.1350 0.9614 -0.2397
vn -0.8431 0.2386 -0.4820
vn -0.9558 0.2917 -0.0367
vn -0.2381 0.9662 -0.0988
vn 0.2220 0.4091 0.8851
vn -0.0470 0.7534 0.6559
vn 0.1195 0.0651 0.9907
vn 0.4233 0.3250 0.8457
vn 0.7433 0.4118 0.5271
vn 0.5126 0.1582 0.8440
vn -0.0040 1.0000 0.0038
vn -0.8424 0.5277 0.1088
vn -0.7366 0.6655 0.1207
vn -0.7411 0.6306 0.2305
vn -0.7902 0.6020 0.1149
vn -0.7920 0.5236 0.3140
vn 0.8128 0.1864 -0.5519
vn 0.8175 0.5085 0.2705
vn 0.2021 -0.9486 -0.2437
vn 0.2226 -0.7200 -0.6574
vn 0.0104 -0.9893 -0.1458
vn 0.1405 -0.7860 -0.6020
vn -0.0119 0.9982 0.0588
vn 0.0063 1.0000 0.0008
vn -0.0023 0.9999 -0.0159
vn -0.1074 0.9884 -0.1073
vn -0.2527 0.9674 -0.0192
vn -0.2510 0.9677 0.0224
vn -0.0671 0.9892 0.1305
vn 0.0447 0.9990 0.0094
vn 0.0353 0.9993 0.0117
vn -0.5548 0.8320 -0.0000
vn -0.5935 0.7305 -0.3378
vn -0.1256 0.9898 -0.0677
vn 0.3157 0.9487 0.0187
vn 0.9186 0.3943 0.0272
vn 0.2779 0.9606 -0.0040
vn -0.3686 -0.3923 0.8428
vn -0.6678 0.0923 0.7386
vn -0.6761 0.5141 0.5278
vn -0.1045 -0.0329 0.9940
vn -0.3752 -0.0529 0.9254
vn 0.3297 0.7745 0.5399
vn 0.5088 0.7250 -0.4643
vn 0.6862 0.7002 -0.1972
vn 0.6740 0.7317 -0.1014
vn 0.0072 0.5147 -0.8573
vn 0.0080 0.7963 -0.6048
vn 0.5800 0.7639 -0.2829
vn 0.1256 0.9921 0.0084
vn 0.8516 0.0938 -0.5157
vn 0.5258 0.2337 -0.8179
vn 0.7001 0.7138 0.0187
vn -0.8399 0.2613 0.4757
vn -0.9446 0.2637 0.1953
vn -0.0240 0.5827 0.8123
vn -0.7471 0.2025 0.6331
vn -0.6137 0.1698 0.7710
vn -0.0343 -0.9397 0.3404
vn 0.3340 0.9376 -0.0962
vn -0.0075 -0.9971 -0.0759
vn -0.0150 -0.9994 0.0324
vn -0.0232 -0.9993 -0.0287
vn -0.2993 -0.6245 0.7214
vn -0.0173 -0.9997 -0.0152
vn 0.9811 -0.1934 0.0068
vn -0.0143 -0.7130 0.7011
vn 0.9242 0.0017 -0.3819
vn 0.8955 -0.0090 -0.4449
vn 0.6722 0.7013 -0.2372
vn 0.0535 -0.2714 -0.9610
vn 0.5731 0.0245 -0.8191
vn 0.4631 0.7924 -0.3970
vn 0.5742 0.7620 -0.2995
vn 0.3527 0.7159 -0.6026
vn -0.0278 0.7364 -0.6760
vn -0.0016 0.8832 -0.4690
vn 0.4477 0.8575 -0.2535
vn 0.3177 0.9469 0.0489
vn 0.7856 0.5070 0.3547
vn 0.0302 0.4147 -0.9095
vn -0.0605 0.0683 -0.9958
vn -0.0318 0.0441 -0.9985
vn 0.1459 0.7269 0.6710
vn 0.1377 0.7865 0.6021
vn -0.8610 0.3913 -0.3250
vn 0.0496 0.9801 0.1922
vn 0.3054 0.9393 0.1562
vn -0.0529 0.4518 0.8906
vn -0.0220 0.9997 0.0062
vn -0.0726 0.9941 -0.0804
vn -0.0642 0.9682 -0.2419
vn 0.0901 0.9924 0.0836
vn -0.0002 0.9994 -0.0347
vn -0.2723 0.9606 0.0561
vn 0.0393 0.9976 0.0570
vn 0.0871 -0.2788 0.9564
vn -0.0082 -0.3521 0.9359
vn 0.0321 -0.5736 0.8185
vn 0.0082 -0.9370 0.3493
vn 0.0219 -0.7852 0.6189
vn 0.1408 0.8098 -0.5696
vn -0.0026 0.6539 -0.7566
vn -0.0294 0.8071 -0.5897
vn -0.9763 -0.2078 0.0597
vn -0.9307 0.3647 0.0284
vn 0.9100 0.2876 -0.2986
vn 0.9536 -0.1414 -0.2659
vn 0.9502 0.0848 -0.3000
vn 0.0996 0.9897 0.1031
vn -0.0174 0.9998 0.0022
vn 0.0089 0.9996 0.0281
vn 0.0164 0.9589 -0.2834
vn -0.8050 0.5930 0.0164
vn -0.6896 0.7240 0.0136
vn -0.6420 0.3804 -0.6657
vn 0.9999 0.0160 -0.0060
vn 0.9100 0.4113 0.0514
vn 0.9647 0.1039 -0.2421
vn 0.4268 -0.0610 -0.9023
vn -0.0707 0.5676 -0.8203
vn 0.4949 -0.7794 -0.3843
vn 0.3793 -0.0713 -0.9225
vn -0.0431 0.9982 0.0411
vn 0.0151 0.9997 -0.0168
vn -0.1129 0.9920 0.0573
vn 0.8180 0.3846 0.4277
vn 0.9180 0.3957 0.0248
vn -0.1766 0.9838 0.0300
vn -0.1247 0.9920 0.0213
vn -0.1563 0.9877 -0.0002
vn -0.1854 0.7395 0.6471
vn -0.8629 0.0816 0.4987
vn -0.1391 0.0733 0.9876
vn -0.7417 -0.0207 0.6704
vn -0.4561 0.0547 0.8882
vn -0.3638 -0.1309 0.9222
vn -0.0435 0.9946 -0.0941
vn -0.0000 0.6025 0.7981
vn 0.0195 0.6895 0.7240
vn -0.0399 0.4342 0.8999
vn -0.0252 0.2871 0.9576
vn -0.0679 0.2363 0.9693
vn -0.1765 -0.0969 0.9795
vn 0.0117 -0.8290 -0.5591
vn 0.5571 0.3714 -0.7428
vn -0.7764 -0.0324 -0.6295
vn -0.8314 -0.0147 -0.5554
vn -0.7393 0.4422 -0.5079
vn 0.8824 -0.4494 0.1394
vn 0.0489 -0.6928 0.7195
vn -0.7647 0.0221 -0.6441
vn -0.2440 0.0175 -0.9696
vn -0.9838 0.0127 -0.1786
vn -0.9992 -0.0087 -0.0383
vn -0.7001 0.5321 -0.4761
vn -0.0064 0.0118 -0.9999
vn -0.0256 -0.2777 0.9603
vn -0.0449 -0.2204 0.9744
vn -0.0196 -0.1555 0.9876
vn -0.0049 -0.0795 0.9968
vn -0.0266 -0.4228 0.9058
vn 0.0735 -0.9620 0.2631
vn -0.0025 -0.9997 0.0244
vn 0.0112 -0.9999 -0.0054
vn 0.0220 -0.9971 -0.0727
vn -0.0042 -0.9981 -0.0621
vn -0.0926 0.9792 0.1807
vn -0.7227 0.6027 0.3383
vn -0.9467 0.3220 -0.0013
vn 0.2844 0.9586 0.0172
vn 0.2694 0.9601 0.0745
vn 0.7180 0.4832 -0.5009
vn 0.0446 0.9076 -0.4174
vn 0.2727 0.8797 -0.3896
vn 0.0140 0.9999 0.0085
vn 0.0229 -0.4123 -0.9107
vn 0.1046 -0.4476 -0.8881
vn 0.0745 -0.7753 -0.6272
vn 0.0149 0.7987 -0.6016
vn -0.7226 0.4178 -0.5507
vn -0.1311 -0.9876 0.0867
vn -0.0032 -0.9999 0.0122
vn -0.0058 -1.0000 0.0001
vn 0.0066 -0.9999 -0.0076
vn 0.1677 -0.3341 0.9275
vn -0.1858 -0.2775 -0.9426
vn -0.2266 -0.5475 -0.8056
vn -0.4096 -0.2168 -0.8861
vn -0.4571 0.0458 -0.8882
vn -0.2613 -0.1387 -0.9552
vn -0.1816 0.9820 -0.0519
vn -0.3095 0.9199 -0.2407
vn -0.9906 0.0116 -0.1364
vn -0.9700 0.2284 0.0837
vn -0.9505 0.3106 -0.0100
vn -0.9598 0.1756 -0.2189
vn -0.9751 0.0126 -0.2213
vn -0.7511 -0.0391 0.6590
vn -0.0390 -0.0745 0.9965
vn -0.7964 0.0782 0.5997
vn -0.9966 0.0680 0.0471
vn -1.0000 -0.0000 -0.0000
vn 0.5825 0.1786 0.7930
vn 0.8661 0.1783 0.4670
vn 0.8289 0.1658 0.5342
vn -0.7717 0.6359 0.0106
vn -0.9487 0.3160 0.0090
vn -0.9513 0.3081 -0.0124
vn -0.0150 0.4590 -0.8883
vn 0.0828 0.7553 -0.6501
vn -0.1963 0.5949 -0.7794
vn -0.0484 0.0931 -0.9945
vn 0.0209 0.6722 -0.7400
vn 0.6703 0.0537 0.7401
vn 0.9971 0.0464 0.0604
vn -0.0197 -0.5098 0.8600
vn -0.0237 0.0111 0.9997
vn -0.6689 0.6718 -0.3182
vn -0.6217 0.5787 -0.5278
vn -0.7329 0.6682 -0.1281
vn 0.8090 0.2485 0.5327
vn 0.8931 0.2908 0.3431
vn 0.6230 -0.0057 0.7822
vn -0.0802 0.5305 0.8439
vn 0.6973 0.7152 0.0475
vn 0.8205 0.5575 0.1265
vn 0.8621 0.3336 0.3814
vn -0.9817 -0.0333 -0.1877
vn -0.9984 -0.0469 0.0328
vn -0.5544 -0.8158 -0.1647
vn -0.9987 -0.0422 -0.0288
vn -0.2653 0.3175 -0.9104
vn -0.1858 0.9824 0.0177
vn 0.0372 0.9960 0.0813
vn 0.3763 0.3826 -0.8438
vn 0.4975 0.8601 -0.1129
vn 0.3085 0.9494 0.0593
vn 0.5120 0.8206 0.2541
vn 0.8478 0.4202 0.3235
vn 0.3268 0.4555 0.8281
vn 0.4633 0.8251 -0.3233
vn 0.5702 0.7961 -0.2026
vn 0.1163 0.7277 -0.6759
vn -0.0637 0.9942 0.0871
vn -0.1066 -0.8976 -0.4278
vn -0.0408 -0.9963 0.0763
vn -0.0084 -0.9999 -0.0098
vn -0.0168 0.9658 0.2588
vn -0.4685 0.7298 0.4979
vn -0.1745 0.7806 0.6002
vn 0.8842 0.4668 -0.0186
vn 0.0329 0.9990 -0.0315
vn 0.1045 0.9945 -0.0000
vn -0.1189 0.2854 0.9510
vn -0.1089 0.3132 0.9434
vn -0.1103 0.0471 0.9928
vn -0.0756 -0.0258 0.9968
vn 0.0257 0.9981 -0.0563
vn -0.0341 0.2961 0.9546
vn 0.0179 0.9914 -0.1297
vn -0.8331 0.5472 0.0809
vn -0.8127 0.5641 0.1458
vn -0.7889 0.6142 0.0196
vn -0.0536 -0.2490 0.9670
vn 0.2394 -0.0267 0.9706
vn -0.0501 0.9251 -0.3765
vn 0.2124 0.8112 -0.5449
vn 0.2005 0.8655 -0.4589
vn 0.2251 0.8477 -0.4803
vn 0.2019 0.9721 0.1190
vn 0.1957 0.0236 -0.9804
vn -0.4013 0.7714 -0.4938
vn 0.2730 0.3295 -0.9038
vn -0.6924 0.3225 -0.6454
vn -0.4227 0.5831 -0.6937
vn -0.3060 0.6598 -0.6864
vn -0.1066 0.9807 -0.1640
vn -0.0446 0.9845 -0.1694
vn -0.6315 0.7441 0.2181
vn 0.0889 0.9944 0.0570
vn 0.1172 0.9356 0.3332
vn 0.8468 0.0980 -0.5228
vn 0.9529 -0.2246 -0.2037
vn 0.9264 0.1046 -0.3618
vn 0.9807 -0.0361 0.1921
vn -0.0243 -0.8509 -0.5247
vn 0.0182 0.9928 0.1180
vn 0.4051 0.9051 0.1293
vn 0.1157 0.9931 0.0206
vn -0.0545 0.9956 0.0764
vn 0.9951 -0.0983 0.0079
vn 0.8363 -0.5418 0.0843
vn 0.3159 0.9291 0.1922
vn -0.6145 0.5559 0.5598
vn 0.0030 -0.8331 -0.5532
vn -0.0588 -0.5909 -0.8046
vn -0.0204 -0.9740 -0.2257
vn -0.0056 -0.9997 0.0249
vn -0.5568 0.1128 -0.8230
vn -0.2490 0.4965 -0.8316
vn 0.3917 0.5843 -0.7108
vn 0.1143 0.0547 -0.9919
vn 0.2970 0.9238 0.2414
vn -0.0716 0.9974 0.0124
vn 0.0010 1.0000 -0.0000
vn 0.0752 -0.1655 0.9833
vn -0.1806 -0.2475 0.9519
vn 0.1790 -0.0472 0.9827
vn 0.0227 0.9350 0.3538
vn 0.7868 -0.6149 0.0532
vn 0.9160 -0.3379 -0.2164
vn 0.0375 -0.4389 -0.8978
vn 0.0005 -0.0829 -0.9966
vn 0.0001 -0.5067 -0.8621
vn 0.0288 -0.0921 -0.9953
vn 0.3131 -0.9449 0.0958
vn 0.0365 -0.9991 -0.0237
vn 0.0221 -0.9979 -0.0605
vn 0.2098 -0.9719 -0.1067
vn 0.6820 -0.7305 -0.0364
vn 0.0953 0.8638 -0.4947
vn 0.1199 -0.6531 -0.7477
vn 0.1474 0.9891 -0.0045
vn 0.2759 0.8524 0.4441
vn 0.9946 0.0895 -0.0524
vn 0.9117 -0.3673 -0.1841
vn 0.9139 0.3982 0.0794
vn -0.7097 0.0427 -0.7032
vn -0.5937 0.0509 -0.8031
vn -0.9989 0.0254 -0.0406
vn -0.1347 0.0407 -0.9901
vn -0.1232 0.8307 -0.5430
vn -0.2974 0.9467 -0.1235
vn 0.3608 0.9201 0.1522
vn 0.1257 0.9702 0.2070
vn 0.2358 0.5013 0.8325
vn 0.1679 0.9815 0.0923
vn 0.1347 0.5499 0.8243
vn 0.7505 0.3368 0.5686
vn 0.5818 -0.0035 0.8133
vn 0.2799 0.9600 0.0056
vn 0.0162 0.9996 0.0229
vn -0.0362 -0.0145 -0.9992
vn -0.1424 0.0136 -0.9897
vn -0.0331 0.0490 -0.9983
vn -0.7159 0.5528 0.4266
vn -0.7163 0.6531 0.2457
vn -0.7330 0.4512 0.5091
vn -0.6333 0.5478 0.5467
vn 0.2489 0.9316 -0.2647
vn 0.6611 0.7503 -0.0081
vn -0.5671 -0.8226 -0.0417
vn -0.8587 -0.5084 0.0648
vn -0.0048 0.9914 -0.1310
vn 0.6858 0.7000 -0.1994
vn 0.5748 0.3033 -0.7600
vn 0.6260 0.0411 -0.7787
vn -0.1396 0.9898 -0.0269
vn -0.5059 0.8626 -0.0000
vn -0.2785 0.9571 0.0797
vn 0.9897 0.1411 -0.0242
vn 0.4997 0.8652 -0.0420
vn 0.0503 0.9844 -0.1687
vn 0.8886 0.0060 0.4586
vn 0.0535 0.9883 0.1428
vn 0.9973 0.0727 -0.0127
vn -0.0764 0.3196 -0.9445
vn -0.3708 0.2176 -0.9029
vn 0.4607 0.6998 -0.5459
vn 0.0004 0.9248 -0.3805
vn -0.0640 0.9978 -0.0160
vn -0.0109 0.9871 -0.1600
vn -0.0289 0.9207 -0.3891
vn 0.0198 0.7952 -0.6060
vn 0.0086 -0.2425 0.9701
vn -0.0162 0.1097 0.9938
vn -0.0731 -0.1170 0.9904
vn -0.0577 -0.0080 0.9983
vn 0.0351 0.1289 0.9910
vn -0.0633 -0.0753 0.9951
vn 0.4644 0.6901 -0.5550
vn 0.9909 0.0747 0.1122
vn -0.0025 -1.0000 0.0012
vn -0.0094 -0.9999 0.0063
vn -0.0058 -1.0000 -0.0057
vn -0.0053 -1.0000 0.0061
vn 0.1783 0.5155 0.8381
vn 0.0480 0.3426 0.9383
vn 0.3766 -0.1061 -0.9203
vn 0.0060 0.9988 -0.0491
vn -0.7376 0.3284 -0.5901
vn 0.1679 0.3364 0.9266
vn 0.5850 0.5245 0.6186
vn 0.1335 0.9807 -0.1426
vn -0.5627 0.5889 0.5802
vn 0.9940 -0.1038 0.0339
vn 0.9888 -0.1491 0.0088
vn -0.0566 -0.3118 0.9484
vn 0.6365 0.4749 0.6077
vn -0.0632 0.1531 -0.9862
vn -0.0055 0.2991 -0.9542
vn -0.0155 0.5627 -0.8265
vn -0.0890 -0.1553 -0.9839
vn 0.9827 -0.1832 -0.0266
vn -0.0010 0.1437 -0.9896
vn 0.0412 0.1549 -0.9871
vn 0.1881 -0.2247 0.9561
vn 0.8371 -0.3940 0.3796
vn 0.3038 -0.7115 0.6336
vn 0.1919 -0.0611 0.9795
vn 0.0197 0.1683 -0.9855
vn -0.6202 0.4178 -0.6639
vn -0.8094 -0.0049 -0.5872
vn -0.4924 0.1158 -0.8626
vn -0.8066 0.5864 -0.0742
vn 0.9057 -0.0715 0.4178
vn 0.8995 -0.3932 0.1908
vn 0.0663 -0.9733 -0.2199
vn -0.0926 0.5611 0.8226
vn -0.0413 0.1157 0.9924
vn -0.4500 0.5526 0.7016
vn 0.0043 0.9999 0.0092
vn -0.2282 0.6845 0.6924
vn -0.7005 0.0020 0.7136
vn -0.7019 -0.0170 0.7121
vn -0.1109 0.1885 -0.9758
vn 0.0156 0.1139 -0.9934
vn 0.0917 0.9948 -0.0448
vn -0.3374 0.8247 0.4539
vn -0.0806 0.6545 0.7518
vn 0.0272 0.9950 0.0966
vn -0.9000 0.4351 0.0265
vn 0.0440 0.9950 0.0902
vn 0.9955 0.0938 0.0147
vn 0.0701 0.9975 0.0060
vn 0.8507 0.4850 0.2030
vn 0.9544 0.0393 0.2961
vn 0.8789 0.0374 0.4756
vn 0.7730 0.6343 -0.0116
vn 0.5937 0.7634 0.2545
vn 0.6046 0.4319 0.6693
vn 0.3456 0.0329 0.9378
vn 0.9853 0.1631 0.0508
vn -0.0168 0.9997 -0.0195
vn -0.6452 -0.7008 0.3044
vn -0.1753 0.1151 -0.9778
vn -0.9419 -0.0007 -0.3359
vn -0.9720 -0.1517 -0.1794
vn -0.7574 -0.0375 -0.6519
vn -0.8406 -0.2353 -0.4878
vn 0.0029 0.9978 0.0666
vn 0.9901 -0.1398 -0.0076
vn -0.4966 0.0909 -0.8632
vn -0.0341 0.9209 -0.3883
vn -0.0792 0.0502 -0.9956
vn -0.5827 0.0766 -0.8091
vn -0.9971 0.0601 -0.0469
vn -0.7989 0.5978 -0.0660
vn -0.9897 -0.1054 -0.0967
vn -0.9910 -0.0345 -0.1291
vn -0.9587 -0.1481 0.2428
vn -0.9834 -0.0774 0.1641
vn -0.0216 -0.1375 -0.9903
vn -0.0247 -0.5107 -0.8594
vn -0.0313 0.0313 -0.9990
vn 0.0427 -0.1376 -0.9896
vn 0.9507 0.0171 0.3097
vn 0.9209 0.2365 0.3098
vn 0.3247 0.2021 0.9240
vn 0.2171 0.4966 0.8404
vn 0.5836 0.6905 -0.4274
vn 0.0376 -0.0458 0.9982
vn 0.0528 0.2667 0.9623
vn -0.0035 0.5101 -0.8601
vn -0.0214 0.6288 -0.7773
vn -0.0149 0.8281 -0.5603
vn 0.5109 -0.4610 -0.7256
vn 0.0448 0.9923 -0.1154
vn -0.2769 -0.6987 0.6596
vn 0.8912 0.0089 -0.4536
vn 0.8937 -0.1029 -0.4366
vn 0.8157 0.3430 -0.4658
vn 0.0118 0.9924 -0.1225
vn -0.4385 -0.8882 0.1372
vn -0.1839 -0.9818 0.0467
vn 0.0304 -0.9975 -0.0639
vn -0.1353 0.8298 0.5414
vn -0.2386 0.9711 -0.0006
vn 0.7922 0.6092 0.0364
vn 0.7737 0.6307 -0.0599
vn 0.9737 -0.0164 0.2274
vn -0.9857 0.1192 0.1191
vn -0.9395 -0.0416 0.3401
vn -0.9967 0.0035 -0.0806
vn -0.1596 0.6456 -0.7468
vn -0.1349 0.4620 -0.8766
vn 0.4927 0.2728 0.8263
vn 0.4364 0.2082 0.8753
vn 0.9469 -0.1031 0.3046
vn 0.2331 -0.2365 -0.9433
vn 0.1725 -0.3311 -0.9277
vn -0.1039 0.0965 0.9899
vn -0.1143 0.0858 0.9897
vn 0.2975 0.1165 0.9476
vn -0.1169 0.0955 0.9885
vn 0.6970 -0.1115 0.7083
vn 0.8708 -0.4837 0.0878
vn -0.0899 -0.7709 0.6306
vn -0.1272 0.4226 0.8973
vn -0.0073 -0.4692 0.8831
vn -0.0238 -0.3587 0.9332
vn -0.0074 -0.0922 0.9957
vn -0.0222 -0.2233 0.9745
vn -0.0224 -0.7059 0.7079
vn -0.0073 -0.8599 0.5105
vn -0.0226 -0.7192 0.6944
vn 0.3795 0.6110 -0.6948
vn 0.8020 0.5973 -0.0000
vn -0.6947 0.2777 -0.6635
vn -0.9551 -0.0740 -0.2869
vn -0.0064 1.0000 -0.0000
vn 0.2391 0.5947 -0.7676
vn 0.0198 0.9989 -0.0414
vn 0.5017 0.3489 -0.7916
vn 0.0037 0.9994 -0.0344
vn 0.0685 0.9888 -0.1327
vn 0.8242 -0.0051 -0.5662
vn -0.1084 0.0150 0.9940
vn 0.0788 0.9968 0.0166
vn 0.8188 -0.0630 -0.5707
vn 0.6337 -0.0304 -0.7730
vn -0.6706 -0.1260 0.7310
vn 0.0349 -0.0208 -0.9992
vn 0.7779 0.6254 0.0610
vn -0.4384 0.8794 -0.1855
vn -0.0062 1.0000 0.0010
vn -0.0133 0.9999 0.0093
vn 0.1616 0.5172 -0.8404
vn -0.2098 0.8739 -0.4385
vn 0.1253 0.7044 -0.6987
vn -0.4837 0.7200 -0.4976
vn 0.1532 0.9860 -0.0663
vn 0.5082 0.4983 -0.7024
vn -0.5862 0.6460 -0.4890
vn -0.0585 0.9982 -0.0108
vn -0.0369 0.9993 0.0061
vn -0.0143 0.9999 -0.0059
vn -0.1314 0.9123 -0.3880
vn -0.2889 0.4759 -0.8307
vn 0.7899 0.5604 -0.2491
vn -0.0019 0.9987 -0.0515
vn -0.0065 0.8310 -0.5562
vn -0.7974 0.6020 -0.0421
vn -0.3845 0.9225 0.0332
vn -0.0293 0.7339 -0.6786
vn -0.0337 -0.0075 -0.9994
vn -0.6276 0.1715 -0.7594
vn -0.7011 -0.0285 -0.7125
vn 0.0165 0.9998 0.0113
vn 0.0344 0.9951 0.0923
vn 0.3557 0.7816 0.5124
vn 0.3645 0.9036 0.2250
vn 0.0102 0.9835 0.1807
vn 0.6891 0.7241 0.0266
vn 0.0733 -0.9628 0.2602
vn 0.3805 -0.4475 0.8093
vn 0.1275 -0.9917 0.0179
vn 0.1233 -0.9725 0.1974
vn -0.1393 -0.9891 0.0478
vn 0.7342 -0.6385 -0.2309
vn 0.8622 -0.4929 -0.1167
vn 0.5689 -0.8083 0.1518
vn -0.9906 -0.1366 0.0009
vn -0.3921 -0.3279 -0.8595
vn 0.1125 -0.9936 0.0064
vn 0.6293 -0.0645 0.7745
vn -0.3116 0.9487 -0.0545
vn -0.3378 0.9408 -0.0277
vn -0.9980 -0.0383 0.0512
vn -0.0074 0.9967 -0.0807
vn 0.0033 0.8837 -0.4680
vn 0.0314 0.9988 -0.0373
vn 0.0011 0.9715 0.2368
vn -0.9962 -0.0732 -0.0471
vn -0.9972 -0.0744 0.0078
vn -0.7104 -0.0494 -0.7021
vn -0.9968 -0.0784 0.0184
vn -0.3064 -0.3017 -0.9028
vn -0.3232 -0.1115 -0.9397
vn 0.3218 -0.0051 0.9468
vn -0.7348 0.5836 0.3458
vn 0.6137 0.6100 0.5012
vn 0.6839 0.6860 0.2486
vn 0.3048 0.2951 0.9056
vn -0.8881 -0.1397 0.4379
vn -0.9804 0.0221 0.1960
vn -0.5945 -0.1105 0.7964
vn -0.4406 0.5963 -0.6711
vn -0.5704 0.8141 -0.1095
vn 0.9944 -0.0916 -0.0523
vn 0.9976 0.0533 -0.0438
vn -0.0404 -0.9992 -0.0062
vn -0.0055 -0.9997 -0.0229
vn 0.1545 -0.9878 0.0202
vn -0.0294 0.1658 -0.9857
vn -0.0229 0.6998 -0.7140
vn 0.9758 0.2125 0.0517
vn 0.9972 0.0382 0.0636
vn 0.0001 0.8173 0.5763
vn 0.5179 0.8006 0.3012
vn 0.9985 0.0555 0.0016
vn 0.0609 0.9979 0.0221
vn 0.1336 -0.2933 -0.9466
vn 0.0293 -0.1736 -0.9844
vn -0.0577 0.9983 -0.0092
vn 0.0473 0.9987 -0.0194
vn -0.0212 0.9974 -0.0685
vn 0.8961 0.1222 0.4267
vn 0.9926 0.0278 0.1186
vn 0.6208 0.1187 0.7749
vn 0.9161 0.3031 0.2624
vn 0.0376 0.4494 0.8925
vn 0.0139 0.9937 -0.1115
vn 0.0323 0.9960 0.0833
vn -0.1317 0.9905 -0.0403
vn 0.0159 -0.9970 -0.0757
vn 0.0872 0.9962 -0.0020
vn -0.2210 0.9742 0.0455
vn 0.0563 0.9490 -0.3102
vn -0.8918 -0.3860 -0.2360
vn -0.0732 0.8905 -0.4491
vn -0.9949 0.0801 0.0610
vn -0.1643 0.9863 -0.0134
vn -0.9977 0.0043 0.0679
vn -0.1421 0.0421 0.9890
vn 0.0101 0.0380 -0.9992
vn 0.0130 0.0460 -0.9989
vn 0.0422 0.0150 -0.9990
vn -0.2417 0.0291 -0.9699
vn 0.5172 0.8258 0.2250
vn 0.1938 -0.9809 -0.0195
vn 0.0118 -0.9999 0.0025
vn -0.0035 -1.0000 0.0079
vn 0.0538 -0.9952 -0.0814
vn 0.2341 -0.9678 -0.0928
vn 0.0589 0.5232 0.8502
vn -0.0074 0.9926 0.1215
vn 0.4888 0.5644 0.6652
vn 0.9715 0.2360 -0.0239
vn 0.9946 0.0029 -0.1042
vn 0.6194 0.7848 0.0220
vn -0.7169 0.4628 0.5214
vn -0.9974 0.0667 0.0287
vn -0.5579 0.4027 0.7257
vn -0.0037 -0.3004 -0.9538
vn 0.0100 0.1376 -0.9904
vn 0.7119 0.0438 0.7009
vn 0.3131 -0.0002 0.9497
vn 0.8994 -0.0807 0.4296
vn 0.8889 0.3674 0.2735
vn -0.0711 0.9835 -0.1661
vn -0.8959 0.4169 -0.1533
vn -0.7088 0.0244 -0.7050
vn -0.7071 -0.0000 -0.7071
vn -0.5575 0.6236 -0.5480
vn -0.0321 0.0131 -0.9994
vn -0.0435 0.0017 -0.9991
vn -0.2917 0.8959 -0.3352
vn -0.0378 0.9989 0.0267
vn -0.2129 0.9770 -0.0152
vn -0.0795 -0.9650 -0.2500
vn -0.0484 -0.5892 -0.8066
vn -0.3118 0.1064 0.9442
vn -0.2473 0.1959 0.9489
vn -0.2963 0.0898 0.9509
vn -0.4615 0.0334 0.8865
vn -0.3636 0.9316 -0.0000
vn -0.4631 0.8705 -0.1667
vn -0.4648 0.8838 0.0534
vn 0.2772 -0.0793 0.9575
vn 0.9511 -0.0540 0.3042
vn 0.7608 0.2158 0.6120
vn -0.1604 0.2708 0.9492
vn -0.2056 -0.0470 0.9775
vn -0.5210 0.5766 -0.6294
vn -0.5402 0.4409 -0.7168
vn 0.0622 0.0662 0.9959
vn -0.1317 0.9912 0.0097
vn -0.0913 0.9949 0.0431
vn -0.2396 -0.7200 -0.6513
vn -0.3305 0.8855 0.3267
vn 0.5382 0.5238 0.6603
vn -0.6333 -0.2436 0.7346
vn -0.5280 -0.0145 0.8491
vn 0.8189 -0.5624 -0.1144
vn 0.0340 -0.5263 -0.8496
vn -0.0023 -0.0403 0.9992
vn -0.6181 0.0167 0.7860
vn -0.0032 0.2782 0.9605
vn -0.0074 0.7900 0.6131
vn -0.0161 0.4437 0.8960
vn -0.7861 -0.6168 -0.0396
vn -0.7000 -0.7141 -0.0000
vn -0.7482 -0.5184 0.4141
vn 0.4549 0.8530 -0.2560
vn 0.2455 -0.9693 0.0146
vn 0.0215 -0.9961 0.0861
vn 0.2851 -0.1672 0.9438
vn -0.1214 -0.0234 0.9923
vn -0.0636 0.0184 0.9978
vn 0.0072 0.1133 0.9935
vn -0.9795 0.1872 0.0740
vn -0.1609 -0.2726 -0.9486
vn 0.5418 0.0207 0.8402
vn 0.5016 0.0357 0.8643
vn -0.8535 0.0575 -0.5179
vn -0.7243 0.6581 0.2055
vn -0.7438 0.6585 0.1146
vn 0.6117 0.7911 -0.0054
vn 0.0826 0.0678 0.9943
vn 0.0600 0.0047 0.9982
vn 0.0808 0.1188 -0.9896
vn -0.0735 0.0730 -0.9946
vn 0.1840 0.9827 -0.0187
vn -0.1335 0.7668 -0.6278
vn 0.8608 -0.2538 -0.4412
vn 0.0174 -0.9559 -0.2930
vn -0.8354 0.0017 0.5497
vn -0.6138 0.3069 -0.7274
vn -0.6387 -0.0273 -0.7690
vn -0.2725 0.5451 -0.7928
vn 0.6762 -0.0238 0.7364
vn 0.4285 0.0289 0.9031
vn 0.6245 -0.0037 0.7810
vn 0.6777 0.2145 0.7033
vn 0.6040 0.5295 0.5956
vn -0.1311 0.9143 -0.3831
vn -0.1048 0.2192 -0.9700
vn -0.1058 -0.0243 -0.9941
vn -0.1527 -0.1311 -0.9795
vn -0.1628 -0.0548 -0.9851
vn -0.2191 0.0642 -0.9736
vn 0.1812 0.0109 -0.9834
vn 0.0948 0.9587 -0.2681
vn -0.4680 0.7750 -0.4246
vn 0.9480 0.3172 -0.0247
vn 0.8862 0.2356 -0.3989
vn 0.2301 0.1767 -0.9570
vn -0.9497 0.3123 0.0213
vn -0.0547 0.8238 0.5642
vn 0.0603 0.0180 -0.9980
vn -0.0245 0.7788 0.6268
vn -0.0107 0.8432 0.5375
vn 0.0136 0.7781 0.6280
vn 0.0165 0.9822 0.1870
vn 0.0168 -0.9997 -0.0160
vn 0.0031 -1.0000 -0.0031
vn -0.0077 -0.9998 -0.0156
vn -0.0082 -0.9999 -0.0126
vn 0.1105 0.9762 0.1864
vn 0.9282 0.2895 0.2338
vn -0.0933 0.9460 0.3103
vn -0.1842 0.3129 0.9318
vn -0.1120 0.0579 0.9920
vn -0.1149 0.3897 0.9137
vn -0.4057 0.4415 0.8003
vn -0.4942 -0.0170 0.8692
vn -0.2272 0.0139 0.9737
vn -0.0635 0.9946 0.0824
vn -0.0148 0.9801 0.1981
vn 0.0023 -0.9072 -0.4207
vn -0.1421 -0.8758 -0.4613
vn -0.2374 0.7411 -0.6280
vn -0.2769 -0.6883 -0.6705
vn -0.9265 0.3762 0.0042
vn -0.1569 -0.1714 -0.9726
vn 0.1981 0.5533 -0.8091
vn 0.0273 -0.3313 -0.9431
vn 0.0066 -0.3498 -0.9368
vn -0.0008 0.3268 -0.9451
vn 0.0339 0.5952 -0.8029
vn 0.0408 -0.3111 -0.9495
vn 0.0252 -0.7509 -0.6600
vn 0.0021 -0.5305 -0.8477
vn 0.0217 -0.5934 -0.8046
vn -0.8717 0.2752 0.4055
vn 0.0193 0.9139 0.4056
vn 0.0182 0.9998 -0.0000
vn 0.0635 0.8847 -0.4618
vn 0.0546 -0.0006 0.9985
vn 0.8988 0.2084 0.3856
vn 0.0525 0.0398 0.9978
vn 0.9117 -0.1662 0.3756
vn 0.0701 0.3439 0.9364
vn 0.0316 0.3021 0.9527
vn -0.1681 0.9827 -0.0784
vn -0.9800 0.1647 -0.1119
vn -0.7509 -0.3200 -0.5777
vn -0.1402 0.9829 0.1197
vn -0.0692 0.9974 -0.0217
vn 0.0677 0.7611 -0.6451
vn 0.1352 0.7563 -0.6401
vn 0.6141 0.5954 -0.5181
vn -0.3066 0.0105 -0.9518
vn 0.8131 0.5133 -0.2744
vn 0.0445 -0.6411 0.7661
vn 0.0967 -0.4500 0.8878
vn -0.7909 0.5806 0.1932
vn -0.2529 0.6589 0.7084
vn 0.3603 -0.2593 0.8961
vn 0.2895 0.9220 -0.2572
vn 0.3413 0.9078 -0.2436
vn 0.1340 -0.0378 -0.9903
vn 0.0174 0.4635 -0.8859
vn -0.0295 0.0312 0.9991
vn 0.9799 0.1567 -0.1233
vn 0.9126 0.1331 0.3865
vn 0.9706 0.1572 -0.1822
vn -0.0253 0.9866 -0.1612
vn -0.4873 -0.4643 -0.7396
vn -0.9393 0.3370 -0.0638
vn 0.0098 0.5551 -0.8317
vn 0.2262 0.0244 -0.9738
vn 0.0923 0.0788 -0.9926
vn -0.0136 0.9998 0.0152
vn 0.4420 0.7003 -0.5605
vn -0.5270 0.0787 -0.8462
vn -0.0432 -0.0164 -0.9989
vn -0.2502 0.6316 0.7338
vn -0.5596 0.5762 0.5957
vn 0.7104 0.7038 0.0023
vn -0.1017 -0.0091 0.9948
vn 0.4017 0.1135 -0.9087
vn 0.2515 0.9678 0.0068
vn 0.2432 0.9699 -0.0121
vn 0.3988 0.9164 -0.0340
vn -0.9996 0.0234 -0.0179
vn -0.9997 -0.0131 -0.0194
vn -0.7659 0.0841 -0.6375
vn -0.0330 -0.9815 0.1887
vn -0.0116 0.9999 0.0043
vn -0.0011 0.9999 -0.0115
vn 0.0008 1.0000 0.0080
vn -0.0039 1.0000 -0.0016
vn -0.9942 -0.0922 0.0559
vn -0.9286 0.3144 0.1974
vn -0.9775 -0.1990 -0.0703
vn -0.1418 -0.0136 0.9898
vn -0.1919 0.2241 0.9555
vn -0.1773 0.0216 0.9839
vn 0.3634 -0.9316 0.0070
vn 0.2802 -0.1661 -0.9455
vn 0.2706 -0.0217 -0.9625
vn 0.8916 -0.0715 -0.4472
vn 0.1218 -0.3070 -0.9439
vn 0.0751 -0.1384 -0.9875
vn 0.6741 -0.4230 -0.6055
vn 0.9709 0.2332 -0.0548
vn 0.7343 -0.6346 0.2409
vn 0.7660 0.2969 0.5701
vn 0.1182 0.7820 -0.6120
vn -0.1568 0.0833 -0.9841
vn -0.1821 0.3418 -0.9220
vn -0.1905 0.0966 -0.9769
vn -0.8289 -0.0791 -0.5538
vn 0.4500 0.8930 0.0086
vn -0.8487 0.0165 -0.5286
vn 0.9965 -0.0279 0.0785
vn 0.5996 0.6967 0.3938
vn 0.8968 -0.3035 -0.3218
vn -0.0227 0.0903 0.9957
vn -0.0037 0.1112 0.9938
vn -0.1715 0.9852 0.0046
vn -0.0343 0.9978 -0.0565
vn 0.0067 0.9178 -0.3970
vn 0.8070 0.0312 -0.5897
vn 0.0208 0.9908 0.1334
vn -0.0127 0.7288 -0.6846
vn -0.0023 1.0000 -0.0079
vn 0.1197 0.7183 -0.6853
vn -0.9944 -0.0809 -0.0683
vn 0.0741 0.4043 -0.9116
vn 0.3576 0.0099 -0.9338
vn 0.0281 -0.4137 0.9100
vn 0.1545 0.9879 0.0100
vn 0.0084 0.9998 -0.0161
vn 0.0102 0.9999 0.0027
vn -0.2551 0.0059 -0.9669
vn -0.2508 -0.0003 -0.9680
vn 0.6357 0.4396 -0.6345
vn 0.7160 0.0609 -0.6954
vn 0.3629 0.0397 -0.9310
vn 0.0914 0.9955 0.0254
vn 0.6809 0.3804 -0.6258
vn -0.4182 0.7274 -0.5440
vn 0.2105 0.9702 0.1197
vn -0.0828 0.1605 -0.9836
vn -0.0226 0.9935 -0.1119
vn -0.0840 0.9754 -0.2037
vn 0.5037 -0.6571 -0.5608
vn 0.0165 -0.9758 -0.2180
vn 0.0600 -0.6277 -0.7761
vn -0.6559 -0.4210 0.6266
vn -0.0942 -0.0367 0.9949
vn 0.0487 -0.0316 0.9983
vn 0.0284 0.9980 -0.0573
vn -0.0214 0.2779 0.9604
vn -0.0753 0.0799 0.9940
vn -0.0594 0.9980 -0.0216
vn -0.5981 0.6469 -0.4731
vn -0.0888 0.9958 -0.0234
vn -0.4804 0.8703 0.1086
vn -0.8319 -0.5438 -0.1108
vn 0.6016 0.1180 0.7900
vn 0.9090 0.0903 0.4068
vn 0.2799 0.6292 0.7251
vn 0.8708 -0.4024 -0.2823
vn 0.1917 -0.0257 -0.9811
vn 0.6558 0.3869 0.6483
vn -0.1413 0.4053 -0.9032
vn -0.1235 -0.1603 -0.9793
vn -0.0313 -0.0390 -0.9987
vn 0.2969 0.5780 -0.7602
vn 0.0333 0.8973 -0.4401
vn -0.8572 -0.0035 0.5150
vn -0.8411 0.2131 0.4971
vn -0.8782 0.0528 0.4754
vn -0.7184 0.6873 0.1076
vn -0.6056 0.1038 0.7890
vn -0.4875 0.2144 0.8464
vn -0.5502 0.6630 0.5077
vn -0.6111 0.2839 0.7389
vn -0.8529 0.1736 0.4924
vn -0.8642 0.0406 0.5015
vn -0.4357 0.0346 0.8994
vn -0.3534 0.3676 0.8602
vn -0.2144 0.9693 0.1202
vn -0.9985 -0.0483 0.0257
vn 0.3706 0.1008 -0.9233
vn -0.5915 0.4847 -0.6443
vn 0.3797 0.9251 -0.0060
vn 0.8270 0.5599 0.0515
vn 0.1354 0.9907 0.0155
vn -0.0305 -0.9942 0.1028
vn -0.0370 -0.9884 -0.1470
vn -0.0047 -1.0000 0.0047
vn 0.0777 0.5352 0.8411
vn -0.3431 -0.6694 0.6589
vn -0.9755 -0.0566 0.2124
vn -0.9549 -0.0796 0.2860
vn -0.9965 0.0013 0.0831
vn 0.0207 -0.3372 0.9412
vn 0.0788 0.3266 0.9419
vn 0.4436 0.1454 0.8843
vn 0.1782 -0.1666 0.9698
vn -0.9789 0.1998 -0.0432
vn -0.7562 0.3637 -0.5440
vn -0.9859 0.1669 0.0073
vn -0.9871 0.1598 0.0023
vn 0.4453 0.0080 0.8953
vn -0.0001 -1.0000 0.0046
vn 0.0157 -0.3942 -0.9189
vn 0.1662 -0.9791 -0.1169
vn 0.4876 0.0322 0.8725
vn -0.1376 0.2617 -0.9553
vn 0.5954 0.1237 -0.7939
vn 0.5592 0.0803 -0.8252
vn 0.3743 0.2062 -0.9041
vn 0.0075 0.2202 -0.9754
vn -0.7602 0.4285 -0.4883
vn -0.8237 -0.4749 0.3099
vn -0.6447 0.6549 -0.3943
vn -0.2036 0.6113 -0.7648
vn 0.6836 0.4067 -0.6060
vn 0.5452 0.5314 0.6484
vn -0.0000 -0.8621 -0.5068
vn 0.5452 -0.3994 0.7371
vn 0.6590 0.1258 0.7416
vn 0.3883 0.3130 0.8667
vn -0.1976 0.3040 0.9320
vn -0.0566 0.9444 0.3240
vn -0.2963 0.0408 0.9542
vn -0.0614 0.9649 0.2555
vn -0.3204 0.2949 0.9002
vn 0.7884 -0.6110 -0.0719
vn 0.6928 0.4886 0.5303
vn 0.9998 0.0167 0.0084
vn 0.9851 0.1082 0.1334
vn 0.4412 0.8622 0.2488
vn -0.0009 -0.9991 -0.0415
vn -0.3742 -0.6504 0.6610
vn 0.0850 0.9937 0.0736
vn 0.0155 0.9562 0.2923
vn -0.0014 0.9998 -0.0177
vn 0.0895 0.9767 0.1951
vn -0.8333 -0.3223 0.4492
vn -0.0651 0.2394 -0.9687
vn -0.0646 0.9967 0.0488
vn -0.0492 -0.0642 -0.9967
vn -0.4318 0.3158 -0.8449
vn -0.2315 0.9727 0.0146
vn -0.1377 0.8859 0.4430
vn 0.0138 0.9980 0.0624
vn -0.9986 0.0048 -0.0525
vn -0.9658 0.0118 0.2592
vn -0.9980 -0.0538 -0.0329
vn -0.0211 0.5452 0.8381
vn -0.9865 -0.0730 -0.1463
vn -0.5828 0.1404 0.8004
vn -0.5244 0.6378 -0.5641
vn 0.8322 0.3030 -0.4643
vn 0.7679 0.3010 0.5655
vn 0.0367 0.1482 0.9883
vn 0.7335 0.2904 0.6145
vn 0.9719 0.2340 -0.0274
vn 0.4941 0.8533 0.1669
vn 0.0479 0.9985 0.0260
vn -0.9863 -0.0164 0.1644
vn -0.0698 0.0976 0.9928
vn -0.0107 -0.9979 -0.0632
vn -0.0635 -0.9979 0.0123
vn 0.1948 -0.9805 -0.0240
vn 0.3982 0.0605 -0.9153
vn 0.3948 0.0301 -0.9183
vn 0.5570 -0.3471 -0.7545
vn 0.5622 0.7640 -0.3165
vn 0.9681 0.2384 -0.0768
vn 0.1415 -0.0658 0.9877
vn -0.0412 0.0147 0.9990
vn 0.1124 0.9875 -0.1107
vn 0.7665 0.6406 0.0464
vn 0.4214 0.8934 0.1555
vn 0.7614 0.6428 0.0840
vn -0.0049 0.3744 0.9273
vn -0.0045 -1.0000 -0.0000
vn -0.7075 0.5423 0.4532
vn 0.0217 -0.9231 0.3840
vn -0.0173 -0.9857 0.1675
vn -0.4772 -0.1824 0.8596
vn 0.1595 0.7229 -0.6724
vn -0.1305 0.7193 -0.6824
vn 0.4091 0.4469 0.7955
vn -0.1090 0.9917 -0.0684
vn -0.0451 0.9806 -0.1907
vn 0.4626 0.0300 0.8861
vn 0.4289 0.2586 0.8655
vn 0.5543 0.4673 0.6888
vn 0.5071 0.0260 0.8615
vn -0.6106 -0.0509 -0.7903
vn 0.3711 0.0453 0.9275
vn -0.0632 -0.2061 0.9765
vn -0.1281 0.8600 0.4939
vn 0.0498 0.0829 0.9953
vn 0.1810 0.1531 0.9715
vn -0.5545 0.3989 0.7303
vn 0.1650 0.1976 0.9663
vn -0.3537 0.8711 -0.3407
vn -0.9977 -0.0679 -0.0040
vn -0.5487 0.8360 0.0025
vn 0.0609 0.0511 0.9968
vn 0.1580 0.0321 0.9869
vn 0.4748 0.1127 0.8728
vn 0.9994 0.0327 -0.0138
vn -0.6253 0.2692 0.7325
vn -0.4822 -0.0912 0.8713
vn -0.3655 -0.1214 0.9229
vn -0.5183 0.4259 0.7416
vn 0.1665 0.6798 -0.7142
vn -0.9991 0.0251 0.0345
vn 0.0170 0.9981 0.0594
vn -0.1246 0.5953 -0.7938
vn -0.3884 0.4388 0.8103
vn 0.0197 0.0098 0.9998
vn -0.1106 0.9934 0.0312
vn 0.7071 0.3294 -0.6257
vn -0.1834 0.9812 0.0595
vn -0.0092 0.4186 -0.9081
vn -0.0652 0.3879 -0.9194
vn -0.0331 0.4206 -0.9066
vn -0.0094 0.0400 -0.9992
vn -0.0060 0.8619 -0.5070
vn -0.0217 0.6121 -0.7905
vn 0.7005 0.0172 -0.7134
vn -0.0270 0.0007 -0.9996
vn 0.9504 0.0378 -0.3089
vn 0.2403 0.8744 0.4216
vn 0.0587 0.9953 0.0775
vn 0.4898 0.3804 0.7845
vn -0.0903 0.9906 0.1028
vn -0.6752 -0.3581 0.6449
vn -0.2470 0.8905 -0.3822
vn -0.1280 0.9367 -0.3259
vn -0.2533 0.4032 -0.8793
vn -0.5619 0.0770 -0.8236
vn -0.0386 0.9992 -0.0034
vn -0.1519 0.3820 -0.9116
vn -0.1542 0.1738 -0.9726
vn -0.0098 0.9825 -0.1861
vn 0.3685 0.9231 -0.1102
vn 0.0492 0.9913 0.1221
vn 0.5990 0.4224 -0.6803
vn 0.8046 -0.2247 0.5497
vn 0.8184 -0.1060 0.5648
vn -0.0551 0.9980 -0.0315
vn 0.0484 -0.3051 -0.9511
vn 0.0537 -0.9860 -0.1581
vn -0.7561 0.6522 0.0530
vn -0.0316 0.9255 0.3774
vn 0.9450 0.0823 -0.3165
vn 0.6700 0.3860 -0.6341
vn 0.8935 0.4321 -0.1221
vn 0.4818 0.0639 -0.8740
vn 0.9940 0.0901 -0.0628
vn -0.3055 0.1711 0.9367
vn -0.1235 0.9350 0.3324
vn -0.6360 0.3624 0.6813
vn -0.4258 -0.0000 0.9048
vn -0.1510 0.0032 0.9885
vn -0.1029 0.2239 0.9692
vn 0.9953 -0.0971 0.0019
vn -0.7575 0.6251 -0.1880
vn 0.8700 0.2165 0.4429
vn 0.9971 0.0682 0.0346
vn 0.7728 0.1522 0.6161
vn 0.8764 0.0687 0.4767
vn 0.2750 0.0041 -0.9614
vn 0.0109 0.9957 -0.0921
vn -0.0005 1.0000 0.0009
vn 0.0134 0.4133 0.9105
vn -0.0020 0.9996 0.0299
vn -0.0899 0.1198 0.9887
vn -0.0925 0.5066 0.8572
vn -0.6405 0.5856 0.4968
vn -0.8624 -0.5035 0.0525
vn -0.2947 0.0855 -0.9517
vn -0.5110 0.6415 -0.5721
vn -0.3118 0.6751 -0.6686
vn -0.1239 0.7614 0.6363
vn 0.0144 0.0390 -0.9991
vn 0.0117 0.1602 -0.9870
vn 0.1490 0.9888 -0.0000
vn 0.1004 0.9948 -0.0164
vn -0.0424 0.9990 0.0102
vn 0.0615 0.9939 -0.0918
vn 0.2123 0.0003 0.9772
vn -0.0715 0.4054 0.9114
vn -0.1148 0.0773 0.9904
vn -0.1393 0.4720 0.8705
vn -0.0479 0.9800 0.1932
vn -1.0000 -0.0000 -0.0001
vn -0.0257 0.8337 -0.5517
vn -0.8167 0.0273 -0.5765
vn 0.0612 0.0866 0.9944
vn 0.1086 -0.0366 0.9934
vn 0.1376 0.1094 0.9844
vn -0.5983 0.6544 0.4624
vn -0.1067 0.6079 0.7868
vn -0.0171 -0.9544 -0.2980
vn 0.1260 0.9910 0.0448
vn -0.3056 -0.3097 0.9004
vn -0.3612 -0.4039 0.8405
vn -0.3161 -0.1509 0.9367
vn 0.1105 0.9922 -0.0585
vn -0.2502 0.7137 -0.6542
vn 0.8073 0.0602 -0.5871
vn 0.1439 0.9726 0.1824
vn -0.9984 0.0498 0.0283
vn -0.0098 0.9561 -0.2930
vn 0.0325 0.3621 -0.9316
vn 0.0288 0.9737 -0.2261
vn -0.2378 0.8169 0.5255
vn 0.9850 0.0855 0.1499
vn 0.9175 0.3557 0.1778
vn 0.9853 0.0012 0.1706
vn 0.9145 0.4039 0.0246
vn 0.9826 0.1180 -0.1432
vn 0.0056 0.9726 0.2326
vn 0.9142 -0.0850 0.3963
vn 0.9250 0.0591 0.3753
vn -0.9959 -0.0620 -0.0657
vn -0.6001 -0.0093 0.7999
vn -0.2150 0.9766 0.0054
vn 0.3033 0.7227 -0.6211
vn 0.0222 0.9313 -0.3636
vn 0.0553 0.7854 -0.6166
vn 0.9532 0.0628 -0.2956
vn 0.7004 0.2497 -0.6686
vn -0.8880 -0.3371 -0.3128
vn 0.1960 -0.9806 -0.0077
vn -0.9833 -0.0731 0.1666
vn -0.9134 0.4050 -0.0405
vn 0.5560 -0.8216 -0.1260
vn -0.9901 -0.1184 0.0748
vn 0.6217 0.1382 0.7709
vn 0.7162 0.1605 0.6792
vn -0.1559 0.1097 -0.9817
vn -0.6434 0.1310 -0.7543
vn 0.7740 -0.6307 -0.0553
vn 0.9168 -0.3965 -0.0479
vn 0.3892 -0.2324 0.8913
vn 0.1483 -0.0124 -0.9889
vn -0.9972 -0.0717 0.0223
vn -0.9978 -0.0659 0.0098
vn -0.9965 -0.0677 0.0500
vn -0.5273 -0.2303 0.8179
vn 0.0335 -0.4164 -0.9086
vn -0.0306 0.8932 0.4486
vn 0.1122 0.6270 -0.7709
vn 0.1371 0.4589 -0.8778
vn 0.3255 -0.4264 -0.8439
vn 0.2228 -0.0282 -0.9745
vn -0.9067 0.3348 -0.2565
vn 0.5083 0.1126 0.8538
vn 0.6632 -0.4415 0.6044
vn 0.2838 0.1720 0.9433
vn 0.0673 0.8396 0.5391
vn -0.0007 -0.0107 0.9999
vn -0.1770 0.8233 0.5393
vn 0.0865 0.9266 -0.3660
vn -0.1603 0.0260 -0.9867
vn 0.2112 0.8443 -0.4926
vn -0.8925 0.1061 0.4384
vn 0.2290 0.0126 0.9733
vn 0.0012 0.0066 1.0000
vn 0.0333 -0.3727 -0.9273
vn 0.9031 -0.0074 -0.4294
vn -0.3366 0.0400 -0.9408
vn 0.8464 0.4238 -0.3225
vn 0.9488 0.2619 0.1766
vn 0.9910 0.0312 -0.1299
vn 0.2995 -0.6565 -0.6923
vn 0.6354 -0.3377 -0.6944
vn 0.0966 -0.8049 -0.5855
vn -0.0460 0.6440 -0.7636
vn 0.0414 -0.9939 -0.1024
vn 0.1001 0.9091 0.4044
vn 0.0554 0.9916 0.1167
vn -0.1304 0.8707 0.4741
vn -0.0097 0.9975 0.0703
vn 0.9979 0.0534 0.0371
vn 0.9449 0.3239 0.0476
vn 0.9947 0.0873 0.0544
vn 0.0278 0.7349 0.6776
vn 0.0134 0.0851 -0.9963
vn -0.6465 -0.0783 -0.7589
vn 0.6414 0.0126 0.7671
vn -0.0869 0.9861 -0.1413
vn 0.0985 0.9951 0.0088
vn 0.1066 0.7862 0.6087
vn 0.0803 0.7015 0.7082
vn 0.0370 0.9098 0.4134
vn 0.7386 -0.5680 0.3632
vn 0.0398 0.9729 0.2276
vn -0.0327 0.8275 0.5605
vn -0.0141 0.6895 0.7241
vn 0.9996 0.0007 -0.0273
vn -0.9106 0.0542 0.4097
vn -0.5014 0.2041 0.8408
vn -0.7821 0.3411 0.5215
vn -0.6873 0.1340 0.7140
vn 0.1433 0.0179 0.9895
vn 0.2604 -0.0357 0.9648
vn 0.0127 0.0785 0.9968
vn -0.0172 0.0471 0.9987
vn 0.0504 0.0026 -0.9987
vn -0.1323 -0.3421 0.9303
vn -0.0576 -0.6568 0.7519
vn 0.0419 -0.3852 0.9219
vn 0.2093 -0.9778 -0.0117
vn 0.1338 -0.9909 0.0171
vn -0.4529 -0.7375 0.5010
vn 0.0021 0.8843 0.4669
vn 0.6968 -0.6568 -0.2881
vn 0.2448 -0.9674 -0.0655
vn -0.0153 -0.9999 -0.0077
vn -0.1180 0.0313 0.9925
vn -0.0662 -0.0001 0.9978
vn -0.6163 0.7692 -0.1688
vn -0.1055 0.3845 -0.9171
vn -0.7818 0.5476 -0.2981
vn -0.0465 -0.8239 0.5648
vn -0.1491 -0.6663 0.7306
vn -0.5330 -0.4862 0.6925
vn 0.9502 0.1925 0.2452
vn -0.2211 0.4856 0.8457
vn -0.0121 0.9388 0.3444
vn -0.7728 0.5085 0.3797
vn 0.8439 0.1336 -0.5195
vn -0.6886 0.7243 -0.0337
vn 0.4264 0.6643 0.6139
vn -0.5072 0.5079 -0.6963
vn 0.1153 0.9894 0.0879
vn 0.5974 -0.7710 -0.2207
vn -0.1184 0.0253 0.9926
vn -0.0466 0.9925 0.1134
vn -0.0482 0.8446 0.5332
vn -0.0080 0.9971 -0.0756
vn 0.4982 0.8222 -0.2751
vn 0.6832 -0.0575 -0.7279
vn 0.6729 0.1363 -0.7271
vn 0.1186 0.1297 0.9844
vn -0.3835 -0.1506 0.9112
vn -0.2687 0.4021 0.8753
vn 0.0095 0.9805 -0.1963
vn -0.0052 -0.2121 0.9772
vn 0.0664 -0.2392 0.9687
vn -0.0298 -0.9929 0.1154
vn 0.0847 0.9962 -0.0179
vn 0.0728 0.7329 0.6765
vn -0.0369 0.7658 0.6420
vn -0.0208 0.4768 0.8788
vn -0.0560 0.3177 0.9465
vn -0.0395 -0.9479 0.3160
vn -0.0052 -0.9651 0.2619
vn -0.0073 -0.9713 0.2377
vn -0.0360 0.9971 -0.0677
vn -0.0238 0.9921 -0.1230
vn 0.9454 0.2955 0.1377
vn -0.5534 0.0707 -0.8299
vn -0.3735 0.0047 -0.9276
vn -0.3373 0.2640 -0.9036
vn 0.7010 0.0241 -0.7128
vn 0.0380 -0.0118 0.9992
vn -0.0170 -0.8142 -0.5804
vn 0.2334 -0.9699 0.0697
vn -0.0179 0.9900 -0.1402
vn -0.9295 0.3597 0.0816
vn -0.6320 0.7430 0.2203
vn -0.0039 1.0000 -0.0054
vn -0.0652 0.0094 -0.9978
vn 0.1117 0.0012 -0.9937
vn -0.0000 -0.0000 -1.0000
vn 0.1816 0.9818 -0.0557
vn -0.7691 0.3251 0.5503
vn 0.3922 0.9121 -0.1196
vn 0.9471 0.3014 -0.1102
vn 0.7701 0.6253 0.1259
vn -0.3949 0.1774 0.9014
vn -0.8328 -0.5065 -0.2234
vn 0.6568 0.3009 -0.6914
vn -0.2023 0.6249 0.7541
vn -0.7956 -0.1758 0.5797
vn -0.6181 0.6952 0.3670
vn -0.1324 0.0821 0.9878
vn -0.5094 0.0572 -0.8586
vn -0.0565 0.0019 -0.9984
vn -0.0642 0.2823 -0.9572
vn 0.0381 0.9892 -0.1418
vn -0.0414 0.6103 0.7911
vn -0.4418 0.2709 -0.8552
vn -0.6331 0.4780 -0.6089
vn -0.9019 -0.0514 0.4288
vn -0.5605 -0.6577 -0.5032
vn -0.3131 -0.1042 0.9440
vn 0.1087 0.0875 0.9902
vn -0.2429 0.2088 0.9473
vn -0.8656 0.1070 0.4892
vn -0.8092 0.4337 0.3965
vn -0.8993 -0.2101 0.3836
vn -0.0315 0.0148 0.9994
vn 0.0701 0.1497 0.9862
vn 0.0133 -0.9999 -0.0036
vn 0.4793 0.1558 0.8637
vn 0.6959 0.1181 0.7084
vn -0.5076 -0.1361 0.8508
vn -0.4245 -0.0261 0.9050
vn 0.9977 -0.0362 -0.0579
vn -0.1074 0.0456 -0.9932
vn -0.8751 -0.4833 -0.0240
vn -0.6311 0.1683 -0.7573
vn -0.1787 0.9818 0.0642
vn 0.0418 -0.1392 0.9894
vn 0.0344 -0.0769 0.9964
vn 0.0254 0.9769 -0.2120
vn 0.0416 -0.9224 0.3841
vn -0.6816 -0.0271 -0.7312
vn 0.6701 0.7422 -0.0104
vn 0.0072 -0.9922 -0.1246
vn -0.0682 -0.0197 -0.9975
vn 0.0160 0.1043 -0.9944
vn 0.0190 0.5226 -0.8524
vn -0.2235 0.0797 -0.9714
vn -0.0292 0.0889 -0.9956
vn 0.0285 -0.7254 -0.6878
vn 0.0131 0.9655 0.2600
vn 0.9654 0.2099 -0.1545
vn 0.0120 -0.9345 -0.3558
vn 0.5547 0.0028 -0.8320
vn 0.0559 -0.0000 -0.9984
vn 0.0471 -0.0191 -0.9987
vn -0.8924 0.4397 0.1011
vn -0.1351 0.7305 0.6694
vn -0.9941 0.1074 0.0161
vn -0.1284 0.9854 0.1118
vn -0.0783 0.2907 0.9536
vn -0.0447 0.9789 0.1993
vn 0.1046 0.0320 -0.9940
vn 0.0869 0.4201 0.9033
vn 0.0051 0.8774 0.4797
vn -0.0435 0.0094 -0.9990
vn 0.0216 -0.1162 0.9930
vn 0.0459 0.0030 0.9989
vn 0.0005 -0.0617 0.9981
vn -0.0418 -0.1135 0.9927
vn 0.6364 0.7705 -0.0357
vn 0.3514 -0.4187 0.8374
vn 0.1923 -0.9802 0.0475
vn -0.0768 0.8910 -0.4474
vn 0.9894 0.0973 0.1074
vn -0.9760 0.1088 -0.1887
vn 0.9195 -0.0904 0.3827
vn 0.8459 0.3568 0.3965
vn 0.6708 0.3097 0.6739
vn 0.5270 0.1090 0.8429
vn -0.8337 0.1150 0.5401
vn 0.1001 -0.0117 -0.9949
vn -0.0731 0.9802 0.1841
vn -0.6578 0.7102 0.2507
vn -0.6430 0.5264 0.5563
vn -0.5861 -0.8102 -0.0054
vn 0.4656 0.7528 -0.4653
vn 0.4227 0.8428 0.3331
vn 0.8896 0.4332 -0.1445
vn -0.9473 0.3198 0.0183
vn 0.2102 0.4307 0.8777
vn 0.4630 -0.0257 0.8860
vn 0.9899 0.0469 -0.1338
vn -0.4509 -0.0113 -0.8925
vn -0.2169 0.0765 -0.9732
vn -0.9272 -0.0251 -0.3738
vn -0.3852 0.7904 -0.4763
vn -0.3613 0.9040 -0.2287
vn -0.0448 0.9788 -0.1999
vn 0.0129 -0.0499 0.9987
vn -0.9282 -0.0693 0.3655
vn 0.0231 -0.1131 0.9933
vn -0.0608 0.0931 0.9938
vn -0.0077 0.4453 0.8953
vn 0.0676 -0.7362 0.6734
vn -0.1269 -0.0313 -0.9914
vn -0.0739 -0.0398 -0.9965
vn -0.0941 0.2289 -0.9689
vn 0.0298 0.9934 0.1106
vn -0.8319 -0.0806 0.5491
vn 0.9049 -0.0908 -0.4159
vn 0.9851 -0.0107 0.1717
vn 0.0517 0.9790 -0.1974
vn 0.0972 0.9673 -0.2342
vn -0.1463 0.5236 -0.8393
vn -0.0128 0.9829 -0.1837
vn 0.0714 -0.4139 -0.9075
vn 0.0054 0.8544 0.5196
vn -0.1895 0.9809 -0.0438
vn -0.0389 0.8359 0.5475
vn -0.0053 0.9967 0.0808
vn 0.2827 0.9588 -0.0271
vn 0.1996 0.7431 0.6387
vn -0.0054 1.0000 -0.0076
vn -0.0823 0.3927 -0.9160
vn 0.0233 0.4989 -0.8664
vn 0.0176 0.1456 -0.9892
vn -0.1654 0.1919 -0.9674
vn 0.9404 0.1474 -0.3066
vn -0.1546 0.0180 0.9878
vn -0.2470 0.9380 -0.2432
vn 0.0534 -0.9374 -0.3441
vn -0.2916 0.8557 0.4275
vn -0.6380 0.7041 0.3118
vn 0.9946 0.0061 -0.1037
vn -0.7942 0.6046 0.0604
vn 0.0103 -0.2195 0.9756
vn -0.8737 -0.0113 -0.4864
vn -0.5709 0.0535 0.8193
vn -0.9997 0.0188 0.0152
vn -0.9336 0.2522 0.2544
vn 0.0041 0.9983 -0.0573
vn -0.0492 0.1762 -0.9831
vn -0.2165 -0.0311 0.9758
vn 0.0039 1.0000 -0.0060
vn 0.0369 0.7026 0.7106
vn 0.4474 0.8943 -0.0000
vn 0.0111 0.9988 0.0481
vn -0.7710 -0.1967 0.6057
vn -0.3480 0.8838 0.3128
vn 0.0018 0.5906 -0.8070
vn -0.0626 0.9951 0.0769
vn 0.0734 0.8863 0.4573
vn -0.5320 -0.0650 0.8442
vn -0.7886 -0.1666 -0.5919
vn -0.5707 0.0110 -0.8211
vn 0.0147 0.0946 0.9954
vn 0.0591 0.9964 -0.0603
vn 0.0130 0.7877 -0.6160
vn -0.9979 -0.0643 0.0056
vn -0.9992 -0.0407 0.0002
vn -0.9986 -0.0475 -0.0240
vn -0.3522 0.0011 -0.9359
vn 0.0314 0.9990 -0.0324
vn -0.7459 0.6263 -0.2265
vn 0.8614 0.5071 -0.0301
vn 0.8794 -0.4756 -0.0223
vn 0.0157 -0.6845 0.7289
vn -0.0731 0.0024 -0.9973
vn 0.5642 0.1087 -0.8184
vn -0.1299 0.5013 -0.8555
vn -0.0098 1.0000 0.0001
vn 0.9957 0.0830 -0.0412
vn 0.9965 -0.0455 0.0702
vn -0.0427 0.9974 -0.0575
vn 0.0792 0.5285 -0.8452
vn -0.2838 0.0241 -0.9586
vn -0.0111 -0.9989 0.0450
vn -0.8725 0.3555 -0.3352
vn -0.5075 0.0799 0.8580
vn -0.3822 0.5423 0.7482
vn 0.9839 0.0538 0.1705
vn 0.8943 -0.1599 0.4179
vn 0.9951 0.0936 -0.0308
vn 0.0228 0.9997 0.0069
vn -0.5786 -0.7945 0.1843
vn 0.0850 0.6239 -0.7769
vn 0.7164 0.6963 -0.0434
vn -0.0631 -0.3504 0.9345
vn 0.5001 -0.6154 -0.6093
vn -0.1909 0.9785 0.0783
vn 0.0796 0.9182 -0.3881
vn 0.0117 0.7704 -0.6375
vn 0.8309 0.0125 0.5563
vn 0.8080 -0.0810 -0.5836
vn -0.6675 0.2462 -0.7027
vn -0.0195 0.9719 -0.2344
vn -0.2855 -0.1366 0.9486
vn 0.5229 0.0428 -0.8513
vn -0.5994 0.1035 0.7938
vn -0.1054 0.9660 -0.2361
vn -0.2342 0.1437 0.9615
vn 0.0299 0.9984 -0.0484
vn -0.5483 0.0332 0.8356
vn 0.7285 0.0071 -0.6850
vn 0.0748 0.9945 -0.0732
vn -0.9479 0.0850 0.3070
vn 0.6440 0.5927 0.4838
vn 0.5107 0.8595 0.0220
vn -0.2512 0.1675 0.9533
vn -0.3756 0.3620 -0.8532
vn 0.0244 0.9977 -0.0635
vn 0.0057 0.7494 -0.6621
vn -0.9863 -0.0452 0.1586
vn 0.8471 -0.2316 0.4783
vn 0.2336 0.6511 0.7222
vn -0.9316 -0.3636 -0.0043
vn -0.9914 -0.0327 -0.1265
vn -0.7878 -0.5695 0.2344
vn -0.2122 0.5308 -0.8205
vn -0.3163 -0.9202 -0.2306
vt 0.001547 0.685208
vt 0.001547 0.608590
vt 0.048695 0.682255
vt 0.528688 0.713034
vt 0.475942 0.677585
vt 0.489813 0.590609
vt 0.973743 0.071680
vt 0.983686 0.071926
vt 0.983807 0.076850
vt 0.973979 0.068751
vt 0.973660 0.073765
vt 0.547967 0.876222
vt 0.550837 0.863204
vt 0.552786 0.867536
vt 0.568516 0.935036
vt 0.566691 0.944946
vt 0.563362 0.933680
vt 0.571203 0.947679
vt 0.550256 0.881826
vt 0.546133 0.870358
vt 0.545495 0.892648
vt 0.980126 0.358319
vt 0.981245 0.360605
vt 0.978859 0.360355
vt 0.983319 0.358043
vt 0.982456 0.356172
vt 0.978693 0.358084
vt 0.349069 0.975780
vt 0.350788 0.975783
vt 0.353657 0.980994
vt 0.348073 0.975956
vt 0.348807 0.974295
vt 0.351797 0.981922
vt 0.336023 0.985819
vt 0.332962 0.982737
vt 0.338148 0.983508
vt 0.333141 0.986896
vt 0.282424 0.181207
vt 0.343693 0.180331
vt 0.282450 0.181875
vt 0.281604 0.179664
vt 0.343704 0.180060
vt 0.419393 0.076628
vt 0.481657 0.070266
vt 0.420345 0.078175
vt 0.480672 0.069599
vt 0.419375 0.075943
vt 0.799482 0.156825
vt 0.798635 0.154066
vt 0.800392 0.156945
vt 0.799017 0.158027
vt 0.797129 0.155491
vt 0.800942 0.160475
vt 0.605459 0.282245
vt 0.610002 0.277793
vt 0.601783 0.330748
vt 0.580039 0.284111
vt 0.609675 0.254528
vt 0.561832 0.328780
vt 0.184483 0.590856
vt 0.196897 0.588952
vt 0.196562 0.595485
vt 0.184618 0.585534
vt 0.184717 0.597151
vt 0.140591 0.950494
vt 0.147353 0.947271
vt 0.145610 0.950602
vt 0.138870 0.954073
vt 0.136116 0.949873
vt 0.141212 0.947698
vt 0.134649 0.953002
vt 0.769635 0.594328
vt 0.769110 0.607393
vt 0.766390 0.607217
vt 0.240019 0.175527
vt 0.237877 0.173434
vt 0.241733 0.174283
vt 0.768866 0.592337
vt 0.779845 0.601282
vt 0.767158 0.596053
vt 0.977749 0.634380
vt 0.985171 0.634579
vt 0.985549 0.636031
vt 0.978285 0.637202
vt 0.976152 0.636073
vt 0.974419 0.635842
vt 0.985375 0.633294
vt 0.985881 0.632116
vt 0.975285 0.634184
vt 0.976679 0.632531
vt 0.976585 0.295216
vt 0.976278 0.305869
vt 0.974899 0.295519
vt 0.978092 0.307357
vt 0.976522 0.266882
vt 0.979466 0.295287
vt 0.974428 0.268537
vt 0.357344 0.423826
vt 0.367978 0.421415
vt 0.367687 0.424335
vt 0.356157 0.422082
vt 0.356925 0.428651
vt 0.355533 0.423178
vt 0.911667 0.941269
vt 0.917525 0.944218
vt 0.911585 0.946110
vt 0.917986 0.940330
vt 0.911737 0.938280
vt 0.908998 0.942323
vt 0.909095 0.939381
vt 0.753131 0.134415
vt 0.751548 0.136280
vt 0.750736 0.133845
vt 0.753164 0.133435
vt 0.753144 0.135375
vt 0.849537 0.713898
vt 0.849285 0.712147
vt 0.895377 0.712848
vt 0.526855 0.144814
vt 0.572345 0.142637
vt 0.571905 0.143747
vt 0.572000 0.145923
vt 0.527150 0.146562
vt 0.526584 0.144135
vt 0.849780 0.714583
vt 0.537518 0.771292
vt 0.535155 0.773685
vt 0.536890 0.770332
vt 0.538079 0.771342
vt 0.535702 0.773956
vt 0.542755 0.766952
vt 0.974708 0.899918
vt 0.974792 0.910914
vt 0.973266 0.911023
vt 0.975310 0.875878
vt 0.976259 0.899846
vt 0.972524 0.910936
vt 0.972930 0.899857
vt 0.973912 0.875095
vt 0.826445 0.939570
vt 0.811421 0.944319
vt 0.811408 0.936955
vt 0.813548 0.931860
vt 0.828743 0.933770
vt 0.840488 0.938362
vt 0.828283 0.945952
vt 0.537341 0.670524
vt 0.536793 0.675384
vt 0.533592 0.670850
vt 0.543560 0.668067
vt 0.543510 0.671918
vt 0.533359 0.667017
vt 0.537654 0.666589
vt 0.978367 0.465118
vt 0.978287 0.425766
vt 0.980118 0.465254
vt 0.978345 0.467451
vt 0.961819 0.465313
vt 0.962712 0.425606
vt 0.980715 0.467980
vt 0.770424 0.166577
vt 0.762652 0.163356
vt 0.770076 0.163426
vt 0.762486 0.166954
vt 0.150294 0.944779
vt 0.143029 0.944878
vt 0.156124 0.946795
vt 0.890689 0.941284
vt 0.887209 0.938427
vt 0.889836 0.938065
vt 0.895183 0.942530
vt 0.895262 0.944858
vt 0.890160 0.943419
vt 0.892642 0.938624
vt 0.681478 0.019834
vt 0.729727 0.000912
vt 0.699880 0.024425
vt 0.681058 0.024915
vt 0.926367 0.946121
vt 0.927615 0.946249
vt 0.911270 0.970957
vt 0.845776 0.400096
vt 0.841168 0.389724
vt 0.842264 0.358812
vt 0.844658 0.407431
vt 0.848549 0.432662
vt 0.909665 0.970714
vt 0.930838 0.915220
vt 0.252471 0.302715
vt 0.255311 0.300222
vt 0.253697 0.305317
vt 0.251274 0.305138
vt 0.254604 0.296704
vt 0.195372 0.754439
vt 0.226257 0.739021
vt 0.240666 0.795689
vt 0.408763 0.539993
vt 0.429172 0.484349
vt 0.435662 0.516894
vt 0.864661 0.828153
vt 0.842560 0.886385
vt 0.831248 0.814062
vt 0.871292 0.900857
vt 0.146858 0.734158
vt 0.871292 0.773346
vt 0.979297 0.373092
vt 0.976966 0.373589
vt 0.979042 0.371934
vt 0.981200 0.370129
vt 0.980019 0.374460
vt 0.977400 0.376001
vt 0.323474 0.803295
vt 0.322026 0.803467
vt 0.322026 0.752865
vt 0.849995 0.355198
vt 0.895817 0.356355
vt 0.850097 0.356654
vt 0.099154 0.537384
vt 0.098700 0.491177
vt 0.099996 0.492559
vt 0.850393 0.354217
vt 0.638252 0.298330
vt 0.637258 0.349560
vt 0.637258 0.297962
vt 0.869643 0.799285
vt 0.870332 0.814847
vt 0.868796 0.814676
vt 0.131120 0.049811
vt 0.128954 0.036810
vt 0.132769 0.047704
vt 0.871026 0.799458
vt 0.868098 0.814233
vt 0.178862 0.991599
vt 0.177818 0.992263
vt 0.177456 0.980354
vt 0.178985 0.980030
vt 0.180504 0.991083
vt 0.876167 0.986059
vt 0.870199 0.989552
vt 0.874640 0.986000
vt 0.876792 0.986687
vt 0.876363 0.983430
vt 0.878319 0.983533
vt 0.610153 0.930528
vt 0.609485 0.926885
vt 0.617460 0.926504
vt 0.586157 0.928969
vt 0.613671 0.934343
vt 0.584512 0.933472
vt 0.899466 0.954486
vt 0.901279 0.952832
vt 0.902772 0.956508
vt 0.897703 0.953318
vt 0.899133 0.951044
vt 0.903161 0.962177
vt 0.891169 0.965252
vt 0.892484 0.960790
vt 0.693195 0.390752
vt 0.692422 0.394588
vt 0.648066 0.406142
vt 0.645102 0.404652
vt 0.690852 0.389066
vt 0.725882 0.378687
vt 0.725910 0.380669
vt 0.725802 0.377384
vt 0.969142 0.758963
vt 0.969275 0.763862
vt 0.966414 0.760565
vt 0.966702 0.755248
vt 0.978628 0.758892
vt 0.968799 0.753526
vt 0.091459 0.025460
vt 0.089429 0.024354
vt 0.092044 0.023306
vt 0.091553 0.027587
vt 0.088619 0.027301
vt 0.093677 0.025155
vt 0.978577 0.255877
vt 0.976671 0.255859
vt 0.976848 0.254279
vt 0.979794 0.255322
vt 0.980950 0.259127
vt 0.969873 0.343836
vt 0.964219 0.340395
vt 0.968990 0.336114
vt 0.964634 0.348168
vt 0.970421 0.349281
vt 0.830653 0.314567
vt 0.799576 0.353300
vt 0.797731 0.309170
vt 0.402191 0.191589
vt 0.345203 0.183833
vt 0.400934 0.189742
vt 0.834443 0.354486
vt 0.832034 0.355978
vt 0.394818 0.218521
vt 0.833444 0.312975
vt 0.399276 0.073748
vt 0.382407 0.075040
vt 0.382047 0.072322
vt 0.527639 0.191622
vt 0.524498 0.201059
vt 0.523838 0.199789
vt 0.399995 0.076521
vt 0.399416 0.071130
vt 0.526248 0.191695
vt 0.528688 0.192458
vt 0.167798 0.007687
vt 0.168585 0.008981
vt 0.166910 0.008005
vt 0.168571 0.007059
vt 0.168628 0.008811
vt 0.166684 0.007344
vt 0.924438 0.665830
vt 0.902782 0.670739
vt 0.922529 0.662990
vt 0.925026 0.662808
vt 0.927051 0.665230
vt 0.919769 0.701148
vt 0.989207 0.381837
vt 0.991283 0.379841
vt 0.991352 0.383120
vt 0.985615 0.385889
vt 0.987542 0.380424
vt 0.985369 0.383969
vt 0.989529 0.670929
vt 0.987404 0.668465
vt 0.993055 0.669803
vt 0.988732 0.671295
vt 0.984303 0.306720
vt 0.983079 0.296468
vt 0.984334 0.297215
vt 0.982076 0.307675
vt 0.965163 0.736282
vt 0.961928 0.727971
vt 0.967426 0.735353
vt 0.015508 0.002454
vt 0.170432 0.002130
vt 0.016473 0.003478
vt 0.149563 0.295648
vt 0.148102 0.138838
vt 0.149563 0.138529
vt 0.339637 0.420231
vt 0.338590 0.422251
vt 0.192178 0.420231
vt 0.342369 0.421748
vt 0.011647 0.002130
vt 0.343300 0.420543
vt 0.775449 0.959758
vt 0.775449 0.956972
vt 0.782500 0.960388
vt 0.782500 0.963405
vt 0.774870 0.962994
vt 0.592116 0.369117
vt 0.605034 0.372400
vt 0.592339 0.375916
vt 0.588762 0.371817
vt 0.605130 0.365669
vt 0.588862 0.366173
vt 0.591877 0.362570
vt 0.170362 0.983838
vt 0.166026 0.987241
vt 0.167710 0.982784
vt 0.168083 0.989176
vt 0.171832 0.978676
vt 0.365645 0.962650
vt 0.367302 0.960392
vt 0.373904 0.965194
vt 0.363386 0.962539
vt 0.364266 0.962040
vt 0.372122 0.967226
vt 0.365264 0.964257
vt 0.848255 0.625017
vt 0.809104 0.620326
vt 0.848684 0.620156
vt 0.427364 0.772351
vt 0.427658 0.776207
vt 0.426031 0.772012
vt 0.428187 0.770383
vt 0.809634 0.625178
vt 0.810752 0.631296
vt 0.444039 0.796511
vt 0.834850 0.396217
vt 0.837366 0.355238
vt 0.835774 0.394191
vt 0.843996 0.425594
vt 0.839958 0.427201
vt 0.833410 0.397610
vt 0.124205 0.830826
vt 0.103083 0.858428
vt 0.098587 0.825323
vt 0.126384 0.854922
vt 0.126486 0.831511
vt 0.123908 0.827855
vt 0.125743 0.828821
vt 0.167560 0.012983
vt 0.168893 0.011869
vt 0.169060 0.012229
vt 0.164645 0.013913
vt 0.167860 0.011989
vt 0.151946 0.950211
vt 0.699121 0.989444
vt 0.690611 0.988558
vt 0.692004 0.985105
vt 0.696184 0.991819
vt 0.691540 0.943239
vt 0.699121 0.932987
vt 0.046204 0.880419
vt 0.041669 0.873525
vt 0.047648 0.869092
vt 0.062346 0.897111
vt 0.041534 0.884719
vt 0.070263 0.891045
vt 0.036334 0.876726
vt 0.052149 0.875009
vt 0.966299 0.896764
vt 0.966943 0.901636
vt 0.956455 0.899038
vt 0.956504 0.893209
vt 0.966171 0.892890
vt 0.233368 0.287497
vt 0.234412 0.286966
vt 0.232941 0.288342
vt 0.228037 0.288587
vt 0.230666 0.284810
vt 0.233271 0.285212
vt 0.729399 0.975196
vt 0.721404 0.975076
vt 0.727694 0.964168
vt 0.623990 0.936789
vt 0.616499 0.946074
vt 0.614806 0.939634
vt 0.736762 0.963523
vt 0.621172 0.929732
vt 0.737915 0.974113
vt 0.738876 0.980856
vt 0.787123 0.163626
vt 0.788365 0.160218
vt 0.789907 0.164101
vt 0.791045 0.167002
vt 0.787220 0.166069
vt 0.533251 0.772310
vt 0.535871 0.769831
vt 0.535220 0.800897
vt 0.857490 0.435570
vt 0.857195 0.430731
vt 0.865643 0.433497
vt 0.865669 0.436964
vt 0.854876 0.439157
vt 0.854900 0.433521
vt 0.651881 0.118756
vt 0.654788 0.120324
vt 0.652329 0.122134
vt 0.655285 0.118109
vt 0.652387 0.114961
vt 0.352486 0.969999
vt 0.350519 0.971851
vt 0.351215 0.968483
vt 0.357900 0.965980
vt 0.359045 0.966390
vt 0.358130 0.964122
vt 0.318049 0.951806
vt 0.317524 0.964861
vt 0.313465 0.963955
vt 0.314280 0.949685
vt 0.319157 0.949413
vt 0.319409 0.950481
vt 0.315965 0.947901
vt 0.968065 0.701375
vt 0.969115 0.696805
vt 0.970658 0.697822
vt 0.969479 0.701164
vt 0.968137 0.727457
vt 0.966559 0.726940
vt 0.969751 0.725213
vt 0.966270 0.698384
vt 0.792900 0.952810
vt 0.809538 0.951174
vt 0.792232 0.957019
vt 0.787442 0.953180
vt 0.790092 0.947011
vt 0.218084 0.966992
vt 0.220867 0.968792
vt 0.215870 0.979986
vt 0.212526 0.977249
vt 0.212203 0.963815
vt 0.159576 0.923320
vt 0.160105 0.896143
vt 0.161926 0.896258
vt 0.160868 0.926307
vt 0.159521 0.927637
vt 0.149276 0.891315
vt 0.148869 0.936018
vt 0.161564 0.921564
vt 0.257388 0.225907
vt 0.257132 0.230791
vt 0.247974 0.227028
vt 0.248168 0.223236
vt 0.256498 0.221112
vt 0.019653 0.565475
vt 0.026547 0.560770
vt 0.026937 0.568871
vt 0.003457 0.575171
vt 0.002562 0.566684
vt 0.001786 0.558243
vt 0.020640 0.576161
vt 0.019345 0.555319
vt 0.338638 0.683960
vt 0.335205 0.681250
vt 0.336812 0.678922
vt 0.333404 0.683532
vt 0.342309 0.681104
vt 0.339446 0.687937
vt 0.555670 0.872342
vt 0.563538 0.865134
vt 0.558437 0.879128
vt 0.821725 0.448786
vt 0.824617 0.485035
vt 0.822181 0.485960
vt 0.823326 0.446575
vt 0.824691 0.448384
vt 0.819572 0.449417
vt 0.820434 0.447481
vt 0.821591 0.446814
vt 0.799650 0.169698
vt 0.794224 0.169150
vt 0.799217 0.167832
vt 0.802226 0.167430
vt 0.802462 0.169569
vt 0.795639 0.172789
vt 0.536780 0.385421
vt 0.492757 0.381307
vt 0.491913 0.377347
vt 0.502470 0.343388
vt 0.561731 0.353028
vt 0.536879 0.389470
vt 0.644016 0.462602
vt 0.649647 0.436093
vt 0.662116 0.457466
vt 0.527703 0.318655
vt 0.541014 0.298288
vt 0.530293 0.320146
vt 0.227416 0.880142
vt 0.258721 0.874043
vt 0.260084 0.877168
vt 0.223369 0.918248
vt 0.227388 0.877772
vt 0.056937 0.212863
vt 0.012330 0.189971
vt 0.057220 0.212340
vt 0.351981 0.551297
vt 0.351981 0.499873
vt 0.353039 0.500315
vt 0.056800 0.213930
vt 0.011998 0.191088
vt 0.115350 0.212388
vt 0.334232 0.669690
vt 0.332988 0.668034
vt 0.338104 0.669926
vt 0.333282 0.672091
vt 0.340257 0.672428
vt 0.335994 0.672604
vt 0.271173 0.304420
vt 0.265902 0.304381
vt 0.270552 0.301454
vt 0.271301 0.308632
vt 0.123186 0.730656
vt 0.115451 0.729074
vt 0.119036 0.725910
vt 0.137058 0.763254
vt 0.124575 0.729785
vt 0.138572 0.761272
vt 0.989552 0.168584
vt 0.984776 0.169526
vt 0.987496 0.164540
vt 0.987865 0.181039
vt 0.349747 0.986434
vt 0.346257 0.975907
vt 0.351090 0.983264
vt 0.352277 0.984414
vt 0.343873 0.977814
vt 0.350787 0.987147
vt 0.132667 0.976360
vt 0.129874 0.975582
vt 0.130283 0.971018
vt 0.139224 0.979203
vt 0.134972 0.979479
vt 0.133512 0.971753
vt 0.135539 0.975755
vt 0.131690 0.980726
vt 0.086907 0.013042
vt 0.088906 0.014961
vt 0.083303 0.014509
vt 0.091407 0.013691
vt 0.086450 0.012117
vt 0.624053 0.003353
vt 0.626078 0.063354
vt 0.572913 0.003768
vt 0.653699 0.650282
vt 0.602432 0.651295
vt 0.653904 0.590531
vt 0.443472 0.834738
vt 0.370422 0.801174
vt 0.425784 0.779267
vt 0.753152 0.846590
vt 0.771045 0.791203
vt 0.825963 0.812990
vt 0.810056 0.868844
vt 0.387265 0.857450
vt 0.399907 0.869594
vt 0.405528 0.862392
vt 0.432402 0.872451
vt 0.642137 0.283172
vt 0.637702 0.276883
vt 0.644411 0.277117
vt 0.426964 0.880868
vt 0.399401 0.877032
vt 0.647778 0.286387
vt 0.636612 0.282523
vt 0.619072 0.983857
vt 0.599654 0.983139
vt 0.619093 0.982384
vt 0.619057 0.985089
vt 0.600605 0.984619
vt 0.138636 0.918767
vt 0.146085 0.939118
vt 0.137315 0.918699
vt 0.141017 0.916572
vt 0.730848 0.328445
vt 0.719334 0.308044
vt 0.731554 0.327811
vt 0.737956 0.343281
vt 0.720337 0.320447
vt 0.720296 0.315689
vt 0.737059 0.344008
vt 0.731411 0.334875
vt 0.507549 0.550372
vt 0.498940 0.547562
vt 0.507340 0.545458
vt 0.507819 0.554791
vt 0.499030 0.552233
vt 0.663720 0.721211
vt 0.663228 0.718393
vt 0.668963 0.718486
vt 0.669950 0.721644
vt 0.664183 0.723995
vt 0.764995 0.613122
vt 0.766865 0.612917
vt 0.767146 0.616106
vt 0.763646 0.611325
vt 0.759726 0.612881
vt 0.759677 0.615077
vt 0.598467 0.960442
vt 0.619276 0.958933
vt 0.618479 0.959171
vt 0.202451 0.554921
vt 0.204901 0.553844
vt 0.202671 0.556327
vt 0.017391 0.195702
vt 0.013799 0.217388
vt 0.014726 0.195544
vt 0.621576 0.960139
vt 0.598647 0.958329
vt 0.909003 0.946192
vt 0.911926 0.950039
vt 0.910920 0.952547
vt 0.716361 0.914884
vt 0.688413 0.870442
vt 0.718528 0.911988
vt 0.668226 0.928683
vt 0.719686 0.915138
vt 0.718004 0.917917
vt 0.077290 0.009760
vt 0.076578 0.013144
vt 0.069099 0.005292
vt 0.761817 0.002289
vt 0.757046 0.012297
vt 0.758523 0.000920
vt 0.082096 0.006332
vt 0.088478 0.009046
vt 0.087653 0.010847
vt 0.076164 0.007630
vt 0.759860 0.014203
vt 0.743148 0.284681
vt 0.744642 0.286439
vt 0.739904 0.297797
vt 0.741900 0.285387
vt 0.746466 0.265037
vt 0.965013 0.320794
vt 0.968415 0.327360
vt 0.964816 0.326679
vt 0.954720 0.316525
vt 0.965849 0.315863
vt 0.967956 0.320577
vt 0.955280 0.322290
vt 0.505083 0.940765
vt 0.504672 0.932674
vt 0.509207 0.934254
vt 0.506032 0.949245
vt 0.498093 0.941881
vt 0.511161 0.940333
vt 0.511049 0.947304
vt 0.340069 0.214411
vt 0.390556 0.252750
vt 0.337196 0.246482
vt 0.277360 0.214272
vt 0.282862 0.184216
vt 0.337926 0.708751
vt 0.339988 0.705850
vt 0.339838 0.709088
vt 0.335207 0.706473
vt 0.338126 0.711327
vt 0.334149 0.707967
vt 0.782030 0.972498
vt 0.780543 0.974974
vt 0.779002 0.972252
vt 0.782325 0.976396
vt 0.780316 0.970705
vt 0.783801 0.968507
vt 0.497129 0.583577
vt 0.499469 0.588084
vt 0.497499 0.590006
vt 0.499629 0.582519
vt 0.496970 0.578173
vt 0.162230 0.961366
vt 0.158015 0.962020
vt 0.158915 0.957492
vt 0.165510 0.964941
vt 0.162076 0.963963
vt 0.165663 0.963462
vt 0.162034 0.958037
vt 0.005863 0.199678
vt 0.008334 0.198883
vt 0.010435 0.199997
vt 0.615132 0.402658
vt 0.614097 0.400561
vt 0.616159 0.403473
vt 0.008943 0.179764
vt 0.004890 0.179953
vt 0.004491 0.198171
vt 0.610374 0.400643
vt 0.599872 0.512313
vt 0.599505 0.510812
vt 0.652626 0.511778
vt 0.652610 0.512469
vt 0.599345 0.512759
vt 0.553470 0.511448
vt 0.553475 0.510473
vt 0.632758 0.089522
vt 0.631001 0.091382
vt 0.629726 0.090557
vt 0.632887 0.089068
vt 0.640369 0.087564
vt 0.634612 0.090387
vt 0.140893 0.797761
vt 0.140880 0.795089
vt 0.141459 0.797072
vt 0.946818 0.583762
vt 0.947070 0.584848
vt 0.946524 0.585298
vt 0.947213 0.583259
vt 0.137718 0.798425
vt 0.138972 0.795685
vt 0.102927 0.860589
vt 0.126970 0.857782
vt 0.102763 0.862651
vt 0.723815 0.492696
vt 0.730968 0.551227
vt 0.722002 0.492587
vt 0.738579 0.438689
vt 0.740372 0.438693
vt 0.725459 0.494024
vt 0.732874 0.551591
vt 0.150976 0.977827
vt 0.146988 0.981321
vt 0.148953 0.977379
vt 0.154891 0.973282
vt 0.152217 0.978993
vt 0.099568 0.027537
vt 0.096411 0.026706
vt 0.097884 0.023111
vt 0.097616 0.030845
vt 0.100539 0.025630
vt 0.440089 0.902816
vt 0.440537 0.908011
vt 0.422451 0.906085
vt 0.422791 0.897489
vt 0.441824 0.898255
vt 0.445791 0.899230
vt 0.445147 0.904606
vt 0.614614 0.893028
vt 0.620069 0.897580
vt 0.615990 0.900162
vt 0.611976 0.890846
vt 0.617583 0.889251
vt 0.600558 0.898293
vt 0.173916 0.993030
vt 0.175263 0.982061
vt 0.176147 0.991643
vt 0.972116 0.220069
vt 0.973624 0.220452
vt 0.972184 0.230537
vt 0.113266 0.696869
vt 0.049193 0.700567
vt 0.100057 0.654500
vt 0.157104 0.662467
vt 0.164535 0.696599
vt 0.169099 0.699371
vt 0.113986 0.698753
vt 0.979117 0.763056
vt 0.978632 0.767280
vt 0.968552 0.768766
vt 0.201941 0.718684
vt 0.201608 0.716964
vt 0.203045 0.717072
vt 0.204569 0.718308
vt 0.204449 0.720549
vt 0.201243 0.719921
vt 0.200365 0.717988
vt 0.973886 0.873436
vt 0.972251 0.875488
vt 0.972507 0.873803
vt 0.976058 0.870661
vt 0.974613 0.873540
vt 0.154781 0.320240
vt 0.144806 0.322276
vt 0.145054 0.316408
vt 0.965605 0.925093
vt 0.955955 0.921162
vt 0.966943 0.920106
vt 0.154781 0.324634
vt 0.405399 0.336565
vt 0.349140 0.343785
vt 0.396825 0.304851
vt 0.001226 0.762284
vt 0.039767 0.737048
vt 0.049472 0.769298
vt 0.000797 0.720471
vt 0.414906 0.363082
vt 0.359742 0.371862
vt 0.003912 0.799989
vt 0.510209 0.220626
vt 0.517569 0.216544
vt 0.511660 0.221393
vt 0.133563 0.197815
vt 0.135650 0.181072
vt 0.135650 0.198258
vt 0.514444 0.214386
vt 0.516877 0.214072
vt 0.506679 0.219086
vt 0.511678 0.222956
vt 0.252624 0.155217
vt 0.252014 0.153899
vt 0.254640 0.154282
vt 0.251601 0.156714
vt 0.250606 0.154854
vt 0.254365 0.156117
vt 0.253429 0.157242
vt 0.933162 0.347088
vt 0.921716 0.337876
vt 0.943636 0.330190
vt 0.931804 0.348774
vt 0.920268 0.339845
vt 0.938919 0.345847
vt 0.939065 0.348865
vt 0.991988 0.359286
vt 0.993573 0.362847
vt 0.989938 0.360483
vt 0.987623 0.358042
vt 0.989662 0.356381
vt 0.744238 0.264664
vt 0.738906 0.285007
vt 0.745960 0.260920
vt 0.742175 0.261067
vt 0.744088 0.261504
vt 0.741782 0.263381
vt 0.211494 0.959235
vt 0.212639 0.943098
vt 0.213424 0.959986
vt 0.153948 0.943433
vt 0.468620 0.258266
vt 0.468960 0.260869
vt 0.468362 0.260157
vt 0.474287 0.256030
vt 0.469994 0.258649
vt 0.467440 0.259983
vt 0.866928 0.986597
vt 0.867793 0.986226
vt 0.865640 0.984892
vt 0.035944 0.009524
vt 0.035809 0.008149
vt 0.038383 0.009070
vt 0.033906 0.009359
vt 0.036107 0.009971
vt 0.034117 0.009810
vt 0.045074 0.849606
vt 0.036758 0.852380
vt 0.039585 0.842339
vt 0.046438 0.839671
vt 0.052359 0.845977
vt 0.048564 0.856486
vt 0.054336 0.854339
vt 0.197194 0.582142
vt 0.200301 0.589770
vt 0.199225 0.595808
vt 0.135513 0.946387
vt 0.785120 0.588860
vt 0.787226 0.589738
vt 0.786066 0.591039
vt 0.785988 0.587765
vt 0.783567 0.589321
vt 0.784589 0.587015
vt 0.783305 0.587737
vt 0.988452 0.634863
vt 0.001156 0.396096
vt 0.003478 0.240257
vt 0.003478 0.396516
vt 0.219329 0.413907
vt 0.361548 0.410759
vt 0.361592 0.412764
vt 0.244144 0.001739
vt 0.243956 0.000019
vt 0.399995 0.000019
vt 0.161799 0.009207
vt 0.161445 0.008737
vt 0.162577 0.008813
vt 0.163491 0.010056
vt 0.162129 0.010660
vt 0.160764 0.009204
vt 0.051188 0.100950
vt 0.052173 0.104096
vt 0.048343 0.100469
vt 0.048094 0.098317
vt 0.051064 0.099151
vt 0.983982 0.382925
vt 0.980178 0.384168
vt 0.979989 0.381944
vt 0.982003 0.380541
vt 0.984429 0.380123
vt 0.035223 0.919814
vt 0.044517 0.904870
vt 0.041594 0.921727
vt 0.899355 0.750242
vt 0.906338 0.748751
vt 0.903957 0.754528
vt 0.027684 0.918305
vt 0.038743 0.905917
vt 0.894216 0.755510
vt 0.979168 0.666717
vt 0.987330 0.667040
vt 0.989973 0.667349
vt 0.975573 0.671295
vt 0.978661 0.667588
vt 0.640098 0.252036
vt 0.640977 0.260862
vt 0.635988 0.252768
vt 0.634367 0.248386
vt 0.634583 0.244364
vt 0.648220 0.259502
vt 0.639423 0.244800
vt 0.646709 0.250023
vt 0.162606 0.482254
vt 0.161543 0.480812
vt 0.151774 0.133497
vt 0.151777 0.131961
vt 0.213442 0.138982
vt 0.212432 0.141137
vt 0.150314 0.133974
vt 0.161482 0.483307
vt 0.792925 0.157030
vt 0.795106 0.152408
vt 0.795827 0.153699
vt 0.792680 0.161191
vt 0.791004 0.161469
vt 0.794221 0.157415
vt 0.791022 0.156090
vt 0.605328 0.217993
vt 0.609193 0.217832
vt 0.606623 0.218897
vt 0.613539 0.186390
vt 0.602575 0.218500
vt 0.611498 0.185297
vt 0.095223 0.546944
vt 0.170432 0.477078
vt 0.097560 0.549692
vt 0.092544 0.550018
vt 0.041165 0.540225
vt 0.413907 0.706077
vt 0.325142 0.650603
vt 0.329937 0.599171
vt 0.095430 0.550588
vt 0.000227 0.461070
vt 0.691715 0.940193
vt 0.689732 0.941417
vt 0.695337 0.932373
vt 0.689178 0.938883
vt 0.353211 0.982856
vt 0.355481 0.982424
vt 0.354423 0.984040
vt 0.331715 0.966645
vt 0.334015 0.967556
vt 0.332484 0.979994
vt 0.329992 0.979944
vt 0.324156 0.966936
vt 0.333809 0.965122
vt 0.331658 0.965200
vt 0.981113 0.726684
vt 0.982595 0.727639
vt 0.981244 0.736662
vt 0.980721 0.736502
vt 0.979777 0.726573
vt 0.978408 0.702582
vt 0.980191 0.701614
vt 0.681703 0.796057
vt 0.683943 0.763866
vt 0.683414 0.796366
vt 0.680988 0.763970
vt 0.682344 0.798201
vt 0.680372 0.796710
vt 0.158915 0.415689
vt 0.147254 0.415283
vt 0.150486 0.413351
vt 0.352800 0.492294
vt 0.351924 0.486509
vt 0.354073 0.491998
vt 0.159592 0.417386
vt 0.159998 0.409372
vt 0.159668 0.416024
vt 0.206138 0.808527
vt 0.206734 0.812229
vt 0.200492 0.811343
vt 0.210179 0.805691
vt 0.209497 0.808512
vt 0.200180 0.809427
vt 0.205145 0.804779
vt 0.967653 0.063067
vt 0.957696 0.064347
vt 0.965827 0.057390
vt 0.969405 0.059215
vt 0.554205 0.507360
vt 0.600131 0.508778
vt 0.553394 0.508394
vt 0.561016 0.421318
vt 0.896027 0.354179
vt 0.849968 0.352259
vt 0.897379 0.268359
vt 0.895316 0.355275
vt 0.139266 0.012025
vt 0.135479 0.034139
vt 0.137035 0.010035
vt 0.137540 0.009056
vt 0.136279 0.033039
vt 0.141549 0.011418
vt 0.138811 0.009096
vt 0.140807 0.009762
vt 0.189479 0.981256
vt 0.189860 0.992765
vt 0.188218 0.991925
vt 0.186747 0.980762
vt 0.190840 0.981024
vt 0.191515 0.992841
vt 0.187567 0.958896
vt 0.188508 0.957687
vt 0.618929 0.968296
vt 0.618954 0.969850
vt 0.600505 0.970282
vt 0.599495 0.968586
vt 0.617907 0.966854
vt 0.974788 0.307103
vt 0.488667 0.983833
vt 0.490085 0.949746
vt 0.492040 0.950530
vt 0.490674 0.985383
vt 0.488606 0.986454
vt 0.458561 0.983251
vt 0.458509 0.949609
vt 0.491146 0.983782
vt 0.961705 0.423339
vt 0.978248 0.423912
vt 0.980461 0.424556
vt 0.980903 0.425667
vt 0.284988 0.836389
vt 0.285475 0.838441
vt 0.275520 0.840945
vt 0.286951 0.836976
vt 0.281877 0.810616
vt 0.285980 0.835324
vt 0.134573 0.830772
vt 0.137683 0.829561
vt 0.137627 0.832360
vt 0.134007 0.827474
vt 0.136330 0.824790
vt 0.135054 0.834106
vt 0.987813 0.084474
vt 0.985203 0.095651
vt 0.985574 0.083453
vt 0.987626 0.080518
vt 0.744338 0.866075
vt 0.703304 0.749967
vt 0.744338 0.735607
vt 0.848684 0.496004
vt 0.155647 0.788917
vt 0.154679 0.789677
vt 0.148034 0.791371
vt 0.156755 0.789530
vt 0.147785 0.755169
vt 0.156088 0.788674
vt 0.822512 0.732402
vt 0.824973 0.734162
vt 0.823197 0.735050
vt 0.822051 0.729100
vt 0.824626 0.731995
vt 0.821097 0.730263
vt 0.820013 0.734516
vt 0.810644 0.731025
vt 0.248037 0.166541
vt 0.250843 0.168067
vt 0.248333 0.170970
vt 0.246590 0.171025
vt 0.246043 0.165660
vt 0.560714 0.942540
vt 0.559003 0.953504
vt 0.554313 0.951841
vt 0.557217 0.933370
vt 0.556691 0.941996
vt 0.208500 0.707002
vt 0.213824 0.707752
vt 0.207845 0.710652
vt 0.205545 0.707885
vt 0.205943 0.705924
vt 0.209098 0.705815
vt 0.193281 0.992229
vt 0.192186 0.981780
vt 0.194780 0.993030
vt 0.427730 0.938032
vt 0.453603 0.935335
vt 0.432894 0.944506
vt 0.398698 0.939653
vt 0.399382 0.933940
vt 0.425202 0.933898
vt 0.447988 0.932515
vt 0.816540 0.486091
vt 0.813477 0.485747
vt 0.815481 0.448918
vt 0.971499 0.319668
vt 0.990989 0.319403
vt 0.971637 0.321422
vt 0.817318 0.448936
vt 0.818354 0.485870
vt 0.972335 0.318455
vt 0.989910 0.318174
vt 0.240734 0.956190
vt 0.248896 0.901152
vt 0.247068 0.956006
vt 0.262605 0.956458
vt 0.259044 0.956185
vt 0.260055 0.900247
vt 0.242911 0.900126
vt 0.262605 0.899752
vt 0.118414 0.031897
vt 0.124203 0.031692
vt 0.118839 0.033969
vt 0.007804 0.082984
vt 0.013290 0.082278
vt 0.013246 0.083477
vt 0.008364 0.077105
vt 0.735512 0.401261
vt 0.747167 0.395411
vt 0.754772 0.425579
vt 0.700204 0.419466
vt 0.740534 0.431513
vt 0.043077 0.466448
vt 0.043478 0.471584
vt 0.034718 0.470858
vt 0.034571 0.466246
vt 0.042647 0.460632
vt 0.066691 0.290356
vt 0.127387 0.288640
vt 0.085032 0.349925
vt 0.021175 0.294625
vt 0.067109 0.287253
vt 0.035859 0.357271
vt 0.357151 0.984295
vt 0.368200 0.976760
vt 0.368650 0.991194
vt 0.366966 0.976301
vt 0.355682 0.984119
vt 0.356056 0.983040
vt 0.356211 0.988120
vt 0.358586 0.981989
vt 0.474210 0.929503
vt 0.473833 0.920609
vt 0.480288 0.925516
vt 0.473632 0.936116
vt 0.468026 0.931478
vt 0.811522 0.158639
vt 0.812389 0.163506
vt 0.810235 0.162924
vt 0.811587 0.156075
vt 0.813902 0.158427
vt 0.809425 0.155998
vt 0.809510 0.159097
vt 0.200026 0.800585
vt 0.201228 0.795890
vt 0.206355 0.795968
vt 0.207580 0.798692
vt 0.206447 0.802251
vt 0.199025 0.804723
vt 0.691090 0.867001
vt 0.692987 0.868299
vt 0.204849 0.583732
vt 0.264169 0.557836
vt 0.318585 0.596242
vt 0.676623 0.870860
vt 0.687496 0.867190
vt 0.224056 0.588331
vt 0.690099 0.866495
vt 0.430226 0.974851
vt 0.433213 0.973301
vt 0.434533 0.976249
vt 0.428691 0.968561
vt 0.430714 0.976832
vt 0.143613 0.008934
vt 0.144026 0.011538
vt 0.143472 0.005193
vt 0.144287 0.008780
vt 0.741983 0.055581
vt 0.742323 0.057018
vt 0.740563 0.056749
vt 0.739473 0.055413
vt 0.740799 0.053090
vt 0.742988 0.054285
vt 0.744338 0.055695
vt 0.420634 0.204535
vt 0.400894 0.203163
vt 0.417773 0.203202
vt 0.480839 0.211292
vt 0.419423 0.205889
vt 0.480871 0.209919
vt 0.907934 0.957968
vt 0.911292 0.958233
vt 0.908113 0.960326
vt 0.904168 0.953368
vt 0.908416 0.955858
vt 0.314625 0.685810
vt 0.315701 0.684610
vt 0.318747 0.692228
vt 0.748036 0.300312
vt 0.748381 0.288230
vt 0.750359 0.287787
vt 0.747094 0.300172
vt 0.533251 0.815125
vt 0.534740 0.815030
vt 0.751294 0.288346
vt 0.967908 0.497385
vt 0.963706 0.496307
vt 0.978234 0.480963
vt 0.979629 0.482341
vt 0.947751 0.330868
vt 0.655643 0.130865
vt 0.651683 0.131616
vt 0.655157 0.127215
vt 0.702269 0.958449
vt 0.702095 0.954771
vt 0.712762 0.957550
vt 0.655573 0.133788
vt 0.712979 0.961134
vt 0.702008 0.961361
vt 0.176033 0.957840
vt 0.177323 0.958563
vt 0.176720 0.955557
vt 0.177677 0.956025
vt 0.176159 0.981423
vt 0.175085 0.957160
vt 0.919253 0.183950
vt 0.929011 0.204592
vt 0.918065 0.184345
vt 0.918474 0.179859
vt 0.920149 0.181203
vt 0.930695 0.204410
vt 0.979149 0.696196
vt 0.978058 0.696739
vt 0.973530 0.694157
vt 0.967872 0.261330
vt 0.974087 0.260853
vt 0.969812 0.262251
vt 0.981413 0.697071
vt 0.967229 0.264704
vt 0.965343 0.261705
vt 0.953250 0.612343
vt 0.970422 0.627817
vt 0.949191 0.612996
vt 0.969896 0.626631
vt 0.947831 0.594691
vt 0.947973 0.594082
vt 0.022592 0.433773
vt 0.024054 0.433593
vt 0.023217 0.434539
vt 0.022124 0.434959
vt 0.021170 0.433321
vt 0.020193 0.432423
vt 0.022444 0.432086
vt 0.256489 0.158497
vt 0.256066 0.157547
vt 0.257178 0.158018
vt 0.257388 0.158512
vt 0.255466 0.159512
vt 0.255309 0.158721
vt 0.255079 0.157414
vt 0.143780 0.995161
vt 0.146360 0.992721
vt 0.148908 0.996522
vt 0.144046 0.997302
vt 0.141149 0.991580
vt 0.139321 0.994493
vt 0.129961 0.996242
vt 0.131373 0.994395
vt 0.134763 0.995043
vt 0.135818 0.997900
vt 0.127740 0.994921
vt 0.017878 0.836423
vt 0.016394 0.845009
vt 0.011641 0.840094
vt 0.511357 0.736213
vt 0.485206 0.731328
vt 0.513307 0.729294
vt 0.509339 0.741033
vt 0.480683 0.734085
vt 0.021562 0.841804
vt 0.028846 0.837130
vt 0.027077 0.831236
vt 0.968577 0.332216
vt 0.584638 0.984295
vt 0.585131 0.981127
vt 0.585880 0.984146
vt 0.585454 0.987813
vt 0.583108 0.983775
vt 0.582772 0.981833
vt 0.616276 0.880151
vt 0.591337 0.880828
vt 0.589832 0.869196
vt 0.622119 0.883964
vt 0.617537 0.872628
vt 0.613113 0.885295
vt 0.152306 0.027222
vt 0.160741 0.028690
vt 0.152096 0.029238
vt 0.152065 0.024074
vt 0.160676 0.025644
vt 0.739505 0.348602
vt 0.740619 0.348745
vt 0.739180 0.352653
vt 0.739566 0.345300
vt 0.737700 0.353008
vt 0.738652 0.347934
vt 0.754455 0.879864
vt 0.753150 0.882146
vt 0.749467 0.880220
vt 0.750000 0.863228
vt 0.768685 0.869842
vt 0.754905 0.880766
vt 0.238258 0.175820
vt 0.238258 0.193041
vt 0.233019 0.192416
vt 0.711922 0.944668
vt 0.702219 0.942665
vt 0.712190 0.942384
vt 0.702186 0.945621
vt 0.711676 0.947409
vt 0.785548 0.610856
vt 0.786663 0.613088
vt 0.784245 0.613756
vt 0.783434 0.611717
vt 0.784151 0.609768
vt 0.786739 0.606097
vt 0.787810 0.608330
vt 0.995308 0.633659
vt 0.991764 0.637112
vt 0.990974 0.634284
vt 0.996508 0.649645
vt 0.994196 0.632161
vt 0.689161 0.798234
vt 0.689705 0.796386
vt 0.691157 0.798186
vt 0.688285 0.801728
vt 0.687614 0.798405
vt 0.687622 0.795281
vt 0.165138 0.782872
vt 0.170957 0.752789
vt 0.184725 0.787865
vt 0.845206 0.662538
vt 0.832408 0.701958
vt 0.813901 0.705626
vt 0.164570 0.784326
vt 0.343152 0.976674
vt 0.343419 0.971965
vt 0.345717 0.975052
vt 0.359630 0.890482
vt 0.356155 0.887872
vt 0.358831 0.886522
vt 0.758654 0.953108
vt 0.758583 0.948755
vt 0.766778 0.952009
vt 0.766647 0.955143
vt 0.758475 0.957378
vt 0.356649 0.891276
vt 0.359791 0.894442
vt 0.758608 0.032217
vt 0.759916 0.030753
vt 0.763303 0.037563
vt 0.080965 0.041739
vt 0.082312 0.032830
vt 0.083835 0.034481
vt 0.758599 0.042176
vt 0.756389 0.032890
vt 0.756646 0.030476
vt 0.546155 0.798382
vt 0.549089 0.815541
vt 0.545563 0.813667
vt 0.548033 0.773774
vt 0.548734 0.798628
vt 0.543625 0.798544
vt 0.545812 0.774800
vt 0.767899 0.727039
vt 0.740749 0.722522
vt 0.741786 0.720062
vt 0.768259 0.730299
vt 0.789554 0.642785
vt 0.750497 0.960267
vt 0.750638 0.971202
vt 0.742562 0.961974
vt 0.741279 0.951403
vt 0.497086 0.955810
vt 0.500874 0.952305
vt 0.502012 0.961913
vt 0.747561 0.950188
vt 0.756255 0.958764
vt 0.756511 0.969108
vt 0.284837 0.368515
vt 0.285796 0.369765
vt 0.284416 0.370910
vt 0.283771 0.368581
vt 0.283169 0.366346
vt 0.285018 0.366609
vt 0.250320 0.895968
vt 0.251071 0.901414
vt 0.249204 0.895514
vt 0.066086 0.013892
vt 0.063074 0.013913
vt 0.062894 0.008401
vt 0.208306 0.793337
vt 0.953838 0.053519
vt 0.955704 0.060863
vt 0.969088 0.051216
vt 0.957514 0.045086
vt 0.161054 0.477946
vt 0.098044 0.487228
vt 0.160792 0.477251
vt 0.161151 0.479150
vt 0.097869 0.488551
vt 0.152331 0.129448
vt 0.214459 0.136524
vt 0.151778 0.130502
vt 0.151964 0.128867
vt 0.161532 0.034051
vt 0.151711 0.031700
vt 0.160649 0.031165
vt 0.163414 0.031862
vt 0.163223 0.034782
vt 0.151383 0.034298
vt 0.026522 0.552824
vt 0.156319 0.791257
vt 0.157204 0.789440
vt 0.153297 0.791661
vt 0.155600 0.792221
vt 0.158259 0.790666
vt 0.306665 0.809222
vt 0.304284 0.810454
vt 0.304267 0.808542
vt 0.307987 0.807416
vt 0.308860 0.809724
vt 0.304283 0.806732
vt 0.307779 0.810332
vt 0.674823 0.787892
vt 0.673214 0.786822
vt 0.675802 0.786782
vt 0.213869 0.940297
vt 0.163472 0.923493
vt 0.213990 0.937158
vt 0.161997 0.928236
vt 0.675394 0.789555
vt 0.144014 0.970009
vt 0.141025 0.971654
vt 0.140026 0.969006
vt 0.144743 0.967305
vt 0.148514 0.972494
vt 0.142743 0.971925
vt 0.149369 0.970396
vt 0.895602 0.357332
vt 0.099126 0.536888
vt 0.098507 0.490249
vt 0.396791 0.220293
vt 0.398255 0.220392
vt 0.396791 0.271301
vt 0.849956 0.358115
vt 0.020789 0.865362
vt 0.025729 0.873035
vt 0.021074 0.876969
vt 0.016022 0.870246
vt 0.012010 0.862001
vt 0.015802 0.857645
vt 0.025418 0.861576
vt 0.453189 0.922679
vt 0.447628 0.914020
vt 0.454067 0.913154
vt 0.457647 0.923413
vt 0.453568 0.929448
vt 0.448543 0.923391
vt 0.662831 0.267421
vt 0.660611 0.258605
vt 0.669000 0.265935
vt 0.662875 0.282005
vt 0.655419 0.269667
vt 0.653570 0.258895
vt 0.668657 0.284948
vt 0.347256 0.069783
vt 0.337032 0.071303
vt 0.336643 0.067994
vt 0.344896 0.067302
vt 0.347248 0.066323
vt 0.931895 0.800442
vt 0.922096 0.802821
vt 0.930702 0.793767
vt 0.941892 0.801648
vt 0.938128 0.819454
vt 0.938855 0.793186
vt 0.361734 0.058868
vt 0.354344 0.061943
vt 0.352363 0.059136
vt 0.361562 0.062757
vt 0.040836 0.936918
vt 0.055651 0.946519
vt 0.039864 0.938266
vt 0.040352 0.935435
vt 0.041514 0.936253
vt 0.039300 0.936317
vt 0.984947 0.254123
vt 0.984635 0.256771
vt 0.983882 0.253941
vt 0.987728 0.231077
vt 0.986221 0.254833
vt 0.986332 0.231250
vt 0.933210 0.203941
vt 0.976539 0.193633
vt 0.976913 0.194998
vt 0.935253 0.205212
vt 0.932027 0.205545
vt 0.960125 0.161869
vt 0.967701 0.695800
vt 0.290980 0.989702
vt 0.285306 0.979427
vt 0.286897 0.980446
vt 0.274604 0.996508
vt 0.291643 0.988761
vt 0.301348 0.982593
vt 0.308329 0.996508
vt 0.260733 0.988498
vt 0.242759 0.979386
vt 0.258097 0.977937
vt 0.168374 0.006216
vt 0.170432 0.007485
vt 0.167227 0.005467
vt 0.167828 0.004746
vt 0.169278 0.005174
vt 0.506977 0.593062
vt 0.500211 0.593782
vt 0.507320 0.586827
vt 0.988941 0.377959
vt 0.992092 0.376404
vt 0.994101 0.376952
vt 0.992818 0.380710
vt 0.965608 0.948518
vt 0.971311 0.947480
vt 0.957732 0.970422
vt 0.955402 0.968316
vt 0.953710 0.968541
vt 0.965000 0.946218
vt 0.969680 0.944128
vt 0.436599 0.867978
vt 0.409234 0.856517
vt 0.441331 0.860798
vt 0.461670 0.879964
vt 0.459422 0.885358
vt 0.802361 0.164436
vt 0.800418 0.164566
vt 0.803284 0.167134
vt 0.803388 0.163911
vt 0.052818 0.838046
vt 0.050505 0.834364
vt 0.068802 0.839468
vt 0.056428 0.845161
vt 0.066115 0.831052
vt 0.605209 0.378318
vt 0.605170 0.383451
vt 0.592272 0.381957
vt 0.165619 0.973969
vt 0.162479 0.972813
vt 0.165719 0.970496
vt 0.166348 0.968672
vt 0.166251 0.974422
vt 0.162337 0.974910
vt 0.164171 0.977911
vt 0.358993 0.962261
vt 0.360937 0.964314
vt 0.361616 0.961714
vt 0.361958 0.963498
vt 0.351650 0.959543
vt 0.352067 0.960401
vt 0.883854 0.409198
vt 0.851562 0.408597
vt 0.883604 0.406543
vt 0.886262 0.408752
vt 0.887126 0.410407
vt 0.499146 0.226563
vt 0.500729 0.224835
vt 0.502296 0.226779
vt 0.475267 0.244042
vt 0.007012 0.032720
vt 0.010435 0.033888
vt 0.007012 0.041739
vt 0.041650 0.044751
vt 0.043478 0.036311
vt 0.043478 0.045217
vt 0.261419 0.265994
vt 0.256971 0.273240
vt 0.256156 0.268342
vt 0.256567 0.150649
vt 0.257286 0.150007
vt 0.256268 0.151415
vt 0.255303 0.150859
vt 0.256165 0.150013
vt 0.256648 0.150577
vt 0.254831 0.151783
vt 0.144038 0.893471
vt 0.124674 0.905733
vt 0.127598 0.859815
vt 0.125241 0.907814
vt 0.925334 0.629187
vt 0.922692 0.630967
vt 0.900482 0.622505
vt 0.927872 0.631151
vt 0.925369 0.632091
vt 0.146085 0.891131
vt 0.076304 0.015754
vt 0.076900 0.014940
vt 0.766946 0.011539
vt 0.762992 0.018443
vt 0.761527 0.015434
vt 0.079521 0.017440
vt 0.069099 0.022636
vt 0.069465 0.010620
vt 0.961557 0.159322
vt 0.961299 0.161351
vt 0.959665 0.160802
vt 0.954723 0.141298
vt 0.956317 0.141414
vt 0.901557 0.810809
vt 0.905956 0.839396
vt 0.899829 0.811099
vt 0.959315 0.158697
vt 0.977378 0.136760
vt 0.643560 0.269767
vt 0.638458 0.270539
vt 0.637043 0.260607
vt 0.569307 0.880153
vt 0.592171 0.886338
vt 0.571201 0.885451
vt 0.021323 0.084117
vt 0.008042 0.163476
vt 0.020054 0.083241
vt 0.027428 0.082912
vt 0.030263 0.083064
vt 0.025678 0.084078
vt 0.221863 0.690543
vt 0.219096 0.689868
vt 0.216331 0.657703
vt 0.219830 0.657546
vt 0.233040 0.688054
vt 0.220946 0.691376
vt 0.218406 0.691255
vt 0.844232 0.729822
vt 0.845206 0.796894
vt 0.823723 0.799874
vt 0.669398 0.723775
vt 0.664853 0.726947
vt 0.767395 0.617118
vt 0.760735 0.617153
vt 0.769975 0.616268
vt 0.769200 0.618257
vt 0.761344 0.619758
vt 0.767201 0.622566
vt 0.973271 0.649140
vt 0.967999 0.649935
vt 0.972644 0.637097
vt 0.974553 0.649141
vt 0.974755 0.664634
vt 0.973440 0.665119
vt 0.965370 0.297340
vt 0.965868 0.297124
vt 0.965343 0.307822
vt 0.982595 0.736720
vt 0.967525 0.071728
vt 0.960533 0.076679
vt 0.956275 0.075639
vt 0.961930 0.077309
vt 0.970340 0.073172
vt 0.959477 0.068718
vt 0.248184 0.258786
vt 0.246011 0.253747
vt 0.248808 0.254290
vt 0.251955 0.258665
vt 0.250570 0.260682
vt 0.433746 0.333820
vt 0.442065 0.301715
vt 0.649918 0.494766
vt 0.686079 0.475861
vt 0.716372 0.492688
vt 0.415575 0.277104
vt 0.426409 0.372216
vt 0.401781 0.318736
vt 0.982568 0.365223
vt 0.983377 0.360378
vt 0.984821 0.362208
vt 0.983831 0.364941
vt 0.981162 0.364500
vt 0.747306 0.015871
vt 0.748154 0.013730
vt 0.749681 0.017344
vt 0.746398 0.018715
vt 0.744890 0.299650
vt 0.746817 0.286965
vt 0.750134 0.262274
vt 0.900764 0.947127
vt 0.906538 0.945361
vt 0.901980 0.949114
vt 0.897874 0.949156
vt 0.900086 0.945007
vt 0.319773 0.671522
vt 0.324829 0.674198
vt 0.322769 0.676157
vt 0.904688 0.942252
vt 0.507739 0.965181
vt 0.526953 0.965996
vt 0.527679 0.971416
vt 0.506374 0.956591
vt 0.509313 0.958331
vt 0.505141 0.971076
vt 0.791805 0.937363
vt 0.542921 0.680226
vt 0.535738 0.680337
vt 0.533179 0.675699
vt 0.543375 0.675907
vt 0.779571 0.980172
vt 0.775068 0.984334
vt 0.778765 0.978996
vt 0.900553 0.716512
vt 0.901075 0.668151
vt 0.672716 0.706677
vt 0.671122 0.701943
vt 0.672800 0.702913
vt 0.671792 0.709949
vt 0.670234 0.705256
vt 0.896704 0.946552
vt 0.898457 0.942707
vt 0.894810 0.950751
vt 0.893773 0.948595
vt 0.726281 0.116432
vt 0.726081 0.120527
vt 0.676038 0.115492
vt 0.726634 0.112591
vt 0.119719 0.722069
vt 0.127090 0.728897
vt 0.090677 0.711224
vt 0.121152 0.719044
vt 0.129447 0.726318
vt 0.095094 0.552806
vt 0.120970 0.600327
vt 0.093067 0.560755
vt 0.091930 0.553121
vt 0.091997 0.552112
vt 0.939526 0.561869
vt 0.937054 0.560310
vt 0.982854 0.561009
vt 0.983027 0.565090
vt 0.940128 0.563554
vt 0.937815 0.562574
vt 0.137339 0.982663
vt 0.140888 0.987447
vt 0.134600 0.983390
vt 0.143065 0.984054
vt 0.087099 0.017152
vt 0.082383 0.030418
vt 0.079767 0.027498
vt 0.486636 0.766489
vt 0.485255 0.774739
vt 0.472383 0.775642
vt 0.503608 0.764407
vt 0.504284 0.768685
vt 0.472218 0.769484
vt 0.484873 0.761587
vt 0.986638 0.910360
vt 0.985260 0.899482
vt 0.987407 0.898629
vt 0.989421 0.910725
vt 0.984809 0.910231
vt 0.590556 0.984082
vt 0.592862 0.982200
vt 0.591352 0.984673
vt 0.589196 0.983178
vt 0.590518 0.980960
vt 0.619054 0.986762
vt 0.600597 0.985857
vt 0.618046 0.988302
vt 0.600577 0.987388
vt 0.459584 0.946085
vt 0.457966 0.942661
vt 0.491356 0.943274
vt 0.490228 0.947415
vt 0.457625 0.946370
vt 0.151610 0.625199
vt 0.660704 0.624339
vt 0.657132 0.556059
vt 0.685208 0.577083
vt 0.191594 0.627889
vt 0.618898 0.241502
vt 0.603780 0.327981
vt 0.842997 0.727698
vt 0.197042 0.704769
vt 0.201310 0.704021
vt 0.200562 0.705986
vt 0.199115 0.702480
vt 0.197419 0.714911
vt 0.194486 0.713940
vt 0.312872 0.699881
vt 0.315227 0.743397
vt 0.311717 0.744338
vt 0.309762 0.743841
vt 0.309800 0.699638
vt 0.125397 0.205894
vt 0.128288 0.205855
vt 0.128718 0.208228
vt 0.124708 0.204040
vt 0.316517 0.743367
vt 0.315847 0.699899
vt 0.357029 0.373242
vt 0.298521 0.384775
vt 0.298423 0.384597
vt 0.414191 0.369801
vt 0.355617 0.380878
vt 0.298797 0.385705
vt 0.298106 0.385307
vt 0.415647 0.364150
vt 0.715679 0.232913
vt 0.730716 0.230521
vt 0.734283 0.236866
vt 0.713144 0.231344
vt 0.716155 0.238720
vt 0.908723 0.933481
vt 0.911348 0.933337
vt 0.911803 0.934383
vt 0.908775 0.930573
vt 0.908171 0.935715
vt 0.624093 0.205215
vt 0.667131 0.114579
vt 0.669088 0.188708
vt 0.795505 0.144081
vt 0.809048 0.075660
vt 0.815151 0.073251
vt 0.789677 0.143835
vt 0.740860 0.647335
vt 0.740860 0.686360
vt 0.737312 0.647515
vt 0.736973 0.645721
vt 0.739647 0.645077
vt 0.859119 0.127601
vt 0.527179 0.064082
vt 0.483850 0.066250
vt 0.482560 0.062975
vt 0.529894 0.002080
vt 0.527984 0.067116
vt 0.573470 0.064875
vt 0.732355 0.372312
vt 0.736340 0.372046
vt 0.735232 0.374093
vt 0.735771 0.370364
vt 0.730858 0.371738
vt 0.216698 0.901655
vt 0.664420 0.771529
vt 0.674784 0.785304
vt 0.660534 0.772244
vt 0.282505 0.182929
vt 0.343085 0.182274
vt 0.419309 0.074858
vt 0.480674 0.067427
vt 0.480671 0.068513
vt 0.481414 0.066172
vt 0.418156 0.073968
vt 0.162960 0.029509
vt 0.163476 0.027080
vt 0.922644 0.763323
vt 0.921913 0.774121
vt 0.916394 0.763522
vt 0.916475 0.753929
vt 0.923119 0.753526
vt 0.931251 0.753731
vt 0.931268 0.762426
vt 0.759255 0.147203
vt 0.759284 0.142792
vt 0.761579 0.142246
vt 0.761790 0.148730
vt 0.759057 0.154795
vt 0.702271 0.929098
vt 0.712084 0.926986
vt 0.712968 0.929195
vt 0.701699 0.925418
vt 0.655145 0.101548
vt 0.655179 0.103686
vt 0.652253 0.103009
vt 0.702057 0.931225
vt 0.651651 0.100257
vt 0.778810 0.609643
vt 0.768214 0.611077
vt 0.970935 0.633264
vt 0.973822 0.634391
vt 0.969563 0.635511
vt 0.975646 0.632434
vt 0.972886 0.630871
vt 0.679120 0.797337
vt 0.679217 0.763572
vt 0.681421 0.799745
vt 0.678319 0.797669
vt 0.681366 0.798942
vt 0.837363 0.311731
vt 0.841744 0.314469
vt 0.839091 0.354728
vt 0.086339 0.508941
vt 0.088753 0.509152
vt 0.083695 0.530713
vt 0.263199 0.089049
vt 0.263336 0.090243
vt 0.260801 0.088255
vt 0.084767 0.509224
vt 0.169803 0.012536
vt 0.693905 0.866538
vt 0.691560 0.865008
vt 0.635048 0.661909
vt 0.644042 0.665646
vt 0.653259 0.704272
vt 0.670110 0.644055
vt 0.890423 0.797299
vt 0.887190 0.812952
vt 0.886570 0.813101
vt 0.149563 0.049248
vt 0.147586 0.050048
vt 0.149488 0.035898
vt 0.889447 0.796793
vt 0.544340 0.660391
vt 0.535449 0.658118
vt 0.543921 0.655881
vt 0.537282 0.662754
vt 0.544066 0.664263
vt 0.400546 0.914332
vt 0.423038 0.917682
vt 0.400030 0.920810
vt 0.624494 0.256897
vt 0.629567 0.253034
vt 0.630506 0.262944
vt 0.422503 0.911597
vt 0.626557 0.263868
vt 0.625591 0.251725
vt 0.398698 0.907557
vt 0.585745 0.925687
vt 0.596185 0.917600
vt 0.612499 0.923534
vt 0.903841 0.950987
vt 0.737416 0.358550
vt 0.737061 0.357297
vt 0.738968 0.358348
vt 0.737406 0.364465
vt 0.736081 0.363585
vt 0.741065 0.353710
vt 0.034507 0.475773
vt 0.043228 0.477193
vt 0.034384 0.479689
vt 0.032147 0.471338
vt 0.031270 0.475877
vt 0.974975 0.362538
vt 0.972600 0.364368
vt 0.973814 0.361332
vt 0.975838 0.358759
vt 0.976980 0.360419
vt 0.974840 0.365580
vt 0.977173 0.365228
vt 0.350287 0.974006
vt 0.352280 0.974335
vt 0.349463 0.972937
vt 0.351650 0.972297
vt 0.318772 0.964842
vt 0.320305 0.979247
vt 0.318676 0.978817
vt 0.320844 0.963925
vt 0.320441 0.966865
vt 0.321000 0.951596
vt 0.977961 0.727518
vt 0.975364 0.726132
vt 0.974714 0.702298
vt 0.975989 0.735707
vt 0.975427 0.733795
vt 0.977099 0.703641
vt 0.980220 0.737381
vt 0.767439 0.394690
vt 0.763597 0.352093
vt 0.802709 0.395324
vt 0.206446 0.981225
vt 0.212328 0.982221
vt 0.206668 0.986417
vt 0.205264 0.961795
vt 0.200562 0.985030
vt 0.164284 0.902195
vt 0.248217 0.231052
vt 0.257141 0.234605
vt 0.434863 0.960138
vt 0.430224 0.959393
vt 0.432727 0.956748
vt 0.437146 0.961146
vt 0.435476 0.962831
vt 0.438123 0.957973
vt 0.432591 0.961949
vt 0.872571 0.814763
vt 0.874530 0.798642
vt 0.874188 0.814081
vt 0.876839 0.839429
vt 0.875116 0.840104
vt 0.953710 0.929648
vt 0.968308 0.942801
vt 0.865068 0.949552
vt 0.863951 0.932285
vt 0.882404 0.931566
vt 0.012730 0.153965
vt 0.015652 0.153469
vt 0.015652 0.173911
vt 0.241248 0.194384
vt 0.244107 0.194604
vt 0.240875 0.194813
vt 0.344499 0.420350
vt 0.346307 0.421692
vt 0.346275 0.422148
vt 0.237695 0.194554
vt 0.343693 0.421572
vt 0.242048 0.193914
vt 0.344935 0.497413
vt 0.335115 0.572364
vt 0.343281 0.498286
vt 0.346026 0.496264
vt 0.337776 0.571630
vt 0.346774 0.448419
vt 0.350220 0.450774
vt 0.766549 0.948579
vt 0.758547 0.945558
vt 0.766872 0.945536
vt 0.141755 0.825671
vt 0.143320 0.830171
vt 0.140999 0.823783
vt 0.973410 0.084298
vt 0.762237 0.052275
vt 0.805877 0.075092
vt 0.759994 0.054530
vt 0.806410 0.072641
vt 0.764539 0.049204
vt 0.507093 0.537062
vt 0.507083 0.540803
vt 0.498780 0.539728
vt 0.498814 0.536665
vt 0.699986 0.261232
vt 0.698484 0.243035
vt 0.700092 0.243162
vt 0.701594 0.260415
vt 0.699917 0.274760
vt 0.697540 0.261268
vt 0.698789 0.272878
vt 0.702333 0.243922
vt 0.552325 0.958295
vt 0.556286 0.962747
vt 0.550921 0.969188
vt 0.547091 0.964157
vt 0.544545 0.957507
vt 0.546992 0.955231
vt 0.207660 0.704078
vt 0.218041 0.704780
vt 0.218340 0.707650
vt 0.203470 0.704787
vt 0.207468 0.702405
vt 0.025765 0.883448
vt 0.030954 0.868862
vt 0.029705 0.880394
vt 0.736499 0.078096
vt 0.737535 0.078031
vt 0.734596 0.077411
vt 0.628327 0.136974
vt 0.629674 0.125909
vt 0.629495 0.136898
vt 0.628327 0.126097
vt 0.678319 0.752714
vt 0.679514 0.752827
vt 0.743479 0.973672
vt 0.747525 0.978785
vt 0.498966 0.982023
vt 0.503120 0.977116
vt 0.504536 0.983860
vt 0.040157 0.010776
vt 0.040993 0.012360
vt 0.039810 0.012492
vt 0.238022 0.195293
vt 0.238402 0.194777
vt 0.241924 0.195956
vt 0.038765 0.010929
vt 0.232839 0.194983
vt 0.948318 0.783028
vt 0.950195 0.772954
vt 0.963465 0.784243
vt 0.960979 0.788995
vt 0.943645 0.782998
vt 0.943954 0.773472
vt 0.948346 0.789937
vt 0.592516 0.387802
vt 0.589528 0.393873
vt 0.589329 0.387788
vt 0.605069 0.389797
vt 0.592404 0.394655
vt 0.135424 0.842565
vt 0.135250 0.839714
vt 0.137897 0.840337
vt 0.137893 0.843136
vt 0.137392 0.844565
vt 0.135032 0.846303
vt 0.358040 0.981214
vt 0.365788 0.975817
vt 0.358494 0.978389
vt 0.355685 0.981439
vt 0.334682 0.949798
vt 0.336490 0.950128
vt 0.336607 0.952098
vt 0.332031 0.950602
vt 0.333089 0.948608
vt 0.335435 0.949124
vt 0.334539 0.951541
vt 0.942116 0.076540
vt 0.940952 0.081251
vt 0.939116 0.081853
vt 0.938516 0.078145
vt 0.935584 0.071343
vt 0.942789 0.078643
vt 0.980168 0.390288
vt 0.978880 0.399182
vt 0.978320 0.390238
vt 0.979884 0.388527
vt 0.982168 0.389998
vt 0.986074 0.408321
vt 0.982470 0.407726
vt 0.251493 0.682517
vt 0.319996 0.653983
vt 0.302617 0.720757
vt 0.237102 0.739695
vt 0.233964 0.739226
vt 0.197470 0.541004
vt 0.200246 0.524246
vt 0.268002 0.542166
vt 0.192880 0.540537
vt 0.245789 0.682069
vt 0.984311 0.373960
vt 0.987569 0.375171
vt 0.986168 0.377289
vt 0.985049 0.372498
vt 0.983110 0.374811
vt 0.434514 0.967084
vt 0.435870 0.973137
vt 0.436027 0.974713
vt 0.431929 0.967475
vt 0.146754 0.008466
vt 0.145256 0.008691
vt 0.149563 0.009126
vt 0.148125 0.010214
vt 0.146790 0.008222
vt 0.320869 0.678972
vt 0.317602 0.674599
vt 0.326950 0.680506
vt 0.325145 0.682098
vt 0.530068 0.923407
vt 0.528702 0.927931
vt 0.508073 0.924435
vt 0.529527 0.917680
vt 0.548675 0.925515
vt 0.791635 0.928766
vt 0.265967 0.312829
vt 0.265747 0.316879
vt 0.258980 0.311074
vt 0.260023 0.307974
vt 0.265788 0.308713
vt 0.271280 0.312756
vt 0.271087 0.316022
vt 0.035482 0.834643
vt 0.038839 0.826809
vt 0.042006 0.833413
vt 0.033275 0.843716
vt 0.954216 0.312851
vt 0.940419 0.304519
vt 0.149421 0.999986
vt 0.156559 0.998149
vt 0.142988 0.999986
vt 0.331846 0.679253
vt 0.234296 0.908364
vt 0.238258 0.907108
vt 0.238258 0.954770
vt 0.773264 0.010392
vt 0.818260 0.038935
vt 0.766636 0.046247
vt 0.819329 0.034850
vt 0.959323 0.079694
vt 0.964950 0.121718
vt 0.962367 0.123098
vt 0.955946 0.078587
vt 0.959263 0.079074
vt 0.618302 0.379395
vt 0.620861 0.377203
vt 0.617086 0.398586
vt 0.004299 0.177268
vt 0.001869 0.179822
vt 0.000594 0.178737
vt 0.615792 0.399113
vt 0.616291 0.379612
vt 0.005761 0.178042
vt 0.966089 0.027241
vt 0.973925 0.035727
vt 0.966821 0.034014
vt 0.973008 0.030703
vt 0.974742 0.025556
vt 0.955572 0.030451
vt 0.954698 0.024822
vt 0.964689 0.020934
vt 0.850240 0.716532
vt 0.896193 0.716736
vt 0.850475 0.717023
vt 0.895912 0.715196
vt 0.526012 0.142209
vt 0.572304 0.141549
vt 0.525747 0.141735
vt 0.537745 0.815011
vt 0.536186 0.815045
vt 0.538138 0.800530
vt 0.538967 0.800093
vt 0.538350 0.815451
vt 0.692057 0.273496
vt 0.692958 0.264362
vt 0.693424 0.274057
vt 0.691335 0.274204
vt 0.587220 0.982051
vt 0.587806 0.947642
vt 0.589028 0.981253
vt 0.587022 0.983707
vt 0.585562 0.948361
vt 0.563258 0.897536
vt 0.565336 0.889493
vt 0.568342 0.893125
vt 0.566744 0.898751
vt 0.556660 0.903222
vt 0.559148 0.893586
vt 0.561845 0.905921
vt 0.853233 0.028034
vt 0.876524 0.000277
vt 0.900857 0.080958
vt 0.851566 0.029623
vt 0.453085 0.947763
vt 0.457443 0.948853
vt 0.456601 0.983320
vt 0.453389 0.985821
vt 0.455882 0.943284
vt 0.734174 0.326148
vt 0.736865 0.338432
vt 0.728884 0.312948
vt 0.206193 0.697954
vt 0.202020 0.691818
vt 0.215259 0.693862
vt 0.215794 0.695726
vt 0.739984 0.344848
vt 0.182893 0.701610
vt 0.731936 0.303448
vt 0.353796 0.073478
vt 0.361163 0.066847
vt 0.361734 0.075004
vt 0.351405 0.076521
vt 0.350327 0.073183
vt 0.352615 0.070657
vt 0.015026 0.976110
vt 0.013904 0.975293
vt 0.015732 0.974975
vt 0.030475 0.984334
vt 0.652537 0.754772
vt 0.613882 0.727921
vt 0.645346 0.749477
vt 0.012810 0.975221
vt 0.015939 0.979476
vt 0.975944 0.873749
vt 0.977512 0.873907
vt 0.992928 0.664188
vt 0.991603 0.649810
vt 0.991305 0.664984
vt 0.996425 0.665740
vt 0.991629 0.666989
vt 0.646372 0.126661
vt 0.646263 0.137194
vt 0.644637 0.124868
vt 0.697382 0.763304
vt 0.695378 0.763787
vt 0.695355 0.754187
vt 0.645423 0.092254
vt 0.694613 0.798229
vt 0.646948 0.137270
vt 0.646903 0.090977
vt 0.921265 0.513578
vt 0.916858 0.460063
vt 0.934297 0.496365
vt 0.919159 0.515049
vt 0.908668 0.459994
vt 0.932313 0.524133
vt 0.920492 0.528688
vt 0.255545 0.156316
vt 0.256347 0.156532
vt 0.030718 0.426675
vt 0.033696 0.427540
vt 0.031375 0.431306
vt 0.031053 0.422863
vt 0.034025 0.423142
vt 0.989373 0.364761
vt 0.989694 0.369983
vt 0.987238 0.366777
vt 0.991498 0.363581
vt 0.992011 0.369903
vt 0.986949 0.364969
vt 0.988786 0.361517
vt 0.955823 0.311971
vt 0.816921 0.973934
vt 0.816949 0.964712
vt 0.840963 0.964894
vt 0.844228 0.972917
vt 0.844846 0.981359
vt 0.784212 0.980579
vt 0.786290 0.971404
vt 0.815249 0.981594
vt 0.788964 0.964559
vt 0.807959 0.157197
vt 0.805474 0.158726
vt 0.804947 0.157553
vt 0.806063 0.154664
vt 0.807153 0.159368
vt 0.057491 0.852742
vt 0.061168 0.857326
vt 0.071725 0.853076
vt 0.029565 0.533539
vt 0.023865 0.528477
vt 0.028699 0.522786
vt 0.027764 0.543420
vt 0.169104 0.973749
vt 0.168869 0.969643
vt 0.172172 0.973805
vt 0.168232 0.978894
vt 0.789702 0.585766
vt 0.791585 0.590625
vt 0.787738 0.593912
vt 0.029505 0.582259
vt 0.024820 0.598253
vt 0.022754 0.580543
vt 0.027853 0.576622
vt 0.091961 0.797301
vt 0.125191 0.798076
vt 0.126626 0.799989
vt 0.948870 0.611791
vt 0.946714 0.591686
vt 0.927847 0.627817
vt 0.090179 0.765976
vt 0.126696 0.764772
vt 0.050993 0.798006
vt 0.934374 0.581211
vt 0.903229 0.603470
vt 0.935945 0.563942
vt 0.764351 0.856823
vt 0.788421 0.890693
vt 0.786491 0.906809
vt 0.936238 0.580572
vt 0.138266 0.838025
vt 0.138208 0.834722
vt 0.143849 0.835119
vt 0.144346 0.837731
vt 0.129064 0.988987
vt 0.126664 0.990014
vt 0.130655 0.987358
vt 0.131712 0.991233
vt 0.128625 0.991746
vt 0.127115 0.990777
vt 0.132331 0.984408
vt 0.129618 0.983893
vt 0.025191 0.847826
vt 0.011819 0.851844
vt 0.019885 0.852795
vt 0.964291 0.332565
vt 0.714679 0.936748
vt 0.724018 0.943938
vt 0.715580 0.946453
vt 0.624649 0.875996
vt 0.722722 0.932902
vt 0.625184 0.895724
vt 0.329599 0.691771
vt 0.339637 0.699051
vt 0.331364 0.694833
vt 0.324910 0.687567
vt 0.337201 0.695553
vt 0.328190 0.687782
vt 0.938586 0.772721
vt 0.938984 0.782720
vt 0.930707 0.773383
vt 0.938175 0.763217
vt 0.943836 0.764285
vt 0.498991 0.543163
vt 0.496422 0.550095
vt 0.496523 0.544845
vt 0.976068 0.378079
vt 0.975315 0.375038
vt 0.972850 0.376503
vt 0.974260 0.379701
vt 0.977950 0.378961
vt 0.976943 0.380841
vt 0.696630 0.242287
vt 0.699754 0.241283
vt 0.697906 0.241224
vt 0.988161 0.649081
vt 0.978363 0.648536
vt 0.988766 0.635536
vt 0.637748 0.092388
vt 0.640934 0.093599
vt 0.639022 0.123312
vt 0.635296 0.123250
vt 0.636250 0.093762
vt 0.636954 0.091319
vt 0.638756 0.090890
vt 0.637499 0.123347
vt 0.470709 0.896027
vt 0.474050 0.882283
vt 0.477099 0.892239
vt 0.472091 0.909256
vt 0.464146 0.900008
vt 0.463825 0.888591
vt 0.468142 0.885609
vt 0.518608 0.217580
vt 0.932613 0.888504
vt 0.929389 0.865613
vt 0.929489 0.860049
vt 0.934690 0.887825
vt 0.932349 0.891667
vt 0.929241 0.890159
vt 0.246585 0.233782
vt 0.247920 0.236552
vt 0.245203 0.237617
vt 0.246385 0.229350
vt 0.751365 0.028892
vt 0.749662 0.030003
vt 0.748524 0.027776
vt 0.751201 0.027024
vt 0.753292 0.027338
vt 0.752588 0.029791
vt 0.545720 0.771128
vt 0.546709 0.771046
vt 0.542022 0.774140
vt 0.543506 0.771103
vt 0.656738 0.770447
vt 0.657825 0.769019
vt 0.661411 0.769675
vt 0.214904 0.894260
vt 0.164643 0.893078
vt 0.164448 0.891117
vt 0.217730 0.891615
vt 0.470070 0.261600
vt 0.464496 0.299705
vt 0.463086 0.300013
vt 0.085136 0.533906
vt 0.083580 0.532658
vt 0.085679 0.530401
vt 0.086974 0.530995
vt 0.086990 0.533152
vt 0.260050 0.107749
vt 0.258997 0.092023
vt 0.260908 0.090558
vt 0.264344 0.107825
vt 0.258305 0.107825
vt 0.086546 0.533733
vt 0.206371 0.465392
vt 0.179718 0.467718
vt 0.162158 0.435026
vt 0.180109 0.539706
vt 0.168168 0.434278
vt 0.207361 0.465550
vt 0.975639 0.042602
vt 0.085557 0.412740
vt 0.043817 0.424814
vt 0.043028 0.421846
vt 0.083050 0.409803
vt 0.140633 0.403362
vt 0.141513 0.405971
vt 0.094830 0.451271
vt 0.067928 0.026746
vt 0.050321 0.042747
vt 0.058205 0.029135
vt 0.066566 0.045038
vt 0.069564 0.044396
vt 0.530428 0.678491
vt 0.528410 0.678755
vt 0.530319 0.663294
vt 0.639328 0.932161
vt 0.637776 0.930233
vt 0.663754 0.918335
vt 0.664882 0.920007
vt 0.542601 0.882809
vt 0.505872 0.883083
vt 0.516680 0.808209
vt 0.142951 0.756039
vt 0.665688 0.916989
vt 0.664809 0.914764
vt 0.667817 0.914610
vt 0.667186 0.918637
vt 0.662816 0.915526
vt 0.788867 0.910020
vt 0.790829 0.908664
vt 0.790052 0.910296
vt 0.903229 0.521481
vt 0.936588 0.559816
vt 0.764351 0.918335
vt 0.790121 0.907887
vt 0.789390 0.911681
vt 0.769534 0.949552
vt 0.144171 0.964829
vt 0.148326 0.964249
vt 0.147078 0.966880
vt 0.140705 0.965091
vt 0.144433 0.960670
vt 0.146521 0.962192
vt 0.215890 0.719296
vt 0.220320 0.726298
vt 0.213196 0.722698
vt 0.217986 0.709762
vt 0.226084 0.713289
vt 0.206822 0.717140
vt 0.450429 0.963557
vt 0.446163 0.974627
vt 0.441242 0.966603
vt 0.442669 0.961044
vt 0.880610 0.797269
vt 0.882035 0.798843
vt 0.882487 0.813606
vt 0.881463 0.812238
vt 0.876824 0.799604
vt 0.871226 0.985989
vt 0.872924 0.984852
vt 0.870554 0.985730
vt 0.872359 0.982553
vt 0.792022 0.166101
vt 0.796110 0.165963
vt 0.792325 0.169795
vt 0.797602 0.167111
vt 0.735935 0.374930
vt 0.736879 0.372834
vt 0.750643 0.396422
vt 0.589184 0.399222
vt 0.093174 0.010162
vt 0.094915 0.008810
vt 0.097345 0.011205
vt 0.093892 0.012202
vt 0.091262 0.011878
vt 0.092468 0.007339
vt 0.602598 0.764024
vt 0.601847 0.761552
vt 0.603725 0.762081
vt 0.604713 0.764175
vt 0.601461 0.764422
vt 0.601213 0.763453
vt 0.603965 0.765855
vt 0.365132 0.412263
vt 0.366951 0.413632
vt 0.365347 0.413907
vt 0.018911 0.432683
vt 0.020216 0.428680
vt 0.019487 0.434193
vt 0.018310 0.434595
vt 0.210432 0.815095
vt 0.207374 0.818854
vt 0.207191 0.815010
vt 0.207971 0.821330
vt 0.209549 0.813166
vt 0.754515 0.188800
vt 0.756617 0.188150
vt 0.757828 0.190409
vt 0.735653 0.191076
vt 0.753841 0.186481
vt 0.772983 0.272912
vt 0.785127 0.223101
vt 0.786972 0.223611
vt 0.780252 0.276518
vt 0.769333 0.268926
vt 0.146006 0.034051
vt 0.144711 0.010250
vt 0.144386 0.048328
vt 0.144221 0.033866
vt 0.146707 0.009667
vt 0.146500 0.034293
vt 0.147030 0.050434
vt 0.145741 0.048875
vt 0.976608 0.666420
vt 0.979162 0.665176
vt 0.485211 0.300865
vt 0.483322 0.300720
vt 0.482460 0.260062
vt 0.483693 0.259145
vt 0.599661 0.977117
vt 0.599632 0.975524
vt 0.619079 0.976350
vt 0.619099 0.977905
vt 0.599680 0.978625
vt 0.885205 0.949605
vt 0.879998 0.985984
vt 0.884139 0.949684
vt 0.338293 0.079588
vt 0.408464 0.092959
vt 0.341150 0.082536
vt 0.345535 0.079513
vt 0.289868 0.061302
vt 0.294184 0.053957
vt 0.281574 0.056320
vt 0.277388 0.313039
vt 0.253229 0.195627
vt 0.254579 0.194574
vt 0.217538 0.131660
vt 0.219127 0.132058
vt 0.217538 0.288692
vt 0.005534 0.403420
vt 0.005534 0.247334
vt 0.006996 0.403473
vt 0.783054 0.945702
vt 0.782371 0.950340
vt 0.781451 0.946259
vt 0.784315 0.949722
vt 0.774880 0.944108
vt 0.163909 0.985032
vt 0.163667 0.989926
vt 0.160006 0.988064
vt 0.163441 0.983493
vt 0.165110 0.979986
vt 0.798231 0.149010
vt 0.794889 0.147913
vt 0.797780 0.146429
vt 0.801324 0.149089
vt 0.798905 0.150840
vt 0.801463 0.146249
vt 0.795933 0.150275
vt 0.574629 0.105028
vt 0.528360 0.103941
vt 0.573755 0.068639
vt 0.573205 0.138897
vt 0.525898 0.138575
vt 0.624982 0.104569
vt 0.625094 0.067605
vt 0.947584 0.583005
vt 0.947680 0.584633
vt 0.947821 0.582462
vt 0.977782 0.770752
vt 0.968449 0.770814
vt 0.676512 0.760359
vt 0.676512 0.784985
vt 0.665391 0.770657
vt 0.675061 0.759035
vt 0.234779 0.973900
vt 0.214717 0.960856
vt 0.215944 0.946354
vt 0.650340 0.980743
vt 0.644338 0.985894
vt 0.649314 0.942258
vt 0.651331 0.945103
vt 0.652681 0.977792
vt 0.654348 0.984049
vt 0.645069 0.988712
vt 0.689321 0.987355
vt 0.692408 0.994769
vt 0.687861 0.989844
vt 0.831730 0.912105
vt 0.834347 0.910419
vt 0.834771 0.913412
vt 0.982595 0.469095
vt 0.981484 0.465998
vt 0.979969 0.468648
vt 0.978725 0.650810
vt 0.976826 0.664088
vt 0.977034 0.650743
vt 0.986737 0.651358
vt 0.633687 0.136776
vt 0.633899 0.123831
vt 0.634762 0.136787
vt 0.632226 0.124677
vt 0.631478 0.136826
vt 0.478513 0.218453
vt 0.416553 0.209199
vt 0.479769 0.217333
vt 0.215673 0.135360
vt 0.411600 0.244036
vt 0.416423 0.209667
vt 0.220930 0.100977
vt 0.472499 0.252712
vt 0.320246 0.696572
vt 0.318682 0.696066
vt 0.324154 0.693553
vt 0.335264 0.705164
vt 0.316793 0.683190
vt 0.317551 0.683950
vt 0.318824 0.684809
vt 0.320136 0.689412
vt 0.909787 0.962154
vt 0.943713 0.791608
vt 0.930898 0.784833
vt 0.031869 0.466295
vt 0.034393 0.460623
vt 0.032166 0.460661
vt 0.652722 0.127536
vt 0.651651 0.134348
vt 0.178313 0.958015
vt 0.178481 0.956392
vt 0.338739 0.947781
vt 0.340576 0.951157
vt 0.977047 0.696766
vt 0.950088 0.930551
vt 0.931545 0.914027
vt 0.934268 0.961615
vt 0.081687 0.922791
vt 0.125216 0.931377
vt 0.082478 0.943382
vt 0.947493 0.968135
vt 0.091573 0.895389
vt 0.049680 0.937446
vt 0.813354 0.708255
vt 0.815546 0.707499
vt 0.823713 0.729094
vt 0.809121 0.707755
vt 0.811618 0.705331
vt 0.163245 0.007558
vt 0.164544 0.006573
vt 0.164976 0.008531
vt 0.162484 0.007127
vt 0.162855 0.006488
vt 0.163473 0.008575
vt 0.309595 0.838110
vt 0.314307 0.843851
vt 0.307558 0.839214
vt 0.307943 0.836317
vt 0.309047 0.835337
vt 0.316517 0.839863
vt 0.437207 0.967520
vt 0.439804 0.972486
vt 0.437785 0.972880
vt 0.436219 0.964876
vt 0.437826 0.966496
vt 0.885001 0.840000
vt 0.885657 0.839911
vt 0.884897 0.842608
vt 0.882900 0.839892
vt 0.885167 0.836970
vt 0.342875 0.679011
vt 0.343993 0.676854
vt 0.345158 0.676633
vt 0.341385 0.678629
vt 0.344219 0.680867
vt 0.618846 0.965766
vt 0.599463 0.967472
vt 0.599389 0.965531
vt 0.618793 0.964621
vt 0.816730 0.446971
vt 0.814434 0.448718
vt 0.815296 0.446838
vt 0.817745 0.443148
vt 0.817886 0.446756
vt 0.368665 0.422050
vt 0.148356 0.348043
vt 0.148359 0.351845
vt 0.147495 0.352895
vt 0.159634 0.347471
vt 0.147260 0.347780
vt 0.001452 0.204906
vt 0.003845 0.204477
vt 0.003608 0.210447
vt 0.000797 0.208978
vt 0.589153 0.359298
vt 0.588873 0.351723
vt 0.591763 0.353945
vt 0.142857 0.832528
vt 0.368182 0.974517
vt 0.368473 0.974895
vt 0.370643 0.988066
vt 0.851938 0.406846
vt 0.478811 0.245807
vt 0.978743 0.182606
vt 0.981699 0.161091
vt 0.970875 0.171202
vt 0.718728 0.492090
vt 0.734233 0.438049
vt 0.734829 0.438167
vt 0.726598 0.550455
vt 0.725692 0.550510
vt 0.720091 0.492261
vt 0.718032 0.492019
vt 0.758746 0.942184
vt 0.755661 0.940733
vt 0.758926 0.938292
vt 0.766946 0.941874
vt 0.757120 0.028930
vt 0.758607 0.026184
vt 0.766946 0.028172
vt 0.077190 0.035895
vt 0.551109 0.814280
vt 0.550124 0.798645
vt 0.550912 0.814320
vt 0.552279 0.815460
vt 0.318524 0.941509
vt 0.273721 0.887394
vt 0.354778 0.897736
vt 0.317387 0.943175
vt 0.593678 0.983129
vt 0.593631 0.947080
vt 0.594681 0.947220
vt 0.562185 0.884769
vt 0.580249 0.892412
vt 0.800810 0.150845
vt 0.805001 0.149236
vt 0.804616 0.150926
vt 0.802079 0.152582
vt 0.800091 0.152777
vt 0.198387 0.660077
vt 0.951090 0.827416
vt 0.957213 0.823605
vt 0.961386 0.868935
vt 0.949034 0.867406
vt 0.200847 0.723791
vt 0.196409 0.721409
vt 0.200136 0.720413
vt 0.205460 0.725089
vt 0.204184 0.732878
vt 0.979235 0.875958
vt 0.979877 0.899088
vt 0.977755 0.875909
vt 0.981417 0.875861
vt 0.981966 0.899775
vt 0.979680 0.873687
vt 0.343035 0.700194
vt 0.343418 0.697205
vt 0.345388 0.699266
vt 0.344299 0.703075
vt 0.342396 0.703858
vt 0.341037 0.700985
vt 0.341154 0.698012
vt 0.983541 0.262022
vt 0.982534 0.264734
vt 0.964760 0.695582
vt 0.965804 0.694996
vt 0.965361 0.697693
vt 0.983017 0.262004
vt 0.343756 0.423222
vt 0.342365 0.423442
vt 0.344975 0.422803
vt 0.024121 0.432005
vt 0.251699 0.158167
vt 0.252302 0.158736
vt 0.250282 0.158482
vt 0.251531 0.157204
vt 0.253515 0.157793
vt 0.250463 0.156462
vt 0.250258 0.157378
vt 0.177680 0.873311
vt 0.172050 0.812912
vt 0.181776 0.872957
vt 0.175185 0.874270
vt 0.169574 0.813553
vt 0.753397 0.131047
vt 0.751508 0.131422
vt 0.755691 0.133723
vt 0.700202 0.545664
vt 0.714773 0.591016
vt 0.702476 0.587091
vt 0.694820 0.547994
vt 0.917274 0.795747
vt 0.915108 0.802966
vt 0.916066 0.784750
vt 0.922640 0.785611
vt 0.912051 0.795069
vt 0.923372 0.794893
vt 0.968669 0.314652
vt 0.991279 0.329838
vt 0.991271 0.331494
vt 0.971854 0.329926
vt 0.990314 0.328341
vt 0.816997 0.957764
vt 0.840128 0.957553
vt 0.522986 0.199451
vt 0.522842 0.199023
vt 0.303211 0.978136
vt 0.299253 0.970842
vt 0.300824 0.970536
vt 0.303028 0.978595
vt 0.785521 0.964322
vt 0.785521 0.961285
vt 0.782174 0.966249
vt 0.768685 0.897119
vt 0.764815 0.897379
vt 0.236609 0.118044
vt 0.238780 0.136413
vt 0.233099 0.116694
vt 0.250428 0.096242
vt 0.253910 0.134245
vt 0.233429 0.097558
vt 0.165010 0.966782
vt 0.159727 0.968188
vt 0.163734 0.969326
vt 0.247185 0.184404
vt 0.246550 0.186162
vt 0.245117 0.183574
vt 0.250116 0.184143
vt 0.248908 0.186690
vt 0.245725 0.175477
vt 0.246933 0.174930
vt 0.247779 0.187824
vt 0.652616 0.506898
vt 0.600464 0.424248
vt 0.940268 0.122693
vt 0.936731 0.080044
vt 0.942917 0.126195
vt 0.937773 0.125698
vt 0.588569 0.408199
vt 0.592738 0.406617
vt 0.604650 0.408690
vt 0.588466 0.405270
vt 0.959987 0.487450
vt 0.938794 0.463681
vt 0.944098 0.464428
vt 0.611451 0.339381
vt 0.619868 0.315871
vt 0.620285 0.342604
vt 0.959935 0.490428
vt 0.954689 0.450102
vt 0.619170 0.307065
vt 0.611451 0.278901
vt 0.655238 0.122425
vt 0.655202 0.124533
vt 0.652286 0.124665
vt 0.007342 0.847128
vt 0.007496 0.858027
vt 0.004659 0.853089
vt 0.506166 0.746454
vt 0.483667 0.740882
vt 0.503828 0.755116
vt 0.314402 0.983181
vt 0.313465 0.980910
vt 0.317197 0.981297
vt 0.315771 0.985557
vt 0.617726 0.962594
vt 0.600284 0.963884
vt 0.617788 0.994769
vt 0.600304 0.994341
vt 0.599389 0.993207
vt 0.617886 0.992796
vt 0.035398 0.011160
vt 0.036289 0.011859
vt 0.035326 0.013072
vt 0.036740 0.010497
vt 0.033420 0.010261
vt 0.033451 0.012440
vt 0.736208 0.348020
vt 0.736191 0.344707
vt 0.732676 0.355764
vt 0.196584 0.602297
vt 0.199647 0.608542
vt 0.195662 0.609270
vt 0.184575 0.601327
vt 0.198965 0.602610
vt 0.184537 0.606080
vt 0.129112 0.949697
vt 0.131276 0.953908
vt 0.124611 0.959396
vt 0.122935 0.955170
vt 0.791451 0.609045
vt 0.790260 0.616249
vt 0.785260 0.615635
vt 0.950801 0.914712
vt 0.956537 0.910687
vt 0.956670 0.916006
vt 0.951142 0.908913
vt 0.951485 0.921525
vt 0.120850 0.228726
vt 0.123477 0.250431
vt 0.119396 0.228871
vt 0.123477 0.227886
vt 0.207672 0.551640
vt 0.207101 0.554005
vt 0.205262 0.552990
vt 0.208693 0.552691
vt 0.333145 0.571842
vt 0.729197 0.550906
vt 0.975112 0.022071
vt 0.964338 0.018405
vt 0.963635 0.012478
vt 0.572747 0.140554
vt 0.624882 0.139850
vt 0.624922 0.140825
vt 0.572237 0.139881
vt 0.872323 0.841191
vt 0.874755 0.843467
vt 0.872074 0.842910
vt 0.876325 0.841633
vt 0.876131 0.842562
vt 0.704060 0.243390
vt 0.701827 0.272690
vt 0.703587 0.261627
vt 0.548318 0.949638
vt 0.543374 0.945866
vt 0.549348 0.941000
vt 0.543024 0.951889
vt 0.671136 0.248078
vt 0.676133 0.241688
vt 0.675530 0.247480
vt 0.673202 0.256273
vt 0.667315 0.257099
vt 0.665553 0.248996
vt 0.670872 0.241614
vt 0.215453 0.465531
vt 0.211569 0.466411
vt 0.181689 0.437388
vt 0.190753 0.536649
vt 0.236217 0.426420
vt 0.217138 0.466627
vt 0.211564 0.485302
vt 0.831293 0.678252
vt 0.797487 0.628977
vt 0.798128 0.627691
vt 0.612713 0.272396
vt 0.662146 0.300136
vt 0.646779 0.302580
vt 0.965718 0.765208
vt 0.965459 0.769672
vt 0.013839 0.975196
vt 0.012984 0.974876
vt 0.013293 0.974129
vt 0.014020 0.974261
vt 0.971590 0.875319
vt 0.971795 0.900068
vt 0.154764 0.330536
vt 0.145029 0.332111
vt 0.144813 0.327635
vt 0.154511 0.335114
vt 0.907793 0.976895
vt 0.910704 0.976027
vt 0.910160 0.979726
vt 0.154422 0.794548
vt 0.148912 0.792953
vt 0.157897 0.792776
vt 0.909017 0.980482
vt 0.908520 0.980850
vt 0.907689 0.974421
vt 0.252643 0.896461
vt 0.253825 0.895472
vt 0.156413 0.881209
vt 0.161796 0.892651
vt 0.218588 0.881209
vt 0.152775 0.885974
vt 0.149777 0.963420
vt 0.152399 0.967611
vt 0.151935 0.968599
vt 0.149836 0.968999
vt 0.510983 0.586854
vt 0.555416 0.585957
vt 0.555698 0.588877
vt 0.511266 0.589709
vt 0.511790 0.547181
vt 0.050055 0.462677
vt 0.140177 0.049704
vt 0.140692 0.034971
vt 0.144059 0.048026
vt 0.135867 0.048002
vt 0.874126 0.982124
vt 0.874119 0.985246
vt 0.990743 0.316461
vt 0.972146 0.316400
vt 0.989614 0.315208
vt 0.270328 0.889630
vt 0.315508 0.943836
vt 0.270328 0.973900
vt 0.457417 0.985796
vt 0.272117 0.888593
vt 0.454115 0.987756
vt 0.724313 0.376792
vt 0.691348 0.387721
vt 0.697330 0.384523
vt 0.724708 0.373434
vt 0.373316 0.047843
vt 0.377386 0.050372
vt 0.374011 0.050737
vt 0.353235 0.064006
vt 0.952881 0.242625
vt 0.952810 0.289122
vt 0.899129 0.288957
vt 0.898957 0.242459
vt 0.952613 0.239432
vt 0.829627 0.169273
vt 0.829777 0.171310
vt 0.779067 0.186909
vt 0.775954 0.185770
vt 0.833232 0.168515
vt 0.833133 0.170887
vt 0.185486 0.956725
vt 0.185774 0.958545
vt 0.183783 0.958079
vt 0.183399 0.956224
vt 0.182972 0.953225
vt 0.186746 0.956668
vt 0.229347 0.274739
vt 0.227215 0.117587
vt 0.231301 0.274199
vt 0.227215 0.274779
vt 0.164632 0.011012
vt 0.166115 0.012280
vt 0.164452 0.012049
vt 0.163883 0.009786
vt 0.165208 0.009551
vt 0.167424 0.011426
vt 0.165942 0.010608
vt 0.045893 0.107825
vt 0.442117 0.973952
vt 0.442159 0.976241
vt 0.439648 0.974476
vt 0.739992 0.078260
vt 0.619115 0.979267
vt 0.599687 0.980684
vt 0.481406 0.261305
vt 0.480729 0.300716
vt 0.469394 0.875298
vt 0.474315 0.871456
vt 0.478559 0.879289
vt 0.807049 0.166933
vt 0.808950 0.167675
vt 0.805204 0.169101
vt 0.808203 0.162823
vt 0.805953 0.164718
vt 0.804461 0.165970
vt 0.775785 0.951151
vt 0.782439 0.953584
vt 0.774889 0.953835
vt 0.775405 0.947808
vt 0.483598 0.106671
vt 0.490110 0.111127
vt 0.483816 0.127445
vt 0.241967 0.293909
vt 0.241967 0.271740
vt 0.249873 0.293333
vt 0.578891 0.897430
vt 0.160022 0.019255
vt 0.160544 0.022436
vt 0.151908 0.020885
vt 0.162717 0.017779
vt 0.163310 0.020017
vt 0.151628 0.018187
vt 0.159592 0.016818
vt 0.416438 0.739131
vt 0.426169 0.762769
vt 0.424387 0.764401
vt 0.417096 0.698164
vt 0.390373 0.701056
vt 0.199439 0.612166
vt 0.184640 0.611939
vt 0.787746 0.583503
vt 0.136601 0.972485
vt 0.137108 0.968335
vt 0.140372 0.974507
vt 0.207579 0.720480
vt 0.207847 0.721703
vt 0.006174 0.897130
vt 0.007400 0.909112
vt 0.001133 0.909686
vt 0.004632 0.872543
vt 0.011089 0.878752
vt 0.014683 0.884423
vt 0.020011 0.902313
vt 0.014143 0.913739
vt 0.185824 0.991788
vt 0.645454 0.137121
vt 0.971021 0.315224
vt 0.971798 0.313564
vt 0.989363 0.313190
vt 0.827487 0.486148
vt 0.799404 0.164743
vt 0.094008 0.657382
vt 0.087613 0.643857
vt 0.170432 0.605050
vt 0.327348 0.595477
vt 0.057139 0.210618
vt 0.116053 0.209873
vt 0.115809 0.210853
vt 0.008695 0.314778
vt 0.007313 0.264168
vt 0.008695 0.263842
vt 0.013252 0.187059
vt 0.057571 0.209528
vt 0.013340 0.188239
vt 0.980308 0.504378
vt 0.937896 0.553036
vt 0.936848 0.505457
vt 0.802126 0.539123
vt 0.801002 0.491055
vt 0.845206 0.491055
vt 0.566298 0.752040
vt 0.980252 0.501829
vt 0.884952 0.968039
vt 0.887206 0.967907
vt 0.887142 0.970601
vt 0.886115 0.965557
vt 0.884144 0.970679
vt 0.841889 0.314297
vt 0.840608 0.348414
vt 0.845250 0.314178
vt 0.401972 0.183296
vt 0.349152 0.174992
vt 0.402506 0.181662
vt 0.402031 0.183602
vt 0.004850 0.006924
vt 0.003095 0.007912
vt 0.004095 0.004023
vt 0.224458 0.104199
vt 0.224445 0.101283
vt 0.226084 0.105198
vt 0.224445 0.260866
vt 0.005217 0.163476
vt 0.170272 0.007890
vt 0.197256 0.557994
vt 0.184726 0.557945
vt 0.185480 0.545705
vt 0.201143 0.565782
vt 0.197400 0.566862
vt 0.197187 0.545942
vt 0.200070 0.558385
vt 0.791233 0.223693
vt 0.861018 0.264209
vt 0.955822 0.877612
vt 0.952698 0.883200
vt 0.952656 0.877307
vt 0.965729 0.876414
vt 0.956664 0.881577
vt 0.965358 0.872525
vt 0.667764 0.292183
vt 0.661018 0.288437
vt 0.424911 0.844643
vt 0.414831 0.849320
vt 0.431458 0.841445
vt 0.450132 0.857444
vt 0.672762 0.287632
vt 0.673347 0.294078
vt 0.789613 0.171345
vt 0.787547 0.168428
vt 0.790473 0.173911
vt 0.535379 0.815003
vt 0.866075 0.429379
vt 0.854388 0.427522
vt 0.857347 0.425922
vt 0.702134 0.950005
vt 0.702432 0.947877
vt 0.711899 0.949347
vt 0.712125 0.952004
vt 0.701880 0.952098
vt 0.361132 0.965809
vt 0.356571 0.968731
vt 0.322671 0.947385
vt 0.317404 0.946180
vt 0.321076 0.944865
vt 0.334044 0.944806
vt 0.324801 0.948431
vt 0.320965 0.948607
vt 0.971116 0.698316
vt 0.976231 0.699873
vt 0.972911 0.699793
vt 0.970519 0.262622
vt 0.978942 0.264117
vt 0.977818 0.264375
vt 0.974310 0.265387
vt 0.973589 0.264907
vt 0.971385 0.263661
vt 0.976930 0.697294
vt 0.981010 0.263029
vt 0.022608 0.039999
vt 0.015480 0.033455
vt 0.018830 0.031687
vt 0.258334 0.279066
vt 0.255625 0.274120
vt 0.020823 0.031330
vt 0.257152 0.282169
vt 0.256474 0.278609
vt 0.022608 0.030522
vt 0.259098 0.284473
vt 0.268920 0.281569
vt 0.265099 0.272439
vt 0.917808 0.950094
vt 0.687687 0.651894
vt 0.440806 0.638144
vt 0.410362 0.616373
vt 0.339932 0.590626
vt 0.755909 0.922594
vt 0.722305 0.919508
vt 0.752199 0.910252
vt 0.038710 0.631072
vt 0.090051 0.559946
vt 0.081204 0.656379
vt 0.763468 0.917200
vt 0.048051 0.556083
vt 0.020603 0.633468
vt 0.740724 0.298739
vt 0.748078 0.263105
vt 0.967760 0.590559
vt 0.970428 0.594032
vt 0.966340 0.595668
vt 0.969973 0.590267
vt 0.971306 0.581214
vt 0.581814 0.981988
vt 0.582508 0.984572
vt 0.581209 0.982309
vt 0.577272 0.946584
vt 0.580250 0.947702
vt 0.163640 0.362752
vt 0.158176 0.327952
vt 0.219893 0.321054
vt 0.127590 0.284836
vt 0.224950 0.356798
vt 0.225460 0.359171
vt 0.120735 0.248826
vt 0.163889 0.366482
vt 0.320241 0.682340
vt 0.318751 0.681110
vt 0.907473 0.947785
vt 0.316656 0.677618
vt 0.325090 0.684682
vt 0.216487 0.689714
vt 0.212707 0.658191
vt 0.216164 0.691048
vt 0.980970 0.409629
vt 0.943427 0.385027
vt 0.980027 0.386082
vt 0.974798 0.384058
vt 0.976386 0.382499
vt 0.694207 0.241772
vt 0.693234 0.241096
vt 0.695797 0.239408
vt 0.695849 0.261721
vt 0.696423 0.240066
vt 0.971510 0.668310
vt 0.974280 0.665751
vt 0.975711 0.667326
vt 0.970812 0.666596
vt 0.972948 0.669415
vt 0.234753 0.283287
vt 0.236519 0.284845
vt 0.819851 0.041070
vt 0.809744 0.068347
vt 0.821712 0.037555
vt 0.823327 0.040077
vt 0.811778 0.069128
vt 0.930105 0.855556
vt 0.940288 0.846743
vt 0.941046 0.849668
vt 0.942935 0.854633
vt 0.930940 0.859845
vt 0.926228 0.854614
vt 0.928295 0.857448
vt 0.928681 0.634672
vt 0.925550 0.634805
vt 0.928416 0.660586
vt 0.965275 0.629075
vt 0.964484 0.632639
vt 0.751035 0.024546
vt 0.751838 0.018149
vt 0.753682 0.019270
vt 0.749019 0.024524
vt 0.752980 0.023953
vt 0.749735 0.019207
vt 0.548139 0.769914
vt 0.549934 0.772017
vt 0.661906 0.768628
vt 0.659089 0.754081
vt 0.991286 0.338885
vt 0.971856 0.337459
vt 0.990311 0.337900
vt 0.971850 0.339929
vt 0.971854 0.338927
vt 0.990307 0.340397
vt 0.367517 0.493906
vt 0.355717 0.492221
vt 0.368045 0.487797
vt 0.368691 0.493897
vt 0.146765 0.414282
vt 0.059841 0.005828
vt 0.059878 0.007932
vt 0.057887 0.013913
vt 0.061811 0.005174
vt 0.507740 0.597430
vt 0.664484 0.702251
vt 0.663854 0.705572
vt 0.666745 0.699102
vt 0.243227 0.169753
vt 0.247404 0.172568
vt 0.243304 0.171613
vt 0.045217 0.027701
vt 0.045217 0.033043
vt 0.041671 0.031365
vt 0.240374 0.170242
vt 0.240271 0.165617
vt 0.675406 0.118764
vt 0.726436 0.123353
vt 0.947774 0.587620
vt 0.947595 0.587633
vt 0.947824 0.585047
vt 0.129112 0.856894
vt 0.130023 0.858022
vt 0.145126 0.982935
vt 0.143449 0.980284
vt 0.149014 0.982636
vt 0.148367 0.986478
vt 0.149961 0.984069
vt 0.046994 0.924632
vt 0.037787 0.936506
vt 0.046228 0.924174
vt 0.039870 0.935131
vt 0.047609 0.925013
vt 0.976113 0.910837
vt 0.425158 0.885880
vt 0.399975 0.886987
vt 0.447425 0.892939
vt 0.423162 0.892577
vt 0.732844 0.941758
vt 0.734620 0.952985
vt 0.725940 0.954148
vt 0.151383 0.011368
vt 0.163222 0.014990
vt 0.151591 0.013408
vt 0.704968 0.306861
vt 0.310641 0.798350
vt 0.279646 0.798959
vt 0.313614 0.798994
vt 0.203480 0.702783
vt 0.201638 0.700551
vt 0.130716 0.207433
vt 0.130913 0.206307
vt 0.135650 0.299126
vt 0.238235 0.326952
vt 0.240615 0.198397
vt 0.243475 0.202722
vt 0.238235 0.200635
vt 0.871138 0.566918
vt 0.869616 0.566949
vt 0.900857 0.444145
vt 0.857021 0.592957
vt 0.900857 0.523677
vt 0.900857 0.620861
vt 0.319079 0.796511
vt 0.810424 0.441672
vt 0.793658 0.517756
vt 0.249583 0.795160
vt 0.918248 0.222137
vt 0.874663 0.250431
vt 0.874663 0.153636
vt 0.290791 0.354176
vt 0.342706 0.311449
vt 0.892211 0.976312
vt 0.893035 0.972857
vt 0.894455 0.976322
vt 0.889859 0.973924
vt 0.889003 0.977700
vt 0.894018 0.978670
vt 0.890706 0.980387
vt 0.337355 0.713931
vt 0.340669 0.711927
vt 0.252125 0.151073
vt 0.253638 0.151444
vt 0.251481 0.152341
vt 0.250569 0.151855
vt 0.249865 0.151658
vt 0.253473 0.150288
vt 0.251672 0.149606
vt 0.030924 0.437216
vt 0.033854 0.432112
vt 0.033663 0.438583
vt 0.032116 0.441752
vt 0.756704 0.017825
vt 0.755250 0.019231
vt 0.754337 0.017091
vt 0.758060 0.019415
vt 0.757531 0.015501
vt 0.759811 0.016196
vt 0.160980 0.929772
vt 0.676407 0.788311
vt 0.214091 0.944517
vt 0.147738 0.974131
vt 0.144183 0.975308
vt 0.146982 0.975877
vt 0.659367 0.231630
vt 0.667263 0.231832
vt 0.664295 0.240216
vt 0.658142 0.240058
vt 0.647910 0.233501
vt 0.804993 0.160040
vt 0.075960 0.860835
vt 0.086493 0.853193
vt 0.093912 0.861079
vt 0.079353 0.867830
vt 0.062344 0.860894
vt 0.184775 0.581634
vt 0.686697 0.987477
vt 0.687976 0.986428
vt 0.690145 0.985136
vt 0.242465 0.172717
vt 0.764903 0.609010
vt 0.765460 0.594078
vt 0.239573 0.171487
vt 0.976586 0.648099
vt 0.019130 0.021967
vt 0.016742 0.023073
vt 0.014647 0.014899
vt 0.268724 0.293101
vt 0.258430 0.292267
vt 0.258818 0.289365
vt 0.020107 0.016164
vt 0.022608 0.008416
vt 0.022608 0.017391
vt 0.166821 0.010483
vt 0.168483 0.009972
vt 0.376952 0.996508
vt 0.380661 0.987128
vt 0.395436 0.987660
vt 0.376952 0.965159
vt 0.399994 0.994657
vt 0.950712 0.444661
vt 0.972903 0.381638
vt 0.971113 0.377779
vt 0.029334 0.889788
vt 0.034127 0.887203
vt 0.053591 0.900572
vt 0.804580 0.280974
vt 0.806204 0.280512
vt 0.805872 0.306919
vt 0.803681 0.281430
vt 0.804571 0.279394
vt 0.804518 0.306916
vt 0.471528 0.259849
vt 0.471095 0.258856
vt 0.869093 0.985990
vt 0.480461 0.258159
vt 0.480211 0.258338
vt 0.479014 0.259088
vt 0.477637 0.259430
vt 0.475849 0.260262
vt 0.473643 0.259529
vt 0.877912 0.986931
vt 0.877095 0.988319
vt 0.476676 0.259804
vt 0.479415 0.258823
vt 0.990305 0.342926
vt 0.972826 0.340925
vt 0.990316 0.341324
vt 0.972818 0.342581
vt 0.990309 0.344343
vt 0.735856 0.362458
vt 0.732841 0.366566
vt 0.732919 0.365965
vt 0.734045 0.367314
vt 0.786537 0.144346
vt 0.729529 0.118371
vt 0.139132 0.996748
vt 0.347382 0.970798
vt 0.348839 0.968498
vt 0.348301 0.971542
vt 0.348451 0.972792
vt 0.346846 0.972396
vt 0.344850 0.967300
vt 0.344110 0.969916
vt 0.954894 0.351497
vt 0.965655 0.353457
vt 0.954227 0.345163
vt 0.954567 0.356417
vt 0.929992 0.075696
vt 0.931074 0.073729
vt 0.763468 0.260866
vt 0.739841 0.234600
vt 0.763468 0.211376
vt 0.397284 0.584340
vt 0.379136 0.558822
vt 0.399310 0.582248
vt 0.350837 0.581220
vt 0.948163 0.376678
vt 0.150997 0.939870
vt 0.978221 0.370232
vt 0.974695 0.370449
vt 0.976522 0.370296
vt 0.428987 0.961809
vt 0.908950 0.774280
vt 0.903168 0.785074
vt 0.903697 0.774157
vt 0.902427 0.764041
vt 0.909631 0.763374
vt 0.911202 0.785569
vt 0.915894 0.774391
vt 0.338934 0.694350
vt 0.333826 0.689301
vt 0.338410 0.691238
vt 0.333498 0.691246
vt 0.498098 0.931510
vt 0.751141 0.939828
vt 0.745996 0.940307
vt 0.750399 0.931164
vt 0.752465 0.949437
vt 0.499554 0.922410
vt 0.506131 0.927276
vt 0.482044 0.887633
vt 0.486041 0.883603
vt 0.485268 0.899149
vt 0.481985 0.876614
vt 0.479293 0.904097
vt 0.239557 0.976128
vt 0.242460 0.976435
vt 0.238784 0.975409
vt 0.239013 0.965204
vt 0.240063 0.964901
vt 0.230446 0.991291
vt 0.513679 0.213785
vt 0.910808 0.925527
vt 0.907553 0.926064
vt 0.910100 0.922704
vt 0.911453 0.930350
vt 0.918248 0.926527
vt 0.008696 0.209597
vt 0.005806 0.210061
vt 0.006841 0.203969
vt 0.008696 0.203198
vt 0.278334 0.846647
vt 0.287828 0.839156
vt 0.276530 0.843274
vt 0.312506 0.846945
vt 0.037197 0.012252
vt 0.036825 0.014169
vt 0.037617 0.011109
vt 0.752327 0.015350
vt 0.750807 0.011455
vt 0.754134 0.014011
vt 0.192417 0.805971
vt 0.170642 0.810044
vt 0.173518 0.811146
vt 0.169288 0.812644
vt 0.483923 0.810578
vt 0.485196 0.808724
vt 0.485716 0.810614
vt 0.481318 0.810326
vt 0.482352 0.808246
vt 0.483959 0.811603
vt 0.544287 0.935059
vt 0.528236 0.934334
vt 0.545847 0.930815
vt 0.550572 0.934014
vt 0.543901 0.940540
vt 0.527881 0.939950
vt 0.091996 0.029097
vt 0.093980 0.026693
vt 0.093654 0.030248
vt 0.088682 0.028949
vt 0.013039 0.874427
vt 0.007462 0.866566
vt 0.017922 0.881473
vt 0.902347 0.840222
vt 0.904269 0.839926
vt 0.904443 0.841373
vt 0.902621 0.841406
vt 0.471623 0.262083
vt 0.467109 0.300655
vt 0.250156 0.198244
vt 0.252170 0.217384
vt 0.249436 0.198414
vt 0.137529 0.917183
vt 0.137196 0.916746
vt 0.252170 0.197585
vt 0.694908 0.314726
vt 0.686080 0.346775
vt 0.641219 0.349191
vt 0.644988 0.305540
vt 0.766774 0.935647
vt 0.766848 0.938709
vt 0.758740 0.935338
vt 0.766946 0.931658
vt 0.056461 0.496874
vt 0.151340 0.443690
vt 0.893304 0.932889
vt 0.890878 0.936343
vt 0.892090 0.931916
vt 0.894582 0.936452
vt 0.344354 0.667196
vt 0.346631 0.668111
vt 0.347821 0.670120
vt 0.895621 0.932965
vt 0.345982 0.669174
vt 0.337194 0.667906
vt 0.950985 0.926849
vt 0.955037 0.926944
vt 0.140755 0.322633
vt 0.141105 0.328456
vt 0.811964 0.168143
vt 0.810293 0.171263
vt 0.805936 0.170800
vt 0.918038 0.937428
vt 0.721276 0.914375
vt 0.721532 0.928683
vt 0.029196 0.953674
vt 0.032809 0.944658
vt 0.027967 0.952212
vt 0.511220 0.744954
vt 0.558237 0.675330
vt 0.612021 0.754767
vt 0.322259 0.731923
vt 0.375174 0.796511
vt 0.909377 0.800707
vt 0.906994 0.794577
vt 0.904653 0.820718
vt 0.892592 0.811630
vt 0.901715 0.798023
vt 0.471092 0.742032
vt 0.697168 0.274779
vt 0.972815 0.331904
vt 0.991271 0.332791
vt 0.821135 0.952343
vt 0.342219 0.706054
vt 0.339415 0.703022
vt 0.042811 0.860753
vt 0.029643 0.857447
vt 0.496921 0.563066
vt 0.496422 0.557950
vt 0.499423 0.563512
vt 0.499267 0.567197
vt 0.496662 0.567745
vt 0.161255 0.970798
vt 0.157714 0.967524
vt 0.159601 0.964887
vt 0.242939 0.182059
vt 0.781620 0.590062
vt 0.782026 0.591128
vt 0.776789 0.592715
vt 0.990297 0.635128
vt 0.988875 0.633336
vt 0.640999 0.091316
vt 0.642774 0.090748
vt 0.641894 0.093177
vt 0.002519 0.002809
vt 0.004206 0.002923
vt 0.001454 0.004036
vt 0.002897 0.000702
vt 0.019884 0.435714
vt 0.019014 0.436013
vt 0.161761 0.011805
vt 0.163105 0.012557
vt 0.160552 0.009802
vt 0.755156 0.186773
vt 0.758251 0.186492
vt 0.758247 0.188649
vt 0.712439 0.826929
vt 0.713584 0.832092
vt 0.686305 0.833034
vt 0.712410 0.818260
vt 0.563581 0.924248
vt 0.565643 0.921988
vt 0.336539 0.055567
vt 0.345736 0.058677
vt 0.336825 0.058409
vt 0.735090 0.368160
vt 0.732364 0.369731
vt 0.863789 0.439994
vt 0.038556 0.937220
vt 0.031635 0.944540
vt 0.184396 0.980493
vt 0.952312 0.143159
vt 0.957881 0.158481
vt 0.912415 0.166643
vt 0.953183 0.142441
vt 0.461319 0.912183
vt 0.466778 0.911179
vt 0.462862 0.922695
vt 0.452166 0.903452
vt 0.459560 0.901433
vt 0.667404 0.845877
vt 0.636235 0.852185
vt 0.518254 0.159661
vt 0.048363 0.095000
vt 0.758209 0.926853
vt 0.766804 0.927948
vt 0.758431 0.931374
vt 0.048222 0.090956
vt 0.050955 0.091794
vt 0.051031 0.095618
vt 0.758137 0.923133
vt 0.766378 0.924123
vt 0.885371 0.812840
vt 0.884781 0.796567
vt 0.887904 0.837134
vt 0.887387 0.837313
vt 0.887310 0.795235
vt 0.884236 0.813006
vt 0.886691 0.838872
vt 0.189357 0.957708
vt 0.614709 0.849969
vt 0.618395 0.857018
vt 0.587818 0.855484
vt 0.501024 0.916571
vt 0.503320 0.918395
vt 0.496168 0.917962
vt 0.495661 0.911220
vt 0.584329 0.849969
vt 0.530300 0.913450
vt 0.969773 0.307339
vt 0.973463 0.294615
vt 0.123616 0.033754
vt 0.123841 0.034940
vt 0.250681 0.956509
vt 0.253538 0.900013
vt 0.123599 0.040313
vt 0.118406 0.041295
vt 0.962155 0.422321
vt 0.978696 0.422684
vt 0.735441 0.135625
vt 0.735485 0.187174
vt 0.735538 0.132268
vt 0.136139 0.819495
vt 0.133767 0.823575
vt 0.973412 0.076540
vt 0.989793 0.374811
vt 0.987799 0.373081
vt 0.988376 0.369984
vt 0.914800 0.977539
vt 0.911714 0.979795
vt 0.917759 0.974687
vt 0.909944 0.973611
vt 0.413626 0.575539
vt 0.399036 0.547348
vt 0.415261 0.574167
vt 0.396755 0.549018
vt 0.223237 0.316400
vt 0.224321 0.314622
vt 0.227069 0.316517
vt 0.221519 0.314862
vt 0.152142 0.963473
vt 0.205296 0.699617
vt 0.424352 0.928587
vt 0.443477 0.927977
vt 0.421962 0.924402
vt 0.401571 0.927248
vt 0.614436 0.908568
vt 0.620923 0.907755
vt 0.614436 0.916881
vt 0.605920 0.908770
vt 0.259005 0.319614
vt 0.255603 0.320171
vt 0.257905 0.315828
vt 0.263223 0.323474
vt 0.271301 0.322650
vt 0.265879 0.320918
vt 0.725363 0.369521
vt 0.710319 0.376325
vt 0.709297 0.372941
vt 0.729615 0.367411
vt 0.722659 0.373666
vt 0.707714 0.346561
vt 0.725904 0.353452
vt 0.967356 0.737499
vt 0.978036 0.746636
vt 0.967933 0.747503
vt 0.964833 0.746870
vt 0.094118 0.021281
vt 0.095436 0.020912
vt 0.094020 0.022837
vt 0.092613 0.021437
vt 0.090754 0.015555
vt 0.974463 0.254828
vt 0.975648 0.254492
vt 0.976176 0.256375
vt 0.920950 0.076013
vt 0.923406 0.005928
vt 0.923434 0.076521
vt 0.920977 0.005676
vt 0.889848 0.000450
vt 0.271089 0.115815
vt 0.272285 0.115793
vt 0.271089 0.271301
vt 0.008042 0.003376
vt 0.023163 0.082219
vt 0.013407 0.434585
vt 0.015652 0.280066
vt 0.015652 0.434777
vt 0.164387 0.005635
vt 0.164359 0.005131
vt 0.165756 0.005394
vt 0.165493 0.006594
vt 0.233594 0.134261
vt 0.237568 0.140517
vt 0.232691 0.143506
vt 0.231737 0.136158
vt 0.443301 0.978539
vt 0.445452 0.977006
vt 0.440878 0.980204
vt 0.440576 0.977090
vt 0.443621 0.989648
vt 0.449927 0.983451
vt 0.226084 0.699497
vt 0.888063 0.840241
vt 0.887079 0.839795
vt 0.890423 0.840647
vt 0.887297 0.841414
vt 0.736675 0.437577
vt 0.652705 0.508849
vt 0.651689 0.510288
vt 0.156767 0.979208
vt 0.158496 0.978533
vt 0.159311 0.982205
vt 0.154617 0.979576
vt 0.156137 0.984037
vt 0.650970 0.278635
vt 0.653088 0.287226
vt 0.038804 0.011808
vt 0.949373 0.793352
vt 0.948541 0.797829
vt 0.085557 0.817112
vt 0.065190 0.822892
vt 0.059816 0.818583
vt 0.079316 0.831184
vt 0.961860 0.808148
vt 0.588890 0.377499
vt 0.588404 0.381863
vt 0.363017 0.968420
vt 0.362772 0.964625
vt 0.363771 0.965983
vt 0.366993 0.971702
vt 0.366867 0.973857
vt 0.365377 0.974091
vt 0.357566 0.970134
vt 0.325323 0.949658
vt 0.322572 0.950121
vt 0.324328 0.951427
vt 0.984386 0.157695
vt 0.978332 0.153082
vt 0.982579 0.151294
vt 0.251333 0.159998
vt 0.253379 0.159460
vt 0.253865 0.158142
vt 0.041354 0.429033
vt 0.040887 0.424233
vt 0.986511 0.359565
vt 0.894856 0.793826
vt 0.901451 0.790987
vt 0.892951 0.787511
vt 0.897196 0.789414
vt 0.471907 0.763604
vt 0.483055 0.749286
vt 0.484674 0.756801
vt 0.470681 0.750332
vt 0.320060 0.981311
vt 0.321904 0.980364
vt 0.319165 0.983106
vt 0.318778 0.981104
vt 0.321635 0.982561
vt 0.581982 0.985904
vt 0.582048 0.985624
vt 0.580387 0.981906
vt 0.814062 0.444380
vt 0.813976 0.445315
vt 0.812038 0.446768
vt 0.578551 0.984344
vt 0.599456 0.991558
vt 0.618911 0.991587
vt 0.797660 0.151547
vt 0.792438 0.151003
vt 0.616039 0.223071
vt 0.614803 0.232409
vt 0.607242 0.236643
vt 0.618371 0.225332
vt 0.612476 0.221553
vt 0.615379 0.219699
vt 0.617533 0.221553
vt 0.326775 0.600982
vt 0.322795 0.650693
vt 0.326108 0.597561
vt 0.321074 0.650793
vt 0.324844 0.600977
vt 0.128875 0.961649
vt 0.123412 0.963907
vt 0.130611 0.958046
vt 0.134072 0.959310
vt 0.130990 0.962805
vt 0.127691 0.965925
vt 0.782331 0.613601
vt 0.782389 0.615683
vt 0.956626 0.904377
vt 0.966478 0.909891
vt 0.966790 0.914299
vt 0.077653 0.954570
vt 0.119845 0.969973
vt 0.116066 0.972066
vt 0.050266 0.940280
vt 0.077479 0.953107
vt 0.116633 0.964126
vt 0.078580 0.956087
vt 0.206753 0.554576
vt 0.205731 0.577383
vt 0.205925 0.554997
vt 0.727576 0.550566
vt 0.978418 0.368396
vt 0.976653 0.367642
vt 0.978823 0.367262
vt 0.849240 0.754772
vt 0.850211 0.720168
vt 0.895950 0.718789
vt 0.483784 0.104146
vt 0.893636 0.752682
vt 0.538019 0.774512
vt 0.536131 0.800569
vt 0.536519 0.775515
vt 0.590149 0.947292
vt 0.971858 0.334569
vt 0.990305 0.336243
vt 0.972821 0.335826
vt 0.970876 0.333244
vt 0.991291 0.334501
vt 0.480446 0.915439
vt 0.467862 0.922394
vt 0.719035 0.589654
vt 0.717051 0.588997
vt 0.737123 0.583359
vt 0.737381 0.583831
vt 0.720815 0.590485
vt 0.719634 0.594496
vt 0.210432 0.796301
vt 0.306226 0.836294
vt 0.288986 0.836181
vt 0.307934 0.834194
vt 0.306397 0.837785
vt 0.288530 0.837253
vt 0.673034 0.699506
vt 0.326105 0.666807
vt 0.331265 0.669705
vt 0.326312 0.672666
vt 0.897351 0.937246
vt 0.903704 0.940688
vt 0.900189 0.936467
vt 0.690425 0.814775
vt 0.630857 0.743247
vt 0.668985 0.835433
vt 0.219172 0.922058
vt 0.227823 0.921394
vt 0.227823 0.959987
vt 0.104170 0.016783
vt 0.103802 0.020275
vt 0.103218 0.016037
vt 0.105379 0.012780
vt 0.106476 0.018147
vt 0.652927 0.940336
vt 0.688937 0.942595
vt 0.654482 0.978684
vt 0.656108 0.938317
vt 0.651532 0.938023
vt 0.653555 0.936538
vt 0.899869 0.238411
vt 0.952791 0.237254
vt 0.899315 0.236135
vt 0.984334 0.560058
vt 0.955727 0.537808
vt 0.981807 0.425306
vt 0.982165 0.423274
vt 0.993030 0.833032
vt 0.957091 0.792727
vt 0.993030 0.792722
vt 0.334978 0.964660
vt 0.334169 0.979391
vt 0.966208 0.307535
vt 0.966998 0.296527
vt 0.966769 0.307496
vt 0.618639 0.862988
vt 0.133791 0.034187
vt 0.759532 0.138593
vt 0.952824 0.291793
vt 0.899605 0.293673
vt 0.775979 0.188912
vt 0.771965 0.187374
vt 0.986213 0.872580
vt 0.983618 0.872415
vt 0.982739 0.870748
vt 0.989552 0.899763
vt 0.985214 0.874507
vt 0.696090 0.056259
vt 0.687486 0.065422
vt 0.686887 0.064592
vt 0.695485 0.054009
vt 0.696964 0.055244
vt 0.698846 0.057345
vt 0.970850 0.265967
vt 0.969743 0.265678
vt 0.970676 0.295462
vt 0.969371 0.295076
vt 0.972561 0.266863
vt 0.397359 0.301424
vt 0.342655 0.309850
vt 0.342107 0.279205
vt 0.002140 0.718662
vt 0.394557 0.278828
vt 0.039721 0.733422
vt 0.006308 0.693264
vt 0.262035 0.304446
vt 0.265110 0.301703
vt 0.900154 0.625916
vt 0.754902 0.024618
vt 0.551215 0.771785
vt 0.549802 0.768450
vt 0.736345 0.259438
vt 0.737652 0.261280
vt 0.732712 0.285168
vt 0.551890 0.800583
vt 0.738870 0.258212
vt 0.553036 0.800239
vt 0.977909 0.899116
vt 0.978331 0.910796
vt 0.980794 0.909913
vt 0.528439 0.959121
vt 0.491730 0.947451
vt 0.628687 0.388691
vt 0.503165 0.474627
vt 0.432894 0.479822
vt 0.436825 0.429228
vt 0.502194 0.427011
vt 0.556866 0.462630
vt 0.500261 0.478381
vt 0.540317 0.510937
vt 0.161357 0.949429
vt 0.166164 0.953155
vt 0.164395 0.954955
vt 0.159318 0.953665
vt 0.155844 0.951684
vt 0.243809 0.175594
vt 0.244466 0.173581
vt 0.347642 0.708549
vt 0.347343 0.711713
vt 0.343966 0.709879
vt 0.344202 0.706093
vt 0.347821 0.704355
vt 0.936510 0.132695
vt 0.932473 0.132608
vt 0.940460 0.127101
vt 0.941851 0.128787
vt 0.939156 0.133235
vt 0.788378 0.619218
vt 0.784072 0.616910
vt 0.786105 0.621203
vt 0.925006 0.659652
vt 0.922012 0.659912
vt 0.923414 0.634274
vt 0.439495 0.959538
vt 0.439791 0.961790
vt 0.441470 0.959983
vt 0.440977 0.950606
vt 0.875792 0.799900
vt 0.806299 0.278827
vt 0.826076 0.280715
vt 0.825351 0.307554
vt 0.867624 0.984389
vt 0.870795 0.982978
vt 0.154366 0.961714
vt 0.154761 0.957492
vt 0.156577 0.963273
vt 0.041739 0.013205
vt 0.039931 0.014421
vt 0.244707 0.195289
vt 0.252275 0.193089
vt 0.039809 0.016969
vt 0.243609 0.245828
vt 0.850229 0.718107
vt 0.492361 0.543543
vt 0.493906 0.543290
vt 0.493906 0.594775
vt 0.895821 0.717819
vt 0.250897 0.153539
vt 0.248145 0.152747
vt 0.250027 0.154527
vt 0.736022 0.238675
vt 0.716627 0.239861
vt 0.712134 0.275545
vt 0.399995 0.003409
vt 0.398194 0.070714
vt 0.382913 0.071535
vt 0.737597 0.235880
vt 0.793033 0.306083
vt 0.209741 0.802906
vt 0.210404 0.800164
vt 0.714773 0.723468
vt 0.122443 0.968261
vt 0.127109 0.970205
vt 0.121634 0.972541
vt 0.910351 0.755329
vt 0.898659 0.727360
vt 0.914406 0.745967
vt 0.328169 0.684122
vt 0.328811 0.682232
vt 0.333255 0.687108
vt 0.510135 0.928676
vt 0.278505 0.323317
vt 0.278042 0.321115
vt 0.279035 0.283900
vt 0.891882 0.969866
vt 0.889619 0.971089
vt 0.889704 0.968242
vt 0.782568 0.956707
vt 0.783964 0.954146
vt 0.786076 0.958019
vt 0.034215 0.451809
vt 0.034115 0.447809
vt 0.042311 0.450195
vt 0.042486 0.456019
vt 0.031918 0.451590
vt 0.034196 0.457436
vt 0.031063 0.457056
vt 0.161637 0.976454
vt 0.161717 0.980540
vt 0.160164 0.977110
vt 0.039806 0.547556
vt 0.040165 0.544245
vt 0.673034 0.118652
vt 0.672250 0.116458
vt 0.676383 0.084639
vt 0.672300 0.111648
vt 0.628581 0.061709
vt 0.673611 0.080630
vt 0.169656 0.009426
vt 0.169299 0.009528
vt 0.169413 0.008397
vt 0.169590 0.011186
vt 0.168890 0.010846
vt 0.170432 0.012021
vt 0.148238 0.953168
vt 0.143060 0.956247
vt 0.979589 0.377991
vt 0.981281 0.378304
vt 0.022816 0.886697
vt 0.987284 0.665583
vt 0.990023 0.664969
vt 0.233373 0.283561
vt 0.230163 0.281154
vt 0.234219 0.281603
vt 0.230179 0.282835
vt 0.825777 0.448077
vt 0.972821 0.344176
vt 0.828159 0.485891
vt 0.989189 0.311722
vt 0.794741 0.164508
vt 0.792210 0.164002
vt 0.794578 0.162341
vt 0.798212 0.162769
vt 0.619645 0.188641
vt 0.627512 0.188337
vt 0.611505 0.219059
vt 0.628687 0.157835
vt 0.128237 0.978954
vt 0.125391 0.978397
vt 0.125754 0.974862
vt 0.887108 0.406595
vt 0.769199 0.641712
vt 0.767233 0.641472
vt 0.681951 0.752986
vt 0.683526 0.753015
vt 0.684765 0.753123
vt 0.685822 0.764214
vt 0.027468 0.339047
vt 0.026185 0.338710
vt 0.027456 0.337706
vt 0.027749 0.338111
vt 0.025346 0.339434
vt 0.027841 0.339965
vt 0.026453 0.342898
vt 0.239533 0.683545
vt 0.239894 0.683412
vt 0.230873 0.739457
vt 0.228192 0.740453
vt 0.238853 0.679803
vt 0.185023 0.539900
vt 0.209236 0.466727
vt 0.185830 0.540280
vt 0.228975 0.741068
vt 0.182348 0.536769
vt 0.553798 0.509520
vt 0.137016 0.007297
vt 0.134614 0.005145
vt 0.137249 0.008395
vt 0.133326 0.009376
vt 0.132004 0.006526
vt 0.180981 0.980378
vt 0.182203 0.979930
vt 0.180031 0.958471
vt 0.842024 0.923738
vt 0.843030 0.929535
vt 0.827224 0.927931
vt 0.678252 0.285474
vt 0.677364 0.295648
vt 0.674058 0.264900
vt 0.678062 0.263536
vt 0.837076 0.919660
vt 0.348231 0.497556
vt 0.401399 0.495458
vt 0.348825 0.497732
vt 0.339339 0.573905
vt 0.338751 0.573203
vt 0.347884 0.497411
vt 0.402603 0.495319
vt 0.615579 0.420789
vt 0.646279 0.401062
vt 0.332949 0.677256
vt 0.337154 0.676172
vt 0.330143 0.676189
vt 0.917122 0.212832
vt 0.930518 0.206604
vt 0.914493 0.210931
vt 0.919431 0.216781
vt 0.075000 0.959575
vt 0.117260 0.976090
vt 0.075086 0.961785
vt 0.075641 0.956092
vt 0.116321 0.974044
vt 0.045030 0.980856
vt 0.913635 0.980230
vt 0.917304 0.982476
vt 0.916712 0.983746
vt 0.915735 0.980509
vt 0.025272 0.129791
vt 0.015671 0.142926
vt 0.022567 0.128645
vt 0.944441 0.377663
vt 0.948040 0.379257
vt 0.018936 0.143941
vt 0.025237 0.136482
vt 0.025537 0.126331
vt 0.346577 0.963733
vt 0.349799 0.958503
vt 0.350201 0.963967
vt 0.153339 0.985454
vt 0.153022 0.983563
vt 0.156316 0.988738
vt 0.152491 0.989107
vt 0.630153 0.279566
vt 0.400151 0.892896
vt 0.627925 0.276021
vt 0.633120 0.276146
vt 0.620982 0.917123
vt 0.626078 0.905998
vt 0.532908 0.663192
vt 0.532495 0.657420
vt 0.964833 0.773333
vt 0.969788 0.780859
vt 0.202761 0.714544
vt 0.201294 0.714119
vt 0.204408 0.708953
vt 0.705710 0.240742
vt 0.708799 0.241224
vt 0.707902 0.242175
vt 0.704845 0.241277
vt 0.700807 0.238441
vt 0.706788 0.243021
vt 0.705966 0.239713
vt 0.254396 0.150276
vt 0.255603 0.149854
vt 0.254290 0.151438
vt 0.246187 0.794894
vt 0.243690 0.795401
vt 0.231520 0.739148
vt 0.232773 0.737721
vt 0.248346 0.796490
vt 0.625979 0.142727
vt 0.624942 0.141311
vt 0.625059 0.144142
vt 0.811285 0.486566
vt 0.813249 0.447924
vt 0.811994 0.486499
vt 0.972698 0.323326
vt 0.990227 0.323083
vt 0.971810 0.324859
vt 0.972651 0.322351
vt 0.990174 0.322097
vt 0.810163 0.486106
vt 0.400029 0.187170
vt 0.734916 0.228144
vt 0.777341 0.980841
vt 0.394777 0.966943
vt 0.324054 0.937992
vt 0.360475 0.916270
vt 0.394777 0.891291
vt 0.235617 0.408979
vt 0.177264 0.421733
vt 0.236817 0.015502
vt 0.225652 0.063692
vt 0.178986 0.000578
vt 0.287822 0.071375
vt 0.287822 0.353170
vt 0.895971 0.952940
vt 0.890289 0.959822
vt 0.003414 0.582094
vt 0.910311 0.984334
vt 0.015695 0.146023
vt 0.014829 0.146436
vt 0.014027 0.144680
vt 0.015845 0.144944
vt 0.026087 0.180867
vt 0.876204 0.876769
vt 0.876093 0.870439
vt 0.881730 0.908802
vt 0.975639 0.944704
vt 0.554416 0.888739
vt 0.551241 0.899044
vt 0.020634 0.291154
vt 0.010115 0.253690
vt 0.062366 0.248128
vt 0.248094 0.153609
vt 0.970558 0.734982
vt 0.971355 0.726684
vt 0.971539 0.735148
vt 0.969314 0.736302
vt 0.659494 0.248446
vt 0.895481 0.184345
vt 0.866446 0.107605
vt 0.914317 0.158996
vt 0.849876 0.030992
vt 0.898565 0.083947
vt 0.849754 0.113042
vt 0.931689 0.748628
vt 0.937814 0.754184
vt 0.940710 0.749633
vt 0.937083 0.726891
vt 0.922426 0.745919
vt 0.316517 0.799978
vt 0.199231 0.716867
vt 0.197495 0.716799
vt 0.198209 0.718884
vt 0.199605 0.714626
vt 0.981516 0.873065
vt 0.980631 0.873307
vt 0.983494 0.873163
vt 0.982217 0.875001
vt 0.700989 0.025815
vt 0.742233 0.016012
vt 0.742715 0.017383
vt 0.700750 0.027651
vt 0.699082 0.026204
vt 0.220791 0.260866
vt 0.222606 0.103731
vt 0.222606 0.260716
vt 0.219105 0.260530
vt 0.254917 0.149170
vt 0.252660 0.149125
vt 0.268713 0.868083
vt 0.261506 0.874059
vt 0.261901 0.869785
vt 0.267306 0.819919
vt 0.276294 0.858087
vt 0.293541 0.884957
vt 0.262353 0.876468
vt 0.287771 0.869905
vt 0.852268 0.206508
vt 0.851073 0.202966
vt 0.854548 0.203651
vt 0.866082 0.262106
vt 0.855935 0.205293
vt 0.789995 0.220153
vt 0.332008 0.981495
vt 0.333739 0.980542
vt 0.334936 0.981752
vt 0.330812 0.983492
vt 0.804257 0.161801
vt 0.057821 0.861821
vt 0.184483 0.565224
vt 0.168653 0.964993
vt 0.172139 0.968663
vt 0.166483 0.958983
vt 0.171112 0.963217
vt 0.782039 0.600467
vt 0.014647 0.024347
vt 0.461422 0.549511
vt 0.459527 0.552782
vt 0.458800 0.550427
vt 0.448010 0.520874
vt 0.463792 0.548063
vt 0.463388 0.550968
vt 0.712621 0.935053
vt 0.713004 0.937191
vt 0.702610 0.934227
vt 0.713034 0.931909
vt 0.477872 0.262843
vt 0.476509 0.299708
vt 0.475510 0.261486
vt 0.479746 0.261278
vt 0.479030 0.299811
vt 0.037861 0.017847
vt 0.038674 0.014249
vt 0.809514 0.072943
vt 0.134801 0.994011
vt 0.347172 0.974531
vt 0.954523 0.339754
vt 0.963928 0.337458
vt 0.973035 0.725699
vt 0.973274 0.702877
vt 0.973830 0.734399
vt 0.848684 0.334964
vt 0.839811 0.393318
vt 0.259206 0.088547
vt 0.089732 0.509221
vt 0.237480 0.681571
vt 0.133831 0.573905
vt 0.149690 0.527489
vt 0.431827 0.964319
vt 0.428088 0.965124
vt 0.434096 0.964142
vt 0.973350 0.231020
vt 0.972074 0.255374
vt 0.487666 0.876280
vt 0.792143 0.925238
vt 0.489908 0.881506
vt 0.483385 0.870366
vt 0.806097 0.923307
vt 0.790580 0.919491
vt 0.612713 0.414198
vt 0.646756 0.397798
vt 0.643783 0.401493
vt 0.645220 0.396766
vt 0.398298 0.494637
vt 0.355666 0.884155
vt 0.328390 0.678080
vt 0.330577 0.680189
vt 0.039745 0.543361
vt 0.413907 0.488758
vt 0.785756 0.582778
vt 0.782859 0.584541
vt 0.777519 0.574534
vt 0.444594 0.952951
vt 0.213679 0.726495
vt 0.216466 0.734366
vt 0.212339 0.728512
vt 0.205414 0.722955
vt 0.744338 0.019936
vt 0.802711 0.279157
vt 0.802711 0.307822
vt 0.284147 0.359945
vt 0.288524 0.358449
vt 0.285628 0.361331
vt 0.227000 0.285088
vt 0.226677 0.281450
vt 0.281901 0.364521
vt 0.710841 0.445849
vt 0.649513 0.408738
vt 0.224833 0.819508
vt 0.264807 0.818927
vt 0.258459 0.871372
vt 0.224846 0.819028
vt 0.226841 0.876087
vt 0.188819 0.955700
vt 0.189356 0.955379
vt 0.190241 0.956693
vt 0.888753 0.965056
vt 0.692304 0.765861
vt 0.693383 0.753320
vt 0.694072 0.766344
vt 0.692920 0.796946
vt 0.691186 0.796496
vt 0.690360 0.764887
vt 0.690616 0.753236
vt 0.004289 0.000674
vt 0.005217 0.000512
vt 0.005111 0.001178
vt 0.019040 0.437015
vt 0.021964 0.437247
vt 0.019467 0.438255
vt 0.165474 0.004236
vt 0.500171 0.599112
vt 0.507086 0.601731
vt 0.532054 0.231301
vt 0.849240 0.627517
vt 0.897379 0.627205
vt 0.895845 0.710672
vt 0.576438 0.228554
vt 0.849240 0.268169
vt 0.987064 0.069602
vt 0.983572 0.067141
vt 0.986694 0.065633
vt 0.987308 0.073587
vt 0.656508 0.280166
vt 0.865434 0.422122
vt 0.254143 0.269436
vt 0.936285 0.504348
vt 0.936134 0.500330
vt 0.760787 0.907327
vt 0.743017 0.300866
vt 0.330068 0.982035
vt 0.213518 0.279416
vt 0.153670 0.211646
vt 0.213402 0.211231
vt 0.481733 0.074420
vt 0.420471 0.082517
vt 0.420330 0.079146
vt 0.213641 0.280947
vt 0.152340 0.287282
vt 0.481310 0.142606
vt 0.481634 0.072888
vt 0.322907 0.684134
vt 0.742079 0.347174
vt 0.227823 0.313904
vt 0.223098 0.312779
vt 0.221519 0.266006
vt 0.748429 0.741905
vt 0.772163 0.786076
vt 0.747129 0.786076
vt 0.943427 0.429559
vt 0.778872 0.188871
vt 0.832169 0.173028
vt 0.789588 0.217635
vt 0.785951 0.218420
vt 0.776477 0.190732
vt 0.701097 0.241489
vt 0.698267 0.053068
vt 0.698628 0.055902
vt 0.697136 0.052212
vt 0.698776 0.027905
vt 0.633913 0.093012
vt 0.970422 0.128467
vt 0.964882 0.123915
vt 0.967882 0.131853
vt 0.186809 0.792534
vt 0.174331 0.808783
vt 0.183897 0.790347
vt 0.186905 0.789151
vt 0.208301 0.780941
vt 0.924912 0.856509
vt 0.897484 0.782739
vt 0.885683 0.937941
vt 0.885029 0.939995
vt 0.887372 0.935152
vt 0.883895 0.938276
vt 0.886359 0.933623
vt 0.499842 0.968393
vt 0.282713 0.369131
vt 0.282598 0.372298
vt 0.281345 0.366498
vt 0.353737 0.486307
vt 0.353397 0.428142
vt 0.149186 0.408238
vt 0.159493 0.353140
vt 0.059571 0.013886
vt 0.971515 0.055268
vt 0.975043 0.048783
vt 0.644211 0.935683
vt 0.706078 0.263049
vt 0.706695 0.263693
vt 0.705425 0.273237
vt 0.704976 0.261963
vt 0.704449 0.684768
vt 0.736141 0.686353
vt 0.735813 0.688521
vt 0.704520 0.647977
vt 0.729354 0.719990
vt 0.138610 0.795272
vt 0.042583 0.481590
vt 0.253977 0.156999
vt 0.558300 0.852192
vt 0.549686 0.857015
vt 0.552094 0.850930
vt 0.549640 0.918962
vt 0.558616 0.855783
vt 0.972189 0.359731
vt 0.970610 0.363615
vt 0.974781 0.356833
vt 0.001133 0.860847
vt 0.003944 0.862939
vt 0.320907 0.987813
vt 0.321215 0.983967
vt 0.461939 0.300865
vt 0.599508 0.990418
vt 0.091807 0.838872
vt 0.082768 0.850171
vt 0.076414 0.845382
vt 0.077911 0.835491
vt 0.947956 0.764327
vt 0.963159 0.761745
vt 0.677662 0.190965
vt 0.674447 0.190393
vt 0.781528 0.622600
vt 0.780508 0.618402
vt 0.990104 0.649315
vt 0.407677 0.091197
vt 0.411231 0.095225
vt 0.254554 0.264314
vt 0.257595 0.259444
vt 0.042186 0.027826
vt 0.042186 0.019150
vt 0.045217 0.019807
vt 0.252646 0.265745
vt 0.255179 0.255297
vt 0.516880 0.310618
vt 0.725248 0.550512
vt 0.516640 0.309763
vt 0.442141 0.301103
vt 0.984443 0.368540
vt 0.984944 0.369810
vt 0.984374 0.366838
vt 0.745813 0.027531
vt 0.745760 0.024280
vt 0.746977 0.030827
vt 0.538520 0.771202
vt 0.890065 0.957184
vt 0.526405 0.952887
vt 0.527690 0.946333
vt 0.510201 0.952876
vt 0.674314 0.236474
vt 0.840952 0.952542
vt 0.830343 0.951902
vt 0.842792 0.946646
vt 0.190006 0.538444
vt 0.800065 0.666597
vt 0.796139 0.628727
vt 0.211310 0.466917
vt 0.178835 0.439197
vt 0.366345 0.062980
vt 0.369528 0.061683
vt 0.377386 0.064347
vt 0.969859 0.873226
vt 0.970487 0.900198
vt 0.707646 0.264578
vt 0.973116 0.872044
vt 0.636235 0.927156
vt 0.356316 0.486459
vt 0.355364 0.491636
vt 0.201686 0.815856
vt 0.000081 0.974205
vt 0.674773 0.749483
vt 0.628647 0.725558
vt 0.644047 0.692394
vt 0.000196 0.973467
vt 0.628157 0.248158
vt 0.565708 0.906813
vt 0.579377 0.904248
vt 0.579703 0.909086
vt 0.577865 0.912532
vt 0.563255 0.914594
vt 0.739230 0.720092
vt 0.736669 0.721313
vt 0.738903 0.722544
vt 0.736542 0.371461
vt 0.738840 0.371005
vt 0.128752 0.854972
vt 0.096348 0.022580
vt 0.097973 0.021121
vt 0.095238 0.024347
vt 0.187433 0.955881
vt 0.813133 0.871684
vt 0.964334 0.727216
vt 0.967378 0.730836
vt 0.197120 0.959965
vt 0.161819 0.006301
vt 0.160629 0.006047
vt 0.161115 0.005012
vt 0.162948 0.005740
vt 0.497410 0.596067
vt 0.496729 0.599791
vt 0.882047 0.914261
vt 0.885634 0.930890
vt 0.881775 0.912183
vt 0.883746 0.913297
vt 0.886469 0.929694
vt 0.879866 0.913375
vt 0.478830 0.216603
vt 0.417511 0.208214
vt 0.804627 0.163247
vt 0.806960 0.162243
vt 0.051375 0.829954
vt 0.050066 0.826068
vt 0.604507 0.348655
vt 0.590983 0.344067
vt 0.604892 0.354696
vt 0.603555 0.339643
vt 0.364833 0.966182
vt 0.363332 0.964119
vt 0.368455 0.971202
vt 0.511247 0.176407
vt 0.509430 0.184345
vt 0.491795 0.179323
vt 0.493178 0.172436
vt 0.511093 0.167648
vt 0.151046 0.954744
vt 0.155334 0.954334
vt 0.214108 0.700099
vt 0.441443 0.918599
vt 0.442956 0.913836
vt 0.225057 0.066046
vt 0.287405 0.072199
vt 0.157185 0.094555
vt 0.164942 0.058131
vt 0.028718 0.069564
vt 0.028718 0.006579
vt 0.031304 0.006972
vt 0.908949 0.953973
vt 0.729145 0.369543
vt 0.701699 0.966943
vt 0.702026 0.963718
vt 0.712350 0.965978
vt 0.652093 0.137389
vt 0.655063 0.136090
vt 0.181878 0.956639
vt 0.181039 0.956806
vt 0.182357 0.958847
vt 0.918647 0.176718
vt 0.916830 0.178578
vt 0.958009 0.159802
vt 0.919842 0.177758
vt 0.968347 0.265002
vt 0.487143 0.911071
vt 0.491610 0.907520
vt 0.492632 0.915395
vt 0.486297 0.920376
vt 0.806696 0.677353
vt 0.163003 0.893772
vt 0.343875 0.675447
vt 0.347279 0.673203
vt 0.566160 0.873940
vt 0.064141 0.801207
vt 0.514776 0.722711
vt 0.486145 0.724426
vt 0.480860 0.708578
vt 0.041571 0.433800
vt 0.041858 0.439604
vt 0.143550 0.841158
vt 0.341262 0.714773
vt 0.884079 0.980856
vt 0.883895 0.977354
vt 0.081952 0.728053
vt 0.182110 0.789891
vt 0.153142 0.806718
vt 0.365196 0.959132
vt 0.139505 0.976868
vt 0.142481 0.978356
vt 0.891292 0.773813
vt 0.897016 0.774060
vt 0.892963 0.781056
vt 0.892704 0.766655
vt 0.955095 0.328087
vt 0.955160 0.333956
vt 0.805431 0.146816
vt 0.445206 0.522043
vt 0.161245 0.480232
vt 0.098225 0.489197
vt 0.098730 0.535852
vt 0.980144 0.873578
vt 0.982988 0.899652
vt 0.405442 0.087355
vt 0.404048 0.089673
vt 0.346005 0.078076
vt 0.116567 0.977539
vt 0.339608 0.424342
vt 0.024347 0.429380
vt 0.022765 0.428406
vt 0.018310 0.291237
vt 0.256296 0.148798
vt 0.256503 0.149592
vt 0.255535 0.149026
vt 0.257366 0.148637
vt 0.735896 0.643684
vt 0.913365 0.822598
vt 0.470681 0.712207
vt 0.979117 0.597992
vt 0.978651 0.589344
vt 0.977735 0.602410
vt 0.969610 0.597678
vt 0.583516 0.948033
vt 0.480514 0.932214
vt 0.711974 0.523700
vt 0.695904 0.526799
vt 0.695904 0.653904
vt 0.793033 0.146701
vt 0.163869 0.003890
vt 0.759587 0.163679
vt 0.761779 0.157136
vt 0.770191 0.158386
vt 0.125526 0.032593
vt 0.310427 0.639587
vt 0.224748 0.627419
vt 0.313938 0.601096
vt 0.219341 0.642917
vt 0.323486 0.601264
vt 0.847642 0.431540
vt 0.845956 0.437720
vt 0.841252 0.438928
vt 0.564668 0.957541
vt 0.560719 0.967930
vt 0.553782 0.974733
vt 0.972324 0.370562
vt 0.024898 0.893270
vt 0.966810 0.905036
vt 0.642068 0.139129
vt 0.641548 0.123291
vt 0.642597 0.137421
vt 0.639556 0.137328
vt 0.565908 0.259144
vt 0.574580 0.248850
vt 0.592049 0.258529
vt 0.545219 0.299751
vt 0.486133 0.173379
vt 0.483598 0.179792
vt 0.485930 0.164928
vt 0.116747 0.621869
vt 0.126934 0.626345
vt 0.116698 0.629661
vt 0.116749 0.617177
vt 0.126955 0.618808
vt 0.126950 0.623418
vt 0.112832 0.621117
vt 0.113153 0.626986
vt 0.680793 0.752900
vt 0.718181 0.279073
vt 0.720883 0.276186
vt 0.732164 0.300866
vt 0.717236 0.275697
vt 0.718388 0.274528
vt 0.716514 0.278523
vt 0.245129 0.679350
vt 0.244176 0.681524
vt 0.968060 0.043043
vt 0.895894 0.359949
vt 0.850475 0.359877
vt 0.850036 0.359199
vt 0.554999 0.513159
vt 0.600891 0.548781
vt 0.557226 0.547685
vt 0.896132 0.358977
vt 0.897379 0.394221
vt 0.553911 0.512171
vt 0.599338 0.513850
vt 0.599806 0.514357
vt 0.134476 0.011747
vt 0.132333 0.035607
vt 0.183466 0.991118
vt 0.494066 0.987048
vt 0.490641 0.989552
vt 0.494941 0.984375
vt 0.283352 0.811300
vt 0.286825 0.810770
vt 0.152422 0.290512
vt 0.151929 0.289430
vt 0.213649 0.283568
vt 0.116233 0.208667
vt 0.214638 0.284231
vt 0.152414 0.291484
vt 0.983082 0.254721
vt 0.982907 0.256095
vt 0.981352 0.255832
vt 0.983424 0.232486
vt 0.983556 0.256228
vt 0.981323 0.252900
vt 0.982378 0.232751
vt 0.958730 0.124938
vt 0.960569 0.128133
vt 0.123719 0.041739
vt 0.007804 0.074307
vt 0.012534 0.073313
vt 0.978462 0.363382
vt 0.979682 0.366145
vt 0.764062 0.008448
vt 0.970711 0.910249
vt 0.969859 0.910378
vt 0.786639 0.220794
vt 0.783814 0.220171
vt 0.703911 0.242013
vt 0.988856 0.219745
vt 0.988693 0.230939
vt 0.987093 0.220670
vt 0.989552 0.230900
vt 0.459882 0.931417
vt 0.466460 0.940171
vt 0.209072 0.417386
vt 0.209378 0.415884
vt 0.365212 0.417386
vt 0.254852 0.152919
vt 0.252777 0.153060
vt 0.753919 0.010097
vt 0.738199 0.298562
vt 0.243256 0.795952
vt 0.694497 0.755050
vt 0.028327 0.337278
vt 0.029006 0.338868
vt 0.775289 0.973124
vt 0.776439 0.976243
vt 0.775603 0.969021
vt 0.201465 0.572656
vt 0.170018 0.958677
vt 0.249168 0.174344
vt 0.615071 0.711061
vt 0.615166 0.694006
vt 0.615782 0.696455
vt 0.608058 0.693183
vt 0.612800 0.695118
vt 0.377373 0.055457
vt 0.936929 0.564079
vt 0.939358 0.579879
vt 0.137487 0.987465
vt 0.147275 0.989593
vt 0.689754 0.943312
vt 0.214643 0.286403
vt 0.151914 0.292935
vt 0.214639 0.285316
vt 0.152076 0.294384
vt 0.213869 0.287636
vt 0.769607 0.138852
vt 0.769772 0.613056
vt 0.778421 0.612482
vt 0.769105 0.614046
vt 0.685618 0.060679
vt 0.679081 0.026425
vt 0.684782 0.798065
vt 0.684986 0.796529
vt 0.348644 0.126144
vt 0.403385 0.130356
vt 0.345476 0.171469
vt 0.286227 0.122130
vt 0.415647 0.167099
vt 0.939118 0.362609
vt 0.889083 0.408886
vt 0.917928 0.343027
vt 0.934369 0.354378
vt 0.902007 0.379125
vt 0.512673 0.159172
vt 0.492772 0.162097
vt 0.514028 0.146105
vt 0.889030 0.934632
vt 0.561734 0.985915
vt 0.557720 0.979647
vt 0.568466 0.976316
vt 0.564191 0.991291
vt 0.533331 0.991291
vt 0.571194 0.982722
vt 0.649553 0.269639
vt 0.258957 0.896077
vt 0.261532 0.895318
vt 0.041045 0.050934
vt 0.040717 0.053624
vt 0.039638 0.053458
vt 0.046097 0.051627
vt 0.543447 0.427240
vt 0.184693 0.576410
vt 0.197200 0.574784
vt 0.184492 0.570238
vt 0.194762 0.716511
vt 0.128534 0.204204
vt 0.135650 0.169650
vt 0.346727 0.701639
vt 0.007503 0.031304
vt 0.007503 0.022135
vt 0.010435 0.030563
vt 0.259040 0.304796
vt 0.256879 0.296235
vt 0.012992 0.004304
vt 0.017391 0.006213
vt 0.012992 0.013913
vt 0.788723 0.603739
vt 0.793033 0.603584
vt 0.245788 0.225025
vt 0.440609 0.962783
vt 0.875826 0.814898
vt 0.516238 0.807087
vt 0.614283 0.380864
vt 0.777510 0.735663
vt 0.819984 0.799989
vt 0.224345 0.879988
vt 0.058362 0.207985
vt 0.028101 0.174873
vt 0.067327 0.200348
vt 0.013789 0.185470
vt 0.117029 0.207259
vt 0.686536 0.288692
vt 0.686536 0.236770
vt 0.688686 0.237344
vt 0.051783 0.658539
vt 0.046586 0.659251
vt 0.051297 0.656570
vt 0.055651 0.655119
vt 0.256885 0.292110
vt 0.266540 0.298823
vt 0.810424 0.587818
vt 0.219211 0.472617
vt 0.280650 0.485560
vt 0.682403 0.866517
vt 0.673778 0.833230
vt 0.213587 0.593432
vt 0.687235 0.864920
vt 0.983263 0.059903
vt 0.973608 0.061057
vt 0.973410 0.057763
vt 0.985978 0.061223
vt 0.983090 0.063659
vt 0.983732 0.055981
vt 0.985913 0.058914
vt 0.983265 0.056459
vt 0.619047 0.974641
vt 0.599603 0.974371
vt 0.882775 0.950232
vt 0.818162 0.915564
vt 0.839254 0.915867
vt 0.818119 0.919473
vt 0.453594 0.853398
vt 0.480209 0.868837
vt 0.789869 0.916145
vt 0.241933 0.964556
vt 0.255174 0.969158
vt 0.255688 0.976976
vt 0.032323 0.446221
vt 0.033941 0.442833
vt 0.041931 0.444841
vt 0.018460 0.043297
vt 0.020860 0.045433
vt 0.018315 0.046956
vt 0.018315 0.040364
vt 0.020869 0.042017
vt 0.149773 0.958565
vt 0.441698 0.924214
vt 0.445603 0.927220
vt 0.714679 0.965647
vt 0.718405 0.955744
vt 0.720788 0.965089
vt 0.625273 0.921106
vt 0.069713 0.806676
vt 0.105465 0.005978
vt 0.112009 0.011898
vt 0.102603 0.011620
vt 0.176574 0.954967
vt 0.274779 0.116059
vt 0.437904 0.975103
vt 0.733338 0.437843
vt 0.652579 0.513560
vt 0.652583 0.514049
vt 0.732931 0.437789
vt 0.599671 0.981681
vt 0.619122 0.980840
vt 0.621201 0.958265
vt 0.619232 0.958732
vt 0.645789 0.932335
vt 0.371428 0.971451
vt 0.373908 0.990780
vt 0.369284 0.970730
vt 0.372957 0.991291
vt 0.372030 0.987980
vt 0.370117 0.972196
vt 0.257388 0.149335
vt 0.358855 0.903026
vt 0.359503 0.900070
vt 0.365897 0.904007
vt 0.360843 0.909553
vt 0.355313 0.904935
vt 0.356517 0.901388
vt 0.970198 0.370686
vt 0.212753 0.625199
vt 0.675644 0.111516
vt 0.702798 0.937569
vt 0.712963 0.939680
vt 0.779108 0.614520
vt 0.779408 0.616634
vt 0.781062 0.611598
vt 0.978856 0.266582
vt 0.981001 0.265356
vt 0.980595 0.295146
vt 0.619153 0.398952
vt 0.000594 0.198350
vt 0.620861 0.400886
vt 0.766686 0.961896
vt 0.758795 0.963465
vt 0.758780 0.961544
vt 0.766754 0.958483
vt 0.366951 0.900521
vt 0.525962 0.140640
vt 0.539680 0.773968
vt 0.888088 0.954248
vt 0.891599 0.947203
vt 0.886346 0.944712
vt 0.495645 0.949200
vt 0.495251 0.947050
vt 0.918248 0.156248
vt 0.916390 0.157397
vt 0.872322 0.102984
vt 0.959987 0.000450
vt 0.927481 0.075672
vt 0.926004 0.005600
vt 0.918248 0.074302
vt 0.961744 0.467484
vt 0.215401 0.137250
vt 0.151293 0.131473
vt 0.329829 0.666907
vt 0.600648 0.589518
vt 0.556535 0.652165
vt 0.600606 0.586344
vt 0.652876 0.586638
vt 0.172991 0.808827
vt 0.359641 0.959109
vt 0.906329 0.841591
vt 0.926731 0.843294
vt 0.904882 0.842999
vt 0.029143 0.339787
vt 0.033158 0.009318
vt 0.238688 0.428112
vt 0.960946 0.814957
vt 0.972161 0.811522
vt 0.972161 0.869553
vt 0.959153 0.820567
vt 0.905125 0.596514
vt 0.905125 0.539655
vt 0.919987 0.544320
vt 0.069428 0.046466
vt 0.528410 0.662446
vt 0.859119 0.956509
vt 0.843261 0.952700
vt 0.859119 0.899650
vt 0.982200 0.296051
vt 0.013799 0.195503
vt 0.249219 0.157763
vt 0.249669 0.156178
vt 0.247944 0.155835
vt 0.492781 0.147657
vt 0.485931 0.154021
vt 0.514776 0.131447
vt 0.485081 0.142608
vt 0.492184 0.131602
vt 0.744997 0.256221
vt 0.747403 0.260813
vt 0.739033 0.726116
vt 0.768479 0.734535
vt 0.789554 0.793033
vt 0.736807 0.723439
vt 0.697935 0.751353
vt 0.456017 0.776030
vt 0.484256 0.805874
vt 0.273436 0.248436
vt 0.335772 0.250025
vt 0.273059 0.245859
vt 0.628475 0.940857
vt 0.628475 0.878205
vt 0.631296 0.940511
vt 0.974066 0.221482
vt 0.975528 0.231183
vt 0.974837 0.230436
vt 0.977196 0.220795
vt 0.052207 0.864840
vt 0.499333 0.557127
vt 0.496779 0.554000
vt 0.507721 0.559197
vt 0.702509 0.940357
vt 0.654916 0.110068
vt 0.652916 0.110588
vt 0.654847 0.106721
vt 0.654866 0.112870
vt 0.784416 0.592021
vt 0.783805 0.595842
vt 0.986728 0.629136
vt 0.992010 0.630682
vt 0.974578 0.629255
vt 0.643715 0.091304
vt 0.643654 0.090500
vt 0.000239 0.014170
vt 0.001465 0.010246
vt 0.001739 0.014153
vt 0.001739 0.170432
vt 0.202312 0.819598
vt 0.146282 0.957578
vt 0.751197 0.261360
vt 0.748992 0.260453
vt 0.750239 0.259002
vt 0.283012 0.808613
vt 0.274602 0.802286
vt 0.276806 0.800801
vt 0.285615 0.807578
vt 0.284294 0.809814
vt 0.354402 0.980878
vt 0.337048 0.946724
vt 0.969211 0.307133
vt 0.082878 0.726082
vt 0.046984 0.715781
vt 0.093686 0.704345
vt 0.679802 0.083099
vt 0.733642 0.082805
vt 0.733903 0.080117
vt 0.677602 0.081788
vt 0.679079 0.079263
vt 0.833906 0.897256
vt 0.792968 0.892600
vt 0.438577 0.963871
vt 0.897315 0.764869
vt 0.892812 0.761087
vt 0.897127 0.759230
vt 0.871000 0.950232
vt 0.871913 0.949965
vt 0.869945 0.949775
vt 0.458498 0.986128
vt 0.428380 0.375980
vt 0.250431 0.318259
vt 0.250431 0.330430
vt 0.246482 0.329864
vt 0.581395 0.888126
vt 0.597587 0.892724
vt 0.129789 0.726262
vt 0.323553 0.598121
vt 0.314199 0.598194
vt 0.969185 0.604192
vt 0.965272 0.605703
vt 0.965545 0.601370
vt 0.977390 0.609370
vt 0.969838 0.607922
vt 0.969181 0.601065
vt 0.977418 0.605540
vt 0.195445 0.719482
vt 0.825022 0.273624
vt 0.805735 0.277113
vt 0.824449 0.271898
vt 0.991085 0.320599
vt 0.368691 0.424148
vt 0.145832 0.347721
vt 0.143504 0.843048
vt 0.140862 0.848649
vt 0.713818 0.239253
vt 0.200024 0.805688
vt 0.737120 0.688637
vt 0.736000 0.647840
vt 0.737350 0.686217
vt 0.440408 0.991291
vt 0.437658 0.982452
vt 0.437759 0.977867
vt 0.516001 0.802937
vt 0.405393 0.279996
vt 0.897191 0.972133
vt 0.335876 0.711640
vt 0.154869 0.991547
vt 0.160471 0.992230
vt 0.153553 0.994836
vt 0.151608 0.992632
vt 0.333417 0.685251
vt 0.906757 0.174451
vt 0.975328 0.983669
vt 0.947602 0.971802
vt 0.977378 0.984334
vt 0.927456 0.983110
vt 0.611274 0.378347
vt 0.612866 0.380282
vt 0.255431 0.159688
vt 0.473035 0.721791
vt 0.590519 0.861981
vt 0.163352 0.022990
vt 0.739284 0.358741
vt 0.416608 0.575656
vt 0.459029 0.558684
vt 0.652313 0.106477
vt 0.630800 0.125333
vt 0.630407 0.136888
vt 0.632563 0.092250
vt 0.933656 0.894718
vt 0.931432 0.893541
vt 0.882946 0.911334
vt 0.944354 0.904746
vt 0.943168 0.907755
vt 0.934121 0.891881
vt 0.358635 0.883564
vt 0.754523 0.029281
vt 0.755325 0.026289
vt 0.970741 0.612551
vt 0.967166 0.612946
vt 0.285310 0.364281
vt 0.810057 0.154341
vt 0.805950 0.152451
vt 0.807504 0.150314
vt 0.810637 0.153448
vt 0.984861 0.371433
vt 0.669605 0.708046
vt 0.663205 0.708058
vt 0.922143 0.983796
vt 0.949193 0.969808
vt 0.925707 0.982260
vt 0.948420 0.589802
vt 0.948495 0.592963
vt 0.948028 0.586694
vt 0.923075 0.982157
vt 0.034727 0.486950
vt 0.034387 0.484357
vt 0.042436 0.485895
vt 0.015146 0.031304
vt 0.014494 0.027221
vt 0.017391 0.029955
vt 0.330206 0.817912
vt 0.354028 0.874755
vt 0.325280 0.890423
vt 0.325280 0.761528
vt 0.366082 0.802516
vt 0.895556 0.713819
vt 0.824483 0.561176
vt 0.821570 0.566839
vt 0.831293 0.545596
vt 0.721694 0.302824
vt 0.112135 0.026028
vt 0.105336 0.027182
vt 0.106164 0.023755
vt 0.111379 0.029565
vt 0.113042 0.021407
vt 0.519157 0.218412
vt 0.620477 0.220968
vt 0.528688 0.288692
vt 0.857299 0.412867
vt 0.854450 0.415099
vt 0.855482 0.410464
vt 0.865666 0.410464
vt 0.865561 0.416820
vt 0.856707 0.418678
vt 0.994769 0.369983
vt 0.156093 0.966998
vt 0.645268 0.242431
vt 0.652811 0.248632
vt 0.641207 0.234757
vt 0.650884 0.240796
vt 0.031304 0.082008
vt 0.031304 0.343033
vt 0.025346 0.469559
vt 0.029787 0.343174
vt 0.030093 0.339823
vt 0.960250 0.756605
vt 0.200315 0.584684
vt 0.089404 0.129740
vt 0.148772 0.133875
vt 0.117237 0.206062
vt 0.161423 0.060098
vt 0.046672 0.117087
vt 0.094941 0.037306
vt 0.116166 0.053507
vt 0.791991 0.594049
vt 0.786258 0.593724
vt 0.020715 0.053912
vt 0.018999 0.049356
vt 0.022608 0.049356
vt 0.266083 0.958916
vt 0.255699 0.968096
vt 0.287467 0.964773
vt 0.298065 0.971140
vt 0.141958 0.960034
vt 0.137615 0.959560
vt 0.218945 0.708564
vt 0.531067 0.983695
vt 0.529271 0.976689
vt 0.794327 0.160307
vt 0.795932 0.158481
vt 0.798661 0.158947
vt 0.798096 0.160452
vt 0.605209 0.402293
vt 0.592930 0.400778
vt 0.604984 0.397133
vt 0.687816 0.941031
vt 0.970130 0.354174
vt 0.685689 0.798489
vt 0.720649 0.273847
vt 0.732164 0.250662
vt 0.043126 0.105556
vt 0.040799 0.096955
vt 0.984907 0.231717
vt 0.985649 0.220738
vt 0.983724 0.220778
vt 0.502318 0.922642
vt 0.507858 0.920511
vt 0.979938 0.305683
vt 0.007585 0.213910
vt 0.004715 0.213157
vt 0.160781 0.996420
vt 0.164570 0.992258
vt 0.837076 0.428154
vt 0.839254 0.440252
vt 0.128614 0.829880
vt 0.130862 0.855330
vt 0.655785 0.981419
vt 0.672478 0.724541
vt 0.673034 0.723320
vt 0.035948 0.865201
vt 0.952463 0.889976
vt 0.956734 0.887405
vt 0.952531 0.895804
vt 0.228985 0.290431
vt 0.336893 0.064078
vt 0.344765 0.065051
vt 0.336539 0.066146
vt 0.345156 0.062659
vt 0.336569 0.061306
vt 0.979272 0.480168
vt 0.963706 0.472590
vt 0.269156 0.099129
vt 0.269156 0.081819
vt 0.274779 0.082384
vt 0.984604 0.482704
vt 0.989552 0.465801
vt 0.712064 0.954568
vt 0.907831 0.170567
vt 0.051601 0.087375
vt 0.048776 0.087412
vt 0.052173 0.083021
vt 0.437510 0.963025
vt 0.881867 0.838223
vt 0.878860 0.837454
vt 0.881497 0.839473
vt 0.899756 0.081943
vt 0.823861 0.446188
vt 0.623449 0.959934
vt 0.636513 0.977378
vt 0.613869 0.433898
vt 0.551742 0.258388
vt 0.100554 0.020552
vt 0.093286 0.013762
vt 0.340424 0.675066
vt 0.964749 0.133911
vt 0.354864 0.987772
vt 0.353155 0.987376
vt 0.596514 0.946562
vt 0.594989 0.984504
vt 0.592958 0.984918
vt 0.595156 0.947177
vt 0.559360 0.913954
vt 0.553105 0.911376
vt 0.039638 0.059130
vt 0.046956 0.055636
vt 0.200855 0.690368
vt 0.917599 0.935392
vt 0.720222 0.911228
vt 0.728697 0.847698
vt 0.759857 0.904941
vt 0.511230 0.111009
vt 0.253910 0.272497
vt 0.748429 0.260147
vt 0.748842 0.263057
vt 0.972824 0.328238
vt 0.991291 0.327191
vt 0.339787 0.173026
vt 0.280963 0.175029
vt 0.339704 0.175366
vt 0.282025 0.179185
vt 0.614856 0.692663
vt 0.623859 0.663397
vt 0.625321 0.667011
vt 0.632506 0.937379
vt 0.631239 0.899491
vt 0.634774 0.899491
vt 0.635265 0.090945
vt 0.225050 0.816042
vt 0.262774 0.817505
vt 0.223369 0.797832
vt 0.259216 0.802000
vt 0.563085 0.860719
vt 0.854301 0.202252
vt 0.856853 0.204405
vt 0.853575 0.200220
vt 0.002172 0.867323
vt 0.504340 0.759049
vt 0.481650 0.071352
vt 0.213642 0.282482
vt 0.152892 0.288336
vt 0.644239 0.992757
vt 0.766073 0.611864
vt 0.159998 0.348273
vt 0.953838 0.018906
vt 0.043887 0.943906
vt 0.038129 0.980856
vt 0.038129 0.943009
vt 0.046956 0.944410
vt 0.976147 0.875923
vt 0.563675 0.971629
vt 0.769333 0.189331
vt 0.953031 0.294273
vt 0.966933 0.617347
vt 0.969295 0.616754
vt 0.978065 0.624339
vt 0.908775 0.973365
vt 0.843581 0.438846
vt 0.092139 0.508943
vt 0.092173 0.531387
vt 0.090226 0.531263
vt 0.255300 0.088925
vt 0.256884 0.091808
vt 0.253645 0.106879
vt 0.433382 0.948660
vt 0.215933 0.735642
vt 0.576993 0.918192
vt 0.703428 0.274023
vt 0.704538 0.274181
vt 0.692919 0.385344
vt 0.687366 0.382041
vt 0.978282 0.750585
vt 0.968455 0.748954
vt 0.978199 0.753827
vt 0.979611 0.253424
vt 0.316972 0.980739
vt 0.010705 0.417386
vt 0.010705 0.261759
vt 0.012174 0.416994
vt 0.253853 0.136705
vt 0.995328 0.667838
vt 0.474279 0.300345
vt 0.236488 0.194319
vt 0.151614 0.136243
vt 0.213299 0.143921
vt 0.500371 0.883466
vt 0.452078 0.838739
vt 0.672954 0.735097
vt 0.440712 0.785205
vt 0.947201 0.587342
vt 0.965012 0.749528
vt 0.978139 0.220781
vt 0.979730 0.220882
vt 0.977900 0.230498
vt 0.943154 0.756222
vt 0.784232 0.606043
vt 0.785480 0.595712
vt 0.643649 0.124128
vt 0.947813 0.900775
vt 0.256336 0.240157
vt 0.247520 0.242506
vt 0.247681 0.240365
vt 0.255667 0.243475
vt 0.747752 0.033303
vt 0.751591 0.031431
vt 0.541879 0.798733
vt 0.541184 0.773974
vt 0.028597 0.341641
vt 0.059325 0.868982
vt 0.065315 0.866025
vt 0.076505 0.883229
vt 0.213347 0.142547
vt 0.162606 0.058087
vt 0.345299 0.670229
vt 0.345129 0.671761
vt 0.144325 0.335648
vt 0.101907 0.703688
vt 0.764705 0.393812
vt 0.129720 0.720383
vt 0.767582 0.429052
vt 0.252960 0.139893
vt 0.231737 0.177389
vt 0.021258 0.917108
vt 0.028868 0.905919
vt 0.635060 0.238838
vt 0.559216 0.920578
vt 0.563834 0.919276
vt 0.588000 0.227462
vt 0.565558 0.254159
vt 0.600543 0.229537
vt 0.152569 0.808572
vt 0.152569 0.875673
vt 0.937101 0.498865
vt 0.980856 0.498865
vt 0.450910 0.895997
vt 0.452546 0.889836
vt 0.458154 0.893507
vt 0.714199 0.277247
vt 0.690300 0.280931
vt 0.714347 0.276620
vt 0.739621 0.688631
vt 0.739304 0.690040
vt 0.913656 0.517162
vt 0.901496 0.457926
vt 0.904177 0.459917
vt 0.234779 0.317531
vt 0.230984 0.318256
vt 0.234575 0.301952
vt 0.901496 0.519424
vt 0.854841 0.421132
vt 0.160921 0.984376
vt 0.625866 0.138770
vt 0.431298 0.947947
vt 0.408562 0.993030
vt 0.396935 0.947947
vt 0.364476 0.001338
vt 0.393038 0.020444
vt 0.324346 0.014638
vt 0.660861 0.001525
vt 0.660861 0.069564
vt 0.628098 0.039943
vt 0.165031 0.008609
vt 0.234693 0.279507
vt 0.289897 0.373908
vt 0.284461 0.373785
vt 0.290431 0.372577
vt 0.583031 0.940390
vt 0.033158 0.153041
vt 0.036074 0.016806
vt 0.694721 0.930774
vt 0.331236 0.953777
vt 0.333468 0.952492
vt 0.323822 0.964359
vt 0.251304 0.308861
vt 0.247780 0.318448
vt 0.247651 0.310515
vt 0.019502 0.013913
vt 0.019502 0.004753
vt 0.020869 0.004931
vt 0.253776 0.313893
vt 0.374255 0.490645
vt 0.377287 0.432917
vt 0.678252 0.255217
vt 0.271179 0.319260
vt 0.836135 0.169863
vt 0.876510 0.140601
vt 0.857829 0.202105
vt 0.835527 0.172871
vt 0.974175 0.257013
vt 0.973260 0.254915
vt 0.000760 0.470533
vt 0.001739 0.470399
vt 0.001739 0.521732
vt 0.540664 0.799384
vt 0.539849 0.815068
vt 0.618015 0.989666
vt 0.164262 0.702599
vt 0.103436 0.024158
vt 0.971861 0.326994
vt 0.990323 0.326175
vt 0.576788 0.946897
vt 0.574762 0.946562
vt 0.971840 0.325901
vt 0.991263 0.324494
vt 0.689013 0.753234
vt 0.688719 0.764529
vt 0.686991 0.753207
vt 0.803617 0.156027
vt 0.803820 0.153035
vt 0.775321 0.966412
vt 0.005225 0.520962
vt 0.003444 0.535134
vt 0.021665 0.544120
vt 0.252171 0.183824
vt 0.973957 0.065444
vt 0.868232 0.261758
vt 0.472613 0.300284
vt 0.473621 0.262029
vt 0.469924 0.300290
vt 0.946811 0.757552
vt 0.950948 0.753028
vt 0.201736 0.579223
vt 0.201070 0.707660
vt 0.203268 0.707230
vt 0.347821 0.423295
vt 0.735568 0.130325
vt 0.467643 0.758072
vt 0.467820 0.705267
vt 0.345886 0.177074
vt 0.770424 0.149190
vt 0.770281 0.144845
vt 0.689348 0.068580
vt 0.257686 0.286713
vt 0.202209 0.822598
vt 0.065110 0.914607
vt 0.558428 0.926314
vt 0.737164 0.367616
vt 0.879716 0.840526
vt 0.878645 0.840812
vt 0.975008 0.942669
vt 0.968902 0.922864
vt 0.115329 0.213895
vt 0.043754 0.093912
vt 0.955923 0.273040
vt 0.955923 0.218889
vt 0.959886 0.224501
vt 0.098998 0.823794
vt 0.125307 0.826295
vt 0.099202 0.822011
vt 0.121105 0.000395
vt 0.114532 0.047875
vt 0.113768 0.048099
vt 0.022608 0.307316
vt 0.022608 0.358256
vt 0.020671 0.307820
vt 0.290431 0.360977
vt 0.287898 0.361240
vt 0.616471 0.420302
vt 0.350316 0.497788
vt 0.374860 0.056210
vt 0.987043 0.257932
vt 0.126955 0.630824
vt 0.301418 0.979273
vt 0.302264 0.980216
vt 0.506842 0.581401
vt 0.499120 0.577532
vt 0.983664 0.377702
vt 0.879889 0.911472
vt 0.135832 0.990624
vt 0.362384 0.961574
vt 0.116868 0.613873
vt 0.126544 0.615293
vt 0.048695 0.039062
vt 0.047748 0.043478
vt 0.045392 0.039062
vt 0.409047 0.691233
vt 0.978623 0.354742
vt 0.984166 0.354742
vt 0.979159 0.356514
vt 0.814679 0.445908
vt 0.622878 0.855618
vt 0.740138 0.924330
vt 0.744739 0.930969
vt 0.737475 0.930499
vt 0.126955 0.040147
vt 0.870939 0.846743
vt 0.544319 0.815618
vt 0.390906 0.255341
vt 0.939118 0.455646
vt 0.503045 0.883388
vt 0.065793 0.005793
vt 0.434037 0.980784
vt 0.432359 0.979388
vt 0.835769 0.440903
vt 0.836926 0.443472
vt 0.801908 0.435287
vt 0.242527 0.796511
vt 0.548590 0.909616
vt 0.935223 0.206708
vt 0.977378 0.196734
vt 0.759351 0.306978
vt 0.305740 0.959785
vt 0.824775 0.445509
vt 0.361798 0.958503
vt 0.970875 0.149845
vt 0.356930 0.899055
vt 0.359824 0.898317
vt 0.339273 0.981906
vt 0.335480 0.979814
vt 0.209085 0.625733
vt 0.951025 0.902608
vt 0.984116 0.875211
vt 0.287261 0.371253
vt 0.555996 0.927262
vt 0.549826 0.928840
vt 0.890249 0.931076
vt 0.507182 0.563838
vt 0.663475 0.716934
vt 0.668778 0.717507
vt 0.759677 0.592918
vt 0.764337 0.593097
vt 0.312258 0.395647
vt 0.297301 0.389952
vt 0.917651 0.933443
vt 0.918248 0.930442
vt 0.421083 0.142242
vt 0.135306 0.048105
vt 0.705508 0.244116
vt 0.076488 0.909056
vt 0.912704 0.726835
vt 0.345266 0.061289
vt 0.981518 0.307480
vt 0.833036 0.704000
vt 0.965613 0.883205
vt 0.965768 0.888039
vt 0.738750 0.941076
vt 0.624812 0.956568
vt 0.624197 0.956249
vt 0.636513 0.935283
vt 0.956661 0.037015
vt 0.982223 0.529722
vt 0.967609 0.527686
vt 0.976524 0.511212
vt 0.019822 0.889611
vt 0.480772 0.214853
vt 0.116945 0.633615
vt 0.112997 0.632820
vt 0.116770 0.639991
vt 0.126646 0.637145
vt 0.973537 0.126955
vt 0.973537 0.088377
vt 0.979587 0.126106
vt 0.981762 0.220990
vt 0.618982 0.971703
vt 0.457544 0.989552
vt 0.973737 0.217388
vt 0.749920 0.035658
vt 0.753645 0.033745
vt 0.755953 0.041422
vt 0.753404 0.045217
vt 0.632478 0.270477
vt 0.510329 0.223244
vt 0.283676 0.364016
vt 0.228101 0.279040
vt 0.140235 0.915157
vt 0.135842 0.915381
vt 0.137938 0.914447
vt 0.146085 0.895393
vt 0.670411 0.840156
vt 0.613884 0.687122
vt 0.660142 0.848684
vt 0.073660 0.964732
vt 0.112620 0.015417
vt 0.916826 0.953030
vt 0.138609 0.853901
vt 0.133767 0.850114
vt 0.136371 0.848714
vt 0.139385 0.850582
vt 0.730616 0.930930
vt 0.729537 0.923181
vt 0.769702 0.141732
vt 0.655310 0.115153
vt 0.782068 0.609774
vt 0.691391 0.798562
vt 0.693427 0.799231
vt 0.488561 0.895351
vt 0.668731 0.048473
vt 0.676344 0.079682
vt 0.932175 0.670641
vt 0.934283 0.671329
vt 0.930105 0.725208
vt 0.930105 0.666929
vt 0.824223 0.036726
vt 0.859119 0.015613
vt 0.900154 0.664984
vt 0.753834 0.030892
vt 0.978009 0.614715
vt 0.568878 0.961769
vt 0.573905 0.965440
vt 0.810868 0.148091
vt 0.808061 0.147419
vt 0.489426 0.515282
vt 0.685208 0.497085
vt 0.098218 0.534879
vt 0.371087 0.427024
vt 0.372169 0.478139
vt 0.371087 0.478254
vt 0.897149 0.933581
vt 0.336868 0.664596
vt 0.541256 0.683469
vt 0.149265 0.753065
vt 0.135821 0.963521
vt 0.134925 0.967061
vt 0.130760 0.966877
vt 0.629876 0.240627
vt 0.400131 0.946074
vt 0.219442 0.701624
vt 0.147519 0.034611
vt 0.246471 0.198952
vt 0.249542 0.217388
vt 0.245810 0.217106
vt 0.244677 0.199163
vt 0.712722 0.963378
vt 0.340865 0.965404
vt 0.967645 0.307398
vt 0.967746 0.296399
vt 0.948510 0.751906
vt 0.507329 0.568282
vt 0.506920 0.573206
vt 0.499099 0.572365
vt 0.670873 0.719764
vt 0.013913 0.075827
vt 0.735841 0.645743
vt 0.739806 0.259226
vt 0.541705 0.772296
vt 0.706927 0.274779
vt 0.709556 0.273805
vt 0.708481 0.274556
vt 0.669560 0.710846
vt 0.671617 0.714173
vt 0.518254 0.299126
vt 0.852197 0.394777
vt 0.681730 0.235301
vt 0.681730 0.286953
vt 0.681072 0.235770
vt 0.134260 0.049002
vt 0.876889 0.949623
vt 0.880253 0.949541
vt 0.875279 0.982943
vt 0.347413 0.064305
vt 0.202573 0.989462
vt 0.197120 0.993030
vt 0.874358 0.949909
vt 0.599552 0.971669
vt 0.600553 0.973186
vt 0.425388 0.767642
vt 0.425202 0.773707
vt 0.422969 0.766591
vt 0.668053 0.712892
vt 0.667886 0.714809
vt 0.662131 0.714759
vt 0.661662 0.711518
vt 0.180023 0.956529
vt 0.874757 0.868443
vt 0.646706 0.930891
vt 0.203393 0.577290
vt 0.208693 0.577336
vt 0.621900 0.957641
vt 0.641532 0.393018
vt 0.291986 0.436834
vt 0.142978 0.345400
vt 0.042266 0.655119
vt 0.552940 0.815641
vt 0.982519 0.911292
vt 0.020904 0.435173
vt 0.020399 0.433978
vt 0.142924 0.309561
vt 0.142924 0.152899
vt 0.145379 0.309560
vt 0.653200 0.548637
vt 0.144953 0.978630
vt 0.165215 0.383652
vt 0.165215 0.434777
vt 0.164244 0.383774
vt 0.695800 0.273224
vt 0.000081 0.927631
vt 0.696974 0.026432
vt 0.696396 0.028542
vt 0.646343 0.090107
vt 0.887585 0.974197
vt 0.802681 0.155976
vt 0.022608 0.020874
vt 0.020286 0.029565
vt 0.020286 0.020769
vt 0.269562 0.288108
vt 0.450429 0.980377
vt 0.226048 0.702668
vt 0.480481 0.260967
vt 0.554184 0.920267
vt 0.754772 0.629557
vt 0.725219 0.610506
vt 0.754772 0.565124
vt 0.375259 0.494710
vt 0.980756 0.375110
vt 0.979703 0.231044
vt 0.001790 0.210428
vt 0.550219 0.848684
vt 0.656249 0.846760
vt 0.838275 0.444145
vt 0.609286 0.689317
vt 0.564767 0.752779
vt 0.100868 0.022797
vt 0.220635 0.692548
vt 0.418476 0.207123
vt 0.368655 0.972696
vt 0.737547 0.297446
vt 0.399727 0.900173
vt 0.627123 0.269944
vt 0.989612 0.652554
vt 0.233242 0.953585
vt 0.355313 0.879542
vt 0.829554 0.486950
vt 0.827093 0.446394
vt 0.704293 0.640392
vt 0.704566 0.638039
vt 0.813108 0.151591
vt 0.233963 0.001338
vt 0.256314 0.034159
vt 0.973927 0.054873
vt 0.164064 0.055655
vt 0.030718 0.480517
vt 0.336151 0.965620
vt 0.966943 0.660542
vt 0.867949 0.850140
vt 0.368351 0.429505
vt 0.126814 0.827029
vt 0.252171 0.171385
vt 0.000919 0.927373
vt 0.016507 0.968611
vt 0.000567 0.927513
vt 0.925709 0.845206
vt 0.001180 0.547754
vt 0.825105 0.444899
vt 0.800896 0.155645
vt 0.233040 0.947813
vt 0.229712 0.915207
vt 0.233040 0.914687
vt 0.026087 0.097188
vt 0.495645 0.904172
vt 0.532495 0.681077
vt 0.959987 0.379125
vt 0.374436 0.380999
vt 0.374255 0.378471
vt 0.697061 0.240940
vt 0.116800 0.894816
vt 0.542601 0.750215
vt 0.148432 0.413127
vt 0.079719 0.876231
vt 0.506872 0.576751
vt 0.381608 0.557718
vt 0.198755 0.547175
vt 0.619008 0.973123
vt 0.384473 0.860100
vt 0.233816 0.279610
vt 0.970421 0.359995
vt 0.484506 0.000034
vt 0.600538 0.989010
vt 0.146161 0.572838
vt 0.144932 0.570841
vt 0.182606 0.542728
vt 0.182606 0.615644
vt 0.783090 0.987813
vt 0.347036 0.060758
vt 0.102603 0.027357
vt 0.899555 0.296287
vt 0.481733 0.212676
vt 0.756925 0.307315
vt 0.761399 0.351863
vt 0.738215 0.312399
vt 0.670968 0.018599
vt 0.982595 0.675146
vt 0.900546 0.666699
vt 0.799835 0.173911
vt 0.802968 0.170832
vt 0.009332 0.050428
vt 0.006417 0.050428
vt 0.009630 0.041920
vt 0.012174 0.050434
vt 0.084187 0.037594
vt 0.090366 0.038059
vt 0.926944 0.840189
vt 0.926944 0.811011
vt 0.116647 0.978778
vt 0.496874 0.573247
vt 0.644235 0.090369
vt 0.135373 0.955542
vt 0.340196 0.572838
vt 0.623459 0.247504
vt 0.901850 0.757159
vt 0.589197 0.340491
vt 0.056843 0.214427
vt 0.000587 0.224866
vt 0.089513 0.006436
vt 0.222603 0.692182
vt 0.232409 0.690245
vt 0.146085 0.796962
vt 0.356934 0.894596
vt 0.738888 0.260952
vt 0.734665 0.284502
vt 0.961705 0.469559
vt 0.979117 0.620162
vt 0.351011 0.057390
vt 0.914531 0.982873
vt 0.017391 0.025284
vt 0.410992 0.200487
vt 0.868810 0.104500
vt 0.147824 0.309488
vt 0.626078 0.145121
vt 0.866658 0.950327
vt 0.671500 0.716993
vt 0.302649 0.960337
vt 0.802456 0.428149
vt 0.821867 0.799592
vt 0.090351 0.894816
vt 0.895629 0.358303
vt 0.809137 0.486950
vt 0.845206 0.987813
vt 0.815542 0.986715
vt 0.735441 0.193041
vt 0.287181 0.349885
vt 0.892157 0.929361
vt 0.145636 0.408478
vt 0.144521 0.352597
vt 0.087868 0.896239
vt 0.956869 0.735997
vt 0.091449 0.881171
vt 0.842588 0.726529
vt 0.138302 0.163704
vt 0.140868 0.319906
vt 0.138302 0.319996
vt 0.733903 0.195444
vt 0.510983 0.652143
vt 0.795881 0.628404
vt 0.717712 0.633137
vt 0.264390 0.904657
vt 0.267822 0.904571
vt 0.267822 0.953030
vt 0.835670 0.000391
vt 0.823259 0.034694
vt 0.465222 0.554154
vt 0.490364 0.584340
vt 0.605078 0.360048
vt 0.230446 0.955112
vt 0.635448 0.136779
vt 0.172980 0.436545
vt 0.319996 0.858249
vt 0.450510 0.519859
vt 0.987452 0.255495
vt 0.790823 0.891685
vt 0.243609 0.319996
vt 0.797559 0.161964
vt 0.619686 0.157423
vt 0.492075 0.892450
vt 0.963851 0.219359
vt 0.870664 0.260233
vt 0.746394 0.356863
vt 0.268134 0.900906
vt 0.502602 0.531940
vt 0.321660 0.670456
vt 0.350228 0.070548
vt 0.884205 0.973836
vt 0.121370 0.977197
vt 0.126207 0.993762
vt 0.494290 0.921472
vt 0.489107 0.923870
vt 0.982595 0.124931
vt 0.286742 0.808939
vt 0.370673 0.991175
vt 0.963465 0.740667
vt 0.406585 0.005765
vt 0.474573 0.032912
vt 0.413592 0.041385
vt 0.306030 0.981483
vt 0.303751 0.981864
vt 0.277388 0.078046
vt 0.008696 0.403157
vt 0.983815 0.578721
vt 0.245203 0.221476
vt 0.347821 0.057901
vt 0.742435 0.350911
vt 0.186338 0.756389
vt 0.783621 0.676384
vt 0.796979 0.624126
vt 0.739817 0.359998
vt 0.250804 0.249177
vt 0.732694 0.299023
vt 0.734180 0.299350
vt 0.898957 0.332169
vt 0.025112 0.007268
vt 0.026087 0.011037
vt 0.025112 0.076521
vt 0.040938 0.420703
vt 0.230984 0.300545
vt 0.865640 0.950487
vt 0.613953 0.414283
vt 0.629557 0.302218
vt 0.959987 0.432070
vt 0.398930 0.977658
vt 0.309561 0.982619
vt 0.967609 0.544189
vt 0.984037 0.541223
vt 0.984334 0.544340
vt 0.584340 0.419125
vt 0.540902 0.400557
vt 0.584340 0.333150
vt 0.920015 0.983086
vt 0.364495 0.047818
vt 0.369941 0.054733
vt 0.363141 0.052204
vt 0.376014 0.060750
vt 0.363574 0.055898
vt 0.289875 0.367095
vt 0.235901 0.290431
vt 0.530410 0.707817
vt 0.043754 0.008364
vt 0.970422 0.249005
vt 0.053542 0.692165
vt 0.844248 0.944335
vt 0.844248 0.888965
vt 0.852162 0.917000
vt 0.714919 0.303672
vt 0.938658 0.821760
vt 0.949552 0.492529
vt 0.928426 0.449919
vt 0.916170 0.443308
s 1
usemtl Material
f 1/1/1 2377/2/2 2709/3/3
f 1/4/1 2/5/4 2377/6/2
f 3/7/5 4/8/6 5/9/7
f 3/7/5 6/10/8 4/8/6
f 3/7/5 5/9/7 7/11/9
f 8/12/10 9/13/11 10/14/12
f 8/15/10 11/16/13 12/17/14
f 8/15/10 13/18/15 11/16/13
f 8/12/10 10/14/12 14/19/16
f 8/12/10 12/20/14 9/13/11
f 8/12/10 14/19/16 13/21/15
f 15/22/17 16/23/18 17/24/19
f 15/22/17 18/25/20 16/23/18
f 15/22/17 19/26/21 18/25/20
f 15/22/17 20/27/22 19/26/21
f 15/22/17 17/24/19 20/27/22
f 21/28/23 22/29/24 23/30/25
f 21/28/23 24/31/26 25/32/27
f 21/28/23 25/32/27 22/29/24
f 21/28/23 26/33/28 24/31/26
f 21/28/23 23/30/25 26/33/28
f 27/34/29 28/35/30 29/36/31
f 27/34/29 30/37/32 28/35/30
f 35/38/33 31/39/34 32/40/35
f 35/38/33 33/41/36 34/42/37
f 35/43/33 3996/44/38 33/45/36
f 35/43/33 3997/46/39 3996/44/38
f 35/38/33 34/42/37 31/39/34
f 35/43/33 32/47/35 3997/46/39
f 36/48/40 37/49/41 38/50/42
f 36/48/40 39/51/43 40/52/44
f 36/48/40 40/52/44 37/49/41
f 36/48/40 38/50/42 41/53/45
f 36/48/40 41/53/45 39/51/43
f 42/54/46 43/55/47 3360/56/48
f 42/54/46 44/57/49 45/58/50
f 42/54/46 3360/56/48 46/59/51
f 42/54/46 46/59/51 44/57/49
f 42/54/46 45/58/50 43/55/47
f 47/60/52 48/61/53 49/62/54
f 47/60/52 50/63/55 48/61/53
f 47/60/52 49/62/54 51/64/56
f 52/65/57 53/66/58 54/67/59
f 52/65/57 54/67/59 55/68/60
f 52/65/57 56/69/61 57/70/62
f 52/65/57 55/68/60 58/71/63
f 52/65/57 58/71/63 56/69/61
f 52/65/57 57/70/62 53/66/58
f 59/72/64 60/73/65 61/74/66
f 59/75/64 64/76/67 62/77/68
f 59/72/64 62/78/68 63/79/69
f 59/72/64 61/74/66 64/80/67
f 59/72/64 63/79/69 60/73/65
f 65/81/70 66/82/71 67/83/72
f 65/81/70 67/83/72 68/84/73
f 65/81/70 69/85/74 70/86/75
f 65/81/70 71/87/76 66/82/71
f 65/81/70 72/88/77 71/87/76
f 65/81/70 68/84/73 69/85/74
f 65/81/70 70/86/75 73/89/78
f 65/81/70 73/89/78 74/90/79
f 65/81/70 74/90/79 72/88/77
f 75/91/80 76/92/81 77/93/82
f 75/91/80 78/94/83 76/92/81
f 75/91/80 79/95/84 80/96/85
f 75/91/80 80/96/85 78/94/83
f 75/91/80 81/97/86 79/95/84
f 75/91/80 77/93/82 81/97/86
f 82/98/87 83/99/88 84/100/89
f 82/98/87 2294/101/90 83/99/88
f 82/98/87 84/100/89 85/102/91
f 82/98/87 86/103/92 2294/101/90
f 82/98/87 85/102/91 86/103/92
f 87/104/93 88/105/94 89/106/95
f 87/104/93 90/107/96 88/105/94
f 87/104/93 91/108/97 90/107/96
f 87/104/93 92/109/98 93/110/99
f 87/104/93 89/106/95 92/109/98
f 87/104/93 93/110/99 91/108/97
f 94/111/100 95/112/101 96/113/102
f 94/111/100 96/113/102 97/114/103
f 94/111/100 97/114/103 98/115/104
f 94/111/100 98/115/104 95/112/101
f 99/116/105 100/117/106 101/118/107
f 99/119/105 102/120/108 103/121/109
f 99/119/105 104/122/110 100/123/106
f 99/119/105 105/124/111 102/120/108
f 99/116/105 101/118/107 105/125/111
f 99/119/105 103/121/109 104/122/110
f 106/126/112 107/127/113 108/128/114
f 106/126/112 109/129/115 110/130/116
f 106/126/112 4209/131/117 109/129/115
f 106/126/112 108/128/114 4209/131/117
f 106/126/112 110/130/116 107/127/113
f 111/132/118 112/133/119 113/134/120
f 111/132/118 114/135/121 115/136/122
f 111/132/118 116/137/123 117/138/124
f 111/132/118 117/138/124 118/139/125
f 111/132/118 115/136/122 112/133/119
f 111/132/118 118/139/125 114/135/121
f 111/132/118 113/134/120 116/137/123
f 119/140/126 120/141/127 121/142/128
f 119/140/126 121/142/128 122/143/129
f 119/140/126 123/144/130 4569/145/131
f 119/140/126 124/146/132 120/141/127
f 119/140/126 122/143/129 123/144/130
f 119/140/126 4569/145/131 124/146/132
f 125/147/133 126/148/134 127/149/135
f 125/147/133 128/150/136 129/151/137
f 125/147/133 130/152/138 131/153/139
f 125/147/133 131/153/139 128/150/136
f 125/147/133 127/149/135 130/152/138
f 125/147/133 129/151/137 126/148/134
f 132/154/140 133/155/141 134/156/142
f 132/154/140 135/157/143 136/158/144
f 132/154/140 136/158/144 137/159/145
f 132/154/140 134/156/142 138/160/146
f 132/154/140 138/160/146 135/157/143
f 132/154/140 137/159/145 133/155/141
f 139/161/147 140/162/148 141/163/149
f 139/161/147 142/164/150 140/162/148
f 143/165/151 53/66/58 144/166/152
f 143/165/151 145/167/153 53/66/58
f 146/168/154 147/169/155 148/170/156
f 146/168/154 149/171/157 150/172/158
f 146/168/154 151/173/159 147/169/155
f 146/168/154 150/172/158 151/173/159
f 146/168/154 152/174/160 149/171/157
f 146/168/154 148/170/156 152/174/160
f 153/175/161 154/176/162 155/177/163
f 153/175/161 155/177/163 156/178/164
f 157/179/165 158/180/166 159/181/167
f 157/182/165 160/183/168 163/184/169
f 157/182/165 161/185/170 160/183/168
f 157/182/165 162/186/171 161/185/170
f 157/179/165 159/181/167 162/187/171
f 157/179/165 163/188/169 158/180/166
f 164/189/172 165/190/173 166/191/174
f 164/189/172 166/191/174 167/192/175
f 164/189/172 168/193/176 165/190/173
f 170/194/177 169/195/178 4549/196/179
f 170/197/177 174/198/180 173/199/181
f 170/200/177 171/201/182 172/202/183
f 170/200/177 4549/203/179 171/201/182
f 170/194/177 173/204/181 169/195/178
f 170/200/177 172/202/183 174/205/180
f 175/206/184 176/207/185 177/208/186
f 175/206/184 177/208/186 178/209/187
f 175/206/184 178/209/187 179/210/188
f 175/206/184 179/210/188 180/211/189
f 175/206/184 180/211/189 176/207/185
f 182/212/190 1235/213/191 181/214/24
f 182/215/190 183/216/192 1235/217/191
f 182/218/190 181/219/24 4621/220/193
f 182/215/190 184/221/194 183/216/192
f 182/222/190 4621/223/193 184/224/194
f 187/225/195 185/226/196 186/227/197
f 187/228/195 188/229/198 189/230/199
f 187/225/195 190/231/200 185/226/196
f 187/225/195 186/227/197 188/232/198
f 191/233/201 192/234/202 193/235/203
f 191/233/201 193/235/203 194/236/204
f 191/233/201 194/236/204 195/237/205
f 196/238/206 734/239/207 197/240/208
f 196/238/206 198/241/209 734/239/207
f 196/238/206 199/242/210 200/243/211
f 196/238/206 197/240/208 199/242/210
f 196/238/206 200/243/211 198/241/209
f 201/244/212 202/245/213 203/246/214
f 201/244/212 204/247/215 202/245/213
f 201/244/212 205/248/216 206/249/217
f 201/244/212 203/246/214 205/248/216
f 201/244/212 206/249/217 204/247/215
f 207/250/218 208/251/219 209/252/220
f 207/250/218 210/253/221 211/254/222
f 207/250/218 209/252/220 212/255/223
f 207/250/218 213/256/224 214/257/225
f 207/250/218 214/257/225 210/253/221
f 207/250/218 211/254/222 208/251/219
f 207/250/218 212/255/223 213/256/224
f 215/258/226 216/259/227 4430/260/228
f 215/258/226 217/261/229 218/262/230
f 215/258/226 219/263/231 220/264/232
f 215/258/226 221/265/233 219/263/231
f 215/258/226 218/262/230 221/265/233
f 215/258/226 4430/260/228 217/261/229
f 215/258/226 220/264/232 216/259/227
f 222/266/234 223/267/235 224/268/236
f 222/266/234 224/268/236 225/269/237
f 222/266/234 226/270/238 223/267/235
f 222/266/234 227/271/239 226/270/238
f 222/266/234 225/269/237 227/271/239
f 228/272/240 229/273/241 230/274/242
f 228/272/240 231/275/243 232/276/244
f 228/272/240 233/277/245 231/275/243
f 228/272/240 232/276/244 229/273/241
f 228/272/240 230/274/242 233/277/245
f 234/278/246 235/279/247 236/280/248
f 234/278/246 237/281/249 2563/282/250
f 234/278/246 236/280/248 237/281/249
f 234/278/246 2563/282/250 235/279/247
f 238/283/251 239/284/252 240/285/253
f 238/283/251 241/286/254 239/284/252
f 238/283/251 242/287/255 241/286/254
f 245/288/256 243/289/257 244/290/258
f 245/291/256 246/292/259 249/293/260
f 245/288/256 247/294/261 248/295/262
f 245/291/256 244/296/258 246/292/259
f 245/288/256 249/297/260 247/294/261
f 245/288/256 248/295/262 243/289/257
f 250/298/263 700/299/264 251/300/265
f 250/301/263 252/302/266 253/303/267
f 250/298/263 254/304/268 700/299/264
f 250/298/263 251/300/265 3285/305/269
f 250/301/263 253/303/267 254/306/268
f 250/301/263 3285/307/269 252/302/266
f 255/308/270 256/309/271 257/310/272
f 255/308/270 258/311/273 259/312/274
f 255/308/270 257/310/272 260/313/275
f 255/308/270 259/312/274 256/309/271
f 255/308/270 260/313/275 258/311/273
f 261/314/276 262/315/277 263/316/278
f 261/314/276 264/317/279 265/318/280
f 261/314/276 263/316/278 264/317/279
f 261/314/276 266/319/281 262/315/277
f 261/314/276 265/318/280 266/319/281
f 267/320/282 268/321/283 269/322/284
f 267/320/282 269/322/284 270/323/285
f 267/320/282 271/324/286 268/321/283
f 267/320/282 272/325/287 271/324/286
f 267/320/282 270/323/285 272/325/287
f 273/326/288 274/327/289 275/328/290
f 273/326/288 276/329/291 274/327/289
f 277/330/292 278/331/293 280/332/294
f 277/330/292 279/333/295 278/331/293
f 277/334/292 280/335/294 281/336/296
f 283/337/297 4022/338/298 4024/339/299
f 283/340/297 282/341/300 4022/342/298
f 283/343/297 284/344/301 282/345/300
f 283/343/297 285/346/302 284/344/301
f 283/337/297 4024/339/299 286/347/303
f 283/343/297 286/348/303 285/346/302
f 287/349/304 288/350/305 289/351/306
f 287/349/304 290/352/307 291/353/308
f 287/349/304 289/351/306 290/352/307
f 292/354/309 293/355/310 294/356/311
f 292/354/309 294/356/311 295/357/312
f 292/354/309 296/358/313 293/355/310
f 292/354/309 295/357/312 297/359/314
f 292/354/309 298/360/315 296/358/313
f 292/354/309 297/359/314 298/360/315
f 299/361/316 300/362/317 301/363/318
f 299/361/316 302/364/319 300/362/317
f 299/361/316 301/363/318 303/365/320
f 304/366/321 305/367/322 306/368/323
f 304/366/321 307/369/324 308/370/325
f 304/366/321 308/370/325 305/367/322
f 304/366/321 306/368/323 309/371/326
f 304/366/321 309/371/326 310/372/327
f 304/366/321 310/372/327 307/369/324
f 312/373/328 311/374/329 2826/375/330
f 312/376/328 2826/377/330 2828/378/331
f 312/376/328 2828/378/331 313/379/332
f 312/373/328 314/380/333 311/374/329
f 312/373/328 4470/381/334 314/380/333
f 312/376/328 313/379/332 4470/382/334
f 315/383/335 316/384/336 317/385/337
f 315/383/335 318/386/338 319/387/339
f 315/383/335 319/387/339 320/388/340
f 315/383/335 247/294/261 316/384/336
f 315/383/335 317/385/337 318/386/338
f 315/383/335 320/388/340 247/294/261
f 321/389/341 322/390/342 323/391/343
f 321/389/341 324/392/344 322/390/342
f 321/389/341 325/393/345 324/392/344
f 321/389/341 326/394/346 327/395/347
f 321/389/341 323/391/343 326/394/346
f 321/389/341 327/395/347 325/393/345
f 328/396/348 329/397/349 330/398/350
f 328/396/348 331/399/351 332/400/352
f 328/396/348 332/400/352 329/397/349
f 53/66/58 333/401/353 54/67/59
f 53/66/58 145/167/153 333/401/353
f 53/66/58 57/70/62 144/166/152
f 334/402/354 335/403/355 336/404/356
f 334/402/354 337/405/357 335/403/355
f 334/402/354 338/406/358 339/407/359
f 334/402/354 336/404/356 338/406/358
f 340/408/360 341/409/361 342/410/362
f 340/408/360 343/411/363 344/412/364
f 340/408/360 3598/413/365 343/411/363
f 340/408/360 345/414/366 341/409/361
f 340/408/360 344/412/364 345/414/366
f 340/408/360 342/410/362 346/415/367
f 340/408/360 346/415/367 3598/413/365
f 347/416/368 348/417/369 349/418/370
f 347/416/368 350/419/371 351/420/372
f 347/416/368 349/418/370 350/419/371
f 352/421/373 353/422/374 354/423/375
f 352/421/373 354/423/375 355/424/376
f 352/421/373 355/424/376 356/425/377
f 352/421/373 357/426/378 353/422/374
f 352/421/373 356/425/377 357/426/378
f 360/427/379 358/428/380 359/429/381
f 360/430/379 1739/431/382 361/432/383
f 360/427/379 359/429/381 362/433/384
f 360/430/379 361/432/383 358/434/380
f 360/427/379 363/435/385 1739/436/382
f 360/427/379 362/433/384 363/435/385
f 364/437/386 365/438/387 366/439/388
f 364/437/386 366/439/388 367/440/389
f 364/437/386 367/440/389 368/441/390
f 107/127/113 4238/442/391 4240/443/392
f 107/127/113 4240/443/392 108/128/114
f 107/127/113 369/444/393 4238/442/391
f 107/127/113 110/130/116 369/444/393
f 370/445/394 371/446/395 372/447/396
f 370/445/394 373/448/397 374/449/398
f 370/445/394 375/450/399 371/446/395
f 370/445/394 372/447/396 373/448/397
f 370/445/394 374/449/398 375/450/399
f 376/451/400 377/452/401 378/453/402
f 376/451/400 379/454/403 377/452/401
f 376/451/400 380/455/404 379/454/403
f 381/456/405 382/457/406 383/458/407
f 381/456/405 384/459/408 385/460/409
f 381/456/405 383/458/407 386/461/410
f 381/456/405 386/461/410 384/459/408
f 387/462/411 388/463/412 389/464/413
f 387/462/411 389/464/413 390/465/414
f 387/462/411 391/466/415 392/467/416
f 387/462/411 392/467/416 388/463/412
f 387/462/411 393/468/417 391/466/415
f 387/462/411 390/465/414 393/468/417
f 394/469/418 395/470/419 396/471/420
f 394/469/418 396/471/420 397/472/421
f 394/469/418 398/473/422 399/474/423
f 394/469/418 397/472/421 400/475/424
f 394/469/418 400/475/424 398/473/422
f 394/469/418 401/476/425 395/470/419
f 394/469/418 399/474/423 401/476/425
f 402/477/426 120/141/127 403/478/427
f 402/477/426 403/478/427 4895/479/428
f 402/477/426 4895/479/428 404/480/429
f 402/477/426 405/481/430 120/141/127
f 402/477/426 404/480/429 405/481/430
f 406/482/431 407/483/432 408/484/433
f 406/482/431 408/484/433 409/485/434
f 406/482/431 409/485/434 410/486/435
f 411/487/436 412/488/437 413/489/438
f 411/487/436 414/490/439 415/491/440
f 411/487/436 416/492/441 412/488/437
f 411/487/436 415/491/440 417/493/442
f 411/487/436 413/489/438 418/494/443
f 411/487/436 418/494/443 414/490/439
f 411/487/436 417/493/442 416/492/441
f 419/495/444 420/496/445 421/497/446
f 419/495/444 421/497/446 422/498/447
f 419/495/444 422/498/447 423/499/448
f 424/500/449 425/501/450 426/502/451
f 424/500/449 427/503/452 428/504/453
f 424/500/449 428/504/453 429/505/454
f 424/500/449 430/506/455 427/503/452
f 424/500/449 431/507/456 425/501/450
f 424/500/449 426/502/451 430/506/455
f 424/500/449 429/505/454 431/507/456
f 432/508/457 433/509/458 434/510/459
f 432/508/457 435/511/460 433/509/458
f 432/508/457 434/510/459 436/512/461
f 432/508/457 437/513/462 435/511/460
f 438/514/463 10/14/12 439/515/464
f 438/514/463 440/516/465 14/19/16
f 438/514/463 439/515/464 440/516/465
f 438/514/463 14/19/16 10/14/12
f 441/517/466 442/518/467 443/519/468
f 441/517/466 444/520/469 445/521/470
f 441/517/466 445/521/470 442/518/467
f 441/517/466 443/519/468 446/522/471
f 441/517/466 446/522/471 447/523/472
f 441/517/466 447/523/472 448/524/473
f 441/517/466 448/524/473 444/520/469
f 449/525/474 450/526/475 451/527/476
f 449/525/474 451/527/476 452/528/477
f 449/525/474 452/528/477 453/529/478
f 449/525/474 453/529/478 454/530/479
f 449/525/474 454/530/479 450/526/475
f 458/531/480 455/532/481 456/533/482
f 458/531/480 456/533/482 457/534/483
f 458/531/480 457/534/483 459/535/484
f 458/531/480 461/536/485 455/532/481
f 458/537/480 459/538/484 460/539/486
f 458/540/480 460/541/486 461/542/485
f 462/543/487 463/544/488 4892/545/489
f 462/543/487 4892/545/489 4885/546/490
f 462/543/487 464/547/491 463/544/488
f 465/548/492 1851/549/493 3401/550/494
f 465/551/492 4779/552/495 1851/553/493
f 465/548/492 4780/554/496 4779/555/495
f 465/548/492 4047/556/497 4780/554/496
f 465/548/492 3401/550/494 4047/556/497
f 466/557/498 4725/558/499 467/559/500
f 466/557/498 468/560/501 4725/558/499
f 466/557/498 469/561/502 470/562/503
f 466/557/498 467/559/500 469/561/502
f 466/557/498 470/562/503 468/560/501
f 471/563/504 472/564/505 473/565/506
f 471/563/504 474/566/507 472/564/505
f 475/567/508 476/568/509 477/569/510
f 475/567/508 478/570/511 476/568/509
f 475/567/508 477/569/510 479/571/512
f 475/567/508 479/571/512 480/572/513
f 475/567/508 480/572/513 478/570/511
f 481/573/514 482/574/515 483/575/516
f 481/573/514 484/576/517 482/574/515
f 485/577/518 486/578/519 487/579/520
f 485/577/518 487/579/520 488/580/521
f 485/577/518 489/581/522 486/578/519
f 485/577/518 488/580/521 490/582/523
f 491/583/524 492/584/525 493/585/526
f 491/583/524 494/586/527 495/587/528
f 491/583/524 496/588/529 497/589/530
f 491/583/524 495/587/528 498/590/531
f 491/583/524 493/585/526 496/588/529
f 491/583/524 498/590/531 492/584/525
f 491/583/524 497/589/530 494/586/527
f 499/591/532 500/592/533 501/593/534
f 499/591/532 502/594/535 500/592/533
f 499/591/532 501/593/534 503/595/536
f 499/591/532 503/595/536 502/594/535
f 508/596/537 504/597/538 505/598/539
f 508/599/537 505/600/539 509/601/540
f 508/602/537 506/603/541 507/604/542
f 508/605/537 507/606/542 4568/607/543
f 508/605/537 4568/607/543 504/608/538
f 508/602/537 509/609/540 506/603/541
f 510/610/544 511/611/545 512/612/546
f 510/613/544 513/614/547 514/615/548
f 510/610/544 515/616/549 516/617/550
f 510/613/544 514/615/548 511/618/545
f 510/610/544 512/612/546 515/616/549
f 510/613/544 516/619/550 513/614/547
f 517/620/551 3653/621/552 518/622/553
f 517/620/551 519/623/554 4496/624/555
f 517/620/551 4496/624/555 3653/621/552
f 520/625/556 521/626/557 3002/627/558
f 520/625/556 522/628/559 521/626/557
f 520/625/556 3002/627/558 522/628/559
f 523/629/560 524/630/561 525/631/562
f 523/629/560 525/631/562 526/632/563
f 523/629/560 527/633/564 528/634/565
f 523/629/560 526/632/563 529/635/566
f 523/629/560 528/634/565 524/630/561
f 523/629/560 530/636/567 527/633/564
f 523/629/560 529/635/566 530/636/567
f 531/637/568 532/638/569 533/639/570
f 531/637/568 534/640/571 535/641/572
f 531/637/568 535/641/572 532/638/569
f 536/642/573 537/643/574 538/644/575
f 536/642/573 538/644/575 539/645/576
f 536/642/573 539/645/576 540/646/577
f 541/647/578 542/648/579 543/649/580
f 541/647/578 544/650/581 542/648/579
f 541/647/578 545/651/582 544/650/581
f 541/647/578 543/649/580 546/652/583
f 541/647/578 546/652/583 545/651/582
f 549/653/584 547/654/585 548/655/586
f 549/656/584 550/657/587 551/658/588
f 549/659/584 552/660/589 550/661/587
f 549/653/584 548/655/586 552/662/589
f 549/653/584 551/663/588 547/654/585
f 553/664/590 92/109/98 89/106/95
f 553/664/590 89/106/95 554/665/591
f 553/664/590 554/665/591 555/666/592
f 556/667/593 557/668/594 558/669/595
f 556/667/593 559/670/596 557/668/594
f 556/667/593 560/671/597 561/672/598
f 556/667/593 561/672/598 559/670/596
f 556/667/593 558/669/595 560/671/597
f 562/673/599 4011/674/600 568/675/601
f 562/676/599 563/677/602 567/678/603
f 562/673/599 564/679/604 565/680/605
f 562/673/599 565/680/605 566/681/606
f 562/673/599 567/682/603 564/679/604
f 562/673/599 566/681/606 4011/674/600
f 562/676/599 568/683/601 563/677/602
f 569/684/607 570/685/608 571/686/609
f 569/684/607 572/687/610 573/688/611
f 569/684/607 571/686/609 572/687/610
f 569/684/607 573/688/611 570/685/608
f 574/689/612 575/690/613 576/691/614
f 574/689/612 577/692/615 578/693/616
f 574/689/612 579/694/617 575/690/613
f 574/689/612 580/695/618 577/692/615
f 574/689/612 576/691/614 580/695/618
f 574/689/612 578/693/616 579/694/617
f 581/696/619 582/697/620 583/698/621
f 581/696/619 584/699/622 2949/700/623
f 581/696/619 585/701/624 586/702/625
f 581/696/619 586/702/625 584/699/622
f 581/696/619 2949/700/623 582/697/620
f 581/696/619 583/698/621 585/701/624
f 587/703/626 246/292/259 244/296/258
f 587/703/626 244/296/258 588/704/627
f 587/703/626 589/705/628 4900/706/629
f 587/703/626 588/704/627 589/705/628
f 587/703/626 4900/706/629 1558/707/630
f 587/703/626 1558/707/630 246/292/259
f 590/708/631 591/709/632 592/710/633
f 590/708/631 593/711/634 591/709/632
f 590/708/631 592/710/633 594/712/635
f 590/708/631 595/713/636 593/711/634
f 590/708/631 594/712/635 595/713/636
f 596/714/24 597/715/637 598/716/638
f 596/714/24 599/717/24 597/715/637
f 596/714/24 600/718/639 601/719/640
f 596/714/24 598/716/638 600/718/639
f 602/720/641 603/721/642 604/722/643
f 602/720/641 605/723/644 603/721/642
f 602/720/641 606/724/645 605/723/644
f 607/725/646 608/726/647 609/727/648
f 607/725/646 610/728/649 611/729/650
f 607/725/646 611/729/650 608/726/647
f 607/725/646 612/730/651 610/728/649
f 607/725/646 613/731/652 612/730/651
f 607/725/646 609/727/648 613/731/652
f 614/732/653 615/733/654 620/734/655
f 614/735/653 616/736/656 619/737/657
f 614/732/653 617/738/658 615/733/654
f 614/732/653 618/739/659 617/738/658
f 614/732/653 619/740/657 618/739/659
f 614/735/653 620/741/655 616/736/656
f 621/742/660 622/743/661 623/744/662
f 621/742/660 2312/745/663 624/746/664
f 621/742/660 4872/747/665 625/748/666
f 621/742/660 624/746/664 4872/747/665
f 621/742/660 623/744/662 2312/745/663
f 621/742/660 625/748/666 622/743/661
f 626/749/667 627/750/668 1588/751/669
f 626/749/667 1587/752/670 1143/753/671
f 626/749/667 628/754/672 627/750/668
f 626/749/667 1143/753/671 628/754/672
f 626/749/667 1588/751/669 1587/752/670
f 631/755/673 629/756/674 630/757/675
f 631/758/673 632/759/676 633/760/677
f 631/758/673 630/761/675 632/759/676
f 631/755/673 633/762/677 634/763/678
f 631/755/673 634/763/678 629/756/674
f 635/764/679 322/390/342 636/765/680
f 635/764/679 636/765/680 637/766/681
f 638/767/682 639/768/683 640/769/684
f 638/767/682 641/770/685 2409/771/686
f 638/767/682 640/769/684 641/770/685
f 638/767/682 2409/771/686 642/772/687
f 638/767/682 2468/773/688 639/768/683
f 638/767/682 642/772/687 2468/773/688
f 643/774/689 644/775/690 645/776/691
f 643/774/689 646/777/692 647/778/693
f 643/774/689 645/776/691 646/777/692
f 643/774/689 647/778/693 644/775/690
f 648/779/694 649/780/695 650/781/696
f 648/779/694 651/782/697 649/780/695
f 648/779/694 650/781/696 652/783/698
f 653/784/699 654/785/700 655/786/701
f 653/784/699 656/787/702 657/788/703
f 653/784/699 657/788/703 658/789/704
f 653/784/699 659/790/705 654/785/700
f 653/784/699 655/786/701 656/787/702
f 653/784/699 658/789/704 659/790/705
f 660/791/706 661/792/707 662/793/708
f 660/791/706 663/794/709 664/795/710
f 660/791/706 665/796/711 663/794/709
f 660/791/706 664/795/710 661/792/707
f 660/791/706 662/793/708 665/796/711
f 668/797/712 666/798/713 667/799/714
f 668/800/712 669/801/715 666/802/713
f 670/803/716 671/804/717 2059/805/718
f 670/803/716 672/806/719 673/807/720
f 670/803/716 674/808/721 4908/809/722
f 670/803/716 2059/805/718 672/806/719
f 670/803/716 673/807/720 674/808/721
f 670/803/716 4908/809/722 671/804/717
f 675/810/723 676/811/724 677/812/725
f 675/810/723 223/267/235 226/270/238
f 675/810/723 677/812/725 223/267/235
f 678/813/726 679/814/727 680/815/728
f 678/813/726 681/816/729 682/817/730
f 678/813/726 683/818/731 684/819/732
f 678/813/726 684/819/732 679/814/727
f 678/813/726 680/815/728 681/816/729
f 678/813/726 682/817/730 683/818/731
f 685/820/733 686/821/734 687/822/735
f 685/820/733 687/822/735 3549/823/736
f 685/820/733 688/824/737 118/139/125
f 685/820/733 3549/823/736 688/824/737
f 685/820/733 118/139/125 686/821/734
f 691/825/738 689/826/739 690/827/740
f 691/828/738 690/829/740 692/830/741
f 691/825/738 693/831/742 689/826/739
f 696/832/743 694/833/744 695/834/745
f 696/835/743 697/836/746 698/837/747
f 696/835/743 695/838/745 697/836/746
f 696/832/743 4850/839/748 699/840/749
f 696/832/743 699/840/749 694/833/744
f 696/835/743 698/837/747 4850/841/748
f 700/842/264 701/843/750 702/844/751
f 700/845/264 254/846/268 4653/847/752
f 700/842/264 2959/848/753 703/849/754
f 700/842/264 703/849/754 701/843/750
f 700/842/264 4653/850/752 2959/848/753
f 700/842/264 702/844/751 251/851/265
f 704/852/755 705/853/756 706/854/757
f 704/852/755 707/855/758 708/856/759
f 704/852/755 709/857/760 710/858/761
f 704/852/755 710/858/761 707/855/758
f 704/852/755 706/854/757 709/857/760
f 704/852/755 708/856/759 705/853/756
f 711/859/762 712/860/763 713/861/764
f 711/859/762 714/862/765 715/863/766
f 711/859/762 715/863/766 712/860/763
f 711/859/762 713/861/764 716/864/767
f 711/859/762 716/864/767 717/865/768
f 711/859/762 717/865/768 714/862/765
f 718/866/769 719/867/770 720/868/771
f 718/866/769 720/868/771 721/869/772
f 718/866/769 721/869/772 722/870/773
f 723/871/774 572/687/610 724/872/775
f 723/871/774 725/873/776 573/688/611
f 723/871/774 726/874/777 727/875/778
f 723/871/774 727/875/778 725/873/776
f 723/871/774 724/872/775 728/876/779
f 723/871/774 573/688/611 572/687/610
f 723/871/774 728/876/779 726/874/777
f 729/877/780 1227/878/781 730/879/782
f 729/877/780 731/880/783 1227/878/781
f 736/881/784 732/882/785 733/883/786
f 736/881/784 734/884/207 735/885/787
f 736/881/784 735/885/787 732/882/785
f 736/881/784 733/883/786 738/886/788
f 736/887/784 737/888/789 734/239/207
f 736/887/784 738/889/788 737/888/789
f 739/890/790 3711/891/791 4602/892/792
f 739/890/790 4030/893/793 3711/891/791
f 739/890/790 740/894/794 741/895/795
f 739/890/790 4602/892/792 740/894/794
f 739/890/790 741/895/795 4030/893/793
f 742/896/796 743/897/797 744/898/798
f 742/896/796 745/899/799 746/900/800
f 742/896/796 747/901/801 743/897/797
f 742/896/796 746/900/800 748/902/802
f 742/896/796 748/902/802 747/901/801
f 742/896/796 744/898/798 745/899/799
f 48/61/53 50/63/55 749/903/803
f 48/61/53 750/904/804 751/905/805
f 48/61/53 749/903/803 750/904/804
f 48/61/53 751/905/805 49/62/54
f 144/166/152 57/70/62 752/906/806
f 753/907/807 754/908/808 755/909/809
f 753/907/807 756/910/810 754/908/808
f 753/907/807 755/909/809 757/911/811
f 753/907/807 758/912/812 756/910/810
f 753/907/807 2406/913/813 758/912/812
f 753/907/807 757/911/811 2406/913/813
f 66/82/71 71/87/76 759/914/814
f 66/82/71 759/914/814 67/83/72
f 760/915/815 4235/916/816 4877/917/817
f 760/918/815 761/919/818 4235/920/816
f 760/921/815 3932/922/819 761/923/818
f 762/924/820 763/925/821 764/926/822
f 762/924/820 764/926/822 765/927/823
f 762/924/820 765/927/823 766/928/824
f 762/924/820 766/928/824 767/929/825
f 762/924/820 767/929/825 763/925/821
f 768/930/826 769/931/827 770/932/828
f 768/930/826 770/932/828 771/933/829
f 768/930/826 771/933/829 772/934/830
f 773/935/831 774/936/832 775/937/833
f 773/935/831 775/937/833 776/938/834
f 773/935/831 271/324/286 272/325/287
f 773/935/831 776/938/834 777/939/835
f 773/935/831 777/939/835 271/324/286
f 773/935/831 272/325/287 774/936/832
f 778/940/836 779/941/837 780/942/838
f 778/943/836 780/944/838 781/945/839
f 778/940/836 783/946/840 782/947/841
f 778/943/836 781/945/839 783/948/840
f 778/940/836 782/947/841 779/941/837
f 274/327/289 784/949/842 785/950/843
f 274/327/289 786/951/844 275/328/290
f 274/327/289 785/950/843 786/951/844
f 274/327/289 276/329/291 787/952/845
f 274/327/289 788/953/846 784/949/842
f 274/327/289 787/952/845 788/953/846
f 789/954/847 790/955/848 791/956/849
f 789/954/847 792/957/850 793/958/851
f 789/954/847 794/959/852 790/955/848
f 789/954/847 795/960/853 796/961/854
f 789/954/847 791/956/849 792/957/850
f 789/954/847 796/961/854 794/959/852
f 789/954/847 793/958/851 795/960/853
f 797/962/855 4621/220/193 798/963/856
f 797/964/855 798/965/856 799/966/857
f 797/964/855 4839/967/858 4524/968/859
f 797/964/855 799/966/857 4839/967/858
f 797/962/855 4524/969/859 4621/220/193
f 800/970/860 801/971/861 802/972/862
f 800/970/860 803/973/863 804/974/864
f 800/970/860 805/975/865 803/973/863
f 800/970/860 804/974/864 806/976/866
f 800/970/860 802/972/862 805/975/865
f 800/970/860 806/976/866 801/971/861
f 807/977/867 808/978/868 809/979/869
f 807/977/867 810/980/870 808/978/868
f 807/977/867 809/979/869 811/981/871
f 807/977/867 2115/982/872 810/980/870
f 807/977/867 811/981/871 2115/982/872
f 812/983/873 816/984/874 3684/985/875
f 812/983/873 813/986/876 814/987/877
f 812/988/873 815/989/878 816/990/874
f 812/983/873 3684/985/875 817/991/879
f 812/983/873 817/991/879 813/986/876
f 812/983/873 814/987/877 815/992/878
f 818/993/880 338/406/358 819/994/881
f 818/993/880 339/407/359 338/406/358
f 818/993/880 820/995/882 339/407/359
f 818/993/880 821/996/883 820/995/882
f 818/993/880 819/994/881 821/996/883
f 822/997/884 823/998/885 824/999/886
f 822/997/884 487/579/520 26/33/28
f 822/997/884 824/999/886 488/580/521
f 822/997/884 26/33/28 23/30/25
f 822/997/884 488/580/521 487/579/520
f 822/997/884 23/30/25 823/998/885
f 825/1000/887 826/1001/888 827/1002/889
f 825/1000/887 828/1003/890 829/1004/891
f 825/1000/887 830/1005/892 826/1001/888
f 825/1000/887 827/1002/889 828/1003/890
f 825/1000/887 829/1004/891 831/1006/893
f 825/1000/887 831/1006/893 830/1005/892
f 832/1007/894 1402/1008/895 833/1009/896
f 832/1007/894 833/1009/896 834/1010/897
f 832/1007/894 835/1011/898 836/1012/899
f 832/1007/894 834/1010/897 835/1011/898
f 832/1007/894 837/1013/900 1402/1008/895
f 832/1007/894 836/1012/899 837/1013/900
f 838/1014/901 839/1015/902 840/1016/903
f 838/1014/901 841/1017/904 839/1015/902
f 838/1014/901 840/1016/903 842/1018/905
f 838/1014/901 842/1018/905 843/1019/906
f 838/1014/901 843/1019/906 841/1017/904
f 844/1020/907 845/1021/908 846/1022/909
f 844/1023/907 848/1024/910 847/1025/911
f 844/1020/907 2781/1026/912 845/1021/908
f 844/1020/907 846/1022/909 848/1027/910
f 844/1020/907 847/1028/911 2781/1026/912
f 849/1029/913 850/1030/914 851/1031/915
f 849/1029/913 852/1032/916 853/1033/917
f 849/1029/913 851/1031/915 854/1034/918
f 849/1029/913 854/1034/918 855/1035/919
f 849/1029/913 853/1033/917 850/1030/914
f 849/1029/913 855/1035/919 852/1032/916
f 856/1036/920 857/1037/921 858/1038/922
f 856/1036/920 858/1038/922 859/1039/923
f 862/1040/924 860/1041/925 861/1042/926
f 862/1040/924 3716/1043/927 860/1041/925
f 862/1044/924 184/221/194 863/1045/928
f 862/1044/924 863/1045/928 3716/1046/927
f 862/1044/924 861/1047/926 184/221/194
f 864/1048/929 865/1049/930 866/1050/931
f 864/1048/929 866/1050/931 867/1051/932
f 864/1048/929 868/1052/933 865/1049/930
f 864/1048/929 869/1053/934 868/1052/933
f 864/1048/929 870/1054/935 871/1055/936
f 864/1048/929 871/1055/936 869/1053/934
f 864/1048/929 867/1051/932 870/1054/935
f 872/1056/937 873/1057/938 874/1058/939
f 872/1056/937 874/1058/939 875/1059/940
f 872/1056/937 876/1060/941 877/1061/942
f 872/1056/937 877/1061/942 873/1057/938
f 872/1056/937 878/1062/943 879/1063/944
f 872/1056/937 875/1059/940 878/1062/943
f 872/1056/937 879/1063/944 876/1060/941
f 880/1064/945 881/1065/946 4764/1066/947
f 880/1064/945 882/1067/948 883/1068/949
f 880/1064/945 4764/1066/947 882/1067/948
f 76/92/81 884/1069/950 77/93/82
f 885/1070/951 886/1071/952 887/1072/953
f 885/1070/951 888/1073/954 889/1074/955
f 885/1070/951 889/1074/955 890/1075/956
f 885/1070/951 890/1075/956 891/1076/957
f 885/1070/951 887/1072/953 892/1077/958
f 885/1070/951 891/1076/957 886/1071/952
f 885/1070/951 892/1077/958 888/1073/954
f 133/155/141 893/1078/959 894/1079/960
f 133/155/141 894/1079/960 895/1080/961
f 133/155/141 895/1080/961 896/1081/962
f 133/155/141 896/1081/962 134/156/142
f 133/155/141 137/159/145 893/1078/959
f 897/1082/963 898/1083/964 899/1084/965
f 897/1082/963 900/1085/966 898/1083/964
f 897/1082/963 901/1086/967 902/1087/968
f 897/1082/963 899/1084/965 901/1086/967
f 897/1082/963 902/1087/968 900/1085/966
f 903/1088/969 904/1089/970 905/1090/971
f 903/1088/969 906/1091/972 907/1092/973
f 903/1088/969 905/1090/971 908/1093/974
f 903/1088/969 907/1092/973 904/1089/970
f 909/1094/975 910/1095/976 911/1096/977
f 909/1094/975 911/1096/977 912/1097/978
f 311/1098/329 913/1099/979 914/1100/980
f 311/374/329 914/1101/980 2826/375/330
f 915/1102/981 916/1103/982 917/1104/983
f 915/1102/981 918/1105/984 916/1103/982
f 915/1102/981 919/1106/985 4650/1107/986
f 915/1102/981 4650/1107/986 918/1105/984
f 915/1102/981 917/1104/983 919/1106/985
f 920/1108/987 921/1109/988 922/1110/989
f 920/1108/987 923/1111/990 924/1112/991
f 920/1108/987 925/1113/992 923/1111/990
f 920/1108/987 926/1114/993 927/1115/994
f 920/1108/987 924/1112/991 921/1109/988
f 920/1108/987 927/1115/994 925/1113/992
f 920/1108/987 922/1110/989 926/1114/993
f 928/1116/995 929/1117/996 930/1118/997
f 928/1116/995 931/1119/998 932/1120/999
f 928/1116/995 930/1118/997 931/1119/998
f 933/1121/1000 934/1122/1001 935/1123/1002
f 933/1121/1000 936/1124/1003 12/17/14
f 933/1121/1000 11/16/13 934/1122/1001
f 933/1121/1000 937/1125/1004 936/1124/1003
f 933/1121/1000 12/17/14 11/16/13
f 933/1121/1000 935/1123/1002 937/1125/1004
f 938/1126/1005 939/1127/1006 940/1128/1007
f 938/1126/1005 940/1128/1007 941/1129/1008
f 938/1126/1005 941/1129/1008 942/1130/1009
f 938/1126/1005 943/1131/1010 939/1127/1006
f 938/1126/1005 942/1130/1009 943/1131/1010
f 944/1132/1011 876/1060/941 4019/1133/1012
f 944/1132/1011 877/1061/942 876/1060/941
f 944/1132/1011 4019/1133/1012 4016/1134/1013
f 945/1135/1014 946/1136/1015 947/1137/1016
f 945/1135/1014 948/1138/1017 4732/1139/1018
f 945/1135/1014 949/1140/1019 950/1141/1020
f 945/1135/1014 950/1141/1020 946/1136/1015
f 945/1135/1014 947/1137/1016 948/1138/1017
f 945/1135/1014 4732/1139/1018 949/1140/1019
f 953/1142/1021 951/1143/1022 952/1144/1023
f 953/1145/1021 954/1146/1024 951/1147/1022
f 953/1142/1021 955/1148/1025 956/1149/1026
f 953/1145/1021 956/1150/1026 957/1151/1027
f 953/1142/1021 952/1144/1023 955/1148/1025
f 953/1145/1021 957/1151/1027 954/1146/1024
f 958/1152/1028 959/1153/1029 960/1154/1030
f 958/1155/1028 961/1156/1031 962/1157/1032
f 958/1152/1028 963/1158/1033 959/1153/1029
f 958/1155/1028 962/1157/1032 963/1159/1033
f 958/1160/1028 964/1161/1034 961/1162/1031
f 958/1163/1028 3948/1164/1035 964/1165/1034
f 958/1163/1028 960/1166/1030 3948/1164/1035
f 965/1167/1036 966/1168/1037 811/1169/871
f 965/1167/1036 967/1170/1038 216/259/227
f 965/1167/1036 216/259/227 220/264/232
f 965/1167/1036 968/1171/1039 967/1170/1038
f 965/1167/1036 811/1169/871 968/1171/1039
f 965/1167/1036 220/264/232 966/1168/1037
f 969/1172/1040 970/1173/1041 971/1174/1042
f 969/1172/1040 972/1175/1043 973/1176/1044
f 969/1172/1040 971/1174/1042 972/1175/1043
f 974/1177/1045 975/1178/1046 976/1179/1047
f 974/1177/1045 1545/1180/1048 977/1181/1049
f 974/1177/1045 978/1182/1050 1545/1180/1048
f 974/1177/1045 977/1181/1049 975/1178/1046
f 974/1177/1045 976/1179/1047 978/1182/1050
f 979/1183/1051 980/1184/1052 981/1185/1053
f 979/1183/1051 982/1186/1054 980/1184/1052
f 979/1183/1051 983/1187/1055 984/1188/1056
f 979/1183/1051 985/1189/1057 983/1187/1055
f 979/1183/1051 984/1188/1056 986/1190/1058
f 979/1183/1051 981/1185/1053 985/1189/1057
f 979/1183/1051 986/1190/1058 982/1186/1054
f 987/1191/1059 988/1192/1060 989/1193/1061
f 987/1191/1059 989/1193/1061 990/1194/1062
f 987/1191/1059 991/1195/1063 988/1192/1060
f 987/1191/1059 990/1194/1062 991/1195/1063
f 992/1196/1064 993/1197/1065 994/1198/1066
f 992/1196/1064 995/1199/1067 996/1200/1068
f 992/1196/1064 997/1201/1069 995/1199/1067
f 992/1196/1064 998/1202/1070 997/1201/1069
f 992/1196/1064 996/1200/1068 993/1197/1065
f 992/1196/1064 994/1198/1066 998/1202/1070
f 999/1203/1071 1192/1204/1072 1000/1205/1073
f 999/1203/1071 1000/1205/1073 1001/1206/1074
f 999/1203/1071 1002/1207/1075 1003/1208/1076
f 999/1203/1071 1001/1206/1074 1002/1207/1075
f 557/668/594 1004/1209/1077 1005/1210/1078
f 557/1211/594 559/1212/596 1006/1213/1079
f 557/668/594 1005/1210/1078 558/669/595
f 557/668/594 1007/1214/1080 1008/1215/1081
f 557/1211/594 1006/1213/1079 1007/1216/1080
f 557/668/594 1009/1217/1082 1004/1209/1077
f 557/668/594 1008/1215/1081 1009/1217/1082
f 1010/1218/1083 1011/1219/1084 1012/1220/1085
f 1010/1218/1083 1013/1221/1086 1011/1219/1084
f 1010/1218/1083 1012/1220/1085 1014/1222/1087
f 1015/1223/1088 1016/1224/1089 869/1053/934
f 1015/1223/1088 869/1053/934 871/1055/936
f 1015/1223/1088 871/1055/936 2276/1225/1090
f 1015/1223/1088 2276/1225/1090 1017/1226/1091
f 1015/1223/1088 1017/1226/1091 1016/1224/1089
f 1018/1227/1092 1019/1228/1093 1020/1229/1094
f 1018/1227/1092 1020/1229/1094 1021/1230/1095
f 1018/1227/1092 3692/1231/1096 1022/1232/1097
f 1018/1227/1092 1022/1232/1097 1023/1233/1098
f 1018/1227/1092 1023/1233/1098 1019/1228/1093
f 1018/1227/1092 1021/1230/1095 3692/1231/1096
f 1024/1234/1099 1025/1235/1100 2168/1236/1101
f 1024/1234/1099 1026/1237/1102 4671/1238/1103
f 1024/1234/1099 4671/1238/1103 1025/1235/1100
f 1024/1234/1099 2168/1236/1101 4498/1239/1104
f 1024/1234/1099 4498/1239/1104 1026/1237/1102
f 1027/1240/1105 1031/1241/1106 1028/1242/1107
f 1027/1240/1105 1029/1243/1108 1030/1244/1109
f 1027/1240/1105 209/252/220 1029/1243/1108
f 1027/1240/1105 1028/1242/1107 212/255/223
f 1027/1245/1105 1030/1246/1109 1031/1247/1106
f 1027/1240/1105 212/255/223 209/252/220
f 1035/1248/1110 1032/1249/1111 1033/1250/1112
f 1035/1248/1110 1034/1251/1113 1032/1249/1111
f 1035/1252/1110 369/444/393 1036/1253/1114
f 1035/1248/1110 1033/1250/1112 369/1254/393
f 1038/1255/1115 713/1256/764 1821/1257/1116
f 1038/1255/1115 1821/1257/1116 1037/1258/1117
f 1038/1259/1115 716/864/767 713/861/764
f 1040/1260/1118 1039/1261/1119 1041/1262/1120
f 1040/1263/1118 1041/1264/1120 1042/1265/1121
f 1040/1260/1118 1043/1266/1122 1039/1261/1119
f 1040/1263/1118 1044/1267/1123 1043/1268/1122
f 1040/1263/1118 1042/1265/1121 1044/1267/1123
f 1045/1269/1124 1046/1270/1125 193/235/203
f 1045/1269/1124 1047/1271/1126 1048/1272/1127
f 1045/1269/1124 193/235/203 1049/1273/1128
f 1045/1269/1124 1049/1273/1128 1050/1274/1129
f 1045/1269/1124 1048/1272/1127 1046/1270/1125
f 1045/1269/1124 1050/1274/1129 1047/1271/1126
f 1051/1275/1130 1052/1276/1131 1053/1277/1132
f 1051/1275/1130 1054/1278/1133 1055/1279/1134
f 1051/1275/1130 1053/1277/1132 1054/1278/1133
f 1051/1275/1130 1055/1279/1134 1056/1280/1135
f 1051/1275/1130 1056/1280/1135 1052/1276/1131
f 1059/1281/1136 1057/1282/1137 1058/1283/1138
f 1059/1284/1136 1058/1285/1138 1060/1286/1139
f 1059/1281/1136 1061/1287/1140 837/1013/900
f 1059/1284/1136 1060/1286/1139 1062/1288/1141
f 1059/1281/1136 837/1013/900 1057/1282/1137
f 1059/1284/1136 1062/1288/1141 1061/1289/1140
f 1063/1290/1142 3514/1291/1143 3517/1292/1144
f 1063/1290/1142 4298/1293/1145 3514/1291/1143
f 1063/1290/1142 3517/1292/1144 1064/1294/1146
f 1063/1290/1142 1065/1295/1147 4298/1293/1145
f 1063/1290/1142 1064/1294/1146 1065/1295/1147
f 1066/1296/1148 2362/1297/1149 1067/1298/1150
f 1066/1296/1148 1067/1298/1150 1068/1299/1151
f 1066/1296/1148 1069/1300/1152 1070/1301/1153
f 1066/1296/1148 1068/1299/1151 1069/1300/1152
f 1066/1296/1148 1070/1301/1153 1071/1302/1154
f 1066/1296/1148 1071/1302/1154 2362/1297/1149
f 1072/1303/1155 1073/1304/1156 4153/1305/1157
f 1072/1303/1155 4153/1305/1157 1074/1306/1158
f 1072/1303/1155 1075/1307/1159 1076/1308/1160
f 1072/1303/1155 1076/1308/1160 1077/1309/1161
f 1072/1303/1155 1077/1309/1161 1073/1304/1156
f 1078/1310/1162 1079/1311/1163 1080/1312/1164
f 1078/1310/1162 1080/1312/1164 1081/1313/1165
f 1078/1310/1162 1082/1314/1166 1079/1311/1163
f 1078/1310/1162 1081/1313/1165 1083/1315/1167
f 1078/1310/1162 1083/1315/1167 1082/1314/1166
f 1084/1316/1168 1085/1317/1169 1086/1318/1170
f 1084/1316/1168 1086/1318/1170 1087/1319/1171
f 1084/1316/1168 1088/1320/1172 1085/1317/1169
f 1091/1321/1173 1089/1322/1174 1090/1323/1175
f 1091/1324/1173 3936/1325/1176 1092/1326/1177
f 1091/1324/1173 1090/1327/1175 3029/1328/1178
f 1091/1321/1173 1093/1329/1179 1089/1322/1174
f 1091/1324/1173 3029/1328/1178 3936/1325/1176
f 1091/1321/1173 1094/1330/1180 1093/1329/1179
f 1091/1321/1173 1092/1331/1177 1094/1330/1180
f 575/690/613 1095/1332/1181 576/691/614
f 1096/1333/1182 1097/1334/1183 1098/1335/1184
f 1096/1333/1182 1099/1336/1185 1100/1337/1186
f 1096/1333/1182 1100/1337/1186 1101/1338/1187
f 1096/1333/1182 1101/1338/1187 1097/1334/1183
f 1096/1333/1182 1098/1335/1184 1099/1336/1185
f 1102/1339/1188 1103/1340/1189 1104/1341/1190
f 1102/1339/1188 1981/1342/1191 664/795/710
f 1102/1339/1188 1105/1343/1192 1981/1342/1191
f 1102/1339/1188 1104/1341/1190 1105/1343/1192
f 1102/1339/1188 1106/1344/1193 1103/1340/1189
f 1102/1339/1188 664/795/710 1106/1344/1193
f 1107/1345/1194 1108/1346/1195 1109/1347/1196
f 1107/1345/1194 1110/1348/1197 1111/1349/1198
f 1107/1345/1194 1111/1349/1198 1108/1346/1195
f 1112/1350/1199 1113/1351/1200 1114/1352/1201
f 1112/1350/1199 1115/1353/1202 1113/1351/1200
f 1112/1350/1199 1114/1352/1201 1116/1354/1203
f 1112/1350/1199 1116/1354/1203 1117/1355/1204
f 1112/1350/1199 1117/1355/1204 1115/1353/1202
f 1118/1356/1205 1119/1357/1206 1120/1358/1207
f 1118/1356/1205 1120/1358/1207 1121/1359/1208
f 1118/1356/1205 1122/1360/1209 1123/1361/1210
f 1118/1356/1205 1123/1361/1210 1119/1357/1206
f 1118/1362/1205 1121/1363/1208 1122/1364/1209
f 1124/1365/1211 1125/1366/1212 1126/1367/1213
f 1124/1365/1211 379/1368/403 1125/1366/1212
f 1124/1365/1211 1127/1369/1214 379/1368/403
f 1128/1370/1215 1129/1371/1216 1130/1372/1217
f 1128/1370/1215 1130/1372/1217 1131/1373/1218
f 1128/1370/1215 1132/1374/1219 1133/1375/1220
f 1128/1370/1215 1133/1375/1220 1134/1376/1221
f 1128/1370/1215 1131/1373/1218 1132/1374/1219
f 1128/1370/1215 1134/1376/1221 1129/1371/1216
f 1135/1377/1222 1136/1378/1223 1137/1379/1224
f 1135/1377/1222 1138/1380/1225 1136/1378/1223
f 1135/1377/1222 1137/1379/1224 1139/1381/1226
f 1140/1382/1227 1141/1383/1228 1142/1384/1229
f 1140/1382/1227 1142/1384/1229 1143/1385/671
f 1140/1382/1227 1144/1386/1230 1145/1387/1231
f 1140/1382/1227 1143/1385/671 1144/1386/1230
f 1140/1382/1227 1145/1387/1231 1141/1383/1228
f 1147/1388/1232 1149/1389/1233 1146/1390/1234
f 1147/1391/1232 1148/1392/1235 1149/1393/1233
f 1147/1388/1232 1146/1390/1234 1150/1394/1236
f 1151/1395/1237 1152/1396/1238 1153/1397/1239
f 1151/1395/1237 1153/1397/1239 489/581/522
f 1155/1398/1240 1154/1399/1241 1156/1400/1242
f 1155/1401/1240 1156/1402/1242 1157/1403/1243
f 1155/1401/1240 1158/1404/1244 1160/1405/1245
f 1155/1398/1240 1159/1406/1246 1154/1399/1241
f 1155/1401/1240 1157/1403/1243 1158/1404/1244
f 1155/1398/1240 1160/1407/1245 1159/1406/1246
f 1161/1408/1247 2321/1409/1248 1162/1410/1249
f 1161/1411/1247 1162/1412/1249 1163/1413/1250
f 1161/1408/1247 1163/1414/1250 1164/1415/1251
f 1161/1408/1247 1165/1416/1252 2321/1409/1248
f 1161/1408/1247 1164/1415/1251 1165/1416/1252
f 1166/1417/1253 1167/1418/1254 1168/1419/1255
f 1166/1417/1253 1169/1420/1256 1170/1421/1257
f 1166/1417/1253 1170/1421/1257 1167/1418/1254
f 1166/1417/1253 1171/1422/1258 1172/1423/1259
f 1166/1417/1253 1168/1419/1255 1171/1422/1258
f 1166/1417/1253 1172/1423/1259 1169/1420/1256
f 1173/1424/1260 1174/1425/1261 1175/1426/1262
f 1173/1424/1260 1176/1427/1263 1174/1425/1261
f 1173/1424/1260 1175/1426/1262 2306/1428/1264
f 1179/1429/1265 3763/1430/1266 1177/1431/1267
f 1179/1429/1265 1177/1431/1267 1178/1432/1268
f 1179/1433/1265 1180/1434/1269 1181/1435/1270
f 1179/1429/1265 1182/1436/1271 1180/1437/1269
f 1179/1429/1265 1181/1438/1270 3763/1430/1266
f 1179/1429/1265 1178/1432/1268 1182/1436/1271
f 1183/1439/1272 1184/1440/1273 1185/1441/1274
f 1183/1439/1272 1185/1441/1274 1186/1442/1275
f 1183/1439/1272 1187/1443/1276 1188/1444/1277
f 1183/1439/1272 1186/1442/1275 1187/1443/1276
f 959/1153/1029 1189/1445/1278 1190/1446/1279
f 959/1153/1029 963/1158/1033 1191/1447/1280
f 959/1153/1029 1190/1446/1279 960/1154/1030
f 959/1153/1029 1191/1447/1280 1189/1445/1278
f 1192/1448/1072 1193/1449/1281 1194/1450/1282
f 1192/1204/1072 1194/1451/1282 1000/1205/1073
f 1195/1452/1283 858/1038/922 1196/1453/1284
f 1195/1452/1283 1197/1454/1285 858/1038/922
f 1195/1452/1283 1198/1455/1286 1197/1454/1285
f 1199/1456/1287 1200/1457/1288 1201/1458/1289
f 1199/1456/1287 1202/1459/1290 4756/1460/1291
f 1199/1461/1287 2224/1462/1292 1202/1463/1290
f 1199/1461/1287 1201/1464/1289 2224/1462/1292
f 1199/1456/1287 4756/1460/1291 1200/1457/1288
f 1203/1465/1293 1204/1466/1294 1205/1467/1295
f 1203/1465/1293 1206/1468/1296 1207/1469/1297
f 1203/1465/1293 1205/1467/1295 1206/1468/1296
f 1203/1465/1293 1208/1470/1298 1204/1466/1294
f 425/501/450 431/507/456 1209/1471/1299
f 1210/1472/1300 916/1103/982 918/1105/984
f 1210/1472/1300 918/1105/984 1211/1473/1301
f 1210/1472/1300 1212/1474/1302 916/1103/982
f 1210/1472/1300 1213/1475/1303 1212/1474/1302
f 1210/1472/1300 1211/1473/1301 1214/1476/1304
f 1210/1472/1300 1214/1476/1304 1213/1475/1303
f 1215/1477/1305 1216/1478/1306 1217/1479/1307
f 1215/1477/1305 1218/1480/1308 1219/1481/1309
f 1215/1477/1305 1220/1482/1310 1218/1480/1308
f 1215/1477/1305 1221/1483/1311 1216/1478/1306
f 1215/1477/1305 1217/1479/1307 1220/1482/1310
f 1215/1477/1305 1219/1481/1309 1221/1483/1311
f 1224/1484/1312 1222/1485/1313 1223/1486/1314
f 1224/1487/1312 1225/1488/1315 1222/1489/1313
f 1224/1487/1312 1227/878/781 1226/1490/1316
f 1224/1487/1312 1226/1490/1316 1225/1488/1315
f 1224/1484/1312 1223/1486/1314 1227/1491/781
f 1228/1492/1317 1229/1493/1318 1230/1494/1319
f 1228/1492/1317 1230/1494/1319 1231/1495/1320
f 1228/1492/1317 1232/1496/1321 1233/1497/1322
f 1228/1492/1317 1231/1495/1320 1234/1498/1323
f 1228/1492/1317 1234/1498/1323 1232/1496/1321
f 1228/1492/1317 1233/1497/1322 1229/1493/1318
f 1235/217/191 183/216/192 625/1499/666
f 1235/1500/191 1237/1501/24 181/219/24
f 1235/1502/191 1236/1503/1324 1237/1504/24
f 1235/217/191 625/1499/666 1236/1505/1324
f 1238/1506/1325 1239/1507/1326 1240/1508/1327
f 1238/1506/1325 1241/1509/1328 1242/1510/1329
f 1238/1506/1325 1242/1510/1329 1243/1511/1330
f 1238/1506/1325 1244/1512/1331 1239/1507/1326
f 1238/1506/1325 1243/1511/1330 1244/1512/1331
f 1238/1506/1325 1240/1508/1327 1241/1509/1328
f 1245/1513/1332 1246/1514/1333 1247/1515/1334
f 1245/1513/1332 1248/1516/1335 1249/1517/1336
f 1245/1513/1332 1249/1517/1336 1250/1518/1337
f 1245/1513/1332 1247/1515/1334 1248/1516/1335
f 1245/1513/1332 1250/1518/1337 1246/1514/1333
f 1251/1519/1338 1252/1520/1339 1253/1521/1340
f 1251/1519/1338 1254/1522/1341 1255/1523/1342
f 1251/1519/1338 1256/1524/1343 1252/1520/1339
f 1251/1519/1338 1257/1525/1344 1254/1522/1341
f 1251/1519/1338 1255/1523/1342 1256/1524/1343
f 1251/1519/1338 1253/1521/1340 1257/1525/1344
f 1258/1526/1345 1259/1527/1346 1260/1528/1347
f 1258/1526/1345 1260/1528/1347 1261/1529/1348
f 1258/1526/1345 1261/1529/1348 1262/1530/1349
f 1263/1531/1350 3937/1532/1351 1264/1533/1352
f 1263/1531/1350 3907/1534/1353 3909/1535/1354
f 1263/1531/1350 3909/1535/1354 3937/1532/1351
f 1263/1531/1350 1264/1533/1352 1265/1536/1355
f 1263/1531/1350 1265/1536/1355 3907/1534/1353
f 1266/1537/1356 1267/1538/1357 2548/1539/1358
f 1266/1537/1356 4914/1540/1359 1267/1538/1357
f 1268/1541/1360 1269/1542/1361 1270/1543/1362
f 1268/1541/1360 1271/1544/1363 2606/1545/1364
f 1268/1541/1360 1272/1546/1365 1271/1544/1363
f 1268/1541/1360 2606/1545/1364 1269/1542/1361
f 1268/1541/1360 1270/1543/1362 1272/1546/1365
f 1273/1547/1366 1274/1548/1367 1275/1549/1368
f 1273/1547/1366 1276/1550/1369 1277/1551/1370
f 1273/1547/1366 1278/1552/1371 1276/1550/1369
f 1273/1547/1366 1275/1549/1368 1278/1552/1371
f 1273/1547/1366 1277/1551/1370 1274/1548/1367
f 1279/1553/1372 1280/1554/1373 1281/1555/1374
f 1279/1553/1372 1282/1556/1375 1283/1557/1376
f 1279/1553/1372 1281/1555/1374 1282/1556/1375
f 1279/1553/1372 1284/1558/1377 1280/1554/1373
f 1279/1553/1372 1055/1279/1134 1284/1558/1377
f 1279/1553/1372 1056/1280/1135 1055/1279/1134
f 1279/1553/1372 1283/1557/1376 1056/1280/1135
f 395/470/419 1058/1283/1138 396/471/420
f 395/470/419 1285/1559/1378 1058/1283/1138
f 395/470/419 401/476/425 1285/1559/1378
f 1290/1560/1379 4368/1561/1380 1286/1562/1381
f 1290/1560/1379 1291/1563/1382 4368/1561/1380
f 1290/1560/1379 1286/1562/1381 1287/1564/1383
f 1290/1560/1379 1288/1565/1384 1289/1566/1385
f 1290/1560/1379 1287/1564/1383 1288/1565/1384
f 1290/1567/1379 1289/1568/1385 1291/1569/1382
f 1292/1570/1386 1293/1571/1387 258/311/273
f 1292/1570/1386 1294/1572/1388 1295/1573/1389
f 1292/1570/1386 258/311/273 1294/1572/1388
f 1292/1570/1386 1296/1574/1390 1293/1571/1387
f 1292/1570/1386 1295/1573/1389 1296/1574/1390
f 603/721/642 1297/1575/1391 1298/1576/1392
f 603/721/642 605/723/644 1299/1577/1393
f 603/721/642 1298/1576/1392 604/722/643
f 603/721/642 1299/1577/1393 1297/1575/1391
f 268/321/283 271/324/286 1300/1578/1394
f 268/321/283 1301/1579/1395 1302/1580/1396
f 268/321/283 1300/1578/1394 1301/1579/1395
f 268/321/283 1303/1581/1397 269/322/284
f 268/321/283 1302/1580/1396 1303/1581/1397
f 1304/1582/1398 1305/1583/1399 1306/1584/1400
f 1304/1582/1398 1307/1585/1401 1308/1586/1402
f 1304/1582/1398 1306/1584/1400 1307/1585/1401
f 1304/1582/1398 1308/1586/1402 1679/1587/1403
f 1304/1582/1398 1679/1587/1403 1309/1588/1404
f 1304/1582/1398 1309/1588/1404 1305/1583/1399
f 1310/1589/1405 511/611/545 1311/1590/1406
f 1310/1589/1405 1311/1590/1406 1312/1591/1407
f 1310/1589/1405 1312/1591/1407 1313/1592/1408
f 1310/1589/1405 1313/1592/1408 1314/1593/1409
f 1310/1589/1405 1314/1593/1409 512/612/546
f 1310/1589/1405 512/612/546 511/611/545
f 1315/1594/1410 452/528/477 1316/1595/1411
f 1315/1594/1410 1317/1596/1412 452/528/477
f 1315/1594/1410 1316/1595/1411 41/53/45
f 1315/1594/1410 1318/1597/1413 1317/1596/1412
f 1315/1594/1410 41/53/45 1318/1597/1413
f 1319/1598/1414 745/899/799 1320/1599/1415
f 1319/1598/1414 1321/1600/1416 1322/1601/1417
f 1319/1598/1414 746/900/800 745/899/799
f 1319/1598/1414 1322/1601/1417 746/900/800
f 1319/1598/1414 1323/1602/1418 1321/1600/1416
f 1319/1598/1414 1320/1599/1415 1323/1602/1418
f 1324/1603/1419 294/356/311 293/355/310
f 1324/1603/1419 1325/1604/1420 1326/1605/1421
f 1324/1603/1419 1326/1605/1421 294/356/311
f 1327/1606/1422 1328/1607/1423 1329/1608/1424
f 1327/1606/1422 1330/1609/1425 1331/1610/1426
f 1327/1606/1422 1332/1611/1427 1328/1607/1423
f 1327/1606/1422 1331/1610/1426 1333/1612/1428
f 1327/1606/1422 1333/1612/1428 1332/1611/1427
f 1327/1606/1422 1329/1608/1424 1330/1609/1425
f 1334/1613/1429 1335/1614/1430 386/461/410
f 1334/1613/1429 1336/1615/1431 1337/1616/1432
f 1334/1613/1429 1338/1617/1433 1336/1615/1431
f 1334/1613/1429 386/461/410 1339/1618/1434
f 1334/1613/1429 1339/1618/1434 1338/1617/1433
f 1334/1613/1429 1337/1616/1432 1335/1614/1430
f 1342/1619/1435 1340/1620/1436 3471/1621/1437
f 1342/1619/1435 3471/1621/1437 1341/1622/1438
f 1342/1619/1435 1341/1622/1438 3085/1623/1439
f 1342/1624/1435 3085/1625/1439 1343/1626/1440
f 1342/1624/1435 1343/1626/1440 1340/1627/1436
f 1347/1628/1441 2704/1629/1442 1344/1630/1443
f 1347/1631/1441 1345/1632/1444 1346/1633/1445
f 1347/1634/1441 1344/1635/1443 1345/1636/1444
f 1348/1637/1446 1913/1638/1447 706/1639/757
f 1348/1637/1446 1349/1640/1448 1350/1641/1449
f 1348/1637/1446 1350/1641/1449 1914/1642/1450
f 1348/1637/1446 706/1639/757 1351/1643/1451
f 1348/1637/1446 1351/1643/1451 1349/1640/1448
f 1354/1644/1452 1352/1645/1453 1353/1646/1454
f 1354/1644/1452 1356/1647/1455 1352/1645/1453
f 1354/1648/1452 1355/1649/1456 1356/1650/1455
f 1354/1648/1452 1357/1651/1457 1358/1652/1458
f 1354/1644/1452 1353/1646/1454 1357/1653/1457
f 1354/1648/1452 1358/1652/1458 1355/1649/1456
f 1360/1654/1459 1359/1655/1460 501/593/534
f 1360/1656/1459 1363/1657/1461 1361/1658/1462
f 1360/1654/1459 1362/1659/1463 1363/1660/1461
f 1360/1654/1459 501/593/534 1362/1659/1463
f 1360/1654/1459 1361/1661/1462 1359/1655/1460
f 1364/1662/1464 1365/1663/1465 1366/1664/1466
f 1364/1662/1464 1367/1665/1467 1368/1666/1468
f 1364/1667/1464 1369/1668/1469 1365/1669/1465
f 1364/1662/1464 1366/1664/1466 1370/1670/1470
f 1364/1662/1464 1368/1666/1468 1369/1671/1469
f 1364/1662/1464 1370/1670/1470 1367/1665/1467
f 790/955/848 794/959/852 1371/1672/1471
f 790/955/848 1371/1672/1471 1372/1673/1472
f 790/955/848 1372/1673/1472 1373/1674/1473
f 790/955/848 1373/1674/1473 791/956/849
f 1103/1340/1189 1374/1675/1474 1104/1341/1190
f 1103/1340/1189 1106/1344/1193 1375/1676/1475
f 1103/1340/1189 1375/1676/1475 1376/1677/1476
f 1103/1340/1189 1376/1677/1476 1374/1675/1474
f 1377/1678/1477 1378/1679/1478 1379/1680/1479
f 1377/1678/1477 2442/1681/1480 2440/1682/1481
f 1377/1678/1477 4560/1683/1482 1378/1679/1478
f 1377/1678/1477 2440/1682/1481 4560/1683/1482
f 1377/1678/1477 1379/1680/1479 2442/1681/1480
f 1380/1684/1483 1381/1685/1484 1382/1686/1485
f 1380/1684/1483 3467/1687/1486 1383/1688/1487
f 1380/1684/1483 1382/1686/1485 3467/1687/1486
f 1380/1684/1483 1384/1689/1488 1385/1690/1489
f 1380/1684/1483 1383/1688/1487 1384/1689/1488
f 1380/1684/1483 1385/1690/1489 1381/1685/1484
f 921/1109/988 1386/1691/1490 1387/1692/1491
f 921/1109/988 1387/1692/1491 2139/1693/1492
f 921/1109/988 2139/1693/1492 922/1110/989
f 921/1109/988 924/1112/991 1386/1691/1490
f 540/646/577 1388/1694/1493 1389/1695/1494
f 540/646/577 539/645/576 1388/1694/1493
f 1390/1696/1495 1391/1697/1496 543/649/580
f 1390/1696/1495 1392/1698/1497 1393/1699/1498
f 1390/1696/1495 1394/1700/1499 1391/1697/1496
f 1390/1696/1495 1395/1701/1500 1394/1700/1499
f 1390/1696/1495 543/649/580 1392/1698/1497
f 1390/1696/1495 1393/1699/1498 1395/1701/1500
f 1396/1702/1501 1397/1703/1502 1398/1704/1503
f 1396/1702/1501 70/86/75 1399/1705/1504
f 1396/1702/1501 1398/1704/1503 70/86/75
f 1396/1702/1501 1400/1706/1505 1401/1707/1506
f 1396/1702/1501 1401/1707/1506 1397/1703/1502
f 1396/1702/1501 1399/1705/1504 1400/1706/1505
f 1402/1708/895 1061/1289/1140 1403/1709/1507
f 1402/1708/895 1403/1709/1507 1404/1710/1508
f 1402/1008/895 837/1013/900 1061/1287/1140
f 1402/1008/895 1404/1711/1508 833/1009/896
f 1405/1712/1509 1406/1713/1510 1407/1714/1511
f 1405/1712/1509 1408/1715/1512 1406/1713/1510
f 1405/1712/1509 1409/1716/1513 1408/1715/1512
f 1405/1712/1509 1407/1714/1511 1410/1717/1514
f 1411/1718/1515 1412/1719/1516 1413/1720/1517
f 1411/1718/1515 1413/1720/1517 1414/1721/1518
f 1411/1718/1515 1414/1721/1518 1415/1722/1519
f 1416/1723/1520 1417/1724/1521 457/534/483
f 1416/1725/1520 1420/1726/1522 1418/1727/1523
f 1416/1723/1520 1418/1728/1523 1417/1724/1521
f 1416/1723/1520 456/533/482 1419/1729/1524
f 1416/1723/1520 457/534/483 456/533/482
f 1416/1723/1520 1419/1729/1524 1420/1730/1522
f 1421/1731/1525 1422/1732/1526 1423/1733/1527
f 1421/1731/1525 1423/1733/1527 1424/1734/1528
f 1421/1731/1525 178/209/187 1425/1735/1529
f 1421/1731/1525 1424/1734/1528 178/209/187
f 1421/1731/1525 1425/1735/1529 1422/1732/1526
f 1426/1736/1530 1427/1737/1531 1428/1738/1532
f 1426/1736/1530 1428/1738/1532 1429/1739/1533
f 1032/1249/1111 1034/1251/1113 1430/1740/1534
f 1032/1249/1111 1430/1740/1534 1431/1741/1535
f 1032/1249/1111 1431/1741/1535 1432/1742/1536
f 1032/1249/1111 1432/1742/1536 1033/1250/1112
f 1436/1743/1537 1437/1744/1538 1433/1745/1539
f 1436/1743/1537 1434/1746/1540 1435/1747/1541
f 1436/1743/1537 1433/1745/1539 211/254/222
f 1436/1748/1537 1438/1749/1542 1437/1750/1538
f 1436/1743/1537 211/254/222 1434/1746/1540
f 1436/1743/1537 1435/1747/1541 1438/1751/1542
f 1439/1752/1543 1440/1753/1544 1441/1754/1545
f 1439/1752/1543 1442/1755/1546 1443/1756/1547
f 1439/1752/1543 1444/1757/1548 1181/1435/1270
f 1439/1752/1543 1181/1435/1270 1442/1755/1546
f 1439/1752/1543 1443/1756/1547 1440/1753/1544
f 1439/1752/1543 1441/1754/1545 1444/1757/1548
f 120/141/127 4889/1758/1549 121/142/128
f 120/141/127 405/481/430 4889/1758/1549
f 126/148/134 1445/1759/1550 1446/1760/1551
f 126/148/134 1447/1761/1552 127/149/135
f 126/148/134 1448/1762/1553 1445/1759/1550
f 126/148/134 1446/1760/1551 1447/1761/1552
f 126/148/134 129/151/137 1448/1762/1553
f 1449/1763/1554 1450/1764/1555 1451/1765/1556
f 1449/1763/1554 1451/1765/1556 599/717/24
f 262/315/277 266/319/281 4620/1766/1557
f 262/315/277 1452/1767/1558 263/316/278
f 1453/1768/1559 1454/1769/1560 1455/1770/1561
f 1453/1768/1559 1456/1771/1562 1457/1772/1563
f 1453/1768/1559 1457/1772/1563 1454/1769/1560
f 1458/1773/1564 1459/1774/1565 1435/1747/1541
f 1458/1773/1564 1434/1746/1540 1460/1775/1566
f 1458/1773/1564 150/172/158 1459/1774/1565
f 1458/1773/1564 1461/1776/1567 150/172/158
f 1458/1773/1564 1435/1747/1541 1434/1746/1540
f 1458/1773/1564 1460/1775/1566 1461/1776/1567
f 1462/1777/1568 1463/1778/1569 1464/1779/1570
f 1462/1777/1568 1464/1779/1570 1465/1780/1571
f 1466/1781/1572 1467/1782/1573 479/571/512
f 1466/1781/1572 1468/1783/1574 1469/1784/1575
f 1466/1781/1572 1470/1785/1576 1467/1782/1573
f 1466/1781/1572 477/569/510 1468/1783/1574
f 1466/1781/1572 1469/1784/1575 1470/1785/1576
f 1466/1781/1572 479/571/512 477/569/510
f 1471/1786/1577 559/1787/596 1472/1788/1578
f 1471/1786/1577 1472/1788/1578 1473/1789/1579
f 1471/1786/1577 3684/985/875 559/1787/596
f 1471/1786/1577 817/991/879 3684/985/875
f 1471/1786/1577 1474/1790/1580 817/991/879
f 1471/1786/1577 1473/1789/1579 1474/1790/1580
f 1475/1791/1581 1476/1792/1582 3312/1793/1583
f 1475/1791/1581 3312/1793/1583 1477/1794/1584
f 1475/1791/1581 1478/1795/1585 1479/1796/1586
f 1475/1791/1581 1479/1796/1586 1476/1792/1582
f 1475/1791/1581 1477/1794/1584 1478/1795/1585
f 1480/1797/1587 1481/1798/1588 1482/1799/1589
f 1480/1797/1587 494/586/527 1483/1800/1590
f 1480/1797/1587 1482/1799/1589 495/587/528
f 1480/1797/1587 495/587/528 494/586/527
f 1480/1797/1587 1483/1800/1590 1481/1798/1588
f 229/273/241 1484/1801/1591 230/274/242
f 229/273/241 232/276/244 1485/1802/1592
f 229/273/241 1485/1802/1592 2320/1803/1593
f 229/273/241 2320/1803/1593 1484/1801/1591
f 1486/1804/1594 1487/1805/1595 1488/1806/1596
f 1486/1804/1594 1489/1807/1597 1490/1808/1598
f 1486/1804/1594 1490/1808/1598 1487/1805/1595
f 1486/1804/1594 3217/1809/1599 1491/1810/1600
f 1486/1804/1594 1491/1810/1600 1489/1807/1597
f 1486/1804/1594 1488/1806/1596 3217/1809/1599
f 1492/1811/1601 1493/1812/1602 1494/1813/1603
f 1492/1811/1601 1494/1813/1603 1862/1814/1604
f 1492/1811/1601 1495/1815/1605 1493/1812/1602
f 1496/1816/1606 1497/1817/1607 1498/1818/1608
f 1496/1816/1606 1498/1818/1608 1099/1336/1185
f 1496/1816/1606 1099/1336/1185 1499/1819/1609
f 1496/1816/1606 1499/1819/1609 1500/1820/1610
f 1496/1816/1606 1500/1820/1610 1497/1817/1607
f 1501/1821/1611 1502/1822/1612 519/623/554
f 1501/1821/1611 1503/1823/1613 4596/1824/1614
f 1501/1821/1611 4596/1824/1614 1502/1822/1612
f 1504/1825/1615 886/1071/952 891/1076/957
f 1504/1825/1615 3593/1826/1616 3592/1827/1617
f 1504/1825/1615 1505/1828/1618 886/1071/952
f 1504/1825/1615 891/1076/957 1506/1829/1619
f 1504/1825/1615 3592/1827/1617 1505/1828/1618
f 1504/1825/1615 1506/1829/1619 3593/1826/1616
f 43/1830/47 672/806/719 2059/805/718
f 43/1831/47 2059/1832/718 1507/1833/1620
f 43/1830/47 1508/1834/1621 672/806/719
f 43/55/47 45/58/50 1508/1835/1621
f 43/55/47 1507/1836/1620 3360/56/48
f 1386/1691/1490 924/1112/991 1509/1837/1622
f 1510/1838/1623 1511/1839/1624 1512/1840/1625
f 1510/1838/1623 1513/1841/1626 1511/1839/1624
f 1510/1838/1623 1512/1840/1625 1514/1842/1627
f 1510/1838/1623 1514/1842/1627 1515/1843/1628
f 1518/1844/1629 1516/1845/1630 1517/1846/1631
f 1518/1844/1629 2630/1847/1632 2632/1848/1633
f 1518/1849/1629 1519/1850/1634 914/1851/980
f 1518/1849/1629 2632/1852/1633 1519/1850/1634
f 1518/1844/1629 913/1853/979 1516/1845/1630
f 1518/1844/1629 914/1854/980 913/1853/979
f 1518/1844/1629 1517/1846/1631 2630/1847/1632
f 1520/1855/1635 2223/1856/1636 1521/1857/1637
f 1520/1855/1635 3929/1858/1638 1522/1859/1639
f 1520/1855/1635 1522/1859/1639 4799/1860/1640
f 1520/1855/1635 1523/1861/1641 2223/1856/1636
f 1520/1855/1635 4799/1860/1640 1523/1861/1641
f 1520/1855/1635 699/840/749 1524/1862/1642
f 1520/1855/1635 1521/1857/1637 699/840/749
f 1520/1855/1635 1524/1862/1642 3929/1858/1638
f 1525/1863/1643 1526/1864/1644 1527/1865/1645
f 1525/1863/1643 1528/1866/1646 1526/1864/1644
f 1525/1863/1643 1529/1867/1647 1528/1866/1646
f 1525/1863/1643 1527/1865/1645 1529/1867/1647
f 1530/1868/1648 1531/1869/1649 1532/1870/1650
f 1530/1868/1648 1533/1871/1651 1531/1869/1649
f 1530/1868/1648 1532/1870/1650 1534/1872/1652
f 1535/1873/1653 1542/1874/1654 1539/1875/1655
f 1535/1876/1653 1536/1877/1656 1537/1878/1657
f 1535/1876/1653 1538/1879/1658 1536/1877/1656
f 1535/1880/1653 1539/1881/1655 1540/1882/1659
f 1535/1880/1653 1540/1882/1659 1541/1883/1660
f 1535/1880/1653 1541/1883/1660 1538/1884/1658
f 1535/1876/1653 1537/1878/1657 1542/1885/1654
f 1543/1886/1661 1544/1887/1662 1545/1888/1048
f 1543/1886/1661 1545/1888/1048 4186/1889/1663
f 1543/1886/1661 1546/1890/1664 1544/1887/1662
f 1543/1886/1661 1547/1891/1665 1546/1890/1664
f 1543/1886/1661 4186/1889/1663 1547/1891/1665
f 1548/1892/1666 1549/1893/1667 1550/1894/1668
f 1548/1892/1666 219/263/231 221/265/233
f 1548/1892/1666 1551/1895/1669 1549/1893/1667
f 1548/1892/1666 1552/1896/1670 1551/1895/1669
f 1548/1892/1666 221/265/233 1552/1896/1670
f 1548/1892/1666 1550/1894/1668 219/263/231
f 1222/1489/1313 1225/1488/1315 1555/1897/1671
f 1222/1485/1313 1553/1898/1672 1554/1899/1673
f 1222/1485/1313 1554/1899/1673 1223/1486/1314
f 1222/1485/1313 1555/1900/1671 1553/1898/1672
f 1557/1901/1674 1556/1902/1675 1558/707/630
f 1557/1903/1674 4046/1904/1676 4048/1905/1677
f 1557/1903/1674 4048/1905/1677 32/47/35
f 1557/1903/1674 4049/1906/1678 4046/1904/1676
f 1557/1901/1674 32/40/35 1556/1902/1675
f 1557/1903/1674 1558/1907/630 4049/1906/1678
f 1559/1908/1679 1206/1468/1296 1205/1467/1295
f 1559/1908/1679 1205/1467/1295 1108/1346/1195
f 1559/1908/1679 1108/1346/1195 1560/1909/1680
f 1561/1910/1681 1562/1911/1682 1563/1912/1683
f 1561/1910/1681 1564/1913/1684 1565/1914/1685
f 1561/1910/1681 1565/1914/1685 1566/1915/1686
f 1561/1910/1681 1567/1916/1687 1562/1911/1682
f 1561/1910/1681 1566/1915/1686 1567/1916/1687
f 1561/1910/1681 1563/1912/1683 1564/1913/1684
f 1568/1917/1688 1569/1918/1689 1570/1919/1690
f 1568/1917/1688 1570/1919/1690 1571/1920/1691
f 1568/1917/1688 1571/1920/1691 1572/1921/1692
f 1573/1922/1693 1574/1923/1694 1575/1924/1695
f 1573/1922/1693 1578/1925/1696 1574/1923/1694
f 1573/1926/1693 1576/1927/1697 1577/1928/1698
f 1573/1922/1693 1575/1924/1695 1576/1929/1697
f 1573/1926/1693 1577/1928/1698 1578/1930/1696
f 60/73/65 1579/1931/1699 1580/1932/1700
f 60/73/65 63/79/69 1579/1931/1699
f 60/73/65 1580/1932/1700 61/74/66
f 1581/1933/1701 1582/1934/1702 1583/1935/1703
f 1581/1933/1701 1584/1936/1704 1582/1934/1702
f 1581/1933/1701 1585/1937/1705 1584/1936/1704
f 1586/1938/1706 1734/1939/1707 843/1019/906
f 1586/1938/1706 1587/1940/670 1588/1941/669
f 1586/1938/1706 1589/1942/1708 1587/1940/670
f 1586/1938/1706 843/1019/906 1589/1942/1708
f 1586/1938/1706 1588/1941/669 1734/1939/1707
f 316/384/336 247/294/261 3566/1943/1709
f 316/384/336 3566/1943/1709 2643/1944/1710
f 316/384/336 1590/1945/1711 317/385/337
f 316/384/336 2643/1944/1710 1590/1945/1711
f 1591/1946/1712 1592/1947/1713 1593/1948/1714
f 1591/1949/1712 1594/1950/1715 1592/1951/1713
f 1591/1946/1712 1593/1948/1714 1594/1952/1715
f 330/398/350 329/397/349 1595/1953/1716
f 1004/1209/1077 1596/1954/1717 1005/1210/1078
f 1004/1209/1077 1597/1955/1718 1596/1954/1717
f 1004/1209/1077 1009/1217/1082 1597/1955/1718
f 1598/1956/1719 4808/1957/1720 1599/1958/1721
f 1598/1956/1719 1600/1959/1722 4808/1957/1720
f 1603/1960/1723 1601/1961/1724 1602/1962/1725
f 1603/1963/1723 1604/1964/1726 1601/1965/1724
f 1603/1960/1723 1602/1962/1725 1605/1966/1727
f 1606/1967/1728 1607/1968/1729 1608/1969/1730
f 1606/1967/1728 1609/1970/1731 1607/1968/1729
f 1606/1967/1728 1610/1971/1732 1609/1970/1731
f 1611/1972/1733 1612/1973/1734 1613/1974/1735
f 1611/1975/1733 1614/1976/1736 1615/1977/1737
f 1611/1972/1733 1616/1978/1738 1612/1973/1734
f 1611/1975/1733 1615/1977/1737 1617/1979/1739
f 1611/1975/1733 1613/1980/1735 1614/1976/1736
f 1611/1972/1733 1617/1981/1739 1616/1978/1738
f 202/245/213 204/247/215 1618/1982/1740
f 202/245/213 1619/1983/1741 1620/1984/1742
f 202/245/213 1620/1984/1742 203/246/214
f 202/245/213 1618/1982/1740 1619/1983/1741
f 208/251/219 2732/1985/1743 1029/1243/1108
f 208/251/219 1029/1243/1108 209/252/220
f 208/251/219 1433/1745/1539 2732/1985/1743
f 208/251/219 211/254/222 1433/1745/1539
f 1621/1986/1744 1622/1987/1745 1114/1352/1201
f 1621/1986/1744 1623/1988/1746 1624/1989/1747
f 1621/1986/1744 1625/1990/1748 1622/1987/1745
f 1621/1986/1744 1114/1352/1201 1626/1991/1749
f 1621/1986/1744 1624/1989/1747 1625/1990/1748
f 1621/1986/1744 1626/1991/1749 1623/1988/1746
f 1627/1992/1750 1628/1993/1751 4867/1994/1752
f 1627/1992/1750 1629/1995/1753 971/1174/1042
f 1627/1992/1750 970/1173/1041 1628/1993/1751
f 1627/1992/1750 1630/1996/1754 1629/1995/1753
f 1627/1992/1750 971/1174/1042 970/1173/1041
f 1627/1992/1750 4867/1994/1752 1630/1996/1754
f 1631/1997/1755 1632/1998/1756 1633/1999/1757
f 1631/1997/1755 1634/2000/1758 1635/2001/1759
f 1631/1997/1755 1636/2002/1760 1632/1998/1756
f 1631/1997/1755 1635/2001/1759 1637/2003/1761
f 1631/1997/1755 1633/1999/1757 1634/2000/1758
f 1631/1997/1755 1637/2003/1761 1636/2002/1760
f 1638/2004/1762 22/29/24 25/32/27
f 1638/2004/1762 1639/2005/1763 22/29/24
f 1638/2004/1762 1640/2006/1764 1641/2007/1765
f 1638/2004/1762 25/32/27 1640/2006/1764
f 1638/2004/1762 1641/2007/1765 1639/2005/1763
f 1642/2008/1766 1643/2009/1767 1644/2010/1768
f 1642/2008/1766 388/463/412 392/467/416
f 1642/2008/1766 1645/2011/1769 1646/2012/1770
f 1642/2008/1766 392/467/416 1647/2013/1771
f 1642/2008/1766 1644/2010/1768 388/463/412
f 1642/2008/1766 1647/2013/1771 1645/2011/1769
f 1642/2008/1766 1646/2012/1770 1643/2009/1767
f 1648/2014/1772 1649/2015/1773 1650/2016/1774
f 1648/2014/1772 1651/2017/1775 1652/2018/1776
f 1648/2014/1772 1650/2016/1774 1653/2019/1777
f 1648/2014/1772 1652/2018/1776 1649/2015/1773
f 1648/2014/1772 1653/2019/1777 835/1011/898
f 1648/2014/1772 835/1011/898 1654/2020/1778
f 1648/2014/1772 1654/2020/1778 1651/2017/1775
f 243/289/257 1655/2021/1779 1656/2022/1780
f 243/289/257 248/295/262 1657/2023/1781
f 243/289/257 1656/2022/1780 244/290/258
f 243/289/257 1657/2023/1781 1655/2021/1779
f 1658/2024/1782 1659/2025/1783 1660/2026/1784
f 1658/2024/1782 1661/2027/1785 410/486/435
f 1658/2024/1782 410/486/435 409/485/434
f 1658/2024/1782 1662/2028/1786 1661/2027/1785
f 1658/2024/1782 409/485/434 1659/2025/1783
f 1658/2024/1782 1660/2026/1784 1662/2028/1786
f 1225/1488/1315 414/490/439 418/494/443
f 1225/1488/1315 1663/2029/1787 1555/1897/1671
f 1225/1488/1315 1226/1490/1316 414/490/439
f 1225/1488/1315 418/494/443 1663/2029/1787
f 420/496/445 1664/2030/1788 421/497/446
f 420/496/445 1665/2031/1789 1664/2030/1788
f 1666/2032/1790 1667/2033/1791 1668/2034/1792
f 1666/2032/1790 1669/2035/1793 1670/2036/1794
f 1666/2032/1790 1668/2034/1792 4483/2037/1795
f 1666/2032/1790 1670/2036/1794 1671/2038/1796
f 1666/2032/1790 4483/2037/1795 1669/2035/1793
f 1666/2032/1790 1671/2038/1796 1667/2033/1791
f 1672/2039/1797 1673/2040/1798 1674/2041/1799
f 1672/2039/1797 185/226/196 190/231/200
f 1672/2039/1797 1675/2042/1800 1676/2043/1801
f 1672/2039/1797 1674/2041/1799 1675/2042/1800
f 1672/2039/1797 1676/2043/1801 185/226/196
f 1672/2039/1797 190/231/200 1673/2040/1798
f 1677/2044/1802 1678/2045/1803 1679/1587/1403
f 1677/2046/1802 1679/2047/1403 1680/2048/1804
f 1677/2049/1802 4615/2050/1805 1678/2051/1803
f 1681/2052/1806 1682/2053/1807 1683/2054/1808
f 1681/2055/1806 1684/2056/1809 1685/2057/1810
f 1681/2052/1806 1683/2054/1808 1684/2058/1809
f 1681/2055/1806 1685/2057/1810 1686/2059/1811
f 1681/2052/1806 286/2060/303 1682/2053/1807
f 1681/2055/1806 1686/2059/1811 286/348/303
f 1687/2061/1812 639/2062/683 1688/2063/1813
f 1687/2061/1812 1689/2064/1814 1690/2065/1815
f 1687/2061/1812 1691/2066/1816 3678/2067/1817
f 1687/2061/1812 3678/2067/1817 1689/2064/1814
f 1687/2061/1812 1690/2065/1815 639/2062/683
f 1687/2061/1812 1688/2063/1813 1691/2066/1816
f 1692/2068/1818 1156/1402/1242 1693/2069/1819
f 1692/2068/1818 1693/2069/1819 1694/2070/1820
f 1692/2068/1818 1157/1403/1243 1156/1402/1242
f 1695/2071/1821 904/1089/970 907/1092/973
f 1695/2071/1821 1696/2072/1822 904/1089/970
f 1695/2071/1821 907/1092/973 1697/2073/1823
f 910/1095/976 1698/2074/1824 911/1096/977
f 1699/2075/1825 1700/2076/1826 1701/2077/1827
f 1699/2075/1825 1702/2078/1828 1700/2076/1826
f 1699/2075/1825 1703/2079/1829 1702/2078/1828
f 1704/2080/1830 1705/2081/1831 1706/2082/1832
f 1704/2080/1830 1706/2082/1832 1707/2083/1833
f 1708/2084/1834 1709/2085/1835 1710/2086/1836
f 1708/2084/1834 1711/2087/1837 1712/2088/1838
f 1708/2084/1834 1713/2089/1839 1709/2085/1835
f 1708/2084/1834 1714/2090/1840 1713/2089/1839
f 1708/2084/1834 1715/2091/1841 1711/2087/1837
f 1708/2084/1834 1712/2088/1838 1714/2090/1840
f 1708/2084/1834 1710/2086/1836 1715/2091/1841
f 1716/2092/1842 1717/2093/1843 1718/2094/1844
f 1716/2092/1842 934/1122/1001 1717/2093/1843
f 1716/2092/1842 1718/2094/1844 1719/2095/1845
f 1716/2092/1842 935/1123/1002 934/1122/1001
f 1716/2092/1842 1720/2096/1846 1721/2097/1847
f 1716/2092/1842 1719/2095/1845 1720/2096/1846
f 1716/2092/1842 1721/2097/1847 935/1123/1002
f 1722/2098/1848 1723/2099/1849 3180/2100/1850
f 1722/2098/1848 3180/2100/1850 943/1131/1010
f 1722/2098/1848 943/1131/1010 942/1130/1009
f 1722/2098/1848 1724/2101/1851 1725/2102/1852
f 1722/2098/1848 942/1130/1009 1724/2101/1851
f 1722/2098/1848 1725/2102/1852 1723/2099/1849
f 1239/1507/1326 1726/2103/1853 1240/1508/1327
f 1239/1507/1326 1244/1512/1331 1727/2104/1854
f 1239/1507/1326 1728/2105/1855 1726/2103/1853
f 1239/1507/1326 1727/2104/1854 1728/2105/1855
f 1729/2106/1856 1019/1228/1093 1730/2107/1857
f 1729/2106/1856 1020/1229/1094 1019/1228/1093
f 1729/2106/1856 1731/2108/1858 1020/1229/1094
f 1735/2109/1859 1732/2110/1860 1733/2111/1861
f 1735/2109/1859 1734/2112/1707 1732/2110/1860
f 1735/2113/1859 1736/2114/1862 1734/1939/1707
f 1738/2115/1863 3763/1430/1266 1737/2116/1864
f 1738/2115/1863 1177/1431/1267 3763/1430/1266
f 1738/2115/1863 1739/436/382 363/435/385
f 1738/2115/1863 363/435/385 362/433/384
f 1738/2115/1863 362/433/384 1177/1431/1267
f 1738/2117/1863 1737/2118/1864 1739/2119/382
f 1741/2120/1865 1743/2121/1866 1740/2122/1867
f 1741/2123/1865 1742/2124/1868 1743/2125/1866
f 1741/2120/1865 1744/2126/1869 4602/892/792
f 1741/2120/1865 1740/2122/1867 1744/2126/1869
f 1741/2123/1865 4602/2127/792 1742/2124/1868
f 1745/2128/1870 1746/2129/1871 3797/2130/1872
f 1745/2128/1870 3797/2130/1872 1747/2131/1873
f 1745/2128/1870 1748/2132/1874 1749/2133/1875
f 1745/2128/1870 1750/2134/1876 1748/2132/1874
f 1745/2128/1870 1749/2133/1875 1746/2129/1871
f 1745/2128/1870 1747/2131/1873 1750/2134/1876
f 1751/2135/1877 1752/2136/1878 1753/2137/1879
f 1751/2135/1877 1753/2137/1879 1326/1605/1421
f 1751/2135/1877 1754/2138/1880 1755/2139/1881
f 1751/2135/1877 1325/1604/1420 1754/2138/1880
f 1751/2135/1877 1326/1605/1421 1325/1604/1420
f 1751/2135/1877 1755/2139/1881 1752/2136/1878
f 1756/2140/1882 1757/2141/1883 1758/2142/1884
f 1756/2140/1882 1758/2142/1884 1759/2143/1885
f 1756/2140/1882 1760/2144/1886 1761/2145/1887
f 1756/2140/1882 1759/2143/1885 1760/2144/1886
f 1762/2146/1888 1763/2147/1889 982/1186/1054
f 1762/2146/1888 982/1186/1054 986/1190/1058
f 1762/2146/1888 1764/2148/1890 1763/2147/1889
f 1762/2146/1888 1765/2149/1891 1764/2148/1890
f 1762/2146/1888 984/1188/1056 1765/2149/1891
f 1762/2146/1888 986/1190/1058 984/1188/1056
f 1766/2150/1892 1767/2151/1893 1768/2152/1894
f 1766/2150/1892 1769/2153/1895 1770/2154/1896
f 1766/2150/1892 1770/2154/1896 1771/2155/1897
f 1766/2150/1892 1772/2156/1898 1769/2153/1895
f 1766/2150/1892 1768/2152/1894 1772/2156/1898
f 1766/2150/1892 1771/2155/1897 1767/2151/1893
f 1773/2157/1899 1410/1717/1514 1407/1714/1511
f 1773/2157/1899 1774/2158/1900 1775/2159/1901
f 1773/2157/1899 1775/2159/1901 1776/2160/1902
f 1773/2157/1899 1777/2161/1903 1410/1717/1514
f 1773/2157/1899 1778/2162/1904 1774/2158/1900
f 1773/2157/1899 1407/1714/1511 1778/2162/1904
f 1773/2157/1899 1776/2160/1902 1777/2161/1903
f 1779/2163/1905 1780/2164/1906 1781/2165/1907
f 1779/2163/1905 2928/2166/1908 2930/2167/1909
f 1779/2163/1905 1782/2168/1910 1783/2169/1911
f 1779/2163/1905 1783/2169/1911 1780/2164/1906
f 1779/2163/1905 2930/2167/1909 1782/2168/1910
f 1779/2163/1905 1781/2165/1907 2928/2166/1908
f 1787/2170/1912 4103/2171/1913 1784/2172/1914
f 1787/2170/1912 1785/2173/1915 1786/2174/1916
f 1787/2170/1912 1784/2172/1914 1785/2173/1915
f 1787/2175/1912 1788/2176/1917 4103/2177/1913
f 1787/2175/1912 1789/2178/1918 1788/2176/1917
f 1787/2170/1912 1786/2174/1916 1789/2179/1918
f 1790/2180/1919 1791/2181/1920 1792/2182/1921
f 1790/2180/1919 1793/2183/1922 1791/2181/1920
f 1790/2180/1919 178/209/187 1793/2183/1922
f 1790/2180/1919 1792/2182/1921 1794/2184/1923
f 1790/2180/1919 1794/2184/1923 178/209/187
f 1011/1219/1084 1795/2185/1924 1796/2186/1925
f 1011/1219/1084 1797/2187/1926 1012/1220/1085
f 1011/1219/1084 1013/1221/1086 1798/2188/1927
f 1011/1219/1084 1796/2186/1925 1797/2187/1926
f 1011/1219/1084 1798/2188/1927 1795/2185/1924
f 1799/2189/1928 1800/2190/1929 2276/1225/1090
f 1799/2189/1928 1801/2191/1930 1802/2192/1931
f 1799/2189/1928 1802/2192/1931 1800/2190/1929
f 1799/2189/1928 1803/2193/1932 1801/2191/1930
f 1799/2189/1928 2276/1225/1090 1803/2193/1932
f 1437/1750/1538 1804/2194/1933 1433/2195/1539
f 1437/1750/1538 1438/1749/1542 1805/2196/1934
f 1437/1750/1538 1805/2196/1934 1806/2197/1935
f 1437/1750/1538 1806/2197/1935 1804/2194/1933
f 1807/2198/1936 1808/2199/1937 1809/2200/1938
f 1807/2198/1936 1809/2200/1938 1810/2201/1939
f 1807/2198/1936 1810/2201/1939 3784/2202/1940
f 1807/2198/1936 3784/2202/1940 1808/2199/1937
f 121/142/128 3674/2203/1941 122/143/129
f 121/142/128 4889/1758/1549 3674/2203/1941
f 1811/2204/1942 1812/2205/1943 1813/2206/1944
f 1811/2204/1942 1814/2207/1945 1815/2208/1946
f 1811/2204/1942 1815/2208/1946 1816/2209/1947
f 1811/2204/1942 1816/2209/1947 1817/2210/1948
f 1811/2204/1942 1817/2210/1948 1812/2205/1943
f 1811/2204/1942 1813/2206/1944 1814/2207/1945
f 1818/2211/1949 3908/2212/1950 1819/2213/1951
f 1818/2211/1949 1820/2214/1952 1094/1330/1180
f 1818/2211/1949 744/898/798 1820/2214/1952
f 1818/2211/1949 1094/1330/1180 1092/1331/1177
f 1818/2211/1949 1819/2213/1951 744/898/798
f 1818/2211/1949 1092/1331/1177 3908/2212/1950
f 712/860/763 1821/2215/1116 713/861/764
f 712/860/763 4413/2216/1953 1821/2215/1116
f 1822/2217/1954 1080/1312/1164 1823/2218/1955
f 1822/2217/1954 1081/1313/1165 1080/1312/1164
f 1822/2217/1954 1824/2219/1956 1081/1313/1165
f 433/509/458 435/511/460 1825/2220/1957
f 433/509/458 1825/2220/1957 434/510/459
f 1826/2221/1958 1827/2222/1959 1830/2223/1960
f 1826/2224/1958 1828/2225/1961 1829/2226/1962
f 1826/2224/1958 1830/2227/1960 1828/2225/1961
f 1831/2228/1963 1832/2229/1964 1833/2230/1965
f 1831/2228/1963 1833/2230/1965 1834/2231/1966
f 1831/2228/1963 1834/2231/1966 1835/2232/1967
f 1831/2228/1963 1408/1715/1512 1832/2229/1964
f 1831/2228/1963 1835/2232/1967 1408/1715/1512
f 1836/2233/1968 1837/2234/1969 1838/2235/1970
f 1836/2236/1968 618/739/659 1839/2237/1971
f 1836/2236/1968 1839/2237/1971 1837/2238/1969
f 1836/2233/1968 1840/2239/1972 1841/2240/1973
f 1836/2236/1968 1841/2241/1973 618/739/659
f 1836/2233/1968 1838/2235/1970 1840/2239/1972
f 1842/2242/1974 1843/2243/1975 1844/2244/1976
f 1842/2242/1974 1845/2245/1977 1843/2243/1975
f 1842/2242/1974 1846/2246/1978 1845/2245/1977
f 1842/2242/1974 1847/2247/1979 1848/2248/1980
f 1842/2242/1974 1849/2249/1981 1846/2246/1978
f 1842/2242/1974 1848/2248/1980 1849/2249/1981
f 1842/2242/1974 1844/2244/1976 1847/2247/1979
f 1850/2250/1982 1851/2251/493 1852/2252/1983
f 1850/2250/1982 1853/2253/1984 1851/2251/493
f 1850/2254/1982 102/120/108 105/124/111
f 1850/2254/1982 1854/2255/1985 102/120/108
f 1850/2254/1982 1852/2256/1983 1854/2255/1985
f 1850/2250/1982 105/125/111 1853/2253/1984
f 1855/2257/1986 1856/2258/1987 1857/2259/1988
f 1855/2257/1986 1857/2259/1988 1858/2260/1989
f 1855/2257/1986 1858/2260/1989 1859/2261/1990
f 1860/2262/1991 3325/2263/1992 1861/2264/1993
f 1860/2262/1991 1862/2265/1604 3325/2263/1992
f 1863/2266/1994 1864/2267/1995 1865/2268/1996
f 1863/2266/1994 1866/2269/1997 1097/1334/1183
f 1863/2266/1994 1097/1334/1183 3278/2270/1998
f 1863/2266/1994 1865/2268/1996 1499/1819/1609
f 1863/2266/1994 3278/2270/1998 1864/2267/1995
f 1863/2266/1994 1499/1819/1609 1866/2269/1997
f 1867/2271/1999 1868/2272/2000 1869/2273/2001
f 1867/2271/1999 1869/2273/2001 1870/2274/2002
f 1867/2271/1999 1871/2275/2003 1872/2276/2004
f 1867/2271/1999 1873/2277/2005 1871/2275/2003
f 1867/2271/1999 1872/2276/2004 1868/2272/2000
f 1867/2271/1999 1870/2274/2002 1873/2277/2005
f 1874/2278/2006 1878/2279/2007 1875/2280/2008
f 1874/2278/2006 1875/2280/2008 1879/2281/2009
f 1874/2282/2006 1876/2283/2010 1877/2284/2011
f 1874/2282/2006 1877/2284/2011 1878/2285/2007
f 1874/2282/2006 1506/1829/1619 1876/2283/2010
f 1874/2282/2006 1879/2286/2009 1506/1829/1619
f 1882/2287/2012 1880/2288/2013 1881/2289/2014
f 1882/2290/2012 674/808/721 1883/2291/2015
f 1882/2290/2012 1883/2291/2015 1884/2292/2016
f 1882/2290/2012 1884/2292/2016 1885/2293/2017
f 1882/2287/2012 1885/2294/2017 1880/2288/2013
f 1882/2290/2012 1886/2295/2018 674/808/721
f 1882/2287/2012 1881/2289/2014 1886/2296/2018
f 1887/2297/2019 1888/2298/2020 1889/2299/2021
f 1887/2297/2019 1889/2299/2021 1890/2300/2022
f 1887/2297/2019 1890/2300/2022 1891/2301/2023
f 1887/2297/2019 1891/2301/2023 4040/2302/2024
f 1887/2297/2019 4040/2302/2024 1888/2298/2020
f 1892/2303/2025 1893/2304/2026 3027/2305/2027
f 1892/2303/2025 3027/2305/2027 1894/2306/2028
f 1892/2307/2025 1894/2308/2028 1896/2309/2029
f 1892/2303/2025 1895/2310/2030 1893/2304/2026
f 1892/2303/2025 1896/2311/2029 1895/2310/2030
f 1897/2312/2031 114/135/121 118/139/125
f 1897/2312/2031 688/824/737 3549/823/736
f 1897/2312/2031 1898/2313/2032 114/135/121
f 1897/2312/2031 3549/823/736 1898/2313/2032
f 1897/2312/2031 118/139/125 688/824/737
f 1899/2314/2033 1900/2315/2034 1138/1380/1225
f 1899/2314/2033 1901/2316/2035 1900/2315/2034
f 1899/2314/2033 1138/1380/1225 1902/2317/2036
f 1899/2314/2033 1902/2317/2036 1903/2318/2037
f 1899/2314/2033 1903/2318/2037 1901/2316/2035
f 1906/2319/2038 1904/2320/2039 1905/2321/2040
f 1906/2322/2038 1907/2323/2041 1908/2324/2042
f 1906/2319/2038 1905/2321/2040 1909/2325/2043
f 1906/2322/2038 1910/2326/2044 1907/2323/2041
f 1906/2319/2038 1908/2327/2042 1904/2320/2039
f 1906/2319/2038 1909/2325/2043 1910/2328/2044
f 4911/2329/2045 1911/2330/2046 4684/2331/2047
f 4911/2329/2045 4546/2332/2048 1912/2333/2049
f 4911/2329/2045 4684/2331/2047 1288/2334/2050
f 4911/2329/2045 1912/2333/2049 1911/2330/2046
f 4911/2329/2045 2391/2335/2051 4546/2332/2048
f 1913/2336/1447 1073/1304/1156 1077/1309/1161
f 1913/2336/1447 709/857/760 706/854/757
f 1913/2336/1447 1914/2337/1450 1073/1304/1156
f 1913/2336/1447 1077/1309/1161 709/857/760
f 1915/2338/2052 1916/2339/2053 1917/2340/2054
f 1915/2338/2052 1918/2341/2055 1919/2342/2056
f 1915/2338/2052 1919/2342/2056 1916/2339/2053
f 1920/2343/2057 1921/2344/2058 1922/2345/2059
f 1920/2343/2057 1923/2346/2060 1924/2347/2061
f 1920/2343/2057 1922/2345/2059 1925/2348/2062
f 1920/2343/2057 1926/2349/2063 1923/2346/2060
f 1920/2343/2057 1925/2348/2062 1926/2349/2063
f 1920/2343/2057 1924/2347/2061 1921/2344/2058
f 577/692/615 1927/2350/2064 578/693/616
f 1928/2351/2065 1929/2352/2066 2863/2353/2067
f 1928/2351/2065 2862/2354/2068 1930/2355/2069
f 1928/2351/2065 2863/2353/2067 2862/2354/2068
f 1928/2351/2065 990/2356/1062 1931/2357/2070
f 1928/2351/2065 1932/2358/2071 990/2356/1062
f 1928/2351/2065 1931/2357/2070 1933/2359/2072
f 1928/2351/2065 1933/2359/2072 1929/2352/2066
f 1928/2351/2065 1930/2355/2069 1932/2358/2071
f 1934/2360/2073 1935/2361/2074 1936/2362/2075
f 1934/2360/2073 1937/2363/2076 997/1201/1069
f 1934/2360/2073 1938/2364/2077 1935/2361/2074
f 1934/2360/2073 997/1201/1069 998/1202/1070
f 1934/2360/2073 998/1202/1070 1938/2364/2077
f 1934/2360/2073 1936/2362/2075 1937/2363/2076
f 1939/2365/2078 1940/2366/2079 748/902/802
f 1939/2365/2078 746/900/800 1322/1601/1417
f 1939/2365/2078 1322/1601/1417 1941/2367/2080
f 1939/2365/2078 748/902/802 746/900/800
f 1939/2365/2078 1941/2367/2080 1940/2366/2079
f 1942/2368/2081 1943/2369/2082 1944/2370/2083
f 1942/2368/2081 1945/2371/2084 1943/2369/2082
f 1946/2372/2085 1947/2373/2086 1948/2374/2087
f 1946/2372/2085 1949/2375/2088 1331/1610/1426
f 1946/2372/2085 1330/1609/1425 1947/2373/2086
f 1946/2372/2085 1948/2374/2087 1949/2375/2088
f 1946/2372/2085 1331/1610/1426 1330/1609/1425
f 754/908/808 1950/2376/2089 1951/2377/2090
f 754/908/808 1952/2378/2091 755/909/809
f 754/908/808 756/910/810 1950/2376/2089
f 754/908/808 1951/2377/2090 1952/2378/2091
f 1953/2379/2092 1954/2380/2093 1955/2381/2094
f 1953/2379/2092 1955/2381/2094 1956/2382/2095
f 1957/2383/2096 1958/2384/2097 1959/2385/2098
f 1957/2386/2096 1959/2387/2098 3517/1292/1144
f 1957/2386/2096 3517/1292/1144 4701/2388/2099
f 1957/2383/2096 1960/2389/2100 1961/2390/2101
f 1957/2383/2096 4701/2391/2099 1960/2389/2100
f 1957/2383/2096 1961/2390/2101 1958/2384/2097
f 322/390/342 324/392/344 636/765/680
f 1962/2392/2102 1963/2393/2103 1964/2394/2104
f 1962/2395/2102 1965/2396/2105 1963/2397/2103
f 1962/2392/2102 1964/2394/2104 1966/2398/2106
f 1967/2399/2107 1757/2141/1883 1968/2400/2108
f 1967/2399/2107 1968/2400/2108 1969/2401/2109
f 1967/2399/2107 1758/2142/1884 1757/2141/1883
f 1967/2399/2107 1969/2401/2109 1970/2402/2110
f 1967/2399/2107 1970/2402/2110 1758/2142/1884
f 1971/2403/2111 3469/2404/2112 1972/2405/2113
f 1971/2403/2111 1972/2405/2113 1973/2406/2114
f 1971/2403/2111 1973/2406/2114 1974/2407/2115
f 1971/2403/2111 1975/2408/2116 3469/2404/2112
f 1971/2403/2111 1974/2407/2115 1975/2408/2116
f 1976/2409/2117 1971/2410/2118 498/590/531
f 1089/1322/1174 1093/1329/1179 1977/2411/2119
f 1089/1322/1174 1978/2412/2120 1090/1323/1175
f 1089/1322/1174 1977/2411/2119 1979/2413/2121
f 1089/1322/1174 1979/2413/2121 1978/2412/2120
f 1095/1332/1181 240/285/253 1980/2414/2122
f 1095/1332/1181 1980/2414/2122 576/691/614
f 1981/2415/1191 1982/2416/2123 1983/2417/2124
f 1981/1342/1191 1105/1343/1192 1984/2418/2125
f 1981/2415/1191 1984/2419/2125 1982/2416/2123
f 1981/1342/1191 1983/2420/2124 664/795/710
f 1985/2421/2126 1986/2422/2127 1987/2423/2128
f 1985/2421/2126 1987/2423/2128 1988/2424/2129
f 1985/2421/2126 1989/2425/2130 1986/2422/2127
f 1985/2421/2126 1988/2424/2129 1990/2426/2131
f 1985/2421/2126 1990/2426/2131 1989/2425/2130
f 1991/2427/2132 1992/2428/2133 1993/2429/2134
f 1991/2427/2132 1994/2430/2135 1995/2431/2136
f 1991/2427/2132 1993/2429/2134 1994/2430/2135
f 1991/2427/2132 1748/2132/1874 1992/2428/2133
f 1991/2427/2132 1749/2133/1875 1748/2132/1874
f 1991/2427/2132 1995/2431/2136 1749/2133/1875
f 532/638/569 1996/2432/2137 533/639/570
f 532/638/569 1997/2433/2138 4129/2434/2139
f 532/638/569 535/641/572 1997/2433/2138
f 532/638/569 4129/2434/2139 1996/2432/2137
f 1998/2435/2140 1999/2436/2141 180/211/189
f 1998/2435/2140 2000/2437/2142 1999/2436/2141
f 1998/2435/2140 2001/2438/2143 2000/2437/2142
f 1998/2435/2140 180/211/189 2002/2439/2144
f 1998/2435/2140 2002/2439/2144 2003/2440/2145
f 1998/2435/2140 2003/2440/2145 2001/2438/2143
f 1709/2085/1835 1713/2089/1839 2004/2441/2146
f 1709/2085/1835 2005/2442/2147 1710/2086/1836
f 1709/2085/1835 2006/2443/2148 2005/2442/2147
f 1709/2085/1835 2004/2441/2146 2006/2443/2148
f 67/83/72 2007/2444/2149 2008/2445/2150
f 67/83/72 2008/2445/2150 68/84/73
f 67/83/72 759/914/814 2009/2446/2151
f 67/83/72 2009/2446/2151 2007/2444/2149
f 2010/2447/2152 2011/2448/2153 2012/2449/2154
f 2010/2447/2152 2013/2450/2155 2014/2451/2156
f 2010/2447/2152 2015/2452/2157 2016/2453/2158
f 2010/2447/2152 2012/2449/2154 2017/2454/2159
f 2010/2447/2152 2014/2451/2156 2015/2452/2157
f 2010/2447/2152 2017/2454/2159 2013/2450/2155
f 2010/2447/2152 2016/2453/2158 2011/2448/2153
f 2018/2455/2160 2019/2456/2161 2020/2457/2162
f 2018/2455/2160 2020/2457/2162 2021/2458/2163
f 2018/2455/2160 2021/2458/2163 2022/2459/2164
f 2018/2455/2160 2023/2460/2165 2024/2461/2166
f 2018/2455/2160 2024/2461/2166 2019/2456/2161
f 2018/2455/2160 2022/2459/2164 2023/2460/2165
f 701/843/750 252/302/266 3284/2462/2167
f 701/843/750 251/851/265 702/844/751
f 701/843/750 703/849/754 252/302/266
f 701/843/750 3284/2462/2167 251/851/265
f 2025/2463/2168 2026/2464/2169 2027/2465/2170
f 2025/2463/2168 2028/2466/2171 2029/2467/2172
f 2025/2463/2168 2030/2468/2173 2026/2464/2169
f 2025/2463/2168 2029/2467/2172 2030/2468/2173
f 2025/2463/2168 2027/2465/2170 2028/2466/2171
f 2031/2469/2174 1664/2030/1788 2032/2470/2175
f 2031/2469/2174 2032/2470/2175 2033/2471/2176
f 2031/2469/2174 2034/2472/2177 1664/2030/1788
f 2035/2473/2178 2036/2474/2179 2037/2475/2180
f 2035/2473/2178 2038/2476/2181 2039/2477/2182
f 2035/2473/2178 2040/2478/2183 2036/2474/2179
f 2035/2473/2178 2037/2475/2180 2038/2476/2181
f 2035/2473/2178 2039/2477/2182 2040/2478/2183
f 2041/2479/2184 2042/2480/2185 1172/1423/1259
f 2041/2479/2184 2043/2481/2186 2044/2482/1487
f 2041/2479/2184 4209/131/117 2042/2480/2185
f 2041/2479/2184 1172/1423/1259 2043/2481/2186
f 2041/2479/2184 2044/2482/1487 4209/131/117
f 2046/2483/2187 2049/2484/2188 2045/2485/2189
f 2046/2483/2187 2045/2485/2189 1555/1900/1671
f 2046/2486/2187 2047/2487/2190 2048/2488/2191
f 2046/2486/2187 1663/2029/1787 2047/2487/2190
f 2046/2486/2187 1555/1897/1671 1663/2029/1787
f 2046/2486/2187 2048/2488/2191 2049/2489/2188
f 732/882/785 2050/2490/2192 3795/2491/2193
f 732/882/785 3233/2492/2194 733/883/786
f 732/882/785 735/885/787 2050/2490/2192
f 732/882/785 3795/2491/2193 3233/2492/2194
f 2054/2493/2195 2057/2494/2196 2051/2495/2197
f 2054/2493/2195 2052/2496/2198 2053/2497/2199
f 2054/2498/2195 2055/2499/2200 2056/2500/2201
f 2054/2498/2195 2056/2500/2201 2057/2501/2196
f 2054/2498/2195 2058/2502/2202 2055/2499/2200
f 2054/2493/2195 2051/2495/2197 2052/2496/2198
f 2054/2493/2195 2053/2497/2199 2058/2503/2202
f 671/2504/717 4724/2505/2203 2059/2506/718
f 671/2504/717 2060/2507/2204 4724/2505/2203
f 671/2504/717 4908/2508/722 2061/2509/2205
f 671/2504/717 2061/2509/2205 2060/2507/2204
f 1843/2243/1975 2062/2510/2206 1844/2244/1976
f 2063/2511/2207 2064/2512/2208 2531/2513/2209
f 2063/2511/2207 2065/2514/2210 2066/2515/2211
f 2063/2511/2207 3886/2516/2212 2067/2517/2213
f 2063/2511/2207 2066/2515/2211 3886/2516/2212
f 2063/2511/2207 2531/2513/2209 2065/2514/2210
f 2063/2511/2207 2067/2517/2213 2064/2512/2208
f 2071/2518/2214 4617/2519/2215 2068/2520/2216
f 2071/2518/2214 2069/2521/2217 4617/2519/2215
f 2071/2518/2214 2070/2522/2218 2069/2521/2217
f 2071/2523/2214 2072/2524/2219 2070/2525/2218
f 2073/2526/2220 2074/2527/2221 2075/2528/2222
f 2073/2526/2220 2075/2528/2222 2076/2529/2223
f 2073/2530/2220 2076/2531/2223 2077/2532/2224
f 1467/1782/1573 1470/1785/1576 2078/2533/2225
f 1467/1782/1573 2078/2533/2225 479/571/512
f 2079/2534/2226 3086/2535/2227 4499/2536/2228
f 2079/2534/2226 4499/2536/2228 2080/2537/2229
f 2079/2534/2226 2075/2528/2222 2081/2538/2230
f 2079/2534/2226 2076/2529/2223 2075/2528/2222
f 2079/2534/2226 2080/2537/2229 2076/2529/2223
f 2079/2534/2226 2081/2538/2230 3086/2535/2227
f 2084/2539/2231 2082/2540/2232 2083/2541/2233
f 2084/2542/2231 1476/1792/1582 2085/2543/2234
f 2084/2539/2231 2085/2544/2234 1963/2397/2103
f 2084/2539/2231 1963/2397/2103 2086/2545/2235
f 2084/2539/2231 2086/2545/2235 2082/2540/2232
f 2084/2539/2231 3311/2546/2236 1476/2547/1582
f 2084/2539/2231 2083/2541/2233 3311/2546/2236
f 2087/2548/2237 2088/2549/2238 2089/2550/2239
f 2087/2548/2237 1230/1494/1319 2090/2551/2240
f 2087/2548/2237 2091/2552/2241 2092/2553/2242
f 2087/2548/2237 2090/2551/2240 2091/2552/2241
f 2087/2548/2237 1231/1495/1320 1230/1494/1319
f 2087/2548/2237 2092/2553/2242 2088/2549/2238
f 2087/2548/2237 2089/2550/2239 1231/1495/1320
f 2093/2554/2243 2094/2555/2244 2095/2556/2245
f 2093/2554/2243 2096/2557/2246 2098/2558/2247
f 2093/2554/2243 940/1128/1007 2096/2557/2246
f 2093/2554/2243 2095/2556/2245 2097/2559/2248
f 2093/2560/2243 2098/2561/2247 2099/2562/2249
f 2093/2560/2243 2099/2562/2249 2094/2563/2244
f 2093/2554/2243 2097/2559/2248 940/1128/1007
f 2100/2564/2250 2101/2565/2251 2102/2566/2252
f 2100/2564/2250 2103/2567/2253 2104/2568/2254
f 2100/2564/2250 2102/2566/2252 2103/2567/2253
f 2105/2569/2255 2106/2570/2256 734/239/207
f 2105/2569/2255 734/239/207 2107/2571/2257
f 2105/2569/2255 2107/2571/2257 2108/2572/2258
f 2105/2569/2255 2108/2572/2258 2106/2570/2256
f 450/526/475 2109/2573/2259 2110/2574/2260
f 450/526/475 2111/2575/2261 367/440/389
f 450/526/475 367/440/389 2109/2573/2259
f 450/526/475 2112/2576/2262 451/527/476
f 450/526/475 2110/2574/2260 2112/2576/2262
f 450/526/475 454/530/479 2111/2575/2261
f 966/1168/1037 2113/2577/2263 2114/2578/2264
f 966/1168/1037 2114/2578/2264 2115/2579/872
f 966/1168/1037 2115/2579/872 811/1169/871
f 966/1168/1037 220/264/232 2113/2577/2263
f 1752/2136/1878 1755/2139/1881 2116/2580/2265
f 2117/2581/2266 2118/2582/2267 2119/2583/2268
f 2117/2581/2266 2119/2583/2268 2120/2584/2269
f 2117/2581/2266 2121/2585/2270 565/680/605
f 2117/2581/2266 565/680/605 2122/2586/2271
f 2117/2581/2266 2122/2586/2271 2118/2582/2267
f 2117/2581/2266 2120/2584/2269 2121/2585/2270
f 2123/2587/2272 2124/2588/2273 2633/2589/2274
f 2123/2587/2272 2633/2589/2274 2125/2590/2275
f 2123/2587/2272 2126/2591/2276 4083/2592/2277
f 2123/2587/2272 4083/2592/2277 2124/2588/2273
f 2123/2587/2272 2125/2590/2275 2127/2593/2278
f 2123/2587/2272 2127/2593/2278 2126/2591/2276
f 2130/2594/2279 2128/2595/2280 2129/2596/2281
f 2130/2594/2279 4235/920/816 761/919/818
f 2130/2594/2279 2129/2596/2281 4235/920/816
f 2130/2597/2279 761/2598/818 1070/1301/1153
f 2130/2597/2279 1070/1301/1153 2131/2599/2282
f 2130/2597/2279 2131/2599/2282 2128/2600/2280
f 2132/2601/2283 2133/2602/2284 2134/2603/2285
f 2132/2601/2283 2135/2604/2286 2133/2602/2284
f 2132/2601/2283 2134/2603/2285 2136/2605/2287
f 2137/2606/2288 2138/2607/2289 2139/2608/1492
f 2137/2606/2288 2139/2608/1492 2140/2609/2290
f 2137/2606/2288 2140/2609/2290 2141/2610/2291
f 2137/2606/2288 2141/2610/2291 2138/2607/2289
f 2142/2611/2292 2143/2612/2293 2144/2613/2294
f 2142/2611/2292 2144/2613/2294 2145/2614/2295
f 2142/2611/2292 4907/2615/2296 2143/2612/2293
f 2146/2616/2297 1016/1224/1089 2147/2617/2298
f 2146/2616/2297 2148/2618/2299 2149/2619/2300
f 2146/2616/2297 2149/2619/2300 1016/1224/1089
f 2146/2616/2297 2147/2617/2298 2150/2620/2301
f 2146/2616/2297 2150/2620/2301 2151/2621/2302
f 2146/2616/2297 2151/2621/2302 2152/2622/2303
f 2146/2616/2297 2152/2622/2303 2153/2623/2304
f 2146/2616/2297 2153/2623/2304 2148/2618/2299
f 784/949/842 2154/2624/2305 2155/2625/2306
f 784/949/842 788/953/846 2154/2624/2305
f 784/949/842 2155/2625/2306 785/950/843
f 2157/2626/2307 2161/2627/2308 2156/2628/2309
f 2157/2626/2307 2156/2628/2309 2162/2629/2310
f 2157/2630/2307 2158/2631/2311 2159/2632/2312
f 2157/2630/2307 2159/2632/2312 2160/2633/2313
f 2157/2630/2307 2160/2633/2313 2161/2634/2308
f 2157/2635/2307 2162/2636/2310 2158/2637/2311
f 2163/2638/2314 2164/2639/2315 2165/2640/2316
f 2163/2638/2314 2166/2641/2317 2164/2639/2315
f 2163/2638/2314 2165/2640/2316 2167/2642/2318
f 2163/2638/2314 1025/2643/1100 2166/2641/2317
f 2163/2638/2314 2167/2642/2318 2168/2644/1101
f 2163/2638/2314 2168/2644/1101 1025/2643/1100
f 2169/2645/2319 3398/2646/2320 2170/2647/2321
f 2169/2648/2319 4559/2649/2322 3398/2650/2320
f 2169/2651/2319 2170/2652/2321 2171/2653/2323
f 2172/2654/2324 2173/2655/2325 2174/2656/2326
f 2172/2654/2324 2175/2657/24 2173/2655/2325
f 2172/2654/2324 2174/2656/2326 2176/2658/2327
f 1352/1645/1453 637/766/681 1353/1646/1454
f 2177/2659/2328 300/362/317 2178/2660/2329
f 2177/2659/2328 2179/2661/2330 2180/2662/2331
f 2177/2659/2328 2180/2662/2331 2181/2663/2332
f 2177/2659/2328 2181/2663/2332 301/363/318
f 2177/2659/2328 301/363/318 300/362/317
f 2177/2659/2328 2178/2660/2329 2179/2661/2330
f 2182/2664/2333 2183/2665/2334 2184/2666/2335
f 2182/2664/2333 2185/2667/2336 2186/2668/2337
f 2182/2664/2333 2184/2666/2335 2187/2669/2338
f 2182/2664/2333 2187/2669/2338 2185/2667/2336
f 2182/2664/2333 2188/2670/2339 2183/2665/2334
f 2182/2664/2333 2186/2668/2337 2188/2670/2339
f 2189/2671/2340 3271/2672/2341 2190/2673/2342
f 2189/2671/2340 2191/2674/2343 3272/2675/2344
f 2189/2671/2340 171/2676/182 2191/2674/2343
f 2189/2671/2340 2190/2673/2342 3847/2677/2345
f 2189/2671/2340 3272/2675/2344 3271/2672/2341
f 2189/2671/2340 3847/2677/2345 171/2676/182
f 2192/2678/2346 2193/2679/2347 632/759/676
f 2192/2678/2346 632/759/676 630/761/675
f 2192/2678/2346 3576/2680/2348 2193/2679/2347
f 676/811/724 2194/2681/2349 2195/2682/2350
f 676/811/724 2195/2682/2350 677/812/725
f 2196/2683/2351 2197/2684/2352 2198/2685/2353
f 2196/2683/2351 2198/2685/2353 2199/2686/2354
f 2196/2687/2351 2200/2688/2355 2197/2689/2352
f 2201/2690/2356 2202/2691/2357 2203/2692/2358
f 2201/2690/2356 2203/2692/2358 2204/2693/2359
f 2201/2690/2356 2204/2693/2359 2205/2694/2360
f 2201/2690/2356 2206/2695/2361 2207/2696/2362
f 2201/2690/2356 2205/2694/2360 2206/2695/2361
f 2201/2690/2356 2207/2696/2362 2202/2691/2357
f 335/403/355 2208/2697/2363 336/404/356
f 335/403/355 337/405/357 2209/2698/2364
f 335/403/355 2210/2699/2365 2208/2697/2363
f 335/403/355 2209/2698/2364 2210/2699/2365
f 2212/2700/2366 2082/2540/2232 2213/2701/2367
f 2212/2700/2366 2211/2702/2368 2083/2541/2233
f 2212/2703/2366 138/160/146 2211/2704/2368
f 2212/2700/2366 2083/2541/2233 2082/2540/2232
f 2212/2703/2366 2213/2705/2367 138/160/146
f 2214/2706/2369 2215/2707/2370 2216/2708/2371
f 2214/2706/2369 2008/2445/2150 2217/2709/2372
f 2214/2706/2369 2217/2709/2372 2155/2625/2306
f 2214/2706/2369 2216/2708/2371 2008/2445/2150
f 2214/2706/2369 2155/2625/2306 2215/2707/2370
f 2218/2710/2373 2219/2711/2374 2220/2712/2375
f 2218/2710/2373 2221/2713/2376 2219/2711/2374
f 2218/2710/2373 2222/2714/2377 2221/2713/2376
f 2225/2715/2378 2223/2716/1636 2224/2717/1292
f 2225/2718/2378 2224/1462/1292 1201/1464/1289
f 2225/2715/2378 2226/2719/2379 1521/2720/1637
f 2225/2715/2378 1521/2720/1637 2223/2716/1636
f 2225/2718/2378 1201/1464/1289 2227/2721/2380
f 2225/2715/2378 2227/2722/2380 2226/2719/2379
f 1031/1247/1106 4290/2723/2381 2228/2724/2382
f 1031/1247/1106 593/711/634 595/713/636
f 1031/1247/1106 2229/2725/2383 2230/2726/2384
f 1031/1247/1106 2231/2727/2385 2232/2728/2386
f 1031/1247/1106 2233/2729/2387 2234/2730/2388
f 1031/1247/1106 2234/2730/2388 2229/2725/2383
f 1031/1247/1106 1030/1246/1109 2231/2727/2385
f 1031/1247/1106 595/713/636 4290/2723/2381
f 1031/1247/1106 2230/2726/2384 593/711/634
f 1031/1241/1106 2228/2731/2382 1028/1242/1107
f 1031/1247/1106 2232/2728/2386 2233/2729/2387
f 1992/2428/2133 2235/2732/2389 1265/1536/1355
f 1992/2428/2133 1748/2132/1874 2235/2732/2389
f 1992/2428/2133 1265/1536/1355 2236/2733/2390
f 1992/2428/2133 2236/2733/2390 1993/2429/2134
f 2237/2734/2391 2238/2735/2392 972/1175/1043
f 2237/2734/2391 2239/2736/2393 2238/2735/2392
f 2237/2734/2391 972/1175/1043 1629/1995/1753
f 1039/1261/1119 2240/2737/2394 1041/1262/1120
f 1039/1261/1119 1043/1266/1122 2241/2738/2395
f 1046/1270/1125 2242/2739/2396 193/235/203
f 1046/1270/1125 2243/2740/2397 2242/2739/2396
f 1046/1270/1125 1048/1272/1127 2243/2740/2397
f 1767/2151/1893 2244/2741/2398 2245/2742/2399
f 1767/2151/1893 1771/2155/1897 2244/2741/2398
f 1767/2151/1893 2245/2742/2399 1768/2152/1894
f 1057/1282/1137 2246/2743/2400 1058/1283/1138
f 1057/1282/1137 837/1013/900 836/1012/899
f 1057/1282/1137 836/1012/899 2246/2743/2400
f 2247/2744/2401 158/180/166 2248/2745/2402
f 2247/2744/2401 2249/2746/2403 158/180/166
f 2247/2747/2401 2250/2748/2404 2251/2749/2405
f 2247/2744/2401 2252/2750/2406 2249/2746/2403
f 2247/2747/2401 2248/2751/2402 2250/2748/2404
f 2247/2747/2401 2251/2749/2405 2252/2752/2406
f 2253/2753/2407 1149/1393/1233 2254/2754/2408
f 2253/2753/2407 2254/2754/2408 2255/2755/2409
f 2253/2753/2407 923/1111/990 925/1113/992
f 2253/2753/2407 925/1113/992 2256/2756/2410
f 2253/2753/2407 2255/2755/2409 923/1111/990
f 2253/2753/2407 2256/2756/2410 4904/2757/2411
f 2253/2753/2407 4904/2757/2411 1149/1393/1233
f 2257/2758/2412 2258/2759/2413 2259/2760/2414
f 2257/2758/2412 763/925/821 2260/2761/2415
f 2257/2758/2412 764/926/822 763/925/821
f 2257/2758/2412 2261/2762/2416 2258/2759/2413
f 2257/2758/2412 2259/2760/2414 2262/2763/2417
f 2257/2758/2412 2260/2761/2415 2261/2762/2416
f 2257/2758/2412 2262/2763/2417 764/926/822
f 2263/2764/2418 2264/2765/2419 2265/2766/2420
f 2263/2764/2418 2265/2766/2420 2266/2767/2421
f 2263/2764/2418 2266/2767/2421 2267/2768/2422
f 2263/2764/2418 2268/2769/2423 2264/2765/2419
f 2263/2764/2418 2267/2768/2422 2268/2769/2423
f 2269/2770/2424 2270/2771/2425 2271/2772/2426
f 2269/2770/2424 1795/2185/1924 2272/2773/2427
f 2269/2770/2424 2273/2774/2428 2270/2771/2425
f 2269/2770/2424 2272/2773/2427 2273/2774/2428
f 2269/2770/2424 2271/2772/2426 1795/2185/1924
f 2274/2775/2429 2275/2776/2430 2276/2777/1090
f 2274/2775/2429 2277/2778/2431 2278/2779/2432
f 2274/2775/2429 2278/2779/2432 2275/2776/2430
f 2274/2775/2429 2276/2777/1090 2277/2778/2431
f 2279/2780/2433 2280/2781/2434 2281/2782/2435
f 2279/2780/2433 2282/2783/2436 2280/2781/2434
f 2279/2780/2433 2281/2782/2435 2283/2784/2437
f 2279/2780/2433 436/512/461 2282/2783/2436
f 2279/2780/2433 2283/2784/2437 436/512/461
f 2284/2785/2438 2285/2786/2439 4260/2787/2440
f 2284/2785/2438 883/1068/949 2285/2786/2439
f 2284/2785/2438 4260/2787/2440 2286/2788/2441
f 2287/2789/2442 2288/2790/2443 2289/2791/2444
f 2287/2789/2442 1099/2792/1185 2290/2793/2445
f 2287/2789/2442 2289/2791/2444 1099/2792/1185
f 2287/2789/2442 952/1144/1023 2288/2790/2443
f 2287/2789/2442 2290/2793/2445 952/1144/1023
f 83/99/88 2291/2794/2446 84/100/89
f 83/2795/88 2292/2796/2447 2293/2797/2448
f 83/2795/88 2294/2798/90 2292/2796/2447
f 83/2795/88 2293/2797/2448 2291/2799/2446
f 2295/2800/2449 2296/2801/2450 2297/2802/2451
f 2295/2800/2449 2297/2802/2451 2298/2803/2452
f 2299/2804/2453 2300/2805/2454 2301/2806/2455
f 2299/2804/2453 2301/2806/2455 298/360/315
f 2299/2804/2453 298/360/315 297/359/314
f 2302/2807/2456 1968/2400/2108 905/1090/971
f 2302/2807/2456 1969/2401/2109 1968/2400/2108
f 2302/2807/2456 905/1090/971 1696/2072/1822
f 980/1184/1052 982/1186/1054 2303/2808/2457
f 980/1184/1052 2304/2809/2458 2305/2810/2459
f 980/1184/1052 2303/2808/2457 2304/2809/2458
f 980/1184/1052 2305/2810/2459 981/1185/1053
f 1340/1620/1436 2306/2811/1264 3471/1621/1437
f 1340/1627/1436 1343/1626/1440 2307/2812/2460
f 2308/2813/2461 2309/2814/2462 482/574/515
f 2308/2813/2461 2310/2815/2463 2309/2814/2462
f 2308/2813/2461 482/574/515 484/576/517
f 2311/2816/2464 2312/2817/663 623/2818/662
f 2311/2816/2464 3504/2819/2465 4854/2820/2466
f 2311/2816/2464 2313/2821/2467 3504/2819/2465
f 2311/2816/2464 623/2818/662 2313/2821/2467
f 2311/2816/2464 2314/2822/2468 2312/2817/663
f 2311/2816/2464 4854/2820/2466 2314/2822/2468
f 2315/2823/2469 1693/2069/1819 4421/2824/2470
f 2315/2823/2469 4421/2824/2470 2316/2825/2471
f 2315/2823/2469 2317/2826/2472 1694/2070/1820
f 2315/2823/2469 1694/2070/1820 1693/2069/1819
f 2315/2823/2469 2316/2825/2471 2317/2826/2472
f 2321/1409/1248 2318/2827/2473 2319/2828/2474
f 2321/1409/1248 2319/2828/2474 2320/2829/1593
f 2321/1409/1248 1165/1416/1252 2318/2827/2473
f 2321/2830/1248 1485/1802/1592 1162/1412/1249
f 2321/2830/1248 2320/1803/1593 1485/1802/1592
f 2322/2831/2475 1170/1421/1257 2323/2832/2476
f 2322/2831/2475 2324/2833/2477 1170/1421/1257
f 2322/2831/2475 2323/2832/2476 2325/2834/2478
f 2326/2835/2479 4693/2836/2480 2327/2837/2481
f 2326/2835/2479 2328/2838/2482 4693/2836/2480
f 1497/1817/1607 2329/2839/2483 1498/1818/1608
f 1497/1817/1607 2777/2840/2484 2779/2841/2485
f 1497/1817/1607 2779/2841/2485 2329/2839/2483
f 1497/1817/1607 1500/1820/1610 2777/2840/2484
f 1868/2272/2000 2330/2842/2486 1374/1675/1474
f 1868/2272/2000 1374/1675/1474 1376/1677/1476
f 1868/2272/2000 2331/2843/2487 1869/2273/2001
f 1868/2272/2000 1376/1677/1476 2331/2843/2487
f 1868/2272/2000 1872/2276/2004 2330/2842/2486
f 2332/2844/2488 2185/2667/2336 2333/2845/2489
f 2332/2844/2488 2334/2846/2490 2335/2847/2491
f 2332/2844/2488 2335/2847/2491 2336/2848/2492
f 2332/2844/2488 2333/2845/2489 2334/2846/2490
f 2332/2844/2488 2336/2848/2492 2186/2668/2337
f 2332/2844/2488 2186/2668/2337 2185/2667/2336
f 672/806/719 1508/1834/1621 2337/2849/2493
f 672/806/719 2337/2849/2493 673/807/720
f 2338/2850/2494 2339/2851/2495 4628/2852/2496
f 2338/2850/2494 4628/2852/2496 2340/2853/2497
f 2341/2854/2498 2342/2855/2499 2343/2856/2500
f 2341/2854/2498 2343/2856/2500 2344/2857/2501
f 2341/2854/2498 2344/2857/2501 4482/2858/2502
f 2345/2859/2503 2346/2860/2504 2347/2861/2505
f 2345/2859/2503 2348/2862/2506 2349/2863/2507
f 2345/2859/2503 2350/2864/2508 2348/2862/2506
f 2345/2859/2503 2347/2861/2505 2350/2864/2508
f 2345/2859/2503 2349/2863/2507 2346/2860/2504
f 2351/2865/2509 2352/2866/2510 2353/2867/2511
f 2351/2865/2509 2354/2868/2512 2355/2869/2513
f 2351/2865/2509 2353/2867/2511 2354/2868/2512
f 2351/2865/2509 2355/2869/2513 2356/2870/2514
f 2351/2865/2509 2357/2871/2515 2352/2866/2510
f 2351/2865/2509 2356/2870/2514 2357/2871/2515
f 2359/2872/2516 278/331/293 2358/2873/2517
f 2359/2872/2516 280/332/294 278/331/293
f 2359/2874/2516 2361/2875/2518 2360/2876/2519
f 2359/2872/2516 2358/2873/2517 2361/2877/2518
f 2359/2874/2516 2360/2876/2519 280/335/294
f 2362/2878/1149 2363/2879/2520 285/346/302
f 2362/2878/1149 285/346/302 1686/2059/1811
f 2362/2878/1149 1686/2059/1811 1067/2880/1150
f 2362/1297/1149 1071/1302/1154 2363/2881/2520
f 2364/2882/2521 2365/2883/2522 2366/2884/2523
f 2364/2882/2521 2367/2885/2524 2368/2886/2525
f 2364/2882/2521 2369/2887/2526 2367/2885/2524
f 2364/2882/2521 2366/2884/2523 2370/2888/2527
f 2364/2882/2521 2370/2888/2527 2369/2887/2526
f 2364/2882/2521 2368/2886/2525 2365/2883/2522
f 2371/2889/2528 2372/2890/2529 2375/2891/2530
f 2371/2889/2528 2374/2892/2531 2373/2893/2532
f 2371/2889/2528 2373/2893/2532 2372/2890/2529
f 2371/2894/2528 97/114/103 2374/2895/2531
f 2371/2894/2528 2375/2896/2530 97/114/103
f 2376/2897/2533 2377/2898/2534 2378/2899/2535
f 2376/2897/2533 2378/2899/2535 2379/2900/2536
f 2380/2901/2537 3937/1532/1351 4303/2902/2538
f 2380/2901/2537 2381/2903/2539 2382/2904/2540
f 2380/2901/2537 2383/2905/2541 2381/2903/2539
f 2380/2901/2537 2382/2904/2540 2384/2906/2542
f 2380/2901/2537 4303/2902/2538 2383/2905/2541
f 2380/2901/2537 2384/2906/2542 3937/1532/1351
f 579/694/617 578/693/616 2385/2907/2543
f 2386/2908/2544 2387/2909/2545 2726/2910/2546
f 2386/2908/2544 2726/2910/2546 2388/2911/2547
f 1929/2352/2066 2389/2912/2548 3818/2913/2549
f 1929/2352/2066 4895/479/428 2389/2912/2548
f 1929/2352/2066 1933/2359/2072 4895/479/428
f 1929/2352/2066 3818/2913/2549 2863/2353/2067
f 2390/2914/2550 254/306/268 253/303/267
f 2390/2914/2550 253/303/267 703/849/754
f 2390/2914/2550 2959/848/753 2391/2915/2051
f 2390/2914/2550 703/849/754 2959/848/753
f 2390/2916/2550 4883/2917/2551 254/2918/268
f 2390/2916/2550 2391/2919/2051 4883/2917/2551
f 2392/2920/2552 290/352/307 2393/2921/2553
f 2392/2920/2552 601/719/640 2394/2922/2554
f 2392/2920/2552 2394/2922/2554 290/352/307
f 2395/2923/2555 2397/2924/2556 1123/1361/1210
f 2395/2925/2555 2396/2926/2557 2397/2927/2556
f 2395/2925/2555 1122/2928/1209 2398/2929/2558
f 2395/2925/2555 2398/2929/2558 2396/2926/2557
f 2395/2925/2555 1123/2930/1210 1122/2928/1209
f 2399/2931/2559 2400/2932/2560 611/729/650
f 2399/2931/2559 610/728/649 1330/1609/1425
f 2399/2931/2559 1330/1609/1425 1329/1608/1424
f 2399/2931/2559 611/729/650 610/728/649
f 2399/2931/2559 2401/2933/2561 2400/2932/2560
f 2399/2931/2559 1329/1608/1424 2401/2933/2561
f 2402/2934/2562 2403/2935/2563 2404/2936/2564
f 2402/2934/2562 2405/2937/2565 2406/2938/813
f 2402/2934/2562 2404/2936/2564 2407/2939/2566
f 2402/2934/2562 2408/2940/2567 2405/2937/2565
f 2402/2934/2562 2407/2939/2566 2408/2940/2567
f 2402/2934/2562 2406/2938/813 757/2941/811
f 2402/2934/2562 757/2941/811 2403/2935/2563
f 860/1041/925 2409/2942/686 622/743/661
f 860/1041/925 3716/1043/927 2832/2943/2568
f 860/1041/925 622/743/661 861/1042/926
f 860/1041/925 2832/2943/2568 2409/2942/686
f 2410/2944/2569 2411/2945/2570 1775/2159/1901
f 2410/2944/2569 1774/2158/1900 2412/2946/2571
f 2410/2944/2569 2412/2946/2571 2413/2947/2572
f 2410/2944/2569 1775/2159/1901 1774/2158/1900
f 2410/2944/2569 2413/2947/2572 2411/2945/2570
f 2414/2948/2573 2415/2949/2574 2416/2950/2575
f 2414/2948/2573 2417/2951/2576 2415/2949/2574
f 1073/1304/1156 1914/2337/1450 4153/1305/1157
f 2418/2952/2577 2419/2953/2578 2420/2954/2579
f 2418/2955/2577 2421/2956/2580 2422/2957/2581
f 2418/2952/2577 2422/2958/2581 2419/2953/2578
f 2418/2952/2577 2420/2954/2579 2423/2959/2582
f 2418/2955/2577 2424/2960/2583 2421/2956/2580
f 2418/2955/2577 2423/2961/2582 2424/2960/2583
f 378/453/402 2674/2962/2584 2425/2963/2585
f 378/453/402 377/452/401 2674/2962/2584
f 378/453/402 2425/2963/2585 2426/2964/2586
f 2427/2965/2587 2428/2966/2588 2429/2967/2589
f 2427/2965/2587 1090/1323/1175 1978/2412/2120
f 2427/2968/2587 2430/2969/2590 3029/1328/1178
f 2427/2968/2587 3029/1328/1178 1090/1327/1175
f 2427/2965/2587 1978/2412/2120 2428/2966/2588
f 2427/2968/2587 2429/2970/2589 2430/2969/2590
f 2431/2971/2591 2432/2972/2592 2433/2973/2593
f 2431/2971/2591 2433/2973/2593 2434/2974/2594
f 2435/2975/2595 2286/2788/2441 2436/2976/2596
f 2435/2977/2595 2436/2978/2596 3794/2979/2597
f 2435/2977/2595 3794/2979/2597 2437/2980/2598
f 2438/2981/2599 2439/2982/2600 2440/2983/1481
f 2438/2981/2599 740/894/794 2441/2984/2601
f 2438/2981/2599 4356/2985/2602 741/895/795
f 2438/2981/2599 2441/2984/2601 2439/2982/2600
f 2438/2981/2599 2442/2986/1480 4356/2985/2602
f 2438/2981/2599 2440/2983/1481 2442/2986/1480
f 2438/2981/2599 741/895/795 740/894/794
f 2443/2987/2603 2444/2988/2604 529/635/566
f 2443/2987/2603 526/632/563 1117/1355/1204
f 2443/2987/2603 1116/1354/1203 2445/2989/2605
f 2443/2987/2603 529/635/566 526/632/563
f 2443/2987/2603 1117/1355/1204 1116/1354/1203
f 2443/2987/2603 2445/2989/2605 2444/2988/2604
f 2446/2990/2606 2447/2991/2607 2448/2992/2608
f 2446/2990/2606 2449/2993/2609 51/64/56
f 2446/2990/2606 2450/2994/2610 2447/2991/2607
f 2446/2990/2606 2451/2995/2611 2449/2993/2609
f 2446/2990/2606 51/64/56 49/62/54
f 2446/2990/2606 2448/2992/2608 2451/2995/2611
f 2446/2990/2606 49/62/54 2450/2994/2610
f 2452/2996/2612 56/69/61 2453/2997/2613
f 2452/2996/2612 2453/2997/2613 2454/2998/2614
f 2452/2996/2612 2454/2998/2614 2455/2999/2615
f 2452/2996/2612 752/906/806 56/69/61
f 1129/1371/1216 2456/3000/2616 2457/3001/2617
f 1129/1371/1216 2458/3002/2618 1130/1372/1217
f 1129/1371/1216 2457/3001/2617 2458/3002/2618
f 1129/1371/1216 1134/1376/1221 2456/3000/2616
f 2459/3003/2619 2460/3004/2620 2461/3005/2621
f 2459/3003/2619 2461/3005/2621 690/829/740
f 2459/3003/2619 2462/3006/2622 2460/3004/2620
f 2459/3003/2619 690/829/740 2463/3007/2623
f 2464/3008/2624 2465/3009/2625 2466/3010/2626
f 2464/3008/2624 4200/3011/2627 2465/3009/2625
f 2464/3012/2624 2467/3013/2628 4200/3014/2627
f 2464/3012/2624 2466/3015/2626 2467/3013/2628
f 639/2062/683 2468/3016/688 1688/2063/1813
f 639/768/683 1690/3017/1815 640/769/684
f 2469/3018/2629 2470/3019/2630 2471/3020/2631
f 2469/3018/2629 1846/2246/1978 1849/2249/1981
f 2469/3018/2629 1849/2249/1981 2470/3019/2630
f 2472/3021/2632 2473/3022/2633 2474/3023/2634
f 2472/3021/2632 2475/3024/2635 2473/3022/2633
f 2472/3021/2632 2474/3023/2634 1854/2255/1985
f 2472/3021/2632 1854/2255/1985 1852/2256/1983
f 2472/3021/2632 1852/2256/1983 2475/3024/2635
f 2476/3025/2636 185/226/196 1676/2043/1801
f 2476/3025/2636 2477/3026/2637 2478/3027/2638
f 2476/3025/2636 2479/3028/2639 2480/3029/2640
f 2476/3025/2636 2478/3027/2638 186/227/197
f 2476/3025/2636 1676/2043/1801 2479/3028/2639
f 2476/3025/2636 2480/3029/2640 2477/3026/2637
f 2476/3025/2636 186/227/197 185/226/196
f 1711/2087/1837 1715/2091/1841 2481/3030/2641
f 1711/2087/1837 2482/3031/2642 1712/2088/1838
f 1711/2087/1837 2481/3030/2641 2483/3032/2643
f 1711/2087/1837 2483/3032/2643 2482/3031/2642
f 2484/3033/2644 2485/3034/2645 2486/3035/2646
f 2484/3033/2644 937/1125/1004 935/1123/1002
f 2484/3033/2644 935/1123/1002 1721/2097/1847
f 2484/3033/2644 2487/3036/2647 2485/3034/2645
f 2484/3033/2644 1721/2097/1847 2487/3036/2647
f 2484/3033/2644 2486/3035/2646 937/1125/1004
f 2488/3037/2648 2489/3038/2649 2490/3039/2650
f 2488/3037/2648 2491/3040/2651 2492/3041/2652
f 2488/3037/2648 2493/3042/2653 2494/3043/2654
f 2488/3037/2648 2494/3043/2654 2489/3038/2649
f 2488/3037/2648 2492/3041/2652 2493/3042/2653
f 2488/3037/2648 2490/3039/2650 2491/3040/2651
f 1986/2422/2127 1989/2425/2130 2357/2871/2515
f 1986/2422/2127 2357/2871/2515 2356/2870/2514
f 1986/2422/2127 2356/2870/2514 1987/2423/2128
f 2495/3044/2655 3820/3045/2656 2499/3046/2657
f 2495/3044/2655 2496/3047/2658 3820/3045/2656
f 2495/3044/2655 2501/3048/2659 2497/3049/2660
f 2495/3044/2655 2497/3049/2660 2498/3050/2661
f 2495/3051/2655 2499/3052/2657 2500/3053/2662
f 2495/3054/2655 2500/3055/2662 2501/3056/2659
f 2495/3044/2655 2498/3050/2661 2496/3047/2658
f 2502/3057/2663 223/267/235 677/812/725
f 2502/3057/2663 224/268/236 223/267/235
f 2502/3057/2663 677/812/725 2503/3058/2664
f 2504/3059/2665 1893/2304/2026 1895/2310/2030
f 2504/3059/2665 3027/2305/2027 1893/2304/2026
f 2504/3059/2665 2505/3060/2666 2506/3061/2667
f 2504/3059/2665 2506/3061/2667 2507/3062/2668
f 2504/3059/2665 1895/2310/2030 2505/3060/2666
f 2504/3059/2665 2507/3062/2668 3027/2305/2027
f 686/821/734 2508/3063/2669 687/822/735
f 686/821/734 2509/3064/2670 2508/3063/2669
f 686/821/734 117/138/124 2509/3064/2670
f 686/821/734 118/139/125 117/138/124
f 2510/3065/2671 2511/3066/2672 2512/3067/2673
f 2510/3065/2671 2512/3067/2673 693/831/742
f 2510/3065/2671 2513/3068/2674 2511/3066/2672
f 2514/3069/2675 2515/3070/2676 2516/3071/2677
f 2514/3072/2675 2517/3073/2678 1212/1474/1302
f 2514/3072/2675 1212/1474/1302 1213/1475/1303
f 2514/3072/2675 1213/1475/1303 2519/3074/2679
f 2514/3069/2675 2516/3071/2677 2518/3075/2680
f 2514/3069/2675 2518/3075/2680 2517/3076/2678
f 2514/3069/2675 2519/3077/2679 2515/3070/2676
f 1189/1445/1278 2520/3078/2681 1190/1446/1279
f 1189/1445/1278 1191/1447/1280 4077/3079/2682
f 1189/1445/1278 4077/3079/2682 2520/3078/2681
f 2521/3080/2683 2049/2489/2188 2048/2488/2191
f 2521/3080/2683 2048/2488/2191 2522/3081/2684
f 2521/3080/2683 2523/3082/2685 2049/2489/2188
f 2521/3080/2683 2522/3081/2684 2524/3083/2686
f 2088/2549/2238 2525/3084/2687 2526/3085/2688
f 2088/2549/2238 2526/3085/2688 2527/3086/2689
f 2088/2549/2238 2092/2553/2242 2525/3084/2687
f 2088/2549/2238 2527/3086/2689 2528/3087/2690
f 2088/2549/2238 2528/3087/2690 2089/2550/2239
f 2064/3088/2208 2529/3089/2691 2530/3090/2692
f 2064/3088/2208 2530/3090/2692 2531/3091/2209
f 2064/3088/2208 2532/3092/2693 2529/3089/2691
f 2064/2512/2208 2067/2517/2213 2532/3093/2693
f 2533/3094/2694 2534/3095/2695 2535/3096/2696
f 2533/3094/2694 2536/3097/2697 2534/3095/2695
f 2106/2570/2256 2108/2572/2258 2537/3098/2698
f 2106/2570/2256 2538/3099/2699 734/239/207
f 2106/2570/2256 2537/3098/2698 2538/3099/2699
f 2539/3100/2700 443/3101/468 2540/3102/2701
f 2539/3100/2700 956/1150/1026 443/3101/468
f 2539/3100/2700 957/1151/1027 956/1150/1026
f 1878/3103/2007 2541/3104/2702 1875/3105/2008
f 1878/2285/2007 1877/2284/2011 2542/3106/2703
f 1878/3103/2007 2543/3107/2704 2541/3104/2702
f 1878/2285/2007 2542/3106/2703 2543/3108/2704
f 2544/3109/2705 2545/3110/2706 2546/3111/2707
f 2544/3109/2705 2547/3112/2708 1552/1896/1670
f 2544/3109/2705 1552/1896/1670 221/265/233
f 2544/3109/2705 221/265/233 218/262/230
f 2544/3109/2705 218/262/230 2545/3110/2706
f 2544/3109/2705 2546/3111/2707 2547/3112/2708
f 2548/3113/1358 2550/3114/2709 2549/3115/2710
f 2548/1539/1358 1267/1538/1357 2550/3116/2709
f 2551/3117/2711 2556/3118/2712 2552/3119/2713
f 2551/3117/2711 2553/3120/2714 2557/3121/2715
f 2551/3122/2711 2554/3123/2716 2555/3124/2717
f 2551/3117/2711 2552/3119/2713 2553/3120/2714
f 2551/3122/2711 2555/3124/2717 2556/3125/2712
f 2551/3122/2711 2557/3126/2715 2558/3127/2718
f 2551/3122/2711 2558/3127/2718 2554/3123/2716
f 2559/3128/2719 2560/3129/2720 2561/3130/2721
f 2559/3128/2719 878/1062/943 2560/3129/2720
f 2559/3128/2719 2562/3131/2722 2563/3132/250
f 2559/3128/2719 2564/3133/2723 878/1062/943
f 2559/3128/2719 2561/3130/2721 2562/3131/2722
f 2559/3128/2719 2563/3132/250 2564/3133/2723
f 2565/3134/2724 2645/3135/2725 2646/3136/2726
f 2565/3134/2724 4876/3137/2727 2645/3135/2725
f 2566/3138/2728 2567/3139/2729 2568/3140/2730
f 2566/3138/2728 2569/3141/2731 2570/3142/2732
f 2566/3138/2728 2571/3143/2733 2567/3139/2729
f 2566/3138/2728 2568/3140/2730 765/927/823
f 2566/3138/2728 765/927/823 2569/3141/2731
f 2566/3138/2728 2572/3144/2734 2571/3143/2733
f 2566/3138/2728 2570/3142/2732 2572/3144/2734
f 769/931/827 2573/3145/2735 770/932/828
f 2574/3146/2736 2270/2771/2425 2099/2562/2249
f 2574/3146/2736 2575/3147/2737 2576/3148/2738
f 2574/3146/2736 2098/2561/2247 2575/3147/2737
f 2574/3146/2736 2099/2562/2249 2098/2561/2247
f 2574/3146/2736 2576/3148/2738 2270/2771/2425
f 1019/1228/1093 3390/3149/2739 1730/2107/1857
f 1019/1228/1093 1023/1233/1098 3390/3149/2739
f 2161/2634/2308 2577/3150/2740 2578/3151/2741
f 2161/2627/2308 2579/3152/2742 2156/2628/2309
f 2161/2634/2308 2160/2633/2313 2577/3150/2740
f 2161/2627/2308 2578/3153/2741 2579/3152/2742
f 2580/3154/2743 2019/2456/2161 1313/1592/1408
f 2580/3154/2743 1312/1591/1407 2581/3155/2744
f 2580/3154/2743 1313/1592/1408 1312/1591/1407
f 2580/3154/2743 2581/3155/2744 2582/3156/2745
f 2580/3154/2743 2582/3156/2745 2019/2456/2161
f 2583/3157/2746 2584/3158/2747 2585/3159/2748
f 2583/3157/2746 2586/3160/2749 994/1198/1066
f 2583/3157/2746 2587/3161/2750 2586/3160/2749
f 2583/3157/2746 2588/3162/2751 2587/3161/2750
f 2583/3157/2746 994/1198/1066 2584/3158/2747
f 2583/3157/2746 2585/3159/2748 2588/3162/2751
f 2589/3163/2752 2173/2655/2325 2590/3164/2753
f 2589/3163/2752 2590/3164/2753 2591/3165/2754
f 2589/3163/2752 2592/3166/2755 2173/2655/2325
f 2594/3167/2756 2596/3168/2757 2593/3169/2758
f 2594/3170/2756 2595/3171/2759 2596/3172/2757
f 1869/2273/2001 2597/3173/2760 1870/2274/2002
f 1869/2273/2001 2331/2843/2487 2597/3173/2760
f 2598/3174/2761 2599/3175/2762 2600/3176/2763
f 2598/3174/2761 2601/3177/2764 2602/3178/2765
f 2598/3174/2761 2600/3176/2763 2603/3179/2766
f 2598/3174/2761 2602/3178/2765 2599/3175/2762
f 2598/3174/2761 2604/3180/2767 2601/3177/2764
f 2598/3174/2761 2603/3179/2766 2604/3180/2767
f 1269/3181/1361 4469/3182/2768 2605/3183/2769
f 1269/3181/1361 2606/3184/1364 4469/3182/2768
f 1269/3181/1361 2605/3183/2769 1270/3185/1362
f 2607/3186/2770 2608/3187/2771 2448/2992/2608
f 2607/3186/2770 2448/2992/2608 2447/2991/2607
f 1950/2376/2089 756/910/810 2609/3188/2772
f 1229/1493/1318 2610/3189/2773 2611/3190/2774
f 1229/1493/1318 2611/3190/2774 1230/1494/1319
f 1229/1493/1318 2612/3191/2775 2610/3189/2773
f 1229/1493/1318 1233/1497/1322 2612/3191/2775
f 2613/3192/2776 681/816/729 2097/2559/2248
f 2613/3192/2776 2095/2556/2245 2614/3193/2777
f 2613/3192/2776 2614/3193/2777 682/817/730
f 2613/3192/2776 2097/2559/2248 2095/2556/2245
f 2613/3192/2776 682/817/730 681/816/729
f 1487/3194/1595 3920/3195/2778 1488/3196/1596
f 1487/3194/1595 1490/3197/1598 2615/3198/2779
f 1487/3194/1595 2616/3199/2780 2617/3200/2781
f 1487/3194/1595 2617/3200/2781 2618/3201/2782
f 1487/3194/1595 2618/3201/2782 3920/3195/2778
f 1487/3194/1595 2615/3198/2779 2616/3199/2780
f 874/1058/939 2619/3202/2783 875/1059/940
f 1904/2320/2039 2620/3203/2784 1905/2321/2040
f 442/3204/467 2621/3205/2785 2622/3206/2786
f 442/518/467 445/521/470 2621/3207/2785
f 442/3204/467 2622/3206/2786 2540/3102/2701
f 442/3204/467 2540/3102/2701 443/3101/468
f 451/527/476 2623/3208/2787 452/528/477
f 451/527/476 2112/2576/2262 2623/3208/2787
f 559/1787/596 561/3209/598 3023/3210/2788
f 559/1787/596 3684/985/875 2624/3211/2789
f 559/1212/596 2624/3212/2789 1006/1213/1079
f 559/1787/596 3023/3210/2788 1472/1788/1578
f 2627/3213/2790 2625/3214/2791 2626/3215/2792
f 2627/3216/2790 1853/3217/1984 2628/3218/2793
f 2627/3213/2790 2628/3219/2793 2629/3220/2794
f 2627/3213/2790 2626/3215/2792 3401/550/494
f 2627/3213/2790 2629/3220/2794 2625/3214/2791
f 2627/3213/2790 3401/550/494 1853/3221/1984
f 2124/3222/2273 2630/3223/1632 2631/3224/2795
f 2124/3225/2273 2632/3226/1633 2630/3227/1632
f 2124/2588/2273 4083/2592/2277 2632/3228/1633
f 2124/3222/2273 2631/3224/2795 2633/3229/2274
f 2634/3230/2796 2635/3231/2797 2636/3232/2798
f 2634/3230/2796 2637/3233/2799 2635/3231/2797
f 2634/3230/2796 2636/3232/2798 2638/3234/2800
f 2639/3235/2801 2640/3236/2802 1590/1945/1711
f 2639/3235/2801 2642/3237/2803 2640/3236/2802
f 2639/3235/2801 1590/1945/1711 2643/1944/1710
f 2639/3238/2801 2641/3239/2804 2642/3240/2803
f 2639/3238/2801 2643/3241/1710 2641/3239/2804
f 2645/3242/2725 2644/3243/2805 3481/3244/2806
f 2645/3245/2725 3481/3246/2806 3483/3247/2807
f 2645/3245/2725 3483/3247/2807 2646/3248/2726
f 2645/3242/2725 4876/3249/2727 2644/3243/2805
f 1293/1571/1387 3448/3250/2808 258/311/273
f 2647/3251/2809 2648/3252/2810 2649/3253/2811
f 2647/3251/2809 2650/3254/2812 2651/3255/2813
f 2647/3251/2809 2652/3256/2814 2653/3257/2815
f 2647/3251/2809 2649/3253/2811 2652/3256/2814
f 2647/3251/2809 2651/3255/2813 2648/3252/2810
f 2647/3251/2809 2653/3257/2815 2650/3254/2812
f 2145/2614/2295 2144/2613/2294 2654/3258/2816
f 2145/2614/2295 2654/3258/2816 2655/3259/2817
f 1016/1224/1089 2149/2619/2300 869/1053/934
f 1016/1224/1089 1017/1226/1091 2147/2617/2298
f 2656/3260/2818 2657/3261/2819 2658/3262/2820
f 2656/3260/2818 2659/3263/2821 2660/3264/2822
f 2656/3260/2818 2661/3265/2823 2659/3263/2821
f 2656/3260/2818 2658/3262/2820 2661/3265/2823
f 2656/3260/2818 2660/3264/2822 2657/3261/2819
f 2662/3266/2824 2663/3267/2825 1257/1525/1344
f 2662/3268/2824 1312/1591/1407 2663/3269/2825
f 2662/3268/2824 2666/3270/2826 2664/3271/2827
f 2662/3266/2824 2665/3272/2828 2666/3273/2826
f 2662/3266/2824 1257/1525/1344 2665/3272/2828
f 2662/3268/2824 2664/3271/2827 1312/1591/1407
f 2667/3274/2829 2668/3275/2830 454/530/479
f 2667/3274/2829 454/530/479 2669/3276/2831
f 1856/2258/1987 2670/3277/2832 1857/2259/1988
f 371/446/395 2671/3278/2833 372/447/396
f 371/446/395 375/450/399 2672/3279/2834
f 371/446/395 2672/3279/2834 2673/3280/2835
f 371/446/395 2673/3280/2835 2671/3278/2833
f 2674/3281/2584 377/3282/401 2675/3283/2836
f 2674/3281/2584 2675/3283/2836 2676/3284/2837
f 2674/3281/2584 2676/3284/2837 2425/3285/2585
f 385/460/409 2677/3286/2838 2678/3287/2839
f 385/460/409 384/459/408 1335/1614/1430
f 385/460/409 1335/1614/1430 2677/3286/2838
f 2679/3288/2840 2680/3289/2841 2681/3290/2842
f 2679/3288/2840 2682/3291/2843 1770/2154/1896
f 2679/3288/2840 1770/2154/1896 2683/3292/2844
f 2679/3288/2840 2684/3293/2845 2680/3289/2841
f 2679/3288/2840 2683/3292/2844 2684/3293/2845
f 2679/3288/2840 2681/3290/2842 2682/3291/2843
f 1058/1283/1138 2685/3294/2846 396/471/420
f 1058/1283/1138 1285/1559/1378 2361/2875/2518
f 1058/1283/1138 2686/3295/2847 2687/3296/2848
f 1058/1285/1138 2688/3297/2849 1060/1286/1139
f 1058/1285/1138 2689/3298/2850 2690/3299/2851
f 1058/1285/1138 2691/3300/2852 2692/3301/2853
f 1058/1285/1138 2693/3302/2854 2688/3297/2849
f 1058/1283/1138 2694/3303/2855 2686/3295/2847
f 1058/1283/1138 2246/2743/2400 2694/3303/2855
f 1058/1285/1138 2690/3299/2851 2691/3300/2852
f 1058/1285/1138 2361/2877/2518 2695/3304/2856
f 1058/1285/1138 2692/3301/2853 2693/3302/2854
f 1058/1285/1138 2695/3304/2856 2689/3298/2850
f 1058/1283/1138 2687/3296/2848 2685/3294/2846
f 2697/3305/2857 2704/3306/1442 2696/3307/2858
f 2697/3308/2857 2698/3309/2859 1344/1635/1443
f 2697/3305/2857 2696/3307/2858 2699/3310/2860
f 2697/3308/2857 2700/3311/2861 2701/3312/2862
f 2697/3305/2857 2699/3310/2860 2702/3313/2863
f 2697/3308/2857 2703/3314/2864 2700/3311/2861
f 2697/3308/2857 2702/3315/2863 2703/3314/2864
f 2697/3308/2857 2701/3312/2862 2698/3309/2859
f 2697/3308/2857 1344/1635/1443 2704/3316/1442
f 88/105/94 2705/3317/2865 89/106/95
f 2706/3318/2866 2378/2899/2535 2377/2898/2534
f 2377/6/2 2707/3319/2867 2708/3320/2868
f 2377/6/2 2708/3320/2868 2709/3321/3
f 2377/6/2 2/5/4 2707/3319/2867
f 2710/3322/2869 2713/3323/2870 2711/3324/2871
f 2710/3325/2869 2712/3326/2872 2713/3327/2870
f 2710/3322/2869 2711/3324/2871 2714/3328/2873
f 2710/3325/2869 2715/3329/2874 2712/3326/2872
f 2710/3325/2869 2714/3330/2873 2715/3329/2874
f 570/685/608 2716/3331/2875 571/686/609
f 570/685/608 2717/3332/2876 1431/1741/1535
f 570/685/608 1431/1741/1535 2716/3331/2875
f 570/685/608 573/688/611 2717/3332/2876
f 2718/3333/2877 2719/3334/2878 2720/3335/2879
f 2718/3333/2877 2721/3336/2880 2719/3334/2878
f 2718/3333/2877 2722/3337/2881 2721/3336/2880
f 2723/3338/2882 2724/3339/2883 2725/3340/2884
f 2723/3338/2882 2725/3340/2884 4449/3341/2885
f 2723/3338/2882 1100/1337/1186 2724/3339/2883
f 2723/3338/2882 2726/3342/2546 1101/1338/1187
f 2723/3338/2882 1101/1338/1187 1100/1337/1186
f 2723/3338/2882 4449/3341/2885 2726/3342/2546
f 2727/3343/2886 2728/3344/2887 4899/3345/2888
f 2727/3346/2886 975/1178/1046 977/1181/1049
f 2727/3343/2886 2729/3347/2889 4216/3348/2890
f 2727/3346/2886 977/1181/1049 2728/3349/2887
f 2727/3343/2886 4216/3348/2890 975/3350/1046
f 2727/3343/2886 4899/3345/2888 2729/3347/2889
f 1804/2194/1933 2730/3351/2891 2731/3352/2892
f 1804/3353/1933 2732/1985/1743 1433/1745/1539
f 1804/2194/1933 2731/3352/2892 2732/3354/1743
f 1804/2194/1933 1806/2197/1935 2733/3355/2893
f 1381/1685/1484 2734/3356/2894 2735/3357/2895
f 1381/1685/1484 2735/3357/2895 1382/1686/1485
f 1381/1685/1484 2736/3358/2896 2734/3356/2894
f 1381/1685/1484 1385/1690/1489 2736/3358/2896
f 1780/2164/1906 2737/3359/2897 2738/3360/2898
f 1780/2164/1906 1783/2169/1911 2737/3359/2897
f 1780/2164/1906 2738/3360/2898 1781/2165/1907
f 774/936/832 2739/3361/2899 2740/3362/2900
f 774/936/832 2741/3363/2901 2003/2440/2145
f 774/936/832 2740/3362/2900 2741/3363/2901
f 774/936/832 272/325/287 2739/3361/2899
f 774/936/832 2003/2440/2145 775/937/833
f 2742/3364/2902 2743/3365/2903 2744/3366/2904
f 2742/3364/2902 3325/2263/1992 2743/3365/2903
f 2742/3364/2902 2004/2441/2146 2745/3367/2905
f 2742/3364/2902 2746/3368/2906 2004/2441/2146
f 2742/3364/2902 2744/3366/2904 2746/3368/2906
f 2742/3364/2902 2745/3367/2905 3325/2263/1992
f 2747/3369/2907 2748/3370/2908 2749/3371/2909
f 2747/3369/2907 2750/3372/2910 2748/3370/2908
f 2747/3369/2907 2749/3371/2909 2751/3373/2911
f 353/422/374 4556/3374/2912 4557/3375/2913
f 353/422/374 357/426/378 4556/3374/2912
f 2752/3376/2914 2753/3377/2915 1828/2225/1961
f 2752/3376/2914 1828/2225/1961 1830/2227/1960
f 2752/3376/2914 4715/3378/2916 2754/3379/2917
f 2752/3376/2914 1537/1878/1657 2755/3380/2918
f 2752/3376/2914 2755/3380/2918 2753/3377/2915
f 2752/3376/2914 2754/3379/2917 1537/1878/1657
f 2752/3376/2914 1830/2227/1960 4715/3378/2916
f 2756/3381/2919 2757/3382/2920 2758/3383/2921
f 2756/3381/2919 2759/3384/2922 2760/3385/2923
f 2756/3381/2919 2761/3386/2924 2757/3382/2920
f 2756/3381/2919 2762/3387/2925 2761/3386/2924
f 2756/3381/2919 2758/3383/2921 2759/3384/2922
f 2756/3381/2919 2760/3385/2923 2762/3387/2925
f 2763/3388/2926 2764/3389/2927 1358/1652/1458
f 2763/3388/2926 2765/3390/2928 2764/3389/2927
f 2763/3388/2926 1357/1651/1457 2766/3391/2929
f 2763/3388/2926 4399/3392/2930 2765/3390/2928
f 2763/3388/2926 2766/3391/2929 4399/3392/2930
f 2763/3388/2926 1358/1652/1458 1357/1651/1457
f 2767/3393/2931 2768/3394/2932 2769/3395/2933
f 2767/3393/2931 2038/2476/2181 2770/3396/2934
f 2767/3393/2931 2769/3395/2933 2771/3397/2935
f 2767/3393/2931 2770/3396/2934 2772/3398/2936
f 2767/3393/2931 2771/3397/2935 2038/2476/2181
f 2767/3393/2931 2772/3398/2936 2768/3394/2932
f 2042/2480/2185 1169/1420/1256 1172/1423/1259
f 2042/2480/2185 4209/131/117 2773/3399/2937
f 2042/2480/2185 2773/3399/2937 2774/3400/2938
f 2042/2480/2185 2774/3400/2938 1169/1420/1256
f 2049/2484/2188 2775/3401/2939 2045/2485/2189
f 2049/2484/2188 2523/3402/2685 2775/3401/2939
f 2776/3403/2940 2777/3404/2484 2778/3405/2941
f 2776/3403/2940 4438/3406/2942 2779/3407/2485
f 2776/3403/2940 2780/3408/2943 4438/3406/2942
f 2776/3403/2940 2779/3407/2485 2777/3404/2484
f 845/3409/908 2781/3410/912 2782/3411/2944
f 845/3409/908 2782/3411/2944 2783/3412/2945
f 845/1021/908 2783/3413/2945 846/1022/909
f 2784/3414/2946 2785/3415/2947 2786/3416/2948
f 2784/3414/2946 2787/3417/2949 2785/3415/2947
f 1297/1575/1391 2788/3418/2950 1298/1576/1392
f 2789/3419/2951 1454/1769/1560 1457/1772/1563
f 2789/3419/2951 1457/1772/1563 2790/3420/2952
f 2789/3419/2951 2791/3421/2953 1454/1769/1560
f 2792/3422/2954 2793/3423/2955 2794/3424/2956
f 2792/3425/2954 4670/3426/2957 932/3427/999
f 2792/3422/2954 932/1120/999 931/1119/998
f 2792/3422/2954 2795/3428/2958 4670/3429/2957
f 2792/3422/2954 2794/3424/2956 2795/3428/2958
f 2792/3422/2954 931/1119/998 2793/3423/2955
f 1463/1778/1569 2796/3430/2959 1464/1779/1570
f 1463/1778/1569 2797/3431/2960 2796/3430/2959
f 2193/2679/2347 2798/3432/2961 2799/3433/2962
f 2193/2679/2347 2799/3433/2962 632/759/676
f 2193/2679/2347 4866/3434/2963 2798/3432/2961
f 2193/2679/2347 3576/2680/2348 4866/3434/2963
f 636/765/680 324/392/344 2800/3435/2964
f 636/765/680 2800/3435/2964 2766/3436/2929
f 636/765/680 1353/1646/1454 637/766/681
f 636/765/680 2766/3436/2929 1353/1646/1454
f 2801/3437/2965 2802/3438/2966 644/775/690
f 2801/3437/2965 644/775/690 2803/3439/2967
f 2801/3437/2965 2804/3440/2968 1483/1800/1590
f 2801/3437/2965 2805/3441/2969 2804/3440/2968
f 2801/3437/2965 2803/3439/2967 2805/3441/2969
f 2801/3437/2965 1483/1800/1590 2802/3438/2966
f 2806/3442/2970 2807/3443/2971 2808/3444/2972
f 2806/3442/2970 1271/1544/1363 2809/3445/2973
f 2806/3442/2970 4604/3446/2974 1271/1544/1363
f 2806/3442/2970 2809/3445/2973 2807/3443/2971
f 112/133/119 115/136/122 2810/3447/2975
f 2811/3448/2976 3535/3449/2977 516/617/550
f 2811/3448/2976 515/616/549 2812/3450/2978
f 2811/3448/2976 657/788/703 2813/3451/2979
f 2811/3448/2976 2812/3450/2978 657/788/703
f 2811/3448/2976 2813/3451/2979 3535/3449/2977
f 2811/3448/2976 516/617/550 515/616/549
f 1982/2416/2123 1984/2419/2125 2814/3452/2980
f 1982/2416/2123 2814/3452/2980 2815/3453/2981
f 1982/2416/2123 2815/3453/2981 2816/3454/2982
f 1982/2416/2123 2816/3454/2982 1983/2417/2124
f 2817/3455/2983 2818/3456/2984 2819/3457/2985
f 524/630/561 528/634/565 2820/3458/2986
f 524/630/561 2820/3458/2986 2500/3055/2662
f 524/630/561 1881/2289/2014 525/631/562
f 2821/3459/2987 1218/1480/1308 1220/1482/1310
f 2821/3459/2987 1220/1482/1310 2822/3460/2988
f 2821/3459/2987 2823/3461/2989 1218/1480/1308
f 1511/1839/1624 2824/3462/2990 1724/2101/1851
f 1511/1839/1624 1513/1841/1626 2825/3463/2991
f 1511/1839/1624 2825/3463/2991 2824/3462/2990
f 1511/1839/1624 1724/2101/1851 1512/1840/1625
f 2827/3464/2992 1519/1850/1634 2830/3465/2993
f 2827/3464/2992 2826/3466/330 914/1851/980
f 2827/3467/2992 2828/3468/331 2826/3469/330
f 2827/3467/2992 2829/3470/2994 2828/3468/331
f 2827/3471/2992 2830/3472/2993 2829/3473/2994
f 2827/3464/2992 914/1851/980 1519/1850/1634
f 2831/3474/2995 2409/3475/686 2832/3476/2568
f 2831/3477/2995 1785/2173/1915 1784/2172/1914
f 2831/3478/2995 1784/3479/1914 642/772/687
f 2831/3477/2995 2833/3480/2996 1785/2173/1915
f 2831/3481/2995 2832/3482/2568 2833/3483/2996
f 2831/3478/2995 642/772/687 2409/771/686
f 694/833/744 2226/3484/2379 2834/3485/2997
f 694/833/744 699/840/749 1521/1857/1637
f 694/833/744 1521/1857/1637 2226/3484/2379
f 694/833/744 2834/3485/2997 695/834/745
f 2839/3486/2998 2835/3487/2999 4291/3488/3000
f 2839/3486/2998 2836/3489/3001 2835/3487/2999
f 2839/3486/2998 2837/3490/3002 2836/3489/3001
f 2839/3486/2998 4291/3488/3000 594/3491/635
f 2839/3486/2998 2838/3492/3003 2837/3490/3002
f 2839/3493/2998 594/712/635 2838/3494/3003
f 2840/3495/3004 2841/3496/3005 2842/3497/3006
f 2840/3495/3004 2843/3498/3007 2844/3499/3008
f 2840/3495/3004 2845/3500/3009 2841/3496/3005
f 2840/3495/3004 2844/3499/3008 2846/3501/3010
f 2840/3495/3004 2842/3497/3006 2843/3498/3007
f 2840/3495/3004 2846/3501/3010 2845/3500/3009
f 2847/3502/3011 2848/3503/3012 2849/3504/3013
f 2847/3502/3011 2849/3504/3013 2850/3505/3014
f 2847/3502/3011 1917/2340/2054 2848/3503/3012
f 2851/3506/3015 2852/3507/3016 2853/3508/3017
f 2851/3506/3015 2854/3509/3018 2852/3507/3016
f 2851/3506/3015 2853/3508/3017 2855/3510/3019
f 2851/3506/3015 2856/3511/3020 2854/3509/3018
f 2851/3506/3015 2855/3510/3019 2856/3511/3020
f 1227/878/781 731/880/783 2857/3512/3021
f 1227/1491/781 1223/1486/1314 2858/3513/3022
f 1227/878/781 2858/3514/3022 730/879/782
f 1227/878/781 2857/3512/3021 1226/1490/1316
f 2859/3515/3023 2860/3516/3024 1233/1497/1322
f 2859/3515/3023 1232/1496/1321 646/777/692
f 2859/3515/3023 646/777/692 2861/3517/3025
f 2859/3515/3023 2861/3517/3025 2860/3516/3024
f 2859/3515/3023 1233/1497/1322 1232/1496/1321
f 2862/3518/2068 2863/3519/2067 2864/3520/3026
f 2862/3518/2068 2864/3520/3026 2865/3521/3027
f 2862/3518/2068 2865/3521/3027 1930/3522/2069
f 1935/2361/2074 2866/3523/3028 41/53/45
f 1935/2361/2074 1938/2364/2077 2866/3523/3028
f 1935/2361/2074 41/53/45 1936/2362/2075
f 2867/3524/2210 1940/2366/2079 1941/2367/2080
f 2867/3524/2210 4358/3525/3029 4598/3526/3030
f 2867/3524/2210 4598/3526/3030 2868/3527/3031
f 2867/3524/2210 1941/2367/2080 4358/3525/3029
f 2867/3524/2210 2868/3527/3031 2869/3528/3032
f 2867/3524/2210 2869/3528/3032 1940/2366/2079
f 50/63/55 2870/3529/3033 749/903/803
f 2208/2697/2363 2210/2699/2365 2871/3530/3034
f 2208/2697/2363 2872/3531/3035 2873/3532/3036
f 2208/2697/2363 2873/3532/3036 336/404/356
f 2208/2697/2363 2871/3530/3034 2872/3531/3035
f 64/76/67 2874/3533/3037 62/77/68
f 64/80/67 2875/3534/3038 2876/3535/3039
f 64/76/67 2876/3536/3039 2874/3533/3037
f 64/80/67 61/74/66 2875/3534/3038
f 69/85/74 68/84/73 2877/3537/3040
f 69/85/74 2877/3537/3040 1399/1705/1504
f 69/85/74 1399/1705/1504 70/86/75
f 2881/3538/3041 2878/3539/3042 2879/3540/3043
f 2881/3541/3041 2879/3542/3043 2880/3543/3044
f 2881/3544/3041 2880/3545/3044 4788/3546/3045
f 2882/3547/3046 256/309/271 2883/3548/3047
f 2882/3547/3046 257/310/272 256/309/271
f 2882/3547/3046 2883/3548/3047 2571/3143/2733
f 2882/3547/3046 2571/3143/2733 2572/3144/2734
f 2882/3547/3046 2572/3144/2734 2570/3142/2732
f 2882/3547/3046 2570/3142/2732 257/310/272
f 2419/3549/2578 2884/3550/3048 2885/3551/3049
f 2419/3549/2578 2422/3552/2581 2884/3550/3048
f 2419/3549/2578 2885/3551/3049 2886/3553/3050
f 2419/2953/2578 2886/3554/3050 2423/2959/2582
f 2419/2953/2578 2423/2959/2582 2420/2954/2579
f 2887/3555/3051 2001/2438/2143 2741/3363/2901
f 2887/3555/3051 2741/3363/2901 2740/3362/2900
f 2887/3555/3051 2888/3556/3052 2001/2438/2143
f 779/941/837 2889/3557/3053 2890/3558/3054
f 779/941/837 2891/3559/3055 780/942/838
f 779/941/837 2890/3558/3054 2891/3559/3055
f 779/941/837 782/947/841 2889/3557/3053
f 2892/3560/3056 2893/3561/3057 1023/3562/1098
f 2892/3560/3056 3691/3563/3058 2894/3564/3059
f 2892/3560/3056 1022/3565/1097 3691/3563/3058
f 2892/3560/3056 1023/3562/1098 1022/3565/1097
f 2892/3560/3056 2894/3564/3059 2893/3561/3057
f 734/884/207 2895/3566/3060 2896/3567/3061
f 734/239/207 2897/3568/3062 2107/2571/2257
f 734/884/207 2898/3569/3063 2899/3570/3064
f 734/884/207 2900/3571/3065 2901/3572/3066
f 734/884/207 2902/3573/3067 2903/3574/3068
f 734/239/207 198/241/209 2904/3575/3069
f 734/239/207 2904/3575/3069 2898/3576/3063
f 734/239/207 2538/3099/2699 197/240/208
f 734/884/207 2905/3577/3070 2902/3573/3067
f 734/884/207 2906/3578/3071 2900/3571/3065
f 734/884/207 2896/3567/3061 735/885/787
f 734/884/207 2899/3570/3064 2906/3578/3071
f 734/239/207 737/888/789 2897/3568/3062
f 734/884/207 2901/3572/3066 2905/3577/3070
f 734/884/207 2903/3574/3068 2895/3566/3060
f 2907/3579/3072 4437/3580/3073 2908/3581/3074
f 2907/3579/3072 2909/3582/3075 4437/3580/3073
f 2907/3579/3072 3461/3583/3076 2909/3582/3075
f 615/733/654 617/738/658 620/734/655
f 2910/3584/3077 1622/1987/1745 1625/1990/1748
f 2910/3584/3077 2911/3585/3078 2912/3586/3079
f 2910/3584/3077 1625/1990/1748 2913/3587/3080
f 2910/3584/3077 2912/3586/3079 2445/2989/2605
f 2910/3584/3077 2913/3587/3080 2911/3585/3078
f 2910/3584/3077 2445/2989/2605 1622/1987/1745
f 1700/2076/1826 1536/1877/1656 1538/1879/1658
f 1700/2076/1826 1538/1879/1658 2914/3588/3081
f 1700/2076/1826 2914/3588/3081 4806/3589/3082
f 1700/2076/1826 1702/2078/1828 1536/1877/1656
f 1700/2076/1826 4806/3589/3082 1701/2077/1827
f 1087/1319/1171 2915/3590/3083 1824/2219/1956
f 1087/1319/1171 1086/1318/1170 2915/3590/3083
f 2916/3591/3084 2917/3592/3085 2918/3593/3086
f 2916/3591/3084 2919/3594/3087 2920/3595/3088
f 2916/3591/3084 2921/3596/3089 2917/3592/3085
f 2916/3591/3084 2922/3597/3090 2921/3596/3089
f 2916/3591/3084 2920/3595/3088 2922/3597/3090
f 2916/3591/3084 2918/3593/3086 2919/3594/3087
f 2923/3598/3091 241/286/254 2924/3599/3092
f 2923/3598/3091 2925/3600/3093 241/286/254
f 2923/3598/3091 2924/3599/3092 4687/3601/3094
f 2411/2945/2570 2926/3602/3095 2927/3603/3096
f 2411/2945/2570 1776/2160/1902 1775/2159/1901
f 2411/2945/2570 2927/3603/3096 1776/2160/1902
f 2411/2945/2570 2413/2947/2572 2926/3602/3095
f 2928/3604/1908 3527/3605/3097 4822/3606/3098
f 2928/3607/1908 2929/3608/3099 2930/3609/1909
f 2928/3607/1908 4822/3610/3098 2929/3608/3099
f 2928/2166/1908 1781/2165/1907 3527/3611/3097
f 731/880/783 2931/3612/3100 2857/3512/3021
f 176/207/185 2932/3613/3101 177/208/186
f 176/207/185 1999/2436/2141 2933/3614/3102
f 176/207/185 2933/3614/3102 2934/3615/3103
f 176/207/185 180/211/189 1999/2436/2141
f 176/207/185 2934/3615/3103 2932/3613/3101
f 1667/2033/1791 1671/2038/1796 2935/3616/3104
f 2936/3617/3105 2937/3618/3106 2938/3619/3107
f 2936/3617/3105 2939/3620/3108 2940/3621/3109
f 2936/3617/3105 2941/3622/3110 2937/3618/3106
f 2936/3617/3105 2940/3621/3109 2942/3623/3111
f 2936/3617/3105 2942/3623/3111 2941/3622/3110
f 2936/3617/3105 2938/3619/3107 2939/3620/3108
f 2943/3624/3112 2944/3625/3113 2945/3626/3114
f 2943/3624/3112 2352/2866/2510 2357/2871/2515
f 2943/3624/3112 2946/3627/3115 2944/3625/3113
f 2943/3624/3112 1989/2425/2130 2946/3627/3115
f 2943/3624/3112 2945/3626/3114 2352/2866/2510
f 2943/3624/3112 2357/2871/2515 1989/2425/2130
f 2947/3628/3116 582/697/620 2949/700/623
f 2947/3629/3116 2948/3630/3117 2950/3631/3118
f 2947/3629/3116 1182/1436/1271 2948/3630/3117
f 2947/3629/3116 2949/3632/623 1182/1436/1271
f 2947/3628/3116 2950/3633/3118 2951/3634/3119
f 2947/3628/3116 2951/3634/3119 582/697/620
f 2952/3635/3120 2953/3636/3121 2954/3637/3122
f 2952/3635/3120 2020/2457/2162 2582/3156/2745
f 2952/3635/3120 2955/3638/3123 2953/3636/3121
f 2952/3635/3120 2582/3156/2745 2955/3638/3123
f 2952/3635/3120 2956/3639/3124 2020/2457/2162
f 2952/3635/3120 2954/3637/3122 2956/3639/3124
f 2957/3640/3125 2958/3641/3126 1289/1568/1385
f 2957/3640/3125 2959/3642/753 4653/3643/752
f 2957/3640/3125 4870/3644/3127 2958/3641/3126
f 2957/3640/3125 4653/3643/752 4870/3644/3127
f 2957/3640/3125 1289/1568/1385 2391/3645/2051
f 2957/3646/3125 2391/2915/2051 2959/848/753
f 2960/3647/3128 4394/3648/3129 2962/3649/3130
f 2960/3647/3128 2961/3650/3131 1533/1871/1651
f 2960/3647/3128 2964/3651/3132 2961/3650/3131
f 2960/3652/3128 2962/3653/3130 2963/3654/3133
f 2960/3647/3128 1533/1871/1651 4394/3648/3129
f 2960/3652/3128 2963/3654/3133 2964/3655/3132
f 2965/3656/3134 898/1083/964 2966/3657/3135
f 2965/3656/3134 2967/3658/3136 898/1083/964
f 2965/3656/3134 2966/3657/3135 2968/3659/3137
f 904/1089/970 1696/2072/1822 905/1090/971
f 2439/2982/2600 2969/3660/3138 2970/3661/3139
f 2439/2982/2600 2971/3662/3140 2969/3660/3138
f 2439/2982/2600 2441/2984/2601 2971/3662/3140
f 2439/2982/2600 2970/3661/3139 2440/2983/1481
f 2972/3663/3141 2768/3394/2932 1428/1738/1532
f 2972/3663/3141 1427/1737/1531 2973/3664/3142
f 2972/3663/3141 2974/3665/3143 2853/3508/3017
f 2972/3663/3141 2853/3508/3017 2768/3394/2932
f 2972/3663/3141 2973/3664/3142 2974/3665/3143
f 2972/3663/3141 1428/1738/1532 1427/1737/1531
f 629/756/674 478/570/511 480/572/513
f 629/756/674 634/763/678 478/570/511
f 629/756/674 917/1104/983 630/757/675
f 629/756/674 480/572/513 917/1104/983
f 2372/2890/2529 2975/3666/3144 2375/2891/2530
f 2372/2890/2529 2976/3667/3145 2977/3668/3146
f 2372/2890/2529 2373/2893/2532 2978/3669/3147
f 2372/2890/2529 2977/3668/3146 2975/3666/3144
f 2372/2890/2529 2978/3669/3147 2976/3667/3145
f 2979/3670/3148 2980/3671/3149 2981/3672/3150
f 2979/3670/3148 4501/3673/3151 2982/3674/3152
f 2979/3670/3148 2981/3672/3150 2983/3675/3153
f 2979/3670/3148 2982/3674/3152 2980/3671/3149
f 2979/3670/3148 2983/3675/3153 4501/3673/3151
f 2984/3676/3154 2985/3677/3155 2986/3678/3156
f 2984/3676/3154 2986/3678/3156 2987/3679/3157
f 2984/3676/3154 2988/3680/3158 2989/3681/3159
f 2984/3676/3154 2987/3679/3157 2486/3035/2646
f 2984/3676/3154 2989/3681/3159 2985/3677/3155
f 2984/3676/3154 2486/3035/2646 2988/3680/3158
f 2990/3682/3160 231/275/243 2991/3683/3161
f 2990/3682/3160 2991/3683/3161 2992/3684/3162
f 2990/3682/3160 2993/3685/3163 231/275/243
f 2990/3682/3160 1163/1413/1250 2993/3685/3163
f 2990/3682/3160 2992/3684/3162 1163/1413/1250
f 1241/1509/1328 2994/3686/3164 2995/3687/3165
f 1241/1509/1328 2996/3688/3166 2994/3686/3164
f 1241/1509/1328 1240/1508/1327 2996/3688/3166
f 1241/1509/1328 2995/3687/3165 1242/1510/1329
f 1280/3689/1373 1365/1669/1465 2997/3690/3167
f 1280/1554/1373 1284/1558/1377 1365/1663/1465
f 1280/3689/1373 2998/3691/3168 1281/3692/1374
f 1280/3689/1373 2997/3690/3167 2998/3691/3168
f 2050/2490/2192 2895/3566/3060 2999/3693/3169
f 2050/2490/2192 735/885/787 2896/3567/3061
f 2050/2490/2192 4834/3694/3170 3795/2491/2193
f 2050/2490/2192 2896/3567/3061 2895/3566/3060
f 2050/2490/2192 2999/3693/3169 4834/3694/3170
f 3000/3695/3171 3980/3696/3172 3001/3697/3173
f 3000/3698/3171 522/628/559 3002/627/558
f 3000/3698/3171 3001/3699/3173 522/628/559
f 3000/3695/3171 3002/3700/558 3980/3696/3172
f 3003/3701/3174 2501/3056/2659 2820/3458/2986
f 3003/3701/3174 527/633/564 3004/3702/3175
f 3003/3701/3174 3005/3703/3176 3006/3704/3177
f 3003/3701/3174 528/634/565 527/633/564
f 3003/3701/3174 2820/3458/2986 528/634/565
f 3003/3701/3174 3004/3702/3175 3005/3703/3176
f 3003/3701/3174 3006/3704/3177 2501/3056/2659
f 3007/3705/3178 3008/3706/3179 2316/2825/2471
f 3007/3705/3178 4420/3707/3180 3009/3708/3181
f 3007/3705/3178 2316/2825/2471 4420/3707/3180
f 1200/1457/1288 3010/3709/3182 2532/3093/2693
f 1200/1457/1288 3885/3710/3183 1201/1458/1289
f 1200/1457/1288 2532/3093/2693 2067/2517/2213
f 1200/1457/1288 4756/1460/1291 3010/3709/3182
f 1200/1457/1288 2067/2517/2213 3885/3710/3183
f 3013/3711/3184 3011/3712/3185 3012/3713/3186
f 3013/3711/3184 4726/3714/3187 3011/3712/3185
f 3013/3715/3184 3012/3716/3186 4873/3717/3188
f 3013/3711/3184 3014/3718/3189 4726/3714/3187
f 3013/3715/3184 4873/3717/3188 3015/3719/3190
f 3013/3715/3184 3015/3719/3190 3014/3720/3189
f 3016/3721/3191 2463/3007/2623 689/3722/739
f 3016/3723/3191 2512/3067/2673 3017/3724/3192
f 3016/3723/3191 689/826/739 2512/3067/2673
f 2584/3158/2747 993/1197/1065 3018/3725/3193
f 2584/3158/2747 3018/3725/3193 3019/3726/3194
f 2584/3158/2747 994/1198/1066 993/1197/1065
f 2584/3158/2747 3019/3726/3194 3020/3727/3195
f 2584/3158/2747 3020/3727/3195 2585/3159/2748
f 90/107/96 91/108/97 3021/3728/3196
f 2713/3327/2870 2712/3326/2872 3023/3210/2788
f 2713/3323/2870 560/671/597 3022/3729/3197
f 2713/3323/2870 561/672/598 560/671/597
f 2713/3323/2870 3022/3729/3197 2711/3324/2871
f 2713/3323/2870 3023/3730/2788 561/672/598
f 3024/3731/3198 3025/3732/3199 1270/1543/1362
f 3024/3731/3198 3027/2305/2027 3026/3733/3200
f 3024/3734/3198 4796/3735/3201 3027/3736/2027
f 3024/3731/3198 3026/3733/3200 3025/3732/3199
f 3024/3737/3198 1270/3185/1362 4796/3738/3201
f 3030/3739/3202 2383/2905/2541 4303/2902/2538
f 3030/3739/3202 3028/3740/3203 2383/2905/2541
f 3030/3739/3202 4303/2902/2538 3029/3741/1178
f 3030/3739/3202 2430/3742/2590 3222/3743/3204
f 3030/3744/3202 3029/1328/1178 2430/2969/2590
f 3030/3739/3202 3222/3743/3204 3028/3740/3203
f 1713/2089/1839 1714/2090/1840 3031/3745/3205
f 1713/2089/1839 3031/3745/3205 2745/3367/2905
f 1713/2089/1839 2745/3367/2905 2004/2441/2146
f 2387/2909/2545 3032/3746/3206 2726/2910/2546
f 2387/2909/2545 3033/3747/3207 3032/3746/3206
f 2389/2912/2548 403/478/427 3034/3748/3208
f 2389/2912/2548 4895/479/428 403/478/427
f 2389/2912/2548 3034/3748/3208 3818/2913/2549
f 591/709/632 593/711/634 2230/2726/2384
f 591/709/632 2355/2869/2513 3035/3749/3209
f 591/709/632 3035/3749/3209 592/710/633
f 591/709/632 2230/2726/2384 3036/3750/3210
f 591/709/632 3036/3750/3210 2355/2869/2513
f 743/897/797 747/901/801 3037/3751/3211
f 743/897/797 3037/3751/3211 3038/3752/3212
f 743/897/797 3038/3752/3212 1820/2214/1952
f 743/897/797 1820/2214/1952 744/898/798
f 3039/3753/3213 3040/3754/3214 3041/3755/3215
f 3039/3753/3213 3042/3756/3216 3043/3757/3217
f 3039/3753/3213 3041/3755/3215 3042/3756/3216
f 2400/2932/2560 3044/3758/3218 646/777/692
f 2400/2932/2560 646/777/692 3045/3759/3219
f 2400/2932/2560 3046/3760/3220 611/729/650
f 2400/2932/2560 2401/2933/2561 3044/3758/3218
f 2400/2932/2560 3045/3759/3219 3046/3760/3220
f 2403/2935/2563 3048/3761/3221 2404/2936/2564
f 2403/3762/2563 3047/3763/3222 3048/3764/3221
f 2403/3762/2563 757/911/811 3047/3763/3222
f 3049/3765/3223 1136/1378/1223 1900/2315/2034
f 3049/3765/3223 1900/2315/2034 2009/2446/2151
f 3049/3765/3223 759/914/814 3050/3766/3224
f 3049/3765/3223 2009/2446/2151 759/914/814
f 3049/3765/3223 1137/1379/1224 1136/1378/1223
f 3049/3765/3223 3050/3766/3224 1137/1379/1224
f 3051/3767/3225 3052/3768/3226 3053/3769/3227
f 3051/3767/3225 3053/3769/3227 2011/2448/2153
f 3051/3767/3225 2011/2448/2153 2016/2453/2158
f 3051/3767/3225 1143/753/671 3052/3768/3226
f 3051/3767/3225 2016/2453/2158 1143/753/671
f 2128/3770/2280 3478/3771/3228 2129/3772/2281
f 2128/3770/2280 3054/3773/3229 3478/3771/3228
f 2128/2600/2280 3055/3774/3230 3054/3775/3229
f 2128/2600/2280 2131/2599/2282 3055/3774/3230
f 3056/3776/3231 766/928/824 3057/3777/3232
f 3056/3776/3231 3058/3778/3233 766/928/824
f 2138/2607/2289 2141/2610/2291 3059/3779/3234
f 2138/2607/2289 4095/3780/3235 3060/3781/3236
f 2138/2607/2289 3059/3779/3234 4095/3780/3235
f 2138/2607/2289 3060/3781/3236 2139/2608/1492
f 3061/3782/3237 3062/3783/3238 3063/3784/3239
f 3061/3782/3237 3063/3784/3239 3064/3785/3240
f 2154/2624/2305 2215/2707/2370 2155/2625/2306
f 2154/2624/2305 2748/3370/2908 1400/1706/1505
f 2154/2624/2305 1400/1706/1505 2215/2707/2370
f 2154/2624/2305 788/953/846 2749/3371/2909
f 2154/2624/2305 2749/3371/2909 2748/3370/2908
f 2156/2628/2309 2898/3569/3063 2162/2629/2310
f 2156/2628/2309 2579/3152/2742 2898/3569/3063
f 204/247/215 3065/3786/3241 3066/3787/3242
f 204/247/215 206/249/217 3065/3786/3241
f 204/247/215 3066/3787/3242 1618/1982/1740
f 3067/3788/1487 3068/3789/3243 3069/3790/3244
f 3070/3791/3245 1625/1990/1748 1624/1989/1747
f 3070/3791/3245 1551/1895/1669 1552/1896/1670
f 3070/3791/3245 1552/1896/1670 3071/3792/3246
f 3070/3791/3245 3071/3792/3246 2913/3587/3080
f 3070/3791/3245 1624/1989/1747 1551/1895/1669
f 3070/3791/3245 2913/3587/3080 1625/1990/1748
f 373/448/397 3072/3793/3247 374/449/398
f 3025/3732/3199 2807/3443/2971 3073/3794/3248
f 3025/3732/3199 3073/3794/3248 1270/1543/1362
f 3025/3732/3199 3026/3733/3200 3074/3795/3249
f 3025/3732/3199 3074/3795/3249 2807/3443/2971
f 2560/3129/2720 878/1062/943 875/1059/940
f 2560/3129/2720 875/1059/940 3075/3796/3250
f 2560/3129/2720 3075/3796/3250 2561/3130/2721
f 3076/3797/3251 3077/3798/3252 3078/3799/3253
f 3076/3797/3251 1370/1670/1470 3077/3798/3252
f 3076/3797/3251 3079/3800/3254 1370/1670/1470
f 3080/3801/3255 1248/1516/1335 1247/1515/1334
f 3080/3801/3255 3081/3802/3256 3082/3803/3257
f 3080/3801/3255 3083/3804/3258 3084/3805/3259
f 3080/3801/3255 3084/3805/3259 3081/3802/3256
f 3080/3801/3255 3082/3803/3257 1248/1516/1335
f 3080/3801/3255 1247/1515/1334 3083/3804/3258
f 3086/2535/2227 3085/3806/1439 4499/2536/2228
f 3086/2535/2227 2081/2538/2230 1343/3807/1440
f 3086/3808/2227 1343/1626/1440 3085/1625/1439
f 1391/1697/1496 546/652/583 543/649/580
f 3087/3809/3260 772/934/830 771/933/829
f 3087/3810/3260 3088/3811/3261 3089/3812/3262
f 3087/3809/3260 3089/3813/3262 3090/3814/3263
f 3087/3809/3260 3090/3814/3263 3091/3815/3264
f 3087/3810/3260 771/3816/829 3092/3817/3265
f 3087/3810/3260 3092/3817/3265 3088/3811/3261
f 3087/3809/3260 3091/3815/3264 772/934/830
f 2270/2771/2425 2273/2774/2428 2099/2562/2249
f 2270/2771/2425 2576/3148/2738 2271/2772/2426
f 3093/3818/3266 1605/1966/1727 1602/1962/1725
f 3093/3818/3266 2101/2565/2251 3094/3819/3267
f 3093/3818/3266 3095/3820/3268 3096/3821/3269
f 3093/3818/3266 3094/3819/3267 3097/3822/3270
f 3093/3818/3266 3098/3823/3271 2101/2565/2251
f 3093/3818/3266 1602/1962/1725 3095/3820/3268
f 3093/3818/3266 3096/3821/3269 3099/3824/3272
f 3093/3818/3266 3097/3822/3270 1605/1966/1727
f 3093/3818/3266 3099/3824/3272 3098/3823/3271
f 876/1060/941 3100/3825/3273 4019/1133/1012
f 876/1060/941 879/1063/944 3100/3825/3273
f 3103/3826/3274 3101/3827/3275 3102/3828/3276
f 3103/3829/3274 3104/3830/3277 2950/3633/3118
f 3103/3829/3274 3105/3831/3278 3101/3832/3275
f 3103/3826/3274 3102/3828/3276 3106/3833/3279
f 3103/3829/3274 2950/3633/3118 3105/3831/3278
f 3103/3829/3274 3106/3834/3279 3104/3830/3277
f 884/1069/950 3107/3835/3280 3108/3836/3281
f 884/1069/950 3108/3836/3281 77/93/82
f 961/1162/1031 3109/3837/3282 3110/3838/3283
f 961/1156/1031 4008/3839/3284 3111/3840/3285
f 961/1162/1031 3112/3841/3286 4008/3842/3284
f 961/1156/1031 3111/3840/3285 962/1157/1032
f 961/1162/1031 3110/3838/3283 3112/3841/3286
f 961/1162/1031 964/1161/1034 3109/3837/3282
f 893/1078/959 3113/3843/3287 1477/3844/1584
f 893/1078/959 1477/3844/1584 894/1079/960
f 3114/3845/3288 95/112/101 3115/3846/3289
f 3114/3845/3288 3116/3847/3290 96/113/102
f 3114/3845/3288 96/113/102 95/112/101
f 3117/3848/3291 1697/2073/1823 907/1092/973
f 3117/3848/3291 907/1092/973 3118/3849/3292
f 3119/3850/3293 7/11/9 5/9/7
f 3119/3850/3293 911/1096/977 1698/2074/1824
f 3119/3850/3293 5/9/7 911/1096/977
f 1921/2344/2058 3120/3851/3294 3121/3852/3295
f 1921/2344/2058 3122/3853/3296 1922/2345/2059
f 1921/2344/2058 3121/3852/3295 3122/3853/3296
f 1921/2344/2058 1924/2347/2061 3120/3851/3294
f 2515/3070/2676 3123/3854/3297 3124/3855/3298
f 2515/3070/2676 3125/3856/3299 3123/3854/3297
f 2515/3070/2676 3126/3857/3300 3125/3856/3299
f 2515/3070/2676 2519/3077/2679 3126/3857/3300
f 2515/3070/2676 3124/3855/3298 2516/3071/2677
f 1782/3858/1910 3127/3859/3301 3128/3860/3302
f 1782/3858/1910 2930/3609/1909 3129/3861/3303
f 1782/3862/1910 3130/3863/3304 1783/3864/1911
f 1782/3862/1910 3128/3865/3302 3130/3863/3304
f 1782/3858/1910 3129/3861/3303 3127/3859/3301
f 2525/3084/2687 3131/3866/3305 2526/3085/2688
f 2525/3084/2687 2092/2553/2242 3131/3866/3305
f 2824/3462/2990 3132/3867/3306 1725/2102/1852
f 2824/3462/2990 2825/3463/2991 3132/3867/3306
f 2824/3462/2990 1725/2102/1852 1724/2101/1851
f 3133/3868/3307 3134/3869/3308 949/1140/1019
f 3133/3868/3307 3135/3870/3309 3134/3869/3308
f 3133/3868/3307 949/1140/1019 4855/3871/3310
f 3133/3868/3307 4855/3871/3310 3135/3870/3309
f 3136/3872/3311 3137/3873/3312 3138/3874/3313
f 3136/3872/3311 3139/3875/3314 662/793/708
f 3136/3872/3311 3138/3874/3313 3139/3875/3314
f 3136/3872/3311 662/793/708 3137/3873/3312
f 3140/3876/3315 3141/3877/3316 3142/3878/3317
f 3140/3876/3315 3143/3879/3318 3141/3877/3316
f 3140/3876/3315 3144/3880/3319 3143/3879/3318
f 3140/3876/3315 3142/3878/3317 3145/3881/3320
f 3140/3876/3315 3145/3881/3320 3144/3880/3319
f 3146/3882/3321 3147/3883/3322 3148/3884/3323
f 3146/3882/3321 3149/3885/3324 3150/3886/3325
f 3146/3882/3321 3148/3884/3323 3151/3887/3326
f 3146/3882/3321 3152/3888/3327 3149/3885/3324
f 3146/3882/3321 3151/3887/3326 3152/3888/3327
f 3146/3882/3321 3150/3886/3325 3147/3883/3322
f 3153/3889/3328 3154/3890/3329 3155/3891/3330
f 3153/3889/3328 3155/3891/3330 3156/3892/3331
f 3157/3893/3332 3158/3894/3333 3159/3895/3334
f 3157/3893/3332 502/594/535 3158/3894/3333
f 3157/3893/3332 3159/3895/3334 3160/3896/3335
f 3157/3893/3332 3161/3897/3336 502/594/535
f 3157/3893/3332 3160/3896/3335 3161/3897/3336
f 235/279/247 3162/3898/3337 3163/3899/3338
f 235/279/247 3164/3900/3339 3162/3898/3337
f 235/279/247 3163/3899/3338 236/280/248
f 235/279/247 2563/282/250 3164/3900/3339
f 2327/3901/2481 3992/3902/3340 3165/3903/3341
f 2327/3901/2481 3166/3904/3342 3992/3902/3340
f 2327/3901/2481 4693/3905/2480 3166/3904/3342
f 246/292/259 1556/1902/1675 249/293/260
f 246/292/259 1558/707/630 1556/1902/1675
f 3167/3906/3343 3168/3907/3344 3169/3908/3345
f 3167/3909/3343 3169/3910/3345 1379/1680/1479
f 3167/3911/3343 1379/3912/1479 1378/3913/1478
f 3170/3914/3346 2258/2759/2413 2261/2762/2416
f 3170/3914/3346 3171/3915/3347 3172/3916/3348
f 3170/3914/3346 3172/3916/3348 3173/3917/3349
f 3170/3914/3346 2261/2762/2416 3171/3915/3347
f 3170/3914/3346 3173/3917/3349 2258/2759/2413
f 3174/3918/3350 2397/2927/2556 2396/2926/2557
f 3174/3918/3350 2396/2926/2557 3175/3919/3351
f 3174/3918/3350 3176/3920/3352 3177/3921/3353
f 3174/3918/3350 3175/3919/3351 3176/3920/3352
f 3181/3922/3354 2575/3147/2737 4789/3923/3355
f 3181/3922/3354 3178/3924/3356 3179/3925/3357
f 3181/3922/3354 1723/3926/1849 3178/3924/3356
f 3181/3922/3354 4789/3923/3355 3180/3927/1850
f 3181/3928/3354 3180/2100/1850 1723/2099/1849
f 3181/3922/3354 3179/3925/3357 2575/3147/2737
f 3182/3929/3358 3183/3930/3359 3095/3820/3268
f 3182/3929/3358 1801/3931/1930 1803/3932/1932
f 3182/3929/3358 3095/3820/3268 1801/3931/1930
f 3182/3929/3358 1803/3932/1932 2276/2777/1090
f 3182/3929/3358 2276/2777/1090 3183/3930/3359
f 641/770/685 640/769/684 3184/3933/3360
f 641/3934/685 622/743/661 2409/2942/686
f 641/3934/685 3184/3935/3360 622/743/661
f 3185/3936/3361 3186/3937/3362 3187/3938/3363
f 3185/3936/3361 3188/3939/3364 646/777/692
f 3185/3936/3361 646/777/692 3186/3937/3362
f 3185/3936/3361 3189/3940/3365 3188/3939/3364
f 3185/3936/3361 3187/3938/3363 3189/3940/3365
f 511/618/545 3190/3941/3366 1311/3942/1406
f 511/618/545 514/615/548 3190/3941/3366
f 2969/3660/3138 2971/3662/3140 3191/3943/3367
f 2969/3660/3138 3191/3943/3367 2970/3661/3139
f 3192/3944/3368 2235/2732/2389 1750/2134/1876
f 3192/3944/3368 4135/3945/3369 2235/2732/2389
f 3192/3946/3368 1323/1602/1418 3193/3947/3370
f 3192/3946/3368 3193/3947/3370 3194/3948/3371
f 3192/3944/3368 1750/2134/1876 1747/2131/1873
f 3192/3946/3368 1747/3949/1873 1323/1602/1418
f 3192/3944/3368 3194/3950/3371 4135/3945/3369
f 3195/3951/3372 294/356/311 1326/1605/1421
f 3195/3951/3372 295/357/312 294/356/311
f 3195/3951/3372 1326/1605/1421 3196/3952/3373
f 1757/2141/1883 908/1093/974 1968/2400/2108
f 3197/3953/3374 2677/3286/2838 3198/3954/3375
f 3197/3953/3374 3198/3954/3375 3199/3955/3376
f 3197/3953/3374 3200/3956/3377 3201/3957/3378
f 3197/3953/3374 3202/3958/3379 3203/3959/3380
f 3197/3953/3374 3203/3959/3380 2678/3287/2839
f 3197/3953/3374 3201/3957/3378 3202/3958/3379
f 3197/3953/3374 2678/3287/2839 2677/3286/2838
f 3197/3953/3374 3199/3955/3376 3200/3956/3377
f 3204/3960/3381 3205/3961/3382 2683/3292/2844
f 3204/3960/3381 3206/3962/3383 3205/3961/3382
f 3204/3960/3381 1769/2153/1895 3206/3962/3383
f 3204/3960/3381 2683/3292/2844 1769/2153/1895
f 3207/3963/3384 2309/2814/2462 3208/3964/3385
f 3207/3963/3384 483/575/516 2309/2814/2462
f 3207/3963/3384 3208/3964/3385 3209/3965/3386
f 2365/2883/2522 3210/3966/3387 2366/2884/2523
f 2365/2883/2522 3211/3967/3388 3210/3966/3387
f 2365/2883/2522 2368/2886/2525 3212/3968/3389
f 2365/2883/2522 3212/3968/3389 3211/3967/3388
f 1916/2339/2053 3213/3969/3390 2848/3503/3012
f 1916/2339/2053 2848/3503/3012 1917/2340/2054
f 1916/2339/2053 3214/3970/3391 3213/3969/3390
f 1916/2339/2053 1919/2342/2056 3214/3970/3391
f 1422/1732/1526 16/23/18 18/25/20
f 1422/1732/1526 18/25/20 3215/3971/3392
f 1422/1732/1526 1425/1735/1529 16/23/18
f 1422/1732/1526 3215/3971/3392 1423/1733/1527
f 3219/3972/3393 3216/3973/3394 3222/3743/3204
f 3219/3972/3393 3217/3974/1599 3218/3975/3395
f 3219/3976/3393 3220/3977/3396 3221/3978/3397
f 3219/3976/3393 3221/3978/3397 1491/1810/1600
f 3219/3972/3393 3218/3975/3395 3216/3973/3394
f 3219/3976/3393 1491/1810/1600 3217/1809/1599
f 3219/3976/3393 3222/3979/3204 3220/3977/3396
f 3223/3980/3398 1643/2009/1767 3224/3981/3399
f 3223/3980/3398 3225/3982/3400 3226/3983/3401
f 3223/3980/3398 3226/3983/3401 1644/2010/1768
f 3223/3980/3398 3224/3981/3399 3227/3984/3402
f 3223/3980/3398 1644/2010/1768 1643/2009/1767
f 3223/3980/3398 3227/3984/3402 3225/3982/3400
f 3228/3985/3403 3229/3986/3404 1099/1336/1185
f 3228/3985/3403 3230/3987/3405 3229/3986/3404
f 3228/3988/3403 1099/2792/1185 3231/3989/3406
f 3228/3988/3403 3231/3989/3406 3232/3990/3407
f 3228/3985/3403 3232/3991/3407 3230/3987/3405
f 2437/2980/2598 3233/3992/2194 3234/3993/3408
f 2437/2980/2598 3794/2979/2597 3233/3992/2194
f 801/971/861 3235/3994/3409 802/972/862
f 801/971/861 3236/3995/1487 2188/2670/2339
f 801/971/861 2188/2670/2339 3235/3994/3409
f 801/971/861 806/976/866 3236/3995/1487
f 3237/3996/3410 3238/3997/3411 3239/3998/3412
f 3237/3996/3410 4660/3999/3413 3238/3997/3411
f 3237/3996/3410 3240/4000/3414 3241/4001/3415
f 3237/3996/3410 3239/3998/3412 3240/4000/3414
f 3237/3996/3410 3242/4002/3416 4660/3999/3413
f 3237/3996/3410 3241/4001/3415 3242/4002/3416
f 3243/4003/3417 816/990/874 815/989/878
f 3243/4003/3417 815/989/878 3244/4004/3418
f 3243/4003/3417 3245/4005/3419 816/990/874
f 3243/4003/3417 3246/4006/3420 3247/4007/3421
f 3243/4003/3417 3244/4004/3418 3246/4006/3420
f 3243/4003/3417 3247/4007/3421 3245/4005/3419
f 3248/4008/3422 3249/4009/3423 2454/2998/2614
f 3248/4008/3422 3250/4010/3424 3251/4011/3425
f 3248/4008/3422 3252/4012/3426 3253/4013/3427
f 3248/4008/3422 3253/4013/3427 3249/4009/3423
f 3248/4008/3422 2454/2998/2614 3250/4010/3424
f 3248/4008/3422 3251/4011/3425 3252/4012/3426
f 1130/1372/1217 3254/4014/3428 1131/1373/1218
f 1130/1372/1217 2458/3002/2618 3255/4015/3429
f 1130/1372/1217 3255/4015/3429 3254/4014/3428
f 2460/3004/2620 3256/4016/3430 3257/4017/3431
f 2460/3004/2620 3257/4017/3431 3258/4018/3432
f 2460/3004/2620 3258/4018/3432 2461/3005/2621
f 2460/3004/2620 2462/3006/2622 3256/4016/3430
f 3259/4019/3433 2164/4020/2315 3260/4021/3434
f 3259/4019/3433 3261/4022/3435 3262/4023/3436
f 3259/4019/3433 3263/4024/3437 2164/4020/2315
f 3259/4019/3433 3262/4023/3436 3263/4024/3437
f 3259/4019/3433 4300/4025/3438 3261/4022/3435
f 3259/4019/3433 3260/4021/3434 4300/4025/3438
f 3264/4026/3439 3265/4027/3440 3266/4028/3441
f 3264/4026/3439 2467/3013/2628 2466/3015/2626
f 3264/4026/3439 2466/3015/2626 3265/4027/3440
f 3264/4026/3439 3266/4028/3441 2467/3013/2628
f 640/769/684 3267/4029/3442 2313/2821/2467
f 640/769/684 1690/3017/1815 3267/4029/3442
f 640/769/684 2313/2821/2467 3184/3933/3360
f 3268/4030/3443 2932/3613/3101 3269/4031/3444
f 3268/4030/3443 3269/4031/3444 1637/2003/1761
f 3268/4030/3443 178/209/187 2932/3613/3101
f 3268/4030/3443 3270/4032/3445 178/209/187
f 3268/4030/3443 1637/2003/1761 3270/4032/3445
f 3271/4033/2341 3272/4034/2344 4781/4035/3446
f 3271/2672/2341 3583/4036/3447 1546/1890/1664
f 3271/2672/2341 1546/1890/1664 2190/2673/2342
f 3271/4033/2341 4781/4035/3446 3583/4037/3447
f 1857/2259/1988 3273/4038/3448 1858/2260/1989
f 1857/2259/1988 3274/4039/3449 3275/4040/3450
f 1857/2259/1988 3275/4040/3450 3273/4038/3448
f 1857/2259/1988 2670/3277/2832 3274/4039/3449
f 1864/2267/1995 3277/4041/3451 1865/2268/1996
f 1864/4042/1995 3276/4043/3452 3277/4044/3451
f 1864/4042/1995 3278/4045/1998 3033/3747/3207
f 1864/4042/1995 3033/3747/3207 3279/4046/3453
f 1864/4042/1995 3279/4046/3453 3276/4043/3452
f 988/1192/1060 3280/4047/3454 989/1193/1061
f 988/1192/1060 991/1195/1063 3281/4048/3455
f 988/1192/1060 2021/2458/2163 3280/4047/3454
f 988/1192/1060 3281/4048/3455 2021/2458/2163
f 3282/4049/3456 3283/4050/3457 4344/4051/3458
f 3282/4049/3456 4344/4051/3458 3284/4052/2167
f 3282/4049/3456 252/4053/266 3285/4054/269
f 3282/4049/3456 3284/4052/2167 252/4053/266
f 3282/4049/3456 3285/4054/269 3283/4050/3457
f 1000/1205/1073 4646/4055/3459 1001/1206/1074
f 1000/1205/1073 1194/1451/1282 4646/4055/3459
f 3286/4056/3460 3287/4057/3461 1216/1478/1306
f 3286/4056/3460 1216/1478/1306 3288/4058/3462
f 3286/4056/3460 3288/4058/3462 2266/2767/2421
f 3286/4056/3460 2266/2767/2421 3289/4059/3463
f 3286/4056/3460 3290/4060/3464 3287/4057/3461
f 3286/4056/3460 3289/4059/3463 3290/4060/3464
f 1454/1769/1560 3291/4061/3465 1455/1770/1561
f 1454/1769/1560 2791/3421/2953 3291/4061/3465
f 1459/4062/1565 3292/4063/3466 3293/4064/3467
f 1459/1774/1565 149/171/157 4184/4065/3468
f 1459/1774/1565 150/172/158 149/171/157
f 1459/1774/1565 3293/4066/3467 1435/1747/1541
f 1459/1774/1565 4184/4065/3468 3292/4067/3466
f 3295/4068/3469 2125/2590/2275 3294/4069/3470
f 3295/4068/3469 3296/4070/3471 2125/2590/2275
f 3295/4071/3469 4455/4072/3472 3296/4073/3471
f 3297/4074/3473 3298/4075/3474 3299/4076/3475
f 3297/4074/3473 3299/4076/3475 3300/4077/3476
f 3297/4074/3473 3300/4077/3476 3301/4078/3477
f 3297/4074/3473 3301/4078/3477 3298/4075/3474
f 3302/4079/3478 3303/4080/3479 3304/4081/3480
f 3302/4079/3478 3305/4082/3481 3303/4080/3479
f 3302/4079/3478 3306/4083/3482 3307/4084/3483
f 3302/4079/3478 3304/4081/3480 2204/2693/2359
f 3302/4079/3478 2204/2693/2359 3306/4083/3482
f 3302/4079/3478 3307/4084/3483 3305/4082/3481
f 3308/4085/3484 3309/4086/3485 2557/3121/2715
f 3308/4085/3484 4571/4087/3486 3309/4086/3485
f 3308/4085/3484 2557/3121/2715 2553/3120/2714
f 3310/4088/3487 1476/1792/1582 3311/4089/2236
f 3310/4090/3487 2211/2704/2368 896/1081/962
f 3310/4090/3487 895/1080/961 3312/4091/1583
f 3310/4088/3487 3312/1793/1583 1476/1792/1582
f 3310/4092/3487 3311/4093/2236 2211/4094/2368
f 3310/4090/3487 896/1081/962 895/1080/961
f 826/1001/888 830/1005/892 3313/4095/3488
f 826/1001/888 3314/4096/3489 827/1002/889
f 826/1001/888 3313/4095/3488 3314/4096/3489
f 3315/4097/3490 1403/1709/1507 3316/4098/3491
f 3315/4097/3490 3316/4098/3491 3317/4099/3492
f 3315/4097/3490 1404/1710/1508 1403/1709/1507
f 1105/1343/1192 1104/1341/1190 3318/4100/3493
f 1105/1343/1192 3318/4100/3493 1984/2418/2125
f 2183/2665/2334 2188/2670/2339 3236/3995/1487
f 865/1049/930 2536/3097/2697 3319/4101/3494
f 865/1049/930 868/1052/933 2536/3097/2697
f 865/1049/930 3319/4101/3494 866/1050/931
f 1569/1918/1689 3320/4102/3495 1570/1919/1690
f 2556/3118/2712 3323/4103/3496 3321/4104/3497
f 2556/3125/2712 2555/3124/2717 3322/4105/3498
f 2556/3118/2712 3321/4104/3497 2552/3119/2713
f 2556/3125/2712 3322/4105/3498 3323/4106/3496
f 2743/4107/2903 3324/4108/3499 2744/4109/2904
f 2743/4107/2903 3325/4110/1992 3326/4111/3500
f 2743/4107/2903 3326/4111/3500 3324/4108/3499
f 3327/4112/3501 3328/4113/3502 3329/4114/3503
f 3327/4112/3501 3330/4115/3504 3331/4116/3505
f 3327/4112/3501 3329/4114/3503 3330/4115/3504
f 3327/4112/3501 3331/4116/3505 3332/4117/3506
f 3327/4112/3501 3332/4117/3506 3328/4113/3502
f 3333/4118/3507 3334/4119/3508 2693/3302/2854
f 3333/4118/3507 3335/4120/3509 3336/4121/3510
f 3333/4118/3507 2693/3302/2854 2692/3301/2853
f 3333/4118/3507 3337/4122/3511 3335/4120/3509
f 3333/4118/3507 2692/3301/2853 3337/4122/3511
f 3333/4118/3507 3336/4121/3510 3334/4119/3508
f 3338/4123/3512 3339/4124/3513 3340/4125/3514
f 3338/4126/3512 697/836/746 695/838/745
f 3338/4123/3512 695/834/745 2834/3485/2997
f 3338/4123/3512 3340/4125/3514 4841/4127/3515
f 3338/4126/3512 3341/4128/3516 697/836/746
f 3338/4123/3512 2834/3485/2997 3339/4124/3513
f 3338/4126/3512 4841/4129/3515 3341/4128/3516
f 472/564/505 3342/4130/3517 3343/4131/3518
f 472/564/505 1815/2208/1946 3342/4130/3517
f 472/564/505 3343/4131/3518 473/565/506
f 472/564/505 474/566/507 1815/2208/1946
f 1356/1650/1455 1355/1649/1456 3344/4132/3519
f 2852/3507/3016 2854/3509/3018 3345/4133/3520
f 2852/3507/3016 2769/3395/2933 2853/3508/3017
f 2852/3507/3016 3345/4133/3520 2771/3397/2935
f 2852/3507/3016 2771/3397/2935 2769/3395/2933
f 3346/4134/3521 2773/3399/2937 3349/4135/3522
f 3346/4136/3521 3347/4137/3523 3350/4138/3524
f 3346/4134/3521 2323/2832/2476 2774/3400/2938
f 3346/4134/3521 2774/3400/2938 2773/3399/2937
f 3346/4134/3521 3348/4139/3525 2323/2832/2476
f 3346/4136/3521 3349/4140/3522 3347/4137/3523
f 3346/4134/3521 3350/4141/3524 3348/4139/3525
f 2346/2860/2504 3351/4142/3526 2347/2861/2505
f 2346/2860/2504 3352/4143/3527 3351/4142/3526
f 2346/2860/2504 3353/4144/3528 3352/4143/3527
f 2346/2860/2504 2349/2863/2507 3353/4144/3528
f 1440/1753/1544 3354/4145/3529 1720/2096/1846
f 1440/1753/1544 1443/1756/1547 3354/4145/3529
f 1440/1753/1544 1720/2096/1846 1719/2095/1845
f 1440/1753/1544 1719/2095/1845 1441/1754/1545
f 2895/3566/3060 2903/3574/3068 2999/3693/3169
f 886/1071/952 1505/1828/1618 3355/4146/3530
f 886/1071/952 3355/4146/3530 887/1072/953
f 3356/4147/3531 3360/56/48 1507/1836/1620
f 3356/4148/3531 3357/4149/3532 3358/4150/3533
f 3356/4148/3531 3359/4151/3534 3360/4152/48
f 3356/4148/3531 3358/4150/3533 3359/4151/3534
f 3356/4148/3531 3361/4153/3535 3357/4149/3532
f 3356/4148/3531 1507/4154/1620 3361/4153/3535
f 1791/2181/1920 3120/3851/3294 1300/1578/1394
f 1791/2181/1920 1793/2183/1922 3121/3852/3295
f 1791/2181/1920 3121/3852/3295 3120/3851/3294
f 1791/2181/1920 1300/1578/1394 1792/2182/1921
f 3362/4155/3536 3363/4156/3537 3364/4157/3538
f 3362/4155/3536 3364/4157/3538 3365/4158/3539
f 3362/4155/3536 3365/4158/3539 3366/4159/3540
f 3362/4155/3536 3366/4159/3540 145/167/153
f 2874/3533/3037 3367/4160/3541 62/77/68
f 2874/3533/3037 2876/3536/3039 2794/3424/2956
f 2874/3533/3037 2794/3424/2956 3368/4161/3542
f 2874/3533/3037 3368/4161/3542 3367/4160/3541
f 3369/4162/3543 3370/4163/3544 3371/4164/3545
f 3369/4162/3543 3372/4165/3546 3373/4166/3547
f 3369/4162/3543 3371/4164/3545 3372/4165/3546
f 3374/4167/3548 3375/4168/3549 2413/2947/2572
f 3374/4167/3548 3376/4169/3550 3377/4170/3551
f 3374/4167/3548 2413/2947/2572 3376/4169/3550
f 3374/4167/3548 3377/4170/3551 3378/4171/3552
f 1659/2025/1783 409/485/434 408/484/433
f 3379/4172/3553 3380/4173/3554 2458/3002/2618
f 3379/4172/3553 3381/4174/3555 3380/4173/3554
f 3379/4172/3553 2458/3002/2618 2457/3001/2617
f 3382/4175/3556 2764/3389/2927 2765/3390/2928
f 3382/4175/3556 264/317/279 3383/4176/3557
f 3382/4175/3556 2765/3390/2928 264/317/279
f 3382/4175/3556 3383/4176/3557 3384/4177/3558
f 3382/4175/3556 3384/4177/3558 2764/3389/2927
f 3385/4178/3559 1669/2035/1793 4483/2037/1795
f 3385/4178/3559 3386/4179/3560 1669/2035/1793
f 3385/4178/3559 3688/4180/3561 3386/4179/3560
f 3385/4178/3559 4483/2037/1795 3689/4181/3562
f 3385/4178/3559 3689/4181/3562 3688/4180/3561
f 1673/2040/1798 3387/4182/3563 1674/2041/1799
f 2893/3561/3057 3388/4183/3564 3389/4184/3565
f 2893/3561/3057 3390/4185/2739 1023/3562/1098
f 2893/3561/3057 3389/4184/3565 3390/4185/2739
f 2893/3561/3057 2894/3564/3059 3388/4183/3564
f 2897/3568/3062 3391/4186/3566 3392/4187/3567
f 2897/3568/3062 3392/4187/3567 2107/2571/2257
f 2897/3568/3062 737/888/789 3391/4186/3566
f 608/726/647 3393/4188/3568 3394/4189/3569
f 608/726/647 3395/4190/3570 3393/4188/3568
f 608/726/647 611/729/650 3046/3760/3220
f 608/726/647 3046/3760/3220 3395/4190/3570
f 608/726/647 3394/4189/3569 609/727/648
f 3396/4191/3571 3397/4192/3572 1743/2121/1866
f 3396/4193/3571 1682/2053/1807 4024/4194/299
f 3396/4191/3571 3398/4195/2320 3397/4192/3572
f 3396/4193/3571 1743/2125/1866 1682/2053/1807
f 3396/4193/3571 2170/2647/2321 3398/2646/2320
f 3396/4193/3571 4024/4194/299 2170/2647/2321
f 2113/2577/2263 1550/1894/1668 2114/2578/2264
f 2113/2577/2263 220/264/232 1550/1894/1668
f 1412/1719/1516 3399/4196/3573 1413/1720/1517
f 1851/2251/493 3400/4197/3574 1852/2252/1983
f 1851/4198/493 1853/4199/1984 3401/4200/494
f 1851/2251/493 4779/4201/495 3400/4197/3574
f 3402/4202/3575 3403/4203/3576 2843/3498/3007
f 3402/4202/3575 705/853/756 708/856/759
f 3402/4202/3575 2843/3498/3007 2842/3497/3006
f 3402/4202/3575 3404/4204/3577 3403/4203/3576
f 3402/4202/3575 708/856/759 3404/4204/3577
f 3402/4202/3575 2842/3497/3006 705/853/756
f 3405/4205/3578 3406/4206/3579 1527/1865/1645
f 3405/4205/3578 3408/4207/3580 3406/4206/3579
f 3405/4208/3578 3407/4209/3581 3408/4210/3580
f 3405/4208/3578 3285/305/269 3407/4209/3581
f 3405/4205/3578 3943/4211/3582 3285/4212/269
f 3405/4205/3578 1527/1865/1645 3943/4211/3582
f 3409/4213/3583 852/1032/916 855/1035/919
f 3409/4213/3583 1002/1207/1075 3410/4214/3584
f 3409/4213/3583 855/1035/919 1002/1207/1075
f 2706/3318/2866 4808/1957/1720 1600/1959/1722
f 2706/3318/2866 3411/4215/3585 4808/1957/1720
f 2706/3318/2866 1600/1959/1722 2378/2899/2535
f 3412/4216/3586 3249/4009/3423 3253/4013/3427
f 3412/4216/3586 3413/4217/3587 3414/4218/3588
f 3412/4216/3586 3253/4013/3427 3413/4217/3587
f 780/944/838 3415/4219/3589 781/945/839
f 780/944/838 2891/4220/3055 3416/4221/3590
f 780/944/838 3416/4221/3590 3415/4219/3589
f 2944/3625/3113 2946/3627/3115 3417/4222/3591
f 2944/3625/3113 3418/4223/3592 3419/4224/3593
f 2944/3625/3113 3417/4222/3591 3418/4223/3592
f 2944/3625/3113 3419/4224/3593 2945/3626/3114
f 582/697/620 3420/4225/3594 583/698/621
f 582/697/620 2951/3634/3119 3420/4225/3594
f 3339/4124/3513 3884/4226/3595 3887/4227/3596
f 3339/4124/3513 3570/4228/3597 3340/4125/3514
f 3339/4124/3513 3887/4227/3596 3570/4228/3597
f 3339/4124/3513 2834/3485/2997 3884/4226/3595
f 3421/4229/3598 2835/3487/2999 3422/4230/3599
f 3421/4229/3598 1028/1242/1107 2835/3487/2999
f 3421/4229/3598 3422/4230/3599 3423/4231/3600
f 3421/4229/3598 3423/4231/3600 212/255/223
f 3421/4229/3598 212/255/223 1028/1242/1107
f 3424/4232/3601 3425/4233/3602 3426/4234/3603
f 3424/4232/3601 2590/3164/2753 3425/4233/3602
f 3424/4232/3601 288/350/305 2591/3165/2754
f 3424/4232/3601 2591/3165/2754 2590/3164/2753
f 3424/4232/3601 3426/4234/3603 289/351/306
f 3424/4232/3601 289/351/306 288/350/305
f 3427/4235/3604 3428/4236/3605 3429/4237/3606
f 3427/4235/3604 3429/4237/3606 3430/4238/3607
f 3427/4235/3604 3431/4239/3608 3428/4236/3605
f 3427/4235/3604 3430/4238/3607 3432/4240/3609
f 3427/4235/3604 3433/4241/3610 3431/4239/3608
f 3427/4235/3604 3432/4240/3609 3433/4241/3610
f 3434/4242/3611 3435/4243/3612 3436/4244/3613
f 3434/4242/3611 646/777/692 1332/1611/1427
f 3434/4242/3611 1332/1611/1427 1333/1612/1428
f 3434/4242/3611 3436/4244/3613 646/777/692
f 3434/4242/3611 1333/1612/1428 3435/4243/3612
f 2677/3286/2838 1335/1614/1430 1337/1616/1432
f 2677/3286/2838 1337/1616/1432 3198/3954/3375
f 3437/4245/3614 3438/4246/3615 1473/1789/1579
f 3437/4245/3614 2715/3329/2874 2714/3330/2873
f 3437/4245/3614 1473/1789/1579 2715/3329/2874
f 2685/3294/2846 397/472/421 396/471/420
f 2685/3294/2846 2687/3296/2848 397/472/421
f 1542/1874/1654 3439/4247/3616 1539/1875/1655
f 1542/1874/1654 3440/4248/3617 3439/4247/3616
f 1542/1874/1654 3441/4249/3618 3442/4250/3619
f 1542/1874/1654 1537/4251/1657 3443/4252/3620
f 1542/1874/1654 3443/4252/3620 3441/4249/3618
f 1542/1874/1654 3442/4250/3619 3440/4248/3617
f 3444/4253/3621 3445/4254/3622 3446/4255/3623
f 3444/4256/3621 329/397/349 3447/4257/3624
f 3444/4256/3621 1595/1953/1716 329/397/349
f 3444/4253/3621 3446/4255/3623 3448/3250/2808
f 3444/4256/3621 3448/4258/2808 1595/1953/1716
f 54/67/59 333/401/353 3449/4259/3625
f 54/67/59 3450/4260/3626 55/68/60
f 54/67/59 3449/4259/3625 3450/4260/3626
f 775/937/833 3451/4261/3627 3452/4262/3628
f 775/937/833 3452/4262/3628 776/938/834
f 775/937/833 2002/2439/2144 3451/4261/3627
f 775/937/833 2003/2440/2145 2002/2439/2144
f 1726/2103/1853 2889/3557/3053 3453/4263/3629
f 1726/2103/1853 3453/4263/3629 1240/1508/1327
f 1726/2103/1853 2890/3558/3054 2889/3557/3053
f 1726/2103/1853 1728/2105/1855 2890/3558/3054
f 3454/4264/3630 785/950/843 2155/2625/2306
f 3454/4264/3630 2217/2709/2372 3455/4265/3631
f 3454/4264/3630 3455/4265/3631 785/950/843
f 3454/4264/3630 2155/2625/2306 2217/2709/2372
f 3456/4266/3632 4556/3374/2912 357/426/378
f 3456/4266/3632 3457/4267/3633 3458/4268/3634
f 3456/4266/3632 3458/4268/3634 4556/3374/2912
f 3456/4266/3632 357/426/378 356/425/377
f 3456/4266/3632 356/425/377 3459/4269/3635
f 3456/4266/3632 3459/4269/3635 3457/4267/3633
f 2621/3207/2785 445/521/470 3460/4270/3636
f 2621/4271/2785 2909/3582/3075 3461/3583/3076
f 2621/3207/2785 3460/4270/3636 2909/4272/3075
f 2621/3205/2785 3461/4273/3076 2622/3206/2786
f 3462/4274/3637 2109/2573/2259 3463/4275/3638
f 3462/4274/3637 2623/3208/2787 2110/2574/2260
f 3462/4274/3637 3463/4275/3638 3464/4276/3639
f 3462/4274/3637 3464/4276/3639 3465/4277/3640
f 3462/4274/3637 2110/2574/2260 2109/2573/2259
f 3462/4274/3637 3465/4277/3640 2623/3208/2787
f 3466/4278/3641 3467/4279/1486 3241/4001/3415
f 3466/4278/3641 808/978/868 810/980/870
f 3466/4278/3641 3468/4280/3642 808/978/868
f 3466/4278/3641 810/980/870 1383/4281/1487
f 3466/4278/3641 1383/4281/1487 3467/4279/1486
f 3466/4278/3641 3241/4001/3415 3468/4280/3642
f 2712/3326/2872 2715/3329/2874 1473/1789/1579
f 2712/3326/2872 1472/1788/1578 3023/3210/2788
f 2712/3326/2872 1473/1789/1579 1472/1788/1578
f 3469/4282/2112 492/584/525 498/590/531
f 3469/4282/2112 1975/4283/2116 3470/4284/3643
f 3469/4282/2112 3470/4284/3643 492/584/525
f 382/457/406 1640/2006/1764 2918/3593/3086
f 382/457/406 1641/2007/1765 1640/2006/1764
f 382/457/406 2678/3287/2839 1641/2007/1765
f 382/457/406 2918/3593/3086 383/458/407
f 3471/1621/1437 3472/4285/3644 1341/1622/1438
f 3471/4286/1437 2306/1428/1264 1175/1426/1262
f 3471/4286/1437 1175/1426/1262 3472/4287/3644
f 839/1015/902 841/1017/904 3473/4288/3645
f 839/1015/902 3473/4288/3645 3474/4289/3646
f 839/1015/902 3474/4289/3646 3475/4290/3647
f 839/1015/902 3475/4290/3647 3476/4291/3648
f 839/1015/902 3476/4291/3648 840/1016/903
f 3477/4292/3649 3478/4293/3228 3479/4294/3650
f 3477/4292/3649 3479/4294/3650 3480/4295/3651
f 3477/4292/3649 3481/4296/2806 3478/4293/3228
f 3477/4292/3649 3480/4295/3651 3482/4297/3652
f 3477/4292/3649 3483/4298/2807 3481/4296/2806
f 3477/4292/3649 3482/4297/3652 3483/4298/2807
f 3484/4299/3653 3488/4300/3654 3485/4301/3655
f 3484/4299/3653 3486/4302/3656 3490/4303/3657
f 3484/4304/3653 3487/4305/3658 3488/4306/3654
f 3484/4299/3653 3489/4307/3659 3486/4302/3656
f 3484/4299/3653 3485/4301/3655 3489/4307/3659
f 3484/4304/3653 3490/4308/3657 3487/4305/3658
f 3008/3706/3179 2317/2826/2472 2316/2825/2471
f 183/4309/192 622/743/661 625/748/666
f 183/216/192 184/221/194 861/1047/926
f 183/4309/192 861/1042/926 622/743/661
f 3491/4310/3660 2477/4311/2637 2276/1225/1090
f 3491/4310/3660 3492/4312/3661 3493/4313/3662
f 3491/4310/3660 2478/4314/2638 2477/4311/2637
f 3491/4310/3660 2276/1225/1090 3492/4312/3661
f 3491/4310/3660 3493/4313/3662 2478/4314/2638
f 3494/4315/3663 3495/4316/3664 195/237/205
f 3494/4315/3663 194/236/204 3496/4317/3665
f 3494/4315/3663 195/237/205 194/236/204
f 3494/4315/3663 3496/4317/3665 3495/4316/3664
f 3499/4318/3666 3497/4319/3667 3498/4320/3668
f 3499/4321/3666 3500/4322/3669 2665/3272/2828
f 3499/4321/3666 2665/3272/2828 3501/4323/3670
f 3499/4321/3666 3501/4323/3670 3497/4324/3667
f 3499/4318/3666 3498/4320/3668 3500/4325/3669
f 3502/4326/3671 217/4327/229 3503/4328/3672
f 3502/4326/3671 3504/4329/2465 3267/4330/3442
f 3502/4326/3671 3503/4328/3672 3504/4329/2465
f 3502/4326/3671 3267/4330/3442 3505/4331/3673
f 3502/4326/3671 3505/4331/3673 3506/4332/3674
f 3502/4333/3671 3506/4334/3674 217/261/229
f 1888/2298/2020 2550/3116/2709 4914/1540/1359
f 1888/2298/2020 4040/2302/2024 2550/3116/2709
f 2807/3443/2971 1272/1546/1365 3073/3794/3248
f 2807/3443/2971 3074/3795/3249 2808/3444/2972
f 2807/3443/2971 2809/3445/2973 1272/1546/1365
f 3507/4335/3675 3508/4336/3676 434/510/459
f 3507/4335/3675 434/510/459 1825/2220/1957
f 3507/4335/3675 468/560/501 3508/4336/3676
f 3507/4335/3675 3509/4337/3677 468/560/501
f 3507/4335/3675 1825/2220/1957 3509/4337/3677
f 3510/4338/3678 1052/1276/1131 3511/4339/3679
f 3510/4338/3678 3512/4340/3680 1052/1276/1131
f 3510/4338/3678 3511/4339/3679 3513/4341/3681
f 3514/4342/1143 3929/4343/1638 3515/4344/3682
f 3514/4342/1143 4298/4345/1145 3516/4346/3683
f 3514/4342/1143 3516/4346/3683 3929/4343/1638
f 3514/4342/1143 3515/4344/3682 3517/4347/1144
f 3518/4348/3684 3519/4349/3685 3520/4350/3686
f 3518/4348/3684 3123/3854/3297 3521/4351/3687
f 3518/4348/3684 3520/4350/3686 3124/3855/3298
f 3518/4348/3684 3124/3855/3298 3123/3854/3297
f 3518/4348/3684 3521/4351/3687 3519/4349/3685
f 3524/4352/3688 3522/4353/3689 3523/4354/3690
f 3524/4355/3688 3527/3611/3097 3525/4356/3691
f 3524/4352/3688 3526/4357/3692 3522/4353/3689
f 3524/4355/3688 3525/4356/3691 2738/3360/2898
f 3524/4352/3688 2738/4358/2898 3526/4357/3692
f 3524/4352/3688 3523/4354/3690 3527/4359/3097
f 3528/4360/3693 3529/4361/3694 3530/4362/3695
f 3528/4360/3693 3530/4362/3695 2921/3596/3089
f 3531/4363/3696 2804/3440/2968 2805/3441/2969
f 3531/4363/3696 3532/4364/3697 3189/3940/3365
f 3531/4363/3696 3189/3940/3365 3533/4365/3698
f 3531/4363/3696 2805/3441/2969 3532/4364/3697
f 3531/4363/3696 3533/4365/3698 3534/4366/3699
f 3531/4363/3696 3534/4366/3699 2804/3440/2968
f 3535/4367/2977 513/614/547 516/619/550
f 3535/3449/2977 656/787/702 3536/4368/3700
f 3535/4367/2977 3536/4369/3700 3537/4370/3701
f 3535/4367/2977 3537/4370/3701 513/614/547
f 3535/3449/2977 2813/3451/2979 656/787/702
f 3137/3873/3312 4133/4371/3702 3138/3874/3313
f 3137/3873/3312 661/792/707 3538/4372/3703
f 3137/3873/3312 3538/4372/3703 4133/4371/3702
f 3137/3873/3312 662/793/708 661/792/707
f 1607/1968/1729 1609/1970/1731 3539/4373/3704
f 1607/1968/1729 3540/4374/3705 1608/1969/1730
f 1607/1968/1729 3539/4373/3704 3540/4374/3705
f 1880/2288/2013 525/631/562 1881/2289/2014
f 1880/2288/2013 1115/1353/1202 526/632/563
f 1880/2288/2013 1885/2294/2017 1115/1353/1202
f 1880/2288/2013 526/632/563 525/631/562
f 3541/4375/3706 2195/2682/2350 3542/4376/3707
f 3541/4375/3706 2503/3058/2664 2195/2682/2350
f 3543/4377/3708 679/814/727 3544/4378/3709
f 3543/4377/3708 940/1128/1007 680/815/728
f 3543/4377/3708 3545/4379/3710 940/1128/1007
f 3543/4377/3708 3544/4378/3709 3545/4379/3710
f 3543/4377/3708 680/815/728 679/814/727
f 3546/4380/3711 3824/4381/3712 3547/4382/3713
f 3546/4380/3711 3548/4383/3714 3549/4384/736
f 3546/4380/3711 3550/4385/3715 3548/4383/3714
f 3546/4380/3711 3549/4384/736 3551/4386/3716
f 3546/4380/3711 3547/4382/3713 3550/4385/3715
f 3546/4380/3711 3551/4386/3716 3824/4381/3712
f 1349/1640/1448 3552/4387/3717 3553/4388/3718
f 1349/1640/1448 3554/4389/3719 3552/4387/3717
f 1349/1640/1448 3553/4388/3718 1350/1641/1449
f 1349/1640/1448 1351/1643/1451 3554/4389/3719
f 1355/1649/1456 3384/4177/3558 3344/4132/3519
f 1355/1649/1456 1358/1652/1458 3384/4177/3558
f 1359/1655/1460 4011/674/600 503/595/536
f 1359/1655/1460 503/595/536 501/593/534
f 1359/1655/1460 1361/1661/1462 4011/674/600
f 3216/3973/3394 2937/3618/3106 2941/3622/3110
f 3216/3973/3394 3028/3740/3203 3222/3743/3204
f 3216/3973/3394 3218/3975/3395 2937/3618/3106
f 3216/3973/3394 2941/3622/3110 3028/3740/3203
f 3555/4390/3720 3556/4391/3721 3557/4392/3722
f 3555/4390/3720 3557/4392/3722 3558/4393/3723
f 3555/4390/3720 3558/4393/3723 3559/4394/3724
f 3555/4395/3720 102/120/108 3556/4396/3721
f 3555/4395/3720 3559/4397/3724 103/121/109
f 3555/4395/3720 103/121/109 102/120/108
f 3560/4398/3725 3561/4399/3726 3564/4400/3727
f 3560/4401/3725 3562/4402/3728 3563/4403/3729
f 3560/4401/3725 3564/4404/3727 3565/4405/3730
f 3560/4398/3725 3232/3990/3407 3561/4399/3726
f 3560/4401/3725 3565/4405/3730 3562/4402/3728
f 3560/4398/3725 3563/4406/3729 3232/3990/3407
f 31/39/34 1556/1902/1675 32/40/35
f 31/39/34 249/293/260 1556/1902/1675
f 31/39/34 3566/4407/1709 249/293/260
f 31/39/34 34/42/37 3566/4407/1709
f 1526/1864/1644 1528/1866/1646 3942/4408/3731
f 1526/1864/1644 3942/4408/3731 1527/1865/1645
f 1450/1764/1555 3567/4409/3732 1451/1765/1556
f 857/1037/921 1196/1453/1284 858/1038/922
f 3568/4410/3733 3569/4411/3734 3570/4412/3597
f 3568/4410/3733 3570/4412/3597 3887/4413/3596
f 3568/4414/3733 3572/4415/3735 4216/3348/2890
f 3568/4416/3733 3571/4417/3736 3572/4418/3735
f 3568/4416/3733 3887/4419/3596 3571/4417/3736
f 3568/4414/3733 4216/3348/2890 3569/4420/3734
f 210/253/221 3573/4421/3737 1434/1746/1540
f 210/253/221 1434/1746/1540 211/254/222
f 210/253/221 3574/4422/3738 3573/4421/3737
f 210/253/221 214/257/225 3574/4422/3738
f 427/503/452 430/506/455 3575/4423/3739
f 2517/3073/2678 916/1103/982 1212/1474/1302
f 2517/3076/2678 2518/3075/2680 3576/4424/2348
f 2517/3073/2678 630/757/675 917/1104/983
f 2517/3073/2678 917/1104/983 916/1103/982
f 3577/4425/3740 3620/4426/3741 3578/4427/3742
f 3577/4425/3740 3578/4427/3742 3579/4428/3743
f 3577/4425/3740 3526/4357/3692 3621/4429/3744
f 3577/4425/3740 3579/4428/3743 3526/4357/3692
f 3577/4425/3740 3621/4429/3744 3620/4426/3741
f 1305/4430/1399 2026/2464/2169 2030/2468/2173
f 1305/4430/1399 3580/4431/3745 2026/2464/2169
f 1305/4430/1399 2030/2468/2173 1306/4432/1400
f 1305/1583/1399 1309/1588/1404 3580/4433/3745
f 3581/4434/3746 2330/2842/2486 1872/2276/2004
f 3581/4434/3746 3582/4435/3747 13/21/15
f 3581/4434/3746 13/21/15 14/19/16
f 3581/4434/3746 440/516/465 2330/2842/2486
f 3581/4434/3746 14/19/16 440/516/465
f 3581/4434/3746 1872/2276/2004 3582/4435/3747
f 1544/4436/1662 977/1181/1049 1545/1180/1048
f 1544/4436/1662 3583/4437/3447 3584/4438/3748
f 1544/1887/1662 1546/1890/1664 3583/4036/3447
f 1544/4436/1662 3584/4438/3748 977/1181/1049
f 3403/4203/3576 3404/4204/3577 3585/4439/3749
f 3403/4203/3576 2844/3499/3008 2843/3498/3007
f 3586/4440/3750 3587/4441/3751 3588/4442/3752
f 3586/4440/3750 398/473/422 400/475/424
f 3586/4440/3750 400/475/424 3587/4441/3751
f 3586/4440/3750 3589/4443/3753 398/473/422
f 1252/1520/1339 3590/4444/3754 2493/3042/2653
f 1252/1520/1339 2493/3042/2653 2492/3041/2652
f 1252/1520/1339 1256/1524/1343 3590/4444/3754
f 1252/1520/1339 2492/3041/2652 1253/1521/1340
f 3593/4445/1616 3591/4446/3755 3592/4447/1617
f 3593/1826/1616 1506/1829/1619 1879/2286/2009
f 3593/4448/1616 3594/4449/3756 3591/4450/3755
f 3593/4448/1616 1879/2281/2009 3594/4449/3756
f 3595/4451/3757 3596/4452/3758 1566/1915/1686
f 3595/4451/3757 3597/4453/3759 3596/4452/3758
f 3595/4451/3757 3598/4454/365 3597/4453/3759
f 3595/4451/3757 3599/4455/3760 3598/4454/365
f 3595/4451/3757 1566/1915/1686 3599/4455/3760
f 3600/4456/3761 1218/1480/1308 2823/3461/2989
f 3600/4456/3761 2268/2769/2423 1219/1481/1309
f 3600/4456/3761 1219/1481/1309 1218/1480/1308
f 3601/4457/3762 679/814/727 684/819/732
f 3601/4457/3762 3602/4458/3763 1514/1842/1627
f 3601/4457/3762 3603/4459/3764 3602/4458/3763
f 3601/4457/3762 684/819/732 3603/4459/3764
f 3601/4457/3762 1514/1842/1627 3604/4460/3765
f 3601/4457/3762 3604/4460/3765 679/814/727
f 3605/4461/3766 3606/4462/1487 3549/823/736
f 3605/4461/3766 3549/823/736 3607/4463/3767
f 3605/4461/3766 3608/4464/3768 3606/4462/1487
f 3605/4461/3766 3607/4463/3767 3608/4464/3768
f 3609/4465/3769 3610/4466/3770 3611/4467/3771
f 3609/4465/3769 3611/4467/3771 3612/4468/3772
f 3609/4465/3769 3612/4468/3772 3613/4469/3773
f 3609/4465/3769 155/177/163 3610/4466/3770
f 3609/4465/3769 3613/4469/3773 155/177/163
f 3614/4470/3774 3930/4471/3775 3932/4472/819
f 3614/4470/3774 282/4473/300 3930/4471/3775
f 3552/4387/3717 2841/3496/3005 2845/3500/3009
f 3552/4387/3717 3615/4474/3776 3553/4388/3718
f 3552/4387/3717 3554/4389/3719 2841/3496/3005
f 3552/4387/3717 2845/3500/3009 3616/4475/3777
f 3552/4387/3717 3616/4475/3777 3615/4474/3776
f 3617/4476/3778 3618/4477/3779 3619/4478/3780
f 3617/4476/3778 3620/4479/3741 3621/4480/3744
f 3617/4476/3778 3619/4478/3780 3620/4479/3741
f 3617/4476/3778 3737/4481/3781 3622/4482/3782
f 3617/4476/3778 3623/4483/3783 3737/4481/3781
f 3617/4476/3778 3622/4482/3782 3618/4477/3779
f 3617/4476/3778 3621/4480/3744 3623/4483/3783
f 3624/4484/3784 3625/4485/3785 3626/4486/3786
f 3624/4484/3784 3627/4487/3787 2655/3259/2817
f 3624/4484/3784 3626/4486/3786 3628/4488/3788
f 3624/4484/3784 3628/4488/3788 3627/4487/3787
f 3624/4484/3784 2655/3259/2817 2654/3258/2816
f 3624/4484/3784 2654/3258/2816 3629/4489/3789
f 3624/4484/3784 3629/4489/3789 3625/4485/3785
f 28/35/30 3630/4490/3790 3631/4491/3791
f 28/35/30 3632/4492/3792 29/36/31
f 28/35/30 30/37/32 3633/4493/3793
f 28/35/30 3633/4493/3793 3630/4490/3790
f 28/35/30 3631/4491/3791 3632/4492/3792
f 2866/3523/3028 3634/4494/3794 41/53/45
f 2866/3523/3028 1938/2364/2077 3634/4494/3794
f 1940/2366/2079 3635/4495/3795 748/902/802
f 1940/2366/2079 2869/3528/3032 3635/4495/3795
f 2648/3252/2810 2651/3255/2813 3636/4496/3796
f 3637/4497/3797 1947/2373/2086 1330/1609/1425
f 3637/4497/3797 3638/4498/3798 1947/2373/2086
f 3637/4497/3797 1330/1609/1425 612/730/651
f 3637/4497/3797 3639/4499/3799 3640/4500/3800
f 3637/4497/3797 612/730/651 3639/4499/3799
f 3637/4497/3797 3640/4500/3800 3638/4498/3798
f 3048/3764/3221 3047/3763/3222 3641/4501/3801
f 3048/3761/3221 62/77/68 3367/4160/3541
f 3048/3761/3221 3367/4160/3541 2404/2936/2564
f 3048/3764/3221 3641/4501/3801 63/79/69
f 3048/3764/3221 63/79/69 62/78/68
f 71/87/76 72/88/77 3050/3766/3224
f 71/87/76 3050/3766/3224 759/914/814
f 2878/3539/3042 4102/4502/3802 2879/3540/3043
f 3445/4254/3622 256/309/271 259/312/274
f 3445/4254/3622 2883/3548/3047 256/309/271
f 3445/4254/3622 3447/4257/3624 2883/3548/3047
f 3445/4254/3622 259/312/274 3446/4255/3623
f 3642/4503/3803 3643/4504/3804 3644/4505/3805
f 3642/4503/3803 3645/4506/3806 3646/4507/3807
f 3642/4503/3803 3644/4505/3805 3645/4506/3806
f 3642/4503/3803 3647/4508/3808 3643/4504/3804
f 3642/4503/3803 3646/4507/3807 3647/4508/3808
f 3648/4509/3809 3649/4510/3810 3650/4511/3811
f 3648/4509/3809 3650/4511/3811 3651/4512/3812
f 3652/4513/3813 3653/4514/552 3654/4515/3814
f 3652/4513/3813 2902/3573/3067 2905/3577/3070
f 3652/4513/3813 3655/4516/3815 3656/4517/3816
f 3652/4513/3813 3656/4517/3816 3653/4514/552
f 3652/4513/3813 3654/4515/3814 2902/3573/3067
f 3652/4513/3813 2905/3577/3070 2901/3572/3066
f 3652/4513/3813 2901/3572/3066 3655/4516/3815
f 3397/4192/3572 3657/4518/3817 3658/4519/3818
f 3397/4192/3572 3658/4519/3818 1740/2122/1867
f 3397/4192/3572 3398/4195/2320 3657/4518/3817
f 3397/4192/3572 1740/2122/1867 1743/2121/1866
f 1622/1987/1745 1116/1354/1203 1114/1352/1201
f 1622/1987/1745 2445/2989/2605 1116/1354/1203
f 1536/1877/1656 1702/2078/1828 3659/4520/3819
f 1536/1877/1656 2755/3380/2918 1537/1878/1657
f 1536/1877/1656 3659/4520/3819 2755/3380/2918
f 1085/1317/1169 1973/2406/2114 3660/4521/3820
f 1085/1317/1169 3660/4521/3820 1086/1318/1170
f 1085/1317/1169 1088/1320/1172 1973/2406/2114
f 486/578/519 3661/4522/3821 24/31/26
f 486/578/519 24/31/26 487/579/520
f 486/578/519 489/581/522 1153/1397/1239
f 486/578/519 1153/1397/1239 3661/4522/3821
f 239/284/252 241/286/254 2925/3600/3093
f 239/284/252 2925/3600/3093 3662/4523/3822
f 239/284/252 3662/4523/3822 3663/4524/3823
f 239/284/252 3663/4524/3823 240/285/253
f 1649/2015/1773 3664/4525/3824 3665/4526/3825
f 1649/2015/1773 1652/2018/1776 3666/4527/3826
f 1649/2015/1773 3588/4442/3752 3664/4525/3824
f 1649/2015/1773 3665/4526/3825 1650/2016/1774
f 1649/2015/1773 3666/4527/3826 3588/4442/3752
f 2640/3236/2802 2642/3237/2803 4060/4528/3827
f 2640/3236/2802 3667/4529/3828 1590/1945/1711
f 2640/3236/2802 160/183/168 3667/4529/3828
f 2640/3236/2802 4060/4528/3827 163/184/169
f 2640/3236/2802 163/184/169 160/183/168
f 1592/1951/1713 1594/1950/1715 2056/2500/2201
f 1592/1947/1713 2052/2496/2198 2051/2495/2197
f 1592/1951/1713 2056/2500/2201 3668/4530/3829
f 1592/1947/1713 3668/4531/3829 2052/2496/2198
f 1592/1947/1713 2051/2495/2197 1593/1948/1714
f 169/195/178 3486/4302/3656 4549/196/179
f 169/195/178 2060/4532/2204 3490/4303/3657
f 169/4533/178 173/4534/181 2060/2507/2204
f 169/195/178 3490/4303/3657 3486/4302/3656
f 2932/3613/3101 178/209/187 177/208/186
f 2932/3613/3101 2934/3615/3103 3269/4031/3444
f 3669/4535/3830 1013/1221/1086 3670/4536/3831
f 3669/4535/3830 3670/4536/3831 2935/3616/3104
f 3669/4535/3830 3671/4537/3832 1798/2188/1927
f 3669/4535/3830 1798/2188/1927 1013/1221/1086
f 3669/4535/3830 2935/3616/3104 1671/2038/1796
f 3669/4535/3830 1671/2038/1796 3671/4537/3832
f 666/798/713 1049/1273/1128 667/799/714
f 666/802/713 3672/4538/3833 1050/4539/1129
f 666/802/713 669/801/715 3672/4538/3833
f 666/798/713 1050/1274/1129 1049/1273/1128
f 3420/4225/3594 2985/3677/3155 583/698/621
f 3420/4225/3594 1808/2199/1937 2985/3677/3155
f 3420/4225/3594 1809/2200/1938 1808/2199/1937
f 3420/4225/3594 2951/3634/3119 1809/2200/1938
f 3673/4540/3834 2953/3636/3121 2955/3638/3123
f 3673/4541/3834 122/143/129 3674/2203/1941
f 3673/4540/3834 3674/4542/1941 2953/3636/3121
f 3673/4540/3834 2955/3638/3123 3675/4543/3835
f 3673/4541/3834 3676/4544/3836 122/143/129
f 3673/4541/3834 3675/4545/3835 3676/4544/3836
f 3342/4130/3517 1815/2208/1946 1814/2207/1945
f 1689/4546/1814 3677/4547/3837 3679/4548/24
f 1689/4546/1814 3678/4549/1817 3677/4547/3837
f 1689/2064/1814 3505/4331/3673 1690/2065/1815
f 1689/2064/1814 3679/4550/24 3505/4331/3673
f 1154/1399/1241 3680/4551/3838 1156/1400/1242
f 1968/2400/2108 908/1093/974 905/1090/971
f 3681/4552/3839 3418/4223/3592 1805/2196/1934
f 3681/4552/3839 1438/1749/1542 3293/4064/3467
f 3681/4552/3839 3293/4064/3467 3509/4337/3677
f 3681/4552/3839 3682/4553/3840 3418/4223/3592
f 3681/4552/3839 1805/2196/1934 1438/1749/1542
f 3681/4552/3839 3509/4337/3677 3682/4553/3840
f 3438/4246/3615 813/986/876 1474/1790/1580
f 3438/4246/3615 1474/1790/1580 1473/1789/1579
f 3438/4246/3615 3683/4554/3841 813/986/876
f 816/990/874 3245/4005/3419 2624/3212/2789
f 816/990/874 2624/3212/2789 3684/4555/875
f 3685/4556/3842 758/912/812 4592/4557/3843
f 3685/4556/3842 4592/4557/3843 3686/4558/3844
f 3685/4556/3842 2609/3188/2772 758/912/812
f 1230/1494/1319 2611/3190/2774 2090/2551/2240
f 3687/4559/3845 2094/2563/2244 3688/4180/3561
f 3687/4560/3845 3688/4561/3561 3689/4562/3562
f 3687/4560/3845 3690/4563/3846 2614/3193/2777
f 3687/4560/3845 2095/2556/2245 2094/2555/2244
f 3687/4560/3845 2614/3193/2777 2095/2556/2245
f 3687/4560/3845 3689/4562/3562 3690/4563/3846
f 1167/1418/1254 1170/1421/1257 2324/2833/2477
f 3691/4564/3058 3692/1231/1096 3612/4468/3772
f 3691/3563/3058 3611/4565/3771 2894/3564/3059
f 3691/3563/3058 1022/3565/1097 3692/4566/1096
f 3691/4564/3058 3612/4468/3772 3611/4467/3771
f 3694/4567/3847 355/4568/376 3693/4569/3848
f 3694/4570/3847 3695/4571/3849 3459/4269/3635
f 3694/4567/3847 3693/4569/3848 3695/4572/3849
f 3694/4570/3847 356/425/377 355/424/376
f 3694/4570/3847 3459/4269/3635 356/425/377
f 2109/2573/2259 366/439/388 3463/4275/3638
f 2109/2573/2259 367/440/389 366/439/388
f 967/1170/1038 968/1171/1039 4533/4573/3850
f 967/1170/1038 4533/4573/3850 459/538/484
f 967/1170/1038 3696/4574/3851 216/259/227
f 967/1170/1038 459/538/484 3696/4574/3851
f 3697/4575/3852 3578/4576/3742 3698/4577/3853
f 3697/4575/3852 3699/4578/3854 3578/4576/3742
f 3697/4575/3852 3698/4577/3853 3700/4579/3855
f 1271/1544/1363 1272/1546/1365 2809/3445/2973
f 1271/1544/1363 4604/3446/2974 2606/1545/1364
f 3100/3825/3273 3701/4580/3856 4625/4581/3857
f 3100/3825/3273 3702/4582/3858 4019/1133/1012
f 3100/3825/3273 4625/4581/3857 3702/4582/3858
f 3100/3825/3273 879/1063/944 3701/4580/3856
f 2635/3231/2797 3703/4583/3859 3423/4231/3600
f 2635/3231/2797 2637/3233/2799 3703/4583/3859
f 2635/3231/2797 3422/4230/3599 2636/3232/2798
f 2635/3231/2797 3423/4231/3600 3422/4230/3599
f 3704/4584/3860 3705/4585/3861 3706/4586/3862
f 3704/4584/3860 3707/4587/3863 3708/4588/3864
f 3704/4584/3860 3706/4586/3862 3707/4587/3863
f 3704/4584/3860 3708/4588/3864 3709/4589/3865
f 3704/4584/3860 3710/4590/3866 3705/4585/3861
f 3704/4584/3860 3709/4589/3865 3710/4590/3866
f 3712/4591/3867 3711/4592/791 3479/4593/3650
f 3712/4591/3867 3478/3771/3228 3054/3773/3229
f 3712/4591/3867 3479/4593/3650 3478/3771/3228
f 3712/4594/3867 3054/3775/3229 4602/4595/792
f 3712/4594/3867 4602/4595/792 3711/4596/791
f 1294/1572/1388 3713/4597/3868 1295/1573/1389
f 1294/1572/1388 258/311/273 260/313/275
f 1294/1572/1388 3172/3916/3348 3713/4597/3868
f 1294/1572/1388 260/313/275 3172/3916/3348
f 2788/3418/2950 3714/4598/3869 1298/1576/1392
f 2788/3418/2950 3715/4599/3870 3714/4598/3869
f 3716/4600/927 100/123/106 104/122/110
f 3716/4601/927 4363/4602/3871 3717/4603/3872
f 3716/4601/927 3717/4603/3872 100/117/106
f 3716/4600/927 104/122/110 2832/4604/2568
f 3716/1046/927 863/1045/928 4363/4605/3871
f 1800/2190/1929 2150/2620/2301 1017/1226/1091
f 1800/2190/1929 1802/2192/1931 2150/2620/2301
f 1800/2190/1929 1017/1226/1091 2276/1225/1090
f 3718/4606/3873 3719/4607/3874 3720/4608/3875
f 3718/4606/3873 4/8/6 3719/4607/3874
f 3718/4606/3873 3721/4609/3876 4/8/6
f 1254/1522/1341 1311/3942/1406 3722/4610/3877
f 1254/1522/1341 2663/3267/2825 1311/3942/1406
f 1254/1522/1341 3722/4610/3877 1255/1523/1342
f 1254/1522/1341 1257/1525/1344 2663/3267/2825
f 368/441/390 2111/2575/2261 2668/3275/2830
f 368/441/390 367/440/389 2111/2575/2261
f 2671/3278/2833 2673/3280/2835 3723/4611/3878
f 377/3282/401 379/1368/403 1127/1369/1214
f 377/3282/401 1127/1369/1214 2675/3283/2836
f 384/459/408 386/461/410 1335/1614/1430
f 2680/3289/2841 391/466/415 393/468/417
f 2680/3289/2841 2684/3293/2845 391/466/415
f 1285/1559/1378 401/476/425 2360/2876/2519
f 1285/1559/1378 2360/2876/2519 2361/2875/2518
f 2698/3309/2859 3724/4612/3879 1344/1635/1443
f 3725/4613/3880 2633/3229/2274 2631/3224/2795
f 3725/4613/3880 3726/4614/3881 2633/3229/2274
f 2711/3324/2871 3022/3729/3197 3727/4615/3882
f 2711/3324/2871 3727/4615/3882 2714/3328/2873
f 2716/3331/2875 1431/1741/1535 3728/4616/3883
f 3630/4490/3790 828/1003/890 827/1002/889
f 3630/4490/3790 3633/4493/3793 3729/4617/3884
f 3630/4490/3790 827/1002/889 3631/4491/3791
f 3630/4490/3790 3729/4617/3884 828/1003/890
f 3229/3986/3404 2724/3339/2883 1099/1336/1185
f 3229/3986/3404 3230/3987/3405 2725/3340/2884
f 3229/3986/3404 2725/3340/2884 2724/3339/2883
f 3730/4618/3885 4361/4619/3886 3732/4620/3887
f 3730/4621/3885 3731/4622/3888 4453/4623/3889
f 3730/4618/3885 3733/4624/3890 4362/4625/3891
f 3730/4618/3885 4362/4625/3891 4361/4619/3886
f 3730/4621/3885 3732/4626/3887 3731/4622/3888
f 3730/4621/3885 4453/4623/3889 3733/4627/3890
f 2730/3351/2891 3734/4628/3892 2233/2729/2387
f 2730/3351/2891 2233/2729/2387 2232/2728/2386
f 2730/3351/2891 2232/2728/2386 2731/3352/2892
f 1113/1351/1200 1115/1353/1202 1885/2294/2017
f 1113/1351/1200 1885/2294/2017 3735/4629/3893
f 1113/1351/1200 1626/1991/1749 1114/1352/1201
f 1113/1351/1200 3735/4629/3893 1626/1991/1749
f 2737/4630/2897 3736/4631/3894 3737/4632/3781
f 2737/4630/2897 1783/3864/1911 3130/3863/3304
f 2737/4630/2897 3130/3863/3304 3736/4631/3894
f 2737/4633/2897 3737/4634/3781 3623/4635/3783
f 2737/3359/2897 3623/4636/3783 2738/3360/2898
f 3738/4637/3895 2554/3123/2716 3739/4638/3896
f 3738/4637/3895 2555/3124/2717 2554/3123/2716
f 3738/4637/3895 3322/4105/3498 2555/3124/2717
f 3738/4637/3895 3740/4639/3897 3741/4640/3898
f 3738/4637/3895 3742/4641/3899 3322/4105/3498
f 3738/4637/3895 3739/4638/3896 3740/4639/3897
f 3738/4637/3895 3741/4640/3898 3742/4641/3899
f 2005/2442/2147 3743/4642/3900 1710/2086/1836
f 2005/2442/2147 2006/2443/2148 3549/4384/736
f 2005/2442/2147 3549/4384/736 3743/4642/3900
f 3744/4643/3901 3692/1231/1096 1021/1230/1095
f 3744/4643/3901 3745/4644/3902 3331/4116/3505
f 3744/4643/3901 3746/4645/3903 3747/4646/3904
f 3744/4643/3901 3612/4468/3772 3692/1231/1096
f 3744/4643/3901 3747/4646/3904 3612/4468/3772
f 3744/4643/3901 3331/4116/3505 3746/4645/3903
f 3744/4643/3901 1021/1230/1095 3745/4644/3902
f 2219/2711/2374 2221/2713/2376 3748/4647/3905
f 2219/2711/2374 3748/4647/3905 2014/2451/2156
f 2219/2711/2374 2013/2450/2155 2220/2712/2375
f 2219/2711/2374 2014/2451/2156 2013/2450/2155
f 3749/4648/3906 3750/4649/3907 1832/2229/1964
f 3749/4648/3906 1832/2229/1964 1409/1716/1513
f 3749/4648/3906 3751/4650/3908 3750/4649/3907
f 3752/4651/3909 2975/3666/3144 3753/4652/3910
f 3752/4651/3909 3754/4653/3911 3755/4654/3912
f 3752/4651/3909 3755/4654/3912 2256/4655/2410
f 3752/4651/3909 2256/4655/2410 2975/3666/3144
f 3752/4651/3909 3753/4652/3910 3754/4653/3911
f 2026/2464/2169 3580/4431/3745 3756/4656/3913
f 2026/2464/2169 2762/3387/2925 2027/2465/2170
f 2026/2464/2169 3756/4656/3913 2762/3387/2925
f 898/1083/964 2967/3658/3136 899/1084/965
f 898/1083/964 900/1085/966 2966/3657/3135
f 1363/1657/1461 2319/2828/2474 2854/3509/3018
f 1363/1657/1461 2854/3509/3018 2856/3511/3020
f 1363/1660/1461 1362/1659/1463 2320/1803/1593
f 1363/1657/1461 2856/3511/3020 1361/1658/1462
f 1363/1657/1461 2320/2829/1593 2319/2828/2474
f 2937/3618/3106 3218/3975/3395 3757/4657/3914
f 2937/3618/3106 3757/4657/3914 2938/3619/3107
f 3758/4658/3915 147/169/155 3759/4659/3916
f 3758/4658/3915 3760/4660/3917 147/169/155
f 3758/4658/3915 3759/4659/3916 3761/4661/3918
f 3758/4658/3915 3762/4662/3919 3760/4660/3917
f 3758/4658/3915 3761/4661/3918 3762/4662/3919
f 3763/4663/1266 1444/1757/1548 1737/2118/1864
f 3763/4663/1266 1181/1435/1270 1444/1757/1548
f 3764/4664/3920 1185/1441/1274 4832/4665/3921
f 3764/4664/3920 3765/4666/3922 1186/1442/1275
f 3764/4664/3920 1186/1442/1275 1185/1441/1274
f 3764/4664/3920 4832/4665/3921 3765/4666/3922
f 848/1024/910 3766/4667/3923 847/1025/911
f 848/1024/910 3767/4668/3924 3766/4667/3923
f 848/1027/910 846/1022/909 3768/4669/3925
f 848/1027/910 3768/4669/3925 3767/4670/3924
f 1193/1449/1281 2785/3415/2947 1194/1450/1282
f 1193/1449/1281 3769/4671/3926 2785/3415/2947
f 3770/4672/3927 1197/1454/1285 3771/4673/3928
f 3770/4672/3927 859/1039/923 1197/1454/1285
f 2202/2691/2357 3772/4674/3929 2203/2692/2358
f 3773/4675/3930 3824/4381/3712 3774/4676/3931
f 3773/4675/3930 3775/4677/3932 3776/4678/3933
f 3773/4675/3930 3550/4385/3715 3547/4382/3713
f 3773/4675/3930 3547/4382/3713 3824/4381/3712
f 3773/4675/3930 3774/4676/3931 3775/4677/3932
f 3773/4675/3930 3776/4678/3933 3550/4385/3715
f 3777/4679/3934 3778/4680/3935 3779/4681/3936
f 3777/4679/3934 3780/4682/3937 3778/4680/3935
f 3777/4679/3934 3779/4681/3936 4878/4683/3938
f 1958/2384/2097 478/570/511 3781/4684/3939
f 1958/2384/2097 633/762/677 1959/2385/2098
f 1958/2384/2097 1961/2390/2101 478/570/511
f 1958/2384/2097 3781/4684/3939 633/762/677
f 1628/1993/1751 3782/4685/3940 4867/1994/1752
f 3783/4686/3941 709/857/760 1077/1309/1161
f 3783/4686/3941 710/858/761 709/857/760
f 3783/4686/3941 1077/1309/1161 2368/2886/2525
f 3783/4686/3941 2368/2886/2525 710/858/761
f 3785/4687/3942 4664/4688/3943 3784/4689/1940
f 3785/4690/3942 1810/2201/1939 3106/3834/3279
f 3785/4690/3942 3784/2202/1940 1810/2201/1939
f 3785/4687/3942 3106/3833/3279 3786/4691/3944
f 3785/4687/3942 3786/4691/3944 4664/4688/3943
f 3787/4692/3945 1632/1998/1756 3788/4693/3946
f 3787/4692/3945 1633/1999/1757 1632/1998/1756
f 3787/4692/3945 3789/4694/3947 1633/1999/1757
f 2428/2966/2588 1242/1510/1329 2995/3687/3165
f 2428/2966/2588 1243/1511/1330 1242/1510/1329
f 2428/2966/2588 3790/4695/3948 2429/2967/2589
f 2428/2966/2588 3791/4696/3949 3790/4695/3948
f 2428/2966/2588 2995/3687/3165 3791/4696/3949
f 2428/2966/2588 1978/2412/2120 1243/1511/1330
f 3792/4697/3950 2434/2974/2594 3793/4698/3951
f 3792/4697/3950 3793/4698/3951 30/37/32
f 3233/2492/2194 3794/4699/2597 733/883/786
f 3233/3992/2194 3795/4700/2193 3234/3993/3408
f 2057/2494/2196 1594/1952/1715 1593/1948/1714
f 2057/2501/2196 2056/2500/2201 1594/1950/1715
f 2057/2494/2196 1593/1948/1714 2051/2495/2197
f 1746/4701/1871 3799/4702/3952 3796/4703/3953
f 1746/4701/1871 3796/4703/3953 3797/4704/1872
f 1746/2129/1871 1749/2133/1875 3798/4705/3954
f 1746/2129/1871 3798/4705/3954 3799/4706/3952
f 3439/4247/3616 2796/3430/2959 4543/4707/3955
f 3439/4247/3616 4543/4707/3955 4542/4708/3956
f 3439/4247/3616 3440/4248/3617 2796/3430/2959
f 3439/4247/3616 4542/4708/3956 1539/1875/1655
f 3380/4173/3554 3800/4709/3957 3801/4710/3958
f 3380/4173/3554 3381/4174/3555 3800/4709/3957
f 3380/4173/3554 3801/4710/3958 3255/4015/3429
f 3380/4173/3554 3255/4015/3429 2458/3002/2618
f 2007/2444/2149 3802/4711/3959 2217/2709/2372
f 2007/2444/2149 2009/2446/2151 3802/4711/3959
f 2007/2444/2149 2217/2709/2372 2008/2445/2150
f 2164/2639/2315 2166/2641/2317 3260/4712/3434
f 2164/2639/2315 3263/4713/3437 2165/2640/2316
f 3803/4714/3960 1415/1722/1519 1414/1721/1518
f 3803/4714/3960 1346/4715/1445 1345/1636/1444
f 3803/4716/3960 3805/4717/3961 1346/4718/1445
f 3803/4714/3960 3804/4719/3962 1415/1722/1519
f 3803/4714/3960 1345/1636/1444 3804/4719/3962
f 3803/4714/3960 1414/1721/1518 3805/4720/3961
f 1417/1724/1521 4429/4721/3963 457/534/483
f 1417/4722/1521 1418/1727/1523 4854/2820/2466
f 1417/1724/1521 3806/4723/3964 4429/4721/3963
f 1417/1724/1521 4854/4724/2466 3806/4723/3964
f 3807/4725/3965 3808/4726/3966 178/209/187
f 3807/4725/3965 178/209/187 3809/4727/3967
f 3807/4725/3965 1922/2345/2059 3808/4726/3966
f 3807/4725/3965 1925/2348/2062 1922/2345/2059
f 3807/4725/3965 3809/4727/3967 1925/2348/2062
f 3810/4728/3968 3811/4729/3969 2037/2475/2180
f 3810/4728/3968 2037/2475/2180 3812/4730/3970
f 109/129/115 3273/4038/3448 3275/4040/3450
f 109/129/115 4209/131/117 3813/4731/3971
f 109/129/115 3813/4731/3971 3273/4038/3448
f 109/129/115 3275/4040/3450 110/130/116
f 3573/4421/3737 3574/4422/3738 3814/4732/3972
f 3573/4421/3737 3814/4732/3972 1460/1775/1566
f 3573/4421/3737 1460/1775/1566 1434/1746/1540
f 3815/4733/3973 586/702/625 3816/4734/3974
f 3815/4733/3973 3817/4735/3975 586/702/625
f 3815/4733/3973 3816/4734/3974 2487/3036/2647
f 3815/4733/3973 3354/4145/3529 1443/1756/1547
f 3815/4733/3973 1443/1756/1547 3817/4735/3975
f 3815/4733/3973 1720/2096/1846 3354/4145/3529
f 3815/4733/3973 2487/3036/2647 1720/2096/1846
f 2489/3038/2649 2494/3043/2654 3818/4736/2549
f 2489/4737/2649 3819/4738/3976 2490/4739/2650
f 2489/4737/2649 3818/2913/2549 3819/4738/3976
f 1987/2423/2128 2229/2725/2383 1988/2424/2129
f 1987/2423/2128 2356/2870/2514 3036/3750/3210
f 1987/2423/2128 3036/3750/3210 2229/2725/2383
f 3820/3045/2656 2496/3047/2658 3981/4740/3977
f 3820/4741/2656 3822/4742/3978 2499/3052/2657
f 3820/3045/2656 3981/4740/3977 3821/4743/3979
f 3820/3045/2656 3821/4743/3979 3822/4744/3978
f 1889/4745/2021 3823/4746/3980 1890/4747/2022
f 679/814/727 3604/4460/3765 3544/4378/3709
f 3824/4748/3712 2508/3063/2669 3825/4749/3981
f 3824/4748/3712 687/822/735 2508/3063/2669
f 3824/4381/3712 3825/4750/3981 3774/4676/3931
f 3824/4748/3712 3551/4751/3716 687/822/735
f 2074/2527/2221 4755/4752/3982 2081/2538/2230
f 2074/2527/2221 2081/2538/2230 2075/2528/2222
f 1774/2158/1900 1834/2231/1966 2412/2946/2571
f 1774/2158/1900 1778/2162/1904 1834/2231/1966
f 3766/4667/3923 3767/4668/3924 3826/4753/3983
f 3766/4667/3923 3826/4753/3983 3827/4754/3984
f 3766/4667/3923 3827/4754/3984 847/1025/911
f 850/1030/914 2136/2605/2287 2134/2603/2285
f 850/1030/914 3828/4755/3985 851/1031/915
f 850/1030/914 853/1033/917 2136/2605/2287
f 850/1030/914 2134/2603/2285 3828/4755/3985
f 858/1038/922 1197/1454/1285 859/1039/923
f 3829/4756/3986 1895/2310/2030 1896/2311/2029
f 3829/4757/3986 1896/2309/2029 3830/4758/3987
f 3829/4757/3986 3830/4758/3987 4688/4759/3988
f 3829/4756/3986 3831/4760/3989 1895/2310/2030
f 792/957/850 791/956/849 1614/1976/1736
f 792/957/850 1614/1976/1736 3832/4761/3990
f 792/957/850 3832/4761/3990 793/958/851
f 3833/4762/3991 3834/4763/3992 3835/4764/3993
f 3833/4762/3991 3836/4765/3994 3837/4766/3995
f 3833/4762/3991 1873/2277/2005 1870/2274/2002
f 3833/4762/3991 3837/4766/3995 1873/2277/2005
f 3833/4762/3991 3835/4764/3993 3836/4765/3994
f 3833/4762/3991 1870/2274/2002 3834/4763/3992
f 3838/4767/3996 3472/4287/3644 1175/1426/1262
f 3838/4767/3996 4500/4768/3997 3472/4287/3644
f 3838/4767/3996 3839/4769/3998 4500/4768/3997
f 3838/4767/3996 1175/1426/1262 3839/4769/3998
f 1549/1893/1667 1551/1895/1669 3840/4770/3999
f 1549/1893/1667 2114/2578/2264 1550/1894/1668
f 1549/1893/1667 3841/4771/4000 2114/2578/2264
f 1549/1893/1667 3840/4770/3999 3841/4771/4000
f 324/392/344 325/393/345 3842/4772/4001
f 324/392/344 3842/4772/4001 2800/3435/2964
f 3843/4773/4002 3844/4774/4003 650/781/696
f 3843/4773/4002 3158/3894/3333 3844/4774/4003
f 3843/4773/4002 3159/3895/3334 3158/3894/3333
f 3843/4773/4002 3845/4775/4004 3159/3895/3334
f 3843/4773/4002 650/781/696 3845/4775/4004
f 3701/4580/3856 3846/4776/114 2563/3132/250
f 3701/4580/3856 879/1063/944 3846/4776/114
f 3701/4580/3856 2563/3132/250 4625/4581/3857
f 504/608/538 4568/607/543 172/202/183
f 504/597/538 1547/1891/1665 505/598/539
f 504/597/538 3847/2677/2345 1547/1891/1665
f 504/608/538 172/202/183 3847/4777/2345
f 281/336/296 3848/4778/4005 3849/4779/4006
f 281/336/296 280/335/294 3848/4778/4005
f 281/336/296 3849/4779/4006 3589/4443/3753
f 1661/2027/1785 1662/2028/1786 2310/4780/2463
f 3850/4781/4007 763/925/821 3851/4782/4008
f 3850/4781/4007 3851/4782/4008 3852/4783/4009
f 3850/4781/4007 3852/4783/4009 3853/4784/4010
f 3850/4781/4007 3853/4784/4010 2260/2761/2415
f 3850/4781/4007 2260/2761/2415 763/925/821
f 3854/4785/4011 1298/1576/1392 3714/4598/3869
f 3854/4785/4011 604/722/643 1298/1576/1392
f 3854/4785/4011 3714/4598/3869 3855/4786/4012
f 2575/3147/2737 2098/2561/2247 4789/3923/3355
f 2575/3147/2737 3179/3925/3357 2576/3148/2738
f 3856/4787/4013 3857/4788/4014 1680/2048/1804
f 3856/4787/4013 3858/4789/4015 3859/4790/4016
f 3856/4787/4013 3859/4790/4016 3860/4791/4017
f 3856/4787/4013 1308/4792/1402 3858/4789/4015
f 3856/4787/4013 3860/4791/4017 3857/4788/4014
f 3856/4787/4013 1680/2048/1804 1308/4792/1402
f 2223/2716/1636 3861/4793/4018 2224/2717/1292
f 2223/2716/1636 1523/4794/1641 3861/4793/4018
f 3634/4494/3794 2587/3161/2750 3862/4795/4019
f 3634/4494/3794 1938/2364/2077 3863/4796/4020
f 3634/4494/3794 3862/4795/4019 41/53/45
f 3634/4494/3794 3863/4796/4020 2587/3161/2750
f 3864/4797/4021 1323/1602/1418 1320/1599/1415
f 3864/4797/4021 1320/1599/1415 1819/2213/1951
f 3864/4797/4021 3193/3947/3370 1323/1602/1418
f 3864/4797/4021 3194/3948/3371 3193/3947/3370
f 3864/4797/4021 1819/2213/1951 3865/4798/4022
f 3864/4797/4021 3865/4798/4022 3194/3948/3371
f 3866/4799/4023 2301/2806/2455 3867/4800/4024
f 3866/4799/4023 3868/4801/4025 2301/2806/2455
f 3866/4799/4023 3867/4800/4024 3869/4802/4026
f 300/362/317 302/364/319 2178/2660/2329
f 3870/4803/4027 3200/3956/3377 3199/3955/3376
f 3870/4803/4027 3871/4804/4028 310/372/327
f 3870/4803/4027 3872/4805/4029 3200/3956/3377
f 3870/4803/4027 310/372/327 3872/4805/4029
f 3870/4803/4027 3199/3955/3376 3871/4804/4028
f 3873/4806/4030 3874/4807/4031 3875/4808/4032
f 3873/4806/4030 3875/4808/4032 3876/4809/4033
f 3873/4806/4030 3876/4809/4033 3877/4810/4034
f 333/401/353 3878/4811/4035 3449/4259/3625
f 333/401/353 145/167/153 3366/4159/3540
f 333/401/353 3366/4159/3540 3879/4812/4036
f 333/401/353 3879/4812/4036 3878/4811/4035
f 3132/3867/3306 3880/4813/4037 1725/2102/1852
f 2215/2707/2370 1400/1706/1505 1399/1705/1504
f 2215/2707/2370 1399/1705/1504 2216/2708/2371
f 1246/1514/1333 3881/4814/4038 3882/4815/4039
f 1246/1514/1333 654/785/700 659/790/705
f 1246/1514/1333 659/790/705 1247/1515/1334
f 1246/1514/1333 3882/4815/4039 654/785/700
f 1246/1514/1333 1250/1518/1337 3881/4814/4038
f 3883/4816/4040 3884/4817/3595 2227/2721/2380
f 3883/4816/4040 3885/4818/3183 3886/4819/2212
f 3883/4816/4040 3886/4819/2212 3571/4417/3736
f 3883/4816/4040 3571/4417/3736 3887/4419/3596
f 3883/4820/4040 3887/4821/3596 3884/4822/3595
f 3883/4816/4040 2227/2721/2380 3885/4818/3183
f 2732/1985/1743 2231/4823/2385 1029/1243/1108
f 2732/3354/1743 2731/3352/2892 2231/2727/2385
f 2911/3585/3078 3149/3885/3324 2912/3586/3079
f 2911/3585/3078 3071/3792/3246 3888/4824/4041
f 2911/3585/3078 3888/4824/4041 3149/3885/3324
f 2911/3585/3078 2913/3587/3080 3071/3792/3246
f 1629/1995/1753 972/1175/1043 971/1174/1042
f 3890/4825/4042 3891/4826/4043 3889/4827/4044
f 3890/4828/4042 2241/2738/2395 3891/4829/4043
f 3892/4830/4045 3893/4831/1487 2563/3132/250
f 3892/4830/4045 3894/4832/4046 3496/4317/3665
f 3892/4830/4045 2562/3131/2722 3894/4832/4046
f 3892/4830/4045 3496/4317/3665 3893/4831/1487
f 3892/4830/4045 2563/3132/250 2562/3131/2722
f 3895/4833/4047 1054/1278/1133 3896/4834/4048
f 3895/4833/4047 3077/3798/3252 3897/4835/4049
f 3895/4833/4047 3897/4835/4049 3898/4836/4050
f 3895/4833/4047 3078/3799/3253 3077/3798/3252
f 3895/4833/4047 3896/4834/4048 3078/3799/3253
f 3895/4833/4047 3898/4836/4050 1054/1278/1133
f 3334/4119/3508 2688/3297/2849 2693/3302/2854
f 3334/4119/3508 1060/1286/1139 2688/3297/2849
f 3334/4119/3508 3899/4837/4051 1060/1286/1139
f 3334/4119/3508 3336/4121/3510 3899/4837/4051
f 3900/4838/4052 3280/4047/3454 2956/3639/3124
f 3900/4838/4052 3901/4839/4053 404/4840/429
f 3900/4838/4052 2956/3639/3124 2954/3637/3122
f 3900/4838/4052 2954/3637/3122 3901/4839/4053
f 3900/4838/4052 3902/4841/4054 3280/4047/3454
f 3900/4838/4052 404/4840/429 3902/4841/4054
f 1149/1393/1233 1148/1392/1235 2254/2754/2408
f 1149/1393/1233 4904/2757/2411 1146/4842/1234
f 412/488/437 416/492/441 2522/3081/2684
f 412/488/437 3903/4843/4055 413/489/438
f 412/488/437 2522/3081/2684 3903/4843/4055
f 2264/2765/2419 2968/3659/3137 2265/2766/2420
f 1795/2185/1924 3671/4537/3832 2272/2773/2427
f 1795/2185/1924 1798/2188/1927 3671/4537/3832
f 1795/2185/1924 2271/2772/2426 1796/2186/1925
f 2275/2776/2430 3183/3930/3359 2276/2777/1090
f 2275/2776/2430 2278/2779/2432 3099/3824/3272
f 2275/2776/2430 3099/3824/3272 3183/3930/3359
f 2280/2781/2434 2282/2783/2436 3904/4844/4056
f 2280/2781/2434 3905/4845/4057 2281/2782/2435
f 2280/2781/2434 3904/4844/4056 3905/4845/4057
f 2330/2842/2486 440/516/465 3906/4846/4058
f 2330/2842/2486 3906/4846/4058 1374/1675/1474
f 2288/2790/2443 951/1143/1022 3564/4400/3727
f 2288/2790/2443 3561/4399/3726 2289/2791/2444
f 2288/2790/2443 3564/4400/3727 3561/4399/3726
f 2288/2790/2443 952/1144/1023 951/1143/1022
f 1682/2053/1807 1743/2125/1866 1683/2054/1808
f 1682/2053/1807 286/2060/303 4024/4194/299
f 3908/2212/1950 3907/4847/1353 3865/4798/4022
f 3908/4848/1950 3909/4849/1354 3907/4850/1353
f 3908/4848/1950 1092/1326/1177 3909/4849/1354
f 3908/2212/1950 3865/4798/4022 1819/2213/1951
f 3910/4851/4059 2848/3503/3012 3213/3969/3390
f 3910/4851/4059 2849/3504/3013 2848/3503/3012
f 3910/4851/4059 3911/4852/4060 2849/3504/3013
f 1758/2142/1884 1970/2402/2110 3912/4853/4061
f 1758/2142/1884 3912/4853/4061 1759/2143/1885
f 1763/2147/1889 1764/2148/1890 3202/3958/3379
f 1763/2147/1889 3202/3958/3379 3201/3957/3378
f 1763/2147/1889 2303/2808/2457 982/1186/1054
f 1763/2147/1889 3201/3957/3378 2303/2808/2457
f 3370/4163/3544 2837/4854/3002 2838/3494/3003
f 3370/4163/3544 2838/3494/3003 3371/4164/3545
f 3370/4855/3544 3913/4856/4062 2837/3490/3002
f 476/568/509 478/570/511 1961/2390/2101
f 476/568/509 3914/4857/4063 477/569/510
f 476/568/509 1960/2389/2100 3914/4857/4063
f 476/568/509 1961/2390/2101 1960/2389/2100
f 1150/1394/1236 3915/4858/4064 3916/4859/4065
f 1150/1394/1236 1146/1390/1234 3915/4858/4064
f 305/367/322 308/370/325 3917/4860/4066
f 3918/4861/4067 2610/3189/2773 2612/3191/2775
f 3918/4861/4067 494/586/527 497/589/530
f 3918/4861/4067 3919/4862/4068 494/586/527
f 3918/4861/4067 2612/3191/2775 3919/4862/4068
f 3918/4861/4067 497/589/530 2610/3189/2773
f 1162/1412/1249 2993/3685/3163 1163/1413/1250
f 1162/1412/1249 1485/1802/1592 2993/3685/3163
f 3920/4863/2778 3921/4864/4069 1488/4865/1596
f 3920/4863/2778 2618/4866/2782 3921/4864/4069
f 3922/4867/4070 580/695/618 576/691/614
f 3922/4867/4070 576/691/614 1980/2414/2122
f 3922/4867/4070 1980/2414/2122 3923/4868/4071
f 1866/2269/1997 1099/1336/1185 1098/1335/1184
f 1866/2269/1997 1098/1335/1184 1097/1334/1183
f 1866/2269/1997 1499/1819/1609 1099/1336/1185
f 2185/2667/2336 2187/2669/2338 3924/4869/4072
f 2185/2667/2336 3924/4869/4072 2333/2845/2489
f 3127/3859/3301 3644/4505/3805 3128/3860/3302
f 3127/3859/3301 3925/4870/4073 3644/4505/3805
f 1237/1501/24 1202/1459/1290 4183/4871/4074
f 1237/1501/24 3926/4872/4075 1202/1459/1290
f 1237/1501/24 4183/4871/4074 181/219/24
f 1237/1501/24 1236/4873/1324 3926/4872/4075
f 2348/2862/2506 3927/4874/4076 3608/4464/3768
f 2348/2862/2506 2350/2864/2508 3927/4874/4076
f 2348/2862/2506 3928/4875/4077 2349/2863/2507
f 2348/2862/2506 3608/4464/3768 3928/4875/4077
f 3929/4876/1638 3516/4877/3683 1522/4878/1639
f 3929/4343/1638 1524/4879/1642 3515/4344/3682
f 3930/4880/3775 282/345/300 284/344/301
f 3930/4881/3775 2363/2881/2520 3931/4882/4078
f 3930/4880/3775 284/344/301 2363/2879/2520
f 3930/4881/3775 3931/4882/4078 3932/4883/819
f 3933/4884/4079 3934/4885/4080 3553/4388/3718
f 3933/4884/4079 3553/4388/3718 3935/4886/4081
f 3933/4884/4079 1074/4887/1158 3934/4885/4080
f 1538/1884/1658 1541/1883/1660 2914/4888/3081
f 3937/1532/1351 3936/4889/1176 4303/2902/2538
f 3937/4890/1351 3909/4849/1354 3936/1325/1176
f 3937/1532/1351 2384/2906/2542 1264/1533/1352
f 3938/4891/4082 2719/3334/2878 3939/4892/4083
f 3938/4891/4082 3940/4893/4084 3941/4894/4085
f 3938/4891/4082 3941/4894/4085 2719/3334/2878
f 3032/4895/3206 1097/1334/1183 1101/1338/1187
f 3032/4895/3206 1101/1338/1187 2726/3342/2546
f 3032/4895/3206 3278/2270/1998 1097/1334/1183
f 3032/3746/3206 3033/3747/3207 3278/4045/1998
f 989/1193/1061 3280/4047/3454 3902/4841/4054
f 989/1193/1061 1931/4896/2070 990/1194/1062
f 989/1193/1061 3902/4841/4054 1931/4896/2070
f 3283/4050/3457 1528/4897/1646 4344/4051/3458
f 3283/4050/3457 3942/4898/3731 1528/4897/1646
f 3283/4050/3457 3285/4054/269 3943/4899/3582
f 3283/4900/3457 3943/4211/3582 3942/4408/3731
f 3713/4597/3868 3171/3915/3347 3944/4901/4086
f 3713/4597/3868 3172/3916/3348 3171/3915/3347
f 140/162/148 142/164/150 3945/4902/4087
f 140/162/148 3945/4902/4087 3946/4903/4088
f 140/162/148 3947/4904/4089 141/163/149
f 140/162/148 3946/4903/4088 3947/4904/4089
f 1328/1607/1423 3044/3758/3218 2401/2933/2561
f 1328/1607/1423 646/777/692 3044/3758/3218
f 1328/1607/1423 1332/1611/1427 646/777/692
f 1328/1607/1423 2401/2933/2561 1329/1608/1424
f 3109/3837/3282 964/1161/1034 3948/4905/1035
f 3109/3837/3282 3948/4905/1035 3110/3838/3283
f 3949/4906/4090 4106/4907/4091 3950/4908/4092
f 3949/4906/4090 3246/4006/3420 3064/4909/3240
f 3949/4906/4090 3951/4910/4093 3246/4006/3420
f 3949/4906/4090 3950/4908/4092 3951/4910/4093
f 3949/4906/4090 3064/4909/3240 4106/4907/4091
f 3952/4911/4094 318/386/338 3667/4529/3828
f 3952/4911/4094 4477/4912/4095 1214/4913/1304
f 3952/4911/4094 3667/4529/3828 161/185/170
f 3952/4911/4094 161/185/170 162/186/171
f 3952/4911/4094 162/186/171 4477/4912/4095
f 3952/4911/4094 1214/4913/1304 318/386/338
f 1705/2081/1831 1996/2432/2137 1706/2082/1832
f 1705/2081/1831 533/639/570 1996/2432/2137
f 1717/2093/1843 934/1122/1001 3953/4914/4096
f 1717/2093/1843 3954/4915/4097 3955/4916/4098
f 1717/2093/1843 3953/4914/4096 3954/4915/4097
f 1717/2093/1843 3955/4916/4098 1718/2094/1844
f 1999/2436/2141 3956/4917/4099 2933/3614/3102
f 1999/2436/2141 2000/2437/2142 3956/4917/4099
f 2889/3557/3053 3957/4918/4100 3453/4263/3629
f 2889/3557/3053 782/947/841 3957/4918/4100
f 348/417/369 3256/4016/3430 349/418/370
f 348/417/369 3958/4919/4101 3256/4016/3430
f 3959/4920/4102 3960/4921/4103 3961/4922/4104
f 3959/4920/4102 3962/4923/4105 2012/2449/2154
f 3959/4920/4102 2012/2449/2154 3960/4921/4103
f 1177/1431/1267 2815/3453/2981 1178/1432/1268
f 1177/1431/1267 362/433/384 2815/3453/2981
f 2623/3208/2787 1316/1595/1411 452/528/477
f 2623/3208/2787 2112/2576/2262 2110/2574/2260
f 2623/3208/2787 41/53/45 1316/1595/1411
f 2623/3208/2787 3465/4277/3640 41/53/45
f 44/57/49 3963/4924/4106 3964/4925/4107
f 44/57/49 3964/4925/4107 3965/4926/4108
f 44/57/49 3966/4927/4109 3963/4924/4106
f 44/57/49 46/59/51 3966/4927/4109
f 44/57/49 3965/4926/4108 45/58/50
f 3967/4928/4110 3875/4808/4032 3968/4929/4111
f 3967/4928/4110 3969/4930/4112 3876/4809/4033
f 3967/4928/4110 3876/4809/4033 3875/4808/4032
f 492/584/525 3413/4217/3587 493/585/526
f 492/584/525 3470/4284/3643 3413/4217/3587
f 383/458/407 2917/3592/3085 3530/4362/3695
f 383/458/407 1339/1618/1434 386/461/410
f 383/458/407 3530/4362/3695 1339/1618/1434
f 383/458/407 2918/3593/3086 2917/3592/3085
f 3970/4931/4113 3971/4932/4114 3972/4933/4115
f 3970/4931/4113 4636/4934/4116 3973/4935/4117
f 3970/4931/4113 3973/4935/4117 3974/4936/4118
f 3970/4931/4113 3974/4936/4118 3971/4932/4114
f 3970/4931/4113 3975/4937/4119 4636/4934/4116
f 3970/4931/4113 3972/4933/4115 3976/4938/4120
f 3970/4931/4113 3976/4938/4120 3975/4937/4119
f 841/1017/904 1734/1939/1707 1736/2114/1862
f 841/1017/904 1736/2114/1862 3977/4939/4121
f 841/1017/904 3977/4939/4121 3473/4288/3645
f 841/1017/904 843/1019/906 1734/1939/1707
f 3978/4940/4122 521/4941/557 522/4942/559
f 3978/4940/4122 3979/4943/4123 3980/4944/3172
f 3978/4940/4122 3980/4944/3172 521/4941/557
f 3978/4940/4122 522/4942/559 4699/4945/4124
f 3978/4940/4122 4699/4945/4124 3979/4943/4123
f 2496/4946/2658 3558/4393/3723 3981/4947/3977
f 2496/3047/2658 1788/2176/1917 1789/2178/1918
f 2496/4946/2658 1789/2179/1918 3558/4393/3723
f 2496/3047/2658 2498/3050/2661 1788/2176/1917
f 3771/4673/3928 1197/1454/1285 3982/4948/4125
f 3771/4673/3928 3982/4948/4125 2062/2510/2206
f 3983/4949/4126 3010/4950/3182 4757/4951/4127
f 3983/4952/4126 3984/4953/4128 3986/4954/4129
f 3983/4949/4126 4757/4951/4127 3985/4955/4130
f 3983/4949/4126 3986/4956/4129 3010/4950/3182
f 3983/4952/4126 3985/4957/4130 3987/4958/4131
f 3983/4952/4126 3988/4959/4132 3984/4953/4128
f 3983/4952/4126 3987/4958/4131 3988/4959/4132
f 3989/4960/4133 3492/4312/3661 866/1050/931
f 3989/4960/4133 866/1050/931 3319/4101/3494
f 3989/4960/4133 3319/4101/3494 3990/4961/4134
f 3989/4960/4133 3990/4961/4134 3493/4313/3662
f 3989/4960/4133 3493/4313/3662 3492/4312/3661
f 3495/4316/3664 3991/4962/4135 195/237/205
f 3495/4316/3664 3894/4832/4046 3075/3796/3250
f 3495/4316/3664 3496/4317/3665 3894/4832/4046
f 3495/4316/3664 3075/3796/3250 3991/4962/4135
f 888/1073/954 3992/4963/3340 3166/4964/3342
f 888/1073/954 3166/4964/3342 889/1074/955
f 888/1073/954 4180/4965/4136 3992/4963/3340
f 888/1073/954 892/1077/958 4180/4965/4136
f 894/1079/960 1477/3844/1584 895/1080/961
f 3287/4057/3461 900/1085/966 902/1087/968
f 3287/4057/3461 3993/4966/4137 3994/4967/4138
f 3287/4057/3461 3994/4967/4138 1216/1478/1306
f 3287/4057/3461 3290/4060/3464 900/1085/966
f 3287/4057/3461 902/1087/968 3993/4966/4137
f 2625/4968/2791 3995/4969/4139 3996/4970/38
f 2625/3214/2791 2629/3220/2794 3995/4971/4139
f 2625/4968/2791 3996/4970/38 3997/4972/39
f 2625/4968/2791 3997/4972/39 2626/4973/2792
f 3998/4974/4140 3999/4975/1487 4000/4976/4141
f 3998/4974/4140 4001/4977/4142 1275/1549/1368
f 3998/4974/4140 4002/4978/4143 3999/4975/1487
f 3998/4974/4140 4003/4979/4144 4004/4980/4145
f 3998/4974/4140 4000/4976/4141 4003/4979/4144
f 3998/4974/4140 1275/1549/1368 4002/4978/4143
f 3998/4974/4140 4004/4980/4145 4001/4977/4142
f 1052/1276/1131 1056/1280/1135 3511/4339/3679
f 1052/1276/1131 3512/4340/3680 1053/1277/1132
f 3750/4649/3907 4005/4981/4146 1833/2230/1965
f 3750/4649/3907 1833/2230/1965 1832/2229/1964
f 3750/4649/3907 4006/4982/4147 4005/4981/4146
f 3750/4649/3907 3751/4650/3908 4006/4982/4147
f 4008/3842/3284 3112/3841/3286 4007/4983/4148
f 4008/3839/3284 1190/1446/1279 3111/3840/3285
f 4008/3839/3284 960/1154/1030 1190/1446/1279
f 4008/4984/3284 4007/4985/4148 960/1166/1030
f 4009/4986/4149 16/23/18 1425/1735/1529
f 4009/4986/4149 4010/4987/4150 3270/4032/3445
f 4009/4986/4149 3270/4032/3445 1637/2003/1761
f 4009/4986/4149 1635/2001/1759 17/24/19
f 4009/4986/4149 1425/1735/1529 4010/4987/4150
f 4009/4986/4149 17/24/19 16/23/18
f 4009/4986/4149 1637/2003/1761 1635/2001/1759
f 4011/674/600 566/681/606 503/595/536
f 4011/4988/600 1361/1658/1462 568/683/601
f 4012/4989/4151 3825/4749/3981 2509/3064/2670
f 4012/4989/4151 2509/3064/2670 116/137/123
f 4012/4989/4151 4751/4990/4152 3825/4749/3981
f 513/614/547 1371/1672/1471 514/615/548
f 513/614/547 1372/1673/1472 1371/1672/1471
f 513/614/547 3537/4370/3701 1372/1673/1472
f 3834/4763/3992 2597/3173/2760 665/796/711
f 3834/4763/3992 3139/3875/3314 3835/4764/3993
f 3834/4763/3992 665/796/711 3139/3875/3314
f 3834/4763/3992 1870/2274/2002 2597/3173/2760
f 2946/3627/3115 1989/2425/2130 1990/2426/2131
f 2946/3627/3115 1990/2426/2131 3417/4222/3591
f 3542/4376/3707 2195/2682/2350 2194/2681/2349
f 2143/2612/2293 4013/4991/4153 2144/2613/2294
f 2143/2612/2293 4014/4992/4154 4013/4991/4153
f 2143/2612/2293 4907/2615/2296 4014/4992/4154
f 3743/4642/3900 1715/2091/1841 1710/2086/1836
f 3743/4642/3900 2481/3030/2641 1715/2091/1841
f 3743/4642/3900 3549/4384/736 4015/4993/4155
f 3743/4642/3900 4015/4993/4155 2481/3030/2641
f 4016/4994/1013 4017/4995/4156 4018/4996/4157
f 4016/4994/1013 4019/4997/1012 4017/4995/4156
f 946/1136/1015 4020/4998/4158 4021/4999/4159
f 946/1136/1015 950/1141/1020 1249/1517/1336
f 946/1136/1015 4021/4999/4159 947/1137/1016
f 946/1136/1015 1249/1517/1336 4020/4998/4158
f 4022/5000/298 4023/5001/4160 4024/5002/299
f 2841/3496/3005 3554/4389/3719 4025/5003/4161
f 2841/3496/3005 4026/5004/4162 2842/3497/3006
f 2841/3496/3005 4025/5003/4161 4026/5004/4162
f 3618/4477/3779 463/544/488 3698/4577/3853
f 3618/4477/3779 3698/4577/3853 3619/4478/3780
f 3618/4477/3779 4892/545/489 463/544/488
f 3618/4477/3779 3622/4482/3782 4892/545/489
f 563/677/602 4027/5005/4163 567/678/603
f 563/677/602 2974/3665/3143 4027/5005/4163
f 563/677/602 568/683/601 2855/3510/3019
f 563/677/602 2855/3510/3019 2974/3665/3143
f 572/687/610 4028/5006/4164 724/872/775
f 572/687/610 571/686/609 4028/5006/4164
f 3556/4396/3721 102/120/108 1854/2255/1985
f 3556/4391/3721 2474/5007/2634 3489/4307/3659
f 3556/4391/3721 3489/4307/3659 3485/4301/3655
f 3556/4391/3721 3485/4301/3655 3557/4392/3722
f 3556/4396/3721 1854/2255/1985 2474/3023/2634
f 3705/4585/3861 4029/5008/4165 3706/4586/3862
f 3711/5009/791 4030/5010/793 3480/4295/3651
f 4031/5011/4166 600/718/639 598/716/638
f 4031/5011/4166 598/716/638 4032/5012/4167
f 4031/5011/4166 4033/5013/4168 600/718/639
f 2650/3254/2812 4034/5014/4169 2651/3255/2813
f 3363/4156/3537 4035/5015/4170 3364/4157/3538
f 2793/3423/2955 2408/2940/2567 2407/2939/2566
f 2793/3423/2955 2407/2939/2566 3368/4161/3542
f 2793/3423/2955 4036/5016/4171 2408/2940/2567
f 2793/3423/2955 3368/4161/3542 2794/3424/2956
f 2793/3423/2955 931/1119/998 930/1118/997
f 2793/3423/2955 930/1118/997 4036/5016/4171
f 4037/5017/4172 4038/5018/4173 4689/5019/4174
f 4037/5017/4172 1894/2308/2028 4039/5020/4175
f 4037/5017/4172 1896/2309/2029 1894/2308/2028
f 4037/5017/4172 4039/5020/4175 4700/5021/4176
f 4037/5017/4172 3830/4758/3987 1896/2309/2029
f 4037/5017/4172 4700/5021/4176 4038/5018/4173
f 4037/5017/4172 4689/5019/4174 3830/4758/3987
f 2550/3116/2709 1267/1538/1357 4914/1540/1359
f 2550/3114/2709 4040/5022/2024 2549/3115/2710
f 4041/5023/4177 1478/1795/1585 4042/5024/4178
f 4041/5023/4177 1966/2398/2106 1964/2394/2104
f 4041/5023/4177 4042/5024/4178 1966/2398/2106
f 4041/5023/4177 1479/1796/1586 1478/1795/1585
f 4041/5023/4177 1964/2394/2104 1479/1796/1586
f 1481/1798/1588 1079/1311/1163 1082/1314/1166
f 1481/1798/1588 1082/1314/1166 4043/5025/4179
f 1481/1798/1588 2804/3440/2968 4044/5026/4180
f 1481/1798/1588 4043/5025/4179 1482/1799/1589
f 1481/1798/1588 4044/5026/4180 1079/1311/1163
f 1481/1798/1588 1483/1800/1590 2804/3440/2968
f 338/406/358 4045/5027/4181 819/994/881
f 338/406/358 336/404/356 2873/3532/3036
f 338/406/358 2873/3532/3036 4045/5027/4181
f 828/1003/890 3224/3981/3399 829/1004/891
f 828/1003/890 3729/4617/3884 3227/3984/3402
f 828/1003/890 3227/3984/3402 3224/3981/3399
f 4046/5028/1676 4047/5029/497 4048/5030/1677
f 4046/5028/1676 4616/5031/4182 4047/5029/497
f 4046/5028/1676 4049/5032/1678 4616/5031/4182
f 1204/1466/1294 1109/1347/1196 1205/1467/1295
f 1115/1353/1202 1117/1355/1204 526/632/563
f 3320/4102/3495 4050/5033/4183 1570/1919/1690
f 3651/4512/3812 1576/1929/1697 1575/1924/1695
f 3651/4512/3812 3650/4511/3811 1576/1929/1697
f 4051/5034/4184 542/648/579 1580/1932/1700
f 4051/5034/4184 4052/5035/4185 4053/5036/4186
f 4051/5034/4184 4053/5036/4186 542/648/579
f 4051/5034/4184 1579/1931/1699 4052/5035/4185
f 4051/5034/4184 1580/1932/1700 1579/1931/1699
f 4054/5037/4187 3330/4115/3504 3329/4114/3503
f 4054/5037/4187 4055/5038/4188 3330/4115/3504
f 840/1016/903 4056/5039/4189 842/1018/905
f 840/1016/903 4057/5040/4190 4056/5039/4189
f 840/1016/903 3476/4291/3648 4057/5040/4190
f 4058/5041/4191 3263/4713/3437 2250/5042/2404
f 4058/5041/4191 2165/2640/2316 3263/4713/3437
f 4058/5041/4191 4059/5043/4192 4674/5044/4193
f 4058/5041/4191 2250/5042/2404 4060/5045/3827
f 4058/5041/4191 4674/5044/4193 2165/2640/2316
f 4058/5041/4191 4060/5045/3827 4059/5043/4192
f 3472/4285/3644 4500/5046/3997 4061/5047/4194
f 3472/4285/3644 4061/5047/4194 1341/1622/1438
f 4062/5048/4195 714/862/765 4063/5049/4196
f 4062/5048/4195 715/863/766 714/862/765
f 4062/5048/4195 4063/5049/4196 4064/5050/4197
f 4065/5051/4198 4066/5052/4199 4067/5053/4200
f 4065/5051/4198 3877/4810/4034 4066/5052/4199
f 2773/3399/2937 4209/131/117 3349/4135/3522
f 147/169/155 3760/4660/3917 4068/5054/4201
f 147/169/155 151/173/159 3759/4659/3916
f 147/169/155 4068/5054/4201 148/170/156
f 4069/5055/4202 4070/5056/4203 4071/5057/4204
f 4069/5055/4202 4072/5058/4205 4558/5059/4206
f 4069/5055/4202 4791/5060/4207 4072/5058/4205
f 4069/5055/4202 4071/5057/4204 4791/5060/4207
f 4069/5055/4202 4558/5059/4206 4070/5056/4203
f 794/959/852 796/961/854 1256/1524/1343
f 794/959/852 4073/5061/4208 1371/1672/1471
f 794/959/852 1256/1524/1343 4073/5061/4208
f 4074/5062/4209 963/1159/1033 962/1157/1032
f 4074/5062/4209 962/1157/1032 3111/3840/3285
f 4074/5062/4209 4076/5063/4210 963/1159/1033
f 4074/5062/4209 3111/3840/3285 4077/3079/2682
f 4074/5064/4209 4075/5065/4211 4076/5066/4210
f 4074/5064/4209 4077/5067/2682 4075/5065/4211
f 3360/4152/48 3359/4151/3534 46/5068/51
f 4078/5069/4212 749/903/803 2870/3529/3033
f 4078/5069/4212 4079/5070/4213 749/903/803
f 4078/5069/4212 4080/5071/4214 4079/5070/4213
f 1515/1843/1628 3602/4458/3763 4081/5072/4215
f 1515/1843/1628 1514/1842/1627 3602/4458/3763
f 4082/5073/4216 1519/1850/1634 2632/1852/1633
f 4082/5073/4216 2632/1852/1633 4083/5074/2277
f 4082/5073/4216 4083/5074/2277 2830/3465/2993
f 4082/5073/4216 2830/3465/2993 1519/1850/1634
f 2354/2868/2512 2353/2867/2511 4084/5075/4217
f 2354/2868/2512 4084/5075/4217 3373/4166/3547
f 2354/2868/2512 3372/4165/3546 2355/2869/2513
f 2354/2868/2512 3373/4166/3547 3372/4165/3546
f 158/180/166 2249/2746/2403 159/181/167
f 158/180/166 163/188/169 2248/2745/2402
f 4086/5076/4218 4085/5077/4219 4102/5078/3802
f 4086/5079/4218 165/190/173 4085/5080/4219
f 4086/5081/4218 4087/5082/4220 166/5083/174
f 4086/5079/4218 166/191/174 165/190/173
f 2456/3000/2616 4088/5084/4221 4089/5085/4222
f 2456/3000/2616 1134/1376/1221 4088/5084/4221
f 421/497/446 1664/2030/1788 2034/2472/2177
f 421/497/446 2034/2472/2177 4090/5086/4223
f 421/497/446 4090/5086/4223 422/498/447
f 2094/2563/2244 3386/4179/3560 3688/4180/3561
f 2094/2563/2244 2099/2562/2249 4091/5087/4224
f 2094/2563/2244 4091/5087/4224 3386/4179/3560
f 2104/2568/2254 4092/5088/4225 3387/4182/3563
f 2104/2568/2254 2103/2567/2253 4092/5088/4225
f 2077/2532/2224 2981/3672/3150 4093/5089/4226
f 2077/2532/2224 2076/2531/2223 2981/3672/3150
f 2107/2571/2257 3392/4187/3567 2108/2572/2258
f 616/736/656 4094/5090/4227 1840/2239/1972
f 616/736/656 1840/2239/1972 1838/2235/1970
f 616/736/656 620/741/655 4094/5090/4227
f 616/736/656 1838/2235/1970 619/737/657
f 216/259/227 3696/4574/3851 4430/260/228
f 2975/5091/3144 926/1114/993 4095/5092/3235
f 2975/3666/3144 2977/3668/3146 3753/4652/3910
f 2975/3666/3144 4095/5093/3235 2375/2891/2530
f 2975/5091/3144 2256/2756/2410 927/1115/994
f 2975/5091/3144 927/1115/994 926/1114/993
f 4096/5094/4228 3995/4971/4139 2629/3220/2794
f 4096/5094/4228 3717/5095/3872 4097/5096/4229
f 4096/5094/4228 2629/3220/2794 101/5097/107
f 4096/5094/4228 4464/5098/4230 3995/4971/4139
f 4096/5094/4228 4097/5096/4229 4464/5098/4230
f 4096/5099/4228 101/5100/107 3717/5101/3872
f 4098/5102/4231 4099/5103/4232 4100/5104/4233
f 4098/5102/4231 4100/5104/4233 4198/5105/4234
f 2642/3240/2803 4059/5043/4192 4060/5045/3827
f 2642/3240/2803 2641/3239/2804 4059/5043/4192
f 4085/5080/4219 4101/5106/4235 2879/3542/3043
f 4085/5080/4219 165/190/173 168/193/176
f 4085/5080/4219 2879/3542/3043 4102/5107/3802
f 4085/5080/4219 168/193/176 4101/5106/4235
f 4103/5108/1913 2468/773/688 1784/3479/1914
f 4103/2177/1913 1788/2176/1917 4104/5109/4236
f 4103/2177/1913 4104/5109/4236 4105/5110/4237
f 4103/2177/1913 4105/5110/4237 1688/2063/1813
f 4103/2177/1913 1688/2063/1813 2468/3016/688
f 4107/5111/4238 4106/5112/4091 3063/3784/3239
f 4107/5113/4238 1007/1216/1080 3950/4908/4092
f 4107/5113/4238 3950/4908/4092 4106/4907/4091
f 4107/5111/4238 4108/5114/4239 1007/1214/1080
f 4107/5111/4238 3063/3784/3239 4108/5114/4239
f 4106/5112/4091 3064/3785/3240 3063/3784/3239
f 3415/4219/3589 2940/3621/3109 781/945/839
f 3415/4219/3589 1564/1913/1684 1563/1912/1683
f 3415/4219/3589 3416/4221/3590 1564/1913/1684
f 3415/4219/3589 1563/1912/1683 2940/3621/3109
f 4109/5115/4240 4110/5116/4241 4111/5117/4242
f 4109/5115/4240 4112/5118/4243 4113/5119/4244
f 4109/5115/4240 4114/5120/4245 4115/5121/4246
f 4109/5115/4240 4113/5119/4244 4110/5116/4241
f 4109/5115/4240 4116/5122/4247 4114/5120/4245
f 4109/5115/4240 4115/5121/4246 4112/5118/4243
f 4109/5115/4240 4111/5117/4242 4116/5122/4247
f 2158/2631/2311 4117/5123/4248 2159/2632/2312
f 2158/2631/2311 4118/5124/4249 4117/5123/4248
f 2158/2637/2311 2162/2636/2310 4118/5125/4249
f 4119/5126/4250 2666/5127/2826 4120/5128/4251
f 4119/5129/4250 4121/5130/4252 2664/3271/2827
f 4119/5129/4250 2664/3271/2827 2666/3270/2826
f 4119/5126/4250 4120/5128/4251 4121/5131/4252
f 2958/3641/3126 4122/5132/4253 4123/5133/4254
f 2958/3641/3126 4870/3644/3127 4122/5132/4253
f 2958/3641/3126 4124/5134/4255 1289/1568/1385
f 2958/3641/3126 4123/5133/4254 4124/5134/4255
f 2393/2921/2553 290/352/307 289/351/306
f 2393/2921/2553 289/351/306 3426/4234/3603
f 3428/4236/3605 3431/4239/3608 4125/5135/4256
f 3428/4236/3605 4126/5136/4257 4127/5137/4258
f 3428/4236/3605 4127/5137/4258 3429/4237/3606
f 3428/4236/3605 4125/5135/4256 4126/5136/4257
f 3186/3937/3362 3435/4243/3612 3187/3938/3363
f 3186/3937/3362 646/777/692 3436/4244/3613
f 3186/3937/3362 3436/4244/3613 3435/4243/3612
f 3198/3954/3375 3871/4804/4028 3199/3955/3376
f 3198/3954/3375 1337/1616/1432 3871/4804/4028
f 2686/3295/2847 1650/2016/1774 2687/3296/2848
f 2686/3295/2847 1653/2019/1777 1650/2016/1774
f 2686/3295/2847 2694/3303/2855 1653/2019/1777
f 4128/5138/4259 1996/5139/2137 4129/5140/2139
f 4128/5138/4259 1707/5141/1833 1706/5142/1832
f 4128/5138/4259 1706/5142/1832 1996/5139/2137
f 3393/4188/3568 3131/3866/3305 4130/5143/4260
f 3393/4188/3568 3395/4190/3570 3131/3866/3305
f 3393/4188/3568 4130/5143/4260 3394/4189/3569
f 3134/3869/3308 3135/3870/3309 4131/5144/4261
f 3134/3869/3308 4132/5145/4262 950/1141/1020
f 3134/3869/3308 4131/5144/4261 4132/5145/4262
f 3134/3869/3308 950/1141/1020 949/1140/1019
f 4133/4371/3702 203/246/214 1620/1984/1742
f 4133/5146/3702 3538/5147/3703 4134/5148/4263
f 4133/4371/3702 4134/5149/4263 203/246/214
f 4133/4371/3702 1620/1984/1742 3138/3874/3313
f 3907/1534/1353 2235/2732/2389 4135/3945/3369
f 3907/4847/1353 4135/5150/3369 3865/4798/4022
f 3907/1534/1353 1265/1536/1355 2235/2732/2389
f 4136/5151/4264 4137/5152/4265 3300/4077/3476
f 4136/5151/4264 3300/4077/3476 4138/5153/4266
f 2554/3123/2716 2558/3127/2718 3739/4638/3896
f 1047/1271/1126 4573/5154/4267 2563/3132/250
f 1047/1271/1126 1050/1274/1129 4573/5154/4267
f 1047/1271/1126 2563/3132/250 1048/1272/1127
f 3168/3907/3344 4139/5155/4268 3169/3908/3345
f 2258/2759/2413 257/310/272 2259/2760/2414
f 2258/2759/2413 3173/3917/3349 257/310/272
f 1797/2187/1926 4140/5156/4269 1012/1220/1085
f 1797/2187/1926 1796/2186/1925 4140/5156/4269
f 3183/3930/3359 3096/3821/3269 3095/3820/3268
f 3183/3930/3359 3099/3824/3272 3096/3821/3269
f 4141/5157/4270 2312/2817/663 2314/2822/2468
f 4141/5158/4270 4142/5159/4271 3988/4959/4132
f 4141/5158/4270 3988/4959/4132 3987/4958/4131
f 4141/5158/4270 624/746/664 2312/745/663
f 4141/5157/4270 2314/2822/2468 4142/5160/4271
f 4141/5158/4270 3987/4958/4131 624/746/664
f 518/622/553 3653/621/552 3656/5161/3816
f 518/622/553 3656/5161/3816 4143/5162/4272
f 1311/1590/1406 2663/3269/2825 1312/1591/1407
f 1311/3942/1406 3190/3941/3366 3722/4610/3877
f 547/654/585 552/662/589 548/655/586
f 547/654/585 4144/5163/4273 552/662/589
f 547/654/585 4145/5164/4274 4144/5163/4273
f 547/654/585 551/663/588 4145/5164/4274
f 745/899/799 744/898/798 1819/2213/1951
f 745/899/799 1819/2213/1951 1320/1599/1415
f 3772/4674/3929 3306/4083/3482 2203/2692/2358
f 3772/4674/3929 4146/5165/4275 3306/4083/3482
f 4147/5166/4276 306/368/323 4148/5167/4277
f 4147/5166/4276 309/371/326 306/368/323
f 4147/5166/4276 4149/5168/4278 309/371/326
f 4147/5166/4276 4150/5169/4279 4151/5170/4280
f 4147/5166/4276 4148/5167/4277 4150/5169/4279
f 4147/5166/4276 4152/5171/4281 4149/5168/4278
f 4147/5166/4276 4151/5170/4280 4152/5171/4281
f 1054/1278/1133 1053/1277/1132 3896/4834/4048
f 1054/1278/1133 3898/4836/4050 1055/1279/1134
f 1061/1289/1140 1062/1288/1141 1403/1709/1507
f 3934/4885/4080 4153/5172/1157 1350/1641/1449
f 3934/4885/4080 1350/1641/1449 3553/4388/3718
f 3934/4885/4080 1074/4887/1158 4153/5172/1157
f 4154/5173/4282 4170/5174/4283 4155/5175/4284
f 4154/5173/4282 4156/5176/4285 4157/5177/4286
f 4154/5173/4282 4158/5178/4287 4170/5174/4283
f 4154/5173/4282 4155/5175/4284 4156/5176/4285
f 4154/5173/4282 4157/5177/4286 4158/5178/4287
f 3956/4917/4099 2000/2437/2142 4159/5179/4288
f 3956/4917/4099 1632/1998/1756 1636/2002/1760
f 3956/4917/4099 1636/2002/1760 2933/3614/3102
f 3956/4917/4099 4159/5179/4288 1632/1998/1756
f 1371/1672/1471 4073/5061/4208 514/615/548
f 1374/1675/1474 3906/4846/4058 1104/1341/1190
f 37/49/41 3235/3994/3409 2336/2848/2492
f 37/49/41 40/52/44 802/972/862
f 37/49/41 802/972/862 3235/3994/3409
f 37/49/41 2336/2848/2492 38/50/42
f 3467/1687/1486 1382/1686/1485 3242/5180/3416
f 3467/4279/1486 3242/4002/3416 3241/4001/3415
f 1464/1779/1570 2796/3430/2959 3440/4248/3617
f 1464/1779/1570 3440/4248/3617 3442/4250/3619
f 1464/1779/1570 4160/5181/4289 1465/1780/1571
f 1464/1779/1570 3442/4250/3619 4160/5181/4289
f 3649/4510/3810 4226/5182/4290 3650/4511/3811
f 3649/4510/3810 4161/5183/3552 4226/5182/4290
f 3254/4014/3428 4162/5184/4291 4052/5035/4185
f 3254/4014/3428 4163/5185/4292 4162/5184/4291
f 3254/4014/3428 4164/5186/4293 1131/1373/1218
f 3254/4014/3428 4052/5035/4185 4164/5186/4293
f 3254/4014/3428 3255/4015/3429 4163/5185/4292
f 128/150/136 131/153/139 1610/1971/1732
f 3881/4814/4038 1612/1973/1734 1616/1978/1738
f 3881/4814/4038 1616/1978/1738 3882/4815/4039
f 3881/4814/4038 4131/5144/4261 1612/1973/1734
f 3881/4814/4038 1250/1518/1337 4131/5144/4261
f 4165/5187/4294 2689/3298/2850 4166/5188/4295
f 4165/5187/4294 79/95/84 2690/3299/2851
f 4165/5187/4294 4167/5189/4296 80/96/85
f 4165/5187/4294 80/96/85 79/95/84
f 4165/5187/4294 2690/3299/2851 2689/3298/2850
f 4165/5187/4294 4166/5188/4295 4167/5189/4296
f 1837/2234/1969 4168/5190/4297 1838/2235/1970
f 1837/2238/1969 1839/2237/1971 4169/5191/4298
f 1837/2234/1969 4169/5192/4298 4168/5190/4297
f 4172/5193/4299 4170/5194/4283 4657/5195/4300
f 4172/5193/4299 4657/5195/4300 4171/5196/4301
f 4172/5197/4299 4155/5175/4284 4170/5174/4283
f 3400/5198/3574 2475/3024/2635 1852/2256/1983
f 3400/4197/3574 4779/4201/495 3272/4034/2344
f 3400/5198/3574 3272/2675/2344 2475/3024/2635
f 3273/4038/3448 3813/4731/3971 4173/5199/4302
f 3273/4038/3448 4173/5199/4302 1858/2260/1989
f 4174/5200/4303 4175/5201/4304 1461/1776/1567
f 4174/5200/4303 1461/1776/1567 3814/4732/3972
f 4174/5200/4303 4176/5202/4305 4175/5201/4304
f 4179/5203/4306 3355/4146/3530 4177/5204/4307
f 4179/5203/4306 4180/4965/4136 892/1077/958
f 4179/5203/4306 887/1072/953 3355/4146/3530
f 4179/5205/4306 4177/5206/4307 4178/5207/4308
f 4179/5208/4306 4181/5209/4309 4180/5210/4136
f 4179/5205/4306 4178/5207/4308 4181/5211/4309
f 4179/5203/4306 892/1077/958 887/1072/953
f 135/157/143 4182/5212/4310 136/158/144
f 135/157/143 138/160/146 2213/2705/2367
f 135/157/143 2213/2705/2367 4182/5212/4310
f 2968/3659/3137 2966/3657/3135 2265/2766/2420
f 1202/1463/1290 2224/1462/1292 3861/5213/4018
f 1202/1463/1290 3861/5213/4018 4183/5214/4074
f 1202/1459/1290 3926/4872/4075 4756/1460/1291
f 3292/4063/3466 4725/558/499 468/560/501
f 3292/4063/3466 468/560/501 3509/4337/3677
f 3292/4063/3466 3509/4337/3677 3293/4064/3467
f 3292/4063/3466 4184/5215/3468 4725/558/499
f 4185/5216/4311 505/600/539 4186/5217/1663
f 4185/5216/4311 2529/3089/2691 4187/5218/4312
f 4185/5216/4311 2530/3090/2692 2529/3089/2691
f 4185/5216/4311 4831/5219/4313 509/601/540
f 4185/5216/4311 509/601/540 505/600/539
f 4185/5216/4311 4186/5217/1663 2530/3090/2692
f 4185/5216/4311 4187/5218/4312 4831/5219/4313
f 318/386/338 1214/4913/1304 319/387/339
f 318/386/338 317/385/337 3667/4529/3828
f 478/570/511 634/763/678 3781/4684/3939
f 2976/3667/3145 3915/4858/4064 4188/5220/4314
f 2976/3667/3145 3916/4859/4065 3915/4858/4064
f 2976/3667/3145 2978/3669/3147 3916/4859/4065
f 2976/3667/3145 4188/5220/4314 2977/3668/3146
f 3529/4361/3694 1336/1615/1431 1338/1617/1433
f 3529/4361/3694 1338/1617/1433 3530/4362/3695
f 3529/4361/3694 4189/5221/4315 1336/1615/1431
f 2610/3189/2773 496/588/529 2611/3190/2774
f 2610/3189/2773 497/589/530 496/588/529
f 231/275/243 233/277/245 2991/3683/3161
f 231/275/243 2993/3685/3163 232/276/244
f 4190/5222/4316 1369/1668/1469 4191/5223/4317
f 4190/5222/4316 2998/3691/3168 1369/1668/1469
f 4190/5222/4316 4191/5223/4317 4652/5224/4318
f 4190/5222/4316 4652/5224/4318 2998/3691/3168
f 4030/5010/793 4192/5225/4319 3482/4297/3652
f 4030/893/793 741/895/795 4192/5226/4319
f 4030/5010/793 3482/4297/3652 3480/4295/3651
f 2501/3056/2659 2500/3055/2662 2820/3458/2986
f 2501/3048/2659 3006/5227/3177 2497/3049/2660
f 4919/5228/4320 4193/5229/4321 4194/5230/4322
f 4919/5228/4320 4194/5230/4322 4195/5231/4323
f 181/219/24 4183/4871/4074 798/963/856
f 181/219/24 798/963/856 4621/220/193
f 4196/5232/4324 4198/5233/4234 4197/5234/4325
f 4196/5235/4324 2069/2521/2217 2070/2522/2218
f 4196/5236/4324 2070/2525/2218 2072/2524/2219
f 4196/5237/4324 2072/5238/2219 4198/5239/4234
f 278/331/293 279/333/295 4199/5240/4326
f 278/331/293 4199/5240/4326 2358/2873/2517
f 550/661/587 552/660/589 4200/5241/2627
f 550/657/587 4200/3014/2627 3266/4028/3441
f 550/657/587 3266/4028/3441 551/658/588
f 4201/5242/4327 4202/5243/4328 2370/2888/2527
f 4201/5242/4327 2370/2888/2527 2366/2884/2523
f 4201/5242/4327 4203/5244/4329 4202/5243/4328
f 4204/5245/4330 4066/5052/4199 4205/5246/4331
f 4204/5245/4330 4206/5247/4332 4067/5053/4200
f 4204/5245/4330 4207/5248/4333 4208/5249/4334
f 4204/5245/4330 4067/5053/4200 4066/5052/4199
f 4204/5245/4330 4205/5246/4331 4207/5248/4333
f 4204/5245/4330 4208/5249/4334 4206/5247/4332
f 4027/5005/4163 2974/3665/3143 2973/3664/3142
f 725/873/776 4209/5250/117 4210/5251/4335
f 725/873/776 727/875/778 4209/5250/117
f 725/873/776 4210/5251/4335 573/688/611
f 4211/5252/4336 4212/5253/4337 4213/5254/4338
f 4211/5252/4336 1174/1425/1261 4212/5253/4337
f 4211/5252/4336 4502/5255/4339 3839/4769/3998
f 4211/5252/4336 3839/4769/3998 1174/1425/1261
f 4211/5252/4336 2982/5256/3152 4502/5255/4339
f 4211/5257/4336 4213/5258/4338 2982/3674/3152
f 2485/3034/2645 2988/3680/3158 2486/3035/2646
f 2485/3034/2645 3816/4734/3974 2989/3681/3159
f 2485/3034/2645 2989/3681/3159 2988/3680/3158
f 2485/3034/2645 2487/3036/2647 3816/4734/3974
f 3569/5259/3734 589/705/628 4214/5260/4340
f 3569/5259/3734 4214/5260/4340 3570/4228/3597
f 3569/5259/3734 4215/5261/4341 589/705/628
f 3569/5262/3734 4216/5263/2890 4215/5264/4341
f 4217/5265/4342 4218/5266/4343 4219/5267/4344
f 4217/5265/4342 4219/5267/4344 3672/4538/3833
f 4217/5265/4342 3672/4538/3833 669/801/715
f 4217/5265/4342 4220/5268/4345 4218/5266/4343
f 747/901/801 3635/4495/3795 4221/5269/4346
f 747/901/801 748/902/802 3635/4495/3795
f 747/901/801 4221/5269/4346 3037/3751/3211
f 4222/5270/4347 4223/5271/4348 535/641/572
f 4222/5270/4347 534/640/571 4224/5272/4349
f 4222/5270/4347 4224/5272/4349 3041/3755/3215
f 4222/5270/4347 535/641/572 534/640/571
f 4222/5270/4347 3040/3754/3214 4223/5271/4348
f 4222/5270/4347 3041/3755/3215 3040/3754/3214
f 4226/5182/4290 4161/5183/3552 4225/5273/4350
f 4226/5274/4290 4227/5275/4351 3650/5276/3811
f 4226/5274/4290 4225/5277/4350 4227/5275/4351
f 3047/3763/3222 4228/5278/4352 4229/5279/4353
f 3047/3763/3222 4229/5279/4353 3641/4501/3801
f 3047/3763/3222 757/911/811 4228/5278/4352
f 72/88/77 4230/5280/4354 4231/5281/4355
f 72/88/77 4231/5281/4355 3050/3766/3224
f 72/88/77 74/90/79 4232/5282/4356
f 72/88/77 4232/5282/4356 4230/5280/4354
f 3052/3768/3226 4233/5283/4357 3053/3769/3227
f 3052/3768/3226 1143/753/671 4234/5284/4358
f 3052/3768/3226 4234/5284/4358 4233/5283/4357
f 4235/5285/816 2129/5286/2281 2644/5287/2805
f 4235/5285/816 2644/5287/2805 4877/5288/817
f 2133/2602/2284 4236/5289/4359 2134/2603/2285
f 2133/2602/2284 2135/2604/2286 4236/5289/4359
f 3878/4811/4035 4130/5143/4260 4237/5290/4360
f 3878/4811/4035 3394/4189/3569 4130/5143/4260
f 3878/4811/4035 3879/4812/4036 3394/4189/3569
f 3878/4811/4035 4237/5290/4360 3449/4259/3625
f 2748/3370/2908 2750/3372/2910 1401/1707/1506
f 2748/3370/2908 1401/1707/1506 1400/1706/1505
f 2898/3576/3063 2904/3575/3069 2162/2636/2310
f 2898/3569/3063 2579/3152/2742 2899/3570/3064
f 4238/5291/391 4239/5292/4361 4240/5293/392
f 4238/5291/391 369/1254/393 1033/1250/1112
f 4238/5291/391 1033/1250/1112 1432/1742/1536
f 4238/5291/391 1432/1742/1536 4239/5292/4361
f 4241/5294/4362 4242/5295/4363 4243/5296/4364
f 4241/5294/4362 2822/3460/2988 4244/5297/4365
f 4241/5294/4362 901/1086/967 4242/5295/4363
f 4241/5294/4362 3993/4966/4137 901/1086/967
f 4241/5294/4362 4243/5296/4364 2822/3460/2988
f 4241/5294/4362 4244/5297/4365 4245/5298/4366
f 4241/5294/4362 4245/5298/4366 3993/4966/4137
f 2240/2737/2394 2426/2964/2586 1041/1262/1120
f 22/29/24 1639/2005/1763 4246/5299/4367
f 22/29/24 4246/5299/4367 23/30/25
f 2244/2741/2398 1771/2155/1897 4247/5300/4368
f 3335/4120/3509 3107/3835/3280 4248/5301/4369
f 3335/4120/3509 4248/5301/4369 3336/4121/3510
f 3335/4120/3509 3337/4122/3511 3108/3836/3281
f 3335/4120/3509 3108/3836/3281 3107/3835/3280
f 1468/1783/1574 477/569/510 4249/5302/4370
f 1468/1783/1574 4250/5303/4371 4527/5304/4372
f 1468/1783/1574 4249/5302/4370 4250/5303/4371
f 1468/1783/1574 4527/5304/4372 1469/1784/1575
f 4251/5305/4373 1465/1780/1571 4160/5181/4289
f 4251/5305/4373 4252/5306/4374 1465/1780/1571
f 4251/5305/4373 4253/5307/4375 4252/5306/4374
f 4251/5305/4373 3441/4249/3618 4254/5308/4376
f 4251/5305/4373 4254/5308/4376 4255/5309/4377
f 4251/5305/4373 4160/5181/4289 3441/4249/3618
f 4251/5305/4373 4255/5309/4377 4253/5307/4375
f 2082/2540/2232 4863/5310/4378 2213/2701/2367
f 2082/2540/2232 2086/2545/2235 4256/5311/4379
f 2082/2540/2232 4256/5311/4379 4863/5310/4378
f 2273/2774/2428 2272/2773/2427 4257/5312/4380
f 2273/2774/2428 4257/5312/4380 2099/2562/2249
f 4258/5313/4381 4529/5314/4382 4259/5315/4383
f 4258/5313/4381 3921/4864/4069 2618/4866/2782
f 4258/5313/4381 2939/3620/3108 2938/3619/3107
f 4258/5313/4381 2618/4866/2782 4529/5314/4382
f 4258/5313/4381 4259/5315/4383 2939/3620/3108
f 4258/5313/4381 2938/3619/3107 3921/4864/4069
f 2285/5316/2439 2108/2572/2258 3392/4187/3567
f 2285/5316/2439 882/5317/948 2108/2572/2258
f 2285/5316/2439 3392/4187/3567 4260/5318/2440
f 2285/2786/2439 883/1068/949 882/1067/948
f 889/1074/955 3166/4964/3342 4261/5319/4384
f 889/1074/955 4261/5319/4384 890/1075/956
f 455/532/481 3359/4151/3534 3358/4150/3533
f 455/532/481 3358/4150/3533 4262/5320/4385
f 455/532/481 4262/5320/4385 456/533/482
f 455/532/481 461/536/485 3359/4151/3534
f 3869/5321/4026 3867/5322/4024 4857/5323/4386
f 4263/5324/4387 2331/2843/2487 1376/1677/1476
f 4263/5324/4387 4264/5325/4388 2331/2843/2487
f 4263/5324/4387 1375/1676/1475 4264/5325/4388
f 4263/5324/4387 1376/1677/1476 1375/1676/1475
f 3734/4628/3892 2234/2730/2388 2233/2729/2387
f 3734/4628/3892 2733/3355/2893 1988/2424/2129
f 3734/4628/3892 1988/2424/2129 2234/2730/2388
f 1470/1785/1576 919/1106/985 2078/2533/2225
f 1470/1785/1576 1469/1784/1575 4265/5326/4389
f 1470/1785/1576 4265/5326/4389 919/1106/985
f 4266/5327/4390 3245/4005/3419 3247/4007/3421
f 4266/5327/4390 3951/4910/4093 4267/5328/4391
f 4266/5327/4390 1006/1213/1079 3245/4005/3419
f 4266/5327/4390 4267/5328/4391 1006/1213/1079
f 4266/5327/4390 3247/4007/3421 3951/4910/4093
f 4268/5329/4392 4269/5330/4393 4270/5331/4394
f 4268/5329/4392 4271/5332/4395 4272/5333/4396
f 4268/5329/4392 4273/5334/4397 4274/5335/4398
f 4268/5329/4392 4274/5335/4398 4271/5332/4395
f 4268/5329/4392 4270/5331/4394 4273/5334/4397
f 4268/5329/4392 4272/5333/4396 4269/5330/4393
f 934/1122/1001 11/16/13 3953/4914/4096
f 3602/4458/3763 3603/4459/3764 4275/5336/4399
f 3602/4458/3763 4275/5336/4399 4081/5072/4215
f 4276/5337/4400 3610/5338/3770 154/5339/162
f 4276/5337/4400 3388/4183/3564 3610/5338/3770
f 4276/5337/4400 3389/4184/3565 3388/4183/3564
f 1907/2323/2041 1910/2326/2044 3706/4586/3862
f 1907/2323/2041 4029/5008/4165 1908/2324/2042
f 1907/2323/2041 3706/4586/3862 4029/5008/4165
f 951/1147/1022 954/1146/1024 4277/5340/4401
f 951/1147/1022 4277/5340/4401 3564/4404/3727
f 2291/2794/2446 4278/5341/4402 84/100/89
f 2291/2799/2446 2293/2797/2448 4278/5342/4402
f 2235/2732/2389 1748/2132/1874 1750/2134/1876
f 4279/5343/4403 1759/2143/1885 3912/4853/4061
f 4279/5343/4403 4280/5344/4404 1759/2143/1885
f 3406/4206/3579 4281/5345/4405 1529/1867/1647
f 3406/4206/3579 3408/4207/3580 4281/5345/4405
f 3406/4206/3579 1529/1867/1647 1527/1865/1645
f 4282/5346/4406 1003/1208/1076 855/1035/919
f 4282/5346/4406 855/1035/919 854/1034/918
f 3778/4680/3935 4283/5347/4407 3779/4681/3936
f 3778/4680/3935 4284/5348/4408 4285/5349/4409
f 3778/4680/3935 3780/4682/3937 4284/5348/4408
f 3778/4680/3935 4285/5349/4409 4283/5347/4407
f 3178/3924/3356 1723/3926/1849 4286/5350/4410
f 3178/3924/3356 4287/5351/4411 4288/5352/4412
f 3178/3924/3356 4286/5350/4410 4287/5351/4411
f 3178/3924/3356 4288/5352/4412 3179/3925/3357
f 1801/3931/1930 3095/3820/3268 1602/1962/1725
f 1801/2191/1930 1601/1965/1724 1802/2192/1931
f 1801/3931/1930 1602/1962/1725 1601/1961/1724
f 2980/3671/3149 2982/3674/3152 4213/5258/4338
f 2980/3671/3149 4289/5353/4413 4093/5089/4226
f 2980/3671/3149 4093/5089/4226 2981/3672/3150
f 2980/3671/3149 4213/5258/4338 4289/5353/4413
f 2985/3677/3155 1808/2199/1937 2986/3678/3156
f 2985/3677/3155 2989/3681/3159 583/698/621
f 3884/5354/3595 2226/2719/2379 2227/2722/2380
f 3884/4226/3595 2834/3485/2997 2226/3484/2379
f 4290/5355/2381 2835/3487/2999 2228/2731/2382
f 4290/5355/2381 4291/3488/3000 2835/3487/2999
f 4290/2723/2381 595/713/636 4291/5356/3000
f 2173/2655/2325 2175/2657/24 2590/3164/2753
f 2173/2655/2325 2592/3166/2755 2174/2656/2326
f 4292/5357/4414 4293/5358/4415 4294/5359/4416
f 4292/5357/4414 4295/5360/4417 3534/4366/3699
f 4292/5357/4414 4294/5359/4416 4295/5360/4417
f 4292/5357/4414 3533/4365/3698 4293/5358/4415
f 4292/5357/4414 3534/4366/3699 3533/4365/3698
f 435/511/460 437/513/462 4296/5361/4418
f 435/511/460 4296/5361/4418 3682/4553/3840
f 435/511/460 3682/4553/3840 1825/2220/1957
f 1053/1277/1132 4297/5362/4419 3896/4834/4048
f 1053/1277/1132 3512/4340/3680 4297/5362/4419
f 4298/5363/1145 4299/5364/4420 4300/5365/3438
f 4298/5363/1145 1065/5366/1147 4299/5364/4420
f 4298/4345/1145 4300/4025/3438 3260/4021/3434
f 4298/4345/1145 3260/4021/3434 3516/4346/3683
f 617/738/658 618/739/659 1841/2241/1973
f 617/5367/658 4301/5368/4421 620/741/655
f 617/5367/658 1841/2240/1973 4301/5368/4421
f 4302/5369/4422 3210/3966/3387 3211/3967/3388
f 4302/5369/4422 3211/3967/3388 1075/1307/1159
f 560/671/597 558/669/595 3022/3729/3197
f 3936/1325/1176 3909/4849/1354 1092/1326/1177
f 3936/1325/1176 3029/1328/1178 4303/5370/2538
f 1643/2009/1767 829/1004/891 3224/3981/3399
f 1643/2009/1767 1646/2012/1770 829/1004/891
f 2724/3339/2883 1100/1337/1186 1099/1336/1185
f 1104/1341/1190 3906/4846/4058 439/515/464
f 1104/1341/1190 439/515/464 4304/5371/4423
f 1104/1341/1190 4304/5371/4423 3318/4100/3493
f 2599/3175/2762 4305/5372/4424 1111/1349/1198
f 2599/3175/2762 1110/1348/1197 2600/3176/2763
f 2599/3175/2762 2602/3178/2765 4305/5372/4424
f 2599/3175/2762 1111/1349/1198 1110/1348/1197
f 1623/1988/1746 1626/1991/1749 4306/5373/4425
f 1623/1988/1746 4306/5373/4425 1624/1989/1747
f 3736/5374/3894 3643/4504/3804 3737/5375/3781
f 3736/4631/3894 3130/3863/3304 3128/3865/3302
f 3736/5374/3894 3128/3860/3302 3644/4505/3805
f 3736/5374/3894 3644/4505/3805 3643/4504/3804
f 4307/5376/4426 1576/1927/1697 3650/5276/3811
f 4307/5376/4426 3650/5276/3811 4227/5275/4351
f 4307/5376/4426 1577/1928/1698 1576/1927/1697
f 4162/5184/4291 1392/1698/1497 4053/5036/4186
f 4162/5184/4291 4163/5185/4292 1392/1698/1497
f 4162/5184/4291 4053/5036/4186 4052/5035/4185
f 1397/1703/1502 1583/1935/1703 1398/1704/1503
f 1397/1703/1502 1401/1707/1506 2750/3372/2910
f 4308/5377/4427 4309/5378/4428 1733/2111/1861
f 4308/5377/4427 4310/5379/4429 2221/2713/2376
f 4308/5377/4427 2221/2713/2376 2222/2714/2377
f 4308/5377/4427 2222/2714/2377 4309/5378/4428
f 4308/5377/4427 1732/2110/1860 627/750/668
f 4308/5377/4427 627/750/668 4310/5379/4429
f 4308/5377/4427 1733/2111/1861 1732/2110/1860
f 697/836/746 3914/4857/4063 698/837/747
f 697/836/746 4249/5302/4370 3914/4857/4063
f 697/836/746 3341/4128/3516 4249/5302/4370
f 2309/2814/2462 483/575/516 482/574/515
f 2309/2814/2462 2310/2815/2463 3208/3964/3385
f 4311/5380/4430 4312/5381/4431 2029/2467/2172
f 4311/5380/4430 4313/5382/4432 4312/5381/4431
f 4311/5380/4430 3859/4790/4016 4313/5382/4432
f 4311/5380/4430 4314/5383/4433 4315/5384/4434
f 4311/5380/4430 4316/5385/4435 4314/5383/4433
f 4311/5380/4430 4315/5384/4434 3859/4790/4016
f 4311/5380/4430 2029/2467/2172 4316/5385/4435
f 1156/1400/1242 3680/4551/3838 1693/5386/1819
f 2318/2827/2473 4317/5387/4436 4318/5388/4437
f 2318/2827/2473 4318/5388/4437 2319/2828/2474
f 2318/2827/2473 1165/1416/1252 4317/5387/4436
f 1169/1420/1256 2774/3400/2938 1170/1421/1257
f 4269/5330/4393 4319/5389/4438 4320/5390/4439
f 4269/5330/4393 4272/5333/4396 4319/5389/4438
f 3277/4044/3451 3276/4043/3452 2778/3405/2941
f 3277/4041/3451 2777/2840/2484 1500/1820/1610
f 3277/4044/3451 2778/3405/2941 2777/3404/2484
f 3277/4041/3451 1500/1820/1610 1865/2268/1996
f 1188/1444/1277 1187/1443/1276 4321/5391/4440
f 4322/5392/4441 1937/2363/2076 4323/5393/4442
f 4322/5392/4441 4324/5394/4443 4325/5395/4444
f 4322/5392/4441 995/1199/1067 997/1201/1069
f 4322/5392/4441 997/1201/1069 1937/2363/2076
f 4322/5392/4441 4323/5393/4442 4324/5394/4443
f 4322/5392/4441 4325/5395/4444 995/1199/1067
f 2497/3049/2660 4104/5109/4236 2498/3050/2661
f 2497/3049/2660 3006/5227/3177 4104/5109/4236
f 3808/4726/3966 4326/5396/4445 178/209/187
f 3808/4726/3966 3122/3853/3296 3121/3852/3295
f 3808/4726/3966 1922/2345/2059 3122/3853/3296
f 3808/4726/3966 3121/3852/3295 4326/5396/4445
f 2790/3420/2952 1457/1772/1563 4327/5397/4446
f 2790/3420/2952 4327/5397/4446 4328/5398/4447
f 3011/3712/3185 4726/3714/3187 152/174/160
f 3011/3712/3185 4068/5054/4201 3012/3713/3186
f 3011/3712/3185 152/174/160 148/170/156
f 3011/3712/3185 148/170/156 4068/5054/4201
f 4329/5399/4448 3261/5400/3435 4299/5364/4420
f 4329/5399/4448 4299/5364/4420 4330/5401/4449
f 4329/5399/4448 2252/2750/2406 3261/5400/3435
f 4329/5402/4448 4330/5403/4449 3520/5404/3686
f 4329/5399/4448 4331/5405/4450 2252/2750/2406
f 4332/5406/4451 4334/5407/4452 4333/5408/4453
f 4332/5409/4451 4810/5410/4454 4334/5411/4452
f 1420/1726/1522 4142/5160/4271 1418/1727/1523
f 1420/5412/1522 4335/5413/4455 4142/5414/4271
f 1420/5412/1522 1419/5415/1524 4336/5416/4456
f 1420/5412/1522 4336/5416/4456 4335/5413/4455
f 3188/3939/3364 3532/4364/3697 647/778/693
f 3188/3939/3364 3189/3940/3365 3532/4364/3697
f 3188/3939/3364 647/778/693 646/777/692
f 1853/2253/1984 105/125/111 2628/5417/2793
f 1651/2017/1775 3666/4527/3826 1652/2018/1776
f 661/792/707 664/795/710 1983/2420/2124
f 661/792/707 1983/2420/2124 3538/4372/3703
f 4337/5418/4457 2499/3052/2657 3822/4742/3978
f 4337/5418/4457 2500/3053/2662 2499/3052/2657
f 4337/5418/4457 3822/4742/3978 4338/5419/4458
f 4337/5418/4457 4338/5419/4458 1886/5420/2018
f 4337/5421/4457 1886/2296/2018 1881/2289/2014
f 4339/5422/4459 4340/5423/4460 4341/5424/4461
f 4339/5422/4459 4342/5425/4462 4340/5423/4460
f 4339/5422/4459 4341/5424/4461 4343/5426/4463
f 2508/3063/2669 2509/3064/2670 3825/4749/3981
f 692/830/741 2461/3005/2621 3258/4018/3432
f 692/830/741 690/829/740 2461/3005/2621
f 2019/2456/2161 2582/3156/2745 2020/2457/2162
f 2019/2456/2161 2024/2461/2166 1313/1592/1408
f 4344/5427/3458 251/851/265 3284/2462/2167
f 4344/5428/3458 1528/1866/1646 4281/5345/4405
f 4344/5427/3458 4281/5429/4405 251/851/265
f 705/853/756 4026/5004/4162 706/854/757
f 705/853/756 2842/3497/3006 4026/5004/4162
f 4345/5430/4464 4346/5431/4465 4347/5432/4466
f 4345/5430/4464 4348/5433/4467 4349/5434/4468
f 4345/5430/4464 4347/5432/4466 4348/5433/4467
f 4345/5430/4464 4350/5435/4469 4346/5431/4465
f 4345/5430/4464 4349/5434/4468 4350/5435/4469
f 719/867/770 1923/2346/2060 720/868/771
f 719/867/770 4351/5436/4470 1923/2346/2060
f 2197/2684/2352 1553/1898/1672 2198/2685/2353
f 2197/2684/2352 1554/1899/1673 1553/1898/1672
f 2197/2689/2352 730/879/782 2858/3514/3022
f 2197/2684/2352 1223/1486/1314 1554/1899/1673
f 2197/2689/2352 2200/2688/2355 730/879/782
f 2197/2684/2352 2858/3513/3022 1223/1486/1314
f 3131/3866/3305 3395/4190/3570 4352/5437/4471
f 3131/3866/3305 2092/2553/2242 4130/5143/4260
f 3131/3866/3305 4352/5437/4471 2526/3085/2688
f 4353/5438/4472 4354/5439/4473 796/961/854
f 4353/5438/4472 795/960/853 4733/5440/4474
f 4353/5438/4472 796/961/854 795/960/853
f 4353/5438/4472 4733/5440/4474 1930/3522/2069
f 4353/5438/4472 4355/5441/4475 4354/5439/4473
f 4353/5438/4472 1930/3522/2069 4355/5441/4475
f 3169/3910/3345 4356/5442/2602 2442/1681/1480
f 3169/3910/3345 2442/1681/1480 1379/1680/1479
f 3169/5443/3345 4139/5444/4268 4357/5445/4476
f 3169/5443/3345 4357/5445/4476 4356/5446/2602
f 3799/4702/3952 4358/3525/3029 1941/2367/2080
f 3799/4706/3952 3798/4705/3954 4358/5447/3029
f 3799/4702/3952 1941/2367/2080 3796/4703/3953
f 750/904/804 749/903/803 4359/5448/4477
f 4360/5449/4478 4361/5450/3886 4362/5451/3891
f 4360/5449/4478 4497/5452/4479 4361/5450/3886
f 4360/5449/4478 4363/5453/3871 863/5454/928
f 4360/5449/4478 4362/5451/3891 4097/5096/4229
f 4360/5449/4478 4364/5455/4480 4497/5452/4479
f 4360/5449/4478 863/5454/928 4364/5455/4480
f 4360/5449/4478 4097/5096/4229 4363/5453/3871
f 1952/2378/2091 4365/5456/4481 4088/5084/4221
f 1952/2378/2091 1133/1375/1220 4366/5457/4482
f 1952/2378/2091 4366/5457/4482 755/909/809
f 1952/2378/2091 4088/5084/4221 1133/1375/1220
f 1952/2378/2091 1951/2377/2090 4365/5456/4481
f 3017/5458/3192 2511/5459/2672 4367/5460/4483
f 3017/3724/3192 2512/3067/2673 2511/3066/2672
f 4368/5461/1380 1291/1569/1382 4369/5462/4484
f 4368/1561/1380 4122/5463/4253 4370/5464/4485
f 4368/1561/1380 4370/5464/4485 1286/1562/1381
f 4368/5461/1380 4369/5462/4484 4122/5132/4253
f 2567/3139/2729 2571/3143/2733 332/400/352
f 2567/3139/2729 331/399/351 2568/3140/2730
f 2567/3139/2729 332/400/352 331/399/351
f 3450/4260/3626 3449/4259/3625 4237/5290/4360
f 3450/4260/3626 4371/5465/4486 4372/5466/4487
f 3450/4260/3626 4372/5466/4487 55/68/60
f 3450/4260/3626 4237/5290/4360 4371/5465/4486
f 939/1127/1006 2096/2557/2246 940/1128/1007
f 939/1127/1006 4373/5467/4488 2096/2557/2246
f 939/1127/1006 3180/2100/1850 4373/5467/4488
f 939/1127/1006 943/1131/1010 3180/2100/1850
f 2101/2565/2251 3098/3823/3271 2102/2566/2252
f 1020/1229/1094 1731/2108/1858 3332/4117/3506
f 1020/1229/1094 3332/4117/3506 1021/1230/1095
f 2900/3571/3065 3655/4516/3815 2901/3572/3066
f 2900/3571/3065 2906/3578/3071 3655/4516/3815
f 4374/5468/4489 4070/5056/4203 4558/5059/4206
f 4374/5468/4489 1739/2119/382 1737/2118/1864
f 4374/5468/4489 4375/5469/4490 3955/4916/4098
f 4374/5468/4489 4558/5059/4206 1739/2119/382
f 4374/5468/4489 3955/4916/4098 4070/5056/4203
f 4374/5468/4489 1737/2118/1864 4375/5469/4490
f 4376/5470/4491 803/973/863 805/975/865
f 4376/5470/4491 805/975/865 4377/5471/4492
f 4376/5470/4491 4378/5472/4493 4379/5473/4494
f 4376/5470/4491 3464/4276/3639 803/973/863
f 4376/5470/4491 4377/5471/4492 4378/5472/4493
f 4376/5470/4491 4379/5473/4494 3464/4276/3639
f 808/978/868 3468/4280/3642 809/979/869
f 4380/5474/4495 2415/2949/2574 4381/5475/4496
f 4380/5474/4495 4381/5475/4496 4382/5476/4497
f 4380/5474/4495 2416/2950/2575 2415/2949/2574
f 3303/4080/3479 3305/4082/3481 4383/5477/4498
f 3303/4080/3479 4045/5027/4181 2872/3531/3035
f 3303/4080/3479 4383/5477/4498 819/994/881
f 3303/4080/3479 819/994/881 4045/5027/4181
f 3303/4080/3479 2872/3531/3035 3304/4081/3480
f 823/998/885 983/1187/1055 824/999/886
f 823/998/885 1765/2149/1891 984/1188/1056
f 823/998/885 984/1188/1056 983/1187/1055
f 823/998/885 4246/5299/4367 1765/2149/1891
f 823/998/885 23/30/25 4246/5299/4367
f 241/286/254 4384/5478/4499 2924/3599/3092
f 241/286/254 242/287/255 4384/5478/4499
f 4056/5039/4189 4385/5479/4500 1143/1385/671
f 4056/5039/4189 4057/5040/4190 4385/5479/4500
f 4056/5039/4189 1143/1385/671 842/1018/905
f 521/4941/557 3980/4944/3172 4386/5480/4501
f 521/4941/557 4386/5480/4501 3002/5481/558
f 4387/5482/4502 770/932/828 2573/3145/2735
f 4387/5482/4502 3092/5483/3265 770/932/828
f 2534/3095/2695 2149/2619/2300 2535/3096/2696
f 2534/3095/2695 2536/3097/2697 868/1052/933
f 2534/3095/2695 868/1052/933 869/1053/934
f 2534/3095/2695 869/1053/934 2149/2619/2300
f 4388/5484/4503 4389/5485/4504 1278/1552/1371
f 4388/5484/4503 4001/4977/4142 4390/5486/4505
f 4388/5484/4503 4390/5486/4505 4389/5485/4504
f 4388/5484/4503 1278/1552/1371 1275/1549/1368
f 4388/5484/4503 1275/1549/1368 4001/4977/4142
f 4391/5487/4506 4392/5488/4507 1809/2200/1938
f 4391/5487/4506 3104/3830/3277 4392/5488/4507
f 4391/5487/4506 1809/2200/1938 2951/3634/3119
f 4391/5487/4506 2950/3633/3118 3104/3830/3277
f 4391/5487/4506 2951/3634/3119 2950/3633/3118
f 78/94/83 80/96/85 4393/5489/4508
f 3992/3902/3340 4180/5210/4136 4181/5209/4309
f 3992/3902/3340 4181/5209/4309 3165/3903/3341
f 4394/5490/3129 4395/5491/4509 2962/3653/3130
f 4293/5358/4415 2179/2661/2330 2178/2660/2329
f 4293/5358/4415 1823/2218/1955 4294/5359/4416
f 4293/5358/4415 4396/5492/4510 1823/2218/1955
f 4293/5358/4415 3533/4365/3698 2179/2661/2330
f 4293/5358/4415 2178/2660/2329 4397/5493/4511
f 4293/5358/4415 4397/5493/4511 4396/5492/4510
f 3235/3994/3409 2188/2670/2339 2186/2668/2337
f 3235/3994/3409 2186/2668/2337 2336/2848/2492
f 505/598/539 1547/1891/1665 4186/1889/1663
f 319/387/339 4398/5494/4512 320/388/340
f 319/387/339 1211/5495/1301 4398/5494/4512
f 319/387/339 1214/4913/1304 1211/5495/1301
f 325/393/345 327/395/347 4812/5496/4513
f 325/393/345 4812/5496/4513 4399/5497/2930
f 325/393/345 4399/5497/2930 3842/4772/4001
f 329/397/349 332/400/352 3447/4257/3624
f 4400/5498/4514 3304/4081/3480 2872/3531/3035
f 4400/5498/4514 2206/2695/2361 2205/2694/2360
f 4400/5498/4514 2872/3531/3035 2871/3530/3034
f 4400/5498/4514 2205/2694/2360 3304/4081/3480
f 4400/5498/4514 2871/3530/3034 2206/2695/2361
f 4401/5499/4515 1388/1694/1493 4402/5500/4516
f 4401/5499/4515 1389/1695/1494 1388/1694/1493
f 341/409/361 345/414/366 4403/5501/4517
f 341/409/361 4403/5501/4517 342/410/362
f 4404/5502/4518 2657/3261/2819 4405/5503/4519
f 4404/5502/4518 350/419/371 4406/5504/4520
f 4404/5502/4518 4405/5503/4519 350/419/371
f 354/423/375 4407/5505/4521 355/424/376
f 358/434/380 205/248/216 203/246/214
f 358/434/380 203/246/214 4134/5149/4263
f 358/434/380 361/432/383 205/248/216
f 358/428/380 4134/5148/4263 359/429/381
f 4408/5506/4522 4409/5507/4523 4410/5508/4524
f 4408/5506/4522 4411/5509/4525 4409/5507/4523
f 4408/5506/4522 4412/5510/4526 4411/5509/4525
f 1562/1911/1682 2381/2903/2539 2942/3623/3111
f 1562/1911/1682 2382/2904/2540 2381/2903/2539
f 1562/1911/1682 1993/2429/2134 2236/2733/2390
f 1562/1911/1682 2942/3623/3111 1563/1912/1683
f 1562/1911/1682 1567/1916/1687 1993/2429/2134
f 1562/1911/1682 2236/2733/2390 2382/2904/2540
f 4414/5511/4527 1037/1258/1117 1821/1257/1116
f 4414/5511/4527 1821/1257/1116 4413/5512/1953
f 4414/5513/4527 4413/5514/1953 4415/5515/4528
f 4414/5511/4527 4416/5516/4529 1037/1258/1117
f 4414/5511/4527 4415/5517/4528 4416/5516/4529
f 4417/5518/4530 1041/1264/1120 2425/3285/2585
f 4417/5518/4530 2425/3285/2585 2676/3284/2837
f 4417/5518/4530 1042/1265/1121 1041/1264/1120
f 1639/2005/1763 1764/2148/1890 1765/2149/1891
f 1639/2005/1763 3203/3959/3380 1764/2148/1890
f 1639/2005/1763 1765/2149/1891 4246/5299/4367
f 1639/2005/1763 1641/2007/1765 3203/3959/3380
f 4297/5362/4419 4418/5519/4531 3896/4834/4048
f 2689/3298/2850 2695/3304/2856 4166/5188/4295
f 3488/4300/3654 3557/4392/3722 3485/4301/3655
f 3488/4306/3654 3487/4305/3658 3821/4743/3979
f 3488/4300/3654 3981/4947/3977 3557/4392/3722
f 3488/4306/3654 3821/4743/3979 3981/4740/3977
f 4419/5520/4532 3089/3813/3262 4420/5521/3180
f 4419/5520/4532 4420/5521/3180 4421/5522/2470
f 4419/5520/4532 3090/3814/3263 3089/3813/3262
f 4422/5523/4533 1669/2035/1793 3386/4179/3560
f 4422/5523/4533 3386/4179/3560 4257/5312/4380
f 4422/5523/4533 2272/2773/2427 1670/2036/1794
f 4422/5523/4533 1670/2036/1794 1669/2035/1793
f 4422/5523/4533 4257/5312/4380 2272/2773/2427
f 4423/5524/4534 4092/5088/4225 2103/2567/2253
f 4423/5524/4534 4424/5525/4535 4092/5088/4225
f 4423/5524/4534 2103/2567/2253 2102/2566/2252
f 4423/5524/4534 2277/2778/2431 4425/5526/4536
f 4423/5524/4534 2278/2779/2432 2277/2778/2431
f 4423/5524/4534 4425/5526/4536 4424/5525/4535
f 4423/5524/4534 2102/2566/2252 2278/2779/2432
f 1875/2280/2008 4426/5527/4537 1879/2281/2009
f 444/520/469 4427/5528/4538 445/521/470
f 444/520/469 1099/2792/1185 4427/5528/4538
f 444/520/469 448/524/473 1099/2792/1185
f 552/662/589 4144/5163/4273 4428/5529/4539
f 552/662/589 4428/5529/4539 4200/5530/2627
f 4429/5531/3963 3696/4574/3851 459/538/484
f 4429/5531/3963 4430/260/228 3696/4574/3851
f 4429/4721/3963 3806/4723/3964 4430/5532/228
f 4429/4721/3963 459/535/484 457/534/483
f 3844/4774/4003 2119/2583/2268 4431/5533/4540
f 3844/4774/4003 3158/3894/3333 4432/5534/4541
f 3844/4774/4003 4432/5534/4541 2120/2584/2269
f 3844/4774/4003 2120/2584/2269 2119/2583/2268
f 3844/4774/4003 4431/5533/4540 650/781/696
f 3508/4336/3676 2282/2783/2436 434/510/459
f 3508/4336/3676 468/560/501 470/562/503
f 3508/4336/3676 4433/5535/4542 2282/2783/2436
f 3508/4336/3676 470/562/503 4433/5535/4542
f 4434/5536/4543 3378/4171/3552 3377/4170/3551
f 4434/5536/4543 4006/4982/4147 3751/4650/3908
f 4434/5536/4543 3377/4170/3551 4006/4982/4147
f 3915/4858/4064 3754/4653/3911 4188/5220/4314
f 3915/4858/4064 1146/1390/1234 3754/4653/3911
f 4435/5537/4544 983/1187/1055 985/1189/1057
f 4435/5537/4544 824/999/886 983/1187/1055
f 4435/5537/4544 4436/5538/4545 824/999/886
f 2764/3389/2927 3384/4177/3558 1358/1652/1458
f 2319/2828/2474 4318/5388/4437 2854/3509/3018
f 1170/1421/1257 2774/3400/2938 2323/2832/2476
f 2045/2485/2189 2775/3401/2939 2198/2685/2353
f 2045/2485/2189 1553/1898/1672 1555/1900/1671
f 2045/2485/2189 2198/2685/2353 1553/1898/1672
f 2329/2839/2483 4437/5539/3073 4804/5540/4546
f 2329/2839/2483 4804/5540/4546 4820/5541/4547
f 2329/2839/2483 4438/5542/2942 4437/5539/3073
f 2329/2839/2483 4820/5541/4547 1498/1818/1608
f 2329/2839/2483 2779/2841/2485 4438/5542/2942
f 1871/2275/2003 4439/5543/4548 4440/5544/4549
f 1871/2275/2003 3582/4435/3747 1872/2276/2004
f 1871/2275/2003 1873/2277/2005 4439/5543/4548
f 1871/2275/2003 4440/5544/4549 3582/4435/3747
f 963/5545/1033 4076/5066/4210 4075/5065/4211
f 963/5545/1033 4075/5065/4211 1191/5546/1280
f 2734/3356/2894 4441/5547/4550 2735/3357/2895
f 2734/3356/2894 2736/3358/2896 4441/5547/4550
f 2065/2514/2210 978/1182/1050 976/1179/1047
f 2065/2514/2210 976/1179/1047 2066/2515/2211
f 2065/2514/2210 2531/2513/2209 978/1182/1050
f 2047/2487/2190 3903/4843/4055 2048/2488/2191
f 2047/2487/2190 1663/2029/1787 3903/4843/4055
f 1248/1516/1335 4020/4998/4158 1249/1517/1336
f 1248/1516/1335 3082/3803/3257 4020/4998/4158
f 2586/3160/2749 2587/3161/2750 3863/4796/4020
f 2586/3160/2749 1938/2364/2077 998/1202/1070
f 2586/3160/2749 998/1202/1070 994/1198/1066
f 2586/3160/2749 3863/4796/4020 1938/2364/2077
f 3021/3728/3196 91/108/97 1532/1870/1650
f 3021/3728/3196 1532/1870/1650 4442/5548/4551
f 4443/5549/4552 1596/1954/1717 4444/5550/4553
f 4443/5549/4552 1005/1210/1078 1596/1954/1717
f 4443/5549/4552 4444/5550/4553 4445/5551/4554
f 4443/5549/4552 4445/5551/4554 3022/3729/3197
f 4443/5549/4552 3022/3729/3197 558/669/595
f 4443/5549/4552 558/669/595 1005/1210/1078
f 4446/5552/4555 4206/5247/4332 4208/5249/4334
f 4446/5553/4555 2596/3172/2757 2595/3171/2759
f 4446/5552/4555 4208/5249/4334 2596/3168/2757
f 2717/3332/2876 4447/5554/1487 4448/5555/4556
f 2717/3332/2876 4448/5555/4556 1431/1741/1535
f 2717/3332/2876 573/688/611 4210/5251/4335
f 2717/3332/2876 4210/5251/4335 4447/5554/1487
f 2719/3334/2878 2721/3336/2880 3939/4892/4083
f 2719/3334/2878 3941/4894/4085 2720/3335/2879
f 2388/2911/2547 2726/2910/2546 4449/5556/2885
f 2388/2911/2547 4449/5556/2885 4450/5557/4557
f 4451/5558/4558 3731/5559/3888 4059/5043/4192
f 4451/5558/4558 4452/5560/4559 4453/5561/3889
f 4451/5558/4558 4059/5043/4192 2641/3239/2804
f 4451/5558/4558 2641/3239/2804 4452/5560/4559
f 4451/5558/4558 4453/5561/3889 3731/5559/3888
f 597/715/637 599/717/24 1451/1765/1556
f 597/715/637 3567/4409/3732 4032/5012/4167
f 597/715/637 1451/1765/1556 3567/4409/3732
f 597/715/637 4032/5012/4167 598/716/638
f 2397/2924/2556 1119/1357/1206 1123/1361/1210
f 3395/4190/3570 3046/3760/3220 3045/3759/3219
f 3395/4190/3570 3045/3759/3219 4352/5437/4471
f 4038/5018/4173 4454/5562/4560 4455/5563/3472
f 4038/5018/4173 4896/5564/4561 4689/5019/4174
f 4038/5565/4173 4455/5566/3472 4896/5567/4561
f 4038/5018/4173 4700/5021/4176 4454/5562/4560
f 4456/5568/4562 4310/5379/4429 628/754/672
f 4456/5568/4562 3748/4647/3905 4310/5379/4429
f 4456/5568/4562 2015/2452/2157 2014/2451/2156
f 4456/5568/4562 628/754/672 1143/753/671
f 4456/5568/4562 1143/753/671 2015/2452/2157
f 4456/5568/4562 2014/2451/2156 3748/4647/3905
f 4457/5569/4563 3522/5570/3689 3699/4578/3854
f 4457/5569/4563 4458/5571/4564 3523/5572/3690
f 4457/5569/4563 3523/5572/3690 3522/5570/3689
f 4153/5172/1157 1914/1642/1450 1350/1641/1449
f 4459/5573/4565 9/13/11 3786/4691/3944
f 4459/5573/4565 10/14/12 9/13/11
f 4459/5573/4565 439/515/464 10/14/12
f 4459/5573/4565 4304/5371/4423 439/515/464
f 4459/5573/4565 3102/3828/3276 4304/5371/4423
f 4459/5573/4565 3786/4691/3944 3102/3828/3276
f 4460/5574/4566 4461/5575/4567 3626/4486/3786
f 4460/5574/4566 3625/4485/3785 4462/5576/4568
f 4460/5574/4566 3626/4486/3786 3625/4485/3785
f 4460/5574/4566 4462/5576/4568 4461/5575/4567
f 1489/5577/1597 3790/4695/3948 3791/4696/3949
f 1489/5577/1597 3791/4696/3949 2995/3687/3165
f 1489/1807/1597 1491/1810/1600 3790/5578/3948
f 1489/5577/1597 2995/3687/3165 1490/3197/1598
f 3077/3798/3252 1366/1664/1466 3897/4835/4049
f 3077/3798/3252 1370/1670/1470 1366/1664/1466
f 4463/5579/4569 33/45/36 3996/44/38
f 4463/5580/4569 3995/4969/4139 4464/5581/4230
f 4463/5579/4569 3733/4627/3890 4453/4623/3889
f 4463/5580/4569 3996/4970/38 3995/4969/4139
f 4463/5580/4569 4464/5581/4230 3733/4624/3890
f 4463/5579/4569 4453/4623/3889 33/45/36
f 39/51/43 4378/5472/4493 40/52/44
f 39/51/43 41/53/45 4378/5472/4493
f 3238/3997/3411 4660/3999/3413 1508/1835/1621
f 3238/3997/3411 1508/1835/1621 45/58/50
f 3238/3997/3411 45/58/50 3239/3998/3412
f 2210/2699/2365 2206/2695/2361 2871/3530/3034
f 2210/2699/2365 2209/2698/2364 4465/5582/4570
f 2210/2699/2365 4465/5582/4570 2206/2695/2361
f 542/648/579 544/650/581 4466/5583/4571
f 542/648/579 4466/5583/4571 1580/1932/1700
f 542/648/579 4053/5036/4186 543/649/580
f 68/84/73 2008/2445/2150 2877/3537/3040
f 3767/4670/3924 2292/2796/2447 86/5584/92
f 3767/4668/3924 86/103/92 85/102/91
f 3767/4668/3924 85/102/91 3826/4753/3983
f 3767/4670/3924 3768/4669/3925 2292/2796/2447
f 2468/773/688 642/772/687 1784/3479/1914
f 2470/3019/2630 1849/2249/1981 4467/5585/4572
f 2470/3019/2630 4467/5585/4572 2471/3020/2631
f 4468/5586/4573 4469/5587/2768 4603/5588/4574
f 4468/5586/4573 4470/5589/334 4469/5587/2768
f 4240/5293/392 4239/5292/4361 4209/5250/117
f 4240/443/392 4209/131/117 108/128/114
f 3351/4142/3526 3352/4143/3527 2810/3447/2975
f 3351/4142/3526 2810/3447/2975 115/136/122
f 3351/4142/3526 4471/5590/4575 2347/2861/2505
f 3351/4142/3526 115/136/122 4471/5590/4575
f 4070/5056/4203 3954/4915/4097 4472/5591/4576
f 4070/5056/4203 4472/5591/4576 4071/5057/4204
f 4070/5056/4203 3955/4916/4098 3954/4915/4097
f 4354/5439/4473 3590/4444/3754 1256/1524/1343
f 4354/5439/4473 2865/3521/3027 3590/4444/3754
f 4354/5439/4473 4355/5441/4475 2865/3521/3027
f 4354/5439/4473 1256/1524/1343 796/961/854
f 1505/1828/1618 3592/1827/1617 3355/4146/3530
f 2148/2618/2299 2535/3096/2696 2149/2619/2300
f 1216/1478/1306 3994/4967/4138 1217/1479/1307
f 1216/1478/1306 1221/1483/1311 3288/4058/3462
f 3323/4106/3496 3322/4105/3498 4473/5592/4577
f 3323/4103/3496 4473/5593/4577 3321/4104/3497
f 4474/5594/4578 4320/5390/4439 4475/5595/4579
f 4474/5594/4578 4475/5595/4579 4476/5596/4580
f 4477/5597/4095 3126/3857/3300 2519/3077/2679
f 4477/5597/4095 162/187/171 3126/3857/3300
f 4477/4912/4095 2519/5598/2679 1214/4913/1304
f 4478/5599/4581 4481/5600/4582 4479/5601/4583
f 4478/5599/4581 2052/2496/2198 3668/4531/3829
f 4478/5602/4581 2055/2499/2200 4480/5603/4584
f 4478/5602/4581 3668/4530/3829 2055/2499/2200
f 4478/5602/4581 4480/5603/4584 4481/5604/4582
f 4478/5599/4581 4479/5601/4583 2052/2496/2198
f 1785/2173/1915 2833/3480/2996 1786/2174/1916
f 2526/3085/2688 646/777/692 2527/3086/2689
f 2526/3085/2688 4352/5437/4471 646/777/692
f 4482/5605/2502 4483/2037/1795 1668/2034/1792
f 4482/2858/2502 2344/2857/2501 4483/5606/1795
f 192/234/202 1049/1273/1128 193/235/203
f 192/234/202 667/799/714 1049/1273/1128
f 3135/3870/3309 1612/1973/1734 4131/5144/4261
f 3135/3870/3309 4855/3871/3310 1613/1974/1735
f 3135/3870/3309 1613/1974/1735 1612/1973/1734
f 1619/1983/1741 4484/5607/4585 3836/4765/3994
f 1619/1983/1741 3139/3875/3314 3138/3874/3313
f 1619/1983/1741 3836/4765/3994 3835/4764/3993
f 1619/1983/1741 3138/3874/3313 1620/1984/1742
f 1619/1983/1741 1618/1982/1740 4484/5607/4585
f 1619/1983/1741 3835/4764/3993 3139/3875/3314
f 4485/5608/4586 2482/3031/2642 2483/3032/2643
f 4485/5608/4586 2483/3032/2643 4486/5609/4587
f 3147/3883/3322 4487/5610/4588 4488/5611/4589
f 3147/3883/3322 3150/3886/3325 4487/5610/4588
f 3147/3883/3322 4488/5611/4589 3148/3884/3323
f 4489/5612/4590 4490/5613/4591 3154/3890/3329
f 4489/5612/4590 227/271/239 4490/5613/4591
f 4489/5612/4590 4491/5614/4592 227/271/239
f 233/277/245 3159/3895/3334 3845/4775/4004
f 233/277/245 3845/4775/4004 2991/3683/3161
f 233/277/245 230/274/242 3159/3895/3334
f 237/281/249 4003/4979/4144 4000/4976/4141
f 237/281/249 236/280/248 4492/5615/4593
f 237/281/249 4492/5615/4593 4003/4979/4144
f 237/281/249 4000/4976/4141 2563/282/250
f 388/463/412 1644/2010/1768 4493/5616/4594
f 388/463/412 4493/5616/4594 389/464/413
f 3664/4525/3824 3587/4441/3751 397/472/421
f 3664/4525/3824 397/472/421 3665/4526/3825
f 3664/4525/3824 3588/4442/3752 3587/4441/3751
f 2646/5617/2726 3483/5618/2807 4139/5619/4268
f 2396/2926/2557 4494/5620/4595 3175/3919/3351
f 2396/2926/2557 2398/2929/2558 4494/5620/4595
f 275/328/290 786/951/844 1903/2318/2037
f 275/328/290 1903/2318/2037 4495/5621/4596
f 3653/4514/552 4496/5622/555 3654/4515/3814
f 3848/4778/4005 280/335/294 2360/2876/2519
f 3848/4778/4005 401/476/425 399/474/423
f 3848/4778/4005 2360/2876/2519 401/476/425
f 3848/4778/4005 399/474/423 3849/4779/4006
f 1684/2058/1809 1683/2054/1808 1742/2124/1868
f 1684/2058/1809 1742/2124/1868 4602/2127/792
f 1684/2058/1809 4602/2127/792 1685/5623/1810
f 3425/4233/3602 2590/3164/2753 2175/2657/24
f 4361/4619/3886 4497/5624/4479 4498/5625/1104
f 4361/4619/3886 4498/5625/1104 3732/4620/3887
f 4501/3673/3151 4499/5626/2228 4500/5627/3997
f 4501/5628/3151 4500/4768/3997 4502/5255/4339
f 4501/3673/3151 4502/5629/4339 2982/3674/3152
f 4501/3673/3151 2983/3675/3153 4499/5626/2228
f 2768/3394/2932 2853/3508/3017 2769/3395/2933
f 2768/3394/2932 2772/3398/2936 1428/1738/1532
f 1959/2387/2098 4503/5630/4597 1064/1294/1146
f 1959/2387/2098 633/760/677 4503/5630/4597
f 1959/2387/2098 1064/1294/1146 3517/1292/1144
f 4490/5613/4591 4504/5631/4598 3156/3892/3331
f 4490/5613/4591 3156/3892/3331 3155/3891/3330
f 4490/5613/4591 227/271/239 4504/5631/4598
f 4490/5613/4591 3155/3891/3330 3154/3890/3329
f 2282/2783/2436 436/512/461 434/510/459
f 2282/2783/2436 4433/5535/4542 3904/4844/4056
f 3305/4082/3481 3307/4084/3483 4383/5477/4498
f 654/785/700 1616/1978/1738 655/786/701
f 654/785/700 3882/4815/4039 1616/1978/1738
f 1106/1344/1193 663/794/709 1375/1676/1475
f 1106/1344/1193 664/795/710 663/794/709
f 4505/5632/4599 4506/5633/4600 4507/5634/4601
f 4505/5632/4599 4507/5634/4601 4220/5268/4345
f 1994/2430/2135 4508/5635/4602 1995/2431/2136
f 1994/2430/2135 3596/4452/3758 4508/5635/4602
f 1994/2430/2135 1993/2429/2134 1567/1916/1687
f 1994/2430/2135 1567/1916/1687 3596/4452/3758
f 4223/5271/4348 1997/2433/2138 535/641/572
f 2000/2437/2142 2001/2438/2143 2888/3556/3052
f 2000/2437/2142 2888/3556/3052 4159/5179/4288
f 4509/5636/4603 1132/1374/1219 3641/4501/3801
f 4509/5636/4603 4510/5637/4604 1133/1375/1220
f 4509/5636/4603 1133/1375/1220 1132/1374/1219
f 4509/5636/4603 3641/4501/3801 4229/5279/4353
f 4509/5636/4603 4229/5279/4353 4510/5637/4604
f 1136/1378/1223 1138/1380/1225 1900/2315/2034
f 3053/3769/3227 3960/4921/4103 2011/2448/2153
f 3053/3769/3227 4233/5283/4357 4511/5638/4605
f 3053/3769/3227 4511/5638/4605 3960/4921/4103
f 2028/2466/2171 2759/3384/2922 4512/5639/4606
f 2028/2466/2171 4316/5385/4435 2029/2467/2172
f 2028/2466/2171 4512/5639/4606 4316/5385/4435
f 2028/2466/2171 2027/2465/2170 2760/3385/2923
f 2028/2466/2171 2760/3385/2923 2759/3384/2922
f 4513/5640/4607 2032/2470/2175 1665/2031/1789
f 4513/5640/4607 4514/5641/4608 4515/5642/4609
f 4513/5640/4607 4516/5643/4610 4514/5641/4608
f 4513/5640/4607 4515/5642/4609 2032/2470/2175
f 2036/2474/2179 3812/4730/3970 2037/2475/2180
f 2036/2474/2179 4517/5644/4611 3812/4730/3970
f 2036/2474/2179 4518/5645/4612 4517/5644/4611
f 2036/2474/2179 2040/2478/2183 4518/5645/4612
f 2043/2481/2186 4519/5646/4613 4520/5647/4614
f 2043/2481/2186 1171/1422/1258 4519/5646/4613
f 2043/2481/2186 4520/5647/4614 2044/2482/1487
f 2043/2481/2186 1172/1423/1259 1171/1422/1258
f 2775/3401/2939 2199/2686/2354 2198/2685/2353
f 2775/3401/2939 2523/3402/2685 2199/2686/2354
f 2908/3581/3074 4437/3580/3073 2780/3408/2943
f 2902/3573/3067 3654/4515/3814 2903/3574/3068
f 4192/5225/4319 4521/5648/4615 3482/4297/3652
f 4192/5225/4319 4356/5446/2602 4357/5445/4476
f 4192/5226/4319 741/895/795 4356/2985/2602
f 4192/5225/4319 4357/5445/4476 4521/5648/4615
f 4522/5649/4616 4523/5650/4617 4874/5651/4618
f 4522/5649/4616 3635/4495/3795 4523/5650/4617
f 4522/5649/4616 4874/5651/4618 3598/413/365
f 4522/5649/4616 3598/413/365 346/415/367
f 4522/5649/4616 4221/5269/4346 3635/4495/3795
f 4522/5649/4616 346/415/367 4221/5269/4346
f 3088/3811/3261 3009/3708/3181 3089/3812/3262
f 4497/5624/4479 1026/5652/1102 4498/5625/1104
f 4497/5452/4479 4364/5455/4480 4524/5653/859
f 4497/5624/4479 4524/968/859 1026/5652/1102
f 4525/5654/4619 469/561/502 467/559/500
f 4525/5654/4619 467/559/500 3015/3719/3190
f 4525/5654/4619 4873/3717/3188 4526/5655/4620
f 4525/5654/4619 3015/3719/3190 4873/3717/3188
f 4525/5654/4619 4526/5655/4620 469/561/502
f 2511/3066/2672 2513/3068/2674 4367/5656/4483
f 1655/5657/1779 1469/1784/1575 4527/5304/4372
f 1655/2021/1779 4527/5658/4372 1656/2022/1780
f 1655/5657/1779 4528/5659/4621 1469/1784/1575
f 1655/2021/1779 1657/2023/1781 4528/5660/4621
f 3800/4709/3957 1395/1701/1500 3801/4710/3958
f 3176/3920/3352 4064/5661/4197 4063/5662/4196
f 3176/3920/3352 3175/3919/3351 4064/5661/4197
f 3176/3920/3352 4063/5662/4196 3177/3921/3353
f 4013/4991/4153 3740/4639/3897 3629/4489/3789
f 4013/4991/4153 2654/3258/2816 2144/2613/2294
f 4013/4991/4153 4014/4992/4154 3741/4640/3898
f 4013/4991/4153 3629/4489/3789 2654/3258/2816
f 4013/4991/4153 3741/4640/3898 3740/4639/3897
f 4529/5663/4382 4530/5664/4622 783/946/840
f 4529/5314/4382 783/948/840 4259/5315/4383
f 4529/5663/4382 2617/3200/2781 4530/5664/4622
f 4529/5663/4382 2618/3201/2782 2617/3200/2781
f 4389/5485/4504 4018/4996/4157 1278/1552/1371
f 795/960/853 948/5665/1017 4733/5440/4474
f 795/960/853 793/958/851 948/5665/1017
f 4439/5543/4548 4531/5666/4623 4440/5544/4549
f 4439/5543/4548 1873/2277/2005 3837/4766/3995
f 4439/5543/4548 3837/4766/3995 4532/5667/4624
f 4439/5543/4548 4532/5667/4624 4531/5666/4623
f 2111/2575/2261 454/530/479 2668/3275/2830
f 968/5668/1039 3964/4925/4107 4533/5669/3850
f 968/5668/1039 811/981/871 4534/5670/4625
f 968/5668/1039 4534/5670/4625 3964/4925/4107
f 4535/5671/4626 2373/2893/2532 4536/5672/4627
f 4535/5671/4626 3916/4859/4065 2978/3669/3147
f 4535/5671/4626 2978/3669/3147 2373/2893/2532
f 2633/3229/2274 3294/5673/3470 2125/5674/2275
f 2633/3229/2274 3726/4614/3881 3294/5673/3470
f 4537/5675/4628 4538/5676/4629 4539/5677/4630
f 4537/5675/4628 3083/3804/3258 658/789/704
f 4537/5675/4628 4539/5677/4630 3084/3805/3259
f 4537/5675/4628 3084/3805/3259 3083/3804/3258
f 4537/5675/4628 658/789/704 2812/3450/2978
f 4537/5675/4628 2812/3450/2978 4538/5676/4629
f 4540/5678/4631 4541/5679/4632 4736/5680/4633
f 4540/5678/4631 4736/5680/4633 4699/4945/4124
f 4540/5678/4631 4699/4945/4124 4541/5679/4632
f 4283/5347/4407 1539/1881/1655 4542/5681/3956
f 4283/5347/4407 4543/5682/3955 3779/4681/3936
f 4283/5347/4407 4542/5681/3956 4543/5682/3955
f 4283/5347/4407 4285/5349/4409 1539/1881/1655
f 2529/3089/2691 3986/4954/4129 4187/5218/4312
f 2529/3089/2691 2532/3092/2693 3986/4954/4129
f 2577/3150/2740 4143/5162/4272 2578/3151/2741
f 2166/2641/2317 1522/4878/1639 3516/4877/3683
f 2166/2641/2317 3516/4877/3683 3260/4712/3434
f 2166/2641/2317 1025/2643/1100 1522/4878/1639
f 4544/5683/4634 4193/5684/4321 4545/5685/4635
f 4544/5683/4634 4545/5685/4635 1912/2333/2049
f 4544/5686/4634 4546/5687/2048 4194/5688/4322
f 4544/5683/4634 4194/5689/4322 4193/5684/4321
f 4544/5683/4634 1912/2333/2049 4546/2332/2048
f 4547/5690/4636 4346/5431/4465 4350/5435/4469
f 4547/5690/4636 4350/5435/4469 2673/3280/2835
f 4547/5690/4636 2673/3280/2835 2672/3279/2834
f 2179/2661/2330 4548/5691/4637 2180/2662/2331
f 2179/2661/2330 3533/4365/3698 4548/5691/4637
f 912/1097/978 911/1096/977 5/9/7
f 912/1097/978 5/9/7 3721/4609/3876
f 2191/2674/2343 2473/3022/2633 2475/3024/2635
f 2191/2674/2343 2475/3024/2635 3272/2675/2344
f 2191/2674/2343 171/2676/182 4549/5692/179
f 2191/2674/2343 4549/5692/179 2473/3022/2633
f 4005/4981/4146 2412/2946/2571 1834/2231/1966
f 4005/4981/4146 1834/2231/1966 1833/2230/1965
f 4005/4981/4146 4006/4982/4147 3377/4170/3551
f 4005/4981/4146 3377/4170/3551 2412/2946/2571
f 4550/5693/4638 4551/5694/4639 4552/5695/4640
f 4550/5696/4638 4552/5697/4640 3411/5698/3585
f 4550/5699/4638 4553/5700/4641 4551/5701/4639
f 2569/3141/2731 4554/5702/4642 2570/3142/2732
f 2569/3141/2731 764/926/822 2262/2763/2417
f 2569/3141/2731 765/927/823 764/926/822
f 2569/3141/2731 2262/2763/2417 4554/5702/4642
f 2739/3361/2899 272/325/287 270/323/285
f 2751/3373/2911 2749/3371/2909 787/952/845
f 4556/3374/2912 3458/4268/3634 4555/5703/4643
f 4556/5704/2912 4555/5705/4643 4557/5706/2913
f 1739/431/382 4558/5707/4206 361/432/383
f 3657/4518/3817 3398/4195/2320 4559/5708/2322
f 3657/4518/3817 4559/5708/2322 4560/5709/1482
f 3657/4518/3817 4560/5709/1482 2970/3661/3139
f 3657/4518/3817 2970/3661/3139 3658/4519/3818
f 3149/3885/3324 3152/3888/3327 2445/2989/2605
f 3149/3885/3324 3888/4824/4041 3150/3886/3325
f 3149/3885/3324 2445/2989/2605 2912/3586/3079
f 1753/2137/1879 3196/3952/3373 1326/1605/1421
f 820/995/882 821/996/883 4561/5710/4644
f 487/579/520 24/31/26 26/33/28
f 4562/5711/4645 830/1005/892 831/1006/893
f 4562/5711/4645 4563/5712/4646 830/1005/892
f 4562/5711/4645 3206/3962/3383 1769/2153/1895
f 4562/5711/4645 1769/2153/1895 4563/5712/4646
f 4562/5711/4645 831/1006/893 4564/5713/4647
f 4562/5711/4645 4564/5713/4647 3206/3962/3383
f 3081/3802/3256 2021/2458/2163 3281/4048/3455
f 3081/3802/3256 3281/4048/3455 3082/3803/3257
f 3081/3802/3256 3084/3805/3259 2022/2459/2164
f 3081/3802/3256 2022/2459/2164 2021/2458/2163
f 4567/5714/4648 167/192/175 166/191/174
f 4567/5714/4648 4565/5715/4649 4566/5716/4650
f 4567/5717/4648 4087/5718/4220 4565/5719/4649
f 4567/5714/4648 4566/5716/4650 167/192/175
f 4567/5714/4648 166/191/174 4087/5720/4220
f 3357/4149/3532 174/198/180 4568/5721/543
f 3357/4149/3532 507/5722/542 3358/4150/3533
f 3357/4149/3532 4568/5721/543 507/5722/542
f 3357/4149/3532 3361/4153/3535 174/198/180
f 1596/1954/1717 1597/1955/1718 3062/3783/3238
f 1596/1954/1717 3062/3783/3238 4444/5550/4553
f 622/743/661 3184/3935/3360 623/744/662
f 2477/3026/2637 2480/3029/2640 2276/2777/1090
f 3418/4223/3592 3417/4222/3591 1805/2196/1934
f 3418/4223/3592 4296/5361/4418 3419/4224/3593
f 3418/4223/3592 3682/4553/3840 4296/5361/4418
f 9/13/11 4664/4688/3943 3786/4691/3944
f 9/13/11 12/20/14 4664/4688/3943
f 2491/3040/2651 3497/4324/3667 3501/4323/3670
f 2491/3040/2651 4569/5723/131 3497/4324/3667
f 2491/3040/2651 3501/4323/3670 2492/3041/2652
f 2491/3040/2651 2490/3039/2650 4569/5723/131
f 1812/2205/1943 3142/3878/3317 1813/2206/1944
f 1812/2205/1943 1817/2210/1948 4570/5724/4651
f 1812/2205/1943 3145/3881/3320 3142/3878/3317
f 1812/2205/1943 4570/5724/4651 3145/3881/3320
f 4135/5150/3369 3194/3948/3371 3865/4798/4022
f 3309/5725/3485 4571/5726/3486 4792/5727/4652
f 3309/5725/3485 4792/5727/4652 4572/5728/4653
f 3309/5725/3485 2558/3127/2718 2557/3126/2715
f 3309/5725/3485 4572/5728/4653 2558/3127/2718
f 3162/3898/3337 4218/5266/4343 3163/3899/3338
f 3162/3898/3337 3164/3900/3339 4573/5729/4267
f 3162/3898/3337 4219/5267/4344 4218/5266/4343
f 3162/3898/3337 4573/5729/4267 4574/5730/4654
f 3162/3898/3337 4574/5730/4654 4219/5267/4344
f 1832/2229/1964 1408/1715/1512 1409/1716/1513
f 2363/2879/2520 284/344/301 285/346/302
f 2363/2881/2520 1071/1302/1154 3931/4882/4078
f 2860/3516/3024 3919/4862/4068 2612/3191/2775
f 2860/3516/3024 2861/3517/3025 3919/4862/4068
f 2860/3516/3024 2612/3191/2775 1233/1497/1322
f 2628/5417/2793 105/125/111 101/118/107
f 2628/5731/2793 101/5732/107 2629/5733/2794
f 1859/2261/1990 4575/5734/4655 4576/5735/4656
f 1859/2261/1990 1858/2260/1989 4575/5734/4655
f 3234/3993/3408 3795/4700/2193 4577/5736/4657
f 4305/5372/4424 1560/1909/1680 1111/1349/1198
f 674/808/721 4441/5547/4550 1883/2291/2015
f 674/808/721 673/807/720 4441/5547/4550
f 674/808/721 4338/5737/4458 4908/809/722
f 674/808/721 1886/2295/2018 4338/5737/4458
f 3298/4075/3474 4341/5424/4461 4578/5738/4658
f 3298/4075/3474 3301/4078/3477 4341/5424/4461
f 3027/3736/2027 4796/3735/3201 4039/5020/4175
f 3027/3736/2027 4039/5020/4175 1894/2308/2028
f 3027/2305/2027 2507/3062/2668 3026/3733/3200
f 3927/4874/4076 3606/4462/1487 3608/4464/3768
f 3927/4874/4076 2350/2864/2508 3549/823/736
f 3927/4874/4076 3549/823/736 3606/4462/1487
f 3610/5338/3770 3388/4183/3564 2894/3564/3059
f 3610/5338/3770 2894/3564/3059 3611/4565/3771
f 3610/4466/3770 155/177/163 154/176/162
f 1291/1569/1382 4124/5134/4255 4123/5133/4254
f 1291/1569/1382 4123/5133/4254 4369/5462/4484
f 1291/1569/1382 1289/1568/1385 4124/5134/4255
f 2367/2885/2524 2369/2887/2526 707/855/758
f 2367/2885/2524 707/855/758 710/858/761
f 2367/2885/2524 710/858/761 2368/2886/2525
f 720/868/771 1923/2346/2060 1926/2349/2063
f 720/868/771 1926/2349/2063 3215/3971/3392
f 720/868/771 3215/3971/3392 721/869/772
f 3225/3982/3400 2434/2974/2594 2433/2973/2593
f 3225/3982/3400 2433/2973/2593 3226/3983/3401
f 3225/3982/3400 3227/3984/3402 3793/4698/3951
f 3225/3982/3400 3793/4698/3951 2434/2974/2594
f 4579/5739/4659 4580/5740/4660 4449/5556/2885
f 4579/5741/4659 3230/3987/3405 4581/5742/4661
f 4579/5741/4659 2725/3340/2884 3230/3987/3405
f 4579/5739/4659 4581/5743/4661 4582/5744/4662
f 4579/5739/4659 4582/5744/4662 4580/5740/4660
f 4579/5741/4659 4449/3341/2885 2725/3340/2884
f 4583/5745/4663 4584/5746/4664 4585/5747/4665
f 4583/5745/4663 3710/4590/3866 3709/4589/3865
f 4583/5745/4663 3709/4589/3865 4584/5746/4664
f 1937/2363/2076 4586/5748/4666 4587/5749/4667
f 1937/2363/2076 4587/5749/4667 4323/5393/4442
f 1937/2363/2076 1936/2362/2075 4586/5748/4666
f 4588/5750/4668 291/353/308 2394/2922/2554
f 4588/5750/4668 2394/2922/2554 4033/5013/4168
f 1943/2369/2082 4589/5751/4669 1944/2370/2083
f 1943/2369/2082 4590/5752/4670 4589/5751/4669
f 1943/2369/2082 1945/2371/2084 4591/5753/4671
f 1943/2369/2082 4591/5753/4671 4590/5752/4670
f 1947/2373/2086 3638/4498/3798 1948/2374/2087
f 2405/2937/2565 2408/2940/2567 4036/5016/4171
f 2405/2937/2565 4036/5016/4171 4592/5754/3843
f 2405/2937/2565 4592/5754/3843 2406/2938/813
f 1956/2382/2095 430/506/455 426/502/451
f 1956/2382/2095 1955/2381/2094 430/506/455
f 813/986/876 817/991/879 1474/1790/1580
f 813/986/876 3683/4554/3841 814/987/877
f 4110/5116/4241 4113/5119/4244 4593/5755/4672
f 494/586/527 2802/3438/2966 1483/1800/1590
f 494/586/527 3919/4862/4068 2802/3438/2966
f 4461/5575/4567 4462/5576/4568 4792/5727/4652
f 4461/5575/4567 4792/5727/4652 4594/5756/4673
f 4461/5575/4567 3628/4488/3788 3626/4486/3786
f 4461/5575/4567 4594/5756/4673 3628/4488/3788
f 1490/3197/1598 2994/3686/3164 2615/3198/2779
f 1490/3197/1598 2995/3687/3165 2994/3686/3164
f 4538/5676/4629 515/616/549 512/612/546
f 4538/5676/4629 1314/1593/1409 4539/5677/4630
f 4538/5676/4629 2812/3450/2978 515/616/549
f 4538/5676/4629 512/612/546 1314/1593/1409
f 1502/5757/1612 4595/5758/4674 3654/4515/3814
f 1502/5757/1612 3654/4515/3814 4496/5622/555
f 1502/1822/1612 4496/624/555 519/623/554
f 1502/5757/1612 4596/5759/1614 4595/5758/4674
f 4358/5447/3029 4597/5760/4675 4598/5761/3030
f 4358/5447/3029 3798/4705/3954 4597/5760/4675
f 4599/5762/4676 749/903/803 4079/5070/4213
f 4599/5762/4676 4079/5070/4213 4034/5014/4169
f 4599/5762/4676 4359/5448/4477 749/903/803
f 1512/1840/1625 4600/5763/4677 1514/1842/1627
f 1512/1840/1625 4601/5764/4678 4600/5763/4677
f 1512/1840/1625 1724/2101/1851 4601/5764/4678
f 1067/2880/1150 1685/2057/1810 4602/5765/792
f 1067/1298/1150 4602/4595/792 1068/1299/1151
f 1067/2880/1150 1686/2059/1811 1685/2057/1810
f 3615/4474/3776 3935/4886/4081 3553/4388/3718
f 2374/2895/2531 3116/3847/3290 4536/5766/4627
f 2374/2895/2531 96/113/102 3116/3847/3290
f 2374/2895/2531 97/114/103 96/113/102
f 2374/2892/2531 4536/5672/4627 2373/2893/2532
f 4603/5767/4574 4469/3182/2768 2606/3184/1364
f 4603/5767/4574 2606/3184/1364 4604/5768/2974
f 4239/5292/4361 4447/5554/1487 4209/5250/117
f 4239/5292/4361 4448/5555/4556 4447/5554/1487
f 4239/5292/4361 1432/1742/1536 4448/5555/4556
f 1365/1663/1465 1284/1558/1377 1366/1664/1466
f 1365/1669/1465 1369/1668/1469 2997/3690/3167
f 4580/5740/4660 4450/5557/4557 4449/5556/2885
f 33/41/36 4452/5560/4559 4605/5769/4679
f 33/41/36 4605/5769/4679 34/42/37
f 33/41/36 4453/5561/3889 4452/5560/4559
f 1560/1909/1680 1108/1346/1195 1111/1349/1198
f 3037/3751/3211 4221/5269/4346 342/410/362
f 3037/3751/3211 4403/5501/4517 3038/3752/3212
f 3037/3751/3211 342/410/362 4403/5501/4517
f 4606/5770/4680 1571/1920/1691 4607/5771/4681
f 4606/5770/4680 3947/4904/4089 3946/4903/4088
f 4606/5770/4680 3946/4903/4088 1571/1920/1691
f 3328/4113/3502 3332/4117/3506 4608/5772/4682
f 2412/2946/2571 3376/4169/3550 2413/2947/2572
f 2412/2946/2571 3377/4170/3551 3376/4169/3550
f 247/294/261 249/297/260 3566/1943/1709
f 247/294/261 320/388/340 248/295/262
f 4101/5106/4235 4609/5773/4683 2880/3543/3044
f 4101/5106/4235 2880/3543/3044 2879/3542/3043
f 4610/5774/4684 4236/5289/4359 2135/2604/2286
f 1597/1955/1718 1009/1217/1082 4108/5114/4239
f 1597/1955/1718 4108/5114/4239 3063/3784/3239
f 1597/1955/1718 3063/3784/3239 3062/3783/3238
f 2891/3559/3055 343/411/363 3416/5775/3590
f 2891/3559/3055 2890/3558/3054 344/412/364
f 2891/3559/3055 344/412/364 343/411/363
f 4112/5118/4243 3720/4608/3875 4113/5119/4244
f 791/956/849 1615/1977/1737 1614/1976/1736
f 791/956/849 1373/1674/1473 1615/1977/1737
f 3065/3786/3241 4072/5776/4205 4531/5666/4623
f 3065/3786/3241 4531/5666/4623 3066/3787/3242
f 3065/3786/3241 206/249/217 4072/5776/4205
f 1029/1243/1108 2231/4823/2385 1030/1244/1109
f 4611/5777/4685 1551/1895/1669 1624/1989/1747
f 4611/5777/4685 1624/1989/1747 4306/5373/4425
f 4611/5777/4685 4306/5373/4425 3840/4770/3999
f 4611/5777/4685 3840/4770/3999 1551/1895/1669
f 3522/5570/3689 3578/4576/3742 3699/4578/3854
f 3522/4353/3689 3526/4357/3692 3579/4428/3743
f 3522/4353/3689 3579/4428/3743 3578/4427/3742
f 2933/3614/3102 3269/4031/3444 2934/3615/3103
f 2933/3614/3102 1636/2002/1760 3269/4031/3444
f 1640/2006/1764 2919/3594/3087 2918/3593/3086
f 1640/2006/1764 25/32/27 2919/3594/3087
f 3587/4441/3751 400/475/424 397/472/421
f 2926/3602/3095 2413/2947/2572 3375/4168/3549
f 252/302/266 703/849/754 253/303/267
f 2265/2766/2420 2966/3657/3135 3289/4059/3463
f 2265/2766/2420 3289/4059/3463 2266/2767/2421
f 1675/2042/1800 4424/5525/4535 4612/5778/4686
f 1675/2042/1800 4612/5778/4686 4613/5779/4687
f 1675/2042/1800 1674/2041/1799 4424/5525/4535
f 1675/2042/1800 4613/5779/4687 1676/2043/1801
f 1678/2045/1803 4614/5780/4688 1309/1588/1404
f 1678/2045/1803 1309/1588/1404 1679/1587/1403
f 1678/2045/1803 4615/5781/1805 4614/5780/4688
f 2292/2796/2447 2294/2798/90 86/5584/92
f 2292/2796/2447 3768/4669/3925 2293/2797/2448
f 2296/2801/2450 2962/3653/3130 2297/2802/2451
f 2296/2801/2450 2963/3654/3133 2962/3653/3130
f 2728/3349/2887 977/1181/1049 3584/4438/3748
f 2728/3344/2887 4616/5031/4182 4049/5032/1678
f 2728/3344/2887 4049/5032/1678 4899/3345/2888
f 2728/3349/2887 3584/4438/3748 4616/5782/4182
f 4617/2519/2215 2069/2521/2217 4197/5783/4325
f 4617/5784/2215 4197/5785/4325 4618/5786/4689
f 918/1105/984 4650/1107/986 1211/1473/1301
f 326/394/346 323/391/343 4619/5787/4690
f 326/394/346 266/5788/281 327/395/347
f 326/394/346 4620/5789/1557 266/5788/281
f 326/394/346 4619/5787/4690 4620/5789/1557
f 3557/4392/3722 3981/4947/3977 3558/4393/3723
f 1232/1496/1321 1234/1498/1323 646/777/692
f 184/5790/194 4621/5791/193 4622/5792/4691
f 184/5793/194 4622/5794/4691 863/5795/928
f 3991/4962/4135 3075/3796/3250 2619/3202/2783
f 355/4568/376 4407/5796/4521 4623/5797/4692
f 355/4568/376 4623/5797/4692 3693/4569/3848
f 359/429/381 2815/3453/2981 362/433/384
f 359/429/381 4134/5148/4263 2816/3454/2982
f 359/429/381 2816/3454/2982 2815/3453/2981
f 217/261/229 4430/260/228 3806/5798/3964
f 217/4327/229 3806/5799/3964 3503/4328/3672
f 217/261/229 3506/4334/3674 218/262/230
f 2549/3115/2710 4040/5022/2024 4624/5800/4693
f 3158/3894/3333 502/594/535 4432/5534/4541
f 1274/1548/1367 4002/4978/4143 1275/1549/1368
f 1274/1548/1367 4625/5801/3857 2563/282/250
f 1274/1548/1367 2563/282/250 4002/4978/4143
f 1274/1548/1367 1277/1551/1370 4625/5801/3857
f 3971/4932/4114 4626/5802/4694 3972/4933/4115
f 4627/5803/4695 4370/5464/4485 4883/2917/2551
f 4627/5803/4695 1286/1562/1381 4370/5464/4485
f 4627/5803/4695 4628/5804/2496 1288/1565/1384
f 4627/5803/4695 1288/1565/1384 1287/1564/1383
f 4627/5803/4695 1287/1564/1383 1286/1562/1381
f 258/311/273 3446/4255/3623 259/312/274
f 605/723/644 4629/5805/4696 1299/1577/1393
f 605/723/644 606/724/645 4630/5806/4697
f 605/723/644 4630/5806/4697 4629/5805/4696
f 271/324/286 4631/5807/4698 1792/2182/1921
f 271/324/286 777/939/835 4631/5807/4698
f 271/324/286 1792/2182/1921 1300/1578/1394
f 1307/5808/1401 1306/4432/1400 3858/4789/4015
f 1307/5808/1401 3858/4789/4015 1308/4792/1402
f 452/528/477 1317/1596/1412 453/529/478
f 1321/1600/1416 1323/1602/1418 3797/4704/1872
f 1321/1600/1416 3797/4704/1872 3796/4703/3953
f 1321/1600/1416 3796/4703/3953 1322/1601/1417
f 4066/5052/4199 3877/4810/4034 3876/4809/4033
f 4066/5052/4199 3969/4930/4112 4205/5246/4331
f 4066/5052/4199 3876/4809/4033 3969/4930/4112
f 4632/5809/4699 1972/2405/2113 1976/2409/2117
f 4632/5809/4699 1976/2409/2117 1082/1314/1166
f 4632/5809/4699 1082/1314/1166 1083/1315/1167
f 4632/5809/4699 1973/2406/2114 1972/2405/2113
f 4632/5809/4699 1083/1315/1167 3660/4521/3820
f 4632/5809/4699 3660/4521/3820 1973/2406/2114
f 307/369/324 4633/5810/4700 308/370/325
f 307/369/324 3871/4804/4028 1337/1616/1432
f 307/369/324 1336/1615/1431 4633/5810/4700
f 307/369/324 310/372/327 3871/4804/4028
f 307/369/324 1337/1616/1432 1336/1615/1431
f 4636/4934/4116 4634/5811/4701 4635/5812/4702
f 4636/5813/4116 3975/5814/4119 4634/5815/4701
f 4636/4934/4116 4635/5812/4702 3973/4935/4117
f 1476/1792/1582 1479/1796/1586 2085/2543/2234
f 2707/3319/2867 2/5/4 4637/5816/4703
f 4638/5817/4704 1634/2000/1758 3789/4694/3947
f 4638/5817/4704 4639/5818/4705 4640/5819/4706
f 4638/5817/4704 4640/5819/4706 1634/2000/1758
f 1367/1665/1467 1370/1670/1470 3079/3800/3254
f 4641/5820/4707 1099/2792/1185 2289/2791/2444
f 4641/5820/4707 3561/4399/3726 3231/3989/3406
f 4641/5820/4707 3231/3989/3406 1099/2792/1185
f 4641/5820/4707 2289/2791/2444 3561/4399/3726
f 3101/3827/3275 4642/5821/4708 3318/4100/3493
f 3101/5822/3275 3105/5823/3278 4642/5824/4708
f 3101/3827/3275 4304/5371/4423 3102/3828/3276
f 3101/3827/3275 3318/4100/3493 4304/5371/4423
f 2971/3662/3140 2441/2984/2601 4602/892/792
f 2971/3662/3140 1744/2126/1869 3191/3943/3367
f 2971/3662/3140 4602/892/792 1744/2126/1869
f 2444/2988/2604 3152/3888/3327 530/636/567
f 2444/2988/2604 530/636/567 529/635/566
f 2444/2988/2604 2445/2989/2605 3152/3888/3327
f 1388/1694/1493 539/645/576 4402/5500/4516
f 1392/1698/1497 4163/5185/4292 1393/1699/1498
f 1392/1698/1497 543/649/580 4053/5036/4186
f 2008/2445/2150 2216/2708/2371 2877/3537/3040
f 2249/2746/2403 2252/2750/2406 4331/5405/4450
f 2249/2746/2403 3125/3856/3299 159/181/167
f 2249/2746/2403 4331/5405/4450 3125/3856/3299
f 3112/3841/3286 4746/5825/4709 4007/4983/4148
f 3112/3841/3286 3110/3838/3283 4746/5825/4709
f 2757/3382/2920 2761/3386/2924 4643/5826/4710
f 4519/5646/4613 1171/1422/1258 4644/5827/4711
f 4519/5646/4613 4575/5734/4655 4520/5647/4614
f 4519/5646/4613 4576/5735/4656 4575/5734/4655
f 4519/5646/4613 4644/5827/4711 4576/5735/4656
f 584/699/622 1442/1755/1546 1180/1434/1269
f 584/699/622 1180/1434/1269 2949/700/623
f 584/699/622 586/702/625 3817/4735/3975
f 584/699/622 3817/4735/3975 1442/1755/1546
f 3340/4125/3514 3570/4228/3597 4214/5260/4340
f 3340/4125/3514 4645/5828/4712 4841/4127/3515
f 3340/4125/3514 4214/5260/4340 4645/5828/4712
f 4499/5829/2228 3085/1623/1439 4061/5047/4194
f 4499/5626/2228 2983/3675/3153 2080/5830/2229
f 4499/5829/2228 4061/5047/4194 4500/5046/3997
f 4646/4055/3459 3410/4214/3584 1001/1206/1074
f 4646/5831/3459 1194/1450/1282 2787/3417/2949
f 4494/5620/4595 4064/5661/4197 3175/3919/3351
f 803/973/863 3463/4275/3638 804/974/864
f 803/973/863 3464/4276/3639 3463/4275/3638
f 4647/5832/4713 1012/1220/1085 4288/5352/4412
f 4647/5832/4713 4648/5833/4714 1012/1220/1085
f 4647/5832/4713 4288/5352/4412 4287/5351/4411
f 4649/5834/4715 4650/5835/986 4728/5836/4716
f 4649/5834/4715 4398/5494/4512 1211/5495/1301
f 4649/5834/4715 1211/5495/1301 4650/5835/986
f 4649/5834/4715 4728/5836/4716 4398/5494/4512
f 2473/5837/2633 3486/4302/3656 2474/5007/2634
f 2473/5837/2633 4549/196/179 3486/4302/3656
f 3582/4435/3747 4721/5838/4717 13/21/15
f 3582/4435/3747 4440/5544/4549 4721/5838/4717
f 2342/2855/2499 3603/4459/3764 2343/2856/2500
f 2342/2855/2499 4275/5336/4399 3603/4459/3764
f 4132/5145/4262 4131/5144/4261 1250/1518/1337
f 4132/5145/4262 1249/1517/1336 950/1141/1020
f 4132/5145/4262 1250/1518/1337 1249/1517/1336
f 3574/4422/3738 3703/4583/3859 2637/3233/2799
f 3574/4422/3738 2637/3233/2799 3814/4732/3972
f 3574/4422/3738 214/257/225 3703/4583/3859
f 3677/4547/3837 3678/4549/1817 4488/5611/4589
f 3677/4547/3837 4487/5610/4588 2546/3111/2707
f 3677/4547/3837 2546/3111/2707 3679/4548/24
f 3677/4547/3837 4488/5611/4589 4487/5610/4588
f 3073/3794/3248 1272/1546/1365 1270/1543/1362
f 3999/4975/1487 4002/4978/4143 2563/282/250
f 3999/4975/1487 2563/282/250 4000/4976/4141
f 1282/1556/1375 4651/5839/4718 1283/1557/1376
f 1282/1556/1375 1281/1555/1374 4652/5840/4318
f 1282/1556/1375 4652/5840/4318 4651/5839/4718
f 244/290/258 1656/2022/1780 588/5841/627
f 254/2918/268 4883/2917/2551 4653/5842/752
f 2369/2887/2526 3404/4204/3577 708/856/759
f 2369/2887/2526 4202/5243/4328 3404/4204/3577
f 2369/2887/2526 708/856/759 707/855/758
f 2369/2887/2526 2370/2888/2527 4202/5243/4328
f 3643/4504/3804 3647/4508/3808 3737/5375/3781
f 4427/5528/4538 1099/2792/1185 4654/5843/4719
f 4427/5528/4538 4654/5843/4719 3460/4270/3636
f 4427/5528/4538 3460/4270/3636 445/521/470
f 1683/2054/1808 1743/2125/1866 1742/2124/1868
f 303/365/320 1949/2375/2088 1948/2374/2087
f 303/365/320 301/363/318 1949/2375/2088
f 308/370/325 4633/5810/4700 4655/5844/4720
f 308/370/325 4655/5844/4720 3917/4860/4066
f 3205/3961/3382 392/467/416 2684/3293/2845
f 3205/3961/3382 3206/3962/3383 1647/2013/1771
f 3205/3961/3382 1647/2013/1771 392/467/416
f 3205/3961/3382 2684/3293/2845 2683/3292/2844
f 3208/3964/3385 1662/5845/1786 3209/3965/3386
f 3208/3964/3385 2310/2815/2463 1662/5845/1786
f 2085/2543/2234 1479/1796/1586 1964/2394/2104
f 2085/2543/2234 1964/2394/2104 1963/2393/2103
f 4170/5174/4283 4158/5178/4287 4656/5846/4721
f 4170/5174/4283 4656/5846/4721 4657/5847/4300
f 3625/4485/3785 3740/4639/3897 3739/4638/3896
f 3625/4485/3785 3739/4638/3896 4462/5576/4568
f 3625/4485/3785 3629/4489/3789 3740/4639/3897
f 3217/3974/1599 3757/4657/3914 3218/3975/3395
f 3217/3974/1599 1488/4865/1596 3757/4657/3914
f 3632/4492/3792 4658/5848/4722 29/36/31
f 3632/4492/3792 4659/5849/4723 4658/5848/4722
f 3632/4492/3792 3631/4491/3791 4659/5849/4723
f 3230/3987/3405 3232/3991/3407 4581/5742/4661
f 4048/5030/1677 2626/4973/2792 3997/4972/39
f 4048/5030/1677 4047/5029/497 2626/4973/2792
f 4048/1905/1677 3997/46/39 32/47/35
f 805/975/865 40/52/44 4377/5471/4492
f 805/975/865 802/972/862 40/52/44
f 4660/5850/3413 2735/3357/2895 2337/2849/2493
f 4660/5850/3413 1382/1686/1485 2735/3357/2895
f 4660/5850/3413 3242/5180/3416 1382/1686/1485
f 4660/5850/3413 2337/2849/2493 1508/1834/1621
f 2608/3187/2771 2451/2995/2611 2448/2992/2608
f 56/69/61 58/71/63 2453/2997/2613
f 56/69/61 752/906/806 57/70/62
f 4163/5185/4292 3801/4710/3958 1393/1699/1498
f 4163/5185/4292 3255/4015/3429 3801/4710/3958
f 3256/4016/3430 4661/5851/4724 349/418/370
f 3256/4016/3430 2462/3006/2622 4661/5851/4724
f 3256/4016/3430 3958/4919/4101 3257/4017/3431
f 79/95/84 2691/3300/2852 2690/3299/2851
f 79/95/84 81/97/86 2691/3300/2852
f 91/108/97 93/110/99 1534/1872/1652
f 91/108/97 1534/1872/1652 1532/1870/1650
f 95/112/101 98/115/104 3059/3779/3234
f 95/112/101 2141/2610/2291 3115/3846/3289
f 95/112/101 3059/3779/3234 2141/2610/2291
f 100/117/106 3717/4603/3872 101/118/107
f 3274/4039/3449 369/444/393 110/130/116
f 3274/4039/3449 1036/1253/1114 369/444/393
f 3274/4039/3449 110/130/116 3275/4040/3450
f 3274/4039/3449 2670/3277/2832 1036/1253/1114
f 1493/1812/1602 4662/5852/4725 1494/1813/1603
f 1493/1812/1602 3928/4875/4077 3608/4464/3768
f 1493/1812/1602 1495/1815/1605 3928/4875/4077
f 1493/1812/1602 3608/4464/3768 4662/5852/4725
f 1184/1440/1273 4663/5853/4726 1185/1441/1274
f 3355/4146/3530 3592/1827/1617 4177/5204/4307
f 2211/2704/2368 134/156/142 896/1081/962
f 2211/2704/2368 138/160/146 134/156/142
f 2211/2702/2368 3311/2546/2236 2083/2541/2233
f 3288/4058/3462 1221/1483/1311 2267/2768/2422
f 3288/4058/3462 2267/2768/2422 2266/2767/2421
f 149/171/157 152/174/160 4184/4065/3468
f 3519/4349/3685 3125/3856/3299 4331/5405/4450
f 3519/4349/3685 3521/4351/3687 3125/3856/3299
f 2415/2949/2574 2417/2951/2576 4381/5475/4496
f 936/1124/1003 4664/5854/3943 12/17/14
f 936/1124/1003 2987/3679/3157 4665/5855/4727
f 936/1124/1003 937/1125/1004 2987/3679/3157
f 936/1124/1003 4665/5855/4727 4664/5854/3943
f 500/592/533 1484/1801/1591 501/593/534
f 500/592/533 502/594/535 3161/3897/3336
f 500/592/533 3161/3897/3336 1484/1801/1591
f 3760/4660/3917 4666/5856/4728 4068/5054/4201
f 3760/4660/3917 3762/4662/3919 4666/5856/4728
f 4481/5604/4582 2055/2499/2200 2058/2502/2202
f 4481/5600/4582 2058/2503/2202 2053/2497/2199
f 4481/5604/4582 4480/5603/4584 2055/2499/2200
f 4481/5600/4582 2053/2497/2199 4479/5601/4583
f 527/633/564 3151/3887/3326 3004/3702/3175
f 527/633/564 530/636/567 3151/3887/3326
f 4224/5272/4349 4667/5857/4729 3041/3755/3215
f 537/643/574 4668/5858/4730 4669/5859/4731
f 537/643/574 4669/5859/4731 538/644/575
f 544/650/581 4670/5860/2957 2795/5861/2958
f 544/650/581 2875/3534/3038 4466/5583/4571
f 544/650/581 2795/5861/2958 2876/3535/3039
f 544/650/581 2876/3535/3039 2875/3534/3038
f 544/650/581 545/651/582 4670/5860/2957
f 1522/1859/1639 1025/5862/1100 4671/5863/1103
f 1522/1859/1639 4671/5863/1103 4799/1860/1640
f 2587/3161/2750 2588/3162/2751 3862/4795/4019
f 4672/5864/4732 2961/3650/3131 4673/5865/4733
f 4672/5864/4732 4442/5548/4551 1531/1869/1649
f 4672/5864/4732 1531/1869/1649 2961/3650/3131
f 4447/5554/1487 4210/5251/4335 4209/5250/117
f 2721/3336/2880 2722/3337/2881 3939/4892/4083
f 3731/5559/3888 4674/5044/4193 4059/5043/4192
f 3731/4622/3888 3732/4626/3887 4674/5866/4193
f 2229/2725/2383 2234/2730/2388 1988/2424/2129
f 2229/2725/2383 3036/3750/3210 2230/2726/2384
f 2536/3097/2697 4675/5867/4734 3319/4101/3494
f 2481/3030/2641 4676/5868/4735 2483/3032/2643
f 2481/3030/2641 4015/4993/4155 4676/5868/4735
f 3745/4644/3902 1021/1230/1095 3332/4117/3506
f 3745/4644/3902 3332/4117/3506 3331/4116/3505
f 4310/5379/4429 3748/4647/3905 2221/2713/2376
f 4310/5379/4429 627/750/668 628/754/672
f 2129/3772/2281 3478/3771/3228 3481/3244/2806
f 2129/3772/2281 3481/3244/2806 2644/3243/2805
f 3057/3777/3232 2568/3140/2730 331/399/351
f 3057/3777/3232 766/928/824 2568/3140/2730
f 4363/5453/3871 4097/5096/4229 3717/5095/3872
f 343/411/363 3598/413/365 3599/5869/3760
f 343/5870/363 3599/4455/3760 3416/4221/3590
f 2657/3261/2819 2660/3264/2822 4405/5503/4519
f 198/241/209 200/243/211 2904/3575/3069
f 205/248/216 361/432/383 4558/5707/4206
f 205/248/216 4558/5707/4206 206/249/217
f 3069/3790/3244 4677/5871/4736 4412/5510/4526
f 3069/3790/3244 3068/3789/3243 4677/5871/4736
f 3620/4479/3741 3619/4478/3780 3578/4576/3742
f 3661/4522/3821 2919/3594/3087 25/32/27
f 3661/4522/3821 25/32/27 24/31/26
f 3661/4522/3821 1153/1397/1239 2920/3595/3088
f 3661/4522/3821 2920/3595/3088 2919/3594/3087
f 389/464/413 4493/5616/4594 2432/2972/2592
f 4167/5189/4296 4199/5240/4326 4678/5872/4737
f 4167/5189/4296 4166/5188/4295 4199/5240/4326
f 4167/5189/4296 4393/5489/4508 80/96/85
f 4167/5189/4296 4678/5872/4737 4393/5489/4508
f 1148/1392/1235 4679/5873/4738 2254/2754/2408
f 3089/3812/3262 3009/3708/3181 4420/3707/3180
f 3386/4179/3560 4091/5087/4224 4257/5312/4380
f 4092/5088/4225 4424/5525/4535 1674/2041/1799
f 4092/5088/4225 1674/2041/1799 3387/4182/3563
f 4680/5874/4739 4405/5503/4519 2660/3264/2822
f 4680/5874/4739 2660/3264/2822 2659/3263/2821
f 4680/5874/4739 4681/5875/4740 4405/5503/4519
f 2948/3630/3117 1182/1436/1271 1178/1432/1268
f 2948/3630/3117 3105/5823/3278 2950/3631/3118
f 2948/3630/3117 1178/1432/1268 4682/5876/4741
f 2948/3630/3117 4682/5876/4741 3105/5823/3278
f 2465/5877/2625 4200/5530/2627 4428/5529/4539
f 2465/5877/2625 4773/5878/4742 2466/5879/2626
f 2465/5877/2625 4428/5529/4539 4773/5878/4742
f 4673/5865/4733 2961/3650/3131 2964/3651/3132
f 1847/2247/1979 1844/2244/1976 4683/5880/4743
f 1205/1467/1295 1109/1347/1196 1108/1346/1195
f 3874/4807/4031 3968/4929/4111 3875/4808/4032
f 2340/5881/2497 1288/5882/2050 4684/5883/2047
f 1963/2397/2103 1965/2396/2105 2086/2545/2235
f 2091/2552/2241 2090/2551/2240 4371/5465/4486
f 2091/2552/2241 4371/5465/4486 4237/5290/4360
f 2091/2552/2241 4237/5290/4360 2092/2553/2242
f 3453/4263/3629 4685/5884/4744 2996/3688/3166
f 3453/4263/3629 2996/3688/3166 1240/1508/1327
f 3453/4263/3629 3957/4918/4100 4685/5884/4744
f 4557/5706/2913 4555/5705/4643 4663/5853/4726
f 3861/4793/4018 1523/4794/1641 799/5885/857
f 3861/5213/4018 799/966/857 4183/5214/4074
f 4378/5472/4493 4377/5471/4492 40/52/44
f 4378/5472/4493 41/53/45 4379/5473/4494
f 3963/4924/4106 4533/5669/3850 3964/4925/4107
f 3963/4924/4106 3966/4927/4109 460/541/486
f 3963/4924/4106 460/541/486 4533/5669/3850
f 1754/2138/1880 4382/5476/4497 1755/2139/1881
f 1764/2148/1890 3203/3959/3380 3202/3958/3379
f 4686/5886/4745 4833/5887/4746 3972/4933/4115
f 4686/5886/4745 2924/5888/3092 4833/5887/4746
f 4686/5886/4745 4626/5802/4694 4687/5889/3094
f 4686/5886/4745 3972/4933/4115 4626/5802/4694
f 4686/5886/4745 4687/5889/3094 2924/5888/3092
f 2781/3410/912 3826/4753/3983 2782/3411/2944
f 2781/3410/912 3827/4754/3984 3826/4753/3983
f 2781/3410/912 847/1025/911 3827/4754/3984
f 1002/1207/1075 1001/1206/1074 3410/4214/3584
f 1002/1207/1075 855/1035/919 1003/1208/1076
f 4688/4759/3988 3830/4758/3987 4689/5019/4174
f 4688/5890/3988 4689/5891/4174 4690/5892/4747
f 3492/4312/3661 2276/1225/1090 867/1051/932
f 3492/4312/3661 867/1051/932 866/1050/931
f 4001/4977/4142 4004/4980/4145 4691/5893/4748
f 4001/4977/4142 4691/5893/4748 4390/5486/4505
f 881/1065/946 4692/5894/4749 4764/1066/947
f 123/144/130 122/143/129 3498/4320/3668
f 123/144/130 3497/4319/3667 4569/145/131
f 123/144/130 3498/4320/3668 3497/4319/3667
f 3166/4964/3342 4693/5895/2480 4261/5319/4384
f 4432/5534/4541 502/594/535 2120/2584/2269
f 4651/5839/4718 4818/5896/4750 3513/4341/3681
f 4651/5839/4718 3513/4341/3681 3511/4339/3679
f 4651/5839/4718 3511/4339/3679 1283/1557/1376
f 4651/5839/4718 4652/5840/4318 4818/5896/4750
f 3261/4022/3435 2252/2752/2406 3262/4023/3436
f 3261/5400/3435 4300/5365/3438 4299/5364/4420
f 1418/1727/1523 4142/5160/4271 2314/2822/2468
f 1418/1727/1523 2314/2822/2468 4854/2820/2466
f 3269/4031/3444 1636/2002/1760 1637/2003/1761
f 4694/5897/4751 4695/5898/4752 4847/5899/4753
f 4694/5897/4751 4517/5644/4611 4518/5645/4612
f 4694/5897/4751 4847/5899/4753 4848/5900/4754
f 4694/5897/4751 4518/5645/4612 4695/5898/4752
f 1372/1673/1472 4696/5901/4755 1373/1674/1473
f 1372/1673/1472 3537/4370/3701 4696/5901/4755
f 2597/3173/2760 2331/2843/2487 4264/5325/4388
f 2597/3173/2760 4264/5325/4388 665/796/711
f 3417/4222/3591 2733/3355/2893 1806/2197/1935
f 3417/4222/3591 1806/2197/1935 1805/2196/1934
f 3417/4222/3591 1990/2426/2131 2733/3355/2893
f 1883/2291/2015 4441/5547/4550 2736/3358/2896
f 1883/2291/2015 2736/3358/2896 1884/2292/2016
f 681/816/729 680/815/728 2097/2559/2248
f 687/822/735 3551/4751/3716 3549/823/736
f 1905/2321/2040 2620/3203/2784 4511/5638/4605
f 1905/2321/2040 4233/5283/4357 1909/2325/2043
f 1905/2321/2040 4511/5638/4605 4233/5283/4357
f 3263/4024/3437 3262/4023/3436 2251/2749/2405
f 3263/4024/3437 2251/2749/2405 2250/2748/2404
f 251/851/265 4281/5429/4405 3408/5902/3580
f 251/300/265 3408/4210/3580 3407/4209/3581
f 251/300/265 3407/4209/3581 3285/305/269
f 3619/4478/3780 3698/4577/3853 3578/4576/3742
f 722/870/773 19/26/21 4639/5818/4705
f 722/870/773 721/869/772 19/26/21
f 30/37/32 3793/4698/3951 3633/4493/3793
f 3695/4572/3849 4697/5903/4756 1187/1443/1276
f 3695/4571/3849 3457/4267/3633 3459/4269/3635
f 3695/4572/3849 3693/4569/3848 4697/5903/4756
f 3695/4572/3849 1187/1443/1276 3765/4666/3922
f 3695/4571/3849 3765/5904/3922 3457/4267/3633
f 4698/5905/4757 4735/5906/4758 4541/5907/4632
f 4698/5905/4757 522/628/559 3001/3699/3173
f 4698/5905/4757 4541/5907/4632 4699/5908/4124
f 4698/5905/4757 3001/3699/3173 4735/5906/4758
f 4698/5905/4757 4699/5908/4124 522/628/559
f 756/910/810 758/912/812 2609/3188/2772
f 4454/5909/4560 2127/2593/2278 3296/4070/3471
f 4454/5562/4560 3296/5910/3471 4455/5563/3472
f 4454/5909/4560 4700/5911/4176 2127/2593/2278
f 3517/4347/1144 3515/4344/3682 4701/5912/2099
f 4137/5152/4265 4702/5913/4759 3300/4077/3476
f 555/666/592 554/665/591 4703/5914/4760
f 1079/1311/1163 4295/5360/4417 1080/1312/1164
f 1079/1311/1163 4044/5026/4180 4295/5360/4417
f 4704/5915/4761 4705/5916/4762 4706/5917/4763
f 4704/5915/4761 4706/5917/4763 4707/5918/4764
f 895/1080/961 1477/3844/1584 3312/4091/1583
f 3923/4868/4071 3663/4524/3823 3662/4523/3822
f 3923/4868/4071 1980/2414/2122 3663/4524/3823
f 1984/2419/2125 4708/5919/4765 2814/3452/2980
f 1984/2419/2125 3318/5920/3493 4708/5919/4765
f 1570/1919/1690 4607/5771/4681 1571/1920/1691
f 1570/1919/1690 4050/5033/4183 4709/5921/4766
f 1570/1919/1690 4709/5921/4766 4607/5771/4681
f 1125/5922/1212 379/454/403 380/455/404
f 1125/5922/1212 380/455/404 4225/5277/4350
f 1125/1366/1212 4225/5273/4350 1126/1367/1213
f 1132/1374/1219 4710/5923/4767 3641/4501/3801
f 1132/1374/1219 1131/1373/1218 4710/5923/4767
f 1139/1381/1226 1137/1379/1224 4231/5281/4355
f 4711/5924/4768 1910/2326/2044 4712/5925/4769
f 4711/5924/4768 3707/4587/3863 1910/2326/2044
f 4711/5924/4768 1142/1384/1229 3707/4587/3863
f 4711/5924/4768 4712/5925/4769 1143/1385/671
f 4711/5924/4768 1143/1385/671 1142/1384/1229
f 2953/3636/3121 3674/4542/1941 4713/5926/4770
f 2953/3636/3121 4713/5926/4770 2954/3637/3122
f 4716/5927/4771 4714/5928/4772 3443/4252/3620
f 4716/5929/4771 4881/5930/4773 4714/5931/4772
f 4716/5929/4771 4715/5932/2916 4881/5930/4773
f 4716/5933/4771 3443/5934/3620 2754/3379/2917
f 4716/5933/4771 2754/3379/2917 4715/3378/2916
f 3344/4132/3519 3383/4176/3557 4717/5935/4774
f 3344/4132/3519 3384/4177/3558 3383/4176/3557
f 4317/5387/4436 4718/5936/4775 2040/2478/2183
f 4317/5387/4436 1165/1416/1252 4718/5936/4775
f 4317/5387/4436 2040/2478/2183 2039/2477/2182
f 4317/5387/4436 2039/2477/2182 4318/5388/4437
f 4424/5525/4535 4425/5526/4536 4612/5778/4686
f 4271/5332/4395 4719/5937/4776 4272/5333/4396
f 4720/5938/4777 13/18/15 4721/5939/4717
f 4720/5938/4777 3954/4915/4097 3953/4914/4096
f 4720/5938/4777 3953/4914/4096 13/18/15
f 4720/5938/4777 4071/5057/4204 4472/5591/4576
f 4720/5938/4777 4472/5591/4576 3954/4915/4097
f 4720/5938/4777 4721/5939/4717 4071/5057/4204
f 4324/5394/4443 2334/2846/2490 2333/2845/2489
f 4324/5394/4443 4722/5940/4778 4325/5395/4444
f 4324/5394/4443 2333/2845/2489 4723/5941/4779
f 4324/5394/4443 4323/5393/4442 2334/2846/2490
f 4324/5394/4443 4723/5941/4779 4722/5940/4778
f 4724/2505/2203 2060/2507/2204 173/4534/181
f 4724/5942/2203 3361/4153/3535 1507/4154/1620
f 4724/5943/2203 1507/1833/1620 2059/1832/718
f 4724/5942/2203 173/199/181 3361/4153/3535
f 4326/5396/4445 1793/2183/1922 178/209/187
f 4326/5396/4445 3121/3852/3295 1793/2183/1922
f 3926/4872/4075 4757/5944/4127 4756/1460/1291
f 3926/5945/4075 1236/5946/1324 4757/5947/4127
f 4726/3714/3187 4725/5948/499 4184/4065/3468
f 4726/5949/3187 3014/3720/3189 4725/558/499
f 4726/3714/3187 4184/4065/3468 152/174/160
f 1445/1759/1550 4727/5950/4780 1446/1760/1551
f 919/1106/985 4265/5326/4389 4728/5951/4716
f 919/1106/985 4728/5951/4716 4650/1107/986
f 919/1106/985 917/1104/983 2078/2533/2225
f 4729/5952/4781 2090/2551/2240 4730/5953/4782
f 4729/5952/4781 4731/5954/4783 3252/4012/3426
f 4729/5952/4781 3252/4012/3426 4372/5466/4487
f 4729/5952/4781 4371/5465/4486 2090/2551/2240
f 4729/5952/4781 4372/5466/4487 4371/5465/4486
f 4729/5952/4781 4730/5953/4782 4731/5954/4783
f 2096/2557/2246 4373/5467/4488 2098/2558/2247
f 948/5665/1017 793/958/851 4732/5955/1018
f 948/1138/1017 947/1137/1016 4733/5956/4474
f 4168/5190/4297 4169/5192/4298 1838/2235/1970
f 3148/3884/3323 4488/5611/4589 3004/3702/3175
f 3148/3884/3323 3004/3702/3175 3151/3887/3326
f 1760/2144/1886 1759/2143/1885 4280/5344/4404
f 1760/2144/1886 4280/5344/4404 4707/5918/4764
f 1760/2144/1886 4706/5917/4763 1761/2145/1887
f 1760/2144/1886 4707/5918/4764 4706/5917/4763
f 1723/2099/1849 3880/4813/4037 4286/5957/4410
f 1723/2099/1849 1725/2102/1852 3880/4813/4037
f 1601/1965/1724 1604/1964/1726 4734/5958/4784
f 1601/1965/1724 4734/5958/4784 1802/2192/1931
f 2981/3672/3150 2076/2531/2223 2080/5830/2229
f 2981/3672/3150 2080/5830/2229 2983/3675/3153
f 585/701/624 2989/3681/3159 586/702/625
f 585/701/624 583/698/621 2989/3681/3159
f 2165/2640/2316 4674/5044/4193 2167/2642/2318
f 2835/3487/2999 2836/3489/3001 3422/4230/3599
f 2835/3487/2999 1028/1242/1107 2228/2731/2382
f 2850/3505/3014 2849/3504/3013 4126/5136/4257
f 2850/3505/3014 4126/5136/4257 4125/5135/4256
f 2203/2692/2358 3306/4083/3482 2204/2693/2359
f 4735/5959/4758 3979/5960/4123 4736/5961/4633
f 4735/5959/4758 3001/3697/3173 3979/5960/4123
f 4735/5959/4758 4736/5961/4633 4541/5962/4632
f 1060/1286/1139 3899/4837/4051 1062/1288/1141
f 4333/5408/4453 4334/5407/4452 3782/4685/3940
f 193/235/203 2242/2739/2396 194/236/204
f 4664/5854/3943 4665/5855/4727 3784/2202/1940
f 3889/4827/4044 3891/4826/4043 4737/5963/4785
f 4658/5848/4722 4659/5849/4723 4738/5964/4786
f 4739/5965/4787 4740/5966/4788 3336/4121/3510
f 4739/5965/4787 3317/4099/3492 4740/5966/4788
f 4739/5965/4787 3336/4121/3510 4248/5301/4369
f 4642/5824/4708 2814/3452/2980 4708/5919/4765
f 4642/5824/4708 3105/5823/3278 4682/5876/4741
f 4642/5824/4708 4708/5919/4765 3318/5920/3493
f 4642/5824/4708 4682/5876/4741 2814/3452/2980
f 740/894/794 4602/892/792 2441/2984/2601
f 4597/5760/4675 4508/5635/4602 4741/5967/4789
f 4597/5760/4675 4741/5967/4789 4598/5761/3030
f 4597/5760/4675 3798/4705/3954 1995/2431/2136
f 4597/5760/4675 1995/2431/2136 4508/5635/4602
f 4742/5968/4790 4743/5969/4791 4744/5970/4792
f 4742/5968/4790 4744/5970/4792 3042/3756/3216
f 4742/5968/4790 3042/3756/3216 4667/5857/4729
f 538/644/575 4669/5859/4731 4745/5971/4793
f 538/644/575 4745/5971/4793 539/645/576
f 2875/3534/3038 61/74/66 4466/5583/4571
f 70/86/75 1398/1704/1503 73/89/78
f 1406/1713/1510 1408/1715/1512 1835/2232/1967
f 1406/1713/1510 1835/2232/1967 1407/1714/1511
f 4746/5825/4709 3110/3838/3283 3948/4905/1035
f 4746/5972/4709 3948/1164/1035 960/1166/1030
f 4746/5972/4709 960/1166/1030 4007/4985/4148
f 4284/5348/4408 1540/1882/1659 4285/5349/4409
f 4284/5348/4408 4747/5973/4794 1540/1882/1659
f 4284/5348/4408 3780/4682/3937 4747/5973/4794
f 4209/5250/117 726/874/777 4748/5974/4795
f 4209/5250/117 4748/5974/4795 3349/4140/3522
f 4209/5250/117 727/875/778 726/874/777
f 4209/131/117 2044/2482/1487 4749/5975/4796
f 4209/131/117 4749/5975/4796 3813/4731/3971
f 3825/4750/3981 4750/5976/4797 3774/4676/3931
f 3825/4750/3981 4751/5977/4152 4752/5978/4798
f 3825/4750/3981 4752/5978/4798 4750/5976/4797
f 1442/1755/1546 3817/4735/3975 1443/1756/1547
f 1442/1755/1546 1181/1435/1270 1180/1434/1269
f 124/146/132 4569/145/131 2490/4739/2650
f 124/146/132 3819/4738/3976 3034/3748/3208
f 124/146/132 2490/4739/2650 3819/4738/3976
f 130/152/138 1609/1970/1731 131/153/139
f 130/152/138 3539/4373/3704 1609/1970/1731
f 2785/3415/2947 2787/3417/2949 1194/1450/1282
f 2785/3415/2947 3769/4671/3926 2786/3416/2948
f 1456/1771/1562 4753/5979/4799 4327/5397/4446
f 1456/1771/1562 4754/5980/4800 4753/5979/4799
f 1456/1771/1562 4327/5397/4446 1457/1772/1563
f 151/173/159 150/172/158 4175/5201/4304
f 151/173/159 4175/5201/4304 4176/5202/4305
f 151/173/159 4176/5202/4305 3759/4659/3916
f 4755/4752/3982 1343/3807/1440 2081/2538/2230
f 4755/5981/3982 2307/2812/2460 1343/1626/1440
f 3979/5960/4123 3001/3697/3173 3980/3696/3172
f 3979/4943/4123 4699/4945/4124 4736/5680/4633
f 3558/4393/3723 1789/2179/1918 1786/2174/1916
f 3558/4393/3723 1786/2174/1916 3559/4394/3724
f 1197/1454/1285 1198/1455/1286 3982/4948/4125
f 3010/4950/3182 3986/4956/4129 2532/5982/2693
f 3010/5983/3182 4756/5984/1291 4757/5985/4127
f 189/230/199 188/229/198 3990/4961/4134
f 189/230/199 3990/4961/4134 4758/5986/4801
f 4593/5755/4672 4113/5119/4244 3719/4607/3874
f 4593/5755/4672 3719/4607/3874 6/10/8
f 199/242/210 4759/5987/4802 4760/5988/4803
f 199/242/210 197/240/208 4761/5989/4804
f 199/242/210 4761/5989/4804 4759/5987/4802
f 199/242/210 4760/5988/4803 200/243/211
f 4484/5607/4585 3066/3787/3242 4532/5667/4624
f 4484/5607/4585 1618/1982/1740 3066/3787/3242
f 4484/5607/4585 3837/4766/3995 3836/4765/3994
f 4484/5607/4585 4532/5667/4624 3837/4766/3995
f 4409/5507/4523 4411/5509/4525 4762/5990/4805
f 4409/5507/4523 1262/1530/1349 1261/1529/1348
f 4409/5507/4523 1261/1529/1348 4410/5508/4524
f 4409/5507/4523 4762/5990/4805 1262/1530/1349
f 219/263/231 1550/1894/1668 220/264/232
f 2991/3683/3161 649/780/695 2992/3684/3162
f 2991/3683/3161 3845/4775/4004 649/780/695
f 1281/3692/1374 2998/3691/3168 4652/5224/4318
f 398/473/422 3589/4443/3753 3849/4779/4006
f 398/473/422 3849/4779/4006 399/474/423
f 1662/2028/1786 4763/5991/4806 3209/5992/3386
f 1662/2028/1786 1660/2026/1784 4763/5991/4806
f 257/310/272 4554/5702/4642 2259/2760/2414
f 257/310/272 3173/3917/3349 260/313/275
f 257/310/272 2570/3142/2732 4554/5702/4642
f 3120/3851/3294 1301/1579/1395 1300/1578/1394
f 3120/3851/3294 1924/2347/2061 1301/1579/1395
f 4759/5987/4802 2537/3098/2698 4764/5993/947
f 4759/5994/4802 4764/1066/947 4692/5894/4749
f 4759/5987/4802 4761/5989/4804 2537/3098/2698
f 4759/5994/4802 4692/5894/4749 4760/5995/4803
f 1312/1591/1407 2664/3271/2827 2581/3155/2744
f 2588/3162/2751 1317/1596/1412 1318/1597/1413
f 2588/3162/2751 1318/1597/1413 3862/4795/4019
f 2588/3162/2751 2585/3159/2748 1317/1596/1412
f 3359/4151/3534 461/536/485 46/5068/51
f 4207/5248/4333 2593/3169/2758 4208/5249/4334
f 1949/2375/2088 2181/2663/2332 1331/1610/1426
f 1949/2375/2088 301/363/318 2181/2663/2332
f 4633/5810/4700 1336/1615/1431 4189/5221/4315
f 4633/5810/4700 4189/5221/4315 4655/5844/4720
f 2828/378/331 4765/5996/4807 313/379/332
f 2828/378/331 2829/5997/2994 4766/5998/4808
f 2828/378/331 4766/5998/4808 4765/5996/4807
f 3667/4529/3828 160/183/168 161/185/170
f 3667/4529/3828 317/385/337 1590/1945/1711
f 4767/5999/4809 4753/5979/4799 4754/5980/4800
f 4767/5999/4809 4754/5980/4800 4768/6000/4810
f 4767/5999/4809 4769/6001/4811 4770/6002/4812
f 4767/5999/4809 4768/6000/4810 4769/6001/4811
f 4767/5999/4809 4770/6002/4812 4753/5979/4799
f 2453/2997/2613 3250/4010/3424 2454/2998/2614
f 2453/2997/2613 58/71/63 3250/4010/3424
f 1604/1964/1726 2151/2621/2302 4734/5958/4784
f 1604/1964/1726 2152/2622/2303 2151/2621/2302
f 350/419/371 349/418/370 4406/5504/4520
f 350/419/371 4405/5503/4519 4681/5875/4740
f 350/419/371 4681/5875/4740 351/420/372
f 3152/3888/3327 3151/3887/3326 530/636/567
f 1632/1998/1756 4159/5179/4288 3788/4693/3946
f 2242/2739/2396 2243/2740/2397 4771/6003/4813
f 2242/2739/2396 4771/6003/4813 3496/4317/3665
f 2242/2739/2396 3496/4317/3665 194/236/204
f 1645/2011/1769 829/1004/891 1646/2012/1770
f 1645/2011/1769 1647/2013/1771 4564/5713/4647
f 1645/2011/1769 4564/5713/4647 829/1004/891
f 1650/2016/1774 3665/4526/3825 2687/3296/2848
f 3280/4047/3454 2021/2458/2163 2956/3639/3124
f 414/490/439 1226/1490/1316 2857/3512/3021
f 414/490/439 2857/3512/3021 415/491/440
f 1664/2030/1788 1665/2031/1789 2032/2470/2175
f 4612/5778/4686 4425/5526/4536 2276/2777/1090
f 4612/5778/4686 2276/2777/1090 4613/5779/4687
f 3580/4431/3745 4614/6004/4688 2761/3386/2924
f 3580/4431/3745 2761/3386/2924 3756/4656/3913
f 3580/4433/3745 1309/1588/1404 4614/5780/4688
f 3306/4083/3482 4772/6005/4814 3307/4084/3483
f 3306/4083/3482 4146/5165/4275 4772/6005/4814
f 3265/4027/3440 4144/6006/4273 3266/4028/3441
f 3265/4027/3440 2466/3015/2626 4773/6007/4742
f 3265/6008/3440 4773/5878/4742 4428/5529/4539
f 3265/6008/3440 4428/5529/4539 4144/5163/4273
f 1691/6009/1816 3005/3703/3176 4488/5611/4589
f 1691/2066/1816 4105/5110/4237 3005/6010/3176
f 1691/2066/1816 1688/2063/1813 4105/5110/4237
f 1691/6009/1816 4488/5611/4589 3678/4549/1817
f 975/1178/1046 3572/6011/3735 976/1179/1047
f 975/3350/1046 4216/3348/2890 3572/4415/3735
f 4198/5105/4234 4100/5104/4233 4197/6012/4325
f 477/569/510 3914/4857/4063 4249/5302/4370
f 1341/1622/1438 4061/5047/4194 3085/1623/1439
f 4657/5847/4300 4656/5846/4721 1160/1407/1245
f 4657/5195/4300 1160/1405/1245 4171/5196/4301
f 1484/1801/1591 1362/1659/1463 501/593/534
f 1484/1801/1591 3161/3897/3336 3160/3896/3335
f 1484/1801/1591 2320/1803/1593 1362/1659/1463
f 1484/1801/1591 3160/3896/3335 230/274/242
f 2325/2834/2478 2323/2832/2476 3348/4139/3525
f 2325/2834/2478 3348/4139/3525 4905/6013/4815
f 4774/6014/4816 3353/4144/3528 2349/2863/2507
f 4774/6014/4816 2349/2863/2507 1495/1815/1605
f 1498/1818/1608 4820/5541/4547 1099/1336/1185
f 2735/3357/2895 4441/5547/4550 2337/2849/2493
f 2450/2994/2610 49/62/54 751/905/805
f 3603/4459/3764 684/819/732 2343/2856/2500
f 1069/1300/1152 1068/1299/1151 4775/6015/4817
f 1069/1300/1152 4775/6015/4817 4776/6016/4818
f 1069/1300/1152 4776/6016/4818 1070/1301/1153
f 2381/2903/2539 2383/2905/2541 2941/3622/3110
f 2381/2903/2539 2941/3622/3110 2942/3623/3111
f 4452/5560/4559 2641/3239/2804 4605/5769/4679
f 1378/6017/1478 4560/6018/1482 4777/6019/4819
f 610/728/649 612/730/651 1330/1609/1425
f 3367/4160/3541 2407/2939/2566 2404/2936/2564
f 3367/4160/3541 3368/4161/3542 2407/2939/2566
f 3984/4953/4128 4831/5219/4313 4187/5218/4312
f 3984/4953/4128 3988/4959/4132 4335/6020/4455
f 3984/4953/4128 4335/6020/4455 4831/5219/4313
f 3984/4953/4128 4187/5218/4312 3986/4954/4129
f 632/759/676 4503/5630/4597 633/760/677
f 632/759/676 2799/3433/2962 4503/5630/4597
f 2800/3435/2964 3842/4772/4001 4399/5497/2930
f 2800/3435/2964 4399/5497/2930 2766/3436/2929
f 1306/4432/1400 4312/5381/4431 4313/5382/4432
f 1306/4432/1400 4313/5382/4432 3858/4789/4015
f 1306/4432/1400 2030/2468/2173 4312/5381/4431
f 2802/3438/2966 3919/4862/4068 4778/6021/4820
f 2802/3438/2966 4778/6021/4820 644/775/690
f 4779/6022/495 4780/6023/496 4781/6024/3446
f 4779/4201/495 4781/4035/3446 3272/4034/2344
f 1244/1512/1331 3038/3752/3212 1727/2104/1854
f 1244/1512/1331 1243/1511/1330 1979/2413/2121
f 1244/1512/1331 1979/2413/2121 3038/3752/3212
f 4782/6025/4821 3325/2263/1992 2745/3367/2905
f 4782/6025/4821 1861/2264/1993 3325/2263/1992
f 4782/6025/4821 2745/3367/2905 3031/3745/3205
f 3590/4444/3754 2864/3520/3026 2493/3042/2653
f 3590/4444/3754 2865/3521/3027 2864/3520/3026
f 2601/3177/2764 2604/3180/2767 2818/3456/2984
f 2505/3060/2666 4783/6026/4822 2506/3061/2667
f 2505/3060/2666 1895/2310/2030 3831/4760/3989
f 2505/3060/2666 3831/4760/3989 4783/6026/4822
f 114/135/121 1898/2313/2032 4471/5590/4575
f 114/135/121 4471/5590/4575 115/136/122
f 4784/6027/4823 156/178/164 155/177/163
f 4784/6027/4823 4785/6028/4824 156/178/164
f 4784/6027/4823 3747/4646/3904 4785/6028/4824
f 4784/6027/4823 155/177/163 3613/4469/3773
f 4784/6027/4823 3613/4469/3773 3747/4646/3904
f 1910/2326/2044 3707/4587/3863 3706/4586/3862
f 1910/2328/2044 1909/2325/2043 4712/6029/4769
f 2836/3489/3001 2837/3490/3002 4786/6030/4825
f 2836/3489/3001 4786/6030/4825 3422/4230/3599
f 2849/3504/3013 3911/4852/4060 4126/5136/4257
f 1923/2346/2060 4351/5436/4470 1924/2347/2061
f 4586/5748/4666 2335/2847/2491 4587/5749/4667
f 4586/5748/4666 4787/6031/4826 2335/2847/2491
f 4586/5748/4666 1936/2362/2075 41/53/45
f 4586/5748/4666 41/53/45 4787/6031/4826
f 1322/1601/1417 3796/4703/3953 1941/2367/2080
f 755/909/809 4228/5278/4352 757/911/811
f 755/909/809 4366/5457/4482 4228/5278/4352
f 4788/6032/3045 2703/6033/2864 2702/6034/2863
f 4788/6035/3045 2880/3543/3044 2703/3314/2864
f 4554/5702/4642 2262/2763/2417 2259/2760/2414
f 264/317/279 2765/3390/2928 265/318/280
f 264/317/279 263/316/278 3383/4176/3557
f 4373/6036/4488 4789/3923/3355 2098/2561/2247
f 4373/5467/4488 3180/2100/1850 4789/6037/3355
f 3655/4516/3815 4790/6038/4827 2578/3153/2741
f 3655/4516/3815 2906/3578/3071 4790/6038/4827
f 3655/4516/3815 2578/3153/2741 3656/4517/3816
f 4072/5776/4205 206/249/217 4558/5707/4206
f 4072/5776/4205 4791/6039/4207 4531/5666/4623
f 3658/4519/3818 3191/3943/3367 1740/2122/1867
f 3658/4519/3818 2970/3661/3139 3191/3943/3367
f 4571/6040/3486 4890/6041/4828 4792/6042/4652
f 824/999/886 4436/5538/4545 488/580/521
f 830/1005/892 4563/5712/4646 3313/4095/3488
f 1403/1709/1507 1062/1288/1141 3316/4098/3491
f 1777/2161/1903 1776/2160/1902 2927/3603/3096
f 174/198/180 3361/4153/3535 173/199/181
f 174/198/180 172/6043/183 4568/5721/543
f 4631/5807/4698 777/939/835 3452/4262/3628
f 4631/5807/4698 3452/4262/3628 4793/6044/4829
f 4631/5807/4698 1794/2184/1923 1792/2182/1921
f 4631/5807/4698 4793/6044/4829 1794/2184/1923
f 4794/6045/4830 4506/5633/4600 4691/5893/4748
f 4794/6045/4830 4492/5615/4593 4507/5634/4601
f 4794/6045/4830 4507/5634/4601 4506/5633/4600
f 4794/6045/4830 4004/4980/4145 4492/5615/4593
f 4794/6045/4830 4691/5893/4748 4004/4980/4145
f 4392/5488/4507 3104/3830/3277 3106/3834/3279
f 4392/5488/4507 1810/2201/1939 1809/2200/1938
f 4392/5488/4507 3106/3834/3279 1810/2201/1939
f 122/143/129 3676/4544/3836 3498/4320/3668
f 4795/6046/4831 2298/2803/2452 2297/2802/2451
f 4795/6046/4831 2297/2802/2451 4395/5491/4509
f 1080/1312/1164 4295/5360/4417 4294/5359/4416
f 1080/1312/1164 4294/5359/4416 1823/2218/1955
f 2243/2740/2397 1048/1272/1127 2563/3132/250
f 2243/2740/2397 2563/3132/250 4771/6003/4813
f 4796/6047/3201 2126/2591/2276 4797/6048/4832
f 4796/6049/3201 2829/3473/2994 2830/3472/2993
f 4796/3738/3201 4766/5998/4808 2829/5997/2994
f 4796/3735/3201 4797/6050/4832 4039/5020/4175
f 4796/6047/3201 2830/6051/2993 2126/2591/2276
f 4796/3738/3201 1270/3185/1362 4766/5998/4808
f 1469/1784/1575 4528/5659/4621 4265/5326/4389
f 3245/4005/3419 1006/1213/1079 2624/3212/2789
f 2090/2551/2240 2611/3190/2774 4730/5953/4782
f 940/1128/1007 3545/4379/3710 941/1129/1008
f 940/1128/1007 2097/2559/2248 680/815/728
f 2616/3199/2780 2994/3686/3164 2996/3688/3166
f 2616/3199/2780 4685/5884/4744 2617/3200/2781
f 2616/3199/2780 2996/3688/3166 4685/5884/4744
f 2616/3199/2780 2615/3198/2779 2994/3686/3164
f 2620/3203/2784 3961/4922/4104 4511/5638/4605
f 890/1075/956 4261/5319/4384 2542/3106/2703
f 890/1075/956 1877/2284/2011 891/1076/957
f 890/1075/956 2542/3106/2703 1877/2284/2011
f 3964/4925/4107 4534/5670/4625 3965/4926/4108
f 4382/5476/4497 4381/5475/4496 1755/2139/1881
f 4798/6052/4833 652/783/698 650/781/696
f 4798/6052/4833 650/781/696 4431/5533/4540
f 2126/2591/2276 2127/2593/2278 4797/6048/4832
f 2126/2591/2276 2830/6051/2993 4083/2592/2277
f 991/1195/1063 990/1194/1062 4021/4999/4159
f 991/1195/1063 4020/4998/4158 3281/4048/3455
f 991/1195/1063 4021/4999/4159 4020/4998/4158
f 761/2598/818 3932/4883/819 3931/4882/4078
f 761/2598/818 3931/4882/4078 1071/1302/1154
f 761/2598/818 1071/1302/1154 1070/1301/1153
f 1539/1881/1655 4285/5349/4409 1540/1882/1659
f 2530/3090/2692 4186/5217/1663 2531/3091/2209
f 1884/2292/2016 2736/3358/2896 1385/1690/1489
f 1884/2292/2016 3735/6053/3893 1885/2293/2017
f 1884/2292/2016 1385/1690/1489 3735/6053/3893
f 3858/4789/4015 4313/5382/4432 3859/4790/4016
f 1523/4794/1641 4799/6054/1640 799/5885/857
f 4242/5295/4363 901/1086/967 899/1084/965
f 1041/1262/1120 2426/2964/2586 2425/2963/2585
f 3200/3956/3377 3872/4805/4029 4800/6055/4834
f 3200/3956/3377 4800/6055/4834 3201/3957/3378
f 4247/5300/4368 1771/2155/1897 2682/3291/2843
f 2691/3300/2852 3337/4122/3511 2692/3301/2853
f 2691/3300/2852 81/97/86 3337/4122/3511
f 4299/5364/4420 1065/5366/1147 4330/5401/4449
f 4200/3014/2627 2467/3013/2628 3266/4028/3441
f 1075/1307/1159 3211/3967/3388 1076/1308/1160
f 2626/3215/2792 4047/556/497 3401/550/494
f 4028/5006/4164 4801/6056/4835 724/872/775
f 3144/3880/3319 3145/3881/3320 4570/5724/4651
f 4802/6057/4836 1616/1978/1738 1617/1981/1739
f 4802/6058/4836 1615/1977/1737 4696/5901/4755
f 4802/6057/4836 3536/4368/3700 655/786/701
f 4802/6058/4836 4696/5901/4755 3536/4369/3700
f 4802/6057/4836 655/786/701 1616/1978/1738
f 4802/6058/4836 1617/1979/1739 1615/1977/1737
f 663/794/709 665/796/711 4264/5325/4388
f 663/794/709 4264/5325/4388 1375/1676/1475
f 4218/5266/4343 236/280/248 3163/3899/3338
f 4218/5266/4343 4507/5634/4601 236/280/248
f 4218/5266/4343 4220/5268/4345 4507/5634/4601
f 2001/2438/2143 2003/2440/2145 2741/3363/2901
f 4164/5186/4293 4052/5035/4185 1579/1931/1699
f 4164/5186/4293 4710/5923/4767 1131/1373/1218
f 4164/5186/4293 1579/1931/1699 4710/5923/4767
f 1900/2315/2034 1901/2316/2035 4803/6059/4837
f 1900/2315/2034 4803/6059/4837 3802/4711/3959
f 1900/2315/2034 3802/4711/3959 2009/2446/2151
f 2011/2448/2153 3960/4921/4103 2012/2449/2154
f 3914/4857/4063 1960/2389/2100 698/837/747
f 4122/5132/4253 4870/3644/3127 4370/6060/4485
f 4122/5132/4253 4369/5462/4484 4123/5133/4254
f 4312/5381/4431 2030/2468/2173 2029/2467/2172
f 1693/5386/1819 3680/4551/3838 4421/6061/2470
f 4695/5898/4752 4518/5645/4612 4718/5936/4775
f 4695/5898/4752 4718/5936/4775 1164/1415/1251
f 4695/5898/4752 1164/1415/1251 4847/5899/4753
f 1171/1422/1258 1168/1419/1255 4644/5827/4711
f 4437/6062/3073 2909/4272/3075 4804/6063/4546
f 4437/3580/3073 4438/3406/2942 2780/3408/2943
f 4697/5903/4756 3693/4569/3848 4623/5797/4692
f 4697/5903/4756 4623/5797/4692 4321/5391/4440
f 4697/5903/4756 4321/5391/4440 1187/1443/1276
f 4521/5648/4615 4139/5444/4268 3483/4298/2807
f 4521/5648/4615 3483/4298/2807 3482/4297/3652
f 4521/5648/4615 4357/5445/4476 4139/5444/4268
f 1788/2176/1917 2498/3050/2661 4104/5109/4236
f 3982/4948/4125 4683/5880/4743 1844/2244/1976
f 3982/4948/4125 1198/1455/1286 4683/5880/4743
f 3982/4948/4125 1844/2244/1976 2062/2510/2206
f 3885/4818/3183 2227/2721/2380 1201/1464/1289
f 3885/3710/3183 2067/2517/2213 3886/2516/2212
f 4140/5156/4269 1796/2186/1925 2271/2772/2426
f 4140/5156/4269 2576/3148/2738 3179/3925/3357
f 4140/5156/4269 4288/5352/4412 1012/1220/1085
f 4140/5156/4269 3179/3925/3357 4288/5352/4412
f 4140/5156/4269 2271/2772/2426 2576/3148/2738
f 2753/3377/2915 1829/2226/1962 1828/2225/1961
f 2753/3377/2915 1702/2078/1828 1829/2226/1962
f 2753/3377/2915 2755/3380/2918 1702/2078/1828
f 11/16/13 13/18/15 3953/4914/4096
f 232/276/244 2993/3685/3163 1485/1802/1592
f 2814/3452/2980 4682/5876/4741 2815/3453/2981
f 2334/2846/2490 4323/5393/4442 4587/5749/4667
f 2334/2846/2490 4587/5749/4667 2335/2847/2491
f 4621/5791/193 4524/5653/859 4622/5792/4691
f 618/739/659 619/740/657 4169/5191/4298
f 618/739/659 4169/5191/4298 1839/2237/1971
f 2914/4888/3081 4805/6064/4838 4806/6065/3082
f 2914/4888/3081 4747/5973/4794 4805/6064/4838
f 2914/4888/3081 1541/1883/1660 4747/5973/4794
f 3627/4487/3787 3628/4488/3788 4594/5756/4673
f 2545/3110/2706 218/262/230 3506/4334/3674
f 2545/3110/2706 3506/4334/3674 3679/4548/24
f 2545/3110/2706 3679/4548/24 2546/3111/2707
f 2385/2907/2543 578/693/616 1927/2350/2064
f 2863/3519/2067 2494/3043/2654 2864/3520/3026
f 2863/3519/2067 3818/4736/2549 2494/3043/2654
f 4722/5940/4778 4807/6066/4839 4325/5395/4444
f 1571/1920/1691 3946/4903/4088 1572/1921/1692
f 4385/5479/4500 4057/5040/4190 1144/1386/1230
f 4385/5479/4500 1144/1386/1230 1143/1385/671
f 2700/3311/2861 2703/3314/2864 4609/5773/4683
f 3828/4755/3985 2134/2603/2285 4236/5289/4359
f 776/938/834 3452/4262/3628 777/939/835
f 4808/6067/1720 3411/5698/3585 1599/6068/1721
f 4114/5120/4245 4116/5122/4247 4809/6069/4840
f 1614/1976/1736 1613/1980/1735 3832/4761/3990
f 3886/4819/2212 2066/6070/2211 3571/4417/3736
f 2231/2727/2385 2731/3352/2892 2232/2728/2386
f 1630/1996/1754 4867/1994/1752 4810/6071/4454
f 1634/2000/1758 4640/5819/4706 1635/2001/1759
f 1634/2000/1758 1633/1999/1757 3789/4694/3947
f 3893/4831/1487 4771/6003/4813 2563/3132/250
f 3893/4831/1487 3496/4317/3665 4771/6003/4813
f 4738/5964/4786 4811/6072/4841 1768/2152/1894
f 4738/5964/4786 4659/5849/4723 4811/6072/4841
f 4738/5964/4786 1768/2152/1894 2245/2742/2399
f 4740/5966/4788 3317/4099/3492 3316/4098/3491
f 4740/5966/4788 3899/4837/4051 3336/4121/3510
f 4740/5966/4788 3316/4098/3491 1062/1288/1141
f 4740/5966/4788 1062/1288/1141 3899/4837/4051
f 2254/2754/2408 4679/5873/4738 2255/2755/2409
f 763/925/821 767/929/825 3851/4782/4008
f 2765/3390/2928 4812/6073/4513 265/318/280
f 2765/3390/2928 4399/3392/2930 4812/6073/4513
f 3671/4537/3832 1670/2036/1794 2272/2773/2427
f 3671/4537/3832 1671/2038/1796 1670/2036/1794
f 3098/3823/3271 2278/2779/2432 2102/2566/2252
f 3098/3823/3271 3099/3824/3272 2278/2779/2432
f 4614/6004/4688 4643/5826/4710 2761/3386/2924
f 4614/6004/4688 4615/6074/1805 4643/5826/4710
f 2286/2788/2441 4260/2787/2440 2436/2976/2596
f 84/100/89 4813/6075/4842 85/102/91
f 84/100/89 4278/5341/4402 4813/6075/4842
f 4772/6005/4814 4561/5710/4644 3307/4084/3483
f 2304/2809/2458 2303/2808/2457 4800/6055/4834
f 2304/2809/2458 4800/6055/4834 4152/5171/4281
f 2304/2809/2458 4152/5171/4281 2305/2810/2459
f 1829/2226/1962 1702/2078/1828 1703/2079/1829
f 1213/1475/1303 1214/1476/1304 2519/3074/2679
f 327/395/347 266/5788/281 4814/6076/4843
f 327/395/347 4814/6076/4843 4812/5496/4513
f 929/1117/996 3686/6077/3844 930/1118/997
f 1231/1495/1320 2089/2550/2239 2528/3087/2690
f 1231/1495/1320 2528/3087/2690 1234/1498/1323
f 4815/6078/4844 4816/6079/4845 4817/6080/4846
f 4815/6078/4844 2808/3444/2972 3074/3795/3249
f 4815/6078/4844 3074/3795/3249 4816/6079/4845
f 949/1140/1019 4732/1139/1018 4855/3871/3310
f 3538/5147/3703 1983/2417/2124 2816/3454/2982
f 3538/5147/3703 2816/3454/2982 4134/5148/4263
f 1260/1528/1347 4410/5508/4524 1261/1529/1348
f 2547/3112/2708 3071/3792/3246 1552/1896/1670
f 2547/3112/2708 2546/3111/2707 3150/3886/3325
f 2547/3112/2708 3150/3886/3325 3888/4824/4041
f 2547/3112/2708 3888/4824/4041 3071/3792/3246
f 2822/3460/2988 1220/1482/1310 4244/5297/4365
f 2121/2585/2270 502/594/535 566/681/606
f 2121/2585/2270 2120/2584/2269 502/594/535
f 2121/2585/2270 566/681/606 565/680/605
f 878/1062/943 2564/3133/2723 879/1063/944
f 4818/6081/4750 4652/5224/4318 4191/5223/4317
f 592/710/633 3035/3749/3209 3371/4164/3545
f 592/710/633 2838/3494/3003 594/712/635
f 592/710/633 3371/4164/3545 2838/3494/3003
f 3171/3915/3347 2261/2762/2416 3853/4784/4010
f 3171/3915/3347 3853/4784/4010 3944/4901/4086
f 4590/5752/4670 4591/5753/4671 4819/6082/4847
f 3859/4790/4016 4315/5384/4434 3860/4791/4017
f 3190/3941/3366 4073/5061/4208 1255/1523/1342
f 3190/3941/3366 514/615/548 4073/5061/4208
f 3190/3941/3366 1255/1523/1342 3722/4610/3877
f 1528/1866/1646 1529/1867/1647 4281/5345/4405
f 1323/1602/1418 1747/3949/1873 3797/4704/1872
f 1976/2409/2117 4043/5025/4179 1082/1314/1166
f 1976/2409/2117 1482/1799/1589 4043/5025/4179
f 1976/2409/2117 498/590/531 1482/1799/1589
f 4563/5712/4646 1769/2153/1895 1772/2156/1898
f 4563/5712/4646 1772/2156/1898 3313/4095/3488
f 3220/3977/3396 3790/5578/3948 3221/3978/3397
f 3220/3977/3396 2430/2969/2590 2429/2970/2589
f 3220/3977/3396 2429/2970/2589 3790/5578/3948
f 3220/3977/3396 3222/3979/3204 2430/2969/2590
f 1099/2792/1185 447/523/472 2290/2793/2445
f 1099/2792/1185 4820/6083/4547 4654/5843/4719
f 1099/2792/1185 448/524/473 447/523/472
f 4821/6084/4848 4787/6031/4826 41/53/45
f 4821/6084/4848 38/50/42 2336/2848/2492
f 4821/6084/4848 2336/2848/2492 4787/6031/4826
f 4821/6084/4848 41/53/45 38/50/42
f 2796/3430/2959 2797/3431/2960 4543/4707/3955
f 3572/6011/3735 2066/2515/2211 976/1179/1047
f 3572/4418/3735 3571/4417/3736 2066/6070/2211
f 3262/4023/3436 2252/2752/2406 2251/2749/2405
f 3527/6085/3097 4458/6086/4564 4822/6087/3098
f 3527/3611/3097 1781/2165/1907 3525/4356/3691
f 3527/4359/3097 3523/4354/3690 4458/6088/4564
f 4314/5383/4433 4316/5385/4435 4512/5639/4606
f 4010/4987/4150 178/209/187 3270/4032/3445
f 4010/4987/4150 1425/1735/1529 178/209/187
f 4575/5734/4655 4173/5199/4302 4520/5647/4614
f 4575/5734/4655 1858/2260/1989 4173/5199/4302
f 1180/1437/1269 1182/1436/1271 2949/3632/623
f 3901/4839/4053 4713/5926/4770 405/6089/430
f 3901/4839/4053 405/6089/430 404/4840/429
f 3901/4839/4053 2954/3637/3122 4713/5926/4770
f 1447/1761/1552 1446/1760/1551 4823/6090/4849
f 3177/6091/3353 4063/5049/4196 717/865/768
f 4183/5214/4074 799/966/857 798/965/856
f 3191/3943/3367 1744/2126/1869 1740/2122/1867
f 1954/2380/2093 3575/4423/3739 1955/2381/2094
f 226/270/238 227/271/239 4491/5614/4592
f 506/6092/541 4262/5320/4385 507/5722/542
f 506/603/541 509/609/540 4336/5416/4456
f 506/6092/541 1419/1729/1524 4262/5320/4385
f 506/6092/541 4336/6093/4456 1419/1729/1524
f 4295/5360/4417 4044/5026/4180 3534/4366/3699
f 4045/5027/4181 2873/3532/3036 2872/3531/3035
f 1093/1329/1179 1094/1330/1180 1977/2411/2119
f 3663/4524/3823 1980/2414/2122 240/285/253
f 3733/4624/3890 4464/5581/4230 4362/4625/3891
f 4508/5635/4602 3596/4452/3758 3597/4453/3759
f 4508/5635/4602 3597/4453/3759 4741/5967/4789
f 2006/2443/2148 2004/2441/2146 4824/6094/4850
f 2006/2443/2148 4824/6094/4850 3549/4384/736
f 1582/1934/1702 1398/1704/1503 1583/1935/1703
f 1582/1934/1702 73/89/78 1398/1704/1503
f 1582/1934/1702 1584/1936/1704 73/89/78
f 2250/2748/2404 2248/2751/2402 4060/6095/3827
f 3754/4653/3911 1146/1390/1234 3755/4654/3912
f 3754/4653/3911 3753/4652/3910 4188/5220/4314
f 3554/4389/3719 1351/1643/1451 4025/5003/4161
f 900/1085/966 3290/4060/3464 2966/3657/3135
f 2038/2476/2181 2771/3397/2935 2039/2477/2182
f 2038/2476/2181 2037/2475/2180 2770/3396/2934
f 4212/5253/4337 1174/1425/1261 1176/1427/1263
f 4212/6096/4337 4289/5353/4413 4213/5258/4338
f 4595/5758/4674 4596/5759/1614 2999/3693/3169
f 4595/5758/4674 2999/3693/3169 2903/3574/3068
f 4595/5758/4674 2903/3574/3068 3654/4515/3814
f 846/1022/909 4825/6097/4851 3768/4669/3925
f 846/1022/909 2783/3413/2945 4825/6097/4851
f 4523/5650/4617 3635/4495/3795 2869/3528/3032
f 4523/5650/4617 4826/6098/4852 4874/5651/4618
f 4523/5650/4617 2868/3527/3031 4826/6098/4852
f 4523/5650/4617 2869/3528/3032 2868/3527/3031
f 4629/5805/4696 4630/5806/4697 4827/6099/4853
f 4668/5858/4730 4769/6001/4811 4768/6000/4810
f 4668/5858/4730 4768/6000/4810 4669/5859/4731
f 2795/3428/2958 2794/3424/2956 2876/3536/3039
f 4828/6100/4854 2930/3609/1909 2929/3608/3099
f 4828/6100/4854 3129/3861/3303 2930/3609/1909
f 4420/3707/3180 2316/2825/2471 4421/2824/2470
f 2108/2572/2258 882/5317/948 2537/3098/2698
f 4531/5666/4623 4791/6039/4207 4440/5544/4549
f 4531/5666/4623 4532/5667/4624 3066/3787/3242
f 3463/4275/3638 366/439/388 804/974/864
f 3083/3804/3258 659/790/705 658/789/704
f 3083/3804/3258 1247/1515/1334 659/790/705
f 1141/1383/1228 3708/4588/3864 1142/1384/1229
f 1141/1383/1228 3709/4589/3865 3708/4588/3864
f 1141/1383/1228 1145/1387/1231 3709/4589/3865
f 258/311/273 3448/3250/2808 3446/4255/3623
f 2652/3256/2814 4829/6101/4855 2653/3257/2815
f 2147/2617/2298 1017/1226/1091 2150/2620/2301
f 4113/5119/4244 3720/4608/3875 3719/4607/3874
f 4117/5123/4248 4118/5124/4249 4830/6102/4856
f 2666/5127/2826 3500/4325/3669 4120/5128/4251
f 2666/3273/2826 2665/3272/2828 3500/4322/3669
f 3038/3752/3212 4403/5501/4517 1727/2104/1854
f 3038/3752/3212 1977/2411/2119 1820/2214/1952
f 3038/3752/3212 1979/2413/2121 1977/2411/2119
f 2238/2735/2392 2239/2736/2393 3432/4240/3609
f 2238/2735/2392 973/1176/1044 972/1175/1043
f 2238/2735/2392 3432/4240/3609 973/1176/1044
f 3435/4243/3612 4548/5691/4637 3187/3938/3363
f 3435/4243/3612 2180/2662/2331 4548/5691/4637
f 3435/4243/3612 2181/2663/2332 2180/2662/2331
f 3435/4243/3612 1333/1612/1428 2181/2663/2332
f 2682/3291/2843 1771/2155/1897 1770/2154/1896
f 923/1111/990 2255/2755/2409 924/1112/991
f 2883/3548/3047 3447/4257/3624 2571/3143/2733
f 4161/5183/3552 1126/1367/1213 4225/5273/4350
f 2890/3558/3054 1728/2105/1855 344/412/364
f 4831/6103/4313 4335/5413/4455 4336/5416/4456
f 4831/6103/4313 4336/5416/4456 509/609/540
f 3457/4267/3633 3765/5904/3922 4832/6104/3921
f 3457/4267/3633 4832/6104/3921 3458/4268/3634
f 2909/4272/3075 3460/4270/3636 4804/6063/4546
f 4381/5475/4496 2417/2951/2576 2116/2580/2265
f 4381/5475/4496 2116/2580/2265 1755/2139/1881
f 2917/3592/3085 2921/3596/3089 3530/4362/3695
f 4384/5478/4499 4833/6105/4746 2924/3599/3092
f 4584/5746/4664 4057/5040/4190 3476/4291/3648
f 4584/5746/4664 3476/4291/3648 4585/5747/4665
f 4584/5746/4664 3709/4589/3865 1145/1387/1231
f 4584/5746/4664 1145/1387/1231 4057/5040/4190
f 2052/2496/2198 4479/5601/4583 2053/2497/2199
f 2479/3028/2639 1676/2043/1801 4613/5779/4687
f 2479/3028/2639 2276/2777/1090 2480/3029/2640
f 2479/3028/2639 4613/5779/4687 2276/2777/1090
f 2986/3678/3156 1808/2199/1937 3784/2202/1940
f 2986/3678/3156 4665/5855/4727 2987/3679/3157
f 2986/3678/3156 3784/2202/1940 4665/5855/4727
f 4504/5631/4598 227/271/239 225/269/237
f 4003/4979/4144 4492/5615/4593 4004/4980/4145
f 391/466/415 2684/3293/2845 392/467/416
f 397/472/421 2687/3296/2848 3665/4526/3825
f 2798/3432/2961 1065/1295/1147 2799/3433/2962
f 2798/3432/2961 3520/5404/3686 4330/5403/4449
f 2798/3432/2961 4330/5403/4449 1065/1295/1147
f 2798/3432/2961 4866/3434/2963 3520/5404/3686
f 644/775/690 647/778/693 2803/3439/2967
f 644/775/690 4778/6021/4820 645/776/691
f 1545/1888/1048 978/6106/1050 4186/1889/1663
f 1503/1823/1613 4577/5736/4657 4834/6107/3170
f 1503/1823/1613 4834/6107/3170 4596/1824/1614
f 2818/3456/2984 2604/3180/2767 2819/3457/2985
f 3545/4379/3710 3544/4378/3709 4601/5764/4678
f 3545/4379/3710 4601/5764/4678 941/1129/1008
f 3324/4108/3499 3326/4111/3500 4662/5852/4725
f 3324/4108/3499 4662/5852/4725 3607/4463/3767
f 3324/4108/3499 3549/823/736 2744/4109/2904
f 3324/4108/3499 3607/4463/3767 3549/823/736
f 4835/6108/4857 4253/6109/4375 4255/6110/4377
f 4835/6108/4857 4255/6110/4377 4880/6111/4858
f 463/544/488 464/547/491 3698/4577/3853
f 1284/1558/1377 1055/1279/1134 3898/4836/4050
f 1284/1558/1377 3897/4835/4049 1366/1664/1466
f 1284/1558/1377 3898/4836/4050 3897/4835/4049
f 990/2356/1062 1932/2358/2071 4021/6112/4159
f 3639/4499/3799 3364/4157/3538 4035/5015/4170
f 3639/4499/3799 612/730/651 613/731/652
f 3639/4499/3799 4035/5015/4170 3640/4500/3800
f 3639/4499/3799 613/731/652 3364/4157/3538
f 4411/5509/4525 4677/5871/4736 4836/6113/4859
f 4411/5509/4525 4836/6113/4859 4762/5990/4805
f 4411/5509/4525 4412/5510/4526 4677/5871/4736
f 430/506/455 1955/2381/2094 3575/4423/3739
f 4340/5423/4460 4578/5738/4658 4341/5424/4461
f 4340/5423/4460 4342/5425/4462 4837/6114/4860
f 4340/5423/4460 4837/6114/4860 4578/5738/4658
f 3304/4081/3480 2205/2694/2360 2204/2693/2359
f 3321/4104/3497 4473/5593/4577 4838/6115/4861
f 4799/6054/1640 4839/6116/858 799/5885/857
f 4799/6054/1640 4671/1238/1103 4839/6116/858
f 365/438/387 804/974/864 366/439/388
f 365/438/387 806/976/866 804/974/864
f 901/1086/967 3993/4966/4137 902/1087/968
f 1043/1268/1122 4737/5963/4785 3891/4826/4043
f 1043/1266/1122 3891/4829/4043 2241/2738/2395
f 1043/1268/1122 1044/1267/1123 4737/5963/4785
f 3894/4832/4046 2562/3131/2722 2561/3130/2721
f 3894/4832/4046 2561/3130/2721 3075/3796/3250
f 4645/5828/4712 4214/5260/4340 588/704/627
f 4645/6117/4712 588/5841/627 1656/2022/1780
f 4645/6117/4712 1656/2022/1780 4840/6118/4862
f 4645/6117/4712 4840/6118/4862 4841/6119/3515
f 4714/5928/4772 4880/6120/4858 4255/5309/4377
f 4714/5931/4772 4881/5930/4773 4880/6121/4858
f 4714/5928/4772 4254/5308/4376 3443/4252/3620
f 4714/5928/4772 4255/5309/4377 4254/5308/4376
f 4842/6122/4863 263/316/278 1452/1767/1558
f 4842/6122/4863 4717/5935/4774 263/316/278
f 1209/1471/1299 431/507/456 4591/5753/4671
f 1209/1471/1299 4591/5753/4671 1945/2371/2084
f 1276/1550/1369 4017/4995/4156 1277/1551/1370
f 1276/1550/1369 1278/1552/1371 4018/4996/4157
f 1276/1550/1369 4018/4996/4157 4017/4995/4156
f 4843/6123/4864 4844/6124/4865 3020/3727/3195
f 4843/6123/4864 2669/3276/2831 454/530/479
f 4843/6123/4864 454/530/479 4844/6124/4865
f 4843/6123/4864 3020/3727/3195 3019/3726/3194
f 456/533/482 4262/5320/4385 1419/1729/1524
f 3700/4579/3855 3698/4577/3853 464/547/491
f 2303/2808/2457 3201/3957/3378 4800/6055/4834
f 2837/3490/3002 3913/4856/4062 4786/6030/4825
f 1960/2389/2100 4701/2391/2099 698/837/747
f 4845/6125/4866 3805/6126/3961 1414/6127/1518
f 4845/6125/4866 1414/6127/1518 4846/6128/4867
f 1152/1396/1238 2922/3597/3090 2920/3595/3088
f 1152/1396/1238 2920/3595/3088 1153/1397/1239
f 2032/2470/2175 4515/5642/4609 2033/2471/2176
f 4847/6129/4753 1163/1413/1250 2992/3684/3162
f 4847/6129/4753 2992/3684/3162 4848/6130/4754
f 4847/5899/4753 1164/1415/1251 1163/1414/1250
f 1369/1668/1469 2998/3691/3168 2997/3690/3167
f 1369/1668/1469 4849/6131/4868 4191/5223/4317
f 1369/1668/1469 1368/6132/1468 4849/6131/4868
f 4804/6063/4546 4654/5843/4719 4820/6083/4547
f 4804/6063/4546 3460/4270/3636 4654/5843/4719
f 4548/5691/4637 3189/3940/3365 3187/3938/3363
f 4548/5691/4637 3533/4365/3698 3189/3940/3365
f 4441/5547/4550 673/807/720 2337/2849/2493
f 4757/4951/4127 1236/1505/1324 3985/4955/4130
f 4725/558/499 3014/3720/3189 467/559/500
f 4661/5851/4724 4406/5504/4520 349/418/370
f 3960/4921/4103 4511/5638/4605 3961/4922/4104
f 4850/6133/748 4701/5912/2099 3515/4344/3682
f 4850/6133/748 3515/4344/3682 1524/4879/1642
f 4850/841/748 698/837/747 4701/2391/2099
f 4850/839/748 1524/1862/1642 699/840/749
f 4703/5914/4760 554/665/591 2705/3317/2865
f 3026/3733/3200 4816/6079/4845 3074/3795/3249
f 3026/3733/3200 2507/3062/2668 4816/6079/4845
f 2383/2905/2541 3028/3740/3203 2941/3622/3110
f 3814/4732/3972 1461/1776/1567 1460/1775/1566
f 586/702/625 2989/3681/3159 3816/4734/3974
f 589/705/628 4215/5261/4341 4900/706/629
f 589/705/628 588/704/627 4214/5260/4340
f 3372/4165/3546 3035/3749/3209 2355/2869/2513
f 3372/4165/3546 3371/4164/3545 3035/3749/3209
f 600/718/639 4033/5013/4168 2394/2922/2554
f 600/718/639 2394/2922/2554 601/719/640
f 4851/6134/4869 4744/5970/4792 4630/5806/4697
f 4851/6134/4869 3043/3757/3217 4744/5970/4792
f 4851/6134/4869 4630/5806/4697 606/724/645
f 4228/5278/4352 4510/5637/4604 4229/5279/4353
f 4228/5278/4352 4366/5457/4482 4510/5637/4604
f 3246/4006/3420 3951/4910/4093 3247/4007/3421
f 4852/6135/4870 4712/6029/4769 1909/2325/2043
f 4852/6135/4870 1909/2325/2043 4234/5284/4358
f 4852/6135/4870 1143/753/671 4712/6029/4769
f 4852/6135/4870 4234/5284/4358 1143/753/671
f 1076/1308/1160 3211/3967/3388 3212/3968/3389
f 1076/1308/1160 3212/3968/3389 1077/1309/1161
f 1423/1733/1527 1926/2349/2063 1925/2348/2062
f 1423/1733/1527 3215/3971/3392 1926/2349/2063
f 1423/1733/1527 1925/2348/2062 1424/1734/1528
f 3221/3978/3397 3790/5578/3948 1491/1810/1600
f 3226/3983/3401 2433/2973/2593 4493/5616/4594
f 3226/3983/3401 4493/5616/4594 1644/2010/1768
f 2335/2847/2491 4787/6031/4826 2336/2848/2492
f 3240/4000/3414 3468/4280/3642 3241/4001/3415
f 3240/4000/3414 3239/3998/3412 4534/5670/4625
f 3240/4000/3414 4534/5670/4625 3468/4280/3642
f 3951/4910/4093 3950/4908/4092 4267/5328/4391
f 3250/4010/3424 58/71/63 4853/6136/4871
f 3250/4010/3424 4853/6136/4871 3251/4011/3425
f 279/333/295 4678/5872/4737 4199/5240/4326
f 3504/4329/2465 3503/4328/3672 4854/6137/2466
f 3504/2819/2465 2313/2821/2467 3267/4029/3442
f 1158/1404/1244 4171/5196/4301 1160/1405/1245
f 3813/4731/3971 4749/5975/4796 4173/5199/4302
f 3325/4110/1992 1494/1813/1603 3326/4111/3500
f 3325/4110/1992 1862/1814/1604 1494/1813/1603
f 2864/3520/3026 2494/3043/2654 2493/3042/2653
f 2506/3061/2667 4783/6026/4822 4817/6080/4846
f 2506/3061/2667 4816/6079/4845 2507/3062/2668
f 2506/3061/2667 4817/6080/4846 4816/6079/4845
f 2350/2864/2508 1898/2313/2032 3549/823/736
f 2350/2864/2508 2347/2861/2505 1898/2313/2032
f 156/178/164 4785/6028/4824 4055/5038/4188
f 3707/4587/3863 1142/1384/1229 3708/4588/3864
f 3123/3854/3297 3125/3856/3299 3521/4351/3687
f 3451/4261/3627 179/210/188 4793/6044/4829
f 3451/4261/3627 180/211/189 179/210/188
f 3451/4261/3627 4793/6044/4829 3452/4262/3628
f 3451/4261/3627 2002/2439/2144 180/211/189
f 4855/6138/3310 3832/4761/3990 1613/1980/1735
f 4855/6138/3310 4732/5955/1018 3832/4761/3990
f 3139/3875/3314 665/796/711 662/793/708
f 4500/4768/3997 3839/4769/3998 4502/5255/4339
f 4462/5576/4568 4572/5728/4653 4792/5727/4652
f 4462/5576/4568 3739/4638/3896 4572/5728/4653
f 3164/3900/3339 2563/282/250 4573/5729/4267
f 263/316/278 4717/5935/4774 3383/4176/3557
f 4856/6139/4872 2939/3620/3108 4259/5315/4383
f 4856/6139/4872 783/948/840 781/945/839
f 4856/6139/4872 2940/3621/3109 2939/3620/3108
f 4856/6139/4872 781/945/839 2940/3621/3109
f 4856/6139/4872 4259/5315/4383 783/948/840
f 3184/3933/3360 2313/2821/2467 623/2818/662
f 3656/5161/3816 2578/3151/2741 4143/5162/4272
f 1313/1592/1408 2023/2460/2165 1314/1593/1409
f 1313/1592/1408 2024/2461/2166 2023/2460/2165
f 2176/2658/2327 2174/2656/2326 2592/3166/2755
f 2300/2805/2454 4857/6140/4386 3867/4800/4024
f 2300/2805/2454 3867/4800/4024 2301/2806/2455
f 302/364/319 4397/5493/4511 2178/2660/2329
f 309/371/326 4149/5168/4278 310/372/327
f 4469/3182/2768 4470/382/334 313/379/332
f 4469/3182/2768 313/379/332 2605/3183/2769
f 925/1113/992 927/1115/994 2256/2756/2410
f 1174/1425/1261 3839/4769/3998 1175/1426/1262
f 3690/4563/3846 683/818/731 682/817/730
f 3690/4563/3846 3689/4562/3562 2344/2857/2501
f 3690/4563/3846 682/817/730 2614/3193/2777
f 3690/4563/3846 2344/2857/2501 683/818/731
f 443/519/468 956/1149/1026 446/522/471
f 619/737/657 1838/2235/1970 4169/5192/4298
f 3430/4238/3607 973/1176/1044 3432/4240/3609
f 4858/6141/4873 4780/554/496 4047/556/497
f 4858/6141/4873 4047/556/497 4616/5782/4182
f 4858/6141/4873 3583/4437/3447 4781/6142/3446
f 4858/6141/4873 4616/5782/4182 3584/4438/3748
f 4858/6141/4873 4781/6142/3446 4780/554/496
f 4858/6141/4873 3584/4438/3748 3583/4437/3447
f 4833/5887/4746 3976/4938/4120 3972/4933/4115
f 995/1199/1067 4807/6066/4839 996/1200/1068
f 995/1199/1067 4325/5395/4444 4807/6066/4839
f 3358/4150/3533 507/5722/542 4262/5320/4385
f 2150/2620/2301 1802/2192/1931 2151/2621/2302
f 3719/4607/3874 4/8/6 6/10/8
f 4830/6102/4856 4118/5124/4249 4760/5995/4803
f 4830/6102/4856 4760/5995/4803 4692/5894/4749
f 1820/2214/1952 1977/2411/2119 1094/1330/1180
f 2239/2736/2393 3433/4241/3610 3432/4240/3609
f 646/777/692 4352/5437/4471 3045/3759/3219
f 646/777/692 645/776/691 2861/3517/3025
f 646/777/692 1234/1498/1323 2528/3087/2690
f 646/777/692 2528/3087/2690 2527/3086/2689
f 1068/1299/1151 4602/4595/792 4775/6015/4817
f 97/114/103 2375/2896/2530 98/115/104
f 564/679/604 4859/6143/4682 565/680/605
f 4362/5451/3891 4464/5098/4230 4097/5096/4229
f 1384/1689/1488 4903/6144/4874 3735/6053/3893
f 1384/1689/1488 4306/6145/4425 4903/6144/4874
f 1384/1689/1488 1383/1688/1487 4306/6145/4425
f 1384/1689/1488 3735/6053/3893 1385/1690/1489
f 266/5788/281 265/6146/280 4814/6076/4843
f 3326/4111/3500 1494/1813/1603 4662/5852/4725
f 1731/2108/1858 4608/5772/4682 3332/4117/3506
f 1732/2110/1860 1734/2112/1707 1588/751/669
f 1732/2110/1860 1588/751/669 627/750/668
f 4860/6147/4875 1159/1406/1246 1160/1407/1245
f 4860/6147/4875 1160/1407/1245 4656/5846/4721
f 2854/3509/3018 4318/5388/4437 3345/4133/3520
f 3347/4137/3523 4748/5974/4795 4861/6148/4876
f 3347/4137/3523 4861/6148/4876 4862/6149/4877
f 3347/4137/3523 3349/4140/3522 4748/5974/4795
f 3347/4137/3523 4862/6149/4877 3350/4138/3524
f 4068/5054/4201 4666/5856/4728 3012/3713/3186
f 1444/1757/1548 4375/5469/4490 1737/2118/1864
f 1444/1757/1548 1441/1754/1545 4375/5469/4490
f 1185/1441/1274 4663/5853/4726 4555/5705/4643
f 1185/1441/1274 4555/5705/4643 4832/4665/3921
f 3111/3840/3285 1190/1446/1279 2520/3078/2681
f 3111/3840/3285 2520/3078/2681 4077/3079/2682
f 4182/5212/4310 2213/2705/2367 4863/6150/4378
f 3364/4157/3538 613/731/652 3365/4158/3539
f 4719/5937/4776 4319/5389/4438 4272/5333/4396
f 4719/5937/4776 4864/6151/4878 4319/5389/4438
f 4865/6152/4879 1599/6068/1721 3411/5698/3585
f 4865/6152/4879 3411/5698/3585 4552/5697/4640
f 2516/3071/2677 4866/6153/2963 3576/4424/2348
f 2516/3071/2677 3124/3855/3298 4866/6153/2963
f 2516/3071/2677 3576/4424/2348 2518/3075/2680
f 4334/5411/4452 4810/5410/4454 4867/6154/1752
f 4334/5407/4452 4867/1994/1752 3782/4685/3940
f 2804/3440/2968 3534/4366/3699 4044/5026/4180
f 649/780/695 3845/4775/4004 650/781/696
f 649/780/695 651/782/697 2992/3684/3162
f 656/787/702 655/786/701 3536/4368/3700
f 656/787/702 2813/3451/2979 657/788/703
f 4674/5866/4193 3732/4626/3887 2167/6155/2318
f 1609/1970/1731 1610/1971/1732 131/153/139
f 3596/4452/3758 1567/1916/1687 1566/1915/1686
f 3544/4378/3709 3604/4460/3765 4601/5764/4678
f 3548/4383/3714 3550/4385/3715 4015/4993/4155
f 3548/4383/3714 4015/4993/4155 3549/4384/736
f 4868/6156/4880 4177/5206/4307 3591/4446/3755
f 4868/6156/4880 4178/5207/4308 4177/5206/4307
f 4559/6157/2322 4777/6019/4819 4560/6018/1482
f 2845/3500/3009 2846/3501/3010 3616/4475/3777
f 2974/3665/3143 2855/3510/3019 2853/3508/3017
f 726/874/777 4861/6148/4876 4748/5974/4795
f 726/874/777 728/876/779 4861/6148/4876
f 2833/6158/2996 2832/4604/2568 104/122/110
f 2833/6158/2996 104/122/110 103/121/109
f 2833/3480/2996 3559/4394/3724 1786/2174/1916
f 2833/6158/2996 103/121/109 3559/4397/3724
f 3391/4186/3566 4260/5318/2440 3392/4187/3567
f 3391/4186/3566 2436/6159/2596 4260/5318/2440
f 3391/4186/3566 737/888/789 738/889/788
f 3391/4186/3566 738/889/788 2436/6159/2596
f 4743/5969/4791 4827/6099/4853 4744/5970/4792
f 4869/6160/4881 4669/5859/4731 4768/6000/4810
f 4869/6160/4881 4745/5971/4793 4669/5859/4731
f 4869/6160/4881 4768/6000/4810 4754/5980/4800
f 73/89/78 1584/1936/1704 74/90/79
f 4370/5464/4485 4870/6161/3127 4883/2917/2551
f 2571/3143/2733 3447/4257/3624 332/400/352
f 55/68/60 4372/5466/4487 3251/4011/3425
f 55/68/60 4853/6136/4871 58/71/63
f 55/68/60 3251/4011/3425 4853/6136/4871
f 4530/5664/4622 2617/3200/2781 3957/4918/4100
f 4530/5664/4622 3957/4918/4100 782/947/841
f 4530/5664/4622 782/947/841 783/946/840
f 1901/2316/2035 786/951/844 3455/4265/3631
f 1901/2316/2035 3455/4265/3631 4803/6059/4837
f 1901/2316/2035 1903/2318/2037 786/951/844
f 2904/3575/3069 200/243/211 2162/2636/2310
f 3468/4280/3642 4534/5670/4625 809/979/869
f 1973/2406/2114 1088/1320/1172 1974/2407/2115
f 2055/2499/2200 3668/4530/3829 2056/2500/2201
f 3486/4302/3656 3489/4307/3659 2474/5007/2634
f 3319/4101/3494 4675/5867/4734 3990/4961/4134
f 882/5317/948 4764/5993/947 2537/3098/2698
f 2020/2457/2162 2956/3639/3124 2021/2458/2163
f 2961/3650/3131 1531/1869/1649 1533/1871/1651
f 4398/5494/4512 4871/6162/4882 320/388/340
f 4398/5494/4512 4728/5836/4716 4871/6162/4882
f 926/1114/993 922/1110/989 3060/6163/3236
f 926/1114/993 3060/6163/3236 4095/5092/3235
f 2509/3064/2670 117/138/124 116/137/123
f 1718/2094/1844 4375/5469/4490 1441/1754/1545
f 1718/2094/1844 3955/4916/4098 4375/5469/4490
f 1718/2094/1844 1441/1754/1545 1719/2095/1845
f 4227/5275/4351 4225/5277/4350 380/455/404
f 1728/2105/1855 345/414/366 344/412/364
f 1728/2105/1855 1727/2104/1854 345/414/366
f 4495/5621/4596 1903/2318/2037 1902/2317/2036
f 3458/4268/3634 4832/6104/3921 4555/5703/4643
f 4073/5061/4208 1256/1524/1343 1255/1523/1342
f 4144/5163/4273 4145/5164/4274 551/663/588
f 4144/6006/4273 551/658/588 3266/4028/3441
f 4561/5710/4644 821/996/883 3307/4084/3483
f 3206/3962/3383 4564/5713/4647 1647/2013/1771
f 1653/2019/1777 2694/3303/2855 836/1012/899
f 1653/2019/1777 836/1012/899 835/1011/898
f 4060/6095/3827 2248/2751/2402 163/6164/169
f 2060/2507/2204 2061/2509/2205 3490/4308/3657
f 178/209/187 1424/1734/1528 3809/4727/3967
f 178/209/187 1794/2184/1923 4793/6044/4829
f 178/209/187 4793/6044/4829 179/210/188
f 4872/6165/665 3985/4955/4130 1236/1505/1324
f 4872/6165/665 1236/1505/1324 625/1499/666
f 4872/747/665 624/746/664 3987/4958/4131
f 4872/747/665 3987/4958/4131 3985/4957/4130
f 2478/3027/2638 188/232/198 186/227/197
f 2478/4314/2638 3493/4313/3662 188/229/198
f 3500/4325/3669 3498/4320/3668 4120/5128/4251
f 213/256/224 3703/4583/3859 214/257/225
f 213/256/224 3423/4231/3600 3703/4583/3859
f 213/256/224 212/255/223 3423/4231/3600
f 3503/4328/3672 3806/5799/3964 4854/6137/2466
f 4702/5913/4759 4343/5426/4463 3301/4078/3477
f 4702/5913/4759 3301/4078/3477 3300/4077/3476
f 236/280/248 4507/5634/4601 4492/5615/4593
f 1834/2231/1966 1778/2162/1904 1407/1714/1511
f 1834/2231/1966 1407/1714/1511 1835/2232/1967
f 89/106/95 2705/3317/2865 554/665/591
f 98/115/104 2375/2896/2530 4095/3780/3235
f 98/115/104 4095/3780/3235 3059/3779/3234
f 1865/2268/1996 1500/1820/1610 1499/1819/1609
f 3732/4626/3887 2168/1236/1101 2167/6155/2318
f 3732/4626/3887 4498/1239/1104 2168/1236/1101
f 4812/5496/4513 4814/6076/4843 265/6146/280
f 4600/5763/4677 4601/5764/4678 3604/4460/3765
f 4600/5763/4677 3604/4460/3765 1514/1842/1627
f 4662/5852/4725 3608/4464/3768 3607/4463/3767
f 18/25/20 19/26/21 721/869/772
f 18/25/20 721/869/772 3215/3971/3392
f 3633/4493/3793 3793/4698/3951 3729/4617/3884
f 4581/5743/4661 3562/4402/3728 4582/5744/4662
f 4581/6166/4661 3232/3990/3407 3563/4406/3729
f 4581/5743/4661 3563/4403/3729 3562/4402/3728
f 1932/2358/2071 4733/6167/4474 947/6168/1016
f 1932/2358/2071 1930/2355/2069 4733/6167/4474
f 1932/2358/2071 947/6168/1016 4021/6112/4159
f 3942/4408/3731 3943/4211/3582 1527/1865/1645
f 1387/6169/1491 2140/2609/2290 2139/2608/1492
f 1081/1313/1165 2915/3590/3083 1083/1315/1167
f 1081/1313/1165 1824/2219/1956 2915/3590/3083
f 565/680/605 4859/6143/4682 2122/2586/2271
f 827/1002/889 3314/4096/3489 3631/4491/3791
f 2729/3347/2889 4215/6170/4341 4216/3348/2890
f 2729/3347/2889 4899/3345/2888 4215/6170/4341
f 2004/2441/2146 2746/3368/2906 4824/6094/4850
f 3330/4115/3504 3746/4645/3903 3331/4116/3505
f 3330/4115/3504 4785/6028/4824 3746/4645/3903
f 3330/4115/3504 4055/5038/4188 4785/6028/4824
f 4514/5641/4608 2033/2471/2176 4515/5642/4609
f 3012/3713/3186 4666/5856/4728 4873/6171/3188
f 2782/3411/2944 3826/4753/3983 4813/6075/4842
f 2782/6172/2944 4825/6097/4851 2783/3413/2945
f 2782/6172/2944 3768/4669/3925 4825/6097/4851
f 2782/6172/2944 4813/6173/4842 2293/2797/2448
f 2782/6172/2944 2293/2797/2448 3768/4669/3925
f 4874/5651/4618 3597/6174/3759 3598/413/365
f 4874/6175/4618 4741/5967/4789 3597/4453/3759
f 4874/5651/4618 4826/6098/4852 4741/6176/4789
f 4827/6099/4853 4630/5806/4697 4744/5970/4792
f 4679/5873/4738 4875/6177/4883 2255/2755/2409
f 4089/5085/4222 4088/5084/4221 4365/5456/4481
f 2611/3190/2774 496/588/529 4730/5953/4782
f 3921/4864/4069 3757/4657/3914 1488/4865/1596
f 3921/4864/4069 2938/3619/3107 3757/4657/3914
f 4809/6069/4840 4116/5122/4247 4111/5117/4242
f 2538/3099/2699 2537/3098/2698 4761/5989/4804
f 2538/3099/2699 4761/5989/4804 197/240/208
f 4533/4573/3850 460/539/486 459/538/484
f 3014/3720/3189 3015/3719/3190 467/559/500
f 3566/4407/1709 4605/5769/4679 2643/3241/1710
f 3566/4407/1709 34/42/37 4605/5769/4679
f 2644/6178/2805 4876/6179/2727 4877/6180/817
f 4543/4707/3955 2797/3431/2960 4878/6181/3938
f 4543/5682/3955 4878/4683/3938 3779/4681/3936
f 978/6182/1050 2531/3091/2209 4186/5217/1663
f 3822/4742/3978 4879/6183/4884 4338/5419/4458
f 3822/4742/3978 3821/6184/3979 4879/6183/4884
f 4118/5125/4249 200/243/211 4760/5988/4803
f 4118/5125/4249 2162/2636/2310 200/243/211
f 2581/3155/2744 2955/3638/3123 2582/3156/2745
f 2581/3155/2744 4121/5130/4252 2955/3638/3123
f 2581/3155/2744 2664/3271/2827 4121/5130/4252
f 3404/4204/3577 4202/5243/4328 3585/4439/3749
f 4350/5435/4469 4349/5434/4468 3723/4611/3878
f 4350/5435/4469 3723/4611/3878 2673/3280/2835
f 1876/2283/2010 891/1076/957 1877/2284/2011
f 1876/2283/2010 1506/1829/1619 891/1076/957
f 4503/5630/4597 1065/1295/1147 1064/1294/1146
f 4503/5630/4597 2799/3433/2962 1065/1295/1147
f 4130/5143/4260 2092/2553/2242 4237/5290/4360
f 3172/3916/3348 260/313/275 3173/3917/3349
f 2815/3453/2981 4682/5876/4741 1178/1432/1268
f 4693/2836/2480 2328/2838/2482 2543/3107/2704
f 4693/5895/2480 2543/3108/2704 2542/3106/2703
f 4693/5895/2480 2542/3106/2703 4261/5319/4384
f 1264/1533/1352 2382/2904/2540 2236/2733/2390
f 1264/1533/1352 2384/2906/2542 2382/2904/2540
f 1264/1533/1352 2236/2733/2390 1265/1536/1355
f 3993/4966/4137 4245/5298/4366 3994/4967/4138
f 502/594/535 503/595/536 566/681/606
f 3846/4776/114 2564/3133/2723 2563/3132/250
f 3846/4776/114 879/1063/944 2564/3133/2723
f 1827/6185/1959 4880/6186/4858 4881/6187/4773
f 1827/6188/1959 4881/6189/4773 1830/2227/1960
f 2261/2762/2416 2260/2761/2415 3853/4784/4010
f 3737/5375/3781 3647/4508/3808 4891/6190/4885
f 3737/5375/3781 4891/6190/4885 3622/6191/3782
f 1308/4792/1402 1680/2048/1804 1679/2047/1403
f 3862/4795/4019 1318/1597/1413 41/53/45
f 296/358/313 298/360/315 4882/6192/4886
f 1083/1315/1167 2915/3590/3083 3660/4521/3820
f 3872/4805/4029 4149/5168/4278 4152/5171/4281
f 3872/4805/4029 310/372/327 4149/5168/4278
f 3872/4805/4029 4152/5171/4281 4800/6055/4834
f 1769/2153/1895 2683/3292/2844 1770/2154/1896
f 4870/3644/3127 4653/3643/752 4883/6193/2551
f 4639/5818/4705 19/26/21 4640/5819/4706
f 171/201/182 3847/4777/2345 172/202/183
f 3561/4399/3726 3232/3990/3407 3231/3989/3406
f 4402/5500/4516 539/645/576 4745/5971/4793
f 3801/4710/3958 1395/1701/1500 1393/1699/1498
f 4803/6059/4837 2217/2709/2372 3802/4711/3959
f 4803/6059/4837 3455/4265/3631 2217/2709/2372
f 2013/2450/2155 4884/6194/4887 2220/2712/2375
f 2013/2450/2155 2017/2454/2159 4884/6194/4887
f 3267/4330/3442 1690/2065/1815 3505/4331/3673
f 4518/5645/4612 2040/2478/2183 4718/5936/4775
f 4520/5647/4614 4173/5199/4302 4749/5975/4796
f 4520/5647/4614 4749/5975/4796 2044/2482/1487
f 2483/3032/2643 4676/5868/4735 3776/4678/3933
f 2483/3032/2643 3776/4678/3933 4486/5609/4587
f 2355/2869/2513 3036/3750/3210 2356/2870/2514
f 3487/4305/3658 2061/2509/2205 4879/6195/4884
f 3487/4305/3658 3490/4308/3657 2061/2509/2205
f 3487/4305/3658 4879/6195/4884 3821/4743/3979
f 3623/4483/3783 3621/4480/3744 2738/6196/2898
f 4753/5979/4799 4328/5398/4447 4327/5397/4446
f 4753/5979/4799 4770/6002/4812 4328/5398/4447
f 150/172/158 1461/1776/1567 4175/5201/4304
f 3919/4862/4068 2861/3517/3025 4778/6021/4820
f 2333/2845/2489 3924/4869/4072 4723/5941/4779
f 3645/4506/3806 3644/4505/3805 3925/4870/4073
f 3645/4506/3806 4885/6197/490 3646/4507/3807
f 3702/6198/3858 4017/4995/4156 4019/4997/1012
f 3702/6198/3858 4625/5801/3857 1277/1551/1370
f 3702/6198/3858 1277/1551/1370 4017/4995/4156
f 2301/2806/2455 4882/6192/4886 298/360/315
f 2301/2806/2455 3868/4801/4025 4882/6192/4886
f 4445/5551/4554 3727/4615/3882 3022/3729/3197
f 4273/5334/4397 2720/3335/2879 3941/4894/4085
f 4273/5334/4397 3940/4893/4084 4274/5335/4398
f 4273/5334/4397 4270/5331/4394 2720/3335/2879
f 4273/5334/4397 3941/4894/4085 3940/4893/4084
f 2865/3521/3027 4355/5441/4475 1930/3522/2069
f 4510/5637/4604 4366/5457/4482 1133/1375/1220
f 4231/5281/4355 1137/1379/1224 3050/3766/3224
f 4609/5773/4683 2703/3314/2864 2880/3543/3044
f 4886/6199/4888 2086/2545/2235 1965/2396/2105
f 4886/6199/4888 4256/5311/4379 2086/2545/2235
f 1615/1977/1737 1373/1674/1473 4696/5901/4755
f 1026/1237/1102 4839/6116/858 4671/1238/1103
f 1026/5652/1102 4524/968/859 4839/967/858
f 3526/4357/3692 2738/4358/2898 3621/4429/3744
f 4640/5819/4706 19/26/21 20/27/22
f 4640/5819/4706 20/27/22 1635/2001/1759
f 4811/6072/4841 1772/2156/1898 1768/2152/1894
f 4811/6072/4841 4659/5849/4723 3314/4096/3489
f 4811/6072/4841 3314/4096/3489 3313/4095/3488
f 4811/6072/4841 3313/4095/3488 1772/2156/1898
f 835/1011/898 834/1010/897 1654/2020/1778
f 4565/5715/4649 4887/6200/4889 4566/5716/4650
f 3905/4845/4057 3904/4844/4056 4526/5655/4620
f 3905/4845/4057 4526/5655/4620 4873/3717/3188
f 85/102/91 4813/6075/4842 3826/4753/3983
f 4219/5267/4344 4574/5730/4654 3672/4538/3833
f 4805/6064/4838 4747/5973/4794 3780/4682/3937
f 3532/4364/3697 2805/3441/2969 647/778/693
f 1243/1511/1330 1978/2412/2120 1979/2413/2121
f 657/788/703 2812/3450/2978 658/789/704
f 3322/4105/3498 3742/4641/3899 4473/5592/4577
f 4676/5868/4735 3550/4385/3715 3776/4678/3933
f 4676/5868/4735 4015/4993/4155 3550/4385/3715
f 4026/5004/4162 4025/5003/4161 706/854/757
f 1357/1653/1457 1353/1646/1454 2766/3436/2929
f 4861/6148/4876 728/876/779 4862/6149/4877
f 4560/5709/1482 2440/2983/1481 2970/3661/3139
f 4034/5014/4169 4079/5070/4213 2651/3255/2813
f 4036/5016/4171 3686/6077/3844 4592/5754/3843
f 4036/5016/4171 930/1118/997 3686/6077/3844
f 3746/4645/3903 4785/6028/4824 3747/4646/3904
f 3714/4598/3869 3715/4599/3870 3855/4786/4012
f 786/951/844 785/950/843 3455/4265/3631
f 3464/4276/3639 4888/6201/4890 3465/4277/3640
f 3464/4276/3639 4379/5473/4494 4888/6201/4890
f 810/980/870 3841/6202/4000 1383/4281/1487
f 810/980/870 2115/982/872 3841/6202/4000
f 1702/2078/1828 2755/3380/2918 3659/4520/3819
f 3413/4217/3587 4731/5954/4783 493/585/526
f 3413/4217/3587 3253/4013/3427 4731/5954/4783
f 3413/4217/3587 3470/4284/3643 3414/4218/3588
f 4057/5040/4190 1145/1387/1231 1144/1386/1230
f 3980/4944/3172 3002/5481/558 4386/5480/4501
f 2931/3612/3100 415/491/440 2857/3512/3021
f 2931/3612/3100 417/493/442 415/491/440
f 188/229/198 3493/4313/3662 3990/4961/4134
f 437/513/462 2945/3626/3114 4296/5361/4418
f 3674/4542/1941 4889/6203/1549 4713/5926/4770
f 2962/3653/3130 4395/5491/4509 2297/2802/2451
f 2190/2673/2342 1546/1890/1664 1547/1891/1665
f 2190/2673/2342 1547/1891/1665 3847/2677/2345
f 4871/6162/4882 4728/5836/4716 4528/5660/4621
f 4871/6162/4882 4528/5660/4621 1657/2023/1781
f 4871/6162/4882 1657/2023/1781 320/388/340
f 2255/2755/2409 4875/6177/4883 924/1112/991
f 496/588/529 493/585/526 4730/5953/4782
f 4099/5103/4232 4197/6012/4325 4100/5104/4233
f 4099/6204/4232 4618/5786/4689 4197/5785/4325
f 3281/4048/3455 4020/4998/4158 3082/3803/3257
f 1007/1216/1080 1006/1213/1079 4267/5328/4391
f 1007/1216/1080 4267/5328/4391 3950/4908/4092
f 1007/1214/1080 4108/5114/4239 1008/1215/1081
f 1802/2192/1931 4734/5958/4784 2151/2621/2302
f 4/8/6 3721/4609/3876 5/9/7
f 2987/3679/3157 937/1125/1004 2486/3035/2646
f 2665/3272/2828 1257/1525/1344 1253/1521/1340
f 2665/3272/2828 1253/1521/1340 3501/4323/3670
f 3775/4677/3932 4486/5609/4587 3776/4678/3933
f 3775/4677/3932 3774/4676/3931 4750/5976/4797
f 3005/6010/3176 4105/5110/4237 3006/5227/3177
f 3005/3703/3176 3004/3702/3175 4488/5611/4589
f 3203/3959/3380 1641/2007/1765 2678/3287/2839
f 2694/3303/2855 2246/2743/2400 836/1012/899
f 1070/1301/1153 4776/6016/4818 2131/2599/2282
f 1540/1882/1659 4747/5973/4794 1541/1883/1660
f 4890/6205/4828 4594/5756/4673 4792/5727/4652
f 3728/4616/3883 1431/1741/1535 1430/1740/1534
f 2746/3368/2906 3549/4384/736 4824/6094/4850
f 2746/3368/2906 2744/3366/2904 3549/4384/736
f 4250/5303/4371 4249/5302/4370 3341/4128/3516
f 4250/5303/4371 3341/4128/3516 4841/4129/3515
f 4250/6206/4371 4841/6119/3515 4840/6118/4862
f 4250/6206/4371 4840/6118/4862 4527/5658/4372
f 2761/3386/2924 2762/3387/2925 3756/4656/3913
f 4892/545/489 3622/4482/3782 4891/6207/4885
f 4892/6208/489 3647/4508/3808 3646/4507/3807
f 4892/6208/489 4891/6190/4885 3647/4508/3808
f 4892/6208/489 3646/4507/3807 4885/6197/490
f 3345/4133/3520 4318/5388/4437 2039/2477/2182
f 3345/4133/3520 2039/2477/2182 2771/3397/2935
f 3115/3846/3289 2141/2610/2291 2140/2609/2290
f 1438/1749/1542 1435/6209/1541 3293/4064/3467
f 3239/3998/3412 45/58/50 3965/4926/4108
f 3239/3998/3412 3965/4926/4108 4534/5670/4625
f 4731/5954/4783 3253/4013/3427 3252/4012/3426
f 4731/5954/4783 4730/5953/4782 493/585/526
f 1133/1375/1220 4088/5084/4221 1134/1376/1221
f 2463/3007/2623 690/829/740 689/3722/739
f 1849/2249/1981 1848/2248/1980 4467/5585/4572
f 4585/5747/4665 3476/4291/3648 3475/4290/3647
f 1891/2301/2023 4624/6210/4693 4040/2302/2024
f 416/492/441 2524/3083/2686 2522/3081/2684
f 3832/4761/3990 4732/5955/1018 793/958/851
f 4573/5729/4267 1050/4539/1129 4574/5730/4654
f 4539/5677/4630 2023/2460/2165 2022/2459/2164
f 4539/5677/4630 1314/1593/1409 2023/2460/2165
f 4539/5677/4630 2022/2459/2164 3084/3805/3259
f 4142/5159/4271 4335/6020/4455 3988/4959/4132
f 3911/4852/4060 4127/5137/4258 4126/5136/4257
f 4765/5996/4807 4766/5998/4808 2605/3183/2769
f 4765/5996/4807 2605/3183/2769 313/379/332
f 345/414/366 1727/2104/1854 4403/5501/4517
f 3078/3799/3253 3896/4834/4048 4418/5519/4531
f 3337/4122/3511 81/97/86 3108/3836/3281
f 4713/5926/4770 4889/6203/1549 405/6089/430
f 2277/2778/2431 2276/2777/1090 4425/5526/4536
f 440/516/465 439/515/464 3906/4846/4058
f 955/1148/1025 446/522/471 956/1149/1026
f 955/1148/1025 952/1144/1023 2290/2793/2445
f 955/1148/1025 2290/2793/2445 446/522/471
f 4383/5477/4498 821/996/883 819/994/881
f 4383/5477/4498 3307/4084/3483 821/996/883
f 2125/2590/2275 3296/4070/3471 2127/2593/2278
f 4786/6030/4825 4893/6211/4891 2636/3232/2798
f 4786/6030/4825 2636/3232/2798 3422/4230/3599
f 4786/6030/4825 3913/4856/4062 4893/6211/4891
f 2339/2851/2495 4194/5230/4322 4628/2852/2496
f 2339/2851/2495 4195/5231/4323 4194/5230/4322
f 4622/5792/4691 4364/5455/4480 863/5454/928
f 4622/5792/4691 4524/5653/859 4364/5455/4480
f 3903/4843/4055 1663/2029/1787 413/489/438
f 3903/4843/4055 2522/3081/2684 2048/2488/2191
f 3804/4719/3962 1345/1636/1444 3724/4612/3879
f 2596/3168/2757 4208/5249/4334 2593/3169/2758
f 4894/6212/4892 3414/4218/3588 1975/4283/2116
f 4894/6213/4892 1975/2408/2116 1974/2407/2115
f 4894/6213/4892 1974/2407/2115 1088/1320/1172
f 4895/6214/428 1933/6215/2072 404/4840/429
f 290/352/307 2394/2922/2554 291/353/308
f 4744/5970/4792 3043/3757/3217 3042/3756/3216
f 2016/2453/2158 2015/2452/2157 1143/753/671
f 633/762/677 3781/4684/3939 634/763/678
f 4705/5916/4762 1761/2145/1887 4706/5917/4763
f 829/1004/891 4564/5713/4647 831/1006/893
f 3252/4012/3426 3251/4011/3425 4372/5466/4487
f 3641/4501/3801 4710/5923/4767 63/79/69
f 1187/1443/1276 1186/1442/1275 3765/4666/3922
f 4104/5109/4236 3006/5227/3177 4105/5110/4237
f 3125/3856/3299 3126/3857/3300 159/181/167
f 2099/2562/2249 4257/5312/4380 4091/5087/4224
f 4277/5340/4401 3565/4405/3730 3564/4404/3727
f 2114/2578/2264 3841/4771/4000 2115/2579/872
f 2762/3387/2925 2760/3385/2923 2027/2465/2170
f 4291/5356/3000 595/713/636 594/712/635
f 4296/5361/4418 2945/3626/3114 3419/4224/3593
f 2568/3140/2730 766/928/824 765/927/823
f 4685/5884/4744 3957/4918/4100 2617/3200/2781
f 4888/6201/4890 4379/5473/4494 41/53/45
f 4888/6201/4890 41/53/45 3465/4277/3640
f 809/979/869 4534/5670/4625 811/981/871
f 4690/5892/4747 4689/5891/4174 4896/6216/4561
f 870/1054/935 2276/1225/1090 871/1055/936
f 870/1054/935 867/1051/932 2276/1225/1090
f 446/522/471 2290/2793/2445 447/523/472
f 3994/4967/4138 4897/6217/4893 1217/1479/1307
f 3994/4967/4138 4245/5298/4366 4897/6217/4893
f 3520/4350/3686 4866/6153/2963 3124/3855/3298
f 3525/4356/3691 1781/2165/1907 2738/3360/2898
f 2805/3441/2969 2803/3439/2967 647/778/693
f 4848/6130/4754 2992/3684/3162 651/782/697
f 3536/4369/3700 4696/5901/4755 3537/4370/3701
f 3672/4538/3833 4574/5730/4654 1050/4539/1129
f 683/818/731 2343/2856/2500 684/819/732
f 683/818/731 2344/2857/2501 2343/2856/2500
f 4233/5283/4357 4234/5284/4358 1909/2325/2043
f 714/862/765 717/865/768 4063/5049/4196
f 4351/5436/4470 1301/1579/1395 1924/2347/2061
f 4351/5436/4470 1302/1580/1396 1301/1579/1395
f 4079/5070/4213 4080/5071/4214 2651/3255/2813
f 4039/5020/4175 4797/6050/4832 4700/5021/4176
f 2078/2533/2225 917/1104/983 480/572/513
f 2078/2533/2225 480/572/513 479/571/512
f 4150/5169/4279 4898/6218/4894 4151/5170/4280
f 4741/6176/4789 4826/6098/4852 2868/3527/3031
f 4741/5967/4789 2868/6219/3031 4598/5761/3030
f 4667/5857/4729 3042/3756/3216 3041/3755/3215
f 4442/5548/4551 1532/1870/1650 1531/1869/1649
f 4215/6220/4341 4899/6221/2888 4900/6222/629
f 4221/5269/4346 346/415/367 342/410/362
f 4319/5389/4438 4475/5595/4579 4320/5390/4439
f 4319/5389/4438 4864/6151/4878 4475/5595/4579
f 74/90/79 1584/1936/1704 4232/5282/4356
f 1009/1217/1082 1008/1215/1081 4108/5114/4239
f 3599/4455/3760 1564/1913/1684 3416/4221/3590
f 3599/4455/3760 1565/1914/1685 1564/1913/1684
f 3599/4455/3760 1566/1915/1686 1565/1914/1685
f 2579/3152/2742 4790/6038/4827 2899/3570/3064
f 2579/3152/2742 2578/3153/2741 4790/6038/4827
f 4677/5871/4736 3068/3789/3243 4836/6113/4859
f 2432/2972/2592 4493/5616/4594 2433/2973/2593
f 4628/5804/2496 4194/6223/4322 2391/6224/2051
f 4628/5804/2496 2391/6224/2051 1288/1565/1384
f 431/507/456 4819/6082/4847 4591/5753/4671
f 431/507/456 429/505/454 4819/6082/4847
f 875/1059/940 2619/3202/2783 3075/3796/3250
f 4844/6124/4865 453/529/478 2585/3159/2748
f 4844/6124/4865 454/530/479 453/529/478
f 4844/6124/4865 2585/3159/2748 3020/3727/3195
f 4433/5535/4542 469/561/502 4526/5655/4620
f 4433/5535/4542 470/562/503 469/561/502
f 4433/5535/4542 4526/5655/4620 3904/4844/4056
f 3126/3857/3300 162/187/171 159/181/167
f 3962/4923/4105 4884/6194/4887 2017/2454/2159
f 3962/4923/4105 2017/2454/2159 2012/2449/2154
f 4487/5610/4588 3150/3886/3325 2546/3111/2707
f 3159/3895/3334 230/274/242 3160/3896/3335
f 1931/4896/2070 3902/4841/4054 1933/6215/2072
f 2170/2647/2321 4024/4194/299 4023/6225/4160
f 2170/2652/2321 4023/6226/4160 2171/2653/2323
f 2915/3590/3083 1086/1318/1170 3660/4521/3820
f 1338/1617/1433 1339/1618/1434 3530/4362/3695
f 1478/1795/1585 3113/6227/3287 4042/5024/4178
f 1478/1795/1585 1477/1794/1584 3113/6227/3287
f 4659/5849/4723 3631/4491/3791 3314/4096/3489
f 4466/5583/4571 61/74/66 1580/1932/1700
f 2877/3537/3040 2216/2708/2371 1399/1705/1504
f 285/346/302 286/348/303 1686/2059/1811
f 1429/1739/1533 1428/1738/1532 2772/3398/2936
f 1429/1739/1533 2772/3398/2936 3811/4729/3969
f 4177/5206/4307 3592/4447/1617 3591/4446/3755
f 4901/6228/4895 423/499/448 422/498/447
f 4901/6228/4895 422/498/447 4090/5086/4223
f 4791/5060/4207 4071/5057/4204 4721/5939/4717
f 4791/6039/4207 4721/5838/4717 4440/5544/4549
f 4265/5326/4389 4528/5659/4621 4728/5951/4716
f 941/1129/1008 4601/5764/4678 942/1130/1009
f 3966/4927/4109 46/59/51 461/542/485
f 3966/4927/4109 461/542/485 460/541/486
f 2127/2593/2278 4700/5911/4176 4797/6048/4832
f 3054/3775/3229 3055/3774/3230 4602/4595/792
f 3852/4783/4009 3944/4901/4086 3853/4784/4010
f 2139/1693/1492 3060/6163/3236 922/1110/989
f 1014/1222/1087 1012/1220/1085 4648/5833/4714
f 4902/6229/4896 4836/6113/4859 3068/3789/3243
f 3724/4612/3879 1345/1636/1444 1344/1635/1443
f 3414/4218/3588 3470/4284/3643 1975/4283/2116
f 2733/3355/2893 1990/2426/2131 1988/2424/2129
f 1626/1991/1749 4903/6230/4874 4306/5373/4425
f 4710/5923/4767 1579/1931/1699 63/79/69
f 3755/4654/3912 1146/1390/1234 4904/6231/2411
f 3755/6232/3912 4904/2757/2411 2256/2756/2410
f 2966/3657/3135 3290/4060/3464 3289/4059/3463
f 4718/5936/4775 1165/1416/1252 1164/1415/1251
f 645/776/691 4778/6021/4820 2861/3517/3025
f 4577/5736/4657 3795/4700/2193 4834/6107/3170
f 4338/5419/4458 4879/6183/4884 4908/6233/722
f 1898/2313/2032 2347/2861/2505 4471/5590/4575
f 3612/4468/3772 3747/4646/3904 3613/4469/3773
f 2955/3638/3123 4121/5130/4252 3675/4543/3835
f 4202/5243/4328 4203/5244/4329 3585/4439/3749
f 2512/3067/2673 689/826/739 693/831/742
f 770/932/828 3092/5483/3265 771/933/829
f 3841/4771/4000 3840/4770/3999 1383/6234/1487
f 2977/3668/3146 4188/5220/4314 3753/4652/3910
f 2940/3621/3109 1563/1912/1683 2942/3623/3111
f 1815/2208/1946 474/566/507 1816/2209/1947
f 906/1091/972 3118/3849/3292 907/1092/973
f 3682/4553/3840 3509/4337/3677 1825/2220/1957
f 2195/2682/2350 2503/3058/2664 677/812/725
f 2541/3104/2702 2543/3107/2704 2328/2838/2482
f 2206/2695/2361 4465/5582/4570 2207/2696/2362
f 1663/2029/1787 418/494/443 413/489/438
f 4436/5538/4545 490/582/523 488/580/521
f 1509/1837/1622 924/1112/991 4875/6177/4883
f 4301/5368/4421 4094/5090/4227 620/741/655
f 4301/5368/4421 1841/2240/1973 4094/5090/4227
f 4605/5769/4679 2641/3239/2804 2643/3241/1710
f 3945/4902/4087 1572/1921/1692 3946/4903/4088
f 613/731/652 609/727/648 3365/4158/3539
f 1587/1940/670 1589/1942/1708 1143/1385/671
f 981/1185/1053 2305/2810/2459 4898/6218/4894
f 1584/1936/1704 1585/1937/1705 4232/5282/4356
f 1413/1720/1517 4846/6235/4867 1414/1721/1518
f 1413/1720/1517 3399/4196/3573 4846/6235/4867
f 1424/1734/1528 1925/2348/2062 3809/4727/3967
f 3811/4729/3969 2770/3396/2934 2037/2475/2180
f 3811/4729/3969 2772/3398/2936 2770/3396/2934
f 3742/4641/3899 4014/4992/4154 4473/5592/4577
f 3742/4641/3899 3741/4640/3898 4014/4992/4154
f 3299/4076/3475 4138/5153/4266 3300/4077/3476
f 4199/5240/4326 4166/5188/4295 2358/2873/2517
f 4790/6038/4827 2906/3578/3071 2899/3570/3064
f 1317/1596/1412 2585/3159/2748 453/529/478
f 2181/2663/2332 1333/1612/1428 1331/1610/1426
f 2604/3180/2767 2603/3179/2766 2819/3457/2985
f 1220/1482/1310 1217/1479/1307 4244/5297/4365
f 3928/4875/4077 1495/1815/1605 2349/2863/2507
f 2361/2877/2518 2358/2873/2517 2695/3304/2856
f 4823/6090/4849 1446/1760/1551 4727/5950/4780
f 4905/6013/4815 3348/4139/3525 3350/4141/3524
f 4905/6236/4815 3350/4138/3524 4862/6149/4877
f 4905/6236/4815 4862/6149/4877 4906/6237/4897
f 4838/6115/4861 4473/5593/4577 4907/6238/2296
f 1431/1741/1535 4448/5555/4556 1432/1742/1536
f 609/727/648 3394/4189/3569 3879/4812/4036
f 609/727/648 3879/4812/4036 3365/4158/3539
f 1482/1799/1589 498/590/531 495/587/528
f 20/27/22 17/24/19 1635/2001/1759
f 3729/4617/3884 3793/4698/3951 3227/3984/3402
f 1221/1483/1311 1219/1481/1309 2267/2768/2422
f 4601/5764/4678 1724/2101/1851 942/1130/1009
f 4483/5606/1795 2344/2857/2501 3689/4562/3562
f 4834/3694/3170 2999/3693/3169 4596/5759/1614
f 4766/5998/4808 1270/3185/1362 2605/3183/2769
f 4813/6173/4842 4278/5342/4402 2293/2797/2448
f 4893/6211/4891 2638/3234/2800 2636/3232/2798
f 4094/5090/4227 1841/2240/1973 1840/2239/1972
f 4881/6189/4773 4715/3378/2916 1830/2227/1960
f 4908/6239/722 4879/6240/4884 2061/6241/2205
f 4343/5426/4463 4341/5424/4461 3301/4078/3477
f 733/883/786 3794/4699/2597 738/886/788
f 758/912/812 2406/913/813 4592/4557/3843
f 788/953/846 787/952/845 2749/3371/2909
f 81/97/86 77/93/82 3108/3836/3281
f 3990/4961/4134 4675/5867/4734 4758/5986/4801
f 4075/5065/4211 4077/5067/2682 1191/5546/1280
f 4775/6015/4817 4602/4595/792 3055/3774/3230
f 4775/6015/4817 3055/3774/3230 2131/2599/2282
f 4775/6015/4817 2131/2599/2282 4776/6016/4818
f 3214/3970/3391 1919/2342/2056 4909/6242/4898
f 4475/5595/4579 4864/6151/4878 4476/5596/4580
f 1589/1942/1708 842/1018/905 1143/1385/671
f 1589/1942/1708 843/1019/906 842/1018/905
f 248/295/262 320/388/340 1657/2023/1781
f 4306/5373/4425 1383/6234/1487 3840/4770/3999
f 2305/2810/2459 4152/5171/4281 4151/5170/4280
f 2305/2810/2459 4151/5170/4280 4898/6218/4894
f 4244/5297/4365 1217/1479/1307 4897/6217/4893
f 4244/5297/4365 4897/6217/4893 4245/5298/4366
f 1933/6215/2072 3902/4841/4054 404/4840/429
f 1288/1565/1384 2391/6224/2051 1289/1566/1385
f 4426/5527/4537 3594/4449/3756 1879/2281/2009
f 4906/6237/4897 4862/6149/4877 4801/6056/4835
f 3102/3828/3276 3786/4691/3944 3106/3833/3279
f 724/872/775 4801/6056/4835 4862/6149/4877
f 724/872/775 4862/6149/4877 728/876/779
f 3365/4158/3539 3879/4812/4036 3366/4159/3540
f 1749/2133/1875 1995/2431/2136 3798/4705/3954
f 4546/5687/2048 2391/6243/2051 4194/5688/4322
f 4527/5658/4372 4840/6118/4862 1656/2022/1780
f 3441/4249/3618 4160/5181/4289 3442/4250/3619
f 3441/4249/3618 3443/4252/3620 4254/5308/4376
f 1537/1878/1657 2754/3379/2917 3443/5934/3620
f 1720/2096/1846 2487/3036/2647 1721/2097/1847
f 3501/4323/3670 1253/1521/1340 2492/3041/2652
f 2558/3127/2718 4572/5728/4653 3739/4638/3896
f 1077/1309/1161 3212/3968/3389 2368/2886/2525
f 1918/2341/2055 4909/6242/4898 1919/2342/2056
f 3636/4496/3796 2651/3255/2813 4080/5071/4214
f 3819/4738/3976 3818/2913/2549 3034/3748/3208
f 2268/2769/2423 2267/2768/2422 1219/1481/1309
f 4473/5592/4577 4014/4992/4154 4907/2615/2296
f 2856/3511/3020 568/683/601 1361/1658/1462
f 2856/3511/3020 2855/3510/3019 568/683/601
f 2436/6159/2596 738/889/788 3794/6244/2597
f 3498/4320/3668 3676/4544/3836 4120/5128/4251
f 1056/1280/1135 1283/1557/1376 3511/4339/3679
f 4166/5188/4295 2695/3304/2856 2358/2873/2517
f 4049/1906/1678 4900/6222/629 4899/6221/2888
f 4049/1906/1678 1558/1907/630 4900/6222/629
f 3676/4544/3836 3675/4545/3835 4120/5128/4251
f 4121/5131/4252 4120/5128/4251 3675/4545/3835
f 3505/6245/3673 3679/4548/24 3506/4334/3674
f 766/928/824 3058/3778/3233 767/929/825
f 4196/5235/4324 4197/5783/4325 2069/2521/2217
f 1804/2194/1933 2733/3355/2893 3734/4628/3892
f 1804/2194/1933 3734/4628/3892 2730/3351/2891
f 381/456/405 385/460/409 2678/3287/2839
f 381/456/405 2678/3287/2839 382/457/406
f 120/141/127 124/146/132 3034/3748/3208
f 120/141/127 3034/3748/3208 403/478/427
f 2421/2956/2580 4910/6246/4899 2422/2957/2581
f 2421/2956/2580 2424/2960/2583 4910/6246/4899
f 2424/2960/2583 2423/2961/2582 4910/6246/4899
f 2886/3554/3050 4910/6247/4899 2423/2959/2582
f 2885/3551/3049 4910/6248/4899 2886/3553/3050
f 2884/3550/3048 4910/6248/4899 2885/3551/3049
f 2884/3550/3048 2422/3552/2581 4910/6248/4899
f 4627/5803/4695 4883/2917/2551 2391/2919/2051
f 4627/5803/4695 2340/6249/2497 4628/5804/2496
f 4911/6250/2045 4627/6251/4695 2391/6252/2051
f 4911/6250/2045 1288/5882/2050 2340/5881/2497
f 4911/6250/2045 2340/5881/2497 4627/6251/4695
f 1/4/1 4637/5816/4703 2/5/4
f 1/6253/1 2709/6254/3 4637/6255/4703
f 2708/3320/2868 4637/5816/4703 2709/3321/3
f 2707/3319/2867 4637/5816/4703 2708/3320/2868
f 4329/5399/4448 4912/6256/4900 4331/5405/4450
f 4329/5399/4448 3520/4350/3686 4912/6256/4900
f 3519/4349/3685 4912/6256/4900 3520/4350/3686
f 3519/4349/3685 4331/5405/4450 4912/6256/4900
f 1266/6257/1356 4913/6258/4901 4914/6259/1359
f 1266/6257/1356 2548/3113/1358 4913/6258/4901
f 2548/3113/1358 2549/3115/2710 4913/6258/4901
f 2549/3115/2710 4624/5800/4693 4913/6258/4901
f 1891/6260/2023 4913/6258/4901 4624/5800/4693
f 1890/4747/2022 4913/6258/4901 1891/6260/2023
f 3823/4746/3980 4913/6258/4901 1890/4747/2022
f 1889/4745/2021 4913/6258/4901 3823/4746/3980
f 1888/6261/2020 4913/6258/4901 1889/4745/2021
f 1888/6261/2020 4914/6259/1359 4913/6258/4901
f 1183/1439/1272 4915/6262/4902 1184/1440/1273
f 1183/1439/1272 1188/1444/1277 4915/6262/4902
f 1188/1444/1277 4321/5391/4440 4915/6262/4902
f 4623/5797/4692 4915/6262/4902 4321/5391/4440
f 4407/5796/4521 4915/6262/4902 4623/5797/4692
f 354/423/375 4915/6263/4902 4407/5505/4521
f 353/422/374 4915/6263/4902 354/423/375
f 353/422/374 4557/3375/2913 4915/6263/4902
f 4557/5706/2913 4663/5853/4726 4915/6262/4902
f 1184/1440/1273 4915/6262/4902 4663/5853/4726
f 2071/2523/2214 4916/6264/4903 2072/2524/2219
f 2071/2518/2214 2068/2520/2216 4916/6265/4903
f 4617/2519/2215 4916/6265/4903 2068/2520/2216
f 4617/5784/2215 4618/5786/4689 4916/6266/4903
f 4099/6204/4232 4916/6266/4903 4618/5786/4689
f 4098/5102/4231 4916/6267/4903 4099/5103/4232
f 4098/5102/4231 4198/5105/4234 4916/6267/4903
f 4198/6268/4234 2072/6269/2219 4916/6270/4903
f 524/630/561 4917/6271/4904 1881/2289/2014
f 524/630/561 2500/3055/2662 4917/6271/4904
f 4337/5421/4457 4917/6271/4904 2500/3055/2662
f 4337/5421/4457 1881/2289/2014 4917/6271/4904
f 2338/2850/2494 4918/6272/4905 2339/2851/2495
f 2338/2850/2494 2340/2853/2497 4918/6272/4905
f 2340/6273/2497 4684/2331/2047 4918/6274/4905
f 1911/2330/2046 4918/6274/4905 4684/2331/2047
f 1911/2330/2046 1912/2333/2049 4918/6274/4905
f 4545/5685/4635 4918/6274/4905 1912/2333/2049
f 4193/5684/4321 4918/6274/4905 4545/5685/4635
f 4919/6275/4320 4918/6274/4905 4193/5684/4321
f 4919/5228/4320 4195/5231/4323 4918/6272/4905
f 2339/2851/2495 4918/6272/4905 4195/5231/4323
