# Blender 4.4.0
# www.blender.org
mtllib Meshy_AI__0717130910_texture.mtl
o Meshy_AI__0717130910_texture
v 0.780392 -0.106863 -0.009436
v 0.780392 -0.107353 -0.009191
v 0.780392 -0.107843 -0.009130
v -0.541176 -0.025368 0.033088
v -0.541176 -0.025613 0.034069
v -0.541176 -0.024755 0.031863
v -0.549020 -0.020588 0.034069
v -0.552941 -0.020221 0.032843
v -0.345098 -0.078431 0.019730
v -0.349020 -0.076471 0.018873
v -0.349020 -0.076471 0.020098
v -0.345098 -0.078922 0.018015
v -0.345098 -0.078922 0.021201
v 0.290196 0.242157 -0.124510
v 0.296078 0.242157 -0.124510
v 0.292157 0.241176 -0.126471
v 0.296078 0.237255 -0.125490
v 0.294118 0.235294 -0.128431
v 0.286275 0.234314 -0.129412
v 0.288235 0.241176 -0.127451
v 0.658824 -0.190196 0.256863
v 0.286275 -0.179412 0.288235
v 0.284314 -0.183333 0.288235
v 0.298039 -0.183333 0.288235
v 0.654902 -0.185294 0.254902
v 0.298039 -0.178431 0.286275
v -0.552941 -0.038971 -0.015257
v -0.552941 -0.037255 -0.013848
v -0.592157 -0.029412 -0.015502
v -0.600000 -0.027451 -0.021323
v -0.600000 -0.028677 -0.020711
v -0.596078 -0.028431 -0.016299
v -0.592157 -0.032353 -0.017034
v -0.003232 -0.121078 0.301961
v 0.264706 0.478431 -0.000502
v 0.264706 0.472549 -0.001601
v 0.262745 0.474510 -0.003661
v 0.266667 0.472549 -0.001754
v 0.264706 0.470588 -0.004259
v 0.266667 0.476471 0.000127
v 0.262745 0.476471 -0.002068
v 0.968628 -0.462745 0.059069
v 0.964706 -0.460784 0.060539
v 0.968628 -0.466667 0.054412
v 0.968628 -0.460784 0.050735
v 0.972549 -0.335294 0.120098
v 0.972549 -0.337255 0.129412
v -0.038235 -0.028922 -0.127451
v -0.039951 -0.035049 -0.128431
v -0.033333 -0.026838 -0.131373
v -0.042647 -0.034314 -0.120098
v -0.039951 -0.028431 -0.119118
v -0.036275 -0.024265 -0.121078
v -0.345098 -0.099510 -0.024142
v -0.350980 -0.101471 -0.025000
v -0.345098 -0.098039 -0.025245
v -0.345098 -0.091667 -0.013848
v -0.350980 -0.103922 -0.023897
v 0.321569 0.088726 0.146078
v 0.317647 0.087745 0.146078
v 0.317647 0.085294 0.144118
v 0.317647 0.094608 0.148039
v 0.327451 0.094118 0.145098
v 0.323529 0.095098 0.148039
v 0.325490 0.087745 0.145098
v 0.327451 -0.087745 -0.262745
v 0.303922 -0.079412 -0.266667
v 0.333333 -0.080882 -0.260784
v 0.268627 -0.091177 -0.260784
v 0.266667 -0.088726 -0.264706
v 0.337255 -0.087255 -0.256863
v 0.333333 -0.090686 -0.256863
v -0.686275 -0.087745 -0.004442
v -0.686275 -0.086765 -0.006219
v 0.244118 0.478431 0.015196
v 0.245098 0.482353 0.011458
v 0.242157 0.474510 0.016422
v 0.245098 0.474510 0.017279
v 0.247059 0.478431 0.015931
v 0.246078 0.482353 0.012255
v 0.792157 -0.109804 -0.006464
v 0.788235 -0.111765 -0.009130
v 0.792157 -0.110294 -0.007445
v 0.792157 -0.110784 -0.008150
v 0.784314 -0.103922 -0.004626
v 0.788235 -0.109314 -0.007629
v -0.347059 -0.041667 0.034559
v -0.347059 -0.041667 0.032598
v -0.347059 -0.051225 0.032353
v -0.350980 -0.037500 0.035539
v -0.347059 -0.042157 0.035784
v 0.031005 -0.194118 0.286275
v 0.019118 -0.194118 0.292157
v 0.020956 -0.194118 0.286275
v 0.031863 -0.189216 0.286275
v 0.042892 -0.189216 0.286275
v 0.043137 -0.193137 0.288235
v 0.030637 -0.193137 0.292157
v 0.588235 -0.021691 -0.117647
v 0.596078 -0.024755 -0.119118
v 0.588235 -0.022917 -0.125490
v 0.772549 -0.102451 0.114216
v 0.776471 -0.104412 0.116667
v 0.776471 -0.102451 0.118627
v 0.772549 -0.106373 0.113725
v 0.768628 -0.101961 0.113725
v 0.768628 -0.104412 0.111275
v 0.772549 -0.101961 0.115196
v -0.537255 -0.029902 -0.037500
v -0.549020 -0.027696 -0.040196
v -0.549020 -0.026838 -0.036765
v -0.545098 -0.028922 -0.035784
v -0.541176 -0.032598 -0.038725
v -0.537255 -0.025858 -0.041667
v -0.537255 -0.100980 0.013174
v -0.682353 -0.102941 0.012806
v -0.686275 -0.101471 0.011091
v -0.686275 -0.102451 0.012806
v 0.209804 0.139216 -0.202941
v 0.207843 0.139216 -0.200000
v 0.207843 0.142157 -0.198039
v 0.211765 0.140196 -0.203922
v 0.211765 0.120098 -0.203922
v 0.210784 0.142157 -0.200980
v 0.208824 0.120098 -0.202941
v 0.788235 -0.098529 0.123039
v 0.792157 -0.099020 0.120588
v 0.788235 -0.096569 0.121569
v 0.788235 -0.099020 0.116667
v 0.788235 -0.100980 0.118137
v 0.792157 -0.100490 0.119608
v 0.104902 0.243137 -0.056128
v 0.102451 0.237255 -0.057353
v 0.100490 0.242157 -0.053677
v 0.106373 0.245098 -0.054657
v 0.101961 0.245098 -0.049510
v 0.169608 0.244118 -0.123039
v 0.167647 0.242157 -0.124020
v -0.350980 -0.063235 -0.035539
v -0.352941 -0.064216 -0.031618
v -0.356863 -0.065686 -0.033578
v -0.362745 -0.065196 -0.035049
v -0.356863 -0.064706 -0.037010
v -0.362745 -0.065196 -0.031373
v -0.360784 -0.065686 -0.028554
v 0.286275 0.270588 0.071569
v 0.290196 0.272549 0.073039
v 0.264706 0.268627 0.071078
v 0.284314 0.272549 0.073039
v 0.284314 0.266667 0.067157
v 0.364706 -0.155882 -0.198039
v 0.063726 -0.155882 -0.200000
v 0.354902 -0.152941 -0.209804
v 0.366667 -0.151961 -0.207843
v 0.372549 -0.154902 0.094608
v 0.600000 -0.151961 -0.122549
v -0.972549 -0.201961 0.041667
v -0.960784 -0.335294 0.027083
v -0.776471 -0.196078 0.114216
v -0.952941 -0.123529 0.050980
v -0.984314 -0.200000 0.034804
v -0.976471 -0.335294 0.016667
v 0.180392 0.323529 -0.066667
v 0.178431 0.317647 -0.067647
v 0.174510 0.317647 -0.065196
v 0.184314 0.319608 -0.069118
v 0.175490 0.325490 -0.063726
v 0.179412 0.325490 -0.064216
v 0.183333 0.325490 -0.066667
v 0.819608 -0.196078 0.109804
v 0.745098 -0.196078 0.108333
v 0.815686 -0.199020 0.109314
v 0.823529 -0.195098 0.110784
v -0.358824 -0.053431 -0.011458
v -0.352941 -0.053186 -0.013297
v -0.358824 -0.050735 -0.010907
v -0.364706 -0.049265 -0.009865
v -0.364706 -0.051471 -0.010233
v -0.356863 -0.055392 -0.012684
v -0.352941 -0.055392 -0.014093
v 0.017402 -0.177451 -0.292157
v 0.028922 -0.176471 -0.292157
v 0.028309 -0.183333 -0.292157
v 0.019363 -0.171569 -0.292157
v 0.016789 -0.183333 -0.292157
v 0.468627 -0.025123 0.086274
v 0.452941 0.099020 -0.090686
v 0.452941 0.100490 0.087745
v 0.470588 -0.023284 -0.089706
v 0.468627 -0.031128 -0.090196
v 0.466667 -0.023529 0.093627
v 0.466667 -0.030147 0.094608
v 0.776471 -0.102451 -0.002834
v 0.776471 -0.103431 -0.002972
v 0.772549 -0.102451 -0.006342
v 0.776471 -0.100490 -0.003646
v 0.772549 -0.101471 -0.007108
v 0.776471 -0.103922 -0.006066
v 0.776471 -0.100490 -0.002175
v -0.398039 -0.144118 -0.062255
v -0.392157 -0.149020 0.067157
v -0.398039 -0.144118 0.065196
v -0.390196 -0.026103 -0.060784
v -0.392157 -0.143137 -0.071569
v -0.390196 -0.149020 -0.062745
v 0.256863 0.270588 0.071078
v 0.250980 0.270588 0.072549
v 0.252941 0.270588 0.071569
v 0.252941 0.276471 0.074510
v 0.256863 0.272549 0.073039
v 0.264706 0.270588 0.074510
v 0.984314 -0.103431 -0.104412
v 0.984314 -0.108333 -0.105882
v 1.000000 -0.192157 -0.144118
v 1.000000 -0.192157 -0.159804
v 0.988235 -0.107843 -0.098529
v 0.292157 0.237255 -0.083333
v 0.145098 0.234314 0.033333
v 0.296078 0.238235 0.090196
v 0.286275 0.239216 0.102451
v 0.177451 0.239216 0.099510
v 0.131373 0.236275 0.037255
v 0.142157 0.235294 -0.036275
v -0.003431 -0.117647 0.300000
v 0.713726 -0.118137 0.247059
v 0.002696 -0.119608 -0.298039
v 0.292157 0.323529 -0.065196
v 0.292157 0.317647 -0.063726
v 0.290196 0.317647 -0.068137
v 0.772549 -0.111275 0.111765
v 0.768628 -0.112745 0.111275
v 0.776471 -0.112745 0.113725
v 0.768628 -0.110784 0.107353
v 0.768628 -0.113725 0.107843
v 0.776471 -0.110784 0.112255
v 0.768628 -0.108333 0.111275
v -0.964706 -0.335294 0.034804
v -0.764706 -0.337255 0.108333
v -0.474510 -0.204902 0.211765
v -0.768628 -0.193137 0.126471
v -0.768628 -0.108333 0.143137
v -0.972549 -0.199020 0.051716
v 0.175490 0.327451 -0.068628
v 0.172549 0.323529 -0.066177
v 0.177451 0.329412 -0.064706
v 0.174510 0.327451 -0.064706
v 0.172549 0.323529 0.065686
v 0.176471 0.329412 0.066667
v 0.780392 -0.095098 0.105392
v 0.784314 -0.094118 0.107843
v 0.784314 -0.090686 0.110784
v 0.784314 -0.093627 0.016422
v 0.780392 -0.092647 0.109804
v 0.156863 0.248039 -0.135294
v 0.157843 0.254902 -0.129412
v 0.162745 0.253922 -0.137255
v 0.162745 0.248039 -0.140196
v 0.123039 0.094118 -0.147059
v 0.087745 0.252941 -0.062010
v -0.345098 -0.083824 -0.005484
v -0.345098 -0.082353 -0.007169
v -0.349020 -0.080882 -0.004442
v -0.345098 -0.085294 -0.003539
v -0.350980 -0.082843 -0.002972
v 0.366667 0.112255 0.162745
v 0.071078 0.112745 0.163725
v 0.364706 0.108824 0.167647
v 0.372549 0.106373 0.165686
v 0.374510 0.111275 0.161765
v 0.366667 0.114706 0.154902
v 0.074020 0.116176 0.153922
v 0.713726 -0.125490 -0.235294
v 0.709804 -0.208824 -0.235294
v 0.964706 -0.335294 -0.125490
v 0.709804 -0.347059 -0.212745
v 0.001739 -0.209804 -0.270588
v -0.545098 -0.045343 0.023775
v -0.541176 -0.045833 0.025858
v -0.549020 -0.042402 0.025000
v -0.541176 -0.044363 0.021201
v -0.541176 -0.048774 0.017279
v -0.549020 -0.041912 0.023652
v -0.541176 -0.050000 0.019608
v -0.592157 -0.036765 -0.030024
v -0.552941 -0.045098 -0.032108
v -0.549020 -0.042892 -0.030270
v -0.549020 -0.042647 -0.029044
v -0.552941 -0.044853 -0.029779
v -0.552941 -0.044363 -0.032843
v 0.247059 0.484314 0.008027
v 0.249020 0.484314 0.008395
v 0.245098 0.486275 0.008395
v 0.250000 0.480392 0.012929
v 0.784314 -0.116667 0.018995
v 0.792157 -0.114706 0.108824
v 0.788235 -0.116176 0.012255
v 0.792157 -0.115196 0.014216
v 0.788235 -0.114706 0.016299
v 0.054412 -0.020343 0.224510
v 0.063235 -0.027451 0.228431
v 0.062745 -0.019118 0.226471
v 0.062010 -0.013725 0.220588
v 0.053431 -0.028676 0.226471
v 0.051961 -0.015441 0.219608
v -0.350980 -0.104412 0.019853
v -0.517647 -0.101961 0.020221
v -0.347059 -0.102451 0.020466
v -0.349020 -0.104902 0.021936
v -0.343137 -0.103431 0.018382
v -0.350980 -0.104902 0.017892
v 0.290196 0.114216 -0.202941
v 0.294118 0.114706 -0.201961
v 0.208824 0.114706 -0.203922
v 0.286275 0.110784 -0.197059
v 0.262745 -0.091176 0.258824
v 0.264706 -0.088725 0.262745
v 0.260784 -0.087745 0.260784
v 0.266667 -0.092647 0.258824
v 0.256863 -0.089216 0.250000
v 0.260784 -0.092647 0.250000
v -0.596078 -0.018260 -0.027941
v -0.596078 -0.018505 -0.026838
v -0.592157 -0.014706 -0.028554
v -0.596078 -0.019240 -0.030024
v -0.972549 -0.119118 0.064216
v -0.980392 -0.119118 0.052696
v -0.992157 -0.198039 0.047794
v -0.960784 -0.115196 0.075490
v -0.976471 -0.113235 0.063726
v -0.992157 -0.199020 0.059804
v 0.168627 0.274510 -0.065686
v 0.171569 0.270588 0.066176
v 0.169608 0.274510 0.067157
v 0.170588 0.274510 -0.070588
v 0.173529 0.272549 -0.070098
v 0.784314 -0.117157 0.109314
v 0.784314 -0.118137 0.107353
v 0.780392 -0.118137 0.107353
v 0.776471 -0.116667 0.107843
v 0.784314 -0.116667 0.109804
v 0.780392 -0.116667 0.111765
v -0.362745 -0.044118 -0.048284
v -0.541176 -0.031373 -0.045588
v -0.360784 -0.046814 -0.048039
v -0.537255 -0.033824 -0.046814
v -0.356863 -0.043382 -0.046569
v -0.356863 -0.046078 -0.046323
v -0.185294 -0.165686 -0.104902
v -0.165686 -0.157843 -0.112255
v -0.158824 -0.158824 -0.102941
v -0.158824 -0.159804 0.098529
v -0.317647 -0.166667 -0.100980
v 0.611765 -0.145098 -0.122059
v 0.603922 -0.137255 -0.129412
v 0.611765 -0.137255 -0.123039
v 0.615686 -0.147059 -0.114706
v 0.615686 -0.150000 -0.118627
v 0.619608 -0.137255 -0.114706
v 0.603922 -0.147059 -0.126471
v -0.549020 -0.020588 0.029779
v -0.552941 -0.017279 0.031005
v -0.549020 -0.021078 0.031005
v -0.541176 -0.024632 0.028922
v -0.549020 -0.021078 0.029657
v -0.545098 -0.024877 0.030882
v -0.517647 -0.094608 -0.027083
v -0.541176 -0.093137 -0.025980
v -0.350980 -0.098529 -0.028064
v -0.517647 -0.096078 -0.025490
v -0.513726 -0.093137 -0.028554
v -0.350980 -0.096078 -0.029167
v 0.258824 0.319608 0.014645
v 0.258824 0.319608 0.010539
v 0.260784 0.321569 0.012316
v 0.256863 0.321569 0.015931
v 0.254902 0.319608 0.011826
v 0.262745 0.321569 0.012929
v 0.823529 -0.073529 0.018628
v 0.823529 -0.071569 0.021446
v 0.827451 -0.078922 0.021446
v 0.823529 -0.077941 0.016422
v 0.819608 -0.073039 0.016667
v 0.823529 -0.078922 0.017525
v 0.823529 -0.069608 0.020711
v 0.163725 0.258824 0.123529
v 0.100490 0.264706 0.050980
v 0.158824 0.258824 0.127451
v 0.160784 0.251961 0.134314
v 0.162745 0.253922 0.133333
v 0.294118 0.258824 0.129412
v -0.349020 -0.081863 0.005270
v -0.350980 -0.083333 0.003033
v -0.513726 -0.084804 0.003738
v -0.347059 -0.083333 0.006311
v -0.350980 -0.080392 0.006036
v -0.345098 -0.082843 0.007445
v 0.290196 0.138235 -0.203922
v 0.292157 0.118137 -0.202941
v 0.290196 0.116176 -0.204902
v 0.296078 -0.190196 0.282353
v 0.286275 -0.188235 0.280392
v 0.300000 -0.193137 0.282353
v -0.686275 -0.083824 -0.021936
v -0.537255 -0.080882 -0.022549
v -0.682353 -0.084314 -0.020221
v -0.682353 -0.084314 -0.024142
v -0.541176 -0.080392 -0.020343
v -0.456863 -0.470588 0.099020
v -0.454902 -0.470588 0.106863
v -0.756863 -0.470588 0.050245
v -0.756863 -0.476471 0.043137
v -0.952941 -0.472549 0.014216
v -0.468627 -0.343137 0.187255
v -0.764706 -0.337255 0.116176
v 0.198039 0.270588 -0.073039
v 0.205882 0.270588 -0.072059
v 0.200000 0.268627 -0.069608
v 0.180392 0.268627 -0.070588
v 0.180392 0.270588 -0.073039
v 0.209804 0.274510 -0.075000
v 0.197059 0.276471 -0.075490
v 0.788235 -0.100980 0.128431
v 0.784314 -0.106373 0.123529
v 0.784314 -0.103431 0.128431
v 0.788235 -0.100000 0.125490
v 0.788235 -0.098529 0.129412
v 0.788235 -0.103922 0.129412
v 0.788235 -0.100980 0.129412
v -0.145098 0.035294 -0.071569
v -0.148039 0.029902 -0.080882
v -0.157843 0.037010 -0.081373
v -0.137255 0.025000 -0.074020
v -0.140196 0.031250 -0.062010
v 0.262745 -0.056863 -0.268627
v 0.262745 -0.060294 -0.268627
v 0.258824 -0.056373 -0.264706
v 0.262745 -0.053186 -0.264706
v 0.270588 -0.053677 -0.268627
v 0.270588 -0.060784 -0.270588
v 0.335294 0.286275 0.046078
v 0.325490 0.298039 -0.035784
v 0.323529 0.300000 0.038235
v 0.329412 0.296078 0.037990
v 0.329412 0.294118 -0.033333
v 0.327451 0.300000 0.047549
v 0.329412 0.292157 0.050490
v 0.780392 -0.107843 -0.008211
v 0.780392 -0.108333 -0.009314
v -0.545098 -0.033088 0.043137
v -0.541176 -0.030392 0.042647
v -0.552941 -0.028186 0.041422
v -0.541176 -0.035294 0.049265
v -0.549020 -0.030147 0.041912
v -0.545098 -0.034804 0.042402
v -0.541176 -0.079902 -0.010233
v -0.517647 -0.079902 -0.009436
v -0.686275 -0.082843 -0.010355
v -0.541176 -0.079412 -0.012990
v -0.682353 -0.080882 -0.010907
v 0.215686 0.331373 0.071078
v 0.260784 0.333333 0.066176
v 0.250000 0.333333 0.066667
v 0.252941 0.333333 -0.065686
v 0.212745 0.331373 -0.065686
v 0.262745 0.331373 -0.066177
v 0.984314 -0.335294 -0.132353
v 0.980392 -0.191176 -0.139216
v 0.984314 -0.335294 -0.118137
v 0.984314 -0.466667 -0.046814
v 0.980392 -0.464706 -0.056863
v 0.976471 -0.335294 -0.140196
v 0.972549 -0.337255 -0.136275
v -0.349020 -0.058333 0.021446
v -0.352941 -0.059314 0.017892
v -0.349020 -0.056863 0.020343
v -0.349020 -0.059314 0.024020
v -0.358824 -0.177451 0.242157
v -0.364706 -0.182353 0.240196
v -0.364706 -0.176471 0.239216
v -0.358824 -0.171569 0.241176
v -0.358824 -0.182353 0.241176
v 0.411765 0.094118 -0.071569
v 0.409804 0.091667 -0.063235
v 0.413726 0.093628 0.061029
v 0.409804 0.091667 0.060539
v 0.407843 0.092157 -0.068137
v 0.403922 0.090196 0.052451
v 0.339216 -0.084804 0.238235
v 0.333333 -0.084804 0.237255
v 0.337255 -0.057108 0.237255
v 0.343137 -0.085294 0.239216
v 0.339216 -0.090196 0.237255
v 0.341176 -0.058823 0.236275
v -0.960784 -0.474510 -0.005270
v -0.960784 -0.472549 0.007322
v -0.960784 -0.470588 -0.010662
v -0.980392 -0.333333 -0.028922
v -0.956863 -0.468627 -0.018015
v -0.956863 -0.466667 0.007537
v -0.980392 -0.333333 0.026593
v -0.956863 -0.474510 -0.014706
v 0.204902 0.142157 0.198039
v 0.207843 0.145098 -0.197059
v 0.204902 0.142157 -0.197059
v 0.784314 -0.099510 -0.010049
v 0.780392 -0.098529 -0.007047
v 0.788235 -0.097059 -0.008211
v 0.784314 -0.098039 -0.006679
v 0.784314 -0.097549 -0.009130
v -0.354902 -0.035294 0.025735
v -0.350980 -0.038480 0.025735
v -0.354902 -0.036520 0.023652
v -0.358824 -0.034069 0.022794
v -0.354902 -0.035049 0.028554
v -0.349020 -0.037990 0.027819
v -0.360784 -0.032108 0.026226
v 0.054167 -0.145098 0.211765
v 0.047059 -0.137255 0.209804
v 0.047304 -0.145098 0.207843
v -0.041422 -0.147059 0.130392
v 0.050000 -0.152941 0.203922
v -0.041422 -0.140196 0.132353
v -0.001455 -0.476471 0.196078
v 0.713726 -0.478431 -0.109314
v 0.972549 -0.476471 0.053431
v 0.709804 -0.474510 0.106863
v -0.549020 -0.037500 -0.040931
v -0.552941 -0.033088 -0.042892
v -0.549020 -0.034559 -0.039706
v -0.549020 -0.036520 -0.038235
v -0.556863 -0.035294 -0.041912
v -0.592157 -0.030637 -0.039216
v -0.592157 -0.029657 -0.039706
v -0.349020 -0.076961 0.017892
v -0.517647 -0.078431 0.015319
v -0.517647 -0.078431 0.013052
v -0.517647 -0.077451 0.018260
v -0.349020 -0.076471 0.015319
v 0.252941 0.476471 -0.016667
v 0.254902 0.470588 -0.015931
v 0.250980 0.468627 -0.015931
v 0.252941 0.474510 -0.017402
v 0.254902 0.476471 -0.015809
v 0.254902 0.480392 -0.013909
v 0.252941 0.480392 -0.015196
v 0.949020 -0.117647 0.119608
v 0.713726 -0.124510 0.230392
v 0.717647 -0.119608 0.230392
v 0.964706 -0.114706 0.113235
v 0.705882 -0.205882 0.226471
v 0.960784 -0.190196 0.129412
v 0.960784 -0.118627 0.114706
v 0.040931 0.088235 -0.076961
v 0.124510 0.087255 -0.147059
v 0.041667 0.085294 -0.072059
v 0.038235 0.089216 -0.074510
v 0.040196 0.094118 -0.079902
v -0.305882 -0.149020 -0.138235
v -0.309804 -0.156863 -0.129412
v -0.315686 -0.148039 -0.133333
v -0.296078 -0.027206 -0.138235
v -0.181373 -0.026348 -0.145098
v -0.188235 -0.148039 -0.142157
v 0.772549 -0.104412 0.010784
v 0.772549 -0.101961 0.008640
v 0.772549 -0.104902 0.009191
v 0.772549 -0.102941 0.010907
v 0.772549 -0.107843 0.009743
v -0.768628 -0.102941 -0.158824
v -0.964706 -0.116176 -0.069118
v 0.231373 0.470588 0.006740
v 0.231373 0.470588 0.005423
v 0.232353 0.474510 0.006464
v 0.784314 -0.116176 0.010355
v 0.788235 -0.115196 0.008578
v 0.784314 -0.114216 0.008027
v 0.784314 -0.118137 0.013664
v 0.784314 -0.116667 0.009559
v -0.347059 -0.052206 0.044608
v -0.350980 -0.048774 0.049265
v -0.350980 -0.050980 0.049265
v -0.349020 -0.053676 0.044608
v -0.347059 -0.050000 0.044363
v 0.064216 -0.136275 0.216667
v 0.054657 -0.136275 0.213726
v 0.061520 -0.151961 0.209804
v 0.062745 -0.145098 0.215686
v 0.447059 0.099020 -0.101961
v 0.460784 -0.024632 -0.102941
v 0.452941 0.100000 -0.096078
v 0.378431 0.100000 -0.169608
v 0.445098 0.106373 -0.101471
v 0.449020 0.103922 -0.098039
v 0.717647 -0.105882 0.260784
v 0.968628 -0.100000 0.118627
v 0.713726 -0.105882 0.250980
v -0.549020 -0.023529 -0.021078
v -0.549020 -0.022181 -0.022794
v -0.552941 -0.019730 -0.020098
v -0.549020 -0.024878 -0.019240
v -0.541176 -0.027696 -0.020098
v -0.541176 -0.025613 -0.022181
v 0.240196 0.319608 -0.009681
v 0.236275 0.321569 -0.010968
v 0.236275 0.321569 -0.013480
v 0.237255 0.319608 -0.007629
v 0.240196 0.321569 -0.015319
v 0.248039 0.319608 -0.000431
v 0.241176 0.319608 -0.012071
v 0.788235 -0.104902 0.115196
v 0.792157 -0.106373 0.111765
v 0.792157 -0.103431 0.111765
v 0.792157 -0.102941 0.117157
v 0.792157 -0.104412 0.119118
v 0.792157 -0.101961 0.113725
v 0.792157 -0.106373 0.114216
v -0.168627 -0.028677 -0.140196
v -0.141176 -0.025245 -0.114216
v -0.356863 -0.065196 -0.020221
v -0.362745 -0.063726 -0.018995
v -0.362745 -0.065196 -0.022794
v -0.350980 -0.065196 -0.022917
v -0.352941 -0.063726 -0.020956
v -0.356863 -0.065686 -0.025000
v -0.356863 -0.064216 -0.018750
v 0.260784 0.470588 0.010600
v 0.260784 0.474510 0.010049
v 0.260784 0.470588 0.013235
v 0.258824 0.482353 0.011336
v 0.260784 0.474510 0.012194
v 0.254902 0.478431 0.012561
v 0.256863 0.472549 0.014093
v 0.041667 -0.175490 -0.290196
v 0.031127 -0.171569 -0.292157
v 0.272549 -0.183333 -0.290196
v 0.041667 -0.181373 -0.290196
v 0.274510 -0.177451 -0.290196
v 0.042892 -0.170588 -0.292157
v -0.682353 -0.081373 0.014277
v -0.682353 -0.080392 0.014461
v -0.686275 -0.082843 0.014338
v -0.972549 -0.122549 -0.051716
v -0.972549 -0.120588 0.048529
v -0.976471 -0.114706 -0.048284
v -0.992157 -0.199020 -0.042402
v -0.956863 -0.119118 -0.052451
v -0.968628 -0.200000 -0.050245
v 0.288235 0.242157 0.110784
v 0.179412 0.240196 0.112255
v 0.177451 0.239216 0.108333
v 0.288235 0.239216 0.108824
v 0.180392 0.246078 0.112745
v 0.174510 0.246078 0.110784
v 0.717647 -0.116667 -0.260784
v 0.004136 -0.211765 -0.292157
v 0.717647 -0.199020 -0.264706
v 0.984314 -0.194118 -0.161765
v -0.360784 -0.048774 0.012745
v -0.537255 -0.036765 0.010907
v -0.354902 -0.049020 0.014277
v -0.356863 -0.050980 0.014583
v -0.362745 -0.051225 0.012684
v -0.537255 -0.038725 0.011029
v -0.356863 -0.162745 0.242157
v -0.358824 -0.166667 0.243137
v 0.005974 -0.172549 0.292157
v 0.018015 -0.178431 0.292157
v 0.019118 -0.172549 0.292157
v 0.006740 -0.166667 0.292157
v 0.005944 -0.177451 0.290196
v 0.415686 0.095098 -0.070098
v 0.413726 0.094118 0.065686
v 0.415686 0.095098 -0.075490
v 0.772549 -0.097549 0.110784
v 0.768628 -0.099020 0.106373
v 0.772549 -0.100490 0.109804
v 0.772549 -0.100490 0.115196
v 0.772549 -0.099020 0.115686
v 0.776471 -0.096569 0.113235
v 0.772549 -0.095588 0.108824
v 0.211765 0.116667 -0.200980
v 0.282353 0.116176 -0.200000
v 0.212745 0.116176 -0.197059
v 0.210784 0.117647 0.196078
v 0.286275 0.117157 -0.197059
v 0.286275 0.116667 0.197059
v 0.788235 -0.104412 0.128431
v 0.788235 -0.105392 0.123039
v 0.036765 0.099020 -0.068137
v 0.040196 0.094608 -0.073039
v 0.037745 0.098529 0.065686
v 0.035049 0.094118 -0.067157
v 0.039951 0.093628 0.063235
v -0.362745 -0.159804 -0.239216
v -0.362745 -0.164706 -0.237255
v -0.356863 -0.159804 -0.240196
v -0.350980 -0.158824 -0.244118
v -0.358824 -0.165686 -0.237255
v 0.290196 0.278431 0.067157
v 0.292157 0.319608 0.062745
v 0.290196 0.276471 0.066176
v 0.292157 0.317647 0.066667
v 0.596078 -0.150000 -0.114216
v 0.596078 -0.148039 -0.117157
v 0.380392 -0.148039 -0.194118
v 0.490196 -0.148039 0.011275
v -0.768628 -0.337255 -0.130392
v -0.984314 -0.195098 -0.069118
v -0.780392 -0.192157 -0.139216
v -0.476471 -0.339216 -0.203922
v -0.458824 -0.472549 -0.115686
v -0.972549 -0.335294 -0.061029
v -0.760784 -0.472549 -0.060294
v 0.243137 0.321569 0.015809
v 0.238235 0.321569 0.015073
v 0.239216 0.319608 0.013848
v 0.240196 0.321569 0.016789
v 0.244118 0.319608 0.012868
v 0.244118 0.319608 0.015931
v 0.242157 0.321569 0.017524
v 0.242157 0.319608 0.011091
v 0.792157 -0.094608 0.017770
v 0.792157 -0.095098 0.009681
v 0.792157 -0.094608 0.009988
v 0.788235 -0.093627 0.109804
v 0.796079 -0.094118 0.015503
v 0.788235 -0.093627 0.016789
v 0.060049 0.108824 0.162745
v -0.004381 0.104902 0.098529
v 0.058088 0.101961 0.164706
v -0.003278 0.109314 0.094118
v 0.063235 0.113235 0.159804
v 0.065686 0.107353 0.166667
v -0.032108 -0.148039 0.117647
v -0.027941 -0.148039 0.122059
v -0.032843 -0.145098 0.123529
v -0.036765 -0.144118 -0.115686
v -0.033824 -0.148039 -0.115196
v -0.035784 -0.144118 0.117647
v 0.372549 0.106863 -0.173529
v 0.376471 0.107843 -0.169608
v 0.372549 0.100980 -0.173529
v 0.713726 -0.462745 0.113725
v 0.964706 -0.339216 0.123039
v 0.000647 -0.466667 0.202941
v 0.701961 -0.345098 0.205882
v -0.541176 -0.045343 -0.026348
v -0.545098 -0.045588 -0.024632
v -0.549020 -0.042892 -0.025490
v -0.552941 -0.042892 -0.027573
v -0.549020 -0.042157 0.035539
v -0.541176 -0.044853 0.032353
v -0.545098 -0.044118 0.035294
v -0.549020 -0.041176 0.036275
v -0.552941 -0.042402 0.037990
v -0.552941 -0.044118 0.036275
v -0.549020 -0.041667 0.033824
v 0.250000 0.484314 -0.009620
v 0.250980 0.484314 -0.013113
v 0.248039 0.480392 -0.013052
v 0.247059 0.482353 -0.012868
v 0.249020 0.484314 -0.009681
v 0.250980 0.484314 -0.008456
v 0.792157 -0.107843 0.105882
v 0.792157 -0.108333 0.109804
v 0.792157 -0.110294 0.106373
v 0.796079 -0.107353 0.107353
v 0.052451 -0.019730 -0.225490
v 0.045833 -0.019240 -0.223529
v 0.050000 -0.013848 -0.220588
v -0.042892 -0.013113 -0.120098
v 0.059804 -0.012868 -0.222549
v -0.046569 -0.018505 -0.134314
v -0.350980 -0.105882 -0.016912
v -0.350980 -0.105882 -0.015196
v -0.517647 -0.101961 -0.014951
v -0.347059 -0.103922 -0.015012
v -0.517647 -0.101961 -0.016544
v 0.266667 -0.051961 0.246078
v 0.262745 -0.050980 0.246078
v 0.335294 -0.049020 0.243137
v 0.333333 -0.050490 0.254902
v 0.262745 -0.050245 0.250980
v 0.268627 -0.050490 0.262745
v 0.341176 -0.051225 0.252941
v 0.341176 -0.051225 0.241176
v 0.337255 -0.051471 0.240196
v 0.333333 -0.092157 -0.244118
v 0.341176 -0.090686 -0.250980
v 0.341176 -0.090686 -0.243137
v 0.335294 -0.091177 -0.241176
v 0.264706 -0.091667 -0.249020
v 0.233333 0.319608 -0.003278
v 0.230392 0.321569 -0.003064
v 0.229412 0.321569 -0.004381
v 0.235294 0.317647 -0.002497
v 0.233333 0.321569 -0.006097
v 0.784314 -0.095588 0.118627
v 0.784314 -0.095098 0.119608
v 0.784314 -0.097059 0.117647
v 0.784314 -0.096569 0.115686
v 0.780392 -0.096078 0.116667
v 0.780392 -0.095588 0.120098
v -0.350980 -0.040196 -0.038480
v -0.345098 -0.043382 -0.036520
v -0.350980 -0.042157 -0.039951
v -0.354902 -0.039706 -0.041176
v -0.356863 -0.037010 -0.038725
v -0.345098 -0.042402 -0.034804
v -0.349020 -0.038971 -0.034804
v -0.343137 -0.078922 -0.018260
v -0.343137 -0.077941 -0.016422
v -0.345098 -0.079412 -0.019485
v -0.349020 -0.076961 -0.020711
v -0.349020 -0.075980 -0.017770
v 0.296078 0.239216 0.124020
v 0.298039 0.236275 0.123529
v 0.356863 0.242157 0.056373
v 0.290196 0.241176 0.125000
v 0.294118 0.241176 0.120588
v 0.358824 0.239216 0.058088
v 0.654902 -0.176471 -0.247059
v 0.296078 -0.183333 -0.282353
v 0.658824 -0.177451 -0.246078
v 0.662745 -0.170588 -0.245098
v 0.298039 -0.177451 -0.282353
v 0.654902 -0.182353 -0.247059
v -0.552941 -0.034069 0.016054
v -0.545098 -0.033824 0.018260
v -0.552941 -0.033088 0.015625
v -0.549020 -0.032598 0.017892
v -0.541176 -0.036275 0.018260
v -0.549020 -0.035294 0.018382
v -0.541176 -0.034559 0.018995
v -0.764706 -0.109314 -0.146078
v -0.470588 -0.123529 -0.216667
v -0.476471 -0.205882 -0.205882
v 0.000896 -0.129412 -0.290196
v 0.264706 0.319608 0.005944
v 0.260784 0.468627 0.006526
v 0.260784 0.319608 0.006648
v 0.262745 0.319608 0.005300
v 0.264706 0.321569 0.002574
v 0.988235 -0.480392 -0.049755
v 0.992157 -0.470588 0.062745
v 0.988235 -0.480392 0.057843
v 0.984314 -0.480392 -0.049510
v 0.988235 -0.478431 -0.055147
v 0.996078 -0.470588 -0.055637
v 0.066667 -0.030147 -0.171569
v 0.066667 -0.023529 -0.174510
v 0.374510 -0.029657 -0.171569
v 0.366667 -0.030147 -0.173529
v 0.368627 -0.023407 -0.175490
v 0.072059 0.102941 -0.173529
v 0.366667 0.102451 -0.174510
v 0.341176 -0.086274 0.252941
v 0.337255 -0.082353 0.256863
v 0.323529 -0.079902 0.262745
v 0.345098 -0.083333 0.250000
v 0.331373 -0.088235 0.258824
v 0.343137 -0.090196 0.252941
v -0.592157 -0.018137 -0.020711
v -0.552941 -0.021569 -0.017770
v -0.592157 -0.016299 -0.022304
v -0.600000 -0.019853 -0.024387
v -0.600000 -0.020466 -0.022549
v -0.592157 -0.018750 -0.019363
v -0.686275 -0.094608 -0.001333
v -0.686275 -0.095588 0.000988
v -0.686275 -0.091177 0.000467
v -0.686275 -0.097059 -0.000517
v -0.686275 -0.091177 -0.001585
v 0.185294 0.329412 -0.071569
v 0.204902 0.331373 -0.068628
v 0.207843 0.329412 -0.072059
v 0.178431 0.331373 -0.068137
v 0.184314 0.331373 -0.068628
v 0.181373 0.321569 -0.073039
v 0.180392 0.327451 -0.071078
v 0.788235 -0.112745 0.119118
v 0.788235 -0.112255 0.125490
v 0.788235 -0.113725 0.121569
v 0.788235 -0.113235 0.119608
v 0.784314 -0.113725 0.118137
v 0.788235 -0.111765 0.119608
v 0.788235 -0.111765 0.117157
v 0.792157 -0.109804 0.120588
v -0.349020 -0.046569 -0.041667
v -0.349020 -0.047549 -0.041176
v -0.350980 -0.045343 -0.044853
v -0.350980 -0.044363 -0.044363
v -0.347059 -0.045343 -0.040686
v -0.458824 -0.468627 -0.103922
v 0.002221 -0.464706 -0.200980
v 0.001922 -0.352941 -0.248039
v 0.737255 -0.072549 0.106863
v 0.737255 -0.071569 0.108824
v 0.737255 -0.069608 0.105882
v 0.741176 -0.069118 0.105392
v 0.745098 -0.068627 0.102941
v 0.737255 -0.069118 0.101961
v 0.737255 -0.071078 0.102941
v 0.780392 -0.107353 -0.000417
v 0.776471 -0.108824 0.005147
v 0.772549 -0.106373 0.005607
v 0.776471 -0.109314 -0.003018
v 0.780392 -0.110784 -0.001072
v 0.772549 -0.109804 0.005270
v 0.776471 -0.106863 -0.002788
v 0.776471 -0.106863 -0.000481
v -0.541176 -0.030147 0.048775
v -0.541176 -0.029412 0.040441
v -0.690196 -0.096569 0.005668
v -0.686275 -0.091177 0.003401
v -0.690196 -0.092157 0.007445
v 0.214706 0.276471 0.075000
v 0.205882 0.272549 0.073039
v 0.213726 0.272549 0.074020
v 0.252941 0.321569 0.074510
v 0.211765 0.321569 0.074020
v 0.201961 0.276471 0.074510
v 0.788235 -0.095588 -0.002282
v 0.788235 -0.096078 -0.003110
v 0.784314 -0.095588 -0.004841
v 0.788235 -0.096078 -0.002558
v 0.788235 -0.094118 0.000303
v 0.784314 -0.096078 -0.000666
v 0.792157 -0.096078 0.000404
v 0.089706 0.262745 0.054657
v 0.102941 0.264706 -0.047549
v 0.089216 0.262745 -0.050245
v -0.358824 -0.064706 0.037010
v -0.352941 -0.064216 0.037010
v -0.356863 -0.064216 0.040196
v -0.362745 -0.064216 0.036765
v -0.352941 -0.064706 0.034314
v -0.362745 -0.064216 0.040441
v 0.286275 0.276471 -0.067157
v 0.262745 0.274510 -0.068628
v 0.282353 0.280392 -0.070098
v 0.288235 0.274510 -0.065196
v 0.262745 0.272549 -0.066667
v 0.284314 0.274510 -0.064706
v -0.028799 -0.145098 0.128431
v 0.070588 -0.147059 0.191176
v 0.058823 -0.146078 0.199020
v -0.027451 -0.150980 0.117647
v -0.980392 -0.333333 0.027696
v -0.984314 -0.335294 0.037010
v -0.984314 -0.198039 0.052206
v -0.988235 -0.200000 0.044363
v -0.980392 -0.335294 -0.032353
v -0.968628 -0.472549 0.008456
v -0.972549 -0.472549 -0.012255
v 0.131373 0.084804 -0.145098
v 0.315686 0.083823 -0.149020
v 0.133333 0.088235 -0.150980
v 0.315686 0.088725 -0.151961
v 0.134314 0.082353 -0.135294
v 0.126471 0.084804 -0.142157
v 0.128431 0.088725 -0.149020
v 0.780392 -0.095098 0.123529
v 0.780392 -0.095098 0.121569
v 0.780392 -0.095588 0.121078
v 0.776471 -0.096078 0.123039
v -0.360784 -0.032843 -0.026471
v -0.537255 -0.019118 -0.026225
v -0.537255 -0.019363 -0.025858
v -0.354902 -0.034559 -0.024755
v -0.354902 -0.034314 -0.026838
v -0.358824 -0.032108 -0.028676
v -0.358824 -0.033088 -0.024510
v -0.173529 -0.150000 -0.131373
v 0.360784 0.236275 0.059804
v 0.366667 0.235294 0.054902
v 0.362745 0.239216 0.054902
v 0.331373 0.098529 0.137255
v 0.409804 0.098039 0.072549
v -0.596078 -0.027206 0.043137
v -0.600000 -0.025613 0.038971
v -0.596078 -0.029167 0.043628
v -0.600000 -0.024510 0.038480
v -0.552941 -0.034069 0.044853
v -0.552941 -0.031863 0.045343
v -0.596078 -0.026225 0.042402
v -0.349020 -0.077941 -0.006893
v -0.349020 -0.076961 -0.008946
v -0.517647 -0.081373 -0.006863
v 0.252941 0.476471 0.015625
v 0.250980 0.480392 0.015135
v 0.250980 0.474510 0.016789
v 0.250980 0.470588 0.016422
v 0.252941 0.470588 0.016176
v 0.250000 0.478431 0.015625
v 0.972549 -0.190196 -0.113235
v 0.968628 -0.335294 -0.104902
v 0.968628 -0.191176 -0.118137
v 0.972549 -0.119608 -0.095588
v 0.972549 -0.190196 0.119118
v 0.968628 -0.337255 0.117157
v 0.972549 -0.119608 -0.101471
v -0.016789 -0.025490 0.098529
v -0.014951 -0.031373 0.098529
v 0.056373 -0.031373 0.160784
v -0.007077 0.098529 0.098529
v -0.022427 -0.024510 0.096078
v 0.055882 -0.024265 0.163725
v -0.019608 -0.031863 0.093627
v -0.021201 -0.030392 0.093627
v -0.001149 -0.480392 0.222549
v -0.001976 -0.482353 0.217647
v 0.705882 -0.478431 0.128431
v -0.002405 -0.480392 0.204902
v 0.705882 -0.480392 0.113725
v 0.368627 -0.034804 -0.167647
v 0.368627 -0.038480 -0.158824
v 0.066176 -0.037255 -0.156863
v 0.378431 -0.034314 -0.165686
v 0.064706 -0.034314 -0.167647
v 0.603922 -0.142157 0.124020
v 0.607843 -0.138235 0.124510
v 0.603922 -0.148039 0.115686
v 0.600000 -0.148039 0.122549
v -0.678431 -0.086274 0.029902
v -0.678431 -0.087745 0.029534
v -0.678431 -0.102451 0.031618
v -0.619608 -0.086274 0.032108
v 0.233333 0.323529 -0.011275
v 0.234314 0.470588 -0.015441
v 0.236275 0.321569 -0.015625
v 0.235294 0.321569 -0.013603
v 0.233333 0.468627 -0.012868
v 0.713726 -0.466667 0.119118
v 0.960784 -0.466667 0.054657
v 0.968628 -0.337255 0.135294
v -0.349020 -0.056863 -0.039951
v -0.349020 -0.058824 -0.038725
v -0.352941 -0.059314 -0.041912
v -0.349020 -0.055637 -0.040196
v -0.350980 -0.057598 -0.042647
v 0.061274 -0.152941 -0.207843
v 0.047059 -0.145098 -0.208824
v 0.052451 -0.144118 -0.211765
v 0.061765 -0.144118 -0.211765
v 0.615686 -0.024877 0.117647
v 0.611765 -0.024755 0.127451
v 0.619608 -0.138235 0.129412
v 0.607843 -0.017279 0.127451
v 0.717647 -0.109314 -0.252941
v 0.972549 -0.101961 -0.101961
v 0.976471 -0.108824 -0.108824
v -0.537255 -0.029167 -0.011520
v -0.537255 -0.033088 -0.011029
v -0.362745 -0.043873 -0.009926
v -0.362745 -0.041912 -0.011091
v -0.541176 -0.029167 -0.018627
v -0.541176 -0.030637 -0.015625
v -0.537255 -0.027083 -0.014522
v -0.484314 -0.206863 -0.224510
v 0.258824 0.319608 0.007506
v 0.262745 0.319608 0.009314
v 0.260784 0.319608 0.003952
v 0.792157 -0.099510 0.004381
v 0.792157 -0.100980 0.005852
v 0.792157 -0.100490 0.000394
v 0.792157 -0.097549 0.000169
v 0.788235 -0.099020 0.005147
v 0.792157 -0.102941 0.004075
v 0.792157 -0.100980 0.001938
v 0.792157 -0.099020 0.001532
v 0.792157 -0.097059 0.009007
v -0.008640 0.104902 0.095098
v -0.350980 -0.076961 0.022549
v -0.345098 -0.079902 0.022672
v -0.349020 -0.077941 0.024632
v 0.262745 0.327451 -0.072549
v 0.264706 0.323529 -0.074510
v 0.284314 0.327451 -0.073039
v 0.288235 0.327451 -0.072549
v 0.284314 0.319608 -0.074020
v 0.284314 0.331373 -0.069608
v 0.276471 -0.173529 0.290196
v 0.286275 -0.172549 0.288235
v 0.274510 -0.166667 0.290196
v 0.041912 -0.170588 0.294118
v 0.274510 -0.178431 0.290196
v -0.596078 -0.024878 -0.020098
v -0.600000 -0.024510 -0.019485
v -0.592157 -0.027206 -0.015380
v -0.596078 -0.024632 -0.015012
v -0.600000 -0.026471 -0.020833
v -0.972549 -0.112255 -0.059559
v -0.976471 -0.117647 -0.058823
v -0.984314 -0.118627 -0.050000
v -0.976471 -0.111275 -0.055392
v -0.960784 -0.107843 -0.062010
v -0.972549 -0.107353 -0.055392
v 0.235294 0.478431 0.005913
v 0.234314 0.474510 0.009375
v 0.234314 0.480392 0.008149
v 0.236275 0.482353 0.003845
v 0.233333 0.480392 0.003263
v 0.237255 0.480392 0.006036
v 0.780392 -0.118137 0.013052
v 0.780392 -0.117647 0.013726
v 0.780392 -0.116176 0.009314
v 0.780392 -0.118627 0.016789
v 0.776471 -0.117157 0.011826
v -0.362745 -0.041667 0.050000
v -0.360784 -0.039951 0.048039
v -0.541176 -0.026471 0.046078
v -0.360784 -0.044853 0.050980
v -0.356863 -0.043627 0.049510
v -0.345098 -0.103431 0.014277
v -0.347059 -0.102451 0.013787
v -0.350980 -0.104412 0.015686
v -0.349020 -0.104902 0.013297
v -0.347059 -0.103431 0.016544
v 0.341176 -0.052206 -0.254902
v 0.343137 -0.054657 -0.244118
v 0.345098 -0.054902 -0.248039
v 0.339216 -0.055882 -0.258824
v 0.337255 -0.053431 -0.260784
v 0.335294 -0.050735 -0.254902
v 0.776471 -0.105882 0.125000
v 0.776471 -0.104412 0.124020
v 0.776471 -0.103922 0.124510
v 0.776471 -0.107843 0.125490
v 0.780392 -0.107843 0.125490
v 0.776471 -0.106863 0.121569
v 0.776471 -0.103431 0.122549
v 0.772549 -0.103431 0.124510
v -0.549020 -0.021201 -0.028309
v -0.552941 -0.018015 -0.028186
v -0.552941 -0.018137 -0.030147
v -0.549020 -0.020956 -0.025490
v -0.592157 -0.014706 -0.027328
v -0.552941 -0.017892 -0.027083
v -0.390196 -0.143137 0.074020
v -0.386275 -0.149020 0.073039
v -0.358824 -0.151961 0.097549
v -0.358824 -0.145098 0.104412
v -0.386275 -0.027941 0.071569
v 0.258824 0.321569 -0.014645
v 0.256863 0.470588 -0.014828
v 0.258824 0.470588 -0.012806
v 0.256863 0.319608 -0.010294
v 0.254902 0.319608 -0.012316
v 0.258824 0.319608 -0.012561
v 0.256863 0.321569 -0.015135
v 0.254902 0.321569 -0.015931
v 0.823529 -0.078431 0.108333
v 0.823529 -0.188235 0.109804
v 0.823529 -0.079412 0.108333
v 0.823529 -0.078922 0.105392
v 0.819608 -0.073039 0.104902
v 0.823529 -0.073039 0.108333
v 0.170588 0.235294 -0.127451
v 0.135294 0.099020 -0.145098
v 0.164706 0.237255 -0.126471
v 0.176471 0.235294 -0.128431
v 0.171569 0.240196 -0.126471
v -0.349020 -0.091177 -0.001157
v -0.352941 -0.091667 -0.001486
v -0.345098 -0.095098 -0.004228
v -0.343137 -0.091667 -0.004259
v -0.350980 -0.089706 -0.001677
v -0.347059 -0.094118 -0.002328
v 0.296078 0.117647 0.201961
v 0.296078 0.138235 0.200980
v 0.292157 0.138235 0.202941
v 0.294118 0.114216 0.202941
v 0.298039 0.115196 0.200980
v 0.298039 0.118627 0.200980
v 0.292157 0.116667 0.203922
v 0.002941 -0.476471 -0.202941
v 0.709804 -0.474510 -0.121078
v 0.709804 -0.474510 -0.105882
v 0.976471 -0.474510 -0.051716
v -0.541176 -0.083333 0.025613
v -0.682353 -0.085784 0.028309
v -0.541176 -0.083824 0.027451
v -0.686275 -0.084804 0.021814
v -0.686275 -0.086274 0.025123
v -0.678431 -0.084314 0.025858
v -0.956863 -0.476471 -0.014951
v -0.960784 -0.470588 -0.018382
v -0.756863 -0.468627 -0.050490
v 0.201961 0.119118 0.200000
v 0.202941 0.140196 0.199020
v 0.202941 0.118627 0.201961
v 0.205882 0.139216 0.201961
v 0.792157 -0.104412 -0.008578
v 0.792157 -0.102451 -0.008088
v 0.788235 -0.104412 -0.009130
v 0.792157 -0.105882 -0.009804
v 0.792157 -0.106373 -0.008272
v -0.349020 -0.039216 0.023162
v -0.345098 -0.041912 0.026226
v -0.347059 -0.041912 0.028677
v 0.713726 -0.123529 0.250980
v 0.331373 0.294118 -0.045588
v 0.331373 0.286275 -0.050735
v 0.327451 0.294118 -0.048775
v 0.327451 0.300000 -0.043137
v 0.331373 0.296078 -0.043873
v 0.335294 0.286275 -0.047059
v 0.776471 -0.111275 0.120098
v 0.776471 -0.109804 0.119608
v 0.776471 -0.109804 0.119118
v 0.776471 -0.112255 0.117647
v 0.776471 -0.112745 0.120588
v 0.776471 -0.111765 0.122059
v -0.549020 -0.039216 -0.037500
v -0.541176 -0.037745 -0.039706
v -0.541176 -0.040196 -0.037990
v -0.545098 -0.039216 -0.038480
v -0.552941 -0.045343 0.029044
v -0.549020 -0.042892 0.026838
v -0.549020 -0.042892 0.028554
v -0.596078 -0.036765 0.030760
v -0.592157 -0.036274 0.028922
v -0.552941 -0.044363 0.025490
v -0.552941 -0.045588 0.028554
v 0.247059 0.476471 -0.018015
v 0.240196 0.470588 -0.017279
v 0.245098 0.476471 -0.017279
v 0.243137 0.468627 -0.018260
v 0.792157 -0.110294 0.123529
v 0.788235 -0.108824 0.123529
v 0.788235 -0.109804 0.126471
v 0.788235 -0.111765 0.125490
v -0.345098 -0.052206 -0.015625
v -0.347059 -0.050490 -0.016544
v -0.352941 -0.049265 -0.012500
v -0.350980 -0.051471 -0.012561
v -0.347059 -0.053922 -0.016299
v -0.362745 -0.170588 -0.243137
v -0.356863 -0.175490 -0.245098
v -0.362745 -0.175490 -0.243137
v -0.362745 -0.165686 -0.243137
v -0.362745 -0.171569 -0.238235
v 0.264706 0.321569 0.000255
v 0.262745 0.319608 0.002543
v 0.260784 -0.050000 -0.249020
v 0.335294 -0.049755 -0.243137
v 0.262745 -0.049265 -0.252941
v 0.256863 -0.050980 -0.250000
v 0.254902 -0.052941 -0.248039
v 0.262745 -0.052941 -0.245098
v 0.333333 -0.052941 -0.241176
v 0.258824 -0.055147 -0.246078
v -0.964706 -0.111765 -0.048774
v -0.964706 -0.111765 0.052451
v -0.980392 -0.123529 0.048284
v -0.972549 -0.117157 0.056128
v -0.972549 -0.115196 0.050000
v 0.179412 0.303922 -0.081373
v 0.185294 0.301961 -0.084804
v 0.184314 0.296078 -0.086765
v 0.158824 0.325490 -0.050000
v 0.152941 0.321569 -0.048775
v 0.154902 0.323529 -0.047304
v 0.177451 0.301961 -0.083824
v 0.709804 -0.123529 0.245098
v 0.960784 -0.113725 0.131373
v 0.709804 -0.204902 0.240196
v -0.360784 -0.040196 -0.012990
v -0.356863 -0.041912 -0.013235
v -0.352941 -0.041912 -0.015319
v -0.356863 -0.039461 -0.015625
v -0.537255 -0.024632 -0.017279
v -0.360784 -0.037255 -0.015441
v 0.005116 -0.188235 -0.290196
v -0.356863 -0.183333 -0.244118
v 0.006434 -0.183333 -0.290196
v 0.015686 -0.188235 -0.290196
v 0.013787 -0.193137 -0.290196
v 0.005484 -0.193137 -0.290196
v 0.776471 -0.103922 -0.008517
v 0.776471 -0.105392 -0.011336
v 0.776471 -0.103922 -0.009252
v 0.776471 -0.101471 -0.005208
v -0.596078 -0.017034 0.037010
v -0.600000 -0.019975 0.034804
v -0.596078 -0.018260 0.039216
v -0.556863 -0.021201 0.039461
v -0.596078 -0.015809 0.036029
v -0.552941 -0.020221 0.037500
v -0.537255 -0.101471 -0.011520
v -0.682353 -0.103431 -0.012194
v -0.682353 -0.103922 -0.010600
v -0.517647 -0.101471 -0.011397
v 0.968628 -0.109314 -0.105392
v 0.972549 -0.108333 -0.091667
v 0.980392 -0.107843 -0.099020
v 0.964706 -0.107353 -0.096569
v 0.968628 -0.112745 -0.110294
v 0.713726 -0.122549 -0.246078
v 0.117157 0.250000 0.051471
v 0.112745 0.251961 0.045098
v 0.169608 0.247059 0.106863
v 0.176471 0.303922 0.081863
v 0.150980 0.321569 0.048529
v -0.356863 -0.157843 0.241176
v -0.364706 -0.165686 0.240196
v -0.362745 -0.160784 0.239216
v 0.288235 0.274510 -0.062010
v 0.284314 0.274510 -0.061275
v 0.292157 0.274510 -0.061520
v 0.292157 0.274510 0.062255
v 0.288235 0.272549 0.062500
v 0.298039 -0.195098 0.288235
v 0.284314 -0.196078 0.282353
v 0.300000 -0.195098 0.280392
v 0.658824 -0.192157 0.248039
v 0.650980 -0.193137 0.249020
v -0.686275 -0.086765 -0.023774
v -0.682353 -0.085784 -0.023652
v -0.682353 -0.089216 -0.025735
v -0.686275 -0.088235 -0.026348
v -0.537255 -0.085784 -0.027083
v -0.541176 -0.086765 -0.025980
v 0.198039 0.266667 0.066176
v 0.198039 0.268627 -0.064216
v 0.181373 0.268627 -0.065196
v 0.212745 0.266667 -0.065196
v 0.209804 0.268627 0.067157
v 0.209804 0.268627 -0.069608
v 0.792157 -0.104902 0.108333
v 0.792157 -0.107353 0.113235
v -0.343137 -0.080392 -0.007475
v -0.349020 -0.079412 -0.005086
v 0.296078 0.139216 0.197059
v 0.298039 0.144118 0.197059
v 0.296078 0.139216 -0.197059
v 0.296078 0.143137 -0.197059
v 0.294118 0.143137 0.201961
v 0.780392 -0.109804 -0.009130
v 0.780392 -0.111765 -0.009865
v 0.776471 -0.109804 -0.008456
v 0.780392 -0.112745 -0.009498
v 0.784314 -0.110784 -0.007475
v -0.541176 -0.045098 0.028309
v -0.541176 -0.050735 0.021936
v -0.552941 -0.042647 -0.033578
v -0.549020 -0.043628 -0.032843
v -0.552941 -0.043873 -0.034069
v -0.592157 -0.035784 -0.033578
v -0.552941 -0.042647 -0.035784
v 0.250000 0.482353 0.008456
v 0.254902 0.480392 0.011458
v 0.252941 0.482353 0.007414
v 0.250980 0.482353 0.012684
v 0.827451 -0.194118 0.021691
v 0.827451 -0.187255 0.017892
v 0.827451 -0.187255 0.020098
v 0.827451 -0.198039 0.021814
v 0.827451 -0.195098 0.016054
v 0.055882 -0.024755 0.217647
v -0.030637 -0.023897 0.125000
v 0.054167 -0.031127 0.219608
v -0.031863 -0.027696 0.128431
v -0.035784 -0.029412 0.123529
v -0.035049 -0.034069 0.128431
v -0.352941 -0.091177 0.001930
v -0.349020 -0.091177 0.002099
v -0.352941 -0.094608 0.002191
v -0.352941 -0.093137 0.001700
v -0.349020 -0.093627 0.003094
v 0.262745 -0.086765 0.246078
v 0.264706 -0.058088 0.243137
v 0.335294 -0.091176 0.238235
v 0.264706 -0.090196 0.244118
v 0.232353 0.319608 0.005545
v 0.234314 0.319608 0.008640
v 0.233333 0.323529 0.008578
v 0.234314 0.323529 0.011152
v 0.231373 0.472549 0.009007
v 0.784314 -0.094118 0.005790
v 0.780392 -0.095098 0.005055
v 0.780392 -0.094608 0.009314
v 0.780392 -0.097059 0.005116
v 0.784314 -0.093137 0.010049
v 0.784314 -0.094118 0.006158
v -0.247059 0.050245 0.061520
v -0.156863 0.043628 0.062745
v -0.296078 0.040686 0.062010
v -0.247059 0.050735 -0.063726
v -0.162745 0.042157 0.072059
v -0.157843 0.043873 -0.066667
v 0.056373 -0.136275 0.207843
v 0.060784 -0.142157 0.207843
v 0.062255 -0.137255 0.210784
v -0.029534 -0.139216 0.129412
v 0.054657 -0.142157 0.202941
v 0.059804 -0.032843 0.222549
v 0.360784 0.235294 -0.058333
v 0.360784 0.241176 -0.057108
v 0.358824 0.241176 -0.056128
v 0.362745 0.239216 -0.054167
v 0.662745 -0.192157 0.254902
v 0.662745 -0.184314 0.252941
v 0.647059 -0.193137 0.254902
v -0.549020 -0.036520 -0.015502
v -0.549020 -0.037745 -0.016422
v -0.541176 -0.040686 -0.017524
v -0.549020 -0.035294 -0.014645
v -0.552941 -0.034314 -0.012684
v -0.541176 -0.038971 -0.015012
v -0.360784 -0.061274 0.045833
v -0.541176 -0.048039 0.041912
v -0.360784 -0.058823 0.048284
v -0.360784 -0.062745 0.043137
v -0.354902 -0.063235 0.041667
v -0.354902 -0.060784 0.045343
v 0.262745 0.478431 -0.004014
v 0.264706 0.476471 -0.006005
v 0.262745 0.478431 -0.005300
v 0.260784 0.480392 -0.003339
v 0.968628 -0.119608 0.111275
v 0.968628 -0.114216 0.110784
v 0.968628 -0.192157 0.125490
v -0.186275 -0.162745 -0.119608
v -0.315686 -0.162745 -0.113725
v 0.368627 -0.030882 0.164706
v 0.068627 -0.024020 0.168627
v 0.067157 -0.030882 0.165686
v 0.374510 -0.030882 0.163725
v 0.368627 -0.035049 0.160784
v 0.288235 -0.168627 -0.288235
v 0.288235 -0.163725 -0.290196
v 0.300000 -0.167647 -0.288235
v 0.298039 -0.164706 -0.288235
v 0.300000 -0.172549 -0.288235
v 0.654902 -0.164706 -0.252941
v -0.592157 -0.021323 0.020098
v -0.596078 -0.022794 0.023407
v -0.600000 -0.022426 0.024878
v -0.592157 -0.019118 0.020588
v -0.592157 -0.021691 0.019976
v -0.682353 -0.103431 -0.014951
v -0.686275 -0.103431 -0.015073
v -0.682353 -0.103431 -0.016299
v -0.537255 -0.100980 -0.017157
v -0.682353 -0.102941 -0.015257
v -0.537255 -0.101961 -0.014216
v 0.180392 0.323529 0.068137
v 0.183333 0.319608 0.070588
v 0.184314 0.323529 0.068137
v 0.180392 0.327451 0.065196
v 0.176471 0.323529 0.065196
v 0.184314 0.325490 0.065686
v 0.178431 0.319608 0.069118
v 0.968628 -0.460784 -0.052451
v 0.964706 -0.462745 -0.045588
v 0.968628 -0.468627 -0.045833
v 0.964706 -0.460784 -0.057108
v 0.972549 -0.335294 -0.121078
v -0.352941 -0.063726 0.025368
v -0.349020 -0.059804 0.025368
v -0.349020 -0.061765 0.025735
v -0.356863 -0.064706 0.024020
v -0.350980 -0.062745 0.021936
v -0.356863 -0.064706 0.026593
v -0.352941 -0.064216 0.027206
v 0.030882 -0.183333 0.286275
v 0.042647 -0.184314 0.286275
v 0.023039 -0.188235 0.286275
v 0.020221 -0.183333 0.286275
v 0.030147 -0.178431 0.286275
v 0.592157 -0.028431 -0.127451
v 0.588235 -0.027451 -0.128431
v 0.768628 -0.097549 0.108824
v 0.768628 -0.100000 0.107843
v 0.772549 -0.096078 0.108333
v -0.541176 -0.032843 -0.039706
v -0.541176 -0.028922 -0.044118
v -0.362745 -0.042157 -0.048284
v -0.756863 -0.464706 0.033824
v -0.952941 -0.464706 0.008885
v -0.756863 -0.466667 0.032108
v -0.447059 -0.464706 0.091177
v -0.752941 -0.468627 0.026471
v -0.952941 -0.470588 0.006219
v -0.449020 -0.468627 0.095098
v 0.207843 0.139216 -0.198039
v 0.205882 0.121078 -0.200980
v 0.792157 -0.103431 0.126471
v 0.792157 -0.101961 0.124510
v 0.788235 -0.100000 0.125000
v 0.792157 -0.100000 0.123039
v 0.788235 -0.105882 0.125490
v 0.792157 -0.104902 0.121078
v 0.792157 -0.105882 0.121078
v 0.792157 -0.102941 0.124020
v 0.788235 -0.102451 0.122549
v 0.792157 -0.103431 0.119118
v 0.792157 -0.099510 0.123529
v 0.792157 -0.101471 0.124020
v 0.788235 -0.104412 0.122549
v -0.362745 -0.064706 -0.036520
v -0.356863 -0.063726 -0.039706
v -0.352941 -0.062745 -0.037255
v 0.284314 0.323529 0.068137
v 0.288235 0.325490 0.066176
v 0.284314 0.325490 0.066176
v 0.260784 0.323529 0.070098
v 0.262745 0.325490 0.067157
v 0.282353 0.315686 0.070098
v 0.286275 0.321569 0.068137
v -0.030392 -0.148039 -0.120098
v 0.054167 -0.142157 -0.203922
v 0.058578 -0.145098 -0.200980
v -0.036275 -0.144118 -0.122549
v -0.956863 -0.472549 -0.004902
v -0.952941 -0.472549 -0.005086
v -0.949020 -0.474510 -0.007690
v -0.956863 -0.466667 -0.009498
v -0.952941 -0.472549 -0.009559
v 0.360784 -0.025980 0.228431
v 0.780392 -0.096569 -0.001593
v 0.780392 -0.096078 0.000244
v 0.784314 -0.094118 -0.002619
v 0.776471 -0.095588 -0.004994
v 0.780392 -0.096078 -0.001731
v 0.780392 -0.096569 0.005116
v -0.354902 -0.035539 0.033824
v -0.360784 -0.032598 0.034314
v -0.356863 -0.035784 0.036029
v -0.358824 -0.033088 0.030882
v -0.001049 -0.115196 0.301961
v 0.004013 -0.115686 -0.300000
v 0.294118 0.321569 -0.066177
v 0.292157 0.325490 -0.069608
v 0.298039 0.274510 -0.066667
v 0.294118 0.321569 -0.070098
v 0.294118 0.321569 0.066176
v 0.294118 0.327451 0.066176
v 0.298039 0.272549 0.067157
v 0.772549 -0.114706 0.108824
v 0.768628 -0.115196 0.109314
v -0.556863 -0.025368 -0.041912
v -0.552941 -0.026593 -0.041912
v -0.556863 -0.022794 -0.037990
v -0.517647 -0.090196 0.000044
v 0.258824 0.321569 -0.073039
v 0.252941 0.323529 -0.072549
v 0.262745 0.276471 -0.074510
v 0.252941 0.274510 -0.073039
v 0.984314 -0.339216 0.143137
v 0.984314 -0.468627 0.064216
v 0.984314 -0.337255 0.128431
v 0.984314 -0.192157 0.145098
v 0.984314 -0.193137 -0.132353
v 0.984314 -0.337255 -0.119118
v 0.984314 -0.468627 0.057108
v -0.021201 -0.031373 -0.098529
v -0.014890 -0.033578 -0.098039
v 0.057598 -0.034314 -0.163725
v 0.054167 -0.030882 -0.168627
v -0.016299 -0.030882 -0.102941
v -0.364706 -0.175490 -0.239216
v -0.358824 -0.177451 -0.236275
v 0.006710 -0.177451 -0.286275
v -0.362745 -0.181373 -0.237255
v -0.358824 -0.173529 -0.237255
v -0.356863 -0.182353 -0.236275
v 0.325490 0.094118 0.135294
v 0.323529 0.094118 0.138235
v 0.323529 0.091667 0.133333
v 0.405882 0.091667 0.069118
v 0.405882 0.094118 0.071569
v 0.772549 -0.100490 0.009069
v 0.772549 -0.097549 0.010784
v 0.776471 -0.097549 0.010417
v 0.776471 -0.100980 0.007904
v 0.772549 -0.102451 0.016299
v 0.239216 0.484314 0.000877
v 0.236275 0.480392 0.001976
v 0.238235 0.484314 0.003048
v 0.235294 0.480392 -0.000181
v 0.788235 -0.114216 -0.004534
v 0.788235 -0.114216 -0.005300
v 0.788235 -0.113725 -0.006189
v 0.788235 -0.113235 -0.000820
v 0.784314 -0.114706 -0.003232
v 0.792157 -0.113235 -0.003217
v 0.788235 -0.112745 -0.000636
v -0.347059 -0.046569 0.044363
v -0.352941 -0.045588 0.047059
v -0.347059 -0.048284 0.044608
v -0.347059 -0.045098 0.042157
v -0.350980 -0.043627 0.046078
v -0.002619 -0.476471 0.205882
v -0.450980 -0.468627 0.104412
v -0.449020 -0.472549 0.100000
v 0.374510 -0.136275 -0.210784
v 0.366667 -0.034314 -0.225490
v 0.592157 -0.034559 -0.130392
v 0.603922 -0.136275 -0.119608
v 0.600000 -0.034069 -0.123529
v -0.541176 -0.034069 -0.014951
v -0.537255 -0.037500 -0.009191
v -0.549020 -0.029902 -0.015502
v -0.537255 -0.034314 -0.010110
v -0.537255 -0.032108 -0.015809
v -0.004718 -0.128431 0.290196
v -0.768628 -0.112745 0.131373
v -0.476471 -0.123529 0.206863
v 0.258824 0.319608 -0.008211
v 0.260784 0.321569 -0.011275
v 0.260784 0.319608 -0.008088
v 0.258824 0.319608 -0.006342
v 0.788235 -0.095588 0.112745
v 0.792157 -0.097059 0.111765
v 0.792157 -0.096569 0.111765
v 0.792157 -0.098039 0.109314
v 0.788235 -0.096078 0.109314
v 0.788235 -0.095588 0.114216
v 0.174510 0.247059 -0.114216
v 0.173529 0.241176 -0.113235
v 0.167647 0.247059 -0.109804
v 0.178431 0.248039 -0.114706
v -0.349020 -0.090686 -0.030392
v -0.350980 -0.089706 -0.030637
v -0.345098 -0.090196 -0.029044
v -0.347059 -0.091667 -0.028309
v -0.350980 -0.093627 -0.030515
v 0.284314 0.146078 -0.198039
v 0.286275 0.146078 0.197059
v 0.288235 0.145098 0.197059
v 0.290196 0.141176 0.197059
v 0.286275 0.144118 -0.198039
v 0.284314 0.145098 0.201961
v 0.288235 0.144118 0.200980
v 0.272549 -0.188235 -0.284314
v 0.042402 -0.183333 -0.284314
v 0.043382 -0.190196 -0.286275
v 0.284314 -0.188235 -0.282353
v 0.274510 -0.182353 -0.284314
v 0.272549 -0.194118 -0.282353
v -0.541176 -0.080392 0.012194
v -0.686275 -0.082353 0.011213
v -0.686275 -0.081863 0.013971
v -0.541176 -0.079412 0.013971
v -0.952941 -0.119118 0.061520
v -0.988235 -0.198039 0.044608
v 0.231373 0.470588 -0.008640
v 0.233333 0.478431 -0.008027
v 0.232353 0.474510 -0.010662
v 0.231373 0.472549 -0.006526
v 0.788235 -0.115686 0.110784
v 0.784314 -0.118137 0.108333
v -0.356863 -0.048284 -0.046814
v -0.356863 -0.050980 -0.047059
v -0.362745 -0.049265 -0.048774
v -0.350980 -0.049020 -0.044608
v -0.350980 -0.050980 -0.045098
v -0.343137 -0.096569 -0.004350
v -0.347059 -0.096078 -0.002083
v -0.345098 -0.097059 -0.004994
v 0.366667 0.100980 0.168627
v 0.366667 -0.024020 0.167647
v 0.372549 0.100490 0.168627
v 0.073039 0.108333 0.168627
v 0.073039 0.101961 0.169608
v 0.370588 -0.143137 -0.213726
v 0.372549 -0.028186 -0.226471
v 0.603922 -0.025245 -0.135294
v 0.376471 -0.133333 -0.215686
v -0.756863 -0.470588 -0.039216
v -0.756863 -0.468627 -0.043627
v -0.452941 -0.470588 -0.097059
v 0.254902 0.266667 0.066176
v 0.245098 0.268627 0.067647
v 0.792157 -0.103922 0.016054
v 0.792157 -0.105882 0.010662
v 0.792157 -0.103922 0.010601
v 0.792157 -0.100000 0.015809
v 0.796079 -0.103922 0.108333
v 0.792157 -0.106373 0.017157
v -0.343137 -0.077941 0.016422
v -0.345098 -0.091177 0.017525
v -0.345098 -0.078431 0.014890
v 0.175490 0.240196 -0.126471
v 0.290196 0.244118 -0.121569
v 0.292157 0.244118 -0.122059
v 0.174510 0.243137 -0.122549
v 0.284314 -0.182353 0.282353
v 0.654902 -0.184314 0.247059
v 0.298039 -0.179412 0.280392
v 0.284314 -0.177451 0.282353
v 0.298039 -0.172549 0.282353
v 0.654902 -0.179412 0.247059
v -0.596078 -0.031863 -0.025735
v -0.592157 -0.036275 -0.028064
v -0.592157 -0.035294 -0.024877
v -0.600000 -0.031618 -0.024877
v -0.596078 -0.032598 -0.027206
v -0.952941 -0.470588 0.011458
v 0.182353 0.280392 -0.069608
v 0.178431 0.280392 -0.067647
v 0.200980 0.278431 -0.069608
v 0.183333 0.276471 -0.067647
v 0.178431 0.276471 -0.066177
v 0.784314 -0.100980 0.128431
v 0.784314 -0.099020 0.127451
v 0.784314 -0.098039 0.126471
v 0.784314 -0.100490 0.128431
v 0.784314 -0.104412 0.126471
v -0.350980 -0.038480 -0.021814
v -0.354902 -0.036275 -0.020098
v -0.350980 -0.039216 -0.018995
v -0.345098 -0.042892 -0.022426
v -0.345098 -0.041667 -0.023407
v -0.349020 -0.038235 -0.023652
v -0.354902 -0.035294 -0.022181
v 0.032598 -0.167647 -0.292157
v 0.032353 -0.162745 -0.292157
v 0.042402 -0.164706 -0.292157
v 0.020956 -0.165686 -0.292157
v 0.026716 -0.162745 -0.294118
v 0.705882 -0.468627 -0.108824
v 0.709804 -0.462745 -0.114216
v 0.956863 -0.456863 -0.054167
v 0.960784 -0.464706 -0.043137
v 0.709804 -0.466667 -0.104412
v -0.541176 -0.049755 0.037990
v -0.541176 -0.051471 0.033824
v -0.541176 -0.049510 0.038971
v -0.545098 -0.044118 0.036520
v -0.549020 -0.041912 -0.027573
v -0.552941 -0.044608 -0.026471
v -0.545098 -0.045833 -0.027941
v -0.541176 -0.045588 -0.029044
v 0.241176 0.480392 0.011642
v 0.242157 0.476471 0.014828
v 0.964706 -0.114216 -0.113235
v 0.976471 -0.193137 -0.144118
v -0.352941 -0.044363 0.018015
v -0.354902 -0.042402 0.016299
v -0.350980 -0.043382 0.018750
v -0.347059 -0.044608 0.021446
v -0.345098 -0.046569 0.019730
v -0.352941 -0.046814 0.015809
v -0.358824 -0.043873 0.015074
v -0.378431 -0.154902 0.075980
v 0.260784 -0.089216 0.245098
v 0.264706 -0.093137 0.247059
v 0.258824 -0.091176 0.248039
v 0.256863 -0.088725 0.248039
v 0.256863 -0.085294 0.246078
v 0.048529 0.091667 -0.073039
v 0.129412 0.091176 -0.136275
v 0.049020 0.090686 -0.066667
v 0.043137 0.093137 -0.072549
v 0.047549 0.093627 -0.075490
v 0.127451 0.094118 -0.140196
v 0.776471 -0.098529 0.118627
v 0.776471 -0.096078 0.122549
v 0.776471 -0.097059 0.119118
v 0.776471 -0.097549 0.122549
v 0.776471 -0.099510 0.116176
v 0.776471 -0.098039 0.120098
v 0.776471 -0.097059 0.115686
v -0.347059 -0.095098 -0.027451
v -0.347059 -0.096569 -0.027328
v -0.349020 -0.094118 -0.029657
v -0.345098 -0.092647 -0.027819
v 0.298039 -0.194118 -0.288235
v 0.298039 -0.194118 -0.282353
v 0.286275 -0.194118 -0.282353
v 0.647059 -0.193137 -0.258824
v 0.286275 -0.195098 -0.288235
v 0.298039 -0.189216 -0.288235
v -0.592157 -0.028431 0.017157
v -0.552941 -0.037255 0.015686
v -0.592157 -0.029902 0.019608
v -0.537255 -0.050490 -0.034804
v -0.541176 -0.051716 -0.031373
v -0.541176 -0.051961 -0.032843
v -0.541176 -0.046569 -0.031127
v -0.541176 -0.045343 -0.032353
v 0.256863 0.482353 0.002068
v 0.250980 0.484314 -0.001111
v 0.258824 0.482353 0.004687
v 0.256863 0.484314 0.003508
v 0.254902 0.482353 0.004810
v 0.792157 -0.108333 0.008150
v 0.792157 -0.108333 0.011458
v 0.792157 -0.106863 0.008701
v 0.792157 -0.110784 0.009436
v 0.124510 0.088235 0.144118
v 0.128431 0.087745 0.144118
v 0.125000 0.094118 0.144118
v 0.038971 0.093137 0.074020
v 0.039461 0.087745 0.075490
v 0.127451 0.085294 0.140196
v 0.284314 -0.162745 0.288235
v 0.274510 -0.162745 0.284314
v 0.274510 -0.162745 0.292157
v 0.288235 -0.166667 0.288235
v -0.686275 -0.102941 0.016912
v -0.686275 -0.101961 0.018628
v -0.682353 -0.103431 0.018137
v -0.686275 -0.102451 0.014277
v 0.214706 0.331373 -0.070098
v 0.201961 0.335294 -0.064216
v 0.788235 -0.114706 0.120588
v -0.347059 -0.060294 -0.020588
v -0.352941 -0.062255 -0.018995
v -0.349020 -0.060784 -0.023039
v -0.349020 -0.059314 -0.019363
v -0.350980 -0.061765 -0.018627
v 0.062745 -0.134314 -0.215686
v 0.352941 -0.136275 -0.219608
v 0.354902 -0.144118 -0.215686
v 0.596078 -0.010846 0.127451
v 0.588235 -0.009069 -0.117157
v 0.600000 -0.011213 0.118627
v 0.600000 -0.012255 -0.118627
v 0.588235 -0.009314 0.116667
v 0.776471 -0.095588 0.010172
v 0.772549 -0.095098 0.014890
v 0.780392 -0.093627 0.013113
v 0.780392 -0.095588 0.013297
v 0.768628 -0.096078 0.105882
v -0.537255 -0.026103 0.044118
v -0.360784 -0.038235 0.045833
v -0.541176 -0.027206 0.037990
v -0.537255 -0.023897 0.041177
v -0.760784 -0.478431 -0.032598
v -0.449020 -0.476471 0.089706
v 0.207843 0.117157 0.205882
v 0.206863 0.115196 0.203922
v 0.209804 0.113725 0.204902
v 0.288235 0.110784 0.195098
v 0.288235 0.113235 0.201961
v 0.210784 0.111275 0.200000
v 0.796079 -0.105882 -0.007261
v 0.792157 -0.103922 -0.007537
v 0.796079 -0.106373 -0.005270
v 0.796079 -0.108824 -0.010539
v 0.796079 -0.103922 -0.009436
v -0.349020 -0.062745 0.034069
v -0.349020 -0.061765 0.035784
v -0.350980 -0.062255 0.039216
v 0.262745 0.317647 -0.070098
v 0.258824 0.278431 -0.070588
v 0.288235 0.276471 -0.068137
v 0.376471 -0.147059 0.194118
v 0.380392 -0.146078 0.202941
v 0.370588 -0.146078 0.201961
v 0.366667 -0.147059 0.191176
v -0.686275 -0.096078 -0.023039
v -0.686275 -0.100000 -0.020221
v -0.682353 -0.097059 -0.023407
v 0.240196 0.480392 0.013174
v 0.238235 0.476471 0.015135
v 0.240196 0.478431 0.013848
v 0.237255 0.480392 0.010846
v 0.236275 0.476471 0.013542
v 0.243137 0.484314 0.010049
v 0.788235 -0.111275 -0.008150
v 0.784314 -0.113725 -0.008762
v 0.788235 -0.113235 -0.008946
v 0.788235 -0.109804 -0.006618
v -0.350980 -0.050735 0.014216
v -0.347059 -0.049020 0.018015
v -0.350980 -0.048284 0.014890
v -0.347059 -0.047794 0.018995
v -0.356863 -0.045833 0.014522
v 0.007047 -0.188235 0.290196
v 0.006801 -0.192157 0.290196
v 0.018137 -0.189216 0.294118
v 0.468627 -0.024142 -0.097059
v 0.776471 -0.107843 0.116667
v 0.772549 -0.108824 0.113725
v 0.772549 -0.109804 0.114706
v 0.776471 -0.107353 0.120588
v -0.549020 -0.029412 -0.040196
v -0.517647 -0.100000 0.022549
v -0.541176 -0.101471 0.022304
v -0.349020 -0.104412 0.024020
v 0.262745 0.323529 -0.068628
v 0.282353 0.323529 -0.068137
v 0.252941 0.317647 -0.070098
v 0.256863 0.323529 -0.068628
v 0.976471 -0.101961 0.119118
v 0.964706 -0.098039 0.108824
v 0.153922 0.333333 -0.036029
v 0.154902 0.329412 -0.044118
v 0.151961 0.329412 -0.040441
v 0.157843 0.333333 -0.037500
v 0.157843 0.335294 -0.032843
v 0.001945 -0.128431 -0.300000
v 0.713726 -0.209804 -0.245098
v 0.717647 -0.117157 -0.246078
v 0.001578 -0.122549 -0.300000
v 0.354902 0.252941 0.046814
v 0.358824 0.245098 0.046323
v 0.358824 0.240196 0.041667
v 0.360784 0.248039 0.041912
v 0.358824 0.248039 -0.038971
v 0.337255 0.284314 -0.041667
v 0.358824 0.243137 -0.038726
v 0.378431 -0.146078 -0.201961
v 0.596078 -0.144118 -0.123039
v 0.603922 -0.142157 -0.117647
v -0.600000 -0.026961 0.038480
v 0.204902 0.272549 0.067157
v 0.183333 0.274510 0.066667
v 0.184314 0.274510 0.061520
v 0.182353 0.272549 -0.060539
v 0.200980 0.274510 0.062255
v 0.200000 0.272549 -0.060294
v 0.784314 -0.096078 0.005882
v 0.788235 -0.095588 0.002512
v 0.784314 -0.095588 0.005086
v 0.788235 -0.095098 0.005852
v 0.792157 -0.096569 0.005545
v 0.788235 -0.094608 0.007751
v 0.788235 -0.093137 0.008824
v -0.165686 0.037255 0.081373
v -0.155882 0.032476 0.079902
v -0.150000 0.037990 0.070098
v -0.252941 0.039216 0.079902
v -0.345098 -0.079412 0.011765
v -0.343137 -0.080392 0.010417
v -0.350980 -0.077941 0.009681
v -0.349020 -0.076961 0.010417
v -0.350980 -0.075980 0.012316
v 0.296078 0.253922 -0.137255
v 0.292157 0.248039 -0.140196
v 0.290196 0.253922 -0.138235
v 0.294118 0.256863 -0.132353
v 0.298039 0.256863 -0.131373
v 0.776471 -0.110784 0.125000
v 0.776471 -0.110784 0.122549
v 0.780392 -0.110784 0.125000
v 0.780392 -0.108333 0.127451
v 0.776471 -0.108824 0.124020
v 0.776471 -0.108333 0.126471
v 0.780392 -0.109314 0.125490
v -0.549020 -0.040931 -0.018872
v -0.545098 -0.042157 -0.018995
v -0.619608 -0.102451 0.029534
v -0.619608 -0.088725 0.030270
v 0.243137 0.323529 -0.018015
v 0.244118 0.319608 -0.015809
v 0.242157 0.323529 -0.017525
v 0.246078 0.321569 -0.018750
v 0.247059 0.319608 -0.015931
v 0.972549 -0.474510 0.059069
v 0.972549 -0.476471 0.050490
v 0.709804 -0.470588 0.127451
v 0.972549 -0.468627 0.064216
v 0.976471 -0.474510 0.054902
v -0.032108 -0.138235 -0.127451
v -0.034069 -0.033578 -0.133333
v 0.055882 -0.025368 -0.221569
v 0.053677 -0.031373 -0.222549
v 0.055147 -0.136275 -0.206863
v -0.350980 -0.099020 -0.003431
v -0.352941 -0.096569 -0.002298
v -0.517647 -0.098529 -0.003860
v -0.350980 -0.101961 -0.004779
v -0.345098 -0.100000 -0.005147
v -0.345098 -0.098529 -0.005147
v 0.333333 -0.052206 0.258824
v 0.337255 -0.055637 0.258824
v 0.343137 -0.054412 0.250980
v 0.268627 -0.053431 0.266667
v 0.252941 -0.058824 -0.252941
v 0.258824 -0.061765 -0.264706
v 0.258824 -0.081863 -0.262745
v 0.254902 -0.054902 -0.250000
v 0.252941 -0.059804 -0.250000
v 0.254902 -0.084314 -0.254902
v 0.254902 -0.054412 -0.254902
v -0.996078 -0.199020 -0.060294
v 0.136275 0.091667 0.136275
v 0.135294 0.090196 0.125000
v 0.315686 0.089706 0.128431
v 0.130392 0.091667 0.133333
v 0.317647 0.092157 0.136275
v 0.138235 0.094118 0.141176
v 0.134314 0.095098 0.140196
v -0.362745 -0.050490 0.051226
v -0.541176 -0.037990 0.049755
v -0.362745 -0.053922 0.049755
v -0.356863 -0.054167 0.049755
v -0.362745 -0.048039 0.052206
v -0.356863 -0.050980 0.050245
v -0.345098 -0.102451 0.022672
v 0.358824 -0.022059 -0.222549
v 0.364706 -0.026471 -0.223529
v 0.352941 -0.021691 -0.224510
v 0.354902 -0.018628 -0.218627
v 0.776471 -0.101471 0.125490
v 0.776471 -0.103922 0.125490
v 0.776471 -0.100000 0.127451
v 0.776471 -0.099020 0.126471
v 0.776471 -0.101961 0.125490
v 0.780392 -0.100980 0.125000
v 0.772549 -0.100000 0.123529
v 0.776471 -0.100000 0.123039
v -0.592157 -0.014706 -0.025000
v -0.596078 -0.018015 -0.027573
v -0.596078 -0.018260 -0.025490
v -0.596078 -0.015931 -0.023897
v -0.541176 -0.099020 0.025858
v 0.254902 0.272549 -0.066667
v 0.215686 0.274510 -0.066667
v 0.252941 0.274510 -0.069118
v 0.254902 0.272549 -0.062500
v 0.792157 -0.100490 0.107843
v 0.796079 -0.097549 0.105882
v 0.796079 -0.101961 0.108824
v 0.792157 -0.100000 0.017525
v 0.792157 -0.096569 0.108824
v 0.792157 -0.101471 0.105392
v 0.069118 0.113725 -0.168627
v 0.366667 0.112255 -0.169608
v 0.366667 0.108333 -0.174510
v 0.071078 0.109314 -0.172549
v 0.064706 0.109804 -0.171569
v -0.349020 -0.075980 -0.015686
v -0.349020 -0.076471 -0.012745
v -0.343137 -0.078431 -0.013787
v -0.517647 -0.078431 -0.017279
v -0.343137 -0.077941 -0.015809
v 0.262745 0.327451 0.073039
v 0.262745 0.276471 0.074510
v 0.288235 0.276471 0.075000
v 0.290196 0.321569 0.074510
v 0.284314 0.321569 0.074020
v 0.264706 0.323529 0.074510
v 0.286275 0.327451 0.073529
v 0.298039 -0.166667 -0.282353
v 0.643137 -0.163725 -0.250980
v 0.284314 -0.168627 -0.282353
v 0.296078 -0.169608 -0.282353
v 0.654902 -0.166667 -0.250000
v -0.600000 -0.030392 0.024755
v -0.600000 -0.028922 0.024510
v -0.592157 -0.033824 0.022672
v -0.592157 -0.032353 0.020833
v -0.682353 -0.102941 -0.018505
v -0.537255 -0.100000 -0.019363
v -0.682353 -0.101961 -0.017402
v -0.686275 -0.102451 -0.018382
v 0.204902 0.278431 0.071078
v 0.213726 0.319608 0.071569
v 0.201961 0.317647 0.072059
v 0.186275 0.280392 0.071569
v 0.204902 0.276471 0.070098
v 0.792157 -0.097059 -0.007812
v 0.788235 -0.096569 -0.006955
v 0.788235 -0.095098 -0.005025
v 0.792157 -0.096569 -0.006832
v 0.788235 -0.098529 -0.009007
v 0.149020 0.325490 0.036765
v 0.111275 0.252941 0.041176
v 0.112255 0.247059 0.044118
v 0.260784 -0.082843 0.262745
v 0.268627 -0.089706 0.262745
v 0.264706 -0.081863 0.264706
v 0.362745 0.241176 -0.050980
v 0.360784 0.243137 -0.051226
v 0.358824 0.241176 0.051471
v 0.776471 -0.116667 0.111765
v 0.780392 -0.113725 0.115196
v 0.776471 -0.114216 0.111275
v 0.772549 -0.117647 0.108824
v 0.776471 -0.116667 0.110294
v 0.772549 -0.116176 0.108824
v 0.784314 -0.116176 0.110784
v 0.780392 -0.113235 0.113235
v -0.545098 -0.043873 -0.035049
v -0.541176 -0.049020 -0.039216
v -0.545098 -0.045588 -0.033823
v -0.552941 -0.041667 -0.036274
v -0.545098 -0.042892 -0.036029
v -0.549020 -0.042157 0.032353
v -0.549020 -0.043382 0.030270
v -0.541176 -0.045588 0.030270
v -0.552941 -0.045098 0.032843
v -0.545098 -0.045343 0.031618
v 0.252941 0.484314 -0.012132
v 0.254902 0.482353 -0.011029
v 0.252941 0.484314 -0.008088
v 0.980392 -0.337255 0.156863
v 0.984314 -0.193137 0.173529
v 0.968628 -0.106863 0.125490
v 0.972549 -0.107843 0.123039
v 0.996078 -0.192157 0.165686
v -0.350980 -0.047059 -0.012439
v -0.362745 -0.180392 -0.245098
v -0.356863 -0.180392 -0.244118
v -0.358824 -0.184314 -0.243137
v 0.366667 -0.037745 0.152941
v 0.065196 -0.035049 0.160784
v 0.376471 -0.035049 0.160784
v 0.065686 -0.037500 0.151961
v 0.211765 -0.035784 -0.000647
v 0.370588 -0.147059 -0.201961
v 0.370588 -0.148039 -0.193137
v 0.358824 -0.147059 -0.200000
v -0.952941 -0.472549 0.006219
v -0.956863 -0.480392 -0.010417
v 0.204902 0.114706 -0.203922
v 0.202941 0.117157 -0.203922
v 0.201961 0.118627 -0.201961
v 0.203922 0.137255 -0.200980
v 0.201961 0.115686 -0.202941
v 0.207843 0.116176 -0.204902
v 0.208824 0.138235 -0.203922
v 0.788235 -0.107843 0.126471
v 0.788235 -0.105882 0.129412
v 0.788235 -0.109314 0.124020
v 0.788235 -0.107843 0.125490
v 0.780392 -0.110784 0.123529
v 0.788235 -0.110784 0.122549
v 0.784314 -0.108824 0.124510
v 0.784314 -0.106863 0.128431
v -0.354902 -0.035539 -0.033333
v -0.350980 -0.037745 -0.034069
v -0.358824 -0.033578 -0.035784
v -0.360784 -0.032843 -0.031863
v -0.354902 -0.035539 -0.030515
v -0.350980 -0.037745 -0.030392
v 0.002681 -0.120098 -0.290196
v 0.000245 -0.123529 -0.296078
v 0.329412 0.286275 0.054657
v 0.354902 0.250000 0.052941
v 0.356863 0.250000 0.050490
v 0.327451 0.296078 0.053431
v 0.290196 0.300000 0.082353
v 0.290196 0.294118 0.084804
v 0.329412 0.294118 0.049755
v 0.776471 -0.109804 -0.002987
v 0.776471 -0.108824 -0.004718
v 0.776471 -0.111765 -0.003661
v 0.780392 -0.112255 -0.000770
v -0.549020 -0.026471 0.041422
v -0.552941 -0.023529 0.042157
v -0.552941 -0.024510 0.044363
v -0.556863 -0.026716 0.044363
v -0.596078 -0.021691 0.040931
v -0.596078 -0.019363 0.040196
v -0.541176 -0.085784 -0.003845
v -0.517647 -0.084804 -0.005208
v -0.517647 -0.082353 -0.005362
v -0.541176 -0.085784 0.000170
v -0.517647 -0.085294 -0.002819
v 0.254902 0.331373 0.071078
v 0.254902 0.329412 0.072059
v 0.260784 0.331373 0.071078
v 0.984314 -0.337255 0.125490
v 0.980392 -0.466667 0.053677
v -0.013664 -0.035049 0.093627
v -0.358824 -0.170588 0.233333
v -0.364706 -0.171569 0.232353
v -0.362745 -0.166667 0.232353
v 0.007230 -0.182353 0.284314
v -0.358824 -0.164706 0.233333
v -0.358824 -0.175490 0.233333
v 0.325490 0.094608 -0.143137
v 0.325490 0.099510 -0.146078
v 0.333333 0.099510 -0.142157
v 0.319608 0.094608 -0.145098
v 0.317647 0.100000 -0.146078
v 0.327451 0.094118 -0.141176
v 0.325490 0.092647 -0.136275
v 0.317647 0.090686 -0.138235
v 0.733333 -0.077451 0.108333
v 0.733333 -0.077451 0.102451
v 0.733333 -0.078431 0.107353
v 0.232353 0.478431 -0.001815
v 0.233333 0.478431 -0.003064
v 0.231373 0.474510 -0.001088
v 0.230392 0.474510 0.001746
v 0.234314 0.482353 -0.000521
v 0.232353 0.480392 0.001294
v 0.780392 -0.113725 0.116176
v 0.788235 -0.113725 0.115196
v 0.784314 -0.114706 0.121078
v 0.780392 -0.113725 0.114216
v 0.784314 -0.114216 0.121078
v 0.780392 -0.112745 0.121078
v -0.349020 -0.048775 -0.041912
v -0.350980 -0.046814 -0.044118
v 0.001991 -0.468627 -0.200000
v -0.464706 -0.339216 -0.177451
v -0.452941 -0.468627 -0.097059
v -0.452941 -0.466667 -0.101471
v 0.005545 -0.470588 -0.195098
v 0.588235 -0.024755 0.128431
v 0.370588 -0.027083 0.219608
v 0.592157 -0.033088 0.128431
v 0.366667 -0.021691 0.217647
v 0.600000 -0.027941 0.123529
v 0.584314 -0.021569 0.123039
v 0.654902 -0.163725 -0.247059
v 0.658824 -0.165686 -0.246078
v 0.296078 -0.162745 -0.284314
v -0.549020 -0.028431 0.017525
v -0.545098 -0.030147 0.019240
v -0.541176 -0.032108 0.017770
v -0.552941 -0.029657 0.014216
v -0.552941 -0.027206 0.015686
v -0.549020 -0.026961 0.019240
v -0.549020 -0.031373 0.017279
v 0.236275 0.319608 0.005882
v 0.235294 0.317647 0.002298
v 0.237255 0.319608 0.006710
v 0.792157 -0.097549 -0.003140
v 0.796079 -0.098529 -0.002865
v 0.792157 -0.097059 -0.002711
v -0.005821 0.109804 0.090196
v -0.350980 -0.102941 0.025858
v -0.517647 -0.099510 0.026226
v -0.517647 -0.100000 0.025245
v -0.541176 -0.100000 0.023652
v 0.262745 0.327451 -0.066177
v 0.284314 0.325490 -0.066667
v 0.252941 0.327451 -0.066667
v -0.000387 -0.354902 0.264706
v 0.002420 -0.474510 0.211765
v 0.705882 -0.350980 0.219608
v -0.968628 -0.117157 -0.051716
v 0.040196 0.091667 -0.068137
v 0.049020 0.091177 0.065196
v 0.709804 -0.474510 0.122059
v -0.001448 -0.476471 0.208824
v 0.709804 -0.476471 0.107353
v -0.364706 -0.057598 -0.045833
v -0.362745 -0.054412 -0.047794
v -0.362745 -0.059804 -0.045343
v -0.541176 -0.047059 -0.041176
v -0.356863 -0.058824 -0.043627
v 0.382353 -0.024755 0.161765
v 0.378431 0.099510 0.164706
v 0.374510 -0.023897 0.166667
v 0.331373 -0.092157 -0.252941
v 0.341176 -0.089216 -0.252941
v 0.343137 -0.088726 -0.244118
v 0.345098 -0.087255 -0.250980
v -0.592157 -0.015931 0.025000
v -0.592157 -0.017524 0.023407
v -0.600000 -0.019608 0.025858
v -0.596078 -0.018627 0.027574
v -0.592157 -0.015441 0.025858
v -0.552941 -0.019118 0.024510
v -0.552941 -0.019240 0.022672
v 0.000636 -0.480392 -0.218627
v 0.258824 0.319608 0.003002
v 0.258824 0.319608 0.000083
v 0.796079 -0.102941 -0.003431
v 0.796079 -0.103431 0.001065
v 0.792157 -0.104902 0.001210
v 0.796079 -0.104902 -0.003753
v 0.792157 -0.102451 -0.006373
v 0.792157 -0.100000 -0.005790
v 0.796079 -0.100490 -0.003033
v 0.282353 0.294118 -0.086275
v 0.288235 0.294118 -0.084804
v 0.292157 0.248039 -0.114216
v 0.278431 0.296078 -0.085784
v 0.288235 0.247059 -0.114706
v 0.288235 -0.172549 0.284314
v 0.274510 -0.176471 0.282353
v 0.274510 -0.170588 0.284314
v 0.288235 -0.167647 0.282353
v 0.298039 -0.169608 0.282353
v -0.600000 -0.031863 -0.023774
v -0.592157 -0.035784 -0.022059
v -0.592157 -0.035784 -0.020098
v -0.600000 -0.030637 -0.021569
v -0.600000 -0.031863 -0.023529
v -0.541176 -0.100490 0.010723
v -0.682353 -0.101471 0.010968
v -0.541176 -0.100000 0.008824
v 0.268627 0.301961 -0.083333
v 0.784314 -0.095588 0.122549
v 0.784314 -0.096078 0.123039
v 0.085294 0.256863 -0.056128
v 0.083333 0.258824 -0.050735
v 0.090686 0.258824 -0.058824
v 0.256863 -0.087745 -0.254902
v 0.256863 -0.087745 -0.252941
v 0.260784 -0.087255 -0.262745
v 0.258824 -0.090196 -0.252941
v 0.366667 0.235294 0.050490
v 0.413726 0.098529 0.069608
v 0.776471 -0.116176 0.008824
v 0.780392 -0.114706 0.006281
v 0.780392 -0.113235 0.003707
v 0.780392 -0.113235 0.004749
v 0.776471 -0.115686 0.011458
v -0.541176 -0.043873 0.046814
v -0.541176 -0.045833 0.045343
v -0.541176 -0.040441 0.040686
v -0.545098 -0.041667 0.039951
v -0.552941 -0.040931 -0.016176
v 0.248039 0.470588 0.017279
v 0.792157 -0.111765 -0.007904
v 0.796079 -0.109314 -0.005086
v 0.792157 -0.110294 -0.001662
v 0.796079 -0.109804 -0.008395
v 0.792157 -0.111275 -0.007322
v -0.033333 -0.024387 0.119118
v -0.025000 -0.020833 0.118627
v -0.037990 -0.028431 0.119118
v 0.460784 -0.035294 -0.097059
v 0.372549 -0.141176 0.207843
v 0.380392 -0.141176 0.206863
v 0.370588 -0.136275 0.211765
v 0.360784 -0.135294 0.212745
v 0.360784 -0.141176 0.209804
v 0.174510 0.268627 0.065686
v 0.176471 0.268627 0.070588
v 0.181373 0.270588 0.070588
v 0.177451 0.270588 0.073529
v 0.181373 0.266667 0.066176
v 0.792157 -0.107353 -0.007721
v 0.792157 -0.109804 -0.007169
v 0.792157 -0.107353 -0.009865
v -0.354902 -0.040686 0.018137
v -0.362745 -0.042157 0.013664
v -0.360784 -0.039706 0.015196
v -0.480392 -0.204902 0.196078
v -0.002865 -0.207843 0.268627
v -0.474510 -0.118627 0.209804
v 0.354902 0.248039 -0.050000
v 0.358824 0.249020 -0.044853
v 0.358824 0.245098 -0.045098
v 0.352941 0.249020 -0.051471
v -0.552941 -0.040686 -0.037745
v -0.552941 -0.038971 -0.039461
v -0.517647 -0.081863 0.024878
v -0.517647 -0.083333 0.027819
v -0.350980 -0.080882 0.027941
v -0.349020 -0.078922 0.025980
v -0.517647 -0.080882 0.022794
v 0.258824 0.476471 -0.013052
v 0.254902 0.470588 -0.015319
v 0.256863 0.476471 -0.014461
v 0.976471 -0.468627 0.067157
v 0.972549 -0.339216 0.147059
v 0.006587 -0.176471 -0.290196
v -0.356863 -0.169608 -0.244118
v 0.007016 -0.170588 -0.290196
v 0.413726 0.095098 0.067647
v 0.411765 0.094118 0.068627
v 0.411765 0.097059 0.060539
v 0.776471 -0.099510 -0.006464
v 0.776471 -0.098039 -0.004933
v 0.772549 -0.097059 -0.004871
v 0.776471 -0.099020 -0.006679
v -0.682353 -0.090196 -0.025613
v -0.686275 -0.092157 -0.022549
v -0.686275 -0.093137 -0.025490
v 0.239216 0.482353 0.008211
v 0.238235 0.482353 0.007138
v 0.236275 0.482353 0.009620
v 0.243137 0.484314 0.007843
v 0.241176 0.484314 0.005576
v 0.784314 -0.117647 0.019730
v -0.170588 -0.148039 0.127451
v -0.143137 -0.023774 0.117647
v -0.184314 -0.148039 0.138235
v -0.172549 -0.025858 0.138235
v -0.296078 -0.026838 0.137255
v -0.150000 -0.151961 0.102451
v -0.168627 -0.153922 0.117157
v -0.159804 -0.156863 0.105392
v -0.149020 -0.147059 0.109314
v -0.142157 -0.147059 0.100980
v -0.148039 -0.152941 0.099020
v 0.356863 -0.026348 -0.227451
v 0.776471 -0.105882 0.124510
v -0.549020 -0.021814 -0.023162
v -0.541176 -0.024755 -0.022672
v -0.541176 -0.024632 -0.024632
v -0.552941 -0.021814 -0.025000
v -0.552941 -0.018015 -0.024632
v -0.752941 -0.337255 0.103922
v -0.752941 -0.464706 0.043137
v -0.464706 -0.343137 0.179412
v 0.250980 0.280392 -0.070588
v 0.213726 0.274510 -0.068628
v 0.211765 0.280392 -0.070588
v 0.788235 -0.095588 0.106863
v 0.788235 -0.094118 0.106373
v 0.784314 -0.094118 0.109804
v 0.792157 -0.093627 0.108824
v 0.788235 -0.094118 0.113725
v 0.788235 -0.094608 0.108333
v 0.364706 0.115196 -0.161765
v 0.060294 0.113725 -0.165686
v -0.541176 -0.051471 -0.021569
v 0.290196 0.121078 0.200000
v 0.288235 0.138235 0.200980
v 0.288235 0.120098 0.200980
v 0.290196 0.118627 0.200000
v 0.042157 -0.193137 -0.286275
v 0.274510 -0.194118 -0.292157
v 0.042402 -0.193137 -0.292157
v 0.033088 -0.193137 -0.284314
v -0.686275 -0.081863 0.018995
v -0.541176 -0.080392 0.023162
v -0.682353 -0.081373 0.017279
v -0.686275 -0.083333 0.018628
v -0.686275 -0.091667 0.014645
v -0.541176 -0.080392 0.020956
v 0.226471 0.086765 -0.000393
v 0.049755 0.091177 0.070588
v 0.776471 -0.094608 0.007322
v -0.358824 -0.033823 0.039216
v -0.541176 -0.020956 0.037255
v -0.360784 -0.035539 0.044118
v -0.354902 -0.037990 0.043137
v -0.354902 -0.037010 0.039706
v -0.345098 -0.096078 0.005576
v -0.345098 -0.096078 0.006863
v -0.349020 -0.096569 0.005208
v -0.349020 -0.095098 0.004044
v -0.345098 -0.093137 0.004841
v 0.298039 0.117647 -0.200000
v 0.972549 -0.339216 0.137255
v -0.596078 -0.032108 -0.028554
v -0.596078 -0.032353 -0.029657
v -0.596078 -0.037010 -0.033333
v -0.541176 -0.051716 0.029412
v -0.541176 -0.051961 0.026226
v 0.258824 0.480392 -0.007353
v 0.260784 0.478431 -0.011152
v 0.258824 0.482353 -0.009252
v 0.254902 0.482353 -0.006832
v 0.262745 0.480392 -0.008640
v 0.260784 0.482353 -0.005852
v 0.968628 -0.114216 -0.094608
v 0.960784 -0.111765 0.110294
v 0.052941 -0.023284 -0.169608
v 0.057843 0.102451 -0.168627
v 0.058333 -0.023039 -0.173529
v 0.058823 -0.029412 -0.171569
v 0.065196 0.102941 -0.172549
v -0.345098 -0.102941 -0.009375
v -0.345098 -0.102451 -0.007812
v -0.349020 -0.104412 -0.009620
v -0.350980 -0.103431 -0.007843
v 0.352941 -0.122549 -0.223529
v 0.062745 -0.026716 -0.230392
v 0.349020 -0.024632 -0.232353
v 0.366667 -0.135294 -0.216667
v 0.360784 -0.026103 -0.232353
v -0.592157 -0.035539 -0.023897
v -0.552941 -0.044853 -0.023652
v 0.244118 0.472549 0.016544
v 0.246078 0.472549 0.016912
v 0.244118 0.470588 0.017279
v 0.246078 0.321569 0.018260
v 0.968628 -0.335294 -0.111275
v 0.976471 -0.190196 -0.123039
v -0.347059 -0.052941 0.018505
v -0.347059 -0.050735 0.018015
v -0.347059 -0.053677 0.019240
v -0.350980 -0.052941 0.015686
v 0.040196 -0.161765 0.294118
v 0.030025 -0.166667 0.296078
v 0.041912 -0.165686 0.296078
v 0.449020 0.107353 0.087745
v 0.780392 -0.096569 0.124020
v -0.545098 -0.025613 -0.029289
v -0.545098 -0.024632 -0.027206
v -0.537255 -0.020098 -0.029902
v -0.450980 -0.462745 0.095588
v -0.464706 -0.339216 0.163725
v 0.211765 0.116667 -0.201961
v 0.284314 0.118627 -0.204902
v 0.284314 0.116667 -0.201961
v 0.207843 0.118137 -0.200000
v 0.792157 -0.105882 0.126471
v 0.792157 -0.107843 0.124020
v 0.097549 0.238235 0.050490
v 0.096569 0.237255 -0.050490
v 0.043382 0.099020 -0.074020
v -0.354902 -0.157843 -0.244118
v 0.007414 -0.160784 -0.284314
v -0.360784 -0.159804 -0.243137
v -0.354902 -0.162745 -0.246078
v -0.358824 -0.156863 -0.239216
v 0.292157 0.278431 0.061765
v 0.294118 0.278431 -0.062500
v 0.292157 0.319608 -0.060049
v 0.372549 -0.142157 -0.206863
v 0.356863 -0.142157 -0.208824
v 0.354902 -0.146078 -0.204902
v -0.600000 -0.028922 0.037500
v -0.600000 -0.029167 0.037745
v -0.596078 -0.033578 0.039461
v -0.596078 -0.031618 0.042157
v 0.784314 -0.115196 0.121569
v 0.784314 -0.114706 0.121569
v 0.784314 -0.114706 0.122549
v 0.784314 -0.114216 0.121569
v 0.780392 -0.114216 0.121569
v -0.350980 -0.046078 -0.013787
v -0.350980 -0.043382 -0.015073
v -0.356863 -0.044363 -0.011274
v 0.000774 -0.474510 -0.207843
v 0.709804 -0.468627 -0.131373
v 0.004197 -0.433333 -0.252941
v 0.460784 -0.030882 0.098039
v 0.380392 -0.031127 0.161765
v 0.460784 -0.035294 0.095098
v 0.776471 -0.110784 0.008946
v 0.772549 -0.109314 0.008027
v -0.517647 -0.100980 -0.009620
v -0.350980 -0.105392 -0.012194
v -0.350980 -0.104412 -0.010110
v -0.517647 -0.100000 -0.007108
v 0.256863 0.276471 0.075000
v 0.980392 -0.100980 -0.097549
v 0.980392 -0.100000 0.112255
v 0.156863 0.329412 0.045588
v 0.152941 0.331373 0.034559
v 0.178431 0.305882 0.080392
v 0.183333 0.305882 0.082353
v 0.150980 0.325490 0.042892
v 0.154902 0.321569 0.047794
v -0.352941 -0.088725 0.033333
v -0.347059 -0.090196 0.030882
v -0.350980 -0.087255 0.032353
v -0.350980 -0.091667 0.033088
v -0.345098 -0.092647 0.030025
v 0.288235 0.239216 -0.109314
v 0.292157 0.241176 -0.115196
v 0.294118 0.239216 -0.107353
v 0.298039 0.242157 -0.109314
v 0.352941 0.239216 -0.047059
v 0.290196 0.239216 -0.101961
v 0.352941 0.242157 -0.050000
v 0.737255 -0.195098 0.102451
v 0.737255 -0.195098 0.022304
v 0.741176 -0.198039 0.100980
v 0.737255 -0.189216 0.020343
v 0.733333 -0.188235 0.102451
v 0.737255 -0.194118 0.106863
v 0.173529 0.276471 -0.060049
v 0.176471 0.274510 0.062500
v 0.172549 0.278431 -0.059314
v 0.177451 0.272549 -0.064216
v 0.174510 0.276471 -0.065196
v 0.178431 0.272549 0.061520
v 0.780392 -0.094118 0.114706
v 0.780392 -0.097059 0.116176
v 0.788235 -0.095098 0.114216
v 0.784314 -0.094608 0.111765
v 0.252941 -0.057353 -0.247059
v 0.254902 -0.084314 -0.250980
v 0.254902 -0.058578 -0.246078
v 0.292157 0.321569 0.072059
v 0.298039 0.276471 0.071569
v 0.294118 0.276471 0.074510
v 0.654902 -0.172549 -0.254902
v 0.298039 -0.178431 -0.288235
v 0.662745 -0.171569 -0.250980
v 0.662745 -0.177451 -0.250980
v 0.654902 -0.167647 -0.252941
v 0.654902 -0.177451 -0.252941
v -0.360784 -0.047059 0.012500
v -0.537255 -0.034069 0.012561
v -0.674510 -0.086765 -0.031863
v -0.674510 -0.084314 -0.030147
v -0.674510 -0.100980 -0.029534
v -0.619608 -0.100490 -0.033088
v 0.235294 0.323529 0.013174
v 0.237255 0.319608 0.012071
v 0.964706 -0.468627 -0.043382
v 0.968628 -0.466667 0.051226
v 0.960784 -0.468627 -0.044118
v -0.349020 -0.099020 0.030392
v -0.350980 -0.101471 0.028309
v -0.347059 -0.098039 0.028431
v -0.350980 -0.097549 0.031128
v -0.347059 -0.100000 0.027574
v 0.270588 -0.059314 0.268627
v 0.323529 -0.062255 0.266667
v 0.262745 -0.060294 0.268627
v 0.272549 -0.061274 0.270588
v -0.964706 -0.474510 0.013419
v -0.976471 -0.333333 0.051716
v -0.984314 -0.333333 0.046078
v -0.968628 -0.474510 0.008517
v -0.968628 -0.478431 0.012255
v 0.713726 -0.113235 0.264706
v 0.713726 -0.196078 0.266667
v -0.358824 -0.036275 -0.016789
v -0.356863 -0.038480 -0.017892
v -0.358824 -0.035049 -0.019730
v 0.290196 0.323529 0.066667
v 0.288235 0.327451 0.061520
v 0.290196 0.323529 0.061765
v 0.776471 -0.107353 -0.005331
v -0.596078 -0.022426 0.042892
v -0.600000 -0.023529 0.037255
v -0.556863 -0.027328 0.045343
v -0.596078 -0.023897 0.043382
v -0.600000 -0.023774 0.038480
v -0.686275 -0.081863 -0.017034
v 0.256863 0.329412 0.063725
v 0.258824 0.327451 -0.063235
v 0.250980 0.327451 -0.063235
v 0.215686 0.327451 0.067647
v 0.254902 0.325490 0.067647
v 0.282353 0.327451 -0.061520
v 0.988235 -0.470588 -0.060294
v 0.980392 -0.337255 -0.149020
v 0.988235 -0.337255 -0.140196
v -0.014828 -0.035784 -0.091177
v -0.016054 -0.035784 0.087255
v -0.021691 -0.031128 -0.090686
v -0.021324 -0.030882 0.087255
v -0.360784 -0.183333 0.232353
v -0.360784 -0.184314 0.239216
v -0.364706 -0.181373 0.232353
v 0.409804 0.098039 -0.075490
v 0.413726 0.097549 -0.069608
v 0.407843 0.093137 -0.075000
v 0.600000 -0.034069 0.126471
v 0.378431 -0.136275 0.209804
v 0.596078 -0.139216 0.129412
v 0.240196 0.480392 -0.010723
v 0.235294 0.482353 -0.009559
v 0.241176 0.484314 -0.006526
v 0.237255 0.478431 -0.013542
v 0.236275 0.478431 -0.012316
v 0.242157 0.480392 -0.010846
v 0.788235 -0.114216 0.107843
v 0.792157 -0.114216 0.107353
v 0.792157 -0.113725 0.107843
v 0.792157 -0.112745 0.109804
v 0.788235 -0.114216 0.111275
v 0.784314 -0.115686 0.110784
v 0.784314 -0.115686 0.108333
v 0.792157 -0.116176 0.106863
v -0.148039 -0.147059 -0.110294
v -0.452941 -0.470588 -0.091667
v 0.004442 -0.468627 -0.195098
v 0.709804 -0.470588 -0.115196
v 0.709804 -0.470588 -0.108333
v -0.000337 -0.472549 0.199020
v 0.376471 -0.135294 0.214706
v 0.374510 -0.028676 0.227451
v 0.603922 -0.025368 0.133333
v 0.607843 -0.138235 0.132353
v 0.374510 -0.019240 0.224510
v 0.600000 -0.016422 0.131373
v 0.705882 -0.205882 -0.225490
v -0.000712 -0.129412 -0.288235
v 0.956863 -0.119118 -0.103922
v 0.968628 -0.191176 -0.121569
v 0.713726 -0.119608 -0.233333
v 0.956863 -0.112745 -0.100980
v -0.552941 -0.025368 0.021446
v -0.541176 -0.028431 0.021569
v -0.674510 -0.102451 -0.031618
v -0.615686 -0.100490 -0.029044
v -0.615686 -0.086765 -0.031005
v 0.250980 0.321569 0.019118
v 0.250980 0.321569 0.018260
v 0.250980 0.470588 0.017279
v 0.248039 0.319608 0.018872
v 0.249020 0.319608 0.016299
v 0.250000 0.319608 0.017647
v 0.823529 -0.069118 0.021324
v 0.823529 -0.069608 0.104412
v 0.819608 -0.073529 0.103922
v 0.156863 0.253922 0.131373
v 0.154902 0.248039 0.135294
v 0.160784 0.246078 0.138235
v 0.164706 0.247059 0.138235
v -0.358824 -0.063235 0.023162
v -0.356863 -0.062255 0.020956
v -0.352941 -0.061274 0.019730
v -0.360784 -0.064216 0.023407
v -0.360784 -0.062745 0.021691
v 0.284314 0.145098 -0.201961
v 0.272549 -0.181373 0.284314
v 0.042402 -0.177451 0.286275
v 0.040686 -0.170588 0.288235
v -0.686275 -0.082353 -0.013725
v -0.686275 -0.081863 -0.016667
v -0.686275 -0.083333 -0.013358
v 0.229412 0.470588 0.000040
v 0.231373 0.321569 0.001363
v 0.230392 0.470588 0.003217
v 0.823529 -0.196078 0.014767
v 0.819608 -0.189216 0.014154
v 0.823529 -0.196078 0.016299
v 0.741176 -0.195098 0.014522
v 0.823529 -0.198039 0.018750
v 0.819608 -0.198039 0.018382
v 0.745098 -0.197059 0.014951
v -0.349020 -0.056618 0.043382
v -0.347059 -0.054902 0.044363
v -0.350980 -0.055392 0.047304
v -0.352941 -0.057843 0.046078
v -0.347059 -0.057598 0.042892
v 0.721569 -0.112255 0.237255
v 0.976471 -0.103431 0.108824
v 0.713726 -0.110294 -0.248039
v -0.000473 -0.208824 0.286275
v -0.466667 -0.341176 0.184314
v -0.478431 -0.203922 0.217647
v 0.136275 0.090196 -0.127451
v 0.315686 0.090686 -0.129412
v 0.333333 0.090196 0.109804
v 0.972549 -0.110294 -0.095588
v 0.968628 -0.107843 0.110784
v 0.980392 -0.192157 0.147059
v 0.132353 0.094118 -0.142157
v 0.138235 0.091667 -0.138235
v -0.345098 -0.080392 -0.022549
v -0.345098 -0.082353 -0.023529
v -0.349020 -0.077941 -0.023529
v -0.350980 -0.076961 -0.021814
v 0.292157 0.233333 0.125000
v 0.290196 0.236275 0.126471
v 0.325490 0.100490 0.139216
v 0.317647 0.100490 0.140196
v 0.296078 -0.189216 -0.282353
v 0.284314 -0.182353 -0.282353
v -0.588235 -0.025490 0.017525
v -0.596078 -0.025245 0.023652
v -0.592157 -0.023774 0.017892
v -0.596078 -0.027206 0.021324
v -0.952941 -0.462745 -0.014645
v -0.976471 -0.335294 -0.023774
v -0.956863 -0.335294 -0.037745
v -0.756863 -0.462745 -0.041912
v 0.206863 0.146078 0.197059
v 0.205882 0.143137 0.201961
v 0.210784 0.146078 0.201961
v 0.788235 -0.095098 -0.004442
v -0.009130 0.106373 0.088725
v -0.010172 0.106863 -0.093628
v -0.011458 0.100000 0.088235
v -0.000823 0.113235 -0.094118
v 0.042402 -0.165686 0.286275
v 0.029289 -0.171569 0.286275
v 0.274510 -0.166667 0.284314
v 0.042157 -0.160784 0.288235
v 0.372549 0.112255 -0.165686
v 0.443137 0.112255 0.087255
v 0.445098 0.108824 -0.098529
v 0.443137 0.112745 -0.091667
v 0.956863 -0.462745 0.050245
v 0.956863 -0.458824 0.054902
v -0.362745 -0.061275 -0.043137
v -0.541176 -0.049755 -0.037255
v -0.552941 -0.038480 0.017525
v -0.592157 -0.031863 0.019240
v -0.552941 -0.039951 0.019853
v -0.549020 -0.037990 0.019240
v 0.247059 0.478431 -0.015257
v 0.245098 0.478431 -0.015625
v 0.249020 0.478431 -0.016054
v 0.788235 -0.108333 0.119608
v 0.792157 -0.108824 0.117157
v 0.792157 -0.106373 0.119118
v 0.788235 -0.109314 0.121569
v 0.792157 -0.106863 0.123039
v -0.134314 -0.024510 -0.103922
v -0.376471 -0.155882 -0.072549
v -0.386275 -0.148039 -0.071078
v -0.362745 -0.150000 -0.093137
v 0.317647 0.082353 0.135294
v 0.321569 0.084314 0.141176
v 0.131373 0.085294 0.143137
v 0.131373 0.082843 0.133333
v 0.409804 0.084314 0.067157
v 0.368627 0.082353 0.067647
v 0.264706 -0.090196 -0.248039
v 0.258824 -0.089216 -0.248039
v 0.333333 -0.089216 -0.240196
v 0.260784 -0.085294 -0.247059
v -0.960784 -0.116176 -0.044853
v -0.968628 -0.118137 -0.045343
v -0.960784 -0.118137 0.045833
v -0.956863 -0.115686 0.040686
v 0.172549 0.241176 0.126471
v 0.171569 0.234314 0.128431
v 0.171569 0.242157 0.123529
v 0.784314 -0.109314 -0.008640
v 0.784314 -0.111275 -0.008762
v 0.784314 -0.111765 -0.011213
v -0.360784 -0.037010 0.018628
v -0.352941 -0.038725 0.021324
v -0.350980 -0.041912 0.020466
v -0.002420 -0.207843 0.278431
v -0.003631 -0.127451 0.298039
v 0.768628 -0.103431 0.107843
v 0.768628 -0.105882 0.111765
v 0.772549 -0.102941 0.110294
v 0.772549 -0.102941 0.107353
v 0.772549 -0.107353 0.108333
v 0.772549 -0.105392 0.108824
v -0.537255 -0.102451 0.014032
v -0.541176 -0.101961 0.016422
v -0.686275 -0.104412 0.013787
v 0.252941 0.270588 -0.071569
v 0.214706 0.270588 -0.072549
v 0.256863 0.270588 -0.072059
v 0.250980 0.268627 -0.069608
v 0.114706 0.247059 -0.049755
v 0.116667 0.250000 -0.050245
v 0.111765 0.248039 -0.043382
v 0.120588 0.242157 -0.050245
v 0.124510 0.240196 -0.043628
v 0.116176 0.243137 -0.040441
v 0.323529 0.096078 0.139216
v -0.002727 -0.478431 0.203922
v 0.239216 0.317647 0.008395
v 0.239216 0.319608 0.009559
v 0.236275 0.319608 0.010784
v 0.792157 -0.100000 0.006526
v 0.256863 -0.059804 0.244118
v 0.254902 -0.058088 0.245098
v 0.258824 -0.057108 0.245098
v 0.362745 0.254902 -0.060539
v 0.368627 0.254902 -0.057843
v 0.366667 0.249020 -0.063235
v 0.358824 0.260784 -0.057108
v 0.362745 0.254902 -0.066177
v 0.662745 -0.176471 0.254902
v 0.662745 -0.178431 0.248039
v 0.658824 -0.171569 0.247059
v 0.662745 -0.171569 0.252941
v 0.654902 -0.177451 0.254902
v -0.541176 -0.035539 -0.015564
v -0.541176 -0.036275 -0.014461
v -0.362745 -0.054657 -0.011458
v -0.537255 -0.039706 -0.010907
v -0.537255 -0.041667 -0.010907
v -0.541176 -0.085784 0.028922
v -0.682353 -0.087745 0.028186
v -0.541176 -0.087255 0.029657
v 0.264706 0.472549 -0.007751
v 0.823529 -0.187255 0.105882
v 0.827451 -0.194118 0.107843
v 0.827451 -0.188235 0.103431
v 0.058578 -0.021446 -0.217647
v -0.032108 -0.023284 -0.128431
v 0.132353 0.093628 0.148039
v 0.132353 0.087255 0.146078
v 0.266667 -0.080882 -0.268627
v 0.266667 -0.086765 -0.266667
v 0.323529 -0.060784 -0.268627
v -0.768628 -0.337255 0.121569
v -0.980392 -0.196078 0.070098
v -0.776471 -0.190196 0.138235
v -0.480392 -0.111765 0.224510
v 0.172549 0.319608 -0.062255
v 0.172549 0.278431 -0.065196
v 0.150980 0.315686 -0.017034
v 0.173529 0.325490 -0.059804
v 0.168627 0.317647 -0.056863
v 0.776471 -0.094118 0.111765
v 0.780392 -0.094608 0.106863
v 0.780392 -0.094118 0.107353
v 0.780392 -0.094118 0.112255
v -0.345098 -0.086765 -0.003416
v -0.350980 -0.084314 -0.002007
v 0.611765 -0.152941 -0.117647
v 0.611765 -0.152941 -0.111275
v -0.545098 -0.046078 0.028431
v -0.517647 -0.084804 -0.027206
v -0.349020 -0.082843 -0.028309
v -0.349020 -0.083824 -0.029044
v -0.517647 -0.083333 -0.025858
v -0.349020 -0.080882 -0.027206
v 0.260784 0.478431 0.003845
v 0.258824 0.480392 0.003048
v 0.262745 0.478431 0.002099
v 0.819608 -0.186275 0.017770
v 0.062255 -0.023652 0.166667
v 0.060784 -0.029902 0.164706
v -0.517647 -0.101471 0.013419
v -0.349020 -0.104902 0.011336
v 0.333333 -0.060294 -0.262745
v 0.343137 -0.083333 -0.252941
v 0.339216 -0.059314 -0.260784
v 0.327451 -0.055882 -0.262745
v 0.372549 -0.134314 0.217647
v -0.592157 -0.016667 -0.034069
v -0.596078 -0.019118 -0.031250
v -0.600000 -0.021324 -0.034069
v -0.600000 -0.022181 -0.033824
v -0.686275 -0.100980 0.020466
v 0.174510 0.323529 -0.070098
v 0.784314 -0.113235 0.123529
v -0.356863 -0.061765 -0.017157
v 0.415686 0.088726 0.073039
v 0.413726 0.087745 0.067647
v 0.368627 0.250000 -0.055882
v 0.415686 0.088725 -0.070098
v 0.413726 0.094608 0.071078
v 0.776471 -0.097059 -0.006250
v 0.780392 -0.100490 -0.008701
v 0.776471 -0.096569 -0.005913
v 0.776471 -0.098039 -0.007812
v 0.780392 -0.098529 -0.007843
v -0.592157 -0.013848 0.029534
v -0.592157 -0.014338 0.032353
v -0.552941 -0.017157 0.029902
v -0.552941 -0.018137 0.033333
v -0.756863 -0.468627 -0.049510
v -0.960784 -0.331373 -0.042892
v -0.760784 -0.335294 -0.107843
v -0.454902 -0.472549 -0.108824
v 0.199020 0.272549 0.073529
v 0.202941 0.270588 0.070098
v 0.188235 0.274510 0.075000
v 0.212745 0.270588 0.072059
v 0.792157 -0.101471 -0.009375
v 0.792157 -0.100490 -0.010662
v 0.788235 -0.100000 -0.007690
v 0.792157 -0.102941 -0.010662
v 0.792157 -0.100490 -0.009436
v 0.792157 -0.101961 -0.009926
v 0.040196 0.100000 0.071078
v 0.100490 0.237255 0.058088
v 0.040196 0.093628 0.068137
v -0.354902 -0.059804 0.045588
v -0.360784 -0.056863 0.048775
v 0.256863 0.482353 -0.003508
v 0.256863 0.482353 -0.003094
v 0.260784 0.482353 -0.001662
v 0.266667 -0.092647 0.250980
v 0.333333 -0.092157 0.241176
v -1.000000 -0.199020 -0.044608
v -0.988235 -0.333333 -0.051716
v -0.988235 -0.333333 -0.038725
v 0.129412 0.094608 0.146078
v 0.713726 -0.104902 -0.250980
v 0.976471 -0.100980 -0.106863
v 0.713726 -0.107353 -0.262745
v -0.000253 -0.107843 0.305882
v -0.541176 -0.025980 0.025123
v -0.541176 -0.024510 0.026226
v -0.537255 -0.020466 0.022059
v -0.537255 -0.022794 0.021201
v -0.537255 -0.020098 0.026226
v -0.476471 -0.115196 0.221569
v -0.005208 -0.126471 0.301961
v -0.002099 -0.208824 0.284314
v 0.737255 -0.188235 0.109314
v 0.737255 -0.188235 0.107353
v 0.741176 -0.194118 0.108824
v 0.741176 -0.076961 0.109804
v 0.741176 -0.189216 0.109314
v -0.600000 -0.028922 -0.035784
v -0.596078 -0.025368 -0.028676
v -0.596078 -0.028186 -0.036029
v -0.600000 -0.027696 -0.035784
v -0.541176 -0.078922 0.019976
v -0.682353 -0.079902 0.015625
v -0.541176 -0.079902 0.016667
v -0.517647 -0.078431 0.020588
v 0.250980 0.478431 -0.015625
v 0.250000 0.474510 -0.017157
v 0.250000 0.480392 -0.015319
v 0.980392 -0.337255 0.136275
v 0.036765 0.088725 -0.071569
v 0.034804 0.095098 -0.074020
v -0.354902 -0.182353 -0.238235
v -0.360784 -0.184314 -0.237255
v 0.366667 -0.136275 -0.210784
v 0.376471 -0.141176 -0.205882
v 0.233333 0.470588 0.011029
v 0.234314 0.472549 0.011765
v 0.960784 -0.460784 -0.034069
v 0.956863 -0.464706 -0.032843
v 0.964706 -0.460784 0.041177
v 0.964706 -0.458824 -0.040196
v -0.352941 -0.054167 0.047304
v -0.044853 -0.153922 0.118627
v -0.043873 -0.153922 -0.116667
v -0.035539 -0.157843 0.119118
v -0.045098 -0.148039 0.125490
v -0.049265 -0.147059 0.118627
v -0.049020 -0.148039 -0.115686
v -0.039216 -0.154902 0.124020
v 0.366667 -0.028186 -0.230392
v 0.368627 -0.019485 -0.228431
v 0.776471 -0.098039 0.124020
v 0.776471 -0.098529 0.121569
v -0.549020 -0.022181 -0.030882
v -0.549020 -0.021691 -0.029167
v -0.541176 -0.025980 -0.030392
v 0.212745 0.274510 0.063725
v 0.213726 0.274510 -0.062010
v 0.792157 -0.101961 0.108824
v 0.792157 -0.099510 0.110294
v 0.792157 -0.102451 0.111275
v 0.792157 -0.105392 0.106863
v -0.356863 -0.060294 -0.015502
v -0.356863 -0.058088 -0.014277
v -0.362745 -0.057353 -0.012806
v -0.352941 -0.059314 -0.016054
v 0.292157 0.254902 0.135294
v 0.296078 0.253922 0.135294
v 0.298039 0.254902 0.128431
v 0.274510 -0.177451 -0.284314
v 0.284314 -0.174510 -0.282353
v 0.276471 -0.172549 -0.284314
v 0.042647 -0.178431 -0.284314
v 0.041177 -0.171569 -0.286275
v 0.284314 -0.179412 -0.282353
v -0.596078 -0.024265 0.031618
v -0.600000 -0.018382 0.034804
v -0.596078 -0.018505 0.033088
v 0.235294 0.482353 -0.005239
v 0.233333 0.480392 -0.004167
v 0.235294 0.482353 -0.002390
v 0.233333 0.478431 -0.007139
v 0.238235 0.482353 -0.003922
v 0.236275 0.480392 -0.007169
v 0.238235 0.484314 -0.002957
v 0.788235 -0.113235 0.115196
v 0.784314 -0.115686 0.111765
v 0.788235 -0.114706 0.110784
v -0.356863 -0.042157 -0.044363
v -0.350980 -0.043137 -0.042157
v -0.152941 -0.152941 -0.107843
v 0.460784 -0.024387 0.098039
v 0.447059 0.100490 0.099020
v -0.552941 -0.024387 0.022549
v -0.556863 -0.024020 0.017402
v -0.552941 -0.024877 0.016054
v 0.262745 0.323529 0.010539
v 0.819608 -0.077941 0.017525
v 0.172549 0.244118 0.119118
v 0.167647 0.244118 0.121569
v 0.292157 0.244118 0.117647
v 0.109314 0.244118 0.051471
v 0.290196 0.244118 0.121569
v 0.654902 -0.194118 0.256863
v 0.298039 -0.193137 0.288235
v -0.600000 -0.026961 0.023407
v -0.960784 -0.480392 0.006036
v -0.752941 -0.476471 0.033824
v -0.964706 -0.476471 0.010110
v -0.956863 -0.480392 -0.012377
v -0.968628 -0.474510 0.004534
v -0.968628 -0.476471 -0.007353
v 0.209804 0.111275 -0.200000
v -0.347059 -0.041422 -0.030147
v -0.345098 -0.042402 -0.033578
v -0.345098 -0.041422 -0.027328
v 0.256863 -0.085294 -0.249020
v 0.366667 0.252941 0.054412
v 0.368627 0.253922 -0.055147
v 0.366667 0.254902 0.057843
v 0.370588 0.250000 0.053922
v 0.772549 -0.115196 0.009559
v 0.772549 -0.113725 0.017279
v 0.772549 -0.113235 0.012010
v 0.776471 -0.115686 0.014828
v 0.772549 -0.112745 0.008640
v -0.545098 -0.036029 0.042892
v -0.537255 -0.040196 0.048284
v -0.552941 -0.043137 -0.021936
v -0.549020 -0.042402 -0.022304
v -0.552941 -0.042402 -0.018872
v -0.549020 -0.042892 -0.023284
v 0.206863 0.331373 0.070098
v 0.207843 0.329412 0.072059
v 0.968628 -0.337255 -0.111765
v 0.964706 -0.456863 0.051961
v 0.139216 0.095098 -0.143137
v 0.335294 -0.053676 0.237255
v 0.132353 0.094118 -0.152941
v 0.167647 0.248039 -0.141176
v 0.313726 0.094608 -0.154902
v 0.126471 0.094608 -0.150980
v -0.356863 -0.047549 -0.011213
v -0.362745 -0.046324 -0.009130
v 0.019853 -0.171569 -0.286275
v 0.029412 -0.167647 -0.286275
v 0.019485 -0.166667 -0.286275
v 0.019363 -0.177451 -0.286275
v 0.029412 -0.172549 -0.288235
v 0.772549 -0.098039 0.013726
v -0.513726 -0.099510 -0.007047
v -0.541176 -0.099510 -0.004534
v -0.541176 -0.100980 -0.007108
v -0.513726 -0.097549 -0.005055
v 0.290196 0.139216 0.202941
v 0.209804 0.138235 0.204902
v 0.202941 0.118627 0.204902
v 0.792157 -0.104902 -0.002359
v -0.350980 -0.157843 0.239216
v 0.008272 -0.165686 0.286275
v -0.358824 -0.157843 0.234314
v 0.005515 -0.161765 0.286275
v -0.356863 -0.159804 0.235294
v 0.292157 0.280392 -0.067157
v 0.290196 0.280392 -0.068628
v 0.619608 -0.138235 0.118627
v 0.615686 -0.146078 0.126471
v 0.615686 -0.147059 0.117157
v 0.611765 -0.151961 0.123529
v 0.233333 0.319608 -0.008946
v 0.236275 0.319608 -0.003876
v 0.784314 -0.095588 0.115686
v 0.788235 -0.095588 0.113725
v 0.792157 -0.099510 0.115196
v 0.788235 -0.095588 0.118137
v -0.003355 0.107843 -0.101471
v -0.011029 0.100490 -0.099510
v -0.008211 0.106373 -0.099510
v -0.012071 0.100980 -0.092647
v 0.063726 -0.148039 -0.197059
v -0.027573 -0.150000 -0.116667
v 0.266667 -0.145098 -0.062500
v 0.067157 -0.147059 -0.200980
v 0.368627 -0.014338 0.219608
v 0.705882 -0.411765 -0.200980
v 0.976471 -0.339216 -0.141176
v 0.709804 -0.347059 -0.238235
v -0.360784 -0.056618 0.015625
v -0.356863 -0.058088 0.017402
v -0.362745 -0.059804 0.017525
v -0.362745 -0.053922 0.014154
v -0.356863 -0.055882 0.015196
v 0.003692 -0.120098 -0.307843
v -0.480392 -0.113235 -0.227451
v 0.256863 0.482353 -0.001302
v 0.256863 0.482353 -0.000231
v 0.260784 0.480392 0.001241
v 0.792157 -0.107353 -0.003600
v 0.792157 -0.108824 -0.004381
v 0.796079 -0.108333 -0.004779
v 0.796079 -0.108333 -0.001088
v 0.792157 -0.106863 -0.000797
v -0.031618 -0.010478 0.121569
v -0.044363 -0.013603 0.121569
v -0.043137 -0.014461 0.127451
v -0.032108 -0.010478 -0.120098
v -0.347059 -0.102451 0.024632
v -0.349020 -0.102451 0.026348
v 0.339216 -0.051716 -0.241176
v 0.341176 -0.051471 -0.244118
v 0.335294 -0.049510 -0.247059
v 0.339216 -0.053186 -0.240196
v 0.343137 -0.054657 -0.241176
v -0.968628 -0.474510 -0.017892
v -0.968628 -0.480392 -0.018015
v -0.972549 -0.474510 -0.014522
v -0.960784 -0.474510 -0.024142
v 0.174510 0.278431 0.065196
v 0.174510 0.278431 0.061274
v 0.175490 0.317647 0.067157
v 0.175490 0.319608 0.062500
v 0.175490 0.274510 0.065686
v 0.176471 0.280392 0.067647
v -0.335294 0.015870 0.072059
v -0.325490 0.023652 0.070588
v -0.296078 0.034314 0.078431
v -0.345098 -0.027696 0.107353
v 0.284314 0.309804 -0.080392
v 0.325490 0.298039 -0.045343
v 0.286275 0.298039 -0.084314
v 0.163725 0.335294 -0.034804
v 0.662745 -0.167647 0.250000
v 0.647059 -0.166667 0.250980
v 0.654902 -0.173529 0.249020
v 0.654902 -0.168627 0.250980
v 0.298039 -0.164706 0.282353
v -0.592157 -0.019730 -0.017034
v -0.552941 -0.026838 -0.013297
v -0.552941 -0.024387 -0.015012
v -0.549020 -0.028186 -0.016667
v -0.549020 -0.026838 -0.017892
v -0.556863 -0.023652 -0.016789
v -0.350980 -0.086274 0.032108
v -0.517647 -0.086765 0.030760
v -0.517647 -0.088725 0.031863
v -0.545098 -0.089216 0.030882
v -0.513726 -0.090686 0.030882
v 0.262745 0.321569 -0.010172
v 0.260784 0.468627 -0.012010
v 0.262745 0.468627 -0.008517
v 0.262745 0.470588 -0.007659
v 0.992157 -0.335294 -0.122549
v 0.992157 -0.337255 0.131373
v 0.992157 -0.478431 0.062745
v 0.988235 -0.470588 0.065196
v 0.059314 -0.032598 -0.224510
v 0.067157 -0.031373 -0.225490
v 0.066667 -0.136275 -0.210784
v 0.060539 -0.025368 -0.222549
v 0.058333 -0.136275 -0.207843
v -0.352941 -0.094608 -0.001187
v 0.364706 -0.134314 0.216667
v 0.368627 -0.028676 0.229412
v 0.360784 -0.018382 0.227451
v 0.345098 -0.087745 -0.242157
v 0.343137 -0.083333 -0.241176
v 0.341176 -0.083333 -0.239216
v 0.341176 -0.087745 -0.240196
v 0.341176 -0.089706 -0.240196
v -0.682353 -0.098039 -0.021569
v -0.541176 -0.095588 -0.024632
v 0.241176 0.476471 0.015564
v 0.237255 0.470588 0.015135
v 0.240196 0.472549 0.015441
v 0.788235 -0.112745 -0.007843
v -0.000804 -0.354902 0.264706
v 0.466667 -0.034559 -0.089216
v 0.466667 -0.031128 -0.098039
v 0.466667 -0.030147 0.085784
v 0.772549 -0.108333 0.113725
v -0.549020 -0.031128 -0.040196
v -0.552941 -0.032108 -0.039706
v -0.552941 -0.030147 -0.042647
v -0.552941 -0.028677 -0.042402
v -0.686275 -0.103922 0.019485
v 0.202941 0.317647 -0.068137
v 0.206863 0.325490 -0.068137
v 0.214706 0.317647 -0.070098
v 0.788235 -0.096078 0.125000
v 0.788235 -0.096569 0.124510
v 0.788235 -0.095588 0.125490
v 0.784314 -0.097059 0.126471
v 0.150000 0.325490 -0.037500
v 0.151961 0.323529 -0.044118
v 0.150000 0.321569 -0.044118
v 0.112255 0.250980 -0.042157
v -0.354902 -0.061765 -0.041912
v 0.262745 0.474510 0.004381
v 0.262745 0.470588 0.004626
v 0.262745 0.474510 0.006311
v -0.960784 -0.108824 0.064706
v -0.972549 -0.107353 0.057598
v -0.768628 -0.101961 0.153922
v 0.780392 -0.112745 -0.004718
v 0.780392 -0.113235 -0.006985
v 0.780392 -0.112745 -0.000754
v 0.780392 -0.113725 -0.008150
v 0.780392 -0.114216 -0.002742
v -0.354902 -0.042157 0.047304
v -0.449020 -0.464706 0.100980
v -0.001639 -0.468627 0.202941
v 0.709804 -0.349020 0.218627
v -0.000435 -0.468627 0.204902
v 0.464706 -0.031128 -0.100980
v 0.382353 -0.030147 -0.167647
v 0.647059 -0.165686 0.254902
v 0.300000 -0.164706 0.288235
v 0.654902 -0.167647 0.256863
v -0.592157 -0.021569 -0.016422
v -0.600000 -0.022304 -0.019975
v -0.592157 -0.023039 -0.015809
v -0.541176 -0.091177 0.030760
v -0.517647 -0.092647 0.030637
v -0.686275 -0.092157 0.028554
v 0.254902 0.321569 -0.016544
v 0.254902 0.319608 -0.016667
v 0.254902 0.317647 -0.012500
v 0.819608 -0.072549 0.108333
v 0.741176 -0.072059 0.107353
v 0.823529 -0.070098 0.107353
v 0.815686 -0.069118 0.106373
v 0.815686 -0.077941 0.110294
v 0.161765 0.260784 -0.126471
v 0.164706 0.256863 -0.131373
v 0.294118 0.258824 -0.126471
v -0.350980 -0.086765 -0.030392
v -0.347059 -0.086765 -0.029044
v -0.345098 -0.087255 -0.028554
v 0.292157 0.243137 0.111765
v 0.296078 0.239216 0.103922
v 0.284314 -0.189216 -0.288235
v 0.274510 -0.189216 -0.290196
v 0.284314 -0.183333 -0.288235
v 0.042892 -0.187255 -0.292157
v -0.674510 -0.079902 -0.002696
v -0.674510 -0.076471 -0.000473
v -0.631373 -0.080882 -0.001271
v -0.678431 -0.080882 0.031373
v -0.678431 -0.076961 0.031005
v -0.756863 -0.472549 -0.027451
v -0.952941 -0.472549 0.003125
v 0.207843 0.121078 0.201961
v 0.211765 0.120588 0.203922
v 0.212745 0.139216 0.202941
v 0.207843 0.139216 0.200980
v 0.208824 0.121078 0.199020
v 0.209804 0.118627 0.201961
v 0.768628 -0.114706 0.107353
v -0.541176 -0.036765 -0.047059
v -0.541176 -0.035539 -0.039461
v -0.541176 -0.039706 -0.046569
v -0.682353 -0.089216 0.000204
v -0.537255 -0.082353 -0.005362
v 0.212745 0.327451 -0.065686
v 0.203922 0.329412 -0.062255
v 0.214706 0.329412 0.062745
v 0.203922 0.327451 -0.064706
v -0.347059 -0.062255 -0.025368
v 0.409804 0.084804 0.073039
v 0.737255 -0.077451 0.021201
v 0.737255 -0.071569 0.017525
v 0.737255 -0.076961 0.018015
v 0.733333 -0.071569 0.022181
v 0.737255 -0.188235 0.016054
v -0.968628 -0.335294 0.040441
v -0.976471 -0.200980 0.055147
v -0.964706 -0.466667 0.012132
v 0.177451 0.276471 -0.074510
v 0.175490 0.272549 -0.071569
v 0.174510 0.274510 -0.073529
v 0.177451 0.321569 -0.073039
v 0.780392 -0.097549 0.126471
v 0.780392 -0.097059 0.124510
v 0.784314 -0.095098 0.124020
v 0.780392 -0.099020 0.125490
v 0.776471 -0.099510 0.126471
v 0.780392 -0.096078 0.125490
v 0.776471 -0.098039 0.126471
v 0.017892 -0.161765 -0.292157
v 0.014154 -0.161765 -0.286275
v 0.020343 -0.162745 -0.288235
v 0.007966 -0.161765 -0.292157
v 0.366667 0.236275 -0.050245
v 0.701961 -0.345098 -0.202941
v 0.000350 -0.352941 -0.241176
v -0.541176 -0.051471 -0.026103
v -0.362745 -0.065686 -0.025368
v -0.541176 -0.051471 -0.024142
v -0.545098 -0.046078 -0.024020
v 0.254902 0.480392 0.014216
v 0.252941 0.482353 0.009926
v 0.976471 -0.113235 -0.098529
v 0.972549 -0.114216 -0.102451
v 0.972549 -0.110294 -0.100000
v 0.980392 -0.109804 0.111765
v 0.043382 0.092647 0.069608
v 0.048284 0.093137 0.073529
v 0.047304 0.099020 0.073529
v 0.413726 0.086274 -0.070098
v 0.409804 0.086765 -0.075490
v 0.415686 0.088235 -0.076471
v 0.772549 -0.104902 0.121569
v 0.772549 -0.102451 0.122059
v 0.772549 -0.106863 0.118627
v 0.776471 -0.106863 0.119608
v -0.552941 -0.020956 -0.035784
v -0.552941 -0.021569 -0.036765
v -0.592157 -0.016054 -0.032353
v -0.552941 -0.019118 -0.034314
v -0.596078 -0.018505 -0.035539
v -0.956863 -0.114216 0.058333
v 0.230392 0.470588 -0.008456
v 0.232353 0.319608 -0.009007
v 0.231373 0.468627 -0.012255
v 0.229412 0.468627 -0.007353
v 0.788235 -0.117647 0.107843
v -0.352941 -0.052941 -0.044118
v -0.347059 -0.052696 -0.041667
v -0.352941 -0.056128 -0.043627
v -0.356863 -0.054167 -0.046569
v 0.362745 -0.013480 0.220588
v 0.370588 -0.019608 0.225490
v 0.780392 -0.096569 -0.007414
v 0.784314 -0.095588 -0.004596
v 0.784314 -0.096569 -0.004687
v 0.784314 -0.098039 -0.010478
v 0.784314 -0.098529 -0.006464
v 0.780392 -0.095098 -0.003799
v -0.537255 -0.019363 0.030392
v -0.537255 -0.019853 0.027819
v -0.360784 -0.061765 0.019118
v -0.358824 -0.061274 0.018505
v 0.211765 0.145098 -0.200000
v 0.282353 0.147059 -0.198039
v 0.214706 0.148039 0.197059
v 0.213726 0.144118 -0.201961
v 0.274510 -0.189216 0.282353
v -0.541176 -0.079902 -0.016544
v -0.541176 -0.078922 -0.018260
v -0.682353 -0.084314 -0.019118
v 0.776471 -0.114706 0.027083
v 0.772549 -0.117647 0.106863
v 0.772549 -0.117157 0.106863
v 0.776471 -0.117157 0.016544
v -0.347059 -0.027941 -0.103431
v -0.294118 0.034069 -0.078922
v -0.362745 -0.144118 -0.096078
v -0.384314 -0.027696 -0.072059
v -0.333333 0.015931 -0.072059
v -0.323529 0.024265 -0.072059
v 0.654902 -0.189216 -0.249020
v 0.658824 -0.189216 -0.246078
v 0.658824 -0.182353 -0.244118
v -0.600000 -0.024510 0.022672
v -0.600000 -0.025123 0.038971
v -0.596078 -0.017770 0.031373
v -0.596078 -0.017647 0.030760
v -0.600000 -0.021936 0.035539
v -0.600000 -0.020711 0.035294
v -0.600000 -0.031863 0.029657
v -0.596078 -0.032353 0.032108
v -0.596078 -0.032108 0.029657
v -0.600000 -0.032353 0.032843
v -0.600000 -0.030882 0.033824
v -0.596078 -0.017647 0.032598
v -0.596078 -0.031127 0.027941
v -0.596078 -0.027941 0.023897
v -0.600000 -0.019975 0.025613
v -0.596078 -0.021078 0.025490
v -0.600000 -0.030392 0.034559
v -0.600000 -0.030882 0.035784
v -0.600000 -0.021814 0.036520
v -0.596078 -0.021691 0.025858
v -0.596078 -0.018015 0.028309
v -0.596078 -0.031127 0.025980
v -0.596078 -0.032108 0.033333
v -0.596078 -0.018627 0.029534
v -0.349020 -0.085294 -0.030760
v -0.517647 -0.086274 -0.028676
v 0.260784 0.474510 0.008701
v 0.258824 0.480392 0.008762
v 0.260784 0.470588 0.008517
v 0.980392 -0.470588 0.053186
v 0.976471 -0.476471 -0.044853
v 0.980392 -0.472549 -0.045343
v 0.066176 -0.021078 0.217647
v 0.356863 -0.025123 0.223529
v 0.358824 -0.019975 0.217647
v 0.061765 -0.026103 0.219608
v 0.067157 -0.017892 0.209804
v 0.068627 -0.025245 0.221569
v 0.060294 -0.020711 0.215686
v -0.347059 -0.098529 0.006127
v -0.345098 -0.097059 0.007414
v -0.345098 -0.098529 0.007108
v -0.352941 -0.098529 0.004197
v -0.350980 -0.099510 0.006556
v 0.286275 0.117647 -0.200980
v 0.288235 0.120588 -0.198039
v 0.290196 0.120588 -0.200980
v -0.596078 -0.036029 0.033333
v -0.596078 -0.036274 0.035539
v 0.244118 0.482353 -0.012929
v 0.243137 0.484314 -0.008456
v 0.243137 0.482353 -0.009498
v 0.242157 0.480392 -0.014400
v 0.241176 0.480392 -0.014338
v 0.245098 0.480392 -0.012806
v -0.345098 -0.048529 -0.016544
v -0.349020 -0.046814 -0.017034
v 0.029412 -0.188235 -0.290196
v 0.032353 -0.195098 -0.292157
v 0.023897 -0.194118 -0.292157
v 0.772549 -0.102451 0.004994
v 0.776471 -0.100980 0.005055
v 0.776471 -0.104412 -0.000965
v -0.541176 -0.026471 0.035049
v -0.549020 -0.024387 0.035049
v -0.549020 -0.023529 0.038235
v -0.682353 -0.102941 -0.019975
v -0.541176 -0.099020 -0.020711
v 0.213726 0.274510 0.069608
v 0.215686 0.274510 0.067157
v 0.252941 0.274510 0.070098
v 0.212745 0.280392 0.071078
v 0.988235 -0.192157 -0.170588
v 0.976471 -0.106863 -0.114216
v 0.110294 0.249020 0.039706
v 0.109804 0.248039 -0.037745
v 0.110784 0.252941 -0.037745
v 0.292157 0.268627 -0.069118
v 0.286275 0.268627 -0.069118
v 0.288235 0.272549 -0.073529
v 0.296078 0.270588 -0.070588
v 0.362745 -0.153922 0.203922
v 0.062010 -0.154902 0.200000
v 0.362745 -0.151961 0.211765
v -0.768628 -0.098529 -0.138235
v -0.956863 -0.112255 -0.055882
v -0.768628 -0.099020 0.126471
v -0.984314 -0.200000 -0.037745
v -0.968628 -0.126471 -0.046569
v -0.968628 -0.198039 -0.043873
v -0.964706 -0.123529 0.046814
v 0.179412 0.321569 0.074510
v 0.174510 0.323529 0.070588
v 0.176471 0.276471 0.074510
v 0.177451 0.325490 0.070098
v 0.200980 0.321569 0.075000
v 0.178431 0.327451 0.072059
v -0.350980 -0.057353 0.016422
v 0.007782 -0.187255 0.284314
v 0.013664 -0.192157 0.284314
v -0.358824 -0.181373 0.233333
v 0.005331 -0.189216 0.282353
v 0.411765 0.089706 -0.078922
v 0.413726 0.095098 -0.080392
v 0.325490 0.088235 -0.149020
v 0.323529 0.085294 -0.147059
v 0.768628 -0.101471 0.110784
v -0.517647 -0.099510 0.008885
v 0.282353 0.140196 -0.203922
v 0.952941 -0.114216 0.117647
v 0.173529 0.238235 -0.105392
v 0.177451 0.239216 -0.108333
v 0.179412 0.239216 -0.101471
v 0.131373 0.237255 -0.041912
v -0.347059 -0.085294 -0.028431
v -0.347059 -0.084314 -0.026716
v 0.772549 -0.111275 0.010049
v 0.232353 0.319608 0.001601
v 0.784314 -0.094608 -0.003523
v 0.784314 -0.095098 -0.000281
v 0.045098 -0.027696 0.222549
v -0.047549 -0.028186 0.134314
v -0.047549 -0.139216 0.128431
v 0.662745 -0.184314 0.246078
v -0.545098 -0.044853 -0.021201
v -0.549020 -0.042892 -0.020833
v 0.238235 0.484314 -0.001754
v 0.237255 0.484314 -0.000567
v 0.788235 -0.114216 0.111765
v 0.792157 -0.111765 0.111275
v -0.347059 -0.050980 -0.041176
v -0.452941 -0.476471 -0.093137
v -0.454902 -0.476471 -0.101961
v 0.003661 -0.478431 -0.192157
v 0.284314 0.117157 0.200980
v 0.213726 0.117157 0.200980
v 0.042157 -0.166667 -0.288235
v 0.041422 -0.161765 -0.286275
v 0.030392 -0.162745 -0.286275
v 0.041912 -0.161765 -0.294118
v 0.276471 -0.166667 -0.284314
v 0.274510 -0.162745 -0.284314
v 0.166667 0.235294 0.126471
v 0.131373 0.099020 0.139216
v 0.137255 0.099020 0.141176
v 0.964706 -0.337255 -0.112745
v -0.537255 -0.047059 0.014767
v -0.545098 -0.041912 0.019608
v 0.705882 -0.362745 0.233333
v 0.464706 -0.034314 -0.095098
v 0.768628 -0.107843 0.110784
v 0.768628 -0.109804 0.108824
v 0.768628 -0.113725 0.106373
v 0.768628 -0.107353 0.014890
v 0.764706 -0.107843 0.107843
v -0.592157 -0.021569 -0.038480
v -0.600000 -0.024265 -0.036765
v -0.600000 -0.023529 -0.035784
v -0.596078 -0.022672 -0.039461
v -0.600000 -0.022304 -0.035294
v -0.596078 -0.020711 -0.037255
v -0.533333 -0.095588 0.000835
v 0.288235 0.143137 -0.202941
v 0.211765 0.143137 -0.203922
v 0.206863 0.142157 -0.202941
v 0.211765 0.145098 -0.201961
v 0.286275 0.145098 -0.200980
v 0.788235 -0.096569 0.123529
v 0.292157 0.270588 0.066176
v 0.290196 0.268627 0.069608
v 0.294118 0.272549 0.070588
v 0.296078 0.270588 0.066667
v 0.737255 -0.188235 0.014032
v 0.737255 -0.077451 0.014338
v 0.737255 -0.194118 0.015686
v -0.764706 -0.091667 0.127451
v -0.768628 -0.096078 0.141176
v 0.235294 0.317647 0.000303
v -0.141176 0.032598 0.062010
v -0.141176 0.027696 0.072549
v 0.254902 -0.085294 0.247059
v 0.254902 -0.060294 0.249020
v 0.256863 -0.054412 0.250000
v 0.256863 -0.053431 0.245098
v 0.300000 0.248039 -0.109804
v 0.654902 -0.164706 0.249020
v 0.658824 -0.167647 0.254902
v -0.549020 -0.031863 -0.013725
v 0.980392 -0.464706 0.060294
v -0.035784 -0.138235 -0.123529
v -0.037500 -0.138235 -0.115196
v -0.041912 -0.034069 0.119118
v -0.517647 -0.099020 -0.022549
v -0.350980 -0.100490 -0.026348
v 0.358824 -0.032598 0.224510
v 0.364706 -0.026225 0.221569
v 0.264706 -0.092157 -0.252941
v 0.262745 -0.090686 -0.260784
v -0.772549 -0.193137 0.131373
v 0.784314 -0.093137 0.109314
v -0.296078 0.040686 -0.062745
v -0.345098 -0.103922 -0.016299
v -0.345098 -0.103431 -0.020588
v -0.345098 -0.088235 -0.002497
v -0.345098 -0.090686 -0.003784
v -0.347059 -0.104412 -0.018750
v -0.347059 -0.101471 -0.006189
v -0.345098 -0.082843 -0.024142
v -0.343137 -0.079902 -0.010110
v -0.343137 -0.078431 -0.011029
v -0.347059 -0.103431 -0.011520
v 0.709804 -0.378431 -0.209804
v 0.972549 -0.468627 -0.058823
v -0.552941 -0.043628 0.023897
v -0.552941 -0.042157 0.021569
v -0.549020 -0.040441 0.021936
v -0.517647 -0.081373 -0.024755
v -0.349020 -0.079902 -0.025000
v -0.517647 -0.080882 -0.021936
v 0.256863 0.480392 0.008578
v 0.252941 0.482353 0.006036
v 0.796079 -0.111765 0.014583
v 0.796079 -0.111275 0.109314
v 0.792157 -0.112745 0.018995
v 0.792157 -0.113725 0.012929
v 0.792157 -0.111275 0.011397
v 0.792157 -0.108824 0.014032
v 0.796079 -0.109804 0.105882
v 0.343137 -0.089706 0.242157
v 0.339216 -0.091667 0.242157
v 0.341176 -0.090196 0.240196
v 0.343137 -0.088235 0.249020
v 0.343137 -0.088235 0.240196
v 0.345098 -0.088235 0.241176
v -0.686275 -0.096078 0.025490
v -0.690196 -0.098529 0.024387
v -0.682353 -0.100490 0.022549
v -0.686275 -0.093627 0.027083
v 0.240196 0.474510 -0.016544
v 0.238235 0.470588 -0.016422
v 0.240196 0.321569 -0.016544
v 0.236275 0.474510 -0.015196
v 0.788235 -0.111765 0.124020
v 0.788235 -0.111275 0.124510
v -0.347059 -0.055147 -0.017034
v -0.537255 -0.022059 0.038971
v -0.760784 -0.480392 -0.050490
v -0.458824 -0.482353 -0.106373
v -0.760784 -0.480392 -0.040686
v -0.964706 -0.482353 -0.018995
v -0.960784 -0.482353 -0.015135
v 0.208824 0.118627 0.197059
v 0.205882 0.120098 -0.198039
v 0.207843 0.117647 -0.197059
v 0.968628 -0.114706 -0.099510
v -0.134314 -0.024142 0.107353
v -0.354902 -0.057108 0.047794
v -0.350980 -0.060294 0.044118
v 0.286275 0.327451 -0.065196
v 0.284314 0.327451 0.062255
v 0.069118 -0.146078 0.204902
v 0.360784 -0.147059 0.199020
v 0.360784 -0.144118 0.204902
v 0.069118 -0.142157 0.209804
v -0.968628 -0.478431 0.010478
v -0.972549 -0.478431 -0.012929
v -0.960784 -0.482353 0.008578
v 0.780392 -0.106373 0.124510
v 0.780392 -0.101961 0.126471
v 0.780392 -0.105882 0.128431
v -0.360784 -0.032843 -0.021936
v 0.004412 -0.214706 -0.301961
v -0.517647 -0.077941 -0.018505
v -0.521569 -0.079412 -0.020711
v 0.254902 0.321569 0.016422
v 0.256863 0.472549 0.015196
v 0.254902 0.472549 0.014890
v 0.258824 0.323529 0.016422
v -0.364706 -0.169608 0.240196
v 0.413726 0.098039 -0.063726
v 0.413726 0.093627 -0.064706
v -0.552941 -0.041912 0.040686
v -0.556863 -0.039461 0.043137
v -0.592157 -0.034559 0.038726
v 0.792157 -0.111275 0.109314
v -0.142157 -0.147059 -0.103922
v -0.041422 -0.153922 -0.122549
v -0.035049 -0.158824 -0.117157
v -0.047059 -0.147059 -0.123529
v 0.780392 -0.101471 -0.007966
v 0.780392 -0.102451 -0.007261
v 0.784314 -0.099510 -0.007598
v -0.545098 -0.025123 0.026716
v -0.682353 -0.095098 -0.025123
v 0.252941 0.321569 0.016912
v 0.250980 0.317647 0.013174
v 0.250980 0.319608 0.012132
v 0.252941 0.319608 0.016667
v 0.254902 0.321569 0.015931
v 0.792157 -0.096078 0.014032
v 0.788235 -0.095588 0.007782
v 0.796079 -0.096569 0.010601
v 0.168627 0.241176 0.125490
v 0.104902 0.244118 0.055882
v 0.163725 0.238235 0.125000
v -0.350980 -0.087255 0.002252
v -0.347059 -0.087745 0.004228
v -0.349020 -0.089216 0.002175
v -0.349020 -0.085294 0.003217
v 0.288235 0.139216 -0.201961
v 0.288235 0.139216 -0.200980
v 0.288235 0.120098 -0.201961
v 0.274510 -0.195098 0.284314
v 0.231373 0.323529 0.003293
v 0.230392 0.321569 0.006250
v 0.964706 -0.460784 0.047304
v 0.956863 -0.462745 0.043873
v 0.713726 -0.116667 0.243137
v 0.713726 -0.116176 -0.241176
v 0.964706 -0.107353 0.120098
v 0.976471 -0.102941 -0.098039
v 0.972549 -0.105392 0.115196
v 0.127451 0.100000 -0.143137
v 0.133333 0.095098 -0.144118
v 0.290196 0.278431 0.068627
v 0.288235 0.319608 0.069608
v 0.284314 0.278431 0.070588
v 0.286275 -0.172549 -0.288235
v 0.274510 -0.168627 -0.290196
v 0.274510 -0.163725 -0.290196
v -0.682353 -0.103922 -0.012377
v 0.179412 0.280392 0.070098
v 0.784314 -0.095588 -0.006219
v 0.084804 0.258824 0.052941
v 0.085294 0.256863 0.056863
v 0.360784 -0.144118 0.213726
v 0.366667 0.235294 -0.053186
v 0.772549 -0.116667 0.107843
v 0.772549 -0.118137 0.106863
v -0.541176 -0.043873 -0.043137
v -0.541176 -0.041422 -0.044118
v 0.788235 -0.108824 0.122059
v 0.788235 -0.108333 0.127451
v -0.347059 -0.051226 -0.028431
v -0.347059 -0.058824 -0.037255
v -0.347059 -0.056618 -0.017279
v -0.347059 -0.058088 -0.018627
v -0.345098 -0.041912 -0.025735
v -0.347059 -0.043628 -0.021814
v -0.349020 -0.061765 -0.031618
v -0.349020 -0.061275 -0.033823
v -0.345098 -0.045098 -0.018750
v -0.349020 -0.062745 -0.029657
v -0.347059 -0.059804 -0.035049
v -0.345098 -0.044118 -0.020466
v -0.347059 -0.054902 -0.041667
v -0.347059 -0.044853 -0.038971
v -0.347059 -0.063235 -0.027819
v 0.000636 -0.472549 -0.204902
v -0.466667 -0.476471 -0.087745
v 0.260784 0.266667 0.067647
v 0.252941 0.268627 -0.064706
v 0.262745 0.266667 -0.065686
v 0.127451 0.094118 0.137255
v 0.784314 -0.093137 0.010294
v 0.780392 -0.093627 0.015441
v -0.347059 -0.084804 0.005576
v -0.347059 -0.089216 0.004626
v 0.298039 -0.184314 0.282353
v 0.654902 -0.191176 0.249020
v 0.662745 -0.191176 0.247059
v -0.682353 -0.082843 0.023897
v 0.262745 0.476471 -0.011275
v 0.262745 0.474510 -0.009865
v 0.792157 -0.111275 0.107843
v 0.792157 -0.113235 0.106863
v 0.044363 -0.026961 -0.224510
v 0.052206 -0.027941 -0.227451
v 0.062500 -0.018137 -0.227451
v -0.682353 -0.100490 -0.020833
v 0.208824 0.333333 0.066667
v 0.705882 -0.362745 -0.232353
v -0.349020 -0.055147 0.019240
v -0.352941 -0.054657 0.016177
v 0.040931 -0.175490 0.294118
v 0.030882 -0.170588 0.294118
v 0.030025 -0.177451 0.294118
v 0.042647 -0.183333 0.294118
v 0.274510 -0.184314 0.290196
v 0.596078 -0.013971 -0.128431
v 0.362745 -0.012990 -0.222549
v 0.362745 -0.006679 -0.205882
v 0.362745 -0.008762 0.202941
v -0.541176 -0.026838 -0.031863
v -0.541176 -0.025858 -0.031127
v -0.537255 -0.020588 -0.034314
v -0.358824 -0.034314 -0.038971
v -0.537255 -0.022794 -0.037255
v -0.537255 -0.020343 -0.032353
v -0.449020 -0.470588 0.098039
v 0.788235 -0.098529 0.125490
v 0.098529 0.241176 -0.049020
v 0.099510 0.242157 0.050000
v -0.350980 -0.061275 -0.040686
v 0.284314 0.331373 0.066176
v 0.284314 0.333333 0.070588
v 0.286275 0.331373 0.070098
v 0.288235 0.331373 -0.065686
v 0.354902 -0.136275 -0.214706
v 0.066667 -0.143137 -0.205882
v -0.686275 -0.088725 0.005515
v 0.244118 0.474510 -0.016667
v 0.245098 0.478431 -0.015257
v 0.780392 -0.110294 0.123039
v 0.784314 -0.110294 0.123529
v 0.784314 -0.108333 0.127451
v 0.784314 -0.111275 0.127451
v 0.600000 -0.032353 0.115196
v 0.607843 -0.138235 0.117157
v 0.596078 -0.025123 0.116667
v 0.772549 -0.103922 0.005760
v 0.772549 -0.105882 0.005178
v -0.552941 -0.025490 0.039461
v -0.517647 -0.094118 -0.001647
v -0.517647 -0.096569 -0.003018
v -0.537255 -0.096569 0.000590
v 0.284314 0.119608 0.201961
v 0.286275 0.139216 0.202941
v 0.284314 0.140196 0.201961
v 0.212745 0.145098 0.201961
v 0.980392 -0.114216 -0.097549
v 0.172549 0.240196 0.103922
v 0.174510 0.242157 0.109804
v 0.007138 -0.169608 0.284314
v 0.021814 -0.163725 0.290196
v 0.019976 -0.166667 0.288235
v 0.017034 -0.162745 0.288235
v 0.002114 -0.484314 -0.200980
v 0.705882 -0.484314 -0.114706
v 0.980392 -0.480392 0.058578
v -0.596078 -0.034069 -0.037255
v -0.592157 -0.032598 -0.038971
v -0.592157 -0.034559 -0.035294
v -0.596078 -0.030392 -0.033578
v 0.262745 -0.057598 -0.246078
v 0.258824 -0.084804 -0.248039
v 0.362745 0.254902 0.061029
v 0.300000 0.251961 0.131373
v 0.366667 0.251961 0.062500
v 0.662745 -0.182353 -0.250980
v 0.658824 -0.189216 -0.250980
v 0.654902 -0.184314 -0.254902
v -0.541176 -0.040441 0.019118
v -0.545098 -0.038480 0.017770
v -0.541176 -0.043628 0.013603
v -0.549020 -0.039461 0.020098
v -0.054902 -0.027941 0.120588
v -0.049265 -0.020588 0.128431
v -0.052206 -0.019363 0.120588
v -0.050735 -0.140196 0.119608
v -0.052206 -0.029412 0.129412
v -0.053186 -0.019485 -0.119118
v -0.055882 -0.026716 -0.118137
v -0.051961 -0.138235 -0.115686
v 0.290196 0.120588 0.196078
v 0.264706 -0.052206 0.264706
v 0.784314 -0.118627 0.018750
v 0.788235 -0.118627 0.107353
v -0.364706 -0.051471 -0.048039
v 0.345098 -0.083333 -0.249020
v -0.556863 -0.021201 0.020466
v -0.592157 -0.017892 0.022672
v 0.003600 -0.486275 -0.211765
v -0.454902 -0.484314 -0.097549
v 0.796079 -0.103922 0.006924
v -0.349020 -0.084804 0.031863
v -0.345098 -0.087745 0.031005
v -0.347059 -0.086765 0.029902
v -0.349020 -0.082843 0.031128
v -0.517647 -0.085784 0.030025
v 0.286275 0.274510 -0.075490
v 0.294118 0.276471 -0.074510
v 0.292157 0.272549 -0.073039
v 0.264706 0.272549 -0.073039
v -0.768628 -0.337255 0.074020
v -0.956863 -0.468627 0.003171
v 0.784314 -0.095588 0.123039
v 0.256863 -0.090196 -0.250000
v 0.449020 0.105882 0.094118
v 0.445098 0.105882 0.097059
v 0.443137 0.109804 0.092157
v 0.450980 0.098529 0.094118
v -0.537255 -0.051961 -0.027328
v 0.252941 0.480392 0.014338
v -0.305882 -0.149020 0.138235
v -0.307843 -0.156863 0.127451
v -0.184314 -0.161765 0.117157
v -0.186275 -0.155882 0.128431
v 0.319608 0.088235 -0.152941
v 0.315686 0.081863 -0.139216
v 0.603922 -0.143137 -0.112255
v 0.603922 -0.137255 -0.114706
v 0.600000 -0.033578 -0.116176
v -0.964706 -0.476471 -0.013909
v -0.968628 -0.472549 -0.016912
v -0.956863 -0.480392 -0.015502
v 0.203922 0.138235 -0.197059
v 0.200980 0.117157 -0.197059
v 0.784314 -0.098529 -0.005576
v 0.784314 -0.097059 -0.007782
v -0.360784 -0.035784 0.020833
v 0.000219 -0.111765 0.309804
v -0.480392 -0.105392 0.219608
v -0.003002 -0.118627 0.309804
v 0.162745 0.335294 0.031250
v 0.776471 -0.109804 0.122549
v 0.776471 -0.107843 0.122059
v -0.549020 -0.023652 -0.033088
v -0.549020 -0.022549 -0.031863
v -0.517647 -0.094608 0.030515
v -0.541176 -0.096569 0.028186
v -0.517647 -0.096078 0.028309
v -0.541176 -0.093627 0.029412
v -0.350980 -0.096078 0.032353
v 0.776471 -0.105392 -0.007047
v 0.776471 -0.105392 -0.008701
v -0.764706 -0.105882 -0.130392
v -0.764706 -0.104902 0.119118
v -0.956863 -0.117157 -0.047794
v 0.239216 0.484314 0.004718
v 0.792157 -0.114706 0.007261
v 0.788235 -0.113235 0.004963
v -0.354902 -0.045588 0.049755
v -0.350980 -0.047794 0.048284
v 0.345098 -0.058824 -0.244118
v 0.347059 -0.058578 -0.249020
v -0.545098 -0.025368 -0.026348
v -0.674510 -0.103431 0.030147
v 0.240196 0.470588 -0.017525
v 0.241176 0.321569 -0.017157
v 0.788235 -0.093137 0.107843
v 0.167647 0.252941 -0.136275
v -0.517647 -0.085784 0.002665
v 0.030515 -0.184314 -0.284314
v 0.031863 -0.188235 -0.284314
v -0.976471 -0.110784 0.057598
v -0.768628 -0.093137 -0.142157
v 0.776471 -0.100490 0.117157
v -0.360784 -0.037255 -0.043873
v -0.360784 -0.036520 -0.040686
v -0.537255 -0.024755 -0.039216
v 0.292157 0.249020 0.137255
v 0.596078 -0.137255 -0.125490
v -0.541176 -0.088235 -0.026103
v -0.513726 -0.087255 -0.028799
v -0.345098 -0.102941 0.010907
v -0.345098 -0.100980 0.008946
v 0.350980 -0.025613 -0.229412
v 0.067157 -0.024632 -0.224510
v 0.350980 -0.032843 -0.230392
v 0.345098 -0.058823 0.237255
v 0.345098 -0.084314 0.240196
v -0.682353 -0.100000 0.025123
v -0.541176 -0.097549 0.027328
v 0.025368 -0.194118 -0.286275
v 0.741176 -0.071569 0.015931
v 0.815686 -0.070098 0.019118
v 0.745098 -0.069118 0.017770
v 0.780392 -0.105882 -0.006801
v 0.780392 -0.104412 -0.008824
v -0.549020 -0.021814 0.035049
v -0.541176 -0.100980 -0.018750
v 0.250980 0.317647 0.071078
v 0.252941 0.278431 0.071569
v 0.792157 -0.097059 -0.006832
v 0.792157 -0.099020 -0.007475
v 0.792157 -0.097549 -0.009804
v 0.796079 -0.098039 -0.004228
v 0.151961 0.333333 -0.034804
v -0.462745 -0.114706 0.203922
v -0.470588 -0.115196 0.217647
v -0.472549 -0.114216 -0.208824
v 0.282353 0.272549 0.063235
v -0.686275 -0.102941 -0.010233
v 0.184314 0.333333 0.069608
v 0.179412 0.331373 0.068627
v 0.183333 0.327451 0.072059
v 0.784314 -0.114706 -0.006985
v 0.784314 -0.113235 -0.008333
v 0.788235 -0.111765 -0.010049
v 0.784314 -0.113725 -0.005300
v -0.354902 -0.065686 0.030637
v -0.349020 -0.062255 0.029534
v -0.347059 -0.062255 0.028554
v 0.030882 -0.163725 0.290196
v 0.032353 -0.166667 0.288235
v 0.020833 -0.170588 0.286275
v -0.541176 -0.027696 -0.033823
v -0.552941 -0.025245 -0.035049
v -0.447059 -0.470588 0.091177
v -0.752941 -0.474510 0.024510
v -0.752941 -0.474510 0.037255
v 0.972549 -0.111765 0.119608
v 0.960784 -0.111275 0.128431
v 0.988235 -0.193137 0.160784
v 0.772549 -0.113235 0.014890
v 0.768628 -0.111275 0.013787
v 0.768628 -0.115196 0.105882
v 0.069608 -0.135294 0.212745
v 0.709804 -0.472549 0.139216
v -0.001271 -0.374510 0.280392
v -0.541176 -0.048774 -0.017157
v -0.541176 -0.050735 -0.019730
v -0.541176 -0.046814 -0.015012
v -0.552941 -0.039461 0.038971
v -0.552941 -0.037990 0.041177
v -0.549020 -0.041667 0.037010
v -0.556863 -0.036765 0.044363
v -0.545098 -0.044363 0.037255
v 0.246078 0.482353 -0.009681
v -0.050735 -0.018995 -0.129412
v -0.596078 -0.021936 -0.022059
v -0.600000 -0.021324 -0.022426
v 0.784314 -0.112745 -0.000217
v 0.784314 -0.115196 -0.004167
v 0.788235 -0.114706 -0.004994
v 0.784314 -0.113725 0.003018
v -0.356863 -0.039216 0.045098
v -0.350980 -0.041667 0.043382
v 0.382353 -0.024020 -0.169608
v 0.376471 -0.024142 -0.175490
v 0.713726 -0.119118 0.244118
v 0.960784 -0.109804 0.120098
v -0.002635 -0.119608 0.290196
v -0.552941 -0.018750 -0.021936
v -0.364706 -0.175490 0.232353
v 0.264706 0.321569 -0.003079
v 0.262745 0.319608 -0.000486
v 0.264706 0.321569 -0.002298
v 0.260784 0.319608 -0.004197
v 0.262745 0.319608 -0.006036
v 0.260784 0.319608 -0.001616
v 0.815686 -0.190196 0.111275
v 0.178431 0.242157 -0.113235
v 0.169608 0.242157 -0.108824
v 0.298039 0.117647 0.197059
v 0.296078 0.115686 -0.198039
v 0.298039 0.117647 -0.198039
v 0.300000 -0.193137 -0.282353
v 0.658824 -0.193137 -0.247059
v 0.650980 -0.192157 -0.250980
v -0.686275 -0.082843 0.016299
v -0.347059 -0.042157 0.030515
v -0.349020 -0.037255 0.031373
v -0.350980 -0.037500 0.033578
v 0.364706 0.258824 -0.054902
v 0.362745 0.258824 0.053922
v -0.541176 -0.083333 0.007169
v -0.537255 -0.084804 0.005362
v -0.682353 -0.086274 0.006618
v -0.686275 -0.085294 0.006955
v -0.682353 -0.087255 0.005944
v 0.260784 0.329412 -0.069118
v 0.211765 0.323529 -0.073529
v 0.252941 0.329412 -0.071569
v -0.358824 -0.169608 -0.237255
v 0.315686 0.093628 0.136275
v 0.745098 -0.077451 0.012806
v 0.737255 -0.072549 0.013542
v -0.956863 -0.120098 0.064706
v -0.968628 -0.121569 0.057353
v 0.784314 -0.097059 0.125000
v -0.001371 -0.123529 -0.292157
v 0.354902 0.242157 0.050735
v 0.354902 0.243137 0.048284
v 0.300000 0.248039 0.105392
v 0.776471 -0.111765 -0.007445
v 0.258824 0.482353 0.006648
v 0.040196 0.084314 0.065686
v 0.036765 0.087255 0.069608
v 0.034559 0.088235 0.064216
v 0.035784 0.088725 -0.067647
v 0.048284 0.082353 -0.062255
v 0.041667 0.083824 0.071569
v -0.001945 -0.210784 0.301961
v 0.462745 -0.034559 0.085784
v 0.772549 -0.106373 0.111765
v 0.184314 0.327451 -0.064216
v 0.183333 0.327451 -0.060294
v -0.147059 -0.152941 -0.102451
v 0.372549 -0.032843 0.220588
v -0.003722 -0.120098 0.288235
v 0.717647 -0.117157 0.228431
v -0.000678 -0.120098 -0.288235
v 0.717647 -0.115196 -0.231373
v -0.549020 -0.023284 0.024632
v -0.541176 -0.026838 0.024265
v 0.184314 0.276471 0.068137
v 0.796079 -0.100980 0.008333
v 0.282353 0.315686 -0.069608
v 0.288235 0.323529 -0.067157
v -0.992157 -0.200000 -0.048039
v 0.709804 -0.350980 0.223529
v 0.000502 -0.474510 0.210784
v 0.713726 -0.470588 0.129412
v 0.976471 -0.194118 0.166667
v 0.007966 -0.182353 -0.284314
v 0.008578 -0.187255 -0.282353
v 0.020343 -0.183333 -0.284314
v 0.409804 0.088726 0.075000
v 0.411765 0.095588 0.075490
v 0.776471 -0.096078 0.006189
v -0.537255 -0.100980 -0.010049
v -0.682353 -0.102451 -0.008578
v 0.212745 0.147059 0.198039
v 0.286275 0.149020 -0.197059
v 0.213726 0.148039 -0.197059
v 0.288235 0.146078 0.200980
v 0.956863 -0.111765 -0.097059
v 0.119118 0.244118 0.050735
v 0.169608 0.242157 0.106373
v 0.115686 0.244118 0.047549
v -0.345098 -0.083333 0.027083
v -0.345098 -0.082353 0.025735
v 0.288235 0.331373 -0.069608
v 0.294118 0.329412 -0.066177
v 0.596078 -0.150000 0.120588
v 0.603922 -0.148039 -0.113235
v 0.784314 -0.093137 0.110784
v 0.784314 -0.092647 0.113725
v 0.376471 0.106373 0.163725
v 0.976471 -0.193137 -0.140196
v -0.552941 -0.040931 -0.038480
v 0.792157 -0.113235 0.007230
v 0.792157 -0.112745 0.005515
v -0.043873 -0.019485 0.133333
v 0.047059 -0.019608 0.222549
v -0.454902 -0.480392 0.091177
v -0.456863 -0.482353 0.101961
v -0.760784 -0.476471 0.049755
v -0.756863 -0.482353 0.039951
v 0.180392 0.274510 0.065196
v 0.177451 0.274510 -0.059804
v 0.294118 0.139216 -0.202941
v 0.292157 0.146078 -0.197059
v 0.292157 0.142157 -0.201961
v 0.776471 -0.113235 0.123039
v 0.262745 0.478431 -0.007567
v 0.065686 -0.019118 -0.212745
v 0.065196 -0.020956 -0.220588
v 0.360784 -0.017279 0.207843
v 0.296078 0.114216 0.198039
v 0.345098 -0.059314 -0.242157
v -0.686275 -0.084804 -0.007843
v -0.686275 -0.097059 -0.004228
v -0.686275 -0.100000 -0.005790
v -0.686275 -0.082843 -0.011152
v -0.686275 -0.099020 -0.006036
v -0.686275 -0.089216 -0.003140
v -0.686275 -0.084804 -0.006924
v 0.792157 -0.113235 -0.006311
v -0.347059 -0.042892 0.023162
v -0.347059 -0.044608 0.021814
v -0.349020 -0.040686 0.023039
v -0.345098 -0.042647 0.024265
v 0.033088 -0.189216 0.294118
v 0.042892 -0.188235 0.294118
v 0.030882 -0.184314 0.294118
v 0.018872 -0.183333 0.292157
v 0.042402 -0.193137 0.292157
v 0.737255 -0.069608 0.017770
v 0.741176 -0.069118 0.020588
v 0.745098 -0.069118 0.019976
v -0.682353 -0.102941 0.017034
v -0.541176 -0.102451 0.019118
v 0.788235 -0.098039 0.125490
v 0.788235 -0.100490 0.126471
v 0.788235 -0.096569 0.126471
v 0.102941 0.244118 0.049755
v 0.286275 0.266667 -0.065686
v -0.464706 -0.345098 -0.184314
v 0.709804 -0.472549 -0.132353
v -0.956863 -0.112745 0.061520
v -0.992157 -0.333333 0.038235
v 0.015380 -0.161765 0.294118
v 0.020221 -0.166667 0.294118
v 0.007108 -0.161765 0.292157
v 0.356863 0.239216 -0.040196
v 0.741176 -0.198039 0.105392
v 0.745098 -0.199020 0.106373
v -0.541176 -0.051225 0.025245
v -0.360784 -0.065196 0.026348
v 0.256863 0.482353 -0.013419
v 0.256863 0.482353 -0.010233
v 0.972549 -0.110294 0.111275
v 0.968628 -0.191176 0.147059
v 0.972549 -0.193137 0.150000
v 0.405882 0.084804 -0.066667
v 0.776471 -0.106373 -0.008762
v 0.776471 -0.105882 -0.007384
v 0.776471 -0.105392 -0.004228
v -0.619608 -0.085294 -0.031863
v 0.236275 0.472549 0.013174
v 0.235294 0.476471 0.012806
v 0.819608 -0.199020 0.022672
v 0.600000 -0.016789 -0.131373
v 0.776471 -0.098039 0.127451
v 0.780392 -0.098529 0.128431
v -0.537255 -0.019485 -0.023284
v -0.537255 -0.020466 -0.022549
v 0.258824 0.270588 -0.069118
v 0.796079 -0.106863 0.108333
v 0.286275 0.148039 0.195098
v 0.230392 0.472549 -0.002359
v 0.776471 -0.111765 0.114216
v -0.356863 -0.040441 -0.042647
v -0.362745 -0.039706 -0.046078
v 0.003431 -0.476471 -0.198039
v 0.298039 -0.172549 -0.282353
v -0.556863 -0.022917 0.018137
v -0.472549 -0.121078 -0.223529
v -0.760784 -0.107353 -0.156863
v 0.003722 -0.208824 -0.280392
v 0.264706 0.472549 0.003048
v -0.347059 -0.089216 0.031373
v 0.294118 0.146078 0.197059
v 0.294118 0.301961 0.077941
v 0.780392 -0.111765 0.003707
v -0.552941 -0.034069 0.042647
v -0.552941 -0.032108 0.043628
v -0.552941 -0.029657 0.046324
v -0.552941 -0.035539 0.042647
v -0.545098 -0.038235 0.043137
v -0.690196 -0.092647 -0.000636
v -0.517647 -0.089216 -0.000038
v 0.204902 0.325490 0.069118
v 0.980392 -0.478431 -0.056618
v -0.347059 -0.062745 0.031618
v -0.035049 -0.138235 0.125490
v 0.008701 -0.165686 -0.284314
v 0.007200 -0.169608 -0.284314
v 0.972549 -0.474510 -0.053431
v 0.976471 -0.476471 -0.048039
v 0.713726 -0.474510 -0.122549
v 0.250980 0.474510 0.017157
v 0.249020 0.478431 0.015257
v 0.248039 0.474510 0.017524
v -0.356863 -0.183333 0.233333
v 0.611765 -0.025000 -0.117647
v 0.230392 0.468627 -0.001356
v -0.043873 -0.147059 -0.128431
v -0.045343 -0.139216 -0.129412
v 0.046078 -0.135294 -0.209804
v -0.537255 -0.024632 0.018505
v 0.250000 0.319608 0.012623
v 0.792157 -0.104902 0.004963
v 0.792157 -0.106373 0.004167
v 0.286275 0.246078 -0.116667
v -0.600000 -0.029412 -0.021323
v -0.956863 -0.119608 -0.063725
v -0.976471 -0.199020 -0.055882
v -0.764706 -0.191176 -0.141176
v -0.972549 -0.122549 -0.055392
v 0.234314 0.476471 0.010294
v -0.356863 -0.049265 0.049510
v -0.549020 -0.030882 -0.014951
v -0.513726 -0.098529 0.026593
v 0.252941 0.321569 -0.017157
v -0.349020 -0.086274 -0.001976
v -0.352941 -0.085784 -0.001379
v 0.290196 0.140196 -0.197059
v -0.596078 -0.035784 0.026103
v -0.980392 -0.335294 -0.042157
v -0.972549 -0.335294 -0.046078
v 0.181373 0.276471 0.069608
v 0.792157 -0.099510 -0.007812
v 0.792157 -0.098529 -0.007966
v 0.260784 -0.054902 0.264706
v 0.258824 -0.051471 0.250000
v 0.258824 -0.060784 0.264706
v -0.631373 -0.077451 0.031128
v -0.627451 -0.080392 0.031863
v -0.631373 -0.075980 -0.000632
v 0.186275 0.329412 0.061520
v 0.205882 0.327451 0.062745
v -0.352941 -0.057598 -0.014583
v 0.331373 -0.056863 -0.240196
v -0.356863 -0.052941 0.014461
v 0.776471 -0.101471 0.121569
v -0.592157 -0.015441 -0.031250
v -0.596078 -0.018260 -0.030392
v -0.541176 -0.101471 0.020343
v 0.792157 -0.099020 0.125490
v 0.173529 0.244118 -0.119608
v 0.108333 0.245098 -0.051226
v 0.002957 -0.111765 -0.309804
v 0.288235 0.325490 -0.060784
v 0.290196 0.323529 -0.060784
v 0.788235 -0.093137 0.009865
v 0.088235 0.256863 0.059804
v -0.039951 -0.035539 0.123529
v -0.036275 -0.139216 0.117647
v 0.776471 -0.113725 0.122549
v 0.780392 -0.114706 0.121569
v -0.541176 -0.051471 0.032108
v -0.362745 -0.065196 0.033088
v 0.788235 -0.109804 0.109314
v -0.350980 -0.102451 -0.005484
v 0.343137 -0.057353 0.252941
v 0.337255 -0.061765 0.258824
v 0.177451 0.268627 -0.064706
v 0.175490 0.268627 -0.069118
v 0.788235 -0.110784 0.114706
v 0.052206 -0.134314 -0.213726
v 0.354902 0.242157 0.051225
v 0.354902 0.241176 -0.052941
v 0.654902 -0.194118 -0.254902
v 0.654902 -0.191176 -0.258824
v 0.298039 -0.184314 -0.286275
v -0.552941 -0.031127 0.014706
v 0.264706 0.474510 0.002926
v 0.980392 -0.476471 -0.048039
v 0.980392 -0.474510 -0.052941
v 0.984314 -0.468627 -0.049510
v 0.980392 -0.474510 0.056618
v -0.345098 -0.096569 0.028799
v 0.319608 0.094608 -0.154902
v 0.325490 0.094608 -0.150000
v 0.343137 -0.068627 0.254902
v -0.686275 -0.083333 0.010172
v -0.541176 -0.080882 0.009252
v -0.349020 -0.037745 -0.025613
v -0.350980 -0.037500 -0.028186
v 0.014093 -0.192157 -0.284314
v 0.005668 -0.193137 -0.284314
v 0.023774 -0.189216 -0.286275
v 0.004718 -0.190196 -0.284314
v 0.584314 -0.020221 0.113235
v 0.592157 -0.023897 0.122059
v 0.772549 -0.100980 0.014951
v 0.764706 -0.101961 0.107843
v 0.768628 -0.103922 0.107843
v -0.541176 -0.033333 0.048775
v -0.362745 -0.045833 0.051961
v -0.686275 -0.100490 -0.002696
v -0.541176 -0.096569 -0.001494
v -0.682353 -0.102451 -0.005974
v 0.209804 0.144118 -0.197059
v 0.208824 0.144118 0.199020
v 0.102941 0.242157 0.057108
v 0.100980 0.242157 0.054167
v -0.360784 -0.066176 0.028554
v 0.000425 -0.470588 0.198039
v 0.000398 -0.468627 0.200980
v 0.004933 -0.472549 -0.191176
v 0.159804 0.329412 -0.046814
v 0.345098 -0.058823 0.250980
v 0.345098 -0.054412 0.242157
v 0.343137 -0.055637 0.239216
v 0.343137 -0.052696 0.240196
v 0.347059 -0.057108 0.240196
v -0.592157 -0.014951 0.028799
v -0.517647 -0.100000 -0.022059
v -0.517647 -0.101471 -0.020833
v 0.792157 -0.098529 0.009681
v -0.347059 -0.100490 0.026103
v 0.274510 -0.196078 0.290196
v -0.682353 -0.080882 -0.013725
v -0.956863 -0.476471 0.011458
v -0.752941 -0.466667 0.049510
v 0.208824 0.140196 0.199020
v -0.552941 -0.043382 -0.025368
v 0.252941 0.321569 0.017524
v 0.984314 -0.337255 -0.134314
v 0.980392 -0.468627 -0.058578
v 0.349020 0.236275 0.045343
v 0.210784 0.142157 0.203922
v 0.205882 0.139216 0.203922
v 0.029534 -0.161765 0.296078
v -0.517647 -0.080392 0.008640
v -0.349020 -0.078431 0.008272
v -0.517647 -0.082353 0.005362
v 0.284314 0.331373 -0.065686
v 0.980392 -0.110784 -0.099510
v 0.772549 -0.108824 0.009804
v 0.772549 -0.106863 0.008395
v 0.232353 0.319608 -0.001831
v 0.229412 0.319608 -0.000164
v -0.349020 -0.059804 0.038235
v -0.347059 -0.058823 0.040441
v -0.350980 -0.061274 0.041912
v -0.537255 -0.023652 -0.018872
v -0.537255 -0.021324 -0.021323
v 0.243137 0.319608 -0.013174
v 0.246078 0.319608 -0.013052
v 0.796079 -0.099510 0.114216
v -0.352941 -0.066176 -0.026348
v 0.290196 0.325490 0.073529
v 0.776471 -0.097549 0.004289
v 0.776471 -0.098039 0.005025
v 0.776471 -0.098529 -0.002037
v 0.298039 0.274510 -0.071569
v 0.290196 0.321569 -0.072549
v 0.654902 -0.172549 0.256863
v 0.298039 -0.168627 0.288235
v -0.470588 -0.113235 0.200980
v -0.004749 -0.124510 0.290196
v 0.264706 0.321569 -0.008088
v 0.260784 0.321569 -0.012439
v 0.980392 -0.470588 0.068137
v 0.980392 -0.478431 0.063235
v -0.345098 -0.101961 -0.020956
v -0.350980 -0.104902 -0.020466
v 0.709804 -0.474510 0.120588
v 0.611765 -0.025735 -0.128431
v 0.607843 -0.017525 -0.127451
v 0.737255 -0.193137 0.016299
v 0.741176 -0.198039 0.020221
v 0.181373 0.331373 0.065686
v 0.776471 -0.097059 -0.005790
v 0.976471 -0.192157 -0.130392
v -0.484314 -0.203922 0.220588
v 0.292157 0.278431 -0.066177
v 0.374510 -0.144118 0.212745
v 0.603922 -0.151961 0.127451
v 0.607843 -0.145098 0.131373
v -0.756863 -0.472549 0.057598
v -0.960784 -0.476471 0.016667
v 0.780392 -0.093137 0.112745
v 0.057843 0.109314 -0.168627
v -0.600000 -0.032108 -0.033088
v 0.792157 -0.108824 0.004504
v 0.788235 -0.111275 0.003814
v -0.439216 -0.099510 0.007966
v -0.349020 -0.101961 0.007322
v 0.172549 0.272549 0.070098
v 0.172549 0.276471 0.072059
v 0.296078 0.138235 -0.199020
v 0.250000 0.319608 -0.013542
v 0.248039 0.319608 -0.013235
v 0.249020 0.319608 -0.017892
v 0.250980 0.319608 -0.017402
v 0.250980 0.319608 -0.013358
v 0.290196 0.143137 0.201961
v 0.709804 -0.470588 0.117157
v 0.292157 0.327451 0.072059
v 0.768628 -0.109314 0.014828
v -0.521569 -0.087745 -0.000416
v -0.354902 -0.085784 0.002681
v -0.525490 -0.087745 -0.001019
v 0.256863 0.323529 0.070098
v 0.260784 0.315686 0.071078
v 0.019363 -0.177451 0.286275
v 0.006832 -0.175490 0.284314
v 0.768628 -0.100000 0.108824
v -0.768628 -0.105882 0.147059
v 0.229412 0.474510 -0.005147
v 0.658824 -0.166667 -0.252941
v 0.247059 0.317647 0.013419
v 0.248039 0.321569 0.017892
v 0.178431 0.300000 0.084804
v 0.272549 -0.189216 0.288235
v 0.780392 -0.095098 0.114216
v -0.760784 -0.106863 -0.159804
v -0.476471 -0.110294 -0.225490
v -0.764706 -0.100980 -0.153922
v 0.792157 -0.110784 -0.001233
v 0.339216 -0.056863 -0.239216
v 0.341176 -0.058824 -0.239216
v 0.286275 -0.163725 0.284314
v 0.296078 -0.163725 0.288235
v 0.654902 -0.165686 0.254902
v -0.596078 -0.018628 -0.024387
v 0.201961 0.323529 -0.074020
v 0.972549 -0.472549 0.063235
v 0.980392 -0.474510 0.059069
v 0.028064 -0.177451 -0.286275
v 0.815686 -0.069118 0.104412
v -0.517647 -0.084314 0.030025
v -0.345098 -0.085294 0.027941
v -0.349020 -0.081863 0.030392
v -0.360784 -0.044608 0.012745
v -0.541176 -0.031618 0.012806
v 0.007169 -0.183333 0.292157
v -0.552941 -0.019240 -0.033578
v 0.176471 0.325490 0.060539
v 0.006189 -0.161765 -0.284314
v 0.300000 0.242157 0.104902
v 0.737255 -0.197059 0.015686
v -0.476471 -0.101961 -0.212745
v -0.345098 -0.080882 0.008762
v 0.296078 0.247059 -0.140196
v 0.300000 0.249020 -0.135294
v -0.541176 -0.045343 -0.022549
v -0.048529 -0.026593 -0.134314
v 0.268627 -0.051226 -0.264706
v 0.258824 -0.050980 -0.252941
v 0.713726 -0.118627 -0.243137
v 0.001831 -0.128431 -0.296078
v -0.537255 -0.026471 0.016789
v -0.343137 -0.084314 0.027819
v -0.349020 -0.080392 0.028309
v -0.517647 -0.078922 0.010355
v 0.976471 -0.193137 0.138235
v 0.972549 -0.191176 0.133333
v -0.022794 -0.023775 -0.099020
v -0.016789 -0.024387 -0.102451
v -0.024265 -0.025000 -0.090686
v 0.792157 -0.112255 0.000214
v -0.345098 -0.044363 0.039461
v 0.298039 0.246078 0.137255
v -0.686275 -0.086765 0.006342
v -0.768628 -0.108333 0.128431
v -0.949020 -0.116667 0.050980
v 0.176471 0.325490 -0.059804
v -0.356863 -0.057108 -0.045343
v 0.780392 -0.101961 -0.007414
v -0.549020 -0.021446 0.026961
v -0.549020 -0.021323 0.026103
v -0.552941 -0.017524 0.027083
v -0.600000 -0.024878 -0.036274
v 0.080882 0.252941 -0.052206
v 0.083824 0.253922 -0.058088
v 0.033333 0.094608 0.062745
v 0.083333 0.252941 0.051961
v 0.364706 0.239216 0.051961
v 0.784314 -0.112745 -0.008762
v -0.592157 -0.033824 -0.019485
v -0.474510 -0.341176 0.197059
v -0.456863 -0.472549 0.109314
v 0.776471 -0.110784 0.124510
v 0.780392 -0.109804 0.127451
v 0.780392 -0.108824 0.128431
v 0.780392 -0.111765 0.125000
v -0.476471 -0.118627 -0.228431
v 0.002834 -0.122549 -0.305882
v 0.004749 -0.352941 -0.270588
v 0.780392 -0.106373 -0.009498
v -0.517647 -0.097549 -0.024387
v -0.537255 -0.097059 -0.023039
v 0.155882 0.335294 0.034069
v -0.362745 -0.159804 0.233333
v -0.358824 -0.157843 0.240196
v 0.596078 -0.144118 0.127451
v 0.182353 0.274510 -0.064706
v 0.203922 0.276471 -0.069118
v 0.204902 0.274510 -0.065196
v -0.350980 -0.096078 0.002742
v -0.517647 -0.095588 0.001478
v 0.333333 -0.091667 0.254902
v 0.331373 -0.092157 0.250980
v 0.235294 0.319608 -0.001180
v -0.358824 -0.033823 0.036765
v -0.350980 -0.093137 0.032108
v -0.345098 -0.092157 0.030392
v -0.345098 -0.094608 0.030147
v 0.298039 -0.189216 0.288235
v -0.552941 -0.032108 -0.011336
v -0.552941 -0.029657 -0.011642
v -0.549020 -0.032598 -0.013971
v -0.480392 -0.102941 0.206863
v 0.004534 -0.108333 -0.305882
v 0.254902 0.484314 -0.004994
v -0.347059 -0.101961 -0.022917
v -0.350980 -0.104412 -0.021814
v 0.066667 -0.032108 0.223529
v 0.364706 -0.034069 0.222549
v 0.284314 -0.163725 -0.284314
v 0.745098 -0.187255 0.014154
v 0.260784 0.478431 0.007200
v 0.050735 -0.151961 -0.203922
v 0.713726 -0.118137 0.256863
v 0.713726 -0.205882 0.250000
v 0.241176 0.110784 -0.197059
v 0.207843 0.111275 0.198039
v 0.717647 -0.123529 -0.250980
v 0.964706 -0.109314 -0.102941
v 0.034804 0.094118 0.069118
v 0.005116 -0.160784 0.286275
v -0.600000 -0.025980 -0.036029
v -0.592157 -0.027941 -0.041176
v 0.968628 -0.468627 -0.059804
v -0.352941 -0.038971 0.038971
v -0.343137 -0.080392 0.024755
v -0.552941 -0.028677 -0.012439
v -0.003355 -0.121569 0.298039
v -0.476471 -0.117647 0.223529
v 0.264706 0.470588 0.000118
v 0.988235 -0.337255 0.147059
v -0.350980 -0.106373 -0.017524
v -0.347059 -0.043137 0.038235
v -0.350980 -0.040196 0.040441
v -0.362745 -0.062745 -0.040441
v 0.262745 0.272549 0.067647
v 0.284314 0.274510 0.067647
v 0.284314 0.274510 0.069608
v 0.288235 0.274510 0.067157
v -0.358824 -0.032598 0.028309
v -0.354902 -0.034314 0.030760
v -0.188235 -0.156863 -0.130392
v 0.772549 -0.104902 0.014461
v 0.232353 0.472549 0.004350
v 0.717647 -0.110294 0.252941
v 0.972549 -0.107843 0.117157
v 0.721569 -0.110784 0.242157
v 0.276471 -0.172549 -0.290196
v 0.288235 -0.177451 -0.288235
v -0.596078 -0.024387 -0.020956
v -0.472549 -0.107353 0.203922
v -0.592157 -0.015686 0.034314
v -0.552941 -0.018750 0.035049
v 0.796079 -0.101961 0.006526
v 0.292157 0.114216 -0.198039
v 0.003768 -0.117157 -0.307843
v -0.549020 -0.036520 0.041177
v 0.266667 0.323529 -0.005515
v 0.294118 0.246078 0.111765
v 0.288235 0.247059 0.112255
v 0.280392 0.298039 0.085294
v -0.478431 -0.206863 -0.223529
v 0.980392 -0.474510 -0.050245
v -0.026593 -0.021814 -0.121078
v 0.288235 0.109804 -0.197059
v 0.292157 0.111765 0.197059
v 0.792157 -0.107843 0.114706
v -0.541176 -0.028431 0.038971
v 0.264706 0.268627 -0.070098
v 0.179412 0.327451 0.061520
v 0.772549 -0.109804 -0.007169
v -0.768628 -0.337255 -0.098529
v -0.956863 -0.123529 -0.048774
v -0.776471 -0.196078 -0.119118
v 0.202941 0.327451 0.065196
v 0.784314 -0.091667 0.108333
v 0.085784 0.250980 0.061520
v 0.280392 -0.078922 0.268627
v 0.170588 0.270588 -0.064706
v -0.517647 -0.100980 0.011029
v -0.682353 -0.097549 0.026716
v -0.350980 -0.087745 -0.001762
v -0.541176 -0.081863 0.024020
v -0.686275 -0.082353 0.022181
v -0.756863 -0.468627 -0.036765
v 0.198039 0.270588 0.071078
v 0.780392 -0.103922 0.126471
v -0.517647 -0.079902 0.022059
v 0.337255 -0.088235 -0.239216
v 0.333333 -0.083824 -0.239216
v 0.337255 -0.083824 -0.239216
v 0.815686 -0.198039 0.101471
v 0.745098 -0.199020 0.018505
v 0.745098 -0.199020 0.100490
v -0.347059 -0.076471 -0.011336
v -0.517647 -0.078431 -0.011213
v -0.517647 -0.077941 -0.014951
v 0.976471 -0.113725 0.111275
v -0.313726 -0.148039 0.133333
v 0.768628 -0.104902 0.109314
v 0.057843 -0.141176 -0.206863
v -0.031127 -0.143137 -0.125490
v -0.011336 0.098529 0.095098
v 0.258824 0.480392 -0.012745
v 0.284314 -0.189216 0.288235
v 0.784314 -0.114216 -0.005821
v 0.776471 -0.092647 0.108824
v 0.780392 -0.094118 0.017525
v 0.772549 -0.094608 0.107843
v -0.964706 -0.480392 0.012990
v -0.352941 -0.065686 -0.029779
v -0.686275 -0.087745 0.025245
v -0.686275 -0.090196 0.025980
v -0.686275 -0.089216 0.026961
v 0.235294 0.474510 -0.014032
v 0.233333 0.474510 -0.012684
v 0.776471 -0.107843 -0.009436
v -0.513726 -0.102451 -0.018995
v 0.596078 -0.155882 0.118627
v 0.372549 -0.150980 0.209804
v -0.600000 -0.024632 -0.035539
v -0.596078 -0.025980 -0.039706
v -0.166667 0.037500 -0.081863
v -0.250980 0.040441 -0.081863
v 0.301961 0.247059 0.134314
v 0.256863 -0.084314 0.250980
v 0.250000 0.272549 0.064216
v -0.686275 -0.101471 0.022059
v 0.447059 0.107353 -0.093137
v -0.354902 -0.184314 0.240196
v 0.008517 -0.195098 0.292157
v -0.752941 -0.472549 -0.041176
v -0.592157 -0.024510 -0.040196
v 0.819608 -0.072059 0.016544
v 0.784314 -0.114216 0.005362
v 0.784314 -0.112745 -0.000488
v 0.360784 -0.034069 -0.227451
v 0.713726 -0.116176 -0.237255
v 0.713726 -0.117647 0.238235
v 0.968628 -0.108333 0.109314
v 0.000337 0.112745 0.089706
v -0.976471 -0.122549 -0.049020
v -0.952941 -0.113725 -0.051225
v 0.185294 0.298039 0.085784
v -0.537255 -0.028676 0.015135
v 0.792157 -0.098039 0.123529
v -0.356863 -0.164706 -0.244118
v 0.008946 -0.166667 -0.292157
v 0.349020 0.236275 -0.044363
v 0.354902 0.239216 0.046814
v 0.784314 -0.112255 0.123529
v -0.592157 -0.035294 0.036275
v 0.964706 -0.466667 0.050490
v -0.537255 -0.041177 0.011765
v -0.313726 -0.162745 0.114706
v -0.682353 -0.100980 0.008272
v -0.541176 -0.098039 0.007108
v 0.823529 -0.198039 0.109314
v 0.823529 -0.197059 0.103431
v 0.827451 -0.195098 0.102451
v 0.596078 -0.024755 -0.113725
v 0.209804 0.144118 0.201961
v -0.023284 -0.024142 0.088235
v 0.776471 -0.100490 0.126471
v -0.470588 -0.116176 -0.213726
v -0.529412 -0.090196 0.000444
v -0.354902 -0.088725 0.001026
v 0.239216 0.484314 -0.005668
v 0.004779 -0.476471 -0.200000
v -0.541176 -0.081863 -0.008150
v -0.768628 -0.195098 -0.134314
v -0.764706 -0.102941 -0.147059
v 0.776471 -0.118627 0.108824
v 0.968628 -0.107353 -0.093137
v 0.654902 -0.170588 -0.246078
v -0.350980 -0.041177 -0.017892
v -0.000023 -0.117647 0.305882
v -0.002803 -0.122549 0.305882
v 0.250980 0.321569 -0.018873
v 0.249020 0.321569 -0.018750
v 0.250000 0.470588 -0.017770
v -0.541176 -0.090686 -0.026593
v 0.709804 -0.466667 0.111275
v -0.619608 -0.103431 0.032843
v 0.248039 0.472549 -0.018873
v 0.246078 0.321569 -0.019976
v 0.245098 0.470588 -0.018137
v -0.360784 -0.061274 -0.015625
v -0.472549 -0.205882 -0.215686
v -0.764706 -0.335294 -0.122549
v 0.286275 0.241176 -0.113725
v 0.298039 -0.172549 0.286275
v 0.780392 -0.106373 0.127451
v -0.000532 -0.208824 -0.268627
v -0.476471 -0.122549 -0.210784
v 0.709804 -0.466667 0.104902
v -0.005331 0.100980 -0.101471
v 0.368627 0.250000 0.056863
v 0.717647 -0.197059 -0.268627
v 0.717647 -0.115686 -0.262745
v -0.000628 -0.350980 0.243137
v 0.705882 -0.464706 -0.123039
v 0.964706 -0.468627 -0.052451
v -0.768628 -0.094118 -0.155882
v -0.480392 -0.105882 -0.224510
v 0.003983 -0.472549 -0.199020
v 0.352941 -0.011703 -0.221569
v 0.067157 -0.007782 -0.209804
v 0.345098 -0.082843 0.249020
v 0.784314 -0.107353 0.129412
v -0.513726 -0.090686 -0.028922
v -0.517647 -0.088725 -0.029167
v 0.258824 0.321569 0.014890
v 0.233333 0.478431 -0.010846
v 0.065196 0.101471 0.167647
v -0.333333 0.021201 -0.061029
v -0.349020 -0.102451 0.009191
v -0.537255 -0.020343 0.034804
v -0.537255 -0.019608 0.032843
v 0.184314 0.333333 -0.064706
v -0.517647 -0.097059 0.006648
v -0.541176 -0.097549 0.004075
v -0.517647 -0.096569 0.004105
v 0.229412 0.468627 -0.003523
v 0.230392 0.470588 -0.005270
v 0.264706 0.278431 0.070588
v 0.258824 0.274510 0.069608
v -0.476471 -0.201961 -0.203922
v 0.262745 0.321569 0.007200
v -0.952941 -0.472549 0.010601
v -0.749020 -0.472549 0.026348
v 0.356863 0.258824 0.055637
v -0.686275 -0.083333 -0.008456
v 0.354902 -0.016299 -0.229412
v -0.541176 -0.044853 -0.013358
v -0.360784 -0.059804 -0.014583
v -0.596078 -0.032353 -0.031005
v 0.294118 0.268627 -0.065686
v -0.768628 -0.098529 0.124510
v 0.290196 0.331373 0.066176
v -0.050735 -0.137255 -0.123529
v -0.054167 -0.028431 -0.129412
v -0.756863 -0.468627 -0.028922
v 0.713726 -0.202941 -0.244118
v 0.611765 -0.153922 0.117157
v 0.984314 -0.109804 -0.105882
v 0.984314 -0.107843 0.110294
v 0.205882 0.113235 0.200000
v 0.204902 0.113235 -0.198039
v -0.596078 -0.035294 0.025123
v 0.215686 0.327451 -0.073039
v 0.290196 0.274510 0.068627
v -0.380392 -0.156863 -0.066667
v -0.186275 -0.165686 0.101961
v -0.319608 -0.164706 0.099510
v 0.815686 -0.069118 0.020833
v 0.032353 0.095098 -0.068628
v -0.480392 -0.204902 0.212745
v 0.115196 0.243137 0.041912
v 0.115686 0.241176 -0.035049
v 0.776471 -0.105392 0.124510
v -0.521569 -0.091177 -0.000697
v 0.705882 -0.480392 -0.130392
v 0.380392 0.089216 -0.077451
v -0.354902 -0.036520 -0.035784
v 0.004136 -0.352941 -0.260784
v 0.458824 -0.036520 -0.089216
v 0.456863 -0.036520 0.086765
v 0.600000 -0.155882 -0.115686
v -0.001976 -0.352941 0.254902
v 0.996078 -0.191176 0.149020
v -0.466667 -0.343137 -0.190196
v -0.382353 -0.156863 0.069608
v 0.260784 0.272549 0.063725
v 0.262745 0.272549 -0.061275
v -0.517647 -0.101471 0.014828
v -0.449020 -0.468627 -0.090196
v -0.390196 -0.026716 0.058824
v 0.600000 -0.028431 -0.117647
v 0.705882 -0.474510 -0.143137
v 0.004565 -0.376471 -0.276471
v 0.980392 -0.470588 -0.063235
v 0.343137 -0.083824 -0.243137
v 0.286275 -0.195098 0.290196
v 0.067157 0.116176 -0.160784
v -0.335294 0.021078 0.060294
v -0.768628 -0.109804 -0.130392
v 0.607843 -0.145098 0.116667
v -0.347059 -0.091667 0.004197
v 0.709804 -0.468627 0.106373
v 0.122549 0.240196 0.043382
v -0.541176 -0.083333 -0.024142
v -0.517647 -0.102451 0.015931
v 0.584314 -0.018628 -0.118137
v 0.231373 0.323529 -0.006985
v -0.686275 -0.098039 0.006311
v -0.682353 -0.099020 0.000529
v 0.607843 -0.017034 -0.117647
v 0.611765 -0.016176 0.118627
v 0.252941 0.272549 0.067157
v 0.988235 -0.192157 -0.147059
v -0.631373 -0.076471 -0.029902
v -0.631373 -0.079902 0.001386
v -0.631373 -0.080392 -0.031618
v 0.188235 0.333333 0.065196
v -0.470588 -0.109804 -0.210784
v -0.470588 -0.113725 -0.222549
v 0.296078 0.270588 -0.065196
v -0.674510 -0.079902 -0.031863
v -0.678431 -0.080392 0.000211
v -0.674510 -0.075980 -0.031250
v -0.674510 -0.075980 0.000839
v -0.956863 -0.470588 0.003523
v -0.533333 -0.086765 -0.001961
v 0.005913 -0.192157 0.284314
v -0.635294 -0.075980 0.001716
v -0.454902 -0.470588 -0.110294
v -0.478431 -0.109804 0.219608
v -0.772549 -0.100980 0.138235
v 0.968628 -0.099020 -0.097059
v -0.474510 -0.109314 0.205882
v 0.203922 0.115686 0.199020
v -0.521569 -0.092647 -0.000846
v -0.686275 -0.092157 -0.011765
v -0.690196 -0.090686 -0.002558
v -0.556856 -0.090036 -0.003694
v 0.980392 -0.110784 0.113725
v 0.982376 -0.131346 0.066072
v 0.788239 -0.096082 0.002796
v 0.568559 -0.396085 -0.218777
v 0.709804 -0.325490 -0.229412
v 0.977778 -0.335948 -0.136275
v 0.984314 -0.192157 0.137255
v 0.785294 -0.105637 0.127451
v 0.973856 -0.110294 0.044118
v 0.976471 -0.112255 0.112745
v 0.972549 -0.114216 0.121078
v 0.905897 -0.176089 0.165850
v 0.709804 -0.205882 0.245098
v -0.547949 -0.023019 -0.032955
v 0.792157 -0.101103 0.004061
v 0.979085 -0.165523 -0.117974
vn 0.1881 -0.8883 0.4189
vn 0.8438 -0.4190 -0.3354
vn -0.0440 0.1414 -0.9890
vn 0.0924 0.0924 -0.9914
vn -0.1406 0.9251 -0.3528
vn -0.0901 0.9907 -0.1022
vn -0.8412 0.5405 0.0125
vn -0.2322 0.3306 0.9148
vn -0.1014 0.8898 0.4450
vn 0.5229 0.8455 -0.1081
vn 0.5365 0.8431 0.0370
vn 0.9447 0.3280 -0.0000
vn 0.0051 0.9617 -0.2741
vn 0.0012 0.9714 0.2375
vn 0.9645 0.0273 0.2628
vn 0.8755 0.4232 0.2330
vn 0.9933 0.1130 0.0235
vn -0.0595 0.8375 -0.5432
vn 0.0730 0.8751 -0.4785
vn -0.0187 0.4765 -0.8790
vn 0.6644 0.2870 -0.6901
vn 0.3664 0.2117 -0.9061
vn 0.0008 0.1312 -0.9914
vn 0.2220 0.4212 -0.8794
vn 0.2231 0.1654 0.9607
vn 0.1424 0.2491 0.9579
vn 0.1485 0.2453 0.9580
vn 0.1398 0.0414 0.9893
vn 0.0810 -0.0101 0.9967
vn 0.3303 -0.0021 0.9439
vn 0.2328 0.1428 0.9620
vn 0.6528 0.0939 0.7517
vn -0.0690 -0.5095 0.8577
vn -0.0596 -0.3865 0.9203
vn -0.9030 -0.4069 0.1380
vn -0.7929 -0.2216 0.5677
vn -0.3562 -0.4357 0.8266
vn -0.1805 -0.4437 0.8778
vn 0.1108 0.9730 0.2026
vn -0.0294 0.9986 -0.0434
vn -0.2682 0.9291 -0.2548
vn -0.0573 0.6649 0.7448
vn -0.0119 0.9996 -0.0259
vn 0.1214 0.9898 -0.0744
vn 0.3316 0.2541 -0.9086
vn 0.6930 0.5106 -0.5089
vn 0.9703 0.1476 -0.1916
vn 0.8957 0.2120 -0.3910
vn 0.8825 0.3116 -0.3523
vn 0.8510 0.3727 -0.3699
vn 0.1235 -0.3022 -0.9452
vn 0.9721 -0.1392 0.1888
vn 0.2168 -0.5252 0.8229
vn 0.4230 -0.7902 0.4435
vn 0.9993 -0.0300 -0.0237
vn 0.9997 -0.0253 -0.0049
vn 0.9734 -0.1312 0.1880
vn -0.7831 0.4599 -0.4186
vn -0.7742 0.1669 -0.6106
vn -0.8131 -0.0417 -0.5807
vn -0.6905 0.3569 -0.6291
vn -0.9996 -0.0227 -0.0144
vn -0.8362 0.5484 0.0005
vn -0.5113 0.8594 -0.0026
vn 0.3171 -0.8366 -0.4467
vn -0.0093 -0.6563 -0.7545
vn 0.7214 -0.6924 0.0158
vn 0.9982 -0.0243 -0.0551
vn 0.3374 -0.6787 -0.6523
vn 0.4622 -0.7746 -0.4318
vn 0.1871 -0.3436 0.9203
vn 0.0026 -0.3517 0.9361
vn 0.0019 -0.8798 0.4754
vn 0.0007 0.0547 0.9985
vn 0.6679 0.1883 0.7200
vn 0.3849 0.1158 0.9157
vn 0.5300 -0.5209 0.6692
vn 0.1020 -0.5579 -0.8236
vn 0.0811 -0.2077 -0.9748
vn 0.3584 -0.1490 -0.9216
vn 0.0162 -0.9399 -0.3412
vn 0.0399 -0.5647 -0.8244
vn 0.5471 -0.2774 -0.7898
vn 0.0863 -0.8905 -0.4466
vn -0.6885 0.5113 -0.5143
vn -0.2201 0.7264 0.6511
vn -0.3707 -0.2031 0.9063
vn -0.6651 0.2440 0.7058
vn -0.7425 0.6684 -0.0441
vn -0.0485 0.9983 0.0311
vn -0.3874 0.5492 0.7405
vn -0.2641 0.6503 0.7123
vn -0.5737 0.5635 0.5944
vn -0.0628 0.4071 0.9112
vn -0.0244 0.5342 0.8450
vn 0.0751 0.7737 0.6291
vn -0.2246 -0.5707 0.7898
vn 0.1173 0.0267 -0.9927
vn 0.0143 0.5105 -0.8598
vn 0.2872 -0.4190 -0.8614
vn -0.6336 -0.6277 -0.4522
vn 0.9350 0.3530 0.0336
vn 0.9228 0.3821 0.0501
vn 0.3612 0.8937 0.2661
vn 0.9997 -0.0235 0.0001
vn 0.5113 0.7641 0.3933
vn 0.8692 0.4087 0.2783
vn 0.0749 -0.8653 -0.4956
vn -0.0579 -0.7228 0.6886
vn 0.0291 -0.7309 -0.6819
vn -0.0000 -0.0000 -1.0000
vn -0.0977 -0.1978 -0.9754
vn -0.0076 -0.8465 -0.5324
vn 0.0360 -0.8136 0.5803
vn 0.4597 0.8881 -0.0024
vn 0.5431 0.7829 -0.3034
vn 0.2772 0.7366 -0.6169
vn 0.6476 0.7466 -0.1524
vn 0.0379 0.9593 -0.2800
vn 0.2019 0.9580 -0.2035
vn -0.5087 -0.4182 0.7526
vn -0.8909 0.4541 0.0001
vn -0.9190 0.3624 0.1552
vn -0.8276 0.1284 0.5464
vn -0.6623 0.5298 0.5298
vn -0.7282 -0.6854 -0.0001
vn -0.5067 0.0614 0.8599
vn -0.8175 -0.5656 0.1085
vn 0.4379 0.8963 -0.0701
vn 0.3707 0.9203 -0.1251
vn -0.4115 0.7227 -0.5552
vn -0.2854 0.9568 0.0549
vn -0.8669 0.1388 0.4788
vn -0.3486 0.4803 -0.8049
vn -0.0106 -0.5870 -0.8096
vn -0.0543 -0.9552 -0.2909
vn -0.1583 -0.9602 -0.2303
vn 0.0073 -0.8694 -0.4941
vn -0.5841 -0.7354 -0.3436
vn 0.1579 -0.8631 -0.4796
vn -0.7048 -0.1471 -0.6940
vn -0.9324 -0.2443 -0.2666
vn -0.6047 0.1096 -0.7889
vn -0.8153 0.1002 -0.5702
vn -0.9270 0.3750 -0.0078
vn -0.0157 0.0664 -0.9977
vn -0.0373 -0.0809 -0.9960
vn -0.5868 0.5216 -0.6194
vn -0.5891 -0.0533 -0.8063
vn 0.8886 -0.0716 -0.4530
vn 1.0000 -0.0002 -0.0000
vn 0.3775 0.8817 0.2829
vn 0.4318 0.8853 -0.1727
vn 0.9953 0.0634 -0.0732
vn 0.7966 0.5735 -0.1910
vn 0.8367 0.5453 -0.0496
vn -0.6240 0.4844 -0.6132
vn -0.6557 0.3223 -0.6828
vn -0.6968 0.4876 -0.5260
vn -0.2004 0.8985 -0.3907
vn -0.1245 0.9839 -0.1280
vn -0.4179 0.8963 -0.1485
vn -0.5999 0.5592 -0.5721
vn 0.1620 -0.9482 -0.2733
vn 0.3635 -0.8890 -0.2784
vn 0.4676 -0.8547 -0.2257
vn 0.3442 -0.9295 -0.1322
vn -0.0739 -0.9964 -0.0425
vn -0.0766 -0.9967 -0.0272
vn 0.0704 -0.9973 -0.0189
vn 0.1150 -0.7107 0.6940
vn 0.3313 -0.7219 0.6075
vn 0.0515 -0.6444 0.7629
vn 0.4285 -0.8194 0.3808
vn 0.0343 -0.6368 0.7702
vn 0.1301 -0.5148 0.8474
vn 0.0816 -0.8438 0.5304
vn -0.0930 -0.9792 -0.1805
vn -0.0100 -0.9955 -0.0947
vn -0.0010 -0.7826 -0.6225
vn 0.1619 -0.7556 -0.6347
vn 0.0650 -0.7846 -0.6166
vn -0.0058 -0.9999 0.0083
vn -0.0644 -0.9813 -0.1813
vn -0.0893 -0.9878 0.1274
vn 0.1345 -0.9908 0.0116
vn -0.3704 -0.1088 0.9225
vn -0.2925 -0.1873 0.9378
vn -0.3357 -0.2068 0.9190
vn -0.4027 0.0083 0.9153
vn -0.9886 0.0102 0.1500
vn -0.9342 -0.1376 0.3292
vn -0.4952 0.1288 0.8592
vn -0.3734 0.3412 -0.8626
vn -0.3970 0.0370 -0.9171
vn -0.5553 0.0545 -0.8298
vn -0.0160 0.0534 -0.9984
vn -0.5485 0.5200 -0.6549
vn -0.2667 0.9143 -0.3049
vn -0.0812 0.6255 -0.7760
vn -0.0205 -0.1779 0.9838
vn 0.7705 0.2544 0.5844
vn 0.1311 -0.2066 0.9696
vn 0.0609 -0.0719 0.9956
vn -0.0306 -0.2655 0.9636
vn -0.0038 -0.9017 0.4324
vn 0.2096 -0.0780 0.9747
vn 0.2076 -0.2607 0.9429
vn 0.2975 -0.4127 0.8609
vn 0.1998 -0.2091 0.9573
vn 0.0029 -0.0285 0.9996
vn -0.0249 -0.4028 0.9149
vn 0.1685 -0.3900 0.9053
vn 0.3845 -0.2459 0.8898
vn -0.0831 0.0141 -0.9964
vn -0.1940 -0.0309 -0.9805
vn -0.2199 -0.1393 -0.9655
vn 0.0806 -0.0129 -0.9967
vn 0.0304 -0.0539 -0.9981
vn -0.0545 -0.0428 -0.9976
vn -0.0899 -0.1719 -0.9810
vn 0.9782 -0.0863 -0.1888
vn 0.9736 0.1942 -0.1198
vn 0.9699 0.2225 0.0993
vn 0.9891 0.1460 0.0191
vn 0.8995 -0.3750 -0.2242
vn 0.8586 -0.5125 0.0119
vn 0.8722 0.0804 0.4824
vn 0.8293 -0.3841 0.4058
vn -0.5916 -0.5630 0.5771
vn -0.9340 0.3558 -0.0334
vn -0.9977 -0.0126 -0.0659
vn -0.8447 -0.4620 0.2702
vn -0.8736 -0.4429 0.2016
vn -0.7983 0.5615 0.2177
vn -0.4708 0.5086 -0.7209
vn -0.8821 -0.4481 0.1453
vn -0.8438 -0.4810 0.2382
vn -0.9967 0.0215 0.0777
vn -0.9336 0.3513 -0.0704
vn -0.7375 0.0087 -0.6753
vn -0.8802 0.4373 -0.1842
vn -0.6010 -0.7976 -0.0521
vn -0.0934 -0.6850 0.7225
vn 0.0309 -0.3778 0.9254
vn -0.0198 -0.8546 0.5189
vn 0.1739 -0.8208 0.5441
vn 0.0022 -0.0485 0.9988
vn -0.1755 -0.3930 0.9027
vn 0.8960 0.1567 -0.4156
vn 0.6092 0.6493 -0.4553
vn 0.6365 0.6726 -0.3775
vn 0.8374 0.4470 -0.3145
vn 0.7750 0.4479 -0.4458
vn 1.0000 0.0042 0.0050
vn -0.0694 -0.9966 -0.0434
vn -0.1639 -0.9849 -0.0552
vn -0.0251 -0.9992 -0.0296
vn 0.0087 -0.9999 0.0114
vn -0.0021 -0.9979 0.0640
vn -0.0398 -0.9954 0.0872
vn -0.1876 -0.9796 0.0719
vn 0.1846 0.7347 0.6528
vn 0.0449 0.9969 0.0648
vn -0.0757 0.9964 -0.0382
vn 0.5343 0.5932 -0.6022
vn 0.2266 0.5002 -0.8357
vn 0.5138 0.7658 -0.3867
vn 0.9579 0.0314 -0.2855
vn 0.6532 0.3656 -0.6631
vn 0.9865 0.1352 -0.0924
vn 0.7798 0.6249 -0.0369
vn -0.5849 0.1823 0.7903
vn -0.4236 -0.4239 0.8005
vn -0.3293 -0.6495 0.6853
vn -0.5327 -0.7975 0.2834
vn -0.8905 0.4069 0.2035
vn -0.6060 -0.5913 0.5321
vn -0.4735 -0.3939 0.7878
vn -0.3153 -0.1517 0.9368
vn -0.3516 -0.1511 0.9239
vn -0.2740 -0.2743 0.9218
vn -0.3415 -0.3036 0.8895
vn -0.2825 -0.1624 0.9454
vn -0.3116 -0.1646 0.9358
vn -0.1140 0.0873 0.9896
vn -0.3613 -0.1182 0.9249
vn -0.3028 -0.1945 0.9330
vn -0.4258 0.2386 0.8728
vn -0.7360 0.6767 0.0217
vn -0.6884 0.5461 -0.4773
vn -0.9935 0.1103 -0.0273
vn -0.6751 0.7294 0.1105
vn -0.9321 0.3423 -0.1181
vn -0.7121 0.6813 -0.1697
vn 0.6089 0.3988 -0.6857
vn -0.0484 -0.7752 0.6298
vn 0.0932 -0.0000 0.9956
vn 0.8375 -0.1131 -0.5346
vn 0.0993 0.9930 0.0644
vn -0.8452 -0.3088 0.4362
vn -0.7750 0.3587 -0.5203
vn -0.4174 0.4184 -0.8067
vn -0.5583 0.6074 -0.5651
vn -0.3411 0.6825 -0.6464
vn -0.6144 0.2954 -0.7316
vn -0.6589 0.2173 -0.7201
vn -0.8272 -0.1393 -0.5444
vn 0.8964 0.2729 0.3493
vn 0.7975 -0.0943 0.5959
vn 0.0055 0.3658 0.9307
vn 0.8664 0.2828 0.4115
vn 0.0001 0.7730 0.6344
vn 0.0083 0.9219 0.3872
vn -0.0058 0.8653 0.5012
vn 0.0092 0.5659 0.8244
vn 0.3274 0.4409 0.8357
vn 0.3939 0.8263 0.4027
vn 0.0836 0.9443 0.3182
vn -0.0972 0.9426 0.3193
vn 0.2642 0.0082 -0.9644
vn -0.0471 -0.0872 -0.9951
vn 0.1350 -0.2924 -0.9467
vn 0.3959 0.2426 -0.8856
vn 0.4217 -0.0286 -0.9063
vn 0.3348 -0.2470 -0.9093
vn 0.1737 -0.2065 -0.9629
vn 0.0924 -0.9347 0.3433
vn -0.5793 -0.7589 0.2975
vn -0.2141 -0.9762 0.0339
vn -0.7077 -0.3657 -0.6045
vn -0.9963 0.0785 0.0344
vn -0.4514 -0.7528 -0.4791
vn -0.7104 -0.6266 0.3204
vn -0.4160 -0.8475 -0.3296
vn -0.0768 -0.9525 0.2946
vn 0.0699 -0.9924 0.1015
vn -0.1301 -0.9914 -0.0164
vn -0.0793 -0.9400 0.3318
vn -0.2656 -0.9575 0.1124
vn 0.3429 0.8478 0.4045
vn 0.3398 0.8922 0.2976
vn 0.0357 0.9746 0.2212
vn 0.0245 0.9529 0.3023
vn -0.1376 0.7727 0.6197
vn 0.7979 -0.3962 -0.4542
vn 0.3831 -0.0705 -0.9210
vn 0.2212 -0.9534 0.2053
vn 0.4710 -0.8115 -0.3459
vn 0.4395 -0.4380 -0.7842
vn 0.3059 -0.9491 -0.0754
vn 0.4460 -0.8825 0.1489
vn 0.3231 -0.8213 0.4702
vn -0.0915 -0.3970 -0.9132
vn -0.2571 0.3954 0.8818
vn -0.0145 -0.0837 0.9964
vn -0.0083 0.3843 0.9232
vn -0.0156 0.9888 0.1486
vn -0.4156 0.0281 0.9091
vn -0.3481 -0.0955 0.9326
vn -0.2579 0.9198 0.2959
vn -0.6046 0.3106 0.7334
vn -0.0083 -0.9542 0.2990
vn 0.1440 -0.9247 0.3524
vn 0.1842 -0.9044 0.3849
vn 0.8670 -0.3683 0.3358
vn 0.0715 -0.8734 -0.4817
vn 0.8765 -0.4670 0.1166
vn -0.0085 -0.9985 0.0537
vn 0.0260 -0.8106 -0.5850
vn -0.2099 -0.0197 -0.9775
vn 0.1361 -0.7465 -0.6513
vn 0.0671 -0.6572 -0.7508
vn 0.4932 -0.8312 -0.2565
vn -0.0189 -0.9997 -0.0160
vn 0.2692 -0.9072 -0.3232
vn -0.4507 -0.8400 0.3021
vn -0.3192 -0.4824 0.8157
vn -0.8386 -0.3114 0.4470
vn -0.0842 -0.9863 0.1417
vn 0.0087 -0.9685 0.2489
vn -0.7908 -0.5953 0.1424
vn -0.3384 -0.9050 0.2578
vn -0.9352 0.3450 -0.0796
vn -0.7826 0.6153 -0.0947
vn -0.0342 0.9880 -0.1506
vn -0.8601 0.5049 -0.0721
vn -0.9567 -0.2361 0.1703
vn -0.8640 0.1259 0.4876
vn -0.9728 0.2146 0.0873
vn -0.9985 0.0113 0.0529
vn -0.4234 0.1461 0.8941
vn -0.6064 0.4690 0.6421
vn -0.8337 0.0164 0.5519
vn -0.9644 -0.2603 0.0463
vn -0.8545 -0.4157 0.3115
vn -0.9990 0.0195 0.0401
vn -0.8308 0.0310 -0.5557
vn -0.6022 -0.6068 -0.5188
vn -0.6299 -0.7767 -0.0020
vn 0.8845 -0.3351 -0.3246
vn -0.0692 -0.8300 0.5535
vn 0.2289 -0.7608 0.6072
vn -0.3713 -0.8735 0.3149
vn -0.0414 -0.9096 0.4135
vn -0.3634 -0.9305 0.0462
vn -0.0228 -0.9699 0.2426
vn 0.0084 0.1319 -0.9912
vn 0.3018 -0.1822 -0.9358
vn 0.2034 -0.0527 -0.9777
vn 0.0071 0.0932 -0.9956
vn -0.0710 0.7554 0.6514
vn -0.1967 0.3449 -0.9178
vn 0.3213 -0.0000 -0.9470
vn 0.0724 -0.9973 -0.0135
vn 0.1642 -0.8629 -0.4779
vn 0.3584 -0.8514 -0.3831
vn 0.3711 -0.9284 -0.0168
vn 0.2905 -0.9568 0.0070
vn 0.1198 -0.9927 -0.0102
vn 0.0388 -0.9778 -0.2059
vn 0.6884 -0.1440 -0.7109
vn 0.5790 -0.1430 -0.8027
vn 0.6751 -0.0391 -0.7367
vn 0.8987 -0.3767 -0.2247
vn 0.7340 -0.4348 -0.5218
vn 0.9990 0.0298 -0.0321
vn 0.2890 -0.5273 -0.7990
vn 0.5633 0.7095 0.4233
vn 0.8167 0.4969 0.2935
vn 0.5704 0.8058 0.1593
vn -0.2603 0.9582 -0.1189
vn 0.5433 0.7455 -0.3862
vn -0.2240 0.9681 0.1124
vn 0.3631 0.8022 0.4739
vn -0.0141 -0.5881 -0.8086
vn 0.0683 -0.6459 -0.7604
vn -0.0210 -0.3677 -0.9297
vn -0.0882 -0.6716 -0.7357
vn -0.0063 -0.5990 -0.8007
vn 0.0852 -0.4271 -0.9002
vn -0.0035 -0.4519 -0.8920
vn 0.2104 -0.9178 0.3368
vn 0.1163 -0.9932 -0.0000
vn 0.4603 -0.8734 0.1591
vn -0.0441 -0.7064 0.7065
vn -0.0310 -0.9922 0.1208
vn -0.1731 -0.8602 0.4796
vn 0.5021 -0.4414 0.7437
vn 0.7307 0.3166 -0.6049
vn 0.9995 0.0080 0.0314
vn 0.9987 0.0506 0.0015
vn 0.0172 -0.0016 -0.9999
vn 0.3602 0.6104 -0.7054
vn 0.8778 0.0244 -0.4783
vn 0.2833 0.6782 -0.6781
vn 0.0134 0.9980 0.0610
vn -0.1864 0.9815 0.0428
vn -0.1898 0.9435 0.2717
vn -0.0894 0.6717 0.7354
vn -0.0187 0.7251 0.6884
vn 0.0227 0.9932 0.1145
vn -0.0427 0.9724 0.2293
vn 0.0094 0.7116 -0.7025
vn 0.0090 0.5974 -0.8019
vn 0.0180 0.6602 -0.7508
vn 0.7954 -0.2118 -0.5679
vn 0.0093 0.6174 -0.7866
vn 0.8475 -0.0676 -0.5265
vn 0.1211 -0.0710 -0.9901
vn 0.3086 -0.1340 -0.9417
vn 0.4547 -0.0123 -0.8906
vn 0.4544 0.3563 -0.8165
vn 0.3047 0.2556 -0.9175
vn -0.0804 -0.0284 -0.9964
vn -0.0307 -0.0438 -0.9986
vn -0.0849 0.0314 -0.9959
vn -0.0918 0.2155 -0.9722
vn -0.0469 0.3293 -0.9431
vn 0.1916 -0.0465 -0.9804
vn -0.7321 -0.1250 0.6696
vn -0.1703 0.8805 -0.4424
vn -0.3615 0.7936 -0.4894
vn -0.8875 0.3202 0.3313
vn -0.1713 0.8420 -0.5115
vn -0.3989 0.4003 -0.8250
vn -0.0206 -0.5883 0.8084
vn -0.0355 -0.9992 -0.0193
vn -0.6144 -0.7312 0.2963
vn -0.3213 -0.4239 0.8468
vn -0.2988 -0.8556 0.4226
vn -0.2496 -0.3442 0.9051
vn -0.2663 -0.3426 0.9010
vn 0.0153 -0.6209 -0.7837
vn 0.0169 -0.7251 -0.6884
vn 0.0104 -0.9804 -0.1969
vn -0.0406 -0.9328 -0.3582
vn -0.0781 -0.4423 -0.8934
vn 0.0437 -0.0253 -0.9987
vn -0.0273 -0.0080 -0.9996
vn 0.4293 0.9032 -0.0002
vn -0.0589 -0.7109 0.7008
vn -0.1862 0.6138 0.7672
vn 0.5352 0.8435 -0.0446
vn 0.2587 0.9660 -0.0000
vn 0.9623 0.0001 0.2720
vn 0.0447 -0.4468 0.8935
vn 0.5796 0.7535 -0.3102
vn 0.5522 0.5027 -0.6651
vn 0.3314 0.6453 -0.6883
vn 0.4826 0.8370 -0.2581
vn 0.8167 0.3795 -0.4347
vn 0.9601 0.2797 0.0061
vn -0.3200 0.3826 -0.8668
vn -0.5533 -0.0565 -0.8311
vn -0.8233 0.2176 -0.5242
vn -0.4249 0.7967 -0.4299
vn 0.0584 0.6724 -0.7379
vn 0.0307 0.0756 -0.9967
vn 0.7471 0.6635 -0.0397
vn 0.8178 0.5742 0.0404
vn 0.8208 0.5654 0.0811
vn 0.2095 0.9697 0.1260
vn 0.2203 0.9752 0.0226
vn 0.3800 0.9124 0.1519
vn 0.7832 0.4791 0.3964
vn 0.7742 -0.0158 -0.6327
vn 0.0959 -0.2414 -0.9657
vn -0.5215 0.3187 0.7915
vn -0.3403 0.5077 0.7915
vn 0.1314 0.0297 0.9909
vn -0.7072 0.6388 0.3028
vn -0.3748 0.7712 0.5145
vn 0.3485 0.3389 0.8739
vn -0.4431 0.1452 0.8846
vn 0.3011 0.8449 0.4421
vn -0.0246 0.8463 0.5321
vn -0.2078 0.8943 0.3964
vn -0.3563 0.6610 0.6604
vn -0.7503 0.0489 0.6593
vn -0.0368 0.9880 0.1503
vn -0.1313 0.8762 0.4638
vn -0.1320 0.9424 0.3074
vn -0.0452 0.7167 0.6959
vn -0.1413 0.9759 0.1661
vn -0.2433 0.9043 0.3509
vn 0.0010 0.9996 -0.0277
vn 0.0289 0.9934 -0.1107
vn -0.1253 0.8772 -0.4634
vn 0.8837 -0.1171 -0.4531
vn 0.8320 0.3335 -0.4434
vn 0.9461 0.1056 -0.3063
vn 1.0000 -0.0079 0.0048
vn 0.9610 0.0066 -0.2764
vn 0.6537 -0.2474 -0.7152
vn 0.3561 -0.1737 -0.9181
vn 0.3182 -0.2935 -0.9014
vn 0.9048 -0.3380 -0.2591
vn 0.2361 -0.6472 -0.7248
vn 0.9326 -0.2744 -0.2343
vn 0.9324 -0.2772 -0.2321
vn 0.3256 -0.3525 -0.8773
vn -0.1049 -0.0927 0.9902
vn -0.7176 -0.4925 0.4925
vn -0.1004 -0.5254 0.8449
vn -0.3110 -0.2022 0.9287
vn -0.8823 0.0247 0.4700
vn -0.1775 0.2296 0.9570
vn -0.1600 -0.0925 0.9828
vn 0.3057 -0.9336 -0.1870
vn 0.6213 -0.6943 -0.3632
vn 0.9823 -0.1212 -0.1431
vn 0.7797 -0.3373 0.5276
vn 0.0891 -0.9924 0.0854
vn 0.1867 -0.9811 -0.0509
vn 0.3229 -0.9464 0.0096
vn 0.1609 -0.9680 -0.1924
vn 0.0798 -0.0225 -0.9966
vn -0.0918 -0.0263 -0.9954
vn -0.0742 -0.0000 -0.9972
vn 0.3156 -0.0862 -0.9450
vn 0.2448 -0.1883 -0.9511
vn 0.0915 0.0055 -0.9958
vn -0.8833 -0.4566 0.1061
vn -0.7518 -0.3370 0.5668
vn -0.8994 -0.2537 0.3560
vn -0.7792 -0.4933 -0.3866
vn -0.2212 -0.1955 -0.9554
vn -0.9595 -0.0940 0.2654
vn -0.9390 -0.1443 0.3123
vn -0.1638 -0.1942 -0.9672
vn -0.7394 0.6079 0.2893
vn -0.5660 0.7758 -0.2789
vn -0.7374 0.6666 -0.1089
vn -0.8500 0.5004 0.1648
vn -0.5660 0.3534 0.7448
vn -0.9577 0.2536 0.1362
vn -0.7120 0.6516 0.2619
vn 0.1598 -0.7026 -0.6934
vn -1.0000 0.0002 -0.0000
vn 0.4595 0.1438 -0.8764
vn 0.3269 -0.4366 -0.8381
vn -0.1019 0.7599 -0.6421
vn 0.4962 0.8226 -0.2776
vn 0.5755 0.8050 -0.1443
vn 0.4406 0.7781 -0.4477
vn 0.0687 0.7236 -0.6868
vn 0.4623 0.8682 -0.1802
vn 0.6701 0.6887 -0.2767
vn 0.0819 0.9791 -0.1862
vn -0.5933 -0.4152 0.6896
vn -0.3911 -0.3488 0.8517
vn -0.6274 -0.1080 0.7711
vn -0.6294 -0.2504 0.7356
vn -0.7103 -0.4230 0.5627
vn -0.2138 -0.8519 0.4781
vn -0.0098 -0.9999 0.0082
vn -0.0174 -0.9975 0.0689
vn 0.0052 -1.0000 0.0023
vn 0.1535 -0.9862 -0.0622
vn 0.0046 -0.9997 0.0233
vn 0.0749 -0.9924 -0.0974
vn 0.0348 -0.9944 0.1003
vn -0.3871 -0.3996 -0.8309
vn 0.7878 -0.2857 -0.5457
vn 0.2622 0.6129 -0.7454
vn -0.0070 -0.2505 -0.9681
vn 0.1790 -0.2776 -0.9439
vn -0.3789 -0.4851 -0.7881
vn -0.1041 -0.6148 -0.7818
vn 0.0845 0.9850 -0.1501
vn 0.4868 0.8610 -0.1471
vn -0.1159 0.9895 -0.0867
vn -0.2000 0.9775 0.0675
vn -0.2620 0.9619 -0.0786
vn -0.0344 0.9832 -0.1790
vn -0.0029 0.9927 0.1205
vn 0.4042 0.0461 -0.9135
vn 0.2953 0.0023 -0.9554
vn 0.4862 -0.4663 -0.7390
vn 0.7531 -0.2162 -0.6214
vn 0.4572 0.1536 -0.8760
vn 0.2978 0.5571 -0.7752
vn 0.1996 0.1161 -0.9730
vn 0.4316 -0.0188 0.9019
vn 0.1989 -0.2890 0.9364
vn 0.4145 -0.0325 0.9095
vn 0.2986 0.3871 0.8724
vn 0.6230 0.1878 0.7594
vn 0.3763 0.3412 0.8614
vn 0.3747 0.2319 0.8977
vn 0.3098 0.1077 0.9447
vn -0.5738 -0.4535 -0.6820
vn -0.5976 -0.4445 -0.6673
vn -0.3406 -0.9252 -0.1670
vn -0.6942 -0.4969 -0.5207
vn -0.6185 0.2439 -0.7470
vn -0.4303 -0.0761 -0.8995
vn -0.1729 -0.4119 -0.8947
vn -0.1929 -0.7224 -0.6640
vn -0.5821 0.0053 -0.8131
vn -0.0937 0.3298 -0.9394
vn 0.4183 0.3797 -0.8251
vn -0.8992 0.3713 -0.2315
vn -0.5190 0.7877 -0.3319
vn -0.8285 0.5143 -0.2216
vn -0.7814 0.6219 0.0516
vn -1.0000 -0.0000 -0.0000
vn -0.9892 0.0410 -0.1404
vn -0.8551 0.0836 -0.5117
vn -0.1067 0.0053 -0.9943
vn -0.2980 -0.0961 -0.9497
vn -0.2733 -0.1146 -0.9551
vn -0.1727 0.2917 -0.9408
vn -0.2010 0.0124 -0.9795
vn -0.2580 0.3123 -0.9143
vn -0.1366 0.3799 -0.9149
vn -0.9981 -0.0575 -0.0238
vn -0.7917 0.2211 0.5695
vn -0.9986 0.0424 0.0319
vn -0.9500 -0.2712 0.1545
vn -0.8605 0.4436 0.2507
vn 0.3665 -0.6157 -0.6976
vn 0.1230 -0.9468 -0.2974
vn 0.2992 -0.9542 -0.0000
vn -0.4643 -0.1990 -0.8630
vn 0.2183 -0.9090 -0.3551
vn 0.8776 -0.3869 0.2830
vn 0.4832 0.1001 0.8698
vn 0.3848 -0.3754 0.8432
vn 0.8311 -0.2837 0.4783
vn 0.9633 0.0526 0.2631
vn -0.0045 -0.1156 0.9933
vn -0.3034 -0.1156 0.9458
vn -0.0114 -0.8910 0.4539
vn -0.0053 -0.3517 0.9361
vn 0.6915 0.0913 -0.7166
vn 0.7269 -0.0480 -0.6850
vn 0.6292 0.1440 -0.7638
vn 0.9104 0.1334 -0.3915
vn 0.6715 0.0583 -0.7387
vn 0.6794 0.2849 -0.6762
vn 0.7912 0.5236 -0.3160
vn 0.5444 0.7420 0.3912
vn 0.3302 0.8731 0.3586
vn -0.0064 0.9999 0.0151
vn 0.5900 0.2099 0.7796
vn 0.1294 0.5067 0.8524
vn 0.3847 0.3566 0.8514
vn 0.3998 0.8451 0.3549
vn 0.4558 0.6878 0.5650
vn 0.4499 0.6755 0.5842
vn 0.7053 0.5267 0.4745
vn 0.6333 0.2306 0.7388
vn 0.3641 0.5134 0.7771
vn -0.1968 0.7198 0.6657
vn -0.1354 0.7073 0.6938
vn -0.1406 -0.9821 -0.1254
vn -0.2602 -0.8775 -0.4028
vn -0.1839 -0.9689 -0.1657
vn -0.0110 -0.9947 -0.1026
vn -0.2385 -0.9432 -0.2313
vn 0.0157 -0.9997 0.0178
vn -0.1312 -0.9867 -0.0965
vn 1.0000 0.0001 -0.0000
vn 0.9380 0.2219 0.2663
vn 0.7776 -0.4221 0.4660
vn 0.7136 -0.5324 0.4553
vn 0.8558 0.3367 -0.3927
vn 0.2945 -0.6110 0.7348
vn 0.7095 0.6809 -0.1815
vn 0.6057 0.0918 -0.7904
vn 0.7135 0.1228 -0.6898
vn -0.1532 -0.8796 0.4504
vn -0.0677 -0.8797 0.4707
vn -0.0744 -0.9741 0.2135
vn 0.1930 -0.5360 0.8219
vn 0.5538 -0.4996 0.6661
vn -0.0067 -0.9860 0.1664
vn -0.0723 -0.7361 0.6730
vn 0.8682 -0.3657 0.3355
vn 0.9999 0.0129 0.0036
vn 0.9816 0.1816 -0.0587
vn 0.5736 0.0117 0.8190
vn 0.8555 0.1146 0.5049
vn 0.3085 0.3246 0.8941
vn 0.8018 0.4584 0.3834
vn 0.0047 -0.1182 -0.9930
vn 0.0341 -0.0810 -0.9961
vn 0.0089 0.0806 -0.9967
vn 0.0122 0.1601 -0.9870
vn 0.0098 -0.1215 -0.9925
vn 0.0057 -0.1007 -0.9949
vn -0.9016 0.4273 -0.0670
vn -0.3733 0.6851 -0.6255
vn 0.0458 0.8858 -0.4618
vn -0.9927 0.1181 0.0226
vn -0.2770 0.7450 -0.6068
vn -0.6266 -0.4257 0.6528
vn -0.9324 0.1528 -0.3275
vn -0.9778 0.1759 0.1139
vn -0.6946 0.7043 -0.1466
vn -0.9734 0.0531 -0.2227
vn -0.3855 0.3573 -0.8507
vn -0.3495 -0.0939 -0.9322
vn 0.3597 -0.5983 0.7160
vn 0.0889 -0.5612 0.8229
vn 0.0109 -0.2788 0.9603
vn -0.5245 -0.5725 0.6302
vn -0.0702 0.0367 0.9969
vn -0.0058 0.4132 0.9106
vn 0.2072 0.1447 -0.9675
vn 0.4551 0.3543 -0.8169
vn 0.3239 0.1339 -0.9366
vn 0.0091 -0.3106 -0.9505
vn 0.0533 -0.1486 -0.9875
vn 0.1619 -0.2614 -0.9515
vn 0.3564 -0.1734 -0.9181
vn 0.0153 -0.0589 -0.9981
vn 0.3401 0.1756 -0.9238
vn 0.1786 -0.2608 -0.9487
vn 0.1887 0.0329 -0.9815
vn 0.1656 -0.2168 -0.9621
vn -0.0014 -0.2690 -0.9631
vn 0.1215 -0.1382 -0.9829
vn -0.2216 -0.1514 0.9633
vn -0.3130 0.0818 0.9462
vn -0.0322 0.0092 0.9994
vn -0.2165 -0.0219 0.9760
vn -0.1358 -0.0645 0.9886
vn -0.0975 -0.0911 0.9911
vn 0.9597 0.2809 0.0005
vn 0.9677 0.2209 -0.1215
vn 0.8668 -0.4983 0.0158
vn 0.9397 0.2939 -0.1747
vn 0.9891 -0.1411 -0.0423
vn 0.7339 0.4107 -0.5410
vn -0.8100 0.4019 0.4270
vn -0.4824 0.3335 0.8100
vn -0.6164 0.7043 0.3523
vn -0.8143 0.4315 0.3883
vn -0.6249 0.6096 0.4877
vn -0.4669 0.7471 0.4731
vn -0.6417 0.5853 0.4956
vn -0.0017 -1.0000 0.0036
vn -0.2367 -0.9580 0.1621
vn -0.3611 -0.8186 0.4466
vn -0.1965 -0.9793 0.0491
vn -0.0183 -0.9597 -0.2803
vn 0.0133 -0.9999 -0.0037
vn 0.5305 -0.8345 0.1486
vn -0.0333 -0.9994 0.0043
vn 0.0519 -0.9987 -0.0004
vn -0.5618 -0.8158 -0.1374
vn -0.1755 -0.9593 0.2214
vn 0.7709 -0.3154 0.5533
vn -0.9041 -0.1691 -0.3924
vn -0.0883 -0.9698 -0.2273
vn -0.5498 -0.8322 -0.0720
vn -0.7225 0.1133 -0.6820
vn -0.6008 -0.2170 -0.7694
vn -0.8777 0.2714 0.3950
vn -0.1168 0.7225 0.6814
vn -0.6138 0.4441 0.6527
vn -0.6073 0.1840 0.7729
vn 0.0749 0.2324 0.9697
vn 0.1047 -0.2796 0.9544
vn -0.5355 -0.0764 0.8411
vn 0.9956 0.0532 0.0766
vn 0.9754 0.1229 0.1832
vn 0.9990 0.0419 0.0136
vn 0.8629 -0.2326 0.4487
vn 0.8710 -0.4890 0.0482
vn 0.9263 0.0127 0.3766
vn 0.1759 -0.8365 -0.5190
vn 0.3796 -0.8425 -0.3823
vn 0.1610 -0.8977 -0.4102
vn 0.1428 -0.9892 0.0334
vn 0.1524 -0.9251 0.3478
vn 0.1653 -0.9862 -0.0022
vn -0.0119 -0.9999 0.0051
vn -0.3118 -0.2526 -0.9160
vn -0.3405 -0.0425 -0.9393
vn -0.2074 -0.3883 -0.8979
vn -0.2575 -0.5800 -0.7729
vn -0.2871 -0.2679 -0.9197
vn -0.1979 -0.4328 -0.8795
vn -0.1758 -0.9230 0.3422
vn -0.3452 -0.7881 0.5096
vn 0.0091 -0.9295 0.3687
vn -0.8738 -0.4824 -0.0609
vn -0.3458 -0.9347 0.0822
vn -0.1295 -0.9437 0.3044
vn -0.9396 -0.3222 0.1153
vn 0.0170 -0.9962 0.0850
vn -0.0346 0.9926 -0.1163
vn 0.9188 0.3457 -0.1907
vn 0.4379 0.8899 -0.1276
vn 0.7100 0.6436 -0.2859
vn 0.4458 -0.2423 0.8617
vn 0.3634 0.9316 -0.0100
vn 0.1333 0.9839 0.1188
vn -0.5769 0.5756 0.5795
vn -0.6467 0.4378 0.6246
vn -0.6805 0.0452 0.7314
vn -0.4877 0.7485 0.4494
vn -0.3193 0.8977 0.3037
vn -0.3331 0.3894 0.8587
vn -0.6888 -0.7249 0.0131
vn -0.6050 -0.6432 0.4693
vn -0.6708 -0.5580 0.4886
vn -0.8828 -0.4697 0.0031
vn -0.5376 -0.8432 -0.0041
vn -0.9477 -0.3189 0.0129
vn -0.6645 -0.7210 0.1965
vn 0.4226 0.3381 -0.8409
vn 0.3374 0.7971 -0.5008
vn 0.5945 0.5323 -0.6027
vn 0.1309 0.5920 -0.7952
vn 0.5196 0.0247 -0.8540
vn 0.1502 0.0588 -0.9869
vn 0.2150 -0.5638 0.7974
vn 0.2363 -0.5801 0.7795
vn 0.2883 -0.3649 0.8853
vn 0.0830 -0.2601 0.9620
vn 0.1774 -0.5330 0.8273
vn -0.6005 -0.7642 0.2352
vn -0.9792 -0.0834 -0.1851
vn -0.5985 -0.5069 -0.6203
vn -0.1480 -0.9775 -0.1502
vn -0.7998 -0.4735 -0.3689
vn -0.8979 0.2007 0.3918
vn -0.0634 -0.9941 0.0885
vn -0.7586 -0.6410 0.1167
vn -0.7999 -0.5480 -0.2448
vn -0.0632 -0.9758 0.2092
vn -0.1352 -0.9063 0.4004
vn -0.0924 -0.8136 0.5741
vn 0.1043 -0.9467 0.3047
vn -0.1556 0.9483 -0.2765
vn 0.1291 0.8714 -0.4733
vn -0.3235 0.6821 -0.6558
vn -0.4008 0.6956 -0.5962
vn -0.1563 0.7645 -0.6254
vn -0.4472 0.8945 -0.0001
vn -0.0000 1.0000 -0.0000
vn 0.4352 -0.2320 0.8700
vn 1.0000 -0.0000 -0.0000
vn 0.8000 0.2977 0.5210
vn -0.3723 -0.3534 0.8582
vn 0.6614 -0.3211 0.6778
vn 0.1151 -0.1111 -0.9871
vn -0.2225 0.7463 -0.6273
vn -0.2569 0.3813 -0.8880
vn -0.6271 0.3024 -0.7178
vn -0.4081 0.9101 -0.0720
vn -0.0783 0.9818 -0.1730
vn -0.0723 0.9033 -0.4230
vn -0.6340 0.5066 -0.5844
vn -0.0123 -0.9914 0.1305
vn -0.0113 -0.9930 0.1177
vn -0.0224 -0.9950 0.0977
vn 0.0447 -0.9375 0.3452
vn 0.3012 -0.6205 0.7241
vn 0.0844 -0.9951 0.0516
vn 0.1657 -0.7211 0.6727
vn -0.2713 0.9282 -0.2548
vn -0.0814 0.5834 -0.8081
vn -0.0576 0.8946 -0.4431
vn 0.2779 0.9185 0.2811
vn 0.0425 0.9548 0.2942
vn -0.0492 0.9988 -0.0073
vn 0.4752 0.8680 0.1439
vn 0.4486 0.8881 -0.1005
vn -0.0410 0.7810 -0.6232
vn 0.0181 -0.9971 0.0744
vn 0.4399 -0.8978 0.0207
vn 0.3148 -0.9441 0.0974
vn 0.2741 -0.9522 -0.1346
vn -0.0492 -0.7565 0.6522
vn -0.0271 -0.9822 0.1860
vn -0.4547 -0.8663 -0.2069
vn -0.3677 -0.8609 -0.3516
vn -0.1539 -0.9878 -0.0245
vn 0.0029 -0.9890 0.1477
vn 0.4509 -0.8863 0.1058
vn -0.0231 -0.9933 -0.1128
vn -0.4895 -0.8106 -0.3214
vn 0.1118 0.9602 -0.2560
vn 0.2301 0.9642 -0.1316
vn -0.0598 0.9982 -0.0001
vn 0.1050 0.9337 0.3423
vn -0.1985 0.9298 -0.3100
vn -0.1784 0.9546 -0.2384
vn 0.4982 0.6787 -0.5396
vn 0.3374 0.3072 -0.8898
vn 0.5170 0.6022 -0.6083
vn 0.4708 0.6866 -0.5540
vn 0.3557 0.6835 -0.6374
vn 0.8340 0.1359 -0.5348
vn 0.4462 0.7470 -0.4929
vn 0.8204 0.2091 -0.5322
vn 0.9019 0.4254 -0.0748
vn 0.8737 0.1282 -0.4693
vn 0.0011 0.9324 -0.3615
vn 0.0040 0.9963 -0.0859
vn 0.5768 0.7656 0.2849
vn 0.8721 0.1326 0.4711
vn 0.6470 0.2617 0.7161
vn 0.4694 0.6602 0.5863
vn 0.1225 0.8984 0.4217
vn 0.5842 0.7386 0.3363
vn 0.1371 0.9038 0.4054
vn 0.6131 0.4064 0.6775
vn -0.1232 -0.1534 0.9804
vn 0.0004 0.0065 1.0000
vn -0.3230 0.1853 0.9281
vn 0.4745 -0.0566 0.8784
vn 0.5110 -0.2704 0.8159
vn -0.2252 -0.1978 0.9540
vn 0.0038 0.0592 0.9982
vn 0.1242 0.6939 -0.7093
vn -0.0555 -0.3997 -0.9149
vn -0.0995 -0.4867 -0.8679
vn 0.3533 -0.0582 -0.9337
vn -0.4216 0.4177 -0.8048
vn 0.0223 -0.5862 -0.8099
vn -0.6129 -0.2785 -0.7395
vn -0.1324 -0.2971 -0.9456
vn -0.2606 -0.1962 -0.9453
vn -0.2768 -0.0860 -0.9571
vn -0.1360 0.6387 -0.7573
vn 0.0942 -0.1277 -0.9873
vn -0.3086 0.4903 -0.8151
vn 0.7304 -0.1881 -0.6566
vn 0.9375 0.3466 -0.0317
vn 0.6958 -0.3934 0.6009
vn 0.9120 0.2086 0.3530
vn 0.4991 -0.8165 0.2903
vn 0.1786 -0.9785 -0.1030
vn 0.6135 -0.6469 0.4528
vn 0.7796 -0.6263 0.0053
vn 0.9996 -0.0168 0.0209
vn 0.5347 -0.8450 -0.0075
vn 0.0174 -0.9997 -0.0172
vn 0.3269 -0.7003 -0.6345
vn 0.9972 -0.0529 -0.0534
vn -0.2091 -0.1857 -0.9601
vn -0.0054 -0.4501 -0.8929
vn 0.1808 -0.1891 -0.9652
vn 0.2153 -0.7767 -0.5919
vn 0.2764 -0.5776 -0.7681
vn 0.0004 -0.6026 -0.7981
vn -0.0051 0.0114 -0.9999
vn 0.5464 -0.0634 0.8352
vn 0.4684 -0.1454 0.8714
vn 0.2507 -0.2103 0.9449
vn 0.7983 -0.1243 0.5893
vn 0.1278 -0.4870 0.8640
vn 0.9662 0.1154 0.2306
vn 0.3596 -0.2652 0.8946
vn -0.0399 0.7851 0.6181
vn -0.0285 0.8440 0.5356
vn -0.6040 0.7609 -0.2373
vn -0.6805 -0.2905 0.6727
vn -0.0062 0.8008 0.5989
vn -0.9680 -0.1032 -0.2287
vn -0.9491 -0.0133 -0.3147
vn -0.9481 -0.1911 0.2543
vn -0.9516 -0.2241 0.2103
vn -0.0518 0.5416 -0.8390
vn 0.0191 0.8449 -0.5346
vn -0.0291 0.4400 -0.8975
vn -0.3907 0.8051 -0.4462
vn -0.0274 0.8242 -0.5656
vn -0.0479 0.0725 -0.9962
vn -0.2952 0.4006 -0.8674
vn 0.7825 -0.5963 -0.1789
vn 0.8619 -0.4057 0.3042
vn 0.2468 -0.8471 -0.4706
vn 0.2239 -0.9741 -0.0315
vn 0.7505 -0.6609 -0.0000
vn 0.6590 -0.7407 -0.1307
vn 0.7205 -0.6781 0.1452
vn 0.7580 -0.4975 -0.4218
vn 0.9598 -0.0117 -0.2805
vn 0.8397 -0.1398 -0.5247
vn 0.8661 0.4240 -0.2647
vn 0.3832 -0.3347 -0.8609
vn 0.9849 -0.0940 -0.1455
vn -0.2309 -0.3393 -0.9119
vn -0.1720 -0.3562 -0.9184
vn -0.0760 -0.6509 -0.7554
vn -0.2436 -0.3320 -0.9113
vn -0.8149 0.3193 0.4837
vn -0.8946 0.3902 -0.2176
vn -0.1017 0.4277 0.8982
vn 0.1744 0.9335 0.3134
vn -0.1089 0.9872 0.1168
vn -0.2060 0.9785 -0.0075
vn -0.6878 0.7256 0.0203
vn -0.8592 -0.4439 -0.2543
vn -0.7923 -0.1896 -0.5799
vn -0.4996 -0.7682 -0.4004
vn -0.6835 -0.0971 0.7234
vn -0.8089 -0.5458 -0.2187
vn -0.8447 -0.1324 -0.5186
vn -0.8876 -0.3312 0.3200
vn -0.6568 -0.7195 -0.2258
vn -0.5173 0.5031 0.6923
vn -0.8803 0.4472 -0.1586
vn -0.8987 0.3375 0.2801
vn -0.9547 -0.2702 -0.1244
vn -0.6951 0.4186 -0.5844
vn -1.0000 0.0001 0.0001
vn -0.6270 -0.6768 0.3857
vn -0.0046 -0.0199 0.9998
vn -0.0208 -0.4737 0.8805
vn -0.0090 -0.5386 0.8425
vn -0.1697 0.1501 0.9740
vn 0.0460 -0.0051 0.9989
vn 0.0268 -0.0215 0.9994
vn 0.4217 0.9067 -0.0002
vn 0.1161 0.9466 0.3008
vn 0.2489 0.9365 -0.2469
vn 0.3554 0.8758 -0.3267
vn 0.3836 0.9172 0.1076
vn 0.2789 0.9134 0.2964
vn 0.2454 0.9691 -0.0244
vn -0.3799 0.8935 0.2396
vn -0.0693 0.9964 0.0479
vn -0.3650 0.9309 -0.0128
vn 0.0041 -0.9924 0.1230
vn 0.3253 -0.9125 0.2479
vn 0.1327 -0.9423 0.3075
vn -0.0768 -0.9711 0.2258
vn -0.0219 -0.9709 0.2387
vn 0.1744 -0.9707 0.1654
vn -0.0789 -0.9660 0.2463
vn -0.0812 -0.8605 -0.5029
vn -0.2350 -0.2177 -0.9473
vn -0.1281 -0.7209 -0.6811
vn 0.0749 -0.5295 -0.8450
vn 0.2750 -0.9213 -0.2750
vn -0.1815 -0.9353 -0.3039
vn 0.0760 -0.9386 -0.3364
vn -0.6741 -0.5818 0.4552
vn 0.0070 -1.0000 0.0056
vn -0.1844 -0.9535 0.2384
vn -0.9981 -0.0620 -0.0002
vn -0.6656 -0.1501 0.7311
vn -0.8201 -0.0091 0.5721
vn -0.9960 -0.0262 0.0849
vn -0.9974 -0.0720 0.0007
vn -0.9829 -0.1190 0.1403
vn -0.9962 -0.0869 0.0007
vn -0.1012 -0.9551 -0.2786
vn -0.0059 -0.9235 -0.3837
vn -0.0882 -0.9615 -0.2602
vn -0.0111 -0.5802 -0.8144
vn -0.0119 -0.6355 -0.7720
vn -0.1794 -0.9604 -0.2133
vn -0.2326 -0.7166 -0.6575
vn -0.1919 0.9665 0.1706
vn 0.0779 0.9950 -0.0621
vn -0.2689 0.9476 -0.1723
vn -0.3865 0.7561 -0.5281
vn -0.5016 0.8598 0.0957
vn -0.0473 0.8937 0.4461
vn 0.0829 0.9626 0.2580
vn -0.2794 0.7661 0.5789
vn 0.2563 0.9084 0.3302
vn 0.4167 0.8977 0.1429
vn 0.4759 0.8778 -0.0538
vn 0.0830 0.9907 -0.1078
vn 0.0844 0.9962 0.0199
vn 0.6074 -0.2136 -0.7652
vn 0.2734 -0.8550 -0.4408
vn 0.6487 0.2696 0.7117
vn 0.7457 0.3266 0.5807
vn 0.4783 0.6429 0.5983
vn 0.6474 0.2232 0.7287
vn 0.6152 0.2576 0.7451
vn -0.0815 0.1592 0.9839
vn -0.9781 0.0505 0.2019
vn -0.1439 -0.1688 0.9751
vn -0.8629 0.3030 0.4045
vn -0.0001 -0.0727 0.9974
vn -0.0259 -0.1351 0.9905
vn -0.1298 -0.2171 0.9675
vn 0.0059 0.8568 0.5156
vn -0.0015 0.8559 0.5171
vn -0.0006 0.9033 0.4290
vn 0.5337 0.0961 0.8402
vn 0.6304 -0.6521 0.4211
vn 0.5567 -0.5543 0.6187
vn 0.2030 0.1416 0.9689
vn 0.4283 0.2210 0.8762
vn -0.0197 0.4667 0.8842
vn -0.3231 0.8748 0.3610
vn 0.9997 -0.0212 -0.0103
vn 0.9995 -0.0292 -0.0087
vn 0.8339 0.0796 -0.5462
vn 0.9987 0.0504 0.0088
vn 0.9997 -0.0012 0.0253
vn 0.9991 -0.0369 0.0205
vn 0.5400 0.2002 -0.8175
vn -0.5107 -0.3339 0.7923
vn -0.4392 -0.5084 0.7408
vn -0.5679 -0.4986 0.6549
vn -0.6772 0.0438 0.7345
vn -0.7850 0.0560 0.6169
vn -0.5573 0.0606 0.8281
vn -0.5636 -0.6512 0.5082
vn -0.8171 -0.4914 0.3015
vn -0.0010 -0.9632 0.2687
vn -0.3174 -0.7261 0.6099
vn -0.1877 -0.6039 0.7747
vn 0.0130 -0.9922 0.1238
vn -0.0255 -0.9495 0.3127
vn -0.1496 -0.9367 0.3167
vn -0.0568 -0.9881 -0.1429
vn 0.0012 -0.9127 -0.4086
vn 0.0040 -1.0000 -0.0058
vn -0.0073 -0.9998 -0.0170
vn 0.3101 -0.8566 -0.4125
vn -0.0072 -0.8687 -0.4952
vn 0.6238 -0.5027 0.5984
vn 0.3785 -0.3852 0.8416
vn 0.3906 -0.4782 0.7866
vn 0.9749 -0.0481 0.2172
vn 0.8895 0.0379 0.4554
vn 0.5960 -0.2773 0.7536
vn 0.2476 -0.7379 0.6279
vn -0.2168 -0.9745 -0.0584
vn 0.0619 0.3444 -0.9368
vn -0.0157 0.0113 -0.9998
vn -0.0268 -0.9935 0.1104
vn 0.5338 0.8006 0.2724
vn -0.9323 -0.1238 0.3397
vn -0.2497 -0.0443 -0.9673
vn -0.6369 -0.3179 -0.7024
vn -0.6954 -0.2703 -0.6658
vn -0.7495 -0.3916 0.5338
vn 0.2446 -0.5952 0.7655
vn 0.1547 -0.7914 0.5915
vn 0.2885 -0.4089 0.8658
vn 0.9318 -0.2295 -0.2814
vn 0.8111 0.1748 -0.5582
vn 0.4949 -0.3819 -0.7805
vn 0.7567 -0.6444 -0.1104
vn 0.4948 -0.4353 -0.7521
vn -0.0184 -0.7080 -0.7060
vn -0.3927 -0.7789 -0.4890
vn -0.6176 -0.3218 -0.7176
vn -0.2170 -0.3333 -0.9175
vn -0.0110 -0.4465 -0.8947
vn 0.9825 -0.0690 0.1732
vn 0.9809 -0.1223 -0.1510
vn 0.9758 0.1875 0.1123
vn 0.4555 0.5994 0.6582
vn 0.6277 0.0585 0.7763
vn 0.9456 0.2886 0.1503
vn 0.8247 0.0224 0.5652
vn 0.1098 0.7750 -0.6224
vn 0.3113 0.7739 -0.5515
vn 0.4386 0.5266 -0.7283
vn -0.3880 -0.0041 0.9216
vn 0.2013 0.0862 0.9757
vn 0.0181 0.2846 0.9585
vn 0.0561 0.7126 0.6994
vn -0.1694 0.7787 0.6040
vn -0.4943 0.4170 0.7627
vn -0.3161 0.3332 0.8883
vn -0.1877 -0.1090 -0.9762
vn -0.2483 -0.3169 -0.9154
vn 0.0192 -0.9979 0.0612
vn 0.5176 -0.8104 0.2744
vn -0.0000 -1.0000 -0.0000
vn 0.6982 0.7149 -0.0396
vn 0.6481 0.5759 0.4983
vn 0.8582 0.2740 0.4340
vn 0.9489 -0.1161 0.2934
vn 0.9090 0.4126 0.0584
vn 0.9484 -0.2797 0.1492
vn 0.7002 0.5135 0.4961
vn 0.0574 0.7397 -0.6704
vn 0.8034 0.4577 0.3808
vn 0.3903 0.6043 -0.6946
vn -0.7604 0.4858 0.4311
vn -0.0003 0.8988 0.4384
vn 0.8041 0.5468 -0.2333
vn -0.0021 0.8230 0.5680
vn 0.1035 0.8239 0.5572
vn 0.1567 0.6577 0.7368
vn -0.0058 0.4154 -0.9096
vn -0.0915 0.6067 -0.7897
vn -0.0190 0.8599 -0.5101
vn -0.0362 0.0413 -0.9985
vn 0.2533 0.1305 -0.9585
vn 0.1701 0.0883 -0.9815
vn 0.0280 -0.0000 0.9996
vn 0.1693 -0.0087 0.9855
vn 0.2069 -0.0163 0.9782
vn 0.1150 -0.1939 0.9742
vn 0.0235 -0.0050 0.9997
vn -0.8026 -0.4856 0.3465
vn 0.8617 0.0480 0.5052
vn -0.6613 0.0719 0.7467
vn -0.9745 -0.0244 0.2232
vn -0.5361 0.7813 0.3196
vn -0.5365 0.5250 -0.6607
vn -0.6751 0.1827 -0.7147
vn -0.9655 0.2539 -0.0572
vn -0.7824 0.6227 -0.0098
vn -0.3015 0.8856 -0.3532
vn -0.1071 0.9941 -0.0141
vn -0.7803 0.4966 0.3801
vn -0.8936 0.3849 0.2310
vn -0.8840 0.3912 -0.2557
vn -0.6121 0.7184 0.3305
vn -0.7915 0.5017 0.3490
vn -0.7275 0.6793 0.0964
vn 0.3481 -0.8787 0.3267
vn 0.1779 -0.9624 -0.2053
vn -0.1625 0.3321 0.9291
vn -0.0903 -0.8818 -0.4629
vn -0.1378 -0.9896 0.0410
vn -0.9476 -0.2323 -0.2195
vn 0.0348 0.5484 0.8355
vn 0.0642 0.8193 0.5698
vn -0.9965 0.0793 -0.0245
vn 0.0404 0.4062 0.9129
vn 0.3587 0.5071 0.7837
vn -0.2776 -0.7998 -0.5322
vn -0.2262 -0.9518 0.2073
vn 0.9277 -0.3718 -0.0343
vn -0.0064 -0.9863 -0.1650
vn 0.7683 -0.5029 -0.3959
vn 0.6105 0.7585 -0.2278
vn 0.7650 0.6313 0.1279
vn 0.8186 0.5696 -0.0736
vn 0.5765 0.6738 -0.4621
vn 0.7477 0.1687 -0.6423
vn 0.1331 0.7437 -0.6551
vn 0.0653 0.9469 -0.3149
vn -0.8652 -0.0825 0.4945
vn 0.7070 0.7072 0.0001
vn 0.0290 -0.1736 0.9844
vn -0.7641 0.1771 0.6202
vn -0.6779 0.3287 0.6576
vn -0.8540 -0.3387 0.3950
vn -0.7829 -0.4683 0.4097
vn -1.0000 -0.0000 0.0001
vn 0.6619 0.7442 -0.0903
vn 0.6743 0.7358 -0.0623
vn 0.3751 0.9075 0.1891
vn 0.7876 0.5702 0.2336
vn 0.5219 0.8238 0.2214
vn 0.0267 0.9990 -0.0347
vn -0.7068 -0.0221 0.7070
vn -0.6058 -0.5141 0.6072
vn -0.4534 -0.6916 0.5623
vn -0.7088 0.0109 0.7053
vn -0.8369 -0.0383 0.5461
vn 0.4749 0.2013 -0.8567
vn 0.4398 0.0057 -0.8981
vn 0.5793 0.0072 -0.8151
vn -0.0048 -0.9970 -0.0767
vn 0.5165 -0.8559 0.0251
vn 0.3504 -0.9020 -0.2521
vn 0.7096 0.5518 -0.4381
vn 0.2248 -0.8566 -0.4644
vn 0.9388 0.3394 -0.0595
vn 0.7379 0.1116 0.6656
vn 0.9008 0.2584 0.3489
vn 0.2142 0.0105 0.9767
vn 0.8814 -0.0495 -0.4698
vn 0.7307 0.1278 0.6707
vn -0.1356 0.1638 -0.9771
vn -0.0225 0.1115 -0.9935
vn -0.6559 0.2791 -0.7013
vn -0.0099 0.1302 -0.9914
vn -0.1227 0.4144 -0.9018
vn 0.0618 0.0802 0.9949
vn 0.2170 -0.2471 0.9444
vn 0.0075 -0.1785 0.9839
vn 0.9291 -0.0141 0.3696
vn 0.9547 -0.0297 0.2962
vn 0.7792 0.6092 0.1471
vn 0.2839 0.2096 0.9357
vn 0.2943 0.0678 0.9533
vn 0.4410 0.0366 0.8967
vn 0.7617 0.0462 0.6463
vn 0.3442 0.0568 0.9372
vn 0.8198 -0.4084 0.4014
vn 0.6818 -0.1742 0.7105
vn 0.9692 0.0849 0.2314
vn 0.0415 -0.0378 0.9984
vn -0.2082 -0.9347 -0.2882
vn 0.0008 -1.0000 -0.0061
vn 0.1689 -0.9678 -0.1869
vn 0.1289 -0.8519 -0.5077
vn 0.1219 -0.5981 -0.7921
vn 0.0018 -1.0000 -0.0097
vn 0.0671 -0.9604 -0.2704
vn -0.0828 0.8921 0.4442
vn -0.0419 0.8470 0.5299
vn 0.0272 0.4631 0.8859
vn -0.0656 0.5562 0.8284
vn -0.3230 0.7901 0.5210
vn -0.9223 0.2204 0.3174
vn -0.7870 0.5655 0.2467
vn -0.1450 -0.6582 -0.7388
vn -0.0771 -0.4292 -0.8999
vn -0.5015 -0.6733 -0.5433
vn -0.8938 -0.3444 -0.2873
vn -0.9992 -0.0389 0.0116
vn -0.9171 -0.2766 0.2871
vn -0.8919 -0.4067 0.1978
vn -0.9819 -0.0543 0.1813
vn -0.7441 -0.1951 -0.6389
vn -0.6492 -0.2363 -0.7229
vn -0.0850 -0.5241 -0.8474
vn 0.0571 0.5845 -0.8094
vn -0.4506 0.3579 -0.8179
vn 0.5184 0.8038 -0.2918
vn 0.8176 0.4916 0.2998
vn 0.8850 0.4014 0.2361
vn 0.1020 -0.0891 0.9908
vn 0.5853 0.4251 0.6904
vn -0.7815 0.3776 0.4967
vn 0.5759 0.4945 -0.6510
vn 0.6161 0.3892 -0.6848
vn 0.5514 0.5598 -0.6185
vn 0.4872 0.8700 -0.0759
vn 0.8472 0.5249 0.0822
vn 0.7567 0.4482 -0.4759
vn -0.8744 -0.2570 0.4115
vn -0.5423 -0.8402 -0.0000
vn -0.4141 -0.8718 -0.2615
vn -0.9106 -0.2948 0.2895
vn 0.1224 -0.4811 -0.8681
vn -0.7034 0.1643 -0.6916
vn -0.7898 0.6116 0.0460
vn -0.6753 -0.3452 -0.6518
vn -0.1488 -0.8779 -0.4552
vn -0.0271 -0.9983 -0.0513
vn -0.0045 -0.9850 -0.1724
vn -0.3305 -0.8978 -0.2910
vn -0.2707 -0.9371 -0.2204
vn -0.1565 -0.9713 -0.1792
vn -0.1201 -0.9816 0.1485
vn -0.1388 -0.1181 -0.9833
vn -0.3828 0.1642 -0.9091
vn 0.6972 -0.3315 -0.6357
vn 0.0395 0.2654 -0.9633
vn -0.4599 -0.1300 -0.8784
vn -0.3601 0.3802 -0.8519
vn -0.8658 0.4290 -0.2575
vn 1.0000 0.0001 0.0002
vn 0.3867 -0.4126 0.8248
vn 0.8126 -0.3980 0.4258
vn -0.1850 -0.7396 0.6472
vn 0.9274 0.1249 0.3525
vn 0.8790 -0.0379 0.4752
vn 0.4818 0.1690 0.8598
vn 0.3016 -0.2503 0.9200
vn 0.6911 -0.6419 0.3324
vn -0.5994 0.0499 -0.7989
vn -0.2906 -0.0310 -0.9564
vn -0.5691 0.1497 -0.8086
vn -0.1496 0.0403 -0.9879
vn -0.7917 0.0574 -0.6082
vn -0.8608 0.0282 0.5082
vn 0.9981 0.0609 0.0088
vn 0.7856 -0.4755 0.3959
vn 0.3028 -0.9530 -0.0000
vn -0.0623 0.8199 0.5692
vn -0.0240 0.9210 0.3889
vn -0.2877 0.9519 0.1059
vn -0.5982 0.7979 -0.0738
vn -0.4471 0.5559 0.7008
vn -0.0761 0.3244 0.9428
vn -0.0570 0.5651 0.8231
vn -0.2177 0.2931 0.9310
vn -0.5409 0.8375 0.0772
vn -0.0955 0.9954 -0.0124
vn -0.8205 -0.0088 0.5715
vn -0.7802 0.5840 0.2241
vn -0.9885 0.1400 0.0575
vn -0.6048 0.3560 0.7124
vn -0.5412 0.8374 0.0773
vn -0.2986 0.6783 -0.6714
vn 0.0035 0.7819 -0.6234
vn -0.0013 0.5012 -0.8653
vn -0.0419 0.7974 -0.6020
vn -0.6690 0.4008 -0.6259
vn -0.5297 0.5247 -0.6664
vn -0.4967 0.4726 -0.7280
vn -0.0640 -0.0292 0.9975
vn 0.0836 -0.1999 0.9762
vn 0.2106 0.1216 0.9700
vn -0.1347 0.5444 0.8280
vn 0.4827 0.5370 0.6919
vn 0.1825 0.8982 0.3999
vn -0.0413 -0.2720 0.9614
vn 0.4187 0.5323 0.7358
vn 0.3554 0.6648 0.6570
vn 0.4255 0.6783 0.5991
vn 0.4212 0.6835 0.5962
vn 0.1535 0.5413 0.8267
vn -0.3133 0.3206 0.8939
vn -0.1355 0.0081 -0.9907
vn 0.1771 -0.3849 -0.9058
vn 0.0015 -0.1245 -0.9922
vn -0.0837 -0.0374 -0.9958
vn -0.0542 -0.0407 -0.9977
vn -0.0385 -0.7755 -0.6302
vn -0.0971 -0.4324 -0.8964
vn -0.7546 0.2167 -0.6193
vn -0.9278 0.1712 -0.3314
vn 0.1865 0.1224 -0.9748
vn 0.0734 0.5734 -0.8159
vn -0.0680 0.4437 -0.8936
vn -0.0080 0.7987 0.6016
vn -0.7361 -0.6765 -0.0246
vn -0.9360 0.3077 0.1708
vn -0.0347 0.7910 0.6108
vn 0.1117 0.8095 0.5764
vn -0.9469 0.3121 -0.0779
vn 0.1415 0.7919 0.5940
vn 0.1872 -0.9264 0.3267
vn -0.0113 -0.9641 0.2652
vn 0.1739 -0.9462 0.2730
vn 0.6097 -0.6491 0.4549
vn -0.0038 -0.9864 0.1640
vn 0.1960 -0.9560 0.2181
vn -0.0105 -0.9691 0.2466
vn 0.1977 0.8814 -0.4290
vn 0.4623 0.8806 -0.1038
vn 0.5630 0.7881 -0.2490
vn 0.3193 0.7754 -0.5448
vn 0.1339 0.9699 -0.2034
vn 0.4630 0.4035 -0.7892
vn 0.5851 0.3265 -0.7423
vn -0.6796 0.3053 0.6670
vn -0.8105 0.4015 0.4264
vn -0.6891 -0.5037 0.5211
vn -0.2405 -0.6000 0.7630
vn -0.8753 -0.4426 0.1947
vn -0.6587 0.3387 0.6719
vn -0.6378 0.3763 0.6720
vn -0.6911 0.3924 0.6069
vn -0.2292 0.1463 0.9623
vn -0.8792 0.3187 0.3541
vn -0.8410 0.3697 0.3951
vn 0.2212 -0.9751 -0.0155
vn 0.0394 -0.9983 0.0435
vn 0.4667 -0.8026 0.3715
vn 0.7950 -0.4761 -0.3760
vn 0.6890 -0.6370 -0.3458
vn 0.1239 -0.9333 0.3371
vn 0.6785 0.6707 -0.2998
vn 0.6277 -0.7139 0.3105
vn 0.8055 -0.4994 0.3189
vn 0.0347 0.8409 0.5401
vn 0.8998 0.3364 0.2780
vn -0.9959 -0.0416 -0.0803
vn -0.7886 0.6093 0.0828
vn 0.2098 0.5308 -0.8211
vn -0.0311 -0.3458 -0.9378
vn -0.0691 -0.4682 -0.8809
vn -0.5791 0.0721 -0.8121
vn -0.0824 -0.9955 -0.0458
vn 0.0484 -0.8979 0.4376
vn 0.0657 -0.9973 0.0335
vn -0.0687 -0.9976 -0.0118
vn 0.0003 -0.9999 -0.0137
vn -0.0525 -0.9981 -0.0330
vn -0.0154 -0.8797 -0.4753
vn 0.5938 -0.6788 0.4320
vn -0.0874 0.7228 -0.6855
vn 0.8395 0.0639 0.5396
vn 0.0023 0.7006 0.7136
vn 0.7513 -0.1798 0.6350
vn 1.0000 0.0005 -0.0002
vn 0.3572 0.8034 0.4764
vn 0.6829 0.5097 0.5233
vn 0.9999 -0.0055 -0.0111
vn 0.6380 0.7453 -0.1938
vn 0.1807 0.2897 -0.9399
vn -0.3396 -0.1224 -0.9326
vn -0.2581 -0.2814 -0.9242
vn 0.0854 -0.4767 -0.8749
vn -0.1862 0.0754 -0.9796
vn -0.7449 -0.4003 -0.5338
vn -0.8635 0.0440 0.5025
vn 0.1788 -0.0088 -0.9839
vn -0.5682 0.5518 -0.6105
vn -0.1169 -0.8436 -0.5242
vn -0.1089 -0.9544 0.2780
vn -0.1951 -0.6401 -0.7431
vn 0.4603 -0.2668 -0.8467
vn 0.4729 0.8701 0.1387
vn 0.4337 0.9011 -0.0000
vn 0.0459 0.9576 0.2845
vn 0.2271 0.9470 0.2274
vn 0.4083 0.0203 -0.9126
vn 0.9991 0.0014 -0.0413
vn 0.5088 -0.8608 0.0064
vn 0.7892 -0.2745 -0.5494
vn 0.9930 0.1138 0.0307
vn 0.8694 -0.4497 0.2047
vn -0.5895 0.5076 0.6283
vn -0.5677 0.5887 0.5755
vn -0.5785 0.6889 0.4368
vn -0.6902 -0.0363 0.7227
vn -0.5534 0.2060 0.8070
vn -0.7197 0.5306 0.4477
vn 0.1087 0.2258 -0.9681
vn 0.0110 -0.1447 -0.9894
vn 0.2763 -0.1889 -0.9423
vn 0.0141 -0.4872 -0.8732
vn -0.8428 -0.4768 0.2497
vn 0.9841 0.0771 -0.1602
vn 0.3937 -0.3210 -0.8614
vn -0.1153 -0.0296 -0.9929
vn -0.1110 0.0099 -0.9938
vn -0.0645 -0.5662 -0.8218
vn -0.1057 -0.1829 -0.9774
vn -0.5947 -0.7652 0.2466
vn -0.6408 -0.7121 0.2870
vn -0.9663 -0.1865 0.1777
vn -0.4807 -0.1485 0.8642
vn -0.1829 0.9049 -0.3843
vn -0.1262 0.8781 -0.4615
vn -0.2109 0.9767 0.0406
vn -0.1174 0.9891 -0.0894
vn -0.4646 0.8618 -0.2035
vn 0.1533 0.8202 -0.5512
vn 0.1373 0.9521 0.2732
vn 0.2574 0.9276 0.2709
vn 0.2317 0.9727 0.0130
vn -0.1720 0.9553 0.2406
vn 0.0533 0.7389 0.6717
vn -0.1353 0.9890 -0.0601
vn -0.6501 -0.1151 0.7511
vn -0.3080 -0.6559 0.6892
vn -0.2719 -0.1223 0.9545
vn -0.5869 -0.1607 0.7935
vn -0.5600 -0.5212 0.6441
vn -0.3552 -0.0871 0.9307
vn 0.8590 0.0942 -0.5033
vn 0.6908 0.3199 -0.6484
vn 0.1400 0.9843 -0.1075
vn 0.5240 0.6254 -0.5782
vn 0.8861 -0.3708 0.2781
vn 0.8120 0.0663 0.5799
vn 0.0791 0.4115 0.9080
vn -0.5088 -0.1619 0.8455
vn -0.0150 -0.6428 0.7659
vn 0.0749 -0.5947 0.8004
vn -0.5888 -0.3433 0.7317
vn 0.0795 -0.3410 0.9367
vn -0.0939 -0.4094 0.9075
vn -0.5934 -0.2588 0.7622
vn -0.0651 -0.8119 0.5801
vn -0.5154 -0.8515 -0.0965
vn 0.0186 -0.8662 0.4993
vn -0.0448 -0.5671 0.8224
vn -0.0718 -0.8741 0.4804
vn 0.2048 -0.8634 0.4611
vn 0.2185 -0.7458 0.6294
vn 0.8633 0.3220 0.3886
vn 0.8964 -0.1278 0.4244
vn 0.8513 0.5170 -0.0892
vn 0.7165 0.6928 0.0816
vn 0.6676 0.6494 0.3642
vn -0.0124 0.4529 0.8915
vn 0.7033 0.1429 0.6964
vn -0.1195 -0.9080 -0.4016
vn 0.0046 -0.4812 0.8766
vn -0.1835 -0.4302 0.8839
vn -0.0014 -0.6116 0.7912
vn 0.2537 -0.4271 0.8679
vn 0.1198 -0.4082 0.9050
vn 0.0025 -0.8325 0.5540
vn 0.0431 0.0084 -0.9990
vn 0.0531 -0.1487 -0.9875
vn 0.0859 0.7043 -0.7047
vn 0.4239 0.2264 -0.8769
vn 0.0828 0.5254 -0.8468
vn -0.0443 0.1766 -0.9833
vn 0.0524 0.1443 -0.9881
vn -0.1347 0.3740 -0.9176
vn -0.9084 0.2743 -0.3157
vn -0.8838 0.3108 -0.3496
vn -0.1235 0.6540 -0.7463
vn -0.3304 0.8162 -0.4740
vn -0.2670 0.7580 -0.5951
vn -0.1051 0.5395 -0.8354
vn -0.0989 -0.9937 -0.0533
vn -0.5268 -0.4377 0.7286
vn -0.0580 -0.9345 -0.3513
vn -0.9487 -0.2711 -0.1626
vn -0.2003 -0.9304 0.3068
vn -0.2282 0.5441 0.8074
vn -0.1357 0.0643 0.9887
vn -0.0612 0.5216 0.8510
vn -0.2912 0.7998 0.5250
vn -0.7901 0.4280 0.4389
vn -0.0312 0.7796 0.6255
vn -0.4848 0.0529 0.8730
vn 0.8605 -0.2577 -0.4395
vn 0.9993 -0.0097 0.0350
vn 0.8708 -0.4894 -0.0466
vn 0.7147 -0.4624 -0.5247
vn 0.9945 -0.0504 -0.0918
vn 0.4334 -0.8880 -0.1538
vn 0.7739 -0.6231 -0.1128
vn 0.0425 -0.6568 -0.7529
vn 0.1054 -0.9264 -0.3615
vn 0.4239 -0.9057 -0.0087
vn 0.1708 -0.9646 -0.2009
vn 0.2833 -0.9148 -0.2878
vn 0.0769 0.0423 -0.9961
vn 0.0887 0.0374 -0.9954
vn 0.0811 0.0219 -0.9965
vn 0.0278 0.0620 -0.9977
vn -0.1286 0.0785 -0.9886
vn 0.5910 0.5046 -0.6294
vn 0.3651 0.4660 -0.8059
vn 0.3578 0.4048 -0.8415
vn 0.8084 0.4919 -0.3235
vn 0.7220 0.3655 -0.5874
vn -0.5172 0.6708 -0.5315
vn 0.9209 0.3149 0.2299
vn -0.2046 0.9088 0.3635
vn -0.3424 0.8874 0.3086
vn -0.4745 -0.3185 -0.8206
vn -0.0660 -0.9836 0.1680
vn -0.3288 -0.4919 0.8062
vn -0.1470 -0.2768 0.9496
vn -0.1714 -0.9493 -0.2636
vn -0.5964 -0.7880 0.1528
vn 0.0111 -0.9985 0.0531
vn -0.0729 -0.7661 0.6386
vn -0.9961 0.0886 0.0020
vn -0.9149 0.0249 -0.4029
vn -0.5099 0.7276 0.4589
vn 0.8615 0.3251 0.3901
vn 0.7739 0.1721 0.6094
vn -0.7984 -0.4258 0.4257
vn -0.5369 -0.5966 0.5965
vn -0.5200 0.6611 0.5410
vn 0.9476 -0.2659 -0.1773
vn 0.8874 -0.3688 0.2766
vn -0.4043 0.6468 0.6467
vn 0.7361 -0.1394 0.6623
vn -0.3665 -0.6806 0.6344
vn 0.8242 0.5492 -0.1380
vn 0.4484 0.5816 0.6788
vn -0.0746 -0.9014 -0.4266
vn 0.1387 -0.9392 -0.3141
vn 0.4761 -0.8208 -0.3157
vn 0.2761 0.5309 0.8012
vn 0.0179 0.7628 0.6463
vn 0.0510 0.7891 0.6121
vn 0.0582 0.3121 0.9483
vn -0.0881 0.0563 0.9945
vn 0.0371 0.7386 0.6731
vn 0.2174 0.3592 0.9076
vn -0.3426 -0.8301 -0.4399
vn -0.3591 -0.9296 -0.0827
vn -0.4739 -0.5575 -0.6816
vn -0.1575 -0.9026 -0.4007
vn -0.7765 -0.4509 -0.4401
vn -0.5763 -0.4272 -0.6967
vn -0.6606 -0.7457 -0.0862
vn -0.0023 -0.9997 -0.0252
vn -0.4926 -0.8145 -0.3064
vn -0.6436 -0.5396 -0.5427
vn -0.7069 -0.5564 -0.4367
vn -0.9319 -0.3267 -0.1575
vn -0.4862 -0.7921 0.3690
vn -0.0016 -0.0881 0.9961
vn -0.3854 0.8568 0.3427
vn -0.2658 0.9515 0.1549
vn -0.2975 0.9360 0.1881
vn -0.4427 0.7452 0.4987
vn -0.4817 0.8698 0.1064
vn -0.2297 0.9038 -0.3610
vn 0.4000 0.8712 0.2848
vn 0.4563 0.8470 0.2729
vn 0.4891 0.8366 0.2467
vn 0.3949 0.8554 0.3351
vn 0.4395 0.8352 0.3306
vn 0.2893 0.9198 0.2651
vn -0.0714 0.9618 -0.2643
vn -0.0758 0.9817 0.1748
vn -0.0009 0.9994 -0.0334
vn 0.2813 0.8889 0.3616
vn -0.1852 0.8753 0.4468
vn -0.3024 0.9440 -0.1323
vn 0.9862 0.1059 -0.1275
vn 0.7519 0.4916 -0.4392
vn 0.7203 0.3050 -0.6230
vn 0.9993 0.0378 0.0005
vn 0.9862 -0.0465 0.1587
vn 0.9973 0.0727 0.0124
vn 0.9408 -0.0622 -0.3332
vn 0.9357 -0.3170 -0.1548
vn -0.1257 -0.7312 0.6704
vn -0.4169 -0.7272 0.5453
vn 0.1173 0.8007 -0.5874
vn -0.2160 0.7555 -0.6185
vn -0.0159 0.9043 -0.4265
vn 0.1913 0.2148 -0.9577
vn 0.1046 0.7454 -0.6584
vn 0.1401 -0.2355 0.9617
vn -0.0402 -0.0166 0.9991
vn -0.1581 0.0255 -0.9871
vn 0.0112 0.0412 -0.9991
vn -0.0957 -0.0257 -0.9951
vn 0.0109 -0.0159 -0.9998
vn 0.7668 -0.4517 0.4561
vn 0.9377 -0.1911 0.2900
vn 0.9994 0.0328 -0.0146
vn 0.9692 -0.1028 0.2236
vn 1.0000 -0.0001 0.0064
vn 0.9998 -0.0178 0.0002
vn -0.3278 -0.8916 -0.3124
vn -0.4649 -0.8430 -0.2706
vn -0.7359 -0.5518 -0.3924
vn -0.2426 -0.9317 -0.2705
vn -0.6743 -0.3577 -0.6460
vn -0.4983 -0.6622 -0.5596
vn -0.1192 0.4089 0.9048
vn -0.3672 0.0117 0.9301
vn -0.8926 0.0639 0.4462
vn 0.1583 0.3064 0.9387
vn 0.1184 0.1488 0.9818
vn -0.8020 -0.4010 0.4427
vn 0.0589 -0.7213 0.6901
vn 0.2545 -0.9131 0.3186
vn 0.2291 -0.7226 0.6522
vn 0.1849 -0.9613 0.2044
vn 0.1416 -0.9720 0.1877
vn 0.4484 -0.6901 0.5681
vn -0.8003 0.1566 -0.5788
vn -0.2238 0.7868 -0.5752
vn -0.8071 -0.0000 -0.5904
vn -0.8505 -0.4349 -0.2957
vn -0.5197 0.7418 -0.4239
vn -0.9998 -0.0141 -0.0113
vn -0.3465 0.9307 0.1177
vn -0.5457 0.8107 -0.2121
vn -0.3225 0.9462 0.0269
vn -0.5184 0.6858 0.5108
vn 0.1291 0.7718 0.6226
vn 0.2338 -0.9542 0.1864
vn 0.0751 -0.9292 -0.3619
vn 0.4047 -0.9145 0.0002
vn 0.0781 -0.9849 0.1546
vn -0.9674 -0.2533 0.0006
vn 0.5598 -0.8281 0.0297
vn 0.2125 -0.9718 0.1020
vn 0.9131 0.1385 0.3836
vn 0.5332 0.4068 0.7418
vn 0.9136 0.1844 0.3624
vn 0.9164 0.0909 0.3898
vn 0.5353 0.5407 0.6490
vn -0.3249 -0.7009 0.6349
vn -0.2148 -0.7631 0.6096
vn -0.0114 -0.8588 0.5122
vn 0.2775 -0.1653 -0.9464
vn 0.3639 -0.0874 -0.9273
vn 0.3869 -0.0396 -0.9213
vn 0.7494 -0.0062 -0.6621
vn -0.0357 -0.2954 0.9547
vn 0.0937 -0.2052 0.9742
vn -0.0499 -0.1318 0.9900
vn -0.3627 0.3537 0.8622
vn -0.6029 0.5990 0.5270
vn -0.8372 0.0915 0.5393
vn 0.4805 0.6424 0.5970
vn 0.7099 0.4270 0.5601
vn -0.4957 0.8394 0.2227
vn -0.2757 0.3196 0.9066
vn -0.1072 -0.2816 0.9535
vn -0.5559 -0.4107 0.7227
vn -0.2189 0.3217 0.9212
vn -0.1283 -0.1765 0.9759
vn 0.1027 -0.9937 -0.0450
vn 0.4432 -0.8585 -0.2578
vn 0.1871 -0.9232 -0.3357
vn 0.3109 0.9320 -0.1864
vn 0.4934 0.7659 0.4123
vn 0.7510 0.6131 -0.2452
vn 0.5514 0.5261 0.6474
vn 0.4287 0.8819 0.1960
vn 0.6450 0.4569 -0.6125
vn -0.2491 0.4433 -0.8611
vn -0.7164 -0.2873 -0.6358
vn -0.6894 0.3100 -0.6547
vn -0.0158 0.4418 -0.8970
vn -0.2521 -0.2527 -0.9341
vn -0.1569 0.1771 -0.9716
vn 0.0032 -0.0424 -0.9991
vn 0.1347 -0.4482 -0.8837
vn 0.8702 -0.1730 -0.4614
vn 0.0314 -0.1568 -0.9871
vn 0.5630 -0.5680 -0.6003
vn 0.6615 0.7099 -0.2418
vn 0.4937 0.8676 -0.0597
vn 0.5455 0.8252 0.1463
vn 0.6825 0.7306 -0.0196
vn 0.9388 0.3441 -0.0136
vn 0.8523 0.3500 0.3887
vn 0.4019 0.5608 0.7239
vn -0.0133 0.0057 0.9999
vn -0.0000 -0.1101 0.9939
vn -0.0031 -0.0049 1.0000
vn -0.0541 0.0541 0.9971
vn -0.1439 -0.0206 0.9894
vn -0.0073 0.0010 1.0000
vn -0.0195 -0.6735 0.7389
vn 0.3641 0.8518 0.3766
vn 0.0633 0.9663 -0.2496
vn -0.9440 0.1414 -0.2982
vn -0.4205 0.0092 0.9072
vn -0.9805 -0.0097 0.1965
vn -0.9286 0.3682 -0.0456
vn -0.6885 -0.3910 0.6108
vn -0.6113 0.6254 -0.4850
vn -0.9196 0.3880 -0.0618
vn -0.9428 0.2755 -0.1876
vn -0.8342 0.2366 -0.4981
vn -0.5017 -0.7354 0.4555
vn -0.2427 -0.0000 -0.9701
vn 0.3393 0.1434 -0.9297
vn 0.2760 -0.1955 -0.9411
vn -0.0043 -0.0592 -0.9982
vn 0.5619 0.0097 -0.8271
vn 0.4529 -0.1635 -0.8764
vn 0.5212 -0.4524 -0.7236
vn 0.9690 -0.0327 0.2450
vn 0.2269 -0.4302 0.8737
vn 0.7272 -0.6737 -0.1313
vn 0.0035 0.0003 1.0000
vn 0.2454 0.0046 0.9694
vn -0.0020 0.3473 0.9378
vn -0.0097 0.0003 1.0000
vn 0.1686 -0.3701 -0.9135
vn 0.3642 -0.0398 -0.9305
vn 0.5100 -0.1063 -0.8536
vn 0.3477 -0.1094 -0.9312
vn -0.0369 -0.9752 -0.2184
vn -0.1754 -0.4607 -0.8700
vn -0.2577 -0.3892 -0.8844
vn -0.2615 -0.9624 -0.0736
vn 0.1443 -0.9385 0.3137
vn -0.1417 -0.9834 -0.1136
vn -0.0410 -0.9978 0.0523
vn 0.9992 -0.0041 -0.0399
vn 0.8490 -0.3466 0.3988
vn 0.9989 -0.0405 -0.0214
vn -0.8661 0.3443 0.3625
vn 0.9991 0.0105 -0.0405
vn -0.2835 0.9058 -0.3148
vn 0.9103 0.4080 0.0702
vn 0.8524 0.3387 -0.3984
vn -0.0049 0.7058 -0.7084
vn 0.3196 0.8485 -0.4217
vn 0.0004 1.0000 0.0002
vn 0.1336 0.9852 -0.1072
vn -0.0968 -0.3079 -0.9465
vn -0.0129 0.0474 -0.9988
vn -0.0480 0.1304 -0.9903
vn -0.0121 -0.0987 -0.9950
vn -0.1025 0.1436 -0.9843
vn -0.1007 0.2420 -0.9650
vn -0.6173 -0.5978 -0.5114
vn -0.2527 -0.9464 0.2010
vn -0.2514 -0.9311 0.2643
vn -0.4455 -0.5439 -0.7111
vn -0.9006 -0.4295 0.0661
vn -0.4597 -0.0910 0.8834
vn -0.1211 -0.0316 -0.9921
vn -0.4398 -0.0185 -0.8979
vn -0.0033 -0.0034 -1.0000
vn -0.0809 -0.5940 -0.8004
vn -0.2048 -0.4765 -0.8550
vn -0.2791 -0.1717 0.9448
vn -0.3229 0.6459 0.6918
vn -0.1856 0.6705 0.7183
vn -0.4066 0.0956 0.9086
vn -0.0577 -0.1736 0.9831
vn 0.5517 0.7215 0.4183
vn 0.3768 0.7439 0.5519
vn 0.5268 0.6517 0.5457
vn 0.8002 0.0723 0.5954
vn 0.9411 0.2711 0.2022
vn 0.5664 0.7677 0.2996
vn 0.4422 0.8324 0.3341
vn 0.0210 -0.0812 -0.9965
vn -0.0403 0.8240 -0.5651
vn 0.0075 -0.1411 -0.9900
vn -0.0365 -0.0914 -0.9951
vn 0.0248 0.7717 -0.6355
vn 0.1914 -0.9813 0.0178
vn 0.3071 -0.6753 -0.6706
vn 0.2671 -0.5263 -0.8073
vn 0.0961 -0.9670 -0.2359
vn 0.0081 -0.9999 0.0105
vn 0.1596 -0.9600 -0.2298
vn 0.1351 -0.9095 -0.3932
vn 0.0473 -0.9574 0.2849
vn -0.5131 -0.3613 0.7786
vn -0.4294 -0.8617 -0.2705
vn -0.7288 -0.6790 -0.0886
vn 0.0511 -0.8175 -0.5736
vn 0.3671 -0.8500 -0.3778
vn -0.7459 -0.6631 -0.0627
vn 0.0704 0.5163 0.8535
vn -0.0710 0.6299 0.7734
vn 0.4206 0.7454 -0.5171
vn 0.3562 -0.1444 -0.9232
vn 0.3612 -0.0720 -0.9297
vn 0.4223 0.4496 -0.7871
vn 0.4261 0.2390 -0.8725
vn 0.5840 0.4109 -0.7000
vn 0.7771 0.6252 -0.0726
vn 0.8600 0.3249 -0.3935
vn 0.3941 0.5993 -0.6968
vn 0.4426 0.3677 -0.8179
vn -0.3558 -0.8474 0.3941
vn -0.2924 -0.7851 0.5460
vn -0.0826 -0.9732 0.2147
vn -0.1737 -0.8679 0.4655
vn 0.8478 -0.5017 0.1718
vn 0.2069 -0.9608 -0.1845
vn -0.3567 -0.3243 -0.8761
vn -0.0451 -0.9384 -0.3425
vn -0.5038 -0.7326 -0.4577
vn -0.8301 -0.4385 -0.3445
vn -0.2361 -0.0833 -0.9681
vn -0.2733 -0.9004 -0.3385
vn -0.1347 -0.9730 -0.1873
vn -0.0254 -0.9996 -0.0081
vn -0.2598 -0.7898 -0.5556
vn -0.5666 -0.4271 -0.7047
vn -0.4708 -0.6452 -0.6017
vn -0.9174 0.0781 0.3901
vn -0.7641 0.6386 0.0915
vn -0.4094 0.8932 -0.1861
vn -0.8139 0.3487 0.4648
vn -0.5312 -0.3147 0.7866
vn -0.9009 0.4340 -0.0087
vn -0.3614 0.8787 0.3118
vn 0.4684 -0.8445 -0.2596
vn 0.0899 -0.0839 -0.9924
vn 0.7282 -0.1780 -0.6618
vn 0.9717 0.2300 0.0535
vn -0.0387 -0.6480 -0.7607
vn 0.0146 -0.3942 0.9189
vn 0.0177 -0.6708 0.7414
vn -0.0897 -0.3323 -0.9389
vn -0.0661 -0.7119 -0.6992
vn -0.1490 -0.9311 -0.3328
vn 0.0596 -0.8222 -0.5661
vn 0.0786 0.1880 -0.9790
vn -0.1647 -0.3320 -0.9288
vn -0.0325 -0.1853 -0.9822
vn -0.1869 -0.3471 -0.9190
vn 0.1189 -0.3795 -0.9175
vn 0.4439 -0.8109 -0.3813
vn -0.5831 -0.6088 -0.5379
vn -0.7683 -0.6400 -0.0000
vn -0.5813 -0.8012 0.1419
vn 0.4268 0.3157 -0.8474
vn 0.6000 0.6888 -0.4069
vn 0.8539 0.4860 -0.1862
vn -0.1578 0.8649 0.4765
vn 0.0308 0.9798 -0.1975
vn 0.8038 -0.5560 0.2119
vn 0.9469 -0.1619 0.2779
vn 0.9791 0.0170 -0.2029
vn 0.9533 0.2215 -0.2052
vn -0.5980 -0.2582 0.7588
vn -0.3727 -0.3729 0.8498
vn -0.6059 0.1579 0.7797
vn -0.6640 0.2092 0.7179
vn -0.5252 -0.5644 0.6368
vn -0.2881 -0.8798 0.3780
vn 0.1556 0.7972 0.5833
vn 0.0052 0.8954 -0.4452
vn 0.0146 0.9202 0.3912
vn 0.0774 -0.0553 0.9955
vn -0.6191 0.7006 0.3546
vn -0.1757 0.9237 -0.3406
vn -0.9250 -0.3799 -0.0000
vn -0.9799 -0.1863 -0.0709
vn -0.0238 -0.9525 0.3035
vn -0.4482 -0.7765 -0.4430
vn -0.9688 -0.2243 0.1056
vn 0.0076 0.8633 -0.5046
vn 0.2800 0.9536 -0.1107
vn 0.1601 -0.9470 0.2786
vn 0.9167 -0.3916 0.0793
vn 0.4128 -0.8316 0.3716
vn 0.8754 -0.4309 0.2193
vn 0.8574 -0.2946 0.4221
vn 0.3660 -0.6129 0.7002
vn -0.0277 -0.1557 -0.9874
vn -0.0178 -0.1886 -0.9819
vn 0.0042 -0.5051 -0.8630
vn 0.1503 0.9795 0.1340
vn 0.4948 0.8678 0.0463
vn 0.0613 0.9962 0.0614
vn 0.0427 0.9672 -0.2502
vn 0.1603 0.9818 0.1020
vn 0.3124 0.8898 -0.3325
vn -0.8782 0.4547 0.1482
vn -0.3704 0.9269 -0.0599
vn -0.9028 0.3494 -0.2507
vn -0.8122 0.4511 -0.3700
vn -0.3553 0.8739 -0.3318
vn -0.7863 -0.5763 -0.2226
vn 0.3905 0.8635 0.3191
vn 0.0475 0.7186 0.6938
vn -0.1810 0.9414 0.2847
vn -0.1587 0.7817 0.6031
vn -0.8639 0.4336 0.2562
vn -0.0006 -0.9998 -0.0207
vn 0.0024 -1.0000 0.0023
vn -0.1846 -0.9760 0.1156
vn -0.0612 -0.9564 -0.2855
vn 0.0051 -0.9991 -0.0410
vn -0.0047 -0.9985 -0.0552
vn -0.0694 -0.8922 -0.4462
vn -0.3685 -0.3745 0.8509
vn 0.0166 -0.0210 0.9996
vn -0.6242 -0.6353 0.4547
vn -0.4643 -0.6892 0.5563
vn 0.2585 -0.9362 0.2381
vn 0.2095 -0.9730 0.0972
vn -0.3558 -0.7215 0.5940
vn 0.6187 0.5747 -0.5357
vn 0.7117 0.6564 0.2500
vn 0.7710 0.4694 0.4303
vn 0.7331 -0.1180 -0.6698
vn 0.5545 -0.3879 -0.7362
vn 0.8159 -0.3905 0.4264
vn 0.9073 -0.3713 0.1973
vn 0.5313 -0.7902 0.3055
vn 0.0196 0.0445 -0.9988
vn 0.1009 -0.0084 -0.9949
vn 0.0135 -0.0310 -0.9994
vn 0.2162 -0.1592 -0.9633
vn -0.0117 -0.9999 0.0038
vn -0.0181 -0.8706 0.4917
vn 0.0089 -0.9370 0.3492
vn -0.0046 -1.0000 -0.0054
vn -0.8614 0.2101 -0.4624
vn -0.2619 -0.6862 -0.6786
vn -0.8900 -0.2209 -0.3988
vn -0.6198 -0.5410 -0.5685
vn -0.2561 -0.7534 -0.6056
vn -0.2621 0.6191 0.7403
vn -0.1794 0.5587 0.8097
vn 0.2881 0.5714 0.7684
vn -0.3776 0.7102 0.5942
vn -0.6347 0.3487 0.6896
vn -0.3409 0.8211 0.4577
vn 0.2642 0.9489 -0.1724
vn 0.8773 -0.4640 -0.1225
vn 0.6189 0.1595 -0.7691
vn 0.7725 0.5598 0.2998
vn 0.0866 0.5337 -0.8412
vn 0.4169 0.1689 -0.8931
vn 0.3600 -0.1601 -0.9191
vn 0.9444 0.0964 -0.3145
vn 0.5564 0.3947 -0.7312
vn 0.7934 -0.4840 -0.3692
vn -0.2869 -0.1676 0.9432
vn -0.3731 0.2670 0.8885
vn -0.4887 -0.0647 0.8700
vn 0.6886 -0.4074 0.5999
vn -0.6624 -0.5297 0.5298
vn -0.4904 -0.8347 0.2504
vn -0.8326 -0.4609 0.3072
vn -0.9423 -0.0716 -0.3270
vn -0.5553 0.0694 0.8287
vn 0.3256 0.0374 -0.9448
vn -0.2299 -0.9506 0.2087
vn 0.3346 -0.8583 0.3890
vn -0.1069 -0.8586 0.5013
vn 0.0235 0.4176 -0.9083
vn 0.0532 0.2661 -0.9625
vn -0.0019 0.0722 -0.9974
vn -0.0358 0.2981 -0.9539
vn 0.5723 0.4312 0.6975
vn 0.1579 0.9685 0.1925
vn 0.0970 0.9805 0.1710
vn -0.2849 0.8546 -0.4341
vn -0.4839 0.6609 -0.5736
vn -0.7911 0.4492 -0.4152
vn -0.1566 0.8980 -0.4111
vn -0.1575 0.9434 -0.2918
vn -0.7885 0.5465 -0.2822
vn 0.0281 -0.1840 -0.9825
vn -0.0265 0.0380 -0.9989
vn -0.0330 0.0139 -0.9994
vn 0.6642 0.2125 -0.7167
vn 0.2134 -0.2418 -0.9466
vn 0.1765 0.6863 -0.7056
vn -0.0492 -0.0623 -0.9968
vn 0.8554 0.4481 0.2596
vn 0.8348 0.4786 0.2722
vn 0.8680 -0.0757 0.4908
vn 0.8221 -0.5136 0.2458
vn 0.8862 0.4630 -0.0148
vn 0.8313 0.5546 -0.0374
vn 0.9662 -0.2480 -0.0702
vn 0.2255 -0.8002 -0.5557
vn 0.6248 -0.5252 -0.5778
vn 0.5584 -0.6707 -0.4882
vn -0.9087 -0.1154 -0.4013
vn -0.9842 -0.0911 0.1517
vn -0.1424 -0.9713 -0.1904
vn -0.0273 -0.9583 0.2843
vn -0.0487 -0.9954 0.0827
vn 0.0742 -0.9777 0.1964
vn -0.0648 -0.9979 0.0040
vn 0.0653 -0.9977 -0.0197
vn 0.0991 -0.9794 -0.1762
vn 0.1089 0.9504 -0.2914
vn 0.0369 0.9952 0.0907
vn 0.0321 0.7279 -0.6849
vn 0.2572 0.6749 -0.6917
vn 0.7856 0.5158 0.3418
vn 0.5195 0.4767 -0.7091
vn 0.2409 0.9594 -0.1466
vn 0.1684 0.5813 0.7961
vn 0.3461 0.5157 0.7838
vn 0.4529 0.5726 0.6834
vn 0.4980 0.7477 0.4393
vn 0.8569 0.5112 0.0661
vn 0.9113 0.4004 -0.0958
vn 0.0047 0.8000 -0.6000
vn 0.0072 0.8022 -0.5970
vn 0.0036 0.9916 -0.1292
vn 0.4016 0.5623 -0.7229
vn 0.1726 0.3063 -0.9362
vn 0.1252 0.3555 -0.9263
vn -0.0048 0.6810 -0.7323
vn -0.0039 0.8852 -0.4652
vn 0.4583 0.7775 -0.4306
vn 0.6097 0.4137 -0.6761
vn -0.4875 -0.4332 0.7581
vn -0.7606 -0.4056 0.5069
vn -0.7746 0.5999 0.2001
vn -0.8511 0.4696 0.2349
vn -0.8902 -0.0750 0.4494
vn 0.4083 -0.8164 0.4083
vn -0.2261 -0.2933 0.9289
vn 0.1214 -0.6197 0.7754
vn -0.5091 -0.3645 0.7797
vn -0.2041 -0.3805 -0.9020
vn -0.3654 0.1183 -0.9233
vn -0.1256 -0.8218 -0.5558
vn -0.2236 -0.9228 -0.3137
vn 0.1308 -0.8445 0.5193
vn 0.2471 -0.9129 0.3248
vn 0.0061 -1.0000 0.0060
vn 0.1462 -0.7936 0.5906
vn 0.2212 -0.4887 0.8440
vn 0.6685 -0.6211 0.4090
vn -0.2605 0.3466 -0.9011
vn -0.6704 -0.0705 -0.7387
vn -0.6866 -0.0906 -0.7214
vn -0.6638 -0.1827 -0.7253
vn 0.0051 -0.4151 0.9097
vn -0.0037 -0.4666 0.8845
vn 0.3381 -0.3684 0.8660
vn 0.5335 -0.8138 0.2305
vn -0.0039 -0.7979 0.6027
vn 0.7768 -0.5736 0.2599
vn 0.7850 -0.3009 0.5416
vn 0.1667 0.6380 0.7518
vn 0.1816 0.4525 0.8731
vn 0.7791 0.3954 0.4864
vn 0.0752 0.5841 0.8082
vn -0.9079 0.1097 -0.4046
vn -0.7739 -0.0315 -0.6325
vn -0.8153 -0.0945 -0.5712
vn -0.9109 0.4026 -0.0906
vn -0.9182 0.3532 -0.1792
vn -0.9996 -0.0282 -0.0000
vn -0.9801 0.0433 -0.1938
vn -0.7653 0.0038 -0.6437
vn -0.0058 -0.9659 0.2590
vn -0.0119 -0.9995 0.0276
vn 0.0026 -0.9990 0.0438
vn -0.1862 -0.9482 0.2574
vn 0.0070 -0.8949 0.4462
vn 0.0117 -0.4866 0.8735
vn -0.2931 -0.5429 0.7870
vn -0.0224 -0.2259 0.9739
vn 0.2262 -0.5326 0.8156
vn -0.0380 -0.4377 0.8983
vn 0.1886 -0.2874 0.9391
vn -0.0077 -0.0360 0.9993
vn 0.2579 -0.1727 0.9506
vn 0.6445 -0.7602 0.0818
vn 0.2332 0.8077 -0.5414
vn 0.3512 0.4538 -0.8190
vn 0.0027 0.8082 -0.5889
vn 0.0011 0.9999 -0.0131
vn 0.0425 0.1713 0.9843
vn -0.7320 0.5450 -0.4089
vn -0.6675 -0.4318 0.6067
vn -0.3749 0.1820 -0.9090
vn 0.6587 0.0001 -0.7524
vn -0.5702 0.5885 0.5732
vn -0.7072 -0.6176 0.3442
vn -0.0676 -0.5669 0.8210
vn -0.9765 -0.1942 0.0937
vn -1.0000 -0.0000 0.0002
vn -0.5390 0.3317 0.7742
vn -0.0042 0.9755 0.2200
vn -0.8394 0.5423 -0.0363
vn -0.9232 0.3344 -0.1894
vn 0.0041 0.9162 0.4007
vn -0.2180 0.9758 -0.0155
vn -0.0812 -0.8917 0.4453
vn -0.3334 -0.9414 0.0511
vn 0.5525 -0.5852 0.5935
vn 0.1821 -0.5896 0.7869
vn -0.2674 -0.4561 0.8488
vn -0.2570 -0.7607 0.5960
vn -0.0328 -0.6813 0.7312
vn -0.0433 -0.9826 -0.1807
vn 0.0446 -0.9987 0.0266
vn 0.1488 -0.9888 -0.0142
vn -0.0149 -0.5819 -0.8132
vn -0.0344 -0.9994 -0.0075
vn 0.7960 0.2377 0.5567
vn 0.8754 -0.3637 0.3183
vn 0.3502 -0.1497 -0.9246
vn 0.9643 0.0167 0.2643
vn 0.7833 0.6216 -0.0123
vn -0.1260 0.5803 -0.8046
vn 0.0711 0.8318 -0.5505
vn -0.1293 0.5676 -0.8131
vn 0.0002 1.0000 0.0045
vn -0.0039 0.9928 0.1197
vn 0.8940 0.4480 0.0105
vn 0.0606 0.9941 0.0903
vn 0.9678 0.2475 0.0460
vn 0.0501 0.9980 -0.0396
vn -0.0040 0.1299 0.9915
vn -0.1460 0.3704 0.9173
vn -0.0120 0.3024 0.9531
vn 0.0130 0.0046 0.9999
vn 0.0089 -0.0156 0.9998
vn 0.1791 0.0350 0.9832
vn 0.0814 0.1039 0.9912
vn 0.0103 0.0410 0.9991
vn -0.1420 0.1815 0.9731
vn 0.3182 -0.3062 0.8972
vn 0.1893 0.7102 0.6781
vn -0.0963 0.1818 0.9786
vn -0.0839 -0.0000 0.9965
vn -0.2782 -0.2659 0.9230
vn -0.6179 -0.7503 0.2349
vn -0.6117 0.4770 -0.6311
vn -0.2168 -0.6974 -0.6832
vn -0.5793 -0.8149 -0.0213
vn -0.2226 -0.8234 -0.5220
vn 0.4011 -0.9110 0.0958
vn 0.3793 -0.5410 -0.7506
vn -0.4562 -0.7759 -0.4358
vn 0.2908 -0.7745 -0.5618
vn -0.8866 -0.4470 -0.1190
vn -0.6544 -0.5905 0.4722
vn 0.0260 -0.0368 0.9990
vn -0.0339 -0.0303 0.9990
vn 0.0199 0.0685 0.9975
vn -0.0150 0.0586 0.9982
vn -0.0557 -0.0560 0.9969
vn -0.0515 -0.5404 0.8398
vn -0.0432 0.6973 -0.7154
vn 0.0143 0.8517 -0.5238
vn 0.1682 0.9843 -0.0537
vn 0.1470 0.6040 -0.7833
vn -0.1498 -0.2471 -0.9573
vn -0.9069 0.3912 0.1569
vn -0.8921 0.4511 0.0280
vn -0.8697 -0.1255 0.4773
vn -0.8028 -0.1549 0.5757
vn 0.0336 -0.7020 0.7113
vn -0.2255 -0.2231 0.9484
vn 0.7493 0.4685 -0.4681
vn 0.7633 0.6068 -0.2219
vn 0.7181 0.6540 -0.2379
vn 0.0485 0.9310 -0.3618
vn 0.3296 0.9343 0.1358
vn -0.1226 -0.6005 0.7902
vn -0.4249 -0.8272 0.3676
vn -0.5552 -0.3276 0.7645
vn -0.0990 -0.9902 0.0990
vn 0.1411 -0.9875 0.0705
vn -0.4922 -0.0580 0.8686
vn 0.0059 -0.7071 0.7070
vn 0.1995 -0.7705 0.6054
vn -0.5735 -0.6212 -0.5341
vn -0.8401 -0.5302 -0.1144
vn -0.5527 -0.8278 0.0966
vn -0.0478 -0.8672 -0.4956
vn -0.5147 -0.2584 -0.8175
vn -0.9119 -0.3307 -0.2429
vn 0.1220 -0.9806 0.1536
vn -0.1418 -0.9818 0.1261
vn -0.7270 -0.6657 0.1681
vn -0.1232 -0.9840 0.1284
vn -0.8013 -0.5656 0.1949
vn 0.3411 0.8868 -0.3118
vn 0.4697 0.8697 -0.1513
vn 0.0679 -0.0283 0.9973
vn 0.3920 -0.4000 0.8285
vn 0.2795 -0.4340 0.8565
vn 0.4866 -0.0567 0.8718
vn 0.5671 0.4756 0.6724
vn 0.5693 0.1482 0.8087
vn 0.4339 -0.7785 0.4535
vn 0.1267 -0.2783 0.9521
vn -0.7234 -0.3216 -0.6110
vn 0.0185 -0.7744 -0.6325
vn 0.0027 -0.9999 0.0117
vn -0.0733 -0.9147 0.3975
vn 0.1827 -0.9506 0.2508
vn 0.2969 -0.9512 0.0835
vn -0.0037 -1.0000 0.0006
vn -0.0112 -0.9999 -0.0043
vn 0.0543 -0.8891 -0.4546
vn -0.0182 -0.9998 0.0066
vn -0.0847 -0.9950 -0.0520
vn -0.0515 -0.9341 0.3532
vn -0.3833 -0.2415 -0.8915
vn -0.3029 -0.7929 -0.5288
vn -0.5653 -0.0283 -0.8244
vn -0.9740 0.1218 -0.1909
vn -0.8174 0.1670 -0.5513
vn -0.0333 0.0417 -0.9986
vn 0.8264 0.3980 0.3983
vn 0.4006 -0.8432 0.3584
vn 0.6789 0.1119 -0.7256
vn -0.8107 -0.4140 0.4140
vn -0.4394 -0.5939 0.6739
vn 0.5281 0.1565 0.8346
vn -0.0945 0.0398 0.9947
vn 0.5448 0.5563 -0.6275
vn 0.2772 -0.4158 0.8662
vn 0.4682 0.8806 -0.0727
vn 0.5735 0.8191 -0.0112
vn 0.5163 0.7907 -0.3289
vn 0.0838 0.9819 -0.1698
vn 0.0822 0.9811 -0.1754
vn 0.5031 0.8387 -0.2084
vn 0.5814 0.8065 -0.1075
vn -0.2332 0.9629 -0.1360
vn 0.0252 0.9996 0.0086
vn -0.0025 1.0000 -0.0041
vn -0.3071 0.5694 -0.7625
vn -0.1359 0.6389 -0.7572
vn -0.1610 0.9588 -0.2339
vn 0.6269 0.3626 0.6895
vn 0.6360 0.3616 0.6817
vn 0.7878 0.4445 0.4263
vn 0.6204 0.4123 0.6672
vn 0.5765 0.3095 0.7563
vn 0.5843 0.4209 0.6939
vn 0.9274 0.2679 0.2612
vn -0.6797 -0.0636 0.7307
vn -0.8146 -0.2505 0.5231
vn -0.5911 -0.7776 0.2145
vn -0.7883 -0.4555 0.4136
vn 0.9789 -0.1096 0.1727
vn 0.1317 0.8570 0.4982
vn 0.0917 0.6064 0.7898
vn -0.1053 0.4678 0.8775
vn -0.0086 0.4636 0.8860
vn -0.0321 0.6483 0.7607
vn -0.0163 0.9977 -0.0660
vn 0.0087 0.2637 0.9646
vn -0.0131 0.9952 -0.0971
vn 0.0051 0.9615 0.2748
vn -0.0000 0.8072 0.5902
vn -0.0116 0.3324 0.9431
vn -0.0323 0.6516 0.7578
vn 0.9999 -0.0121 0.0099
vn 0.9996 -0.0241 0.0122
vn -0.2324 -0.8928 0.3857
vn 0.1780 0.0138 -0.9839
vn -0.8272 0.0827 -0.5557
vn -0.7044 0.2087 -0.6785
vn 0.1356 0.0134 -0.9907
vn 0.1659 -0.0046 -0.9861
vn 0.2556 0.1660 -0.9524
vn 0.1438 -0.0074 -0.9896
vn 0.2587 -0.7003 -0.6653
vn 0.1993 0.1520 -0.9681
vn 0.6315 0.2200 -0.7435
vn -0.0025 -0.7053 -0.7089
vn -0.0061 0.1043 -0.9945
vn 0.4580 -0.6928 -0.5569
vn 0.1834 -0.9573 -0.2236
vn 0.0203 -0.9813 -0.1916
vn -0.4773 0.0127 0.8787
vn -0.8544 0.4496 0.2605
vn -0.9992 0.0034 -0.0401
vn -0.7108 0.3790 -0.5926
vn -0.8932 0.4472 -0.0466
vn -0.9859 0.1428 -0.0870
vn -0.9394 0.2848 0.1910
vn -0.9483 -0.2806 0.1485
vn -0.7825 0.5888 0.2026
vn -0.0722 -0.9971 0.0221
vn 0.0889 -0.9586 0.2704
vn -0.3417 -0.9398 -0.0001
vn -0.1013 -0.5568 -0.8244
vn -0.0503 -0.9836 0.1731
vn 0.1274 -0.8988 -0.4195
vn 0.8700 0.4558 -0.1879
vn 0.3314 -0.6685 -0.6658
vn -0.1536 -0.3520 -0.9233
vn -0.0253 -0.4402 -0.8975
vn -0.0445 -0.9679 -0.2472
vn 0.1884 -0.7011 -0.6877
vn 0.2229 0.6232 0.7496
vn 0.3644 0.3168 0.8757
vn 0.4381 0.0514 0.8974
vn 0.3905 0.9072 0.1566
vn 0.1294 0.9755 0.1780
vn 0.2049 0.8505 0.4844
vn 0.6936 0.5593 0.4539
vn 0.5538 0.8327 -0.0049
vn 0.2678 0.8128 0.5174
vn 0.4505 0.4650 -0.7621
vn -0.0757 0.7899 -0.6085
vn -0.4130 0.2738 -0.8686
vn 0.2613 0.5941 -0.7608
vn 0.6641 0.2587 -0.7015
vn 0.6039 0.7677 -0.2145
vn 0.2336 -0.2037 -0.9508
vn 0.1341 -0.9263 0.3520
vn 0.0362 -0.9591 0.2808
vn -0.2238 -0.9139 -0.3386
vn 0.5123 0.8513 0.1135
vn 0.6136 0.4661 0.6374
vn 0.3224 0.9248 0.2021
vn -0.5601 0.8283 0.0145
vn -0.1232 0.9922 -0.0214
vn -0.0106 -0.8032 0.5957
vn 0.0388 0.8924 -0.4496
vn 0.0331 0.7485 -0.6624
vn -0.0133 0.5180 -0.8553
vn -0.2180 -0.3234 0.9208
vn -0.0379 -0.4316 0.9013
vn -0.0309 -0.3812 0.9240
vn 0.1667 -0.1268 0.9778
vn -0.1615 -0.2070 0.9649
vn -0.1344 0.9891 -0.0604
vn -0.2134 0.7991 -0.5620
vn -0.4492 0.6091 -0.6537
vn -0.1474 -0.9845 -0.0945
vn 0.0595 -0.9968 0.0539
vn -0.0440 -0.4581 -0.8878
vn 0.1924 -0.3717 -0.9082
vn -0.0520 -0.5279 -0.8477
vn 0.0799 -0.5481 -0.8326
vn -0.0518 -0.6424 -0.7646
vn 0.2622 -0.4446 -0.8565
vn 0.5004 -0.2064 0.8408
vn 0.5584 0.0950 0.8241
vn 0.6710 0.0186 0.7412
vn 0.4759 -0.6090 -0.6345
vn 0.8472 -0.5306 0.0257
vn 0.8787 -0.4658 0.1043
vn -0.0366 0.9048 -0.4243
vn -0.0217 0.7448 -0.6669
vn -0.5590 0.7890 0.2549
vn -0.5987 0.6779 0.4267
vn 0.0026 0.9284 -0.3717
vn 0.0150 0.9657 -0.2593
vn -0.1267 0.7706 -0.6246
vn -0.2318 -0.6349 -0.7370
vn 0.9858 0.0388 -0.1635
vn 0.9328 0.0654 0.3544
vn 0.7947 -0.5952 0.1192
vn 0.6674 -0.7086 -0.2291
vn 0.8534 0.1729 -0.4917
vn 0.7543 -0.1459 -0.6400
vn 0.9836 -0.1696 -0.0609
vn 0.1277 0.5319 -0.8371
vn 0.6000 0.4679 -0.6489
vn 0.2716 0.5021 -0.8210
vn 0.0253 0.5141 -0.8573
vn 0.1794 0.5116 -0.8403
vn -0.0530 0.0824 -0.9952
vn -0.0151 0.1126 -0.9935
vn -0.0159 0.0020 -0.9999
vn -0.0856 -0.0122 -0.9963
vn 0.0853 0.0228 -0.9961
vn -0.8537 -0.5098 0.1060
vn -0.2252 -0.9499 0.2167
vn -0.2315 -0.8681 0.4390
vn -0.8778 -0.2394 0.4149
vn -0.6640 -0.7390 -0.1140
vn 0.0178 -0.7859 -0.6181
vn 0.4169 -0.7545 -0.5069
vn -0.0194 0.7368 -0.6758
vn 0.1567 0.9836 0.0892
vn -0.2161 0.5082 -0.8337
vn -0.7069 0.5781 -0.4077
vn -0.8028 0.5799 -0.1387
vn -0.6605 0.7498 0.0399
vn -0.6219 0.6555 -0.4284
vn -0.5202 0.6736 -0.5250
vn -0.8000 -0.5999 0.0099
vn -0.8944 -0.4472 -0.0000
vn -0.6552 -0.4395 -0.6145
vn -0.4963 -0.8199 -0.2853
vn 0.9494 0.3138 -0.0166
vn 0.9420 0.3223 0.0934
vn -0.2334 -0.7356 -0.6359
vn -0.4609 -0.5482 -0.6979
vn -0.7397 0.4867 0.4648
vn -0.0667 -0.9299 -0.3616
vn -0.5954 -0.7793 -0.1955
vn -0.5483 -0.8123 0.1988
vn -0.7614 -0.5266 0.3780
vn -0.4756 -0.3659 0.8000
vn -0.1289 -0.7662 0.6295
vn -0.1056 0.0599 0.9926
vn 0.5115 0.6814 0.5235
vn -0.1331 -0.0058 0.9911
vn -0.1847 -0.3837 0.9048
vn -0.2385 0.1951 0.9513
vn 0.5876 -0.8086 -0.0304
vn 0.6809 -0.6230 0.3852
vn 0.8642 -0.3867 0.3220
vn -0.0386 -0.7316 -0.6806
vn -0.3064 0.9315 -0.1960
vn -0.4092 0.9124 0.0083
vn -0.4156 0.8920 0.1776
vn -0.1376 0.9830 0.1215
vn -0.7481 0.6634 0.0139
vn 0.2332 -0.9312 -0.2801
vn 0.0530 -0.9826 -0.1780
vn 0.0833 -0.6358 0.7673
vn 0.2850 -0.5108 0.8111
vn 0.0178 -0.3593 0.9331
vn 0.1867 -0.1121 0.9760
vn 0.0085 -0.1345 0.9909
vn 0.0048 -0.5724 0.8199
vn -0.6986 -0.5432 0.4657
vn -0.6758 -0.5559 0.4840
vn -0.4411 -0.8494 0.2898
vn 0.0511 -0.8320 0.5524
vn -0.3056 -0.8470 0.4350
vn -0.2765 -0.6710 -0.6880
vn 0.0823 -0.2752 -0.9578
vn -0.2444 0.1027 -0.9642
vn 0.4430 0.6574 -0.6095
vn 0.0422 0.5032 -0.8631
vn 0.0558 0.6610 -0.7483
vn 0.6734 0.3726 -0.6385
vn 0.8549 0.4593 -0.2410
vn 0.8142 -0.3301 -0.4775
vn 0.6676 0.3595 -0.6520
vn 0.1706 -0.5466 -0.8198
vn 0.3886 -0.4228 -0.8186
vn -0.1220 0.8883 0.4427
vn -0.0235 0.9153 0.4022
vn -0.0040 0.8725 0.4887
vn -0.0056 0.8029 0.5960
vn 0.0517 0.7832 0.6196
vn 0.2050 0.6159 0.7606
vn 0.5569 0.0532 -0.8289
vn 0.4934 0.0026 -0.8698
vn 0.5071 0.0679 -0.8592
vn 0.2891 -0.5010 0.8157
vn 0.2063 -0.5208 0.8284
vn 0.8199 -0.3900 0.4190
vn 0.8835 -0.4327 0.1794
vn 0.6162 -0.6530 0.4404
vn 0.9307 0.3459 -0.1187
vn -0.9977 -0.0678 -0.0000
vn -0.7840 0.3832 0.4884
vn -0.4738 -0.2165 -0.8536
vn -0.0691 -0.4859 -0.8713
vn -0.0086 0.2164 -0.9763
vn -0.2455 0.4004 -0.8828
vn -0.6004 0.7977 -0.0570
vn -0.3264 0.8973 0.2973
vn -0.5296 0.8420 -0.1033
vn -0.5810 0.6560 0.4818
vn -0.3554 0.9251 -0.1336
vn -0.1058 0.9867 0.1236
vn 0.7352 0.6514 0.1877
vn 0.6074 -0.1134 0.7863
vn 0.6229 0.1284 0.7717
vn 0.2170 -0.4058 0.8878
vn 0.0798 -0.0833 0.9933
vn -0.2283 0.3007 0.9260
vn 0.4899 -0.7196 0.4920
vn 0.4298 -0.7532 0.4980
vn 0.3540 -0.8570 0.3746
vn 0.6964 -0.1333 0.7052
vn 0.9946 -0.1029 0.0165
vn 0.5480 -0.8364 0.0111
vn 0.3532 0.3464 -0.8690
vn -0.4880 -0.3903 0.7807
vn 0.4737 0.8332 -0.2853
vn -0.2912 0.8312 0.4736
vn -0.1090 0.9692 0.2206
vn 0.6933 0.6539 0.3030
vn 0.5085 0.8279 0.2364
vn -0.1333 -0.4453 0.8854
vn -0.3319 -0.3802 0.8633
vn 0.3601 -0.7253 -0.5867
vn -0.0013 -0.0286 -0.9996
vn -0.0361 -0.2398 -0.9701
vn -0.0214 -0.9198 -0.3918
vn 0.0785 -0.6701 -0.7381
vn 0.5433 0.8282 0.1379
vn 0.4866 0.3246 0.8111
vn 0.4903 0.8715 -0.0000
vn 0.8430 -0.2285 -0.4871
vn 0.4773 0.8654 -0.1528
vn -0.2094 0.5030 0.8386
vn 0.1287 0.9142 -0.3842
vn -0.3993 0.8404 -0.3665
vn 0.1003 0.9813 -0.1642
vn 0.1337 -0.5464 0.8268
vn -0.4053 -0.7739 -0.4866
vn 0.1795 -0.9385 0.2949
vn 0.9140 0.0293 0.4047
vn 0.7635 0.0279 0.6452
vn 0.4238 -0.0702 0.9030
vn 0.9771 -0.2070 -0.0499
vn 0.6282 -0.7327 0.2618
vn -0.0056 -0.9822 0.1876
vn 0.0027 -0.9335 -0.3585
vn 0.0084 -0.3798 -0.9250
vn 0.1010 -0.7809 0.6164
vn -0.6078 0.4574 0.6492
vn -0.0771 0.9601 0.2690
vn -0.5295 0.7375 0.4191
vn 0.1394 0.9520 0.2724
vn -0.2844 0.9437 0.1693
vn -0.9130 0.3835 -0.1394
vn 0.0151 -0.9998 0.0128
vn -0.1258 -0.9790 0.1602
vn -0.3034 0.9128 -0.2735
vn 0.0776 0.9519 0.2964
vn 0.2009 0.9795 -0.0128
vn 0.0568 0.8085 0.5858
vn 0.5065 0.7295 0.4596
vn 0.6397 0.7673 0.0444
vn 0.7582 0.6319 0.1608
vn 0.9213 -0.2276 -0.3152
vn 0.9016 -0.2263 -0.3685
vn 0.3965 -0.4856 -0.7791
vn 0.3673 -0.3675 -0.8544
vn 0.8962 0.2513 -0.3656
vn 0.7464 -0.0278 -0.6649
vn 0.2599 -0.3782 0.8885
vn -0.9463 -0.3218 -0.0322
vn -0.8452 -0.3732 0.3827
vn -0.4285 -0.4149 0.8027
vn -0.9896 -0.1080 0.0951
vn -0.2610 -0.9580 -0.1191
vn -0.4889 -0.6934 0.5294
vn 0.3660 0.8501 -0.3787
vn 0.5998 0.5826 -0.5485
vn 0.6231 0.7697 0.1389
vn 0.3546 0.9320 0.0750
vn 0.6245 0.4324 -0.6504
vn 0.8358 0.5381 -0.1085
vn 0.7223 0.6521 -0.2304
vn 0.0894 0.5194 -0.8498
vn 0.5448 0.8165 -0.1910
vn 0.3978 0.8278 0.3955
vn -0.6176 -0.1474 -0.7726
vn -0.6259 0.1135 -0.7716
vn -0.7022 0.0321 -0.7112
vn -0.3103 -0.1092 -0.9443
vn -0.2359 -0.4512 -0.8607
vn 0.8281 -0.5199 -0.2097
vn 0.7837 -0.2579 0.5651
vn -0.0030 -0.8437 0.5368
vn 0.7574 -0.6002 0.2570
vn -0.0143 -0.8463 0.5325
vn 0.0037 -0.1144 -0.9934
vn -0.0190 -0.1066 -0.9941
vn -0.0066 -0.0259 -0.9996
vn 0.2554 -0.1469 -0.9556
vn 0.2135 -0.0758 -0.9740
vn -0.2413 -0.9033 -0.3546
vn 0.1031 -0.9697 -0.2215
vn -0.2226 -0.9732 0.0574
vn 0.1399 -0.0913 0.9860
vn 0.6214 -0.3582 -0.6968
vn 0.3782 0.8709 0.3139
vn 0.4998 -0.7243 0.4750
vn 0.9993 -0.0377 -0.0059
vn 0.9985 -0.0542 0.0065
vn 0.9996 -0.0295 -0.0043
vn 0.9713 -0.0914 -0.2194
vn 0.9504 -0.0948 -0.2963
vn 0.6882 -0.6952 -0.2075
vn 0.3495 -0.4319 -0.8315
vn 0.2692 0.0501 0.9618
vn 0.0890 0.5782 0.8110
vn -0.0264 -0.1458 0.9890
vn 0.7035 0.7009 0.1176
vn 0.7467 0.6646 -0.0250
vn -0.6507 -0.7593 -0.0000
vn -0.2167 0.8944 -0.3913
vn -0.1125 0.9912 -0.0698
vn -0.2993 0.9149 0.2707
vn -0.3042 -0.3154 0.8989
vn -0.3021 -0.4023 0.8642
vn -0.0169 -0.5828 0.8124
vn -0.0487 -0.6545 -0.7545
vn 0.0133 -0.1031 -0.9946
vn 0.0387 -0.8920 -0.4505
vn -0.5958 -0.7247 -0.3462
vn 0.3424 -0.5869 0.7337
vn 0.8523 -0.5213 -0.0434
vn -0.9437 0.3173 0.0934
vn -0.9090 0.4058 -0.0950
vn -0.6119 0.3276 -0.7199
vn 0.1331 0.7370 -0.6626
vn 0.4223 0.9023 0.0861
vn -0.1753 0.6553 -0.7348
vn -0.5016 -0.0352 -0.8644
vn -0.5009 0.3926 -0.7714
vn -0.0408 0.9917 -0.1216
vn 1.0000 -0.0001 -0.0001
vn 0.1175 -0.6129 -0.7814
vn 0.0074 -0.7023 -0.7119
vn -0.0003 -0.9989 -0.0465
vn -0.9585 -0.2307 0.1677
vn -0.8935 -0.4185 -0.1627
vn -0.2316 -0.8455 0.4811
vn -0.2351 -0.5894 0.7729
vn -0.4260 -0.6095 0.6686
vn -0.1346 0.9536 -0.2692
vn -0.2958 -0.6755 -0.6754
vn 0.3088 -0.8830 0.3534
vn -0.0244 -0.0000 -0.9997
vn -0.9284 -0.0000 0.3715
vn -0.7227 0.5195 -0.4559
vn 0.6900 0.4346 0.5788
vn 0.5495 0.3085 0.7765
vn 0.3268 0.3815 0.8647
vn -0.3296 -0.8158 -0.4753
vn -0.0950 -0.9485 -0.3022
vn -0.2514 -0.6587 -0.7092
vn 0.2476 -0.5238 -0.8150
vn -0.2848 -0.3889 -0.8762
vn 0.6083 -0.2019 0.7676
vn 0.5434 -0.4177 0.7281
vn 0.3535 -0.8384 0.4149
vn 0.5596 0.0482 0.8274
vn -0.9087 0.4110 -0.0731
vn -0.5530 -0.6402 -0.5332
vn -0.0128 -0.9614 0.2747
vn -0.0141 -0.9318 0.3626
vn -0.2348 -0.4741 0.8486
vn -0.0000 -0.0142 0.9999
vn 0.4653 0.8799 0.0956
vn 0.1929 0.9493 -0.2480
vn 0.1907 0.9801 -0.0543
vn -0.3729 0.6943 0.6156
vn -0.2271 0.9706 0.0792
vn -0.7999 0.5944 0.0826
vn -0.4953 0.5619 0.6625
vn 0.0500 0.8402 0.5400
vn -0.6296 0.6228 0.4644
vn -0.4297 0.6299 0.6470
vn 0.0063 -0.0385 0.9992
vn 0.1964 -0.1022 0.9752
vn -0.0361 -0.2134 0.9763
vn 0.8137 0.3348 0.4753
vn 0.0075 0.4349 0.9005
vn -0.0024 -0.2178 0.9760
vn 0.6755 0.5568 0.4833
vn -0.0708 -0.9546 -0.2894
vn -0.0004 -0.9940 -0.1096
vn 0.4656 -0.7676 -0.4405
vn 0.6709 -0.4184 -0.6123
vn 0.6278 -0.4303 -0.6487
vn 0.0449 -0.9935 -0.1049
vn 0.6425 -0.4873 -0.5914
vn -0.7627 -0.6267 -0.1598
vn -0.8362 -0.5483 -0.0065
vn -0.5043 -0.8627 0.0381
vn -0.9504 -0.2590 -0.1721
vn -0.9986 -0.0296 -0.0429
vn -0.9777 -0.1940 0.0808
vn -0.7469 -0.5074 0.4296
vn -0.6950 -0.7042 -0.1451
vn -0.7697 -0.6347 -0.0680
vn -0.9686 -0.2285 -0.0982
vn -0.3101 -0.9066 -0.2863
vn -0.1422 -0.9889 -0.0427
vn -0.6045 -0.5484 -0.5778
vn -0.3159 -0.9281 0.1970
vn 0.1590 0.5593 0.8136
vn -0.2007 0.9173 0.3438
vn -0.3714 0.7300 0.5737
vn 0.2753 0.6559 0.7029
vn -0.9129 -0.0135 0.4080
vn -0.9156 -0.1605 0.3688
vn -0.2723 -0.0702 0.9596
vn 0.8218 0.0887 0.5629
vn 0.9154 0.0477 0.3997
vn 0.3384 0.1114 0.9344
vn 0.4424 -0.0223 0.8966
vn -0.0615 0.0155 -0.9980
vn 0.0612 -0.2613 -0.9633
vn 0.8571 0.0468 -0.5130
vn 0.9011 -0.0538 -0.4302
vn 0.0408 -0.0775 -0.9962
vn 0.2369 0.1020 -0.9662
vn -0.0489 0.0805 -0.9956
vn -0.8094 -0.5696 -0.1431
vn 0.7106 0.6751 -0.1984
vn 0.4151 -0.2589 -0.8722
vn -0.5378 0.7068 0.4595
vn -0.3683 -0.4900 -0.7901
vn -0.6033 -0.5812 0.5461
vn -0.3829 -0.7673 0.5144
vn -0.7873 -0.0976 0.6088
vn -0.7203 -0.0923 0.6875
vn 0.9487 -0.3160 -0.0085
vn 0.6071 -0.7946 -0.0081
vn 0.0027 -0.9998 0.0190
vn -0.1731 -0.2960 0.9393
vn -0.0760 -0.7687 0.6351
vn -0.0119 -0.7071 0.7071
vn 0.7220 -0.6655 0.1890
vn -0.2079 -0.4322 0.8775
vn 0.8183 -0.1046 0.5652
vn 0.0786 0.5769 0.8130
vn 0.1600 0.0814 0.9837
vn -0.3805 -0.0066 0.9248
vn -0.0228 -0.0328 0.9992
vn -0.6577 -0.2418 0.7134
vn -0.3253 -0.1751 0.9293
vn -0.6526 -0.1796 0.7361
vn -0.8945 -0.2210 0.3886
vn -0.7216 -0.2409 0.6490
vn -0.4757 -0.3527 0.8058
vn 0.0662 -0.0170 0.9977
vn 0.0782 -0.1061 0.9913
vn 0.0432 0.8283 0.5586
vn 0.1136 0.7682 0.6300
vn 0.4112 0.6558 0.6332
vn 0.2531 0.6580 0.7092
vn 0.1772 0.7543 0.6322
vn -0.5787 0.5962 -0.5565
vn 0.7838 0.4272 0.4508
vn 0.4839 0.6612 0.5733
vn 0.8944 0.4473 -0.0000
vn -0.8490 0.3548 0.3915
vn -0.0355 0.7779 0.6274
vn -0.9626 0.2536 0.0950
vn 0.1229 0.5038 0.8550
vn -0.1456 0.0297 0.9889
vn -0.9775 0.0669 0.1999
vn 0.0958 0.6851 -0.7221
vn -0.2494 0.8416 -0.4791
vn 0.4786 0.8718 -0.1042
vn 0.1069 0.9911 0.0798
vn 0.0953 0.9800 -0.1748
vn 0.0008 0.9999 -0.0150
vn 0.0066 1.0000 -0.0070
vn -0.2510 0.9640 0.0874
vn 0.0106 0.6363 0.7713
vn 0.1357 0.9906 0.0161
vn 0.0074 0.5476 0.8367
vn 0.5064 -0.4520 -0.7343
vn 0.3256 -0.3069 -0.8943
vn 0.8341 -0.1989 -0.5145
vn 0.2355 -0.5745 -0.7839
vn -0.3517 -0.8575 -0.3754
vn -0.7301 -0.6833 -0.0007
vn -0.8750 -0.4842 0.0052
vn -0.0827 -0.9465 -0.3119
vn -0.4837 -0.8000 0.3551
vn -0.8236 -0.2255 -0.5204
vn 0.6714 0.2640 -0.6925
vn 0.8205 0.3275 -0.4686
vn 0.3337 -0.8505 -0.4064
vn 0.6810 0.0491 0.7307
vn 0.0183 0.7253 -0.6882
vn -0.3579 0.8003 -0.4811
vn -0.0581 0.9206 -0.3862
vn -0.4740 0.7449 -0.4696
vn -0.3310 0.5479 -0.7682
vn -0.5343 0.7807 -0.3242
vn 0.2657 -0.7084 0.6539
vn 0.4042 0.6466 0.6470
vn 0.6416 -0.6577 0.3947
vn 0.6525 -0.6777 0.3389
vn 0.3914 -0.9152 0.0963
vn 0.6247 -0.4684 -0.6248
vn 0.6226 -0.5532 0.5534
vn 0.6743 -0.0930 -0.7326
vn -0.2005 -0.9433 0.2646
vn -0.0019 -1.0000 0.0011
vn 0.1282 -0.9550 0.2674
vn 0.0838 -0.9827 0.1651
vn 0.0001 -1.0000 0.0099
vn 0.0184 -0.9994 -0.0303
vn -0.0024 -1.0000 0.0078
vn 0.6550 0.1668 0.7370
vn 0.5203 -0.0589 0.8520
vn 0.3297 -0.1290 0.9352
vn 0.3814 -0.0708 0.9217
vn 0.4996 0.4200 0.7576
vn 0.3270 0.4804 0.8138
vn 0.0556 -0.1299 -0.9900
vn -0.0029 -0.2013 -0.9795
vn 0.4421 0.2878 -0.8495
vn 0.4023 -0.0033 -0.9155
vn 0.2235 0.0090 -0.9747
vn 0.3944 0.5135 -0.7621
vn 0.3834 0.8496 -0.3623
vn -0.1417 0.8330 -0.5348
vn -0.2882 0.2732 -0.9178
vn -0.2020 0.8860 -0.4173
vn 0.9985 0.0367 0.0415
vn -0.0856 0.9837 -0.1580
vn 0.7741 0.3189 0.5469
vn -0.4013 -0.7715 0.4938
vn 0.2286 -0.9357 0.2687
vn 0.1844 0.9829 -0.0000
vn 0.8683 0.4669 0.1675
vn 0.9643 -0.1639 0.2081
vn -0.5466 0.6171 0.5660
vn -0.2237 0.5998 0.7683
vn -0.2034 0.5390 0.8174
vn -0.1089 0.5958 0.7958
vn 0.0168 -0.7868 -0.6169
vn 0.0811 -0.9202 -0.3830
vn -0.0667 -0.9349 -0.3487
vn -0.0575 -0.8996 -0.4329
vn -0.0518 0.9761 -0.2112
vn 0.0582 0.6515 -0.7564
vn -0.0163 -0.0002 -0.9999
vn -0.0626 -0.2674 -0.9615
vn -0.9244 0.3485 0.1549
vn -0.6539 -0.2199 -0.7239
vn -0.8453 0.5321 0.0484
vn -0.2979 0.9407 -0.1622
vn -0.9411 -0.2648 -0.2103
vn -0.9671 0.2165 -0.1339
vn -0.9882 0.1482 0.0386
vn -0.9011 0.3924 0.1845
vn -0.9050 0.2921 0.3093
vn 0.0192 -0.3944 -0.9187
vn 0.0543 0.0053 -0.9985
vn 0.3379 0.2215 -0.9147
vn 0.0927 -0.4648 -0.8806
vn 0.1803 -0.9207 -0.3462
vn 0.0119 -0.9209 -0.3896
vn -0.2322 -0.5070 -0.8301
vn 0.8684 -0.3060 0.3903
vn 0.9495 0.0087 0.3136
vn 0.4960 -0.3781 0.7817
vn 0.4580 -0.4312 0.7774
vn 0.8418 0.1247 0.5251
vn 0.4123 0.7392 -0.5326
vn 0.2745 0.8316 0.4828
vn 0.0066 0.9300 0.3674
vn -0.0403 -0.3836 0.9226
vn -0.0687 -0.1252 0.9898
vn -0.1647 -0.2208 0.9613
vn -0.3155 -0.3221 0.8926
vn -0.2432 -0.4616 0.8531
vn -0.0064 -0.9996 -0.0287
vn 0.0094 -0.9999 -0.0123
vn 0.0188 -0.9963 0.0838
vn 0.3822 0.9198 0.0889
vn 0.7171 0.6876 0.1138
vn 0.5798 0.4878 0.6526
vn 0.2861 0.9582 0.0092
vn 0.5780 0.5588 0.5946
vn 0.4104 -0.3575 0.8389
vn 0.0728 0.2538 0.9645
vn 0.5134 -0.0262 0.8577
vn -0.2215 -0.7654 -0.6043
vn -0.0054 -0.9312 -0.3644
vn 0.9395 0.3169 -0.1299
vn 0.9258 0.2156 -0.3104
vn -0.0019 0.8640 -0.5035
vn 0.0045 0.8519 -0.5236
vn 0.2412 0.1515 0.9586
vn 0.0150 0.1044 0.9944
vn 0.2102 0.1475 0.9665
vn 0.0185 0.0950 0.9953
vn -0.0789 0.1588 0.9841
vn 0.0082 0.1604 -0.9870
vn -0.4780 0.8340 -0.2757
vn -0.5459 -0.7374 -0.3979
vn -0.0944 0.3829 -0.9189
vn -0.2587 -0.2948 -0.9199
vn -0.1988 -0.2062 -0.9581
vn -0.9689 -0.1062 -0.2237
vn -0.2759 -0.2170 -0.9364
vn -0.1954 -0.3717 -0.9075
vn -0.0777 0.9966 0.0257
vn -0.2145 0.9721 0.0951
vn -0.0176 0.6747 0.7379
vn 0.1368 0.9453 -0.2961
vn -0.8167 0.4974 0.2926
vn -0.5778 0.8052 -0.1331
vn -0.7950 0.5621 0.2281
vn -0.9413 0.3057 0.1430
vn -0.3478 -0.0911 -0.9331
vn 0.0430 0.0511 -0.9978
vn -0.2038 0.4000 -0.8936
vn -0.1413 -0.0732 -0.9872
vn -0.0093 0.8922 -0.4515
vn 0.7488 0.6605 0.0549
vn 0.3453 0.8730 -0.3444
vn 0.3306 0.9173 -0.2220
vn 0.4587 0.7828 -0.4205
vn 0.1337 -0.8747 0.4658
vn 0.2355 -0.5041 0.8309
vn 0.2668 -0.7654 0.5857
vn -0.0679 -0.8771 -0.4755
vn -0.4981 -0.7500 -0.4352
vn -0.1304 -0.8594 -0.4944
vn -0.2435 -0.5338 -0.8098
vn 0.2084 -0.7733 -0.5988
vn -0.1323 -0.7488 -0.6495
vn 0.4418 -0.4826 -0.7562
vn -0.1104 0.6526 -0.7496
vn -0.3993 0.6105 -0.6840
vn 0.0692 0.5874 -0.8063
vn 0.7420 -0.6360 0.2120
vn 0.9333 -0.2541 0.2538
vn 0.8910 -0.3632 0.2724
vn 0.8321 -0.0001 0.5547
vn 0.5239 -0.7618 -0.3811
vn 0.9994 -0.0295 -0.0163
vn -0.4201 -0.7958 -0.4362
vn -0.5856 -0.5889 -0.5570
vn -0.4956 -0.6596 -0.5652
vn -0.7112 -0.7030 0.0044
vn 0.0117 -0.9979 0.0639
vn 0.1998 -0.9453 0.2578
vn -0.0080 -0.9459 0.3243
vn 0.0762 -0.9835 0.1638
vn 0.5840 -0.8117 0.0100
vn 0.0078 -1.0000 0.0017
vn -0.0967 -0.3898 0.9158
vn -0.2961 -0.5822 0.7572
vn -0.1042 -0.2780 0.9549
vn -0.1036 -0.0372 0.9939
vn -0.0775 0.9969 -0.0153
vn -0.7973 0.6013 -0.0525
vn -0.5173 0.8545 0.0466
vn -0.6188 0.7053 -0.3459
vn -0.3978 0.5577 -0.7286
vn -0.1189 0.9928 -0.0130
vn -0.2720 0.7760 0.5690
vn -0.0157 0.1066 0.9942
vn -0.2569 0.7370 0.6252
vn -0.0502 0.9191 0.3908
vn 0.5631 0.8217 -0.0879
vn 0.3624 0.6661 -0.6519
vn -0.2487 -0.0621 -0.9666
vn 0.0692 0.7855 -0.6150
vn 0.4070 0.6935 -0.5945
vn 0.5627 0.5439 -0.6225
vn 0.0920 -0.2569 0.9621
vn -0.7450 0.2709 -0.6095
vn -0.8551 0.2319 0.4638
vn -0.7686 0.6333 -0.0904
vn -0.3788 -0.4850 0.7882
vn -0.8380 -0.2708 0.4738
vn 0.5078 0.7168 0.4779
vn 0.0657 -0.9764 -0.2057
vn -0.2253 -0.8865 -0.4042
vn 0.1361 -0.9905 0.0219
vn 0.0067 -0.6299 -0.7766
vn 0.0193 -0.5796 -0.8147
vn 0.0270 -0.6213 -0.7831
vn 0.0433 -0.9446 -0.3253
vn 0.8728 -0.1177 0.4738
vn -0.6520 0.3028 -0.6952
vn -0.7123 0.3728 -0.5946
vn -0.6319 -0.6874 -0.3581
vn -0.8802 -0.3063 -0.3626
vn -0.3635 -0.9275 0.0873
vn -0.2828 -0.9530 -0.1089
vn 0.0114 -0.4802 0.8771
vn 0.0002 -1.0000 -0.0000
vn 0.2953 -0.9209 0.2547
vn -0.6083 -0.6486 0.4575
vn 0.2721 0.4672 0.8412
vn -0.0017 -0.0345 -0.9994
vn -0.8593 0.0562 -0.5083
vn -0.0918 0.0537 -0.9943
vn 0.4321 0.8166 -0.3827
vn 0.6496 0.5362 -0.5390
vn 0.0477 0.9978 -0.0454
vn 0.6233 0.5401 -0.5655
vn 0.7253 0.0974 0.6815
vn 0.6898 0.2348 -0.6849
vn 0.4790 0.2129 -0.8516
vn 0.7582 -0.0541 0.6497
vn 0.0809 -0.0903 0.9926
vn -0.7895 0.0332 0.6128
vn -0.2047 -0.0094 0.9788
vn -0.0158 -0.3208 0.9470
vn 0.2650 -0.2480 0.9318
vn -0.2635 0.4887 0.8317
vn -0.1967 0.0597 0.9786
vn -0.1572 0.5426 0.8252
vn -0.2945 0.7514 0.5905
vn -0.0697 0.5475 0.8339
vn -0.0680 0.3175 0.9458
vn -0.3183 -0.9251 0.2073
vn 0.9347 0.1024 -0.3404
vn 0.8834 0.0644 0.4642
vn -0.3071 0.8413 -0.4448
vn -0.3681 0.8546 -0.3663
vn -0.0041 0.0501 0.9987
vn -0.0079 -0.5360 0.8442
vn -0.1586 -0.1456 -0.9766
vn -0.0242 -0.4606 -0.8873
vn 0.1438 0.0020 -0.9896
vn -0.2854 -0.1725 0.9427
vn -0.1344 -0.2070 0.9691
vn -0.2964 -0.1003 0.9498
vn -0.6118 0.1731 0.7718
vn -0.6986 0.2767 0.6599
vn -0.3505 -0.0927 0.9320
vn -0.9044 0.1572 -0.3967
vn -0.8241 -0.0103 -0.5663
vn -0.9589 0.1346 0.2498
vn -0.6654 0.6386 -0.3866
vn -0.9011 -0.0307 -0.4325
vn -0.2895 0.9537 0.0819
vn -0.0316 0.8218 0.5689
vn -0.1616 0.9639 -0.2117
vn -0.3411 0.8834 0.3213
vn 0.8897 0.1484 0.4318
vn 0.0097 0.4718 0.8817
vn 0.2665 -0.8505 -0.4534
vn 0.6698 -0.7414 0.0397
vn -0.8629 -0.4903 -0.1228
vn -0.0262 0.6236 -0.7813
vn -0.5610 0.2256 -0.7965
vn 0.0063 0.5326 -0.8463
vn -0.0065 0.7071 -0.7071
vn -0.0304 0.4641 -0.8853
vn 0.0049 0.7221 -0.6917
vn 0.7957 0.5283 0.2963
vn 0.9828 0.1211 -0.1397
vn 0.7356 0.5263 0.4266
vn 0.6223 0.7769 0.0957
vn 0.5583 0.6159 0.5558
vn 0.6230 0.5046 0.5977
vn 0.2276 0.0101 -0.9737
vn -0.3767 -0.2040 0.9036
vn -0.3363 -0.4421 0.8315
vn -0.1422 -0.9280 -0.3443
vn -0.1455 -0.8424 -0.5188
vn -0.0009 -0.9960 -0.0892
vn 0.4897 -0.0288 -0.8714
vn 0.6163 -0.1137 -0.7792
vn 0.7537 -0.0109 -0.6572
vn 0.1023 0.4826 -0.8699
vn 0.2055 -0.1255 0.9706
vn 0.1640 -0.4548 0.8754
vn 0.4087 -0.4207 0.8099
vn -0.9738 -0.0996 -0.2043
vn -0.5472 0.5918 -0.5919
vn -0.8590 0.4694 -0.2042
vn -0.5706 -0.4480 0.6882
vn -0.7537 0.5958 0.2773
vn -0.9143 0.2264 0.3357
vn -0.7609 0.3915 0.5175
vn -0.7243 0.1000 -0.6822
vn 0.0826 -0.2931 0.9525
vn 0.2046 -0.6527 0.7294
vn 0.9051 -0.2001 0.3752
vn 0.9036 -0.4279 0.0194
vn 0.8174 0.5289 -0.2282
vn 0.9250 0.2883 0.2476
vn -0.4172 0.0823 -0.9051
vn -0.3600 0.0002 -0.9329
vn -0.0121 0.8009 -0.5987
vn -0.3414 0.5950 -0.7276
vn -0.0936 -0.6863 -0.7213
vn -0.0202 0.9919 -0.1256
vn 0.0014 0.9376 0.3476
vn 0.9595 0.2545 -0.1210
vn 0.2071 -0.5039 -0.8386
vn -0.5108 -0.0670 -0.8571
vn -0.3877 -0.6438 -0.6596
vn -0.3208 0.1525 -0.9348
vn 0.0271 -0.5478 0.8362
vn 0.0031 -0.8041 0.5945
vn -0.0089 -0.0195 0.9998
vn -0.0153 -0.8685 0.4954
vn 0.6584 0.7527 -0.0002
vn -0.4339 -0.4267 -0.7935
vn -0.5032 0.8172 -0.2811
vn -0.3416 0.1309 -0.9307
vn 0.7683 0.3921 -0.5059
vn 0.7830 0.5934 0.1865
vn -0.6122 0.3005 0.7314
vn -0.6922 0.3459 0.6333
vn -0.6421 -0.7140 0.2792
vn 0.2709 -0.4558 0.8478
vn -0.0264 -0.3198 0.9471
vn 0.3844 0.7879 0.4810
vn 0.2622 0.9311 -0.2537
vn 0.5688 0.8130 -0.1242
vn 0.0172 -0.9992 -0.0361
vn -0.9983 0.0469 0.0347
vn -0.8307 -0.1668 -0.5312
vn -0.9970 -0.0756 -0.0151
vn -0.3356 0.1113 0.9354
vn -0.0983 0.9870 -0.1271
vn 0.0747 0.6473 -0.7586
vn 0.2539 0.9039 -0.3443
vn 0.2002 0.7537 -0.6260
vn -0.4302 0.1561 -0.8891
vn -0.8982 0.2524 -0.3599
vn -0.2583 0.5704 -0.7797
vn -0.4762 0.8144 -0.3316
vn -0.2620 0.7512 -0.6058
vn -0.1395 -0.1265 0.9821
vn -0.6993 0.3701 0.6116
vn -0.3248 -0.3791 0.8665
vn -0.0243 0.0131 0.9996
vn 0.4610 -0.3549 -0.8133
vn -0.9248 -0.2065 -0.3196
vn -0.5480 -0.8326 -0.0803
vn 0.0832 0.9426 0.3233
vn -0.0048 0.3680 -0.9298
vn 0.1542 0.2618 -0.9527
vn -0.2262 0.4789 -0.8482
vn 0.5137 -0.0260 0.8576
vn 0.7412 -0.2174 0.6351
vn 0.9846 -0.1051 0.1397
vn 0.3257 0.1502 0.9335
vn -0.7657 -0.5538 -0.3271
vn -0.6586 -0.7519 -0.0317
vn -0.8385 -0.4314 -0.3328
vn -0.8126 0.2801 -0.5110
vn 0.3283 -0.6375 0.6970
vn -0.0753 -0.8660 0.4944
vn 0.1505 -0.2004 0.9681
vn 0.1893 -0.2002 -0.9613
vn 0.3070 -0.4839 -0.8195
vn -0.6665 -0.1932 0.7201
vn 0.6464 -0.7615 -0.0486
vn 0.0235 -0.9995 0.0223
vn 0.9969 -0.0791 -0.0008
vn 0.9830 -0.1352 -0.1245
vn 0.4497 -0.1981 0.8709
vn -0.6619 -0.7495 0.0105
vn -0.5381 -0.8429 -0.0075
vn -0.4697 -0.8756 0.1129
vn -0.7311 -0.4353 0.5254
vn -0.9358 -0.3523 0.0102
vn -0.8750 -0.4841 -0.0068
vn -0.5891 -0.7541 0.2904
vn 0.3074 -0.0991 -0.9464
vn 0.3196 0.5335 -0.7831
vn -0.5654 0.6060 0.5595
vn -0.8896 0.2655 -0.3716
vn 0.5781 0.8109 0.0910
vn 0.6791 0.6863 -0.2603
vn -0.2932 0.9028 -0.3145
vn -0.4045 -0.8129 0.4190
vn 0.8780 0.0434 -0.4767
vn 0.8997 0.0017 -0.4364
vn 0.1777 -0.5926 0.7856
vn 0.1867 -0.6325 0.7517
vn 0.1536 -0.4990 0.8529
vn -0.0354 -0.5480 0.8357
vn 0.3660 -0.5820 0.7262
vn -0.0115 0.6260 0.7797
vn 0.4828 0.5492 0.6821
vn 0.4655 0.7822 0.4141
vn 0.0325 0.0519 0.9981
vn -0.0965 0.0121 0.9953
vn -0.0191 0.1221 0.9923
vn -0.1735 0.0149 0.9847
vn -0.0060 0.1214 0.9926
vn -0.0790 0.4628 0.8829
vn -0.4486 0.5416 -0.7109
vn -0.3889 0.7709 -0.5045
vn -0.8230 0.5441 0.1632
vn -0.7071 0.7057 -0.0452
vn -0.6950 0.4618 -0.5511
vn -0.1780 0.9621 -0.2067
vn -0.7325 0.6735 0.0992
vn -0.0333 0.8090 -0.5869
vn 0.7370 -0.4778 0.4780
vn -0.0021 -0.9083 0.4183
vn 0.4608 -0.8310 0.3116
vn 0.3731 0.7316 -0.5706
vn 0.4515 0.7785 -0.4359
vn 0.4777 -0.7233 -0.4986
vn 0.6656 0.0532 0.7444
vn 0.3825 0.6349 -0.6712
vn 0.7775 0.4579 -0.4312
vn -0.2865 -0.1456 -0.9470
vn 0.9404 -0.3392 -0.0249
vn 0.0889 0.0187 -0.9959
vn 0.6591 0.4530 0.6003
vn -0.0000 0.9997 0.0250
vn 0.1782 0.7805 0.5992
vn -0.0023 1.0000 0.0062
vn 0.0830 -0.3861 0.9187
vn -0.8336 -0.5058 -0.2222
vn -0.0365 -0.9867 0.1583
vn 0.2157 -0.3849 0.8974
vn -0.3945 -0.4732 0.7876
vn -0.7148 -0.6828 0.1511
vn -0.4983 -0.8658 -0.0455
vn -0.4921 -0.8485 -0.1945
vn 0.9125 0.4077 -0.0341
vn 0.8684 0.3947 0.3003
vn 0.8492 0.3921 -0.3536
vn -0.6744 -0.1532 0.7223
vn 0.5051 0.8628 0.0216
vn 0.9725 0.2106 -0.0999
vn 0.1378 0.9668 0.2153
vn 0.5852 0.7553 0.2952
vn -0.4509 -0.8669 -0.2126
vn -0.7003 -0.5718 -0.4274
vn -0.9741 0.1565 -0.1634
vn -0.5428 -0.8353 0.0877
vn -0.6690 -0.3470 -0.6573
vn -0.4458 -0.3812 0.8099
vn -0.5942 -0.5792 0.5581
vn -0.2667 -0.8309 0.4884
vn -0.1792 -0.9230 0.3404
vn 0.0254 -0.8199 0.5719
vn -0.0867 -0.9657 0.2448
vn 0.0163 0.9057 0.4237
vn 0.0033 0.4046 0.9145
vn 0.9952 -0.0525 -0.0823
vn 0.9982 -0.0505 0.0332
vn -0.0054 -0.5278 -0.8494
vn -0.0622 0.4585 -0.8865
vn -0.0258 0.0662 -0.9975
vn 0.2310 0.0924 -0.9686
vn -0.0036 0.0640 -0.9979
vn 0.2434 -0.0579 0.9682
vn 0.3164 -0.1828 0.9308
vn 0.1029 -0.1140 0.9881
vn 0.0927 -0.2027 0.9748
vn 0.0889 -0.0134 0.9960
vn 0.0365 0.2232 0.9741
vn 0.1315 -0.1521 0.9796
vn 0.0238 0.0715 0.9972
vn -0.7908 0.5648 0.2358
vn -0.7737 0.4199 -0.4744
vn -0.2464 -0.4614 0.8523
vn 0.0215 -0.8661 0.4995
vn 0.0034 -0.9568 0.2908
vn 0.4921 -0.8051 0.3311
vn 0.0235 0.0748 0.9969
vn -0.0126 0.2406 0.9705
vn -0.4932 0.0084 0.8699
vn 0.8491 -0.5204 0.0908
vn -0.5069 -0.6144 -0.6046
vn -0.0752 0.2598 -0.9627
vn 0.5480 0.0983 -0.8307
vn 0.3202 0.2620 -0.9104
vn -0.5005 0.0715 -0.8628
vn 0.7803 0.1335 -0.6110
vn 0.8843 -0.4657 -0.0345
vn 0.7102 -0.5717 0.4109
vn 0.5273 -0.8121 -0.2501
vn 0.4204 -0.8431 0.3353
vn -0.3180 -0.9329 -0.1693
vn -0.0152 -0.9687 -0.2478
vn -0.6510 -0.3937 -0.6490
vn -0.3451 -0.7343 -0.5846
vn 0.7032 0.5225 0.4822
vn 0.3414 -0.4204 0.8406
vn 0.4265 0.4966 0.7559
vn 0.4652 0.7919 -0.3956
vn -0.3159 0.5959 -0.7383
vn -0.6030 0.5860 -0.5414
vn -0.6067 0.2647 -0.7496
vn -0.5844 0.4816 -0.6531
vn -0.9943 0.1064 -0.0090
vn 0.0133 -0.9997 -0.0201
vn 0.0048 -1.0000 0.0039
vn 0.0059 -0.9997 -0.0231
vn 0.1698 0.8782 0.4472
vn 0.2445 -0.6193 -0.7461
vn 0.1124 -0.1910 -0.9751
vn 0.3191 -0.4959 -0.8076
vn -0.0183 -0.4488 -0.8935
vn 0.0418 -0.5485 -0.8351
vn -0.0330 -0.6443 -0.7641
vn 0.4586 -0.5501 -0.6980
vn -0.1432 -0.2530 -0.9568
vn -0.0234 -0.5122 -0.8586
vn 0.1009 -0.4135 -0.9049
vn -0.0483 -0.3038 -0.9515
vn 0.2050 0.9607 0.1870
vn 0.3974 0.9131 0.0912
vn 0.3196 0.8382 0.4418
vn 0.8077 0.2735 0.5223
vn 0.9763 -0.1801 0.1200
vn 0.7739 -0.0850 0.6276
vn 0.9073 -0.3979 0.1361
vn 0.9057 0.4031 0.1308
vn 0.0061 0.9896 0.1439
vn -0.3458 0.9383 0.0034
vn -0.3031 0.9145 0.2681
vn 0.1889 -0.3962 0.8985
vn -0.0027 -0.7430 0.6693
vn 0.2350 0.8280 0.5092
vn 0.3100 0.9412 0.1341
vn 0.0341 0.3307 0.9431
vn 0.6743 0.4259 0.6033
vn -0.8630 -0.2096 -0.4597
vn -0.6497 -0.4919 -0.5796
vn -0.9894 -0.1402 -0.0376
vn -0.2154 -0.2793 -0.9357
vn -0.9853 -0.0120 0.1703
vn -0.9554 -0.2268 0.1892
vn -0.8848 0.0337 0.4647
vn -0.9625 0.0446 0.2675
vn -0.4979 -0.6310 0.5949
vn -0.6466 -0.0360 0.7620
vn -0.8615 0.3817 0.3348
vn -0.5416 0.4890 0.6838
vn -0.5344 0.6401 0.5521
vn -0.4238 0.7154 0.5555
vn -0.2980 0.6946 0.6547
vn 0.2097 0.9620 -0.1747
vn 0.5668 0.6378 -0.5215
vn 0.5244 0.3645 -0.7695
vn 0.1849 0.9794 -0.0810
vn -0.2414 0.0398 -0.9696
vn 0.4573 0.3977 -0.7954
vn -0.1408 0.6670 -0.7316
vn -0.0827 -0.4457 -0.8914
vn -0.1318 0.1262 -0.9832
vn -0.1414 0.9288 0.3425
vn -0.0405 0.7256 0.6869
vn 0.0800 0.4662 0.8811
vn 0.2443 0.6424 0.7264
vn 0.3443 0.7819 0.5198
vn -0.2063 0.7730 0.5999
vn -0.0031 0.3898 0.9209
vn 0.3073 0.2404 0.9207
vn 0.9996 0.0061 -0.0273
vn 0.8338 0.1220 -0.5384
vn 0.8750 -0.0266 -0.4834
vn 0.9998 -0.0199 -0.0062
vn 0.9993 -0.0333 0.0186
vn 0.3273 -0.6077 0.7236
vn 0.7506 -0.3263 0.5746
vn -0.2567 -0.1263 -0.9582
vn -0.0173 -0.1267 -0.9918
vn -0.0245 -0.1725 -0.9847
vn -0.2508 0.4108 -0.8765
vn -0.3297 -0.1464 -0.9327
vn 0.0034 -0.2141 0.9768
vn -0.0057 -0.1248 0.9922
vn 0.0005 -0.0767 0.9971
vn 0.0024 0.6048 0.7963
vn 0.8740 -0.1536 0.4610
vn 0.9458 -0.0226 0.3239
vn 0.4359 -0.0245 0.8996
vn 0.9379 0.3429 0.0533
vn 0.2731 -0.1092 0.9558
vn 0.3496 -0.7145 0.6060
vn -0.2312 -0.7256 -0.6481
vn -0.0902 -0.0432 -0.9950
vn -0.0684 0.8409 0.5368
vn -0.1934 0.2945 0.9359
vn -0.3092 -0.0538 0.9495
vn 0.2093 -0.8272 -0.5215
vn 0.1853 -0.1976 0.9626
vn -0.0144 -0.1510 0.9884
vn 0.6164 -0.7635 -0.1926
vn 0.8277 -0.2735 -0.4901
vn -0.8471 -0.2377 0.4754
vn 0.2575 -0.1649 -0.9521
vn 0.2498 -0.0889 -0.9642
vn 0.0305 0.2297 -0.9728
vn 0.0062 0.0918 -0.9958
vn -0.2255 -0.9654 0.1311
vn -0.8795 0.4737 -0.0465
vn -0.0439 0.0318 -0.9985
vn -0.0106 0.3570 -0.9341
vn -0.0194 0.0925 -0.9955
vn -0.2888 -0.8889 -0.3556
vn -0.2516 0.8054 0.5367
vn -0.4800 0.8504 -0.2155
vn 0.0609 0.8072 0.5872
vn 1.0000 -0.0001 -0.0000
vn -0.8881 0.4561 -0.0569
vn -0.7492 0.4483 -0.4876
vn -0.8050 0.4257 -0.4133
vn -0.8739 0.4778 -0.0893
vn -0.8128 0.4204 -0.4032
vn 0.2010 -0.6252 -0.7542
vn -0.0809 -0.8737 -0.4796
vn -0.1910 0.8304 0.5234
vn -0.3410 0.9032 0.2606
vn -0.1007 0.9044 0.4147
vn -0.6364 -0.7620 0.1202
vn -0.3016 -0.9488 -0.0938
vn -0.3187 -0.9398 0.1230
vn -0.4485 -0.8032 -0.3921
vn -0.3641 -0.9119 0.1894
vn 0.4016 0.5841 0.7054
vn 0.3281 -0.7895 0.5187
vn -0.0614 -0.4301 0.9007
vn -0.1775 -0.4738 0.8625
vn 0.1064 -0.8463 0.5219
vn 0.3066 -0.7676 0.5629
vn 0.5484 -0.5015 -0.6691
vn 0.6008 -0.2728 -0.7514
vn 0.1176 0.4253 0.8974
vn 0.1303 0.1765 0.9756
vn 0.0774 0.4811 0.8732
vn 0.0919 -0.0890 0.9918
vn -0.1086 0.2670 0.9576
vn -0.6955 -0.4827 0.5322
vn -0.2969 0.5883 0.7522
vn 0.5856 0.3441 0.7339
vn -0.2164 0.8060 0.5509
vn -0.0121 -0.3099 0.9507
vn 0.0385 -0.4249 0.9044
vn -0.0687 -0.0935 0.9932
vn 0.5660 -0.1119 0.8168
vn 0.9106 -0.2446 -0.3331
vn 0.4049 -0.0772 -0.9111
vn 0.1847 -0.8229 -0.5373
vn 0.1196 -0.9928 -0.0000
vn -0.0089 0.4415 0.8972
vn -0.0007 0.4242 0.9056
vn 0.4380 0.7535 0.4903
vn -0.0041 0.8430 0.5379
vn 0.0172 0.0425 0.9989
vn -0.0507 0.9896 -0.1345
vn -0.0089 0.8476 -0.5306
vn 0.0168 0.9995 -0.0263
vn -0.0005 0.0486 -0.9988
vn 0.8061 -0.2291 -0.5457
vn -0.2010 0.7296 -0.6536
vn 0.1444 0.1148 -0.9828
vn 0.1524 0.0091 -0.9883
vn -0.2995 -0.2963 -0.9069
vn 0.3046 -0.5570 0.7726
vn -0.1135 -0.8348 0.5387
vn 0.1364 0.0752 -0.9878
vn 0.0117 0.1204 -0.9927
vn 0.1266 0.0169 -0.9918
vn 0.0026 0.1081 -0.9941
vn -0.5353 0.8447 -0.0059
vn -0.0341 0.9949 -0.0947
vn 0.9887 -0.1212 -0.0884
vn -0.7586 0.1415 0.6360
vn -0.1481 0.9820 0.1176
vn 0.0035 -0.9999 -0.0112
vn 0.0045 -0.9999 -0.0136
vn -0.0156 -0.9847 0.1735
vn -0.6721 -0.0000 0.7405
vn 0.0058 -0.0650 0.9979
vn -0.0307 0.0773 0.9965
vn -0.8929 0.0469 0.4478
vn -1.0000 -0.0018 0.0031
vn -0.5403 -0.7759 0.3257
vn -0.6585 -0.7526 -0.0000
vn -0.2269 -0.8278 -0.5131
vn -0.8843 -0.3816 0.2689
vn 0.2089 0.3051 -0.9291
vn -0.5558 0.2824 -0.7818
vn -0.2953 -0.9271 -0.2309
vn -0.4230 0.6965 0.5796
vn 0.0389 0.9951 -0.0907
vn 0.0445 0.9965 -0.0707
vn -0.0318 0.8150 -0.5786
vn 0.8726 -0.1131 0.4751
vn 0.9109 -0.3873 0.1422
vn 0.3634 -0.8294 0.4243
vn -0.9988 -0.0169 -0.0470
vn -0.9522 0.1564 -0.2623
vn -0.8824 0.4702 -0.0194
vn -0.3374 -0.1528 0.9289
vn -0.3536 -0.1027 0.9297
vn -0.2756 -0.2146 0.9370
vn -0.0794 -0.0056 -0.9968
vn -0.3380 -0.5581 -0.7578
vn -0.5662 0.0089 -0.8242
vn -0.3672 0.0786 -0.9268
vn 0.4082 -0.1632 0.8982
vn 0.2899 0.3028 0.9079
vn -0.1369 0.3131 0.9398
vn 0.1240 -0.0000 0.9923
vn -0.5416 -0.5580 -0.6288
vn 0.0225 0.7082 -0.7057
vn 0.1915 0.8907 0.4123
vn 0.1045 0.8265 0.5532
vn -0.2065 -0.2370 -0.9493
vn 0.3062 -0.4366 -0.8459
vn -0.4206 -0.7347 -0.5323
vn -0.0762 -0.9955 0.0555
vn -0.6021 -0.4557 0.6556
vn 0.6444 0.4196 0.6393
vn 0.0222 0.9756 0.2182
vn 0.7934 0.2598 -0.5505
vn 0.4599 0.7957 -0.3942
vn 0.9996 -0.0296 -0.0043
vn 0.7549 0.6438 0.1252
vn 0.8827 0.3167 0.3473
vn -0.4413 -0.6297 0.6393
vn -0.4750 -0.6400 0.6039
vn -0.6331 0.2633 0.7279
vn 0.4658 -0.8845 0.0267
vn 0.1770 -0.9810 -0.0795
vn 0.2168 -0.9457 -0.2422
vn 0.7633 -0.5057 -0.4020
vn 0.2199 -0.8891 0.4014
vn -0.5114 0.2568 0.8201
vn -0.4207 -0.7694 0.4808
vn 0.1772 0.6676 -0.7231
vn 0.1082 0.5870 -0.8023
vn -0.0238 0.9481 -0.3171
vn -0.1479 0.9167 -0.3713
vn -0.1444 0.8790 0.4543
vn -0.6658 -0.4298 -0.6100
vn 0.4129 -0.2928 -0.8624
vn 0.6959 -0.5863 -0.4147
vn -0.0602 -0.3151 -0.9472
vn 0.3371 -0.0777 -0.9383
vn 0.3266 -0.1800 -0.9279
vn 0.0053 0.9297 0.3683
vn 0.2279 0.5436 0.8078
vn 0.1007 0.8889 -0.4469
vn 0.1343 0.8156 -0.5628
vn -0.2904 0.5131 -0.8077
vn 0.1987 0.3688 -0.9080
vn 0.5188 0.8285 -0.2105
vn -0.0489 0.8519 -0.5215
vn -0.6853 0.6939 -0.2211
vn -0.7732 0.6340 -0.0128
vn 0.2292 0.9307 0.2851
vn 0.1873 -0.8689 -0.4582
vn 0.3833 -0.6670 -0.6389
vn -0.0800 0.9945 -0.0670
vn 0.0103 0.9998 -0.0174
vn -0.3249 0.8447 0.4253
vn -0.0184 0.6402 -0.7680
vn -0.0220 0.0016 -0.9998
vn 0.1285 0.9875 0.0915
vn -0.7374 -0.3078 -0.6012
vn -0.8845 -0.4623 0.0620
vn 0.9113 -0.3952 0.1155
vn 0.0528 -0.3182 0.9466
vn -0.6286 -0.2624 0.7322
vn -0.5796 0.2423 -0.7780
vn -0.3225 0.6834 -0.6550
vn -0.6337 0.0148 -0.7734
vn -0.6722 0.2173 -0.7078
vn -0.5397 0.6313 -0.5570
vn -0.4233 0.6961 -0.5798
vn -0.0801 0.0939 0.9924
vn -0.2475 -0.0568 0.9672
vn 0.4678 -0.3283 0.8206
vn 0.3390 -0.0522 0.9393
vn -0.9132 0.1530 -0.3778
vn -0.8911 -0.1760 0.4183
vn -0.9301 0.3674 -0.0000
vn -0.8616 0.5061 -0.0400
vn -0.9676 0.1676 0.1886
vn -0.9522 -0.3040 -0.0306
vn -0.8657 -0.2360 0.4415
vn -0.7540 -0.0691 -0.6533
vn -0.9355 0.0532 0.3493
vn -0.3637 -0.2890 -0.8855
vn -0.8310 0.4840 0.2743
vn -0.8604 -0.0319 -0.5086
vn -0.3797 -0.5903 -0.7123
vn -0.2760 -0.7214 -0.6351
vn -0.7332 -0.1034 0.6721
vn -0.8536 -0.4942 0.1646
vn -0.4568 0.8744 0.1639
vn -0.8275 0.5586 -0.0559
vn -0.3778 -0.1336 -0.9162
vn -0.8976 0.4002 -0.1847
vn 0.8899 0.0714 0.4504
vn 0.9522 0.1297 0.2765
vn 0.8828 0.0775 0.4634
vn 0.9999 0.0130 -0.0069
vn 0.7584 -0.6514 0.0214
vn 0.0313 -0.9994 -0.0174
vn 0.8667 -0.4979 0.0283
vn -0.0083 0.8140 0.5808
vn 0.0005 0.5397 0.8419
vn 0.0032 0.9039 0.4278
vn -0.2455 0.4340 0.8668
vn -0.0188 0.9990 0.0417
vn -0.0097 0.3481 0.9374
vn -0.3254 0.8923 0.3131
vn 0.3509 -0.4371 -0.8281
vn 0.9870 -0.0160 -0.1597
vn 0.8775 -0.2070 -0.4327
vn -0.0019 -0.8478 -0.5302
vn -0.0083 -0.7550 -0.6557
vn 0.5883 -0.8079 0.0350
vn 0.9859 -0.1672 -0.0043
vn 0.9940 -0.1077 -0.0180
vn -0.2330 -0.9704 0.0630
vn -0.2444 -0.8730 0.4220
vn -0.1445 0.9284 -0.3424
vn 0.0124 0.8804 -0.4741
vn 0.4658 0.7914 -0.3959
vn 0.1085 0.4446 -0.8891
vn -0.4287 0.6685 -0.6078
vn -0.0000 0.8418 -0.5398
vn 0.9266 -0.2124 0.3105
vn -0.0500 -0.0330 -0.9982
vn -0.0000 -0.6528 -0.7576
vn -0.1316 -0.6013 -0.7881
vn 0.0842 0.9964 0.0100
vn 0.1965 0.9697 -0.1450
vn -0.7092 0.6407 -0.2941
vn -0.8757 0.4784 -0.0655
vn -0.9047 -0.1312 -0.4054
vn -0.3413 0.7191 0.6054
vn 0.4704 0.8110 0.3478
vn 0.3727 0.6455 0.6666
vn 0.0842 -0.8730 -0.4804
vn -0.0519 -0.7777 -0.6265
vn -0.1734 -0.7871 -0.5920
vn -0.0693 -0.8475 0.5263
vn 0.1755 -0.9845 0.0065
vn -0.0591 -0.6190 0.7832
vn 0.5219 0.5278 -0.6701
vn 0.5350 0.1570 -0.8301
vn -0.9811 -0.1926 -0.0168
vn -0.9192 -0.3929 -0.0264
vn -0.5229 -0.8351 0.1707
vn -0.7403 -0.5206 0.4254
vn -0.0037 -0.8936 -0.4489
vn 0.0151 -0.8396 -0.5430
vn 0.0834 -0.7358 -0.6720
vn 0.3414 -0.6348 -0.6931
vn 0.3411 -0.8552 -0.3902
vn 0.0913 -0.8764 -0.4729
vn 0.5239 -0.8069 -0.2729
vn 0.0109 -0.9989 0.0466
vn 0.0044 -0.9998 0.0180
vn 0.3917 -0.4240 0.8166
vn 0.0050 -0.6826 0.7308
vn -0.5861 0.7544 -0.2956
vn 0.6505 0.7136 0.2601
vn -0.9734 0.0674 -0.2189
vn -0.9637 0.1672 -0.2083
vn -0.3403 -0.0880 -0.9362
vn -0.9685 0.2302 0.0946
vn -0.0460 0.6194 0.7837
vn -0.0091 0.3803 0.9248
vn -0.4983 -0.1504 0.8539
vn -0.7770 0.1030 0.6210
vn -0.6896 0.0787 0.7199
vn -0.0185 -0.1499 0.9885
vn -0.7116 0.4638 0.5277
vn -0.1705 0.1746 0.9698
vn 0.3997 -0.4159 -0.8169
vn 0.2396 0.1033 -0.9654
vn 0.0843 -0.4958 -0.8643
vn 0.1744 -0.0340 -0.9841
vn 0.0312 0.0712 -0.9970
vn 0.4934 -0.6251 -0.6049
vn 0.6650 0.2127 -0.7160
vn 0.5819 -0.3712 -0.7236
vn 0.3035 -0.8845 -0.3544
vn -0.9443 -0.0645 -0.3228
vn 0.1117 -0.7533 -0.6481
vn 0.0673 -0.9193 -0.3877
vn 0.0455 0.1511 -0.9875
vn 0.3435 0.9098 0.2331
vn -0.2262 -0.9569 -0.1822
vn 0.0013 -0.9576 -0.2882
vn -0.0069 -0.9981 -0.0618
vn -0.1773 -0.9819 -0.0666
vn -0.4828 -0.8051 -0.3445
vn 0.9531 0.2103 -0.2176
vn 0.9174 -0.0809 -0.3897
vn -0.5146 -0.6312 -0.5803
vn -0.6775 -0.7247 0.1254
vn -0.0844 0.9939 0.0706
vn -0.1353 0.9665 0.2181
vn -0.6849 -0.0191 0.7284
vn -0.7817 -0.0633 0.6205
vn 0.6350 -0.0160 -0.7723
vn 0.7090 0.0391 -0.7041
vn -0.7289 -0.6723 0.1292
vn -0.1009 -0.9748 0.1989
vn -0.1850 0.9790 -0.0852
vn -0.1920 0.4390 -0.8777
vn 0.8891 0.1859 0.4183
vn 0.9351 0.3438 0.0862
vn -0.1748 -0.8897 -0.4218
vn 0.0211 -0.7716 0.6358
vn -0.0142 -0.9605 0.2780
vn -0.8518 -0.0240 0.5232
vn -0.0351 -0.0099 0.9993
vn 0.7021 0.5307 0.4748
vn -0.7277 0.5379 0.4256
vn 0.0064 0.9480 -0.3182
vn -0.0188 -0.1255 0.9919
vn -0.3387 0.1790 -0.9237
vn -0.3204 0.1739 0.9312
vn -0.5698 0.2115 0.7941
vn 0.0021 0.0770 0.9970
vn 0.0722 -0.2095 -0.9751
vn 0.3464 -0.2191 -0.9121
vn -0.4128 -0.7526 -0.5130
vn -0.6762 -0.6084 -0.4155
vn -0.0701 -0.4908 0.8684
vn 0.1357 -0.6360 0.7597
vn 0.4071 -0.8846 -0.2276
vn -0.6064 0.4771 -0.6361
vn -0.5456 0.4156 0.7278
vn -0.8950 -0.4455 0.0206
vn -0.8595 0.4868 0.1559
vn -0.9831 0.0613 0.1726
vn -0.0883 -0.8589 0.5044
vn -0.7503 0.6602 -0.0345
vn -0.9325 0.2166 -0.2889
vn -0.0820 0.4715 -0.8780
vn -0.8693 -0.0329 -0.4932
vn 0.9564 0.2566 0.1396
vn 0.0602 -0.4721 0.8795
vn -0.1558 -0.7900 -0.5930
vn 0.3109 0.3880 -0.8677
vn -0.2162 0.7260 -0.6528
vn -0.2160 0.6591 -0.7204
vn 0.0369 0.7129 -0.7003
vn 0.3004 0.9285 -0.2185
vn 0.0281 -0.9752 -0.2197
vn 0.4676 -0.6355 0.6144
vn 0.0154 -0.9260 0.3773
vn -0.5577 -0.0065 -0.8300
vn -0.3155 -0.0077 -0.9489
vn -0.0054 -0.0027 -1.0000
vn -0.5062 -0.2129 -0.8357
vn -0.1816 0.9785 0.0981
vn -0.5301 0.7795 0.3337
vn -0.0556 -0.9016 -0.4290
vn 0.9448 0.3275 0.0132
vn 0.6648 0.5054 0.5501
vn -0.9974 -0.0711 -0.0100
vn -0.9709 0.0109 0.2392
vn -0.9086 0.3555 0.2191
vn -0.5507 0.6051 -0.5749
vn 0.6489 0.4180 -0.6358
vn -0.0061 0.9769 -0.2138
vn 0.5186 0.5777 0.6303
vn 0.4876 0.5378 0.6877
vn 0.8489 -0.2838 0.4458
vn -0.9296 -0.0560 -0.3644
vn -0.9985 -0.0545 0.0004
vn -0.9998 -0.0180 0.0085
vn -0.0401 -0.5775 -0.8154
vn 0.0227 -0.6939 -0.7197
vn -0.0100 -0.6875 -0.7261
vn 0.0015 -0.0886 0.9961
vn 0.2741 0.3682 0.8884
vn -0.0709 -0.9846 -0.1599
vn -0.3439 -0.8697 -0.3540
vn -0.2611 -0.1222 0.9575
vn 0.0385 0.9822 -0.1840
vn -0.1779 0.9499 -0.2572
vn -0.1732 0.7861 -0.5933
vn 0.7559 0.4038 -0.5153
vn 0.8096 0.5717 -0.1327
vn 0.7839 -0.0546 0.6185
vn 0.8067 -0.2494 -0.5358
vn 0.8880 -0.3464 0.3024
vn 0.8978 -0.0670 -0.4353
vn 0.9173 0.3536 0.1829
vn 0.9494 0.2685 0.1632
vn 0.0167 -0.5027 -0.8643
vn 0.2628 -0.6159 -0.7427
vn 0.0690 -0.6752 -0.7344
vn 0.3022 -0.8149 -0.4946
vn -0.1266 -0.7288 -0.6729
vn 0.0367 0.8092 -0.5864
vn 0.0040 0.6997 -0.7144
vn 0.1719 0.7495 -0.6393
vn 0.1542 0.9880 -0.0000
vn 0.3807 0.9247 0.0050
vn 0.8127 -0.0968 0.5745
vn -0.1460 0.0246 0.9890
vn 0.3323 -0.9366 0.1110
vn 0.7839 -0.6189 0.0490
vn 0.9743 0.2185 -0.0542
vn 0.8961 0.4416 -0.0435
vn 0.6495 -0.7570 -0.0716
vn 0.3769 -0.8643 -0.3331
vn 0.3231 -0.8965 -0.3033
vn 0.5859 -0.4226 -0.6915
vn 0.9394 -0.3416 0.0284
vn -0.7862 0.0384 0.6168
vn -0.4702 -0.2763 0.8382
vn -0.7982 -0.5579 -0.2270
vn -0.8978 -0.2340 -0.3730
vn -0.2806 0.2476 -0.9273
vn -0.1776 0.3044 -0.9358
vn 0.2939 -0.1395 -0.9456
vn -0.3727 -0.0350 -0.9273
vn -0.3776 0.3197 -0.8690
vn -0.0795 0.4774 0.8751
vn -0.9306 0.3661 -0.0000
vn 0.8466 -0.1814 0.5004
vn -0.0797 -0.8881 -0.4526
vn -0.0943 -0.8788 -0.4678
vn -0.0027 -1.0000 -0.0038
vn -0.1036 -0.7637 -0.6373
vn 0.0006 -0.9999 -0.0161
vn -0.8040 -0.5935 0.0371
vn -0.8575 -0.5138 0.0285
vn 0.3537 0.7429 -0.5683
vn 0.9986 0.0143 0.0515
vn 0.1715 -0.5037 0.8467
vn 0.4721 -0.6078 0.6385
vn 0.4022 0.8888 -0.2196
vn -0.0030 -0.9525 0.3045
vn 0.0010 -0.9898 0.1423
vn 0.0040 -0.8487 0.5289
vn -0.0008 -0.6785 0.7346
vn -0.8259 -0.5481 0.1323
vn -0.5172 -0.8550 0.0379
vn -0.0414 -0.9970 0.0651
vn 0.2371 0.2109 0.9483
vn -0.0301 -0.1202 0.9923
vn 0.2670 -0.7617 0.5903
vn 0.2776 0.3384 0.8991
vn 0.3488 0.7424 0.5720
vn -0.0025 -0.0787 -0.9969
vn -0.3018 0.9527 0.0343
vn -0.2280 0.1707 0.9586
vn 0.5225 0.1288 0.8429
vn 0.4531 0.2599 0.8527
vn 0.4980 0.6973 0.5156
vn -0.7650 -0.1190 0.6329
vn 0.9500 0.3121 0.0128
vn -0.1373 -0.9100 0.3912
vn -0.0746 -0.6653 0.7428
vn -0.2512 -0.9444 0.2120
vn 0.6616 -0.4025 0.6327
vn 0.9936 -0.0981 -0.0555
vn -0.4736 -0.7175 -0.5107
vn -0.8296 -0.4218 -0.3659
vn 0.3234 -0.3712 -0.8704
vn 0.6283 0.2178 -0.7468
vn 0.4873 -0.4755 -0.7324
vn -0.0358 0.9985 -0.0406
vn 0.8032 -0.5772 -0.1477
vn 0.4224 -0.8878 -0.1828
vn 0.4229 -0.9059 0.0211
vn 0.1239 -0.8705 0.4763
vn 0.8188 -0.4526 0.3533
vn 0.0794 -0.8954 0.4380
vn 0.9142 -0.4048 0.0200
vn -0.0198 0.9104 -0.4133
vn 0.9140 0.1506 -0.3768
vn -0.0919 0.8914 0.4438
vn -0.6374 0.2912 0.7133
vn 0.2332 0.3394 -0.9113
vn 0.9221 0.0899 -0.3765
vn 0.3571 0.0719 -0.9313
vn 0.1540 -0.1390 -0.9782
vn -0.0999 -0.1079 -0.9891
vn 0.3630 0.2428 -0.8996
vn 0.5136 0.1214 -0.8494
vn 0.9926 0.1011 -0.0674
vn 0.4661 -0.0206 -0.8845
vn 0.4076 -0.4464 -0.7966
vn 0.3015 -0.9488 0.0944
vn 0.0140 -0.9999 0.0067
vn 0.1982 -0.8828 0.4259
vn 0.0753 0.9712 0.2260
vn 0.0733 0.9353 0.3461
vn -0.6048 0.1808 0.7756
vn 0.8342 -0.1936 0.5163
vn 0.8217 0.4555 0.3425
vn -0.6431 0.2838 -0.7113
vn -0.1111 -0.5757 -0.8101
vn 0.4264 0.1122 0.8976
vn 0.1493 0.0803 0.9855
vn 0.0776 0.0119 -0.9969
vn 0.0151 0.0014 -0.9999
vn 0.0176 0.4033 -0.9149
vn -0.7391 -0.3115 -0.5972
vn -0.3461 -0.0097 0.9382
vn -0.3278 0.8593 -0.3927
vn -0.9348 0.3195 0.1551
vn -0.9630 0.2681 0.0264
vn -0.8120 0.4021 0.4231
vn 0.0070 -0.2190 0.9757
vn 0.8509 0.3428 -0.3981
vn -0.0702 -0.7722 0.6315
vn 0.1572 -0.7698 -0.6187
vn 0.9955 -0.0669 -0.0669
vn 0.4734 -0.4886 0.7329
vn 0.8990 -0.2149 -0.3817
vn 0.8694 -0.1855 0.4580
vn 0.7724 -0.6198 0.1385
vn 0.9681 0.2475 0.0387
vn 0.9682 0.2121 0.1326
vn 0.8795 -0.4333 -0.1969
vn 0.8146 -0.5393 0.2133
vn 0.7971 -0.1664 0.5805
vn 0.7615 -0.4584 -0.4583
vn 0.8666 -0.4970 0.0446
vn 0.8338 0.5444 -0.0919
vn 0.8438 0.4346 0.3149
vn 0.0803 -0.7633 -0.6410
vn 0.1083 -0.9497 -0.2940
vn -0.5741 -0.3354 0.7469
vn -0.0274 0.9987 -0.0428
vn -0.8190 0.3082 -0.4840
vn -0.5744 0.7745 0.2651
vn 0.9440 0.1602 -0.2885
vn 0.9582 0.0040 -0.2861
vn 0.7863 0.5904 -0.1820
vn 0.6257 0.0668 -0.7772
vn 0.1235 0.6593 0.7417
vn 0.8873 0.1760 0.4264
vn -0.6692 -0.0877 -0.7378
vn -0.2611 -0.1093 -0.9591
vn -0.0114 0.5712 -0.8207
vn 0.0068 0.1947 0.9808
vn 0.0799 0.9950 0.0597
vn 0.1872 -0.1844 -0.9649
vn 0.8780 -0.4123 -0.2431
vn 0.4045 -0.2536 -0.8787
vn 0.0158 -0.0001 0.9999
vn -0.0798 -0.1708 0.9821
vn -0.0806 0.0045 0.9967
vn -0.0117 0.1034 0.9946
vn 0.0208 -0.1057 0.9942
vn 0.1933 0.8751 -0.4436
vn 0.1662 0.8984 -0.4066
vn 0.0044 1.0000 -0.0086
vn -0.9476 0.2912 -0.1309
vn -0.5367 0.4824 -0.6923
vn -0.0762 0.9446 -0.3193
vn -0.0229 0.7890 -0.6140
vn -0.3107 0.9501 0.0273
vn -0.3510 0.6543 -0.6699
vn -0.0287 -0.9905 0.1346
vn -0.1403 -0.9689 0.2037
vn -0.2515 -0.8053 0.5368
vn -0.7679 0.6279 -0.1268
vn -0.7337 0.6788 0.0291
vn 0.5297 -0.7014 -0.4769
vn 0.1970 0.9786 -0.0595
vn 0.6578 0.7020 0.2728
vn 0.3465 0.8165 0.4619
vn 0.2104 0.9775 0.0154
vn -0.0161 0.9990 0.0421
vn 0.2914 0.9468 0.1365
vn -0.0083 -0.1839 -0.9829
vn -0.0092 -0.6908 -0.7230
vn -0.8509 0.3157 -0.4198
vn -0.2855 0.4068 -0.8678
vn -0.0075 0.4483 -0.8939
vn 0.4667 -0.6846 -0.5599
vn 0.5717 -0.8199 0.0310
vn 0.1699 -0.4219 0.8906
vn 0.5240 -0.2281 0.8206
vn 0.9198 0.3916 -0.0240
vn 0.9632 0.1239 0.2386
vn 0.8135 0.5806 -0.0330
vn -0.9593 -0.0151 -0.2821
vn -0.9223 -0.0261 -0.3856
vn 0.3979 0.7567 0.5188
vn -0.1855 -0.9816 0.0462
vn 0.0548 0.2016 0.9779
vn 0.0260 -0.0450 0.9987
vn 0.2424 -0.0000 0.9702
vn -0.0114 0.4127 0.9108
vn 0.8745 0.4725 0.1099
vn 0.2236 0.9664 -0.1269
vn -0.2802 -0.9323 0.2287
vn 0.1081 -0.7778 0.6192
vn 0.0765 0.4678 -0.8805
vn 0.1551 0.2315 -0.9604
vn 0.1605 0.6143 -0.7726
vn 0.2007 0.8126 -0.5471
vn 0.0139 -0.9854 0.1699
vn 0.0041 -1.0000 -0.0022
vn 0.0088 -0.9997 0.0224
vn -0.2129 -0.7557 -0.6193
vn -0.1828 -0.4658 -0.8658
vn -0.2246 -0.8894 -0.3981
vn -0.9034 -0.3336 -0.2696
vn 0.7093 0.4184 0.5673
vn -0.0855 -0.0561 0.9948
vn -0.1733 -0.0676 0.9826
vn 0.3871 0.8419 0.3759
vn 0.5176 0.7028 0.4881
vn 0.4401 0.8120 0.3834
vn 0.8754 -0.1354 -0.4641
vn 0.8634 -0.2256 -0.4512
vn 0.3296 0.6777 -0.6574
vn -0.6376 -0.1057 -0.7631
vn -0.5532 -0.1999 -0.8087
vn -0.7358 -0.3992 -0.5470
vn -0.9999 -0.0105 0.0106
vn -0.7664 0.4410 0.4670
vn -0.7070 0.7072 0.0106
vn -0.9984 -0.0484 0.0281
vn -0.9044 -0.0217 0.4262
vn -0.8139 0.5809 -0.0006
vn -0.9999 -0.0099 -0.0080
vn -0.9986 -0.0525 0.0010
vn -0.0323 0.9153 0.4014
vn -0.5748 -0.0669 -0.8156
vn -0.0336 -0.4378 -0.8984
vn 0.9461 -0.0574 -0.3187
vn -0.1835 0.7161 -0.6735
vn -0.0347 0.7870 -0.6160
vn -0.2340 -0.9411 -0.2441
vn 0.0647 -0.9969 -0.0450
vn 0.8268 -0.5440 0.1432
vn 0.0068 0.2853 0.9584
vn 0.9048 0.1033 0.4131
vn 0.9396 0.2234 0.2592
vn 0.0145 0.3159 0.9487
vn 0.3410 -0.3369 -0.8776
vn 0.2892 0.0280 -0.9568
vn 0.0457 -0.5167 -0.8550
vn -0.2542 -0.2670 0.9296
vn -0.8146 -0.1666 0.5556
vn -0.3152 0.9447 0.0905
vn -0.6362 -0.7447 0.2017
vn 0.7292 0.5566 0.3981
vn 0.5663 0.5926 0.5729
vn 0.3375 0.8832 0.3258
vn 0.7963 0.0994 0.5967
vn -0.7395 -0.6416 0.2038
vn 0.3182 0.3379 0.8858
vn -0.0914 -0.8576 0.5062
vn -0.3079 -0.7479 0.5881
vn 0.1746 -0.8495 0.4978
vn 0.2875 -0.4665 -0.8365
vn 0.0160 -0.9998 -0.0145
vn 1.0000 0.0009 -0.0047
vn 0.9993 0.0352 -0.0159
vn -0.5307 -0.7537 -0.3877
vn -0.7736 -0.1814 -0.6072
vn -0.9880 0.1546 -0.0050
vn 0.1312 0.4142 0.9007
vn -0.6797 0.7071 0.1950
vn 0.0698 0.8100 -0.5822
vn 0.0023 0.9858 0.1680
vn 0.2591 0.9472 0.1887
vn 0.3823 0.3371 -0.8604
vn 0.5539 0.7575 -0.3454
vn -0.0209 -0.6982 0.7156
vn -0.0375 -0.5438 0.8384
vn 0.0042 -0.1768 0.9842
vn -0.3699 0.9227 -0.1083
vn -0.1619 0.3234 -0.9323
vn -0.2426 0.9541 0.1757
vn -0.2411 0.9627 0.1226
vn 0.4291 -0.8503 -0.3046
vn 0.0928 -0.8639 -0.4951
vn 0.3193 0.2157 0.9228
vn 0.6317 0.5482 0.5482
vn 0.9704 0.0144 0.2410
vn 0.7388 0.6740 -0.0035
vn -0.1408 0.9842 0.1073
vn 0.6009 -0.3403 0.7233
vn -0.3007 -0.8064 -0.5093
vn -0.0044 0.8007 -0.5991
vn 0.0377 0.6864 -0.7262
vn 0.1800 0.8413 -0.5097
vn -0.7251 0.6107 0.3183
vn -0.0531 0.0585 0.9969
vn -0.0262 -0.0900 0.9956
vn -0.8027 0.5963 0.0069
vn -0.0806 0.9967 0.0029
vn -0.9359 0.2256 0.2706
vn -0.0027 0.7548 -0.6559
vn 0.0656 0.8666 -0.4946
vn -0.2419 0.9518 -0.1886
vn 0.1278 0.3164 0.9400
vn -0.2588 -0.0318 -0.9654
vn 0.8846 -0.4478 0.1306
vn -0.0062 -0.8143 -0.5804
vn 0.9461 -0.2451 -0.2119
vn -0.0097 0.3603 -0.9328
vn -0.0165 0.5625 -0.8266
vn 0.0046 -0.1325 -0.9912
vn 0.5348 -0.0069 -0.8449
vn 0.9593 -0.0801 -0.2709
vn -0.0975 -0.7630 0.6390
vn 0.2016 0.8047 -0.5584
vn 0.1975 0.5736 -0.7949
vn 0.0581 0.8852 -0.4615
vn 0.5211 0.3933 -0.7575
vn 0.5055 -0.1246 -0.8538
vn 0.3800 0.4164 0.8259
vn -0.2754 -0.9613 0.0053
vn 0.0021 0.0753 0.9972
vn 0.0988 -0.2981 0.9494
vn 0.5886 0.7976 -0.1320
vn 0.8002 0.0881 -0.5933
vn 0.7577 -0.6515 0.0378
vn 0.7433 0.3695 -0.5576
vn -0.1967 0.9615 -0.1920
vn 0.0566 -0.9981 0.0242
vn 0.0396 -0.9991 0.0167
vn -0.8755 -0.4048 -0.2638
vn -0.2931 0.6691 0.6830
vn -0.1921 0.9372 0.2910
vn -0.0139 -0.9738 -0.2272
vn -0.0096 -0.7445 -0.6675
vn 0.9894 0.1451 0.0001
vn -0.1317 -0.9286 0.3470
vn 0.2898 -0.9385 -0.1877
vn 0.8803 -0.4685 -0.0748
vn -0.0325 0.8872 -0.4603
vn 0.0955 0.1723 -0.9804
vn -0.0638 0.8576 -0.5104
vn 0.3823 0.3369 -0.8604
vn 0.4289 0.5098 -0.7458
vn -0.0053 -1.0000 -0.0011
vn 0.0111 -0.9960 0.0891
vn 0.4969 0.4561 0.7383
vn -0.0230 0.5745 0.8182
vn 0.3678 0.5098 0.7777
vn -0.9326 -0.2650 0.2449
vn -0.0046 -0.1292 0.9916
vn -0.9088 -0.3489 0.2287
vn -0.4719 -0.8800 0.0538
vn 0.0221 -0.6813 0.7317
vn 0.0314 -0.6262 0.7791
vn 0.4921 -0.2560 0.8321
vn -0.0102 -0.3931 0.9194
vn -0.6674 -0.6433 0.3751
vn -0.3628 0.9214 -0.1395
vn -0.7623 0.5670 -0.3121
vn -0.6330 0.6669 0.3933
vn -0.2677 0.8995 -0.3453
vn 0.0008 -0.9661 0.2582
vn 0.0636 -0.9687 0.2401
vn -0.6198 0.0901 -0.7796
vn 0.0217 -0.9018 -0.4315
vn 0.3901 0.6360 0.6658
vn 0.5705 0.6502 0.5018
vn 0.4684 -0.2977 -0.8319
vn 0.0701 0.9506 0.3024
vn -0.0677 0.9871 0.1449
vn -0.4904 -0.0000 -0.8715
vn 0.5074 -0.8583 0.0764
vn 0.4465 -0.7877 0.4244
vn 0.3656 -0.9258 -0.0957
vn 0.5766 -0.6035 0.5507
vn 0.0908 -0.9951 0.0403
vn 0.4593 -0.8865 -0.0563
vn 0.1960 -0.9806 -0.0082
vn 0.9470 -0.3131 -0.0718
vn 0.8314 -0.5492 -0.0845
vn 0.6732 -0.7341 -0.0890
vn 1.0000 0.0003 -0.0002
vn -0.0855 -0.0342 0.9958
vn -0.0149 -0.7715 0.6360
vn 0.9782 0.2060 -0.0270
vn 0.6675 0.7422 0.0597
vn 0.3201 0.9468 -0.0336
vn 0.2387 0.1353 -0.9616
vn -0.0217 0.6821 -0.7309
vn -0.0572 0.4390 -0.8967
vn -0.0434 0.9058 -0.4214
vn 0.0098 0.8422 -0.5391
vn 0.0351 0.0334 -0.9988
vn 0.0458 0.4244 -0.9043
vn -0.0554 -0.2460 0.9677
vn 0.0122 -0.3240 0.9460
vn -0.0272 0.0362 -0.9990
vn -0.4468 0.3434 -0.8261
vn -0.4082 0.0249 0.9125
vn -0.6631 0.0510 0.7468
vn -0.3247 0.2894 0.9005
vn 0.0200 0.6908 0.7228
vn 0.6853 -0.2688 0.6768
vn 0.7977 -0.2814 0.5333
vn 0.6483 0.3194 0.6911
vn -0.6001 -0.7821 -0.1681
vn -0.3362 -0.9092 -0.2457
vn -0.8101 -0.4627 0.3601
vn -0.7933 -0.5922 0.1410
vn -0.1814 -0.9629 -0.1996
vn -0.2237 -0.9366 0.2697
vn -0.0134 -0.3691 0.9293
vn 0.5360 -0.8284 0.1625
vn -0.6047 -0.0880 0.7915
vn -0.0979 0.9150 -0.3915
vn -0.1476 0.9874 -0.0576
vn 0.6158 -0.7878 -0.0156
vn 0.3778 -0.0560 0.9242
vn 0.3267 0.6865 -0.6496
vn -0.0431 0.9813 -0.1878
vn 0.6086 0.6734 0.4196
vn 0.4118 0.3817 -0.8275
vn -0.1777 0.7671 -0.6164
vn -0.0369 -0.6220 0.7821
vn 0.9031 0.0758 0.4228
vn 0.1060 -0.9940 0.0283
vn -0.9907 0.0302 -0.1326
vn 0.1230 -0.5729 0.8103
vn -0.0311 -0.0589 0.9978
vn 0.0586 0.1252 0.9904
vn 0.6106 -0.2491 0.7517
vn 0.6532 0.2296 0.7216
vn -0.1165 -0.9923 0.0425
vn 0.0970 0.9931 -0.0658
vn -0.0901 0.8348 -0.5431
vn -0.4078 0.6864 0.6022
vn -0.4501 -0.8694 0.2036
vn 0.7274 0.6046 -0.3245
vn 0.7554 0.0304 0.6546
vn -0.7814 0.5304 -0.3288
vn 0.6206 0.5484 -0.5604
vn 0.4269 0.7754 0.4653
vn 0.0861 0.9853 0.1477
vn 0.6295 0.4044 0.6635
vn 0.3876 -0.1057 -0.9157
vn 0.9324 0.3232 -0.1616
vn 0.7249 -0.0649 0.6858
vn -0.6978 0.5549 0.4529
vn -0.0065 -0.9998 0.0180
vn -0.0668 -0.9261 0.3714
vn -0.0030 -0.9989 0.0468
vn 0.0646 -0.9390 0.3378
vn 0.4716 0.7729 -0.4245
vn 0.3104 0.7509 -0.5830
vn 0.8927 0.2016 -0.4030
vn -0.7073 0.4242 -0.5655
vn -0.0100 0.9999 -0.0033
vn -0.0118 0.8986 -0.4387
vn -0.0384 0.9987 0.0346
vn 0.3961 -0.8080 0.4361
vn 0.7812 0.0224 0.6239
vn -0.9626 0.1478 0.2271
vn -0.7698 0.6279 0.1147
vn -0.6272 -0.0916 -0.7734
vn -0.9178 0.1502 0.3676
vn -0.8806 -0.4607 0.1113
vn -0.9418 0.3318 -0.0542
vn -0.0549 0.5453 0.8364
vn 0.3593 -0.8029 -0.4758
vn 0.8321 -0.0946 -0.5465
vn 0.9178 0.2910 -0.2702
vn 0.5024 0.3577 -0.7872
vn 0.8332 -0.2120 -0.5107
vn 0.2337 -0.1890 0.9538
vn -0.1208 -0.1356 0.9834
vn -0.0840 -0.0197 0.9963
vn -0.0711 0.1665 0.9835
vn -0.0071 -0.9418 0.3362
vn -0.1869 0.9184 -0.3487
vn -0.3527 0.9357 -0.0054
vn -0.0307 0.9994 -0.0150
vn 0.4955 -0.3050 0.8133
vn 0.7537 0.6521 0.0816
vn 0.3297 0.2776 0.9024
vn 0.0007 1.0000 -0.0071
vn -0.2575 0.9406 -0.2215
vn -0.1653 -0.3627 -0.9171
vn -0.0447 -0.4659 -0.8837
vn -0.4989 0.7923 0.3513
vn -0.9945 -0.0881 0.0574
vn 0.1847 0.7371 -0.6501
vn -0.0622 0.7536 0.6544
vn -0.0690 0.5406 0.8385
vn -0.1458 -0.2250 0.9634
vn 0.4712 -0.7228 -0.5055
vn 0.4199 -0.8614 -0.2858
vn 0.6070 -0.7942 -0.0298
vn -0.4030 -0.8320 0.3813
vn -0.1161 -0.9880 -0.1018
vn -0.0093 -0.9914 0.1308
vn -0.9894 0.0792 -0.1216
vn -0.0646 -0.9151 -0.3981
vn 0.3018 0.5721 -0.7627
vn 0.3035 0.9043 -0.3004
vn 0.6950 0.6266 0.3526
vn 0.4006 0.8322 0.3832
vn 0.6396 0.1768 0.7481
vn -0.4861 -0.7992 0.3536
vn -0.3180 0.0886 -0.9439
vn -0.8790 0.4734 -0.0565
vn -1.0000 0.0001 -0.0000
vn -0.7212 0.2678 0.6389
vn 0.0212 -0.9998 0.0020
vn 0.4101 -0.9081 -0.0841
vn 0.3325 0.7807 -0.5291
vn 0.3422 0.4160 -0.8426
vn 0.6741 0.6445 -0.3608
vn -0.0462 -0.8312 -0.5541
vn -0.8087 0.5882 -0.0001
vn 0.1752 -0.6664 0.7247
vn -0.2632 -0.7742 -0.5756
vn 0.9907 -0.0135 -0.1352
vn -0.3799 -0.0967 0.9199
vn -0.8427 0.2930 0.4517
vn -0.5269 -0.7845 0.3269
vn 0.4648 0.5475 -0.6959
vn 0.0436 0.6377 -0.7691
vn -0.3259 -0.0137 -0.9453
vn -0.2692 -0.1332 -0.9538
vn 0.9872 0.1002 0.1239
vn 0.6842 -0.5200 0.5113
vn -0.3759 -0.1898 0.9070
vn 0.1369 0.9395 0.3141
vn -0.4562 -0.7495 -0.4797
vn 0.1648 -0.1276 0.9780
vn 0.4028 0.2026 0.8926
vn -0.0387 -0.1615 0.9861
vn -0.2395 -0.9487 0.2061
vn -0.6065 -0.3143 0.7303
vn -0.8508 0.5247 -0.0292
vn -0.0565 0.5796 0.8129
vn 0.1215 -0.8925 -0.4345
vn 0.8250 -0.5635 -0.0430
vn -0.8200 -0.0488 0.5703
vn -0.6146 -0.3947 0.6830
vn -0.3117 -0.0356 0.9495
vn 0.8450 0.2901 0.4493
vn 0.1180 -0.8833 -0.4536
vn 0.0180 -0.9997 -0.0180
vn 0.0722 -0.9749 -0.2105
vn 0.1463 0.5914 0.7930
vn -0.2365 0.0056 -0.9716
vn -0.1945 -0.7548 -0.6264
vn -0.6289 -0.3198 -0.7087
vn -0.5791 -0.2235 -0.7840
vn -0.6631 -0.0630 -0.7459
vn 0.5800 0.4088 -0.7046
vn 0.0228 -0.9974 0.0689
vn 0.8279 0.5591 0.0434
vn 0.0050 0.4423 -0.8968
vn -0.8011 -0.4558 0.3880
vn -0.0025 0.3578 -0.9338
vn -0.5698 0.0550 -0.8199
vn -0.3660 -0.0739 -0.9277
vn -0.2744 0.4498 -0.8500
vn -0.2806 -0.1673 -0.9451
vn -0.9195 0.2267 0.3211
vn 0.2379 0.0502 0.9700
vn 0.7599 -0.2567 -0.5972
vn 0.2346 0.1962 0.9521
vn 0.1907 -0.0261 0.9813
vn 0.0197 0.4471 0.8943
vn -0.2861 -0.9530 -0.0993
vn -0.7603 -0.1568 -0.6303
vn -0.2840 -0.2571 -0.9237
vn -0.2149 -0.5596 0.8004
vn -0.2652 0.7335 0.6258
vn -0.0284 -0.4421 -0.8965
vn -0.4215 0.7248 0.5450
vn -0.5549 0.8197 0.1420
vn -0.6845 0.1076 0.7210
vn -0.0694 0.9085 0.4120
vn 0.1726 -0.9795 0.1037
vn 0.5541 0.6014 0.5755
vn 0.1895 0.9332 0.3054
vn -0.0020 0.9998 0.0219
vn 0.3375 -0.4718 0.8146
vn -0.0951 0.0066 0.9954
vn 0.1939 -0.2406 -0.9510
vn -0.8998 0.2619 -0.3490
vn 0.0199 0.9507 -0.3093
vn -0.0699 0.9974 -0.0175
vn -0.8625 0.4952 -0.1043
vn 0.0581 0.9958 -0.0703
vn 0.0133 0.9999 -0.0003
vn 0.0148 0.9992 -0.0384
vn -0.5914 0.5545 0.5854
vn -0.9014 -0.0192 0.4325
vn -0.9983 -0.0555 0.0172
vn -0.5147 -0.5608 -0.6486
vn -0.0057 -0.7494 0.6621
vn 0.8247 -0.3723 0.4257
vn -0.5041 0.0004 -0.8637
vn -0.0150 -0.8993 0.4370
vn 0.7008 0.1457 0.6984
vn 0.4865 -0.0843 0.8696
vn -0.2028 -0.9775 0.0585
vn -0.3283 -0.8886 -0.3203
vn 0.8995 -0.4361 -0.0271
vn -0.3355 -0.1285 -0.9332
vn 0.0062 1.0000 0.0060
vn -0.0835 0.0479 -0.9954
vn 0.7583 -0.6519 -0.0000
vn 0.3686 -0.7332 -0.5715
vn 0.9986 -0.0438 -0.0301
vn 0.4490 -0.8935 0.0124
vn 0.2551 -0.7915 0.5554
vn 0.3056 0.1243 -0.9440
vn 0.6180 0.1628 -0.7691
vn 0.6874 -0.0451 0.7249
vn -1.0000 -0.0001 -0.0000
vn -0.0446 0.8996 -0.4345
vn 0.5907 0.8058 -0.0424
vn 0.5448 0.8029 -0.2418
vn 0.0408 -0.7145 0.6985
vn -0.0747 -0.5054 0.8597
vn 0.0749 -0.1412 0.9871
vn 0.3337 -0.0324 0.9421
vn 0.5779 0.5658 0.5882
vn 0.0085 0.1872 0.9823
vn -0.0372 -0.8993 0.4358
vn 0.1037 -0.9168 0.3856
vn 0.1876 -0.9611 0.2027
vn -0.7988 0.6016 0.0018
vn -0.6006 0.5673 0.5634
vn -0.7195 0.6131 0.3262
vn -0.0198 -0.7942 0.6073
vn 0.0039 -1.0000 0.0018
vn -0.0096 -0.9999 0.0051
vn 0.0129 0.8386 -0.5445
vn 0.7586 0.6384 0.1302
vn 0.9356 0.2967 0.1915
vn 0.3707 0.5113 -0.7754
vn 0.3624 0.5683 -0.7387
vn 0.9998 0.0154 -0.0138
vn -0.0006 0.9592 -0.2827
vn 0.2057 -0.9726 -0.1087
vn 0.9428 0.2914 0.1617
vn 0.9968 0.0262 -0.0758
vn 0.8389 -0.5405 -0.0643
vn -0.9755 0.0884 -0.2016
vn 0.9369 -0.1322 -0.3238
vn 0.5996 -0.4294 -0.6754
vn 0.9863 -0.1579 -0.0471
vn 0.4489 -0.8917 0.0579
vn -0.0983 0.4819 0.8707
vn -0.6464 0.3068 0.6987
vn -0.0085 0.8969 0.4421
vn -0.1181 0.8183 -0.5626
vn -0.0455 0.8185 -0.5726
vn 0.0011 0.8427 -0.5384
vn -0.1636 0.6870 -0.7080
vn -0.1062 -0.7646 -0.6357
vn -0.8493 0.0713 -0.5230
vn 0.1228 -0.8819 -0.4552
vn -0.9391 -0.3431 -0.0172
vn 0.6062 -0.3942 -0.6908
vn 0.8810 -0.4681 -0.0690
vn 0.8514 -0.5181 -0.0818
vn 0.4871 -0.8180 0.3059
vn -0.0775 -0.9951 -0.0609
vn 1.0000 -0.0000 0.0002
vn 0.5186 -0.8512 -0.0802
vn -0.8631 0.0987 0.4954
vn -0.7574 0.6445 -0.1043
vn 0.5090 -0.5313 -0.6773
vn 0.7969 0.0367 -0.6031
vn 0.4521 0.2024 -0.8687
vn 0.0913 -0.0996 0.9908
vn -0.0554 -0.2231 0.9732
vn -0.1905 0.9706 0.1474
vn 0.5263 -0.8293 -0.1878
vn 0.2392 -0.5355 0.8100
vn 0.1452 -0.7953 0.5885
vn -0.0097 -0.9068 -0.4214
vn -0.0251 -0.6527 0.7572
vn 0.8584 0.0219 -0.5125
vn -0.2265 -0.7405 -0.6328
vn 0.1569 -0.8335 -0.5297
vn -0.9635 -0.2565 0.0760
vn -0.4035 -0.9149 0.0070
vn -0.2200 0.7287 0.6485
vn -0.4370 0.8955 -0.0838
vn -0.5655 -0.5497 0.6148
vn -0.5015 0.2222 0.8361
vn 0.9430 0.0435 -0.3299
vn 0.3599 -0.6229 0.6946
vn -0.4168 0.9090 -0.0000
vn -0.6962 0.2796 -0.6611
vn -0.9089 -0.3347 -0.2487
vn -0.8964 -0.0164 -0.4429
vn -0.0142 -0.6839 -0.7294
vn 0.0057 -0.6652 -0.7466
vn -0.9372 -0.1433 0.3179
vn -0.0136 -0.9240 -0.3821
vn 0.0524 -0.9264 -0.3729
vn -0.2939 -0.9477 -0.1243
vn 0.0173 0.3395 0.9405
vn 0.3079 -0.8861 0.3464
vn -0.0605 0.3875 0.9199
vn 0.0441 0.0163 0.9989
vn 0.0861 -0.0010 -0.9963
vn -0.1643 -0.9718 0.1689
vn -0.5844 0.2833 0.7604
vn -0.0568 0.8135 0.5788
vn -0.9313 0.2986 -0.2086
vn 0.8996 0.2201 -0.3773
vn -0.0583 -0.9948 0.0835
vn -0.2824 -0.8759 0.3913
vn -0.2709 0.4378 0.8573
vn 0.2526 -0.7006 -0.6674
vn 0.0222 0.0002 0.9998
vn -0.4986 0.6935 0.5201
vn -0.6241 0.6892 -0.3680
vn -0.3749 0.1408 -0.9163
vn -0.5927 0.7802 -0.2001
vn -0.0720 0.9020 -0.4257
vn -0.4177 -0.2615 -0.8701
vn 0.9140 -0.0889 -0.3959
vn -0.0682 0.0375 0.9970
vn 0.3062 0.0313 0.9514
vn 0.5851 0.7771 0.2320
vn -0.6237 0.5883 -0.5147
vn -0.0026 0.0576 -0.9983
vn 0.1023 -0.8959 0.4324
vn 0.3083 -0.8523 0.4225
vn -0.0751 0.2973 0.9518
vn 0.6573 -0.4880 0.5743
vn 0.0019 0.8187 0.5743
vn 0.0248 0.2062 -0.9782
vn -0.0386 0.1578 -0.9867
vn -0.5840 0.6527 0.4826
vn 0.6078 -0.4852 0.6286
vn -0.4495 -0.8233 -0.3466
vn -0.0630 0.9961 -0.0625
vn 0.8028 0.0457 -0.5945
vn -0.7490 -0.6343 0.1912
vn -0.6000 0.0385 -0.7991
vn -0.0034 0.9718 -0.2357
vn -0.4309 0.8361 -0.3396
vn 0.0617 -0.0848 -0.9945
vn 0.9130 0.1854 -0.3634
vn 0.9996 -0.0263 0.0036
vn 0.9380 -0.0891 0.3350
vn -0.9053 0.0727 -0.4185
vn -0.9973 0.0735 0.0005
vn 0.3417 -0.9398 -0.0000
vn 0.9208 0.3488 0.1745
vn 0.2493 -0.9648 -0.0839
vn 0.1694 0.2714 0.9474
vn -0.9266 0.2129 -0.3099
vn -0.1946 0.9808 -0.0151
vn -0.5632 0.8181 0.1167
vn -0.3150 0.2776 -0.9076
vn 0.6460 0.7462 0.1610
vn 0.4430 0.7077 -0.5503
vn 0.7013 0.6989 -0.1406
vn -0.4318 -0.5797 -0.6910
vn -0.9389 0.0423 0.3414
vn -0.4242 -0.1279 -0.8965
vn -0.5857 0.6313 -0.5083
vn -0.5580 -0.2623 0.7873
vn -0.7665 0.5576 -0.3186
vn 0.7904 -0.4773 0.3840
vn -0.0118 -0.7225 0.6912
vn -0.2085 -0.0438 -0.9770
vn -0.3625 -0.7704 -0.5245
vn -0.5306 0.5595 -0.6367
vn -0.4203 0.9067 -0.0341
vn 0.0044 -0.8646 -0.5024
vn 0.5857 0.5339 0.6098
vn 0.0086 -0.6834 -0.7300
vn -0.1959 -0.9548 -0.2234
vn 0.0689 -0.9168 0.3933
vn 0.1334 -0.8836 -0.4487
vn 0.0093 -0.1632 0.9865
vn 0.6485 0.5228 0.5533
vn -0.0576 -0.2450 0.9678
vn 0.0171 0.3579 0.9336
vn 0.2416 -0.1833 0.9529
vn -0.0122 -0.0799 0.9967
vn 0.2013 -0.0872 0.9756
vn 0.2330 -0.2669 0.9351
vn 0.0015 -0.9995 -0.0331
vn -0.1157 -0.9351 0.3350
vn 0.2476 0.8410 -0.4811
vn -0.8473 0.2698 0.4574
vn 0.3578 0.9329 -0.0423
vn -0.9301 -0.2037 -0.3058
vn -0.6956 -0.0490 -0.7167
vn 0.5638 0.7647 0.3120
vn 0.9442 0.2601 0.2023
vn -0.2324 -0.0774 0.9695
vn -0.1621 0.2192 0.9621
vn 0.8998 -0.1940 0.3908
vn -0.2722 0.8613 0.4290
vn 0.8200 0.5532 -0.1471
vn 0.6064 0.7755 0.1755
vn 0.0492 -0.9933 0.1050
vn -0.2278 -0.7682 0.5983
vn 0.0280 -0.8639 0.5029
vn 0.0794 -0.8238 0.5613
vn 0.2716 -0.9001 0.3407
vn 0.0803 0.9927 0.0897
vn -0.8867 0.2565 0.3845
vn 0.6329 0.7154 0.2962
vn 0.0200 0.0017 -0.9998
vn 0.1040 -0.0891 -0.9906
vn -0.0747 0.9972 0.0092
vn 0.0098 0.9317 0.3631
vn 0.2913 0.9315 0.2180
vn 0.5388 0.4631 -0.7038
vn 0.0947 -0.5243 0.8462
vn 0.3738 0.4079 0.8330
vn 0.0074 0.4155 0.9096
vn 0.0184 0.4908 0.8711
vn 0.6260 -0.5818 -0.5193
vn -0.3224 -0.8971 -0.3021
vn 0.9899 -0.1164 -0.0813
vn 0.7706 -0.6164 -0.1622
vn -0.0409 -0.7630 -0.6451
vn -0.3790 -0.2193 -0.8990
vn 0.6776 0.5076 0.5322
vn -1.0000 -0.0002 -0.0000
vn -0.3465 -0.0980 -0.9329
vn -0.2725 -0.2483 -0.9296
vn -0.2909 -0.1421 -0.9461
vn -0.0407 0.8970 0.4401
vn -0.7021 0.4390 0.5606
vn 0.0542 -0.2740 0.9602
vn -0.0684 -0.9010 -0.4285
vn 0.0465 -0.9372 0.3456
vn 0.0107 -0.2147 0.9766
vn -0.1046 -0.0050 0.9945
vn 0.0155 -0.0124 0.9998
vn 0.1696 -0.9640 -0.2049
vn 0.1541 -0.9835 -0.0945
vn 0.0080 0.9921 0.1250
vn -0.5810 0.8126 0.0468
vn -0.2123 -0.5755 -0.7898
vn -0.8966 -0.0152 0.4427
vn 0.6593 0.4186 -0.6246
vn 0.0362 0.1046 0.9939
vn -0.0862 -0.8403 0.5352
vn -0.5335 0.8041 -0.2624
vn -0.9340 0.1181 0.3373
vn -0.7352 0.3146 -0.6005
vn -0.6151 0.2344 -0.7528
vn -0.3697 0.1117 -0.9224
vn 0.7993 -0.5780 -0.1641
vn -0.7597 0.4894 -0.4282
vn -0.7950 0.0728 -0.6023
vn -0.0094 -0.9999 -0.0111
vn -0.0580 -0.7530 0.6555
vn -0.0694 -0.8923 -0.4460
vn 0.0979 0.0858 -0.9915
vn 0.2884 -0.0980 -0.9525
vn -0.3949 0.4670 -0.7912
vn -0.0115 0.4532 0.8913
vn -0.3603 -0.0150 -0.9327
vn 0.1079 -0.9864 -0.1236
vn -0.2048 -0.7277 0.6546
vn 0.0063 -1.0000 0.0062
vn 0.3329 -0.9369 0.1066
vn -0.6124 0.2650 0.7448
vn -0.9971 0.0750 0.0106
vn -0.4049 0.8315 0.3804
vn -0.9487 0.2385 -0.2076
vn 0.4566 0.6623 0.5941
vn 0.7381 0.4239 0.5249
vn 0.5191 -0.2015 -0.8307
vn 0.4985 0.0041 -0.8669
vn 0.0344 -0.2217 0.9745
vn 0.2303 -0.9306 -0.2843
vn 0.1973 0.0116 -0.9803
vn -0.1365 -0.0935 -0.9862
vn 0.6849 0.5401 -0.4890
vn -0.0008 0.9000 -0.4360
vn -0.0100 0.9999 -0.0099
vn -0.8136 0.4812 -0.3264
vn -0.3443 0.0058 0.9388
vn -0.6728 0.7241 -0.1516
vn -0.0064 -0.8143 -0.5804
vn -0.1448 -0.9674 -0.2077
vn -0.8567 -0.4740 -0.2033
vn 0.0342 -0.0493 0.9982
vn 0.0767 -0.5307 0.8441
vn -0.0455 0.1427 -0.9887
vn 0.0045 -0.9999 -0.0138
vn 0.0017 0.6379 -0.7701
vn -0.5907 -0.8047 0.0585
vn -0.9943 -0.0936 -0.0508
vn -0.9472 -0.0605 -0.3149
vn -0.8688 -0.0296 -0.4943
vn 0.0289 -0.9995 0.0131
vn 0.6464 0.4935 -0.5820
vn 0.0100 0.3976 -0.9175
vn -0.0313 -0.9035 0.4275
vn -0.0586 -0.9233 -0.3797
vn 0.9985 0.0504 0.0197
vn -0.2883 -0.1677 -0.9427
vn 0.5628 0.7882 -0.2491
vn 0.7985 -0.3994 0.4505
vn 0.1717 0.9791 -0.1093
vn 0.8598 -0.0896 0.5026
vn -0.4494 0.0638 0.8910
vn -0.2629 -0.4748 -0.8399
vn 0.0279 0.7663 -0.6418
vn -0.2020 0.7940 -0.5734
vn -0.2204 -0.9618 -0.1623
vn -0.0522 -0.9914 0.1197
vn -0.5166 0.8370 -0.1807
vn 0.5400 0.1167 -0.8335
vn 0.0380 0.8913 0.4518
vn 0.9996 0.0238 0.0142
vn 0.9932 0.1152 0.0160
vn 0.0292 0.9987 0.0419
vn 0.0264 -0.5503 -0.8345
vn -0.2357 0.9428 0.2357
vn -0.8321 0.0001 0.5547
vn -0.4446 -0.8957 -0.0087
vn 0.9115 -0.3403 -0.2312
vn 0.3277 0.8623 0.3860
vn -0.0261 0.9405 -0.3388
vn -0.7133 0.2127 -0.6678
vt 0.338865 0.223803
vt 0.338779 0.223727
vt 0.338860 0.223653
vt 0.337670 0.224883
vt 0.030033 0.343239
vt 0.031937 0.343760
vt 0.031218 0.344526
vt 0.030365 0.343068
vt 0.029740 0.343578
vt 0.028167 0.341940
vt 0.027170 0.342133
vt 0.397230 0.098620
vt 0.396747 0.098014
vt 0.397070 0.097997
vt 0.396847 0.098699
vt 0.397567 0.098609
vt 0.398145 0.100448
vt 0.803324 0.784093
vt 0.803819 0.783747
vt 0.803644 0.785054
vt 0.608904 0.332581
vt 0.607631 0.334403
vt 0.606987 0.333346
vt 0.606969 0.330822
vt 0.609194 0.331075
vt 0.609590 0.333318
vt 0.802706 0.783715
vt 0.120224 0.939929
vt 0.121640 0.916889
vt 0.122880 0.917070
vt 0.464290 0.477207
vt 0.463001 0.481257
vt 0.462708 0.481039
vt 0.467757 0.566705
vt 0.466939 0.566690
vt 0.467757 0.516343
vt 0.464451 0.477775
vt 0.463990 0.476392
vt 0.468523 0.391297
vt 0.468523 0.341461
vt 0.469256 0.391275
vt 0.149848 0.106980
vt 0.149907 0.099102
vt 0.150376 0.099500
vt 0.218886 0.228977
vt 0.217132 0.229867
vt 0.217179 0.229589
vt 0.218013 0.228166
vt 0.150135 0.107847
vt 0.218364 0.229740
vt 0.148478 0.106784
vt 0.668652 0.428777
vt 0.596918 0.383692
vt 0.668652 0.306378
vt 0.596456 0.384215
vt 0.137179 0.550214
vt 0.000116 0.550214
vt 0.076910 0.494196
vt 0.390596 0.820540
vt 0.421414 0.723802
vt 0.464758 0.824571
vt 0.039176 0.020203
vt 0.039517 0.021064
vt 0.038703 0.020908
vt 0.040084 0.020510
vt 0.217432 0.057643
vt 0.217894 0.056865
vt 0.218157 0.057892
vt 0.053649 0.221075
vt 0.053192 0.220851
vt 0.053972 0.220362
vt 0.052868 0.221885
vt 0.217968 0.058470
vt 0.044939 0.097911
vt 0.044768 0.097424
vt 0.045929 0.097983
vt 0.045697 0.098912
vt 0.027900 0.095990
vt 0.027748 0.094959
vt 0.369900 0.927569
vt 0.370361 0.926135
vt 0.370983 0.927274
vt 0.369254 0.926836
vt 0.370994 0.928579
vt 0.369853 0.928904
vt 0.368850 0.928581
vt 0.440306 0.006144
vt 0.440551 0.007172
vt 0.439859 0.006236
vt 0.189969 0.291338
vt 0.191322 0.290536
vt 0.190451 0.291660
vt 0.189398 0.291104
vt 0.189888 0.292265
vt 0.441184 0.006848
vt 0.689622 0.608376
vt 0.689389 0.609292
vt 0.688734 0.609265
vt 0.690862 0.609348
vt 0.690885 0.607405
vt 0.691011 0.608302
vt 0.689579 0.607323
vt 0.193386 0.213386
vt 0.194719 0.210226
vt 0.194235 0.214429
vt 0.192895 0.205323
vt 0.193557 0.205052
vt 0.193150 0.214936
vt 0.192641 0.214255
vt 0.213978 0.018508
vt 0.208288 0.000110
vt 0.214256 0.018540
vt 0.257337 0.952557
vt 0.259379 0.952056
vt 0.257567 0.952841
vt 0.212165 0.018813
vt 0.257345 0.952264
vt 0.213840 0.018719
vt 0.333833 0.163482
vt 0.334764 0.163392
vt 0.333364 0.164193
vt 0.332931 0.163497
vt 0.333684 0.162680
vt 0.334738 0.163087
vt 0.339776 0.251895
vt 0.339601 0.251326
vt 0.340296 0.252226
vt 0.339130 0.251806
vt 0.341599 0.254111
vt 0.339713 0.252141
vt 0.322297 0.274889
vt 0.322313 0.275129
vt 0.321163 0.274797
vt 0.326305 0.275738
vt 0.321332 0.274414
vt 0.322413 0.274757
vt 0.558825 0.845947
vt 0.556880 0.845306
vt 0.557750 0.845063
vt 0.559382 0.845604
vt 0.560316 0.846887
vt 0.559773 0.847294
vt 0.558010 0.846375
vt 0.188881 0.629544
vt 0.187885 0.630951
vt 0.187417 0.629778
vt 0.188678 0.630976
vt 0.189113 0.628651
vt 0.215888 0.647663
vt 0.175918 0.028095
vt 0.176898 0.028061
vt 0.176868 0.028724
vt 0.176457 0.026867
vt 0.175242 0.027563
vt 0.175454 0.026843
vt 0.175721 0.028407
vt 0.031265 0.152262
vt 0.032366 0.150103
vt 0.033068 0.150158
vt 0.032829 0.151339
vt 0.031750 0.153088
vt 0.013361 0.228341
vt 0.012672 0.229083
vt 0.012464 0.227769
vt 0.013493 0.229293
vt 0.013004 0.226251
vt 0.210825 0.268930
vt 0.211390 0.268942
vt 0.210825 0.302843
vt 0.385300 0.131426
vt 0.384898 0.157532
vt 0.384010 0.158205
vt 0.383452 0.158201
vt 0.028485 0.029621
vt 0.028070 0.064466
vt 0.028070 0.028676
vt 0.109532 0.126414
vt 0.110587 0.126385
vt 0.109789 0.126997
vt 0.109999 0.125373
vt 0.110457 0.125846
vt 0.522271 0.514162
vt 0.521986 0.513440
vt 0.522888 0.512996
vt 0.522816 0.514564
vt 0.517206 0.515614
vt 0.523263 0.513915
vt 0.516854 0.514942
vt 0.024970 0.129797
vt 0.024914 0.130565
vt 0.024176 0.129983
vt 0.174505 0.034716
vt 0.174797 0.033540
vt 0.174914 0.034838
vt 0.173817 0.034252
vt 0.173868 0.034967
vt 0.025487 0.130821
vt 0.174413 0.035279
vt 0.597943 0.280230
vt 0.596518 0.280022
vt 0.597309 0.279060
vt 0.832430 0.746412
vt 0.833910 0.746355
vt 0.832877 0.747051
vt 0.814334 0.759378
vt 0.598204 0.278634
vt 0.602074 0.302659
vt 0.601402 0.302280
vt 0.284572 0.267648
vt 0.283895 0.268713
vt 0.283463 0.267644
vt 0.284014 0.267248
vt 0.180575 0.411665
vt 0.181388 0.410240
vt 0.181037 0.411933
vt 0.179981 0.410028
vt 0.178832 0.411369
vt 0.284852 0.266745
vt 0.194331 0.297101
vt 0.196035 0.297312
vt 0.194244 0.297481
vt 0.195321 0.296273
vt 0.073543 0.263311
vt 0.073896 0.262746
vt 0.078756 0.263544
vt 0.078627 0.264479
vt 0.193095 0.296889
vt 0.073671 0.264805
vt 0.577115 0.459505
vt 0.567638 0.411346
vt 0.578564 0.457686
vt 0.578941 0.459733
vt 0.558094 0.478180
vt 0.537638 0.473262
vt 0.552701 0.402189
vt 0.530249 0.496242
vt 0.962499 0.596690
vt 0.941541 0.566259
vt 0.962499 0.538559
vt 0.940807 0.567172
vt 0.133859 0.188886
vt 0.134529 0.215660
vt 0.094406 0.197756
vt 0.131466 0.173706
vt 0.136439 0.188587
vt 0.138311 0.214641
vt 0.091192 0.177717
vt 0.617771 0.921785
vt 0.619519 0.921971
vt 0.619548 0.923264
vt 0.618751 0.920349
vt 0.617436 0.923297
vt 0.617058 0.922290
vt 0.617085 0.921052
vt 0.180509 0.273657
vt 0.182345 0.272608
vt 0.181998 0.274559
vt 0.182643 0.292520
vt 0.180946 0.291621
vt 0.179856 0.274650
vt 0.180674 0.272668
vt 0.325435 0.186124
vt 0.325316 0.187175
vt 0.324773 0.186205
vt 0.324862 0.184765
vt 0.325460 0.184709
vt 0.325870 0.186377
vt 0.325765 0.187172
vt 0.636536 0.263033
vt 0.634129 0.262903
vt 0.634227 0.262506
vt 0.639108 0.262977
vt 0.638947 0.263668
vt 0.636747 0.262559
vt 0.636474 0.263493
vt 0.148423 0.875545
vt 0.118180 0.865372
vt 0.117278 0.834507
vt 0.201340 0.559209
vt 0.175432 0.545840
vt 0.199358 0.530758
vt 0.965325 0.728621
vt 0.977731 0.715899
vt 0.978259 0.716520
vt 0.505872 0.569484
vt 0.506336 0.569541
vt 0.505880 0.584696
vt 0.202405 0.558377
vt 0.505784 0.568819
vt 0.506360 0.568781
vt 0.341034 0.224194
vt 0.341707 0.223421
vt 0.341969 0.223955
vt 0.340972 0.223212
vt 0.341451 0.223124
vt 0.344821 0.255941
vt 0.344297 0.256710
vt 0.344615 0.255894
vt 0.344637 0.254865
vt 0.344306 0.257188
vt 0.736342 0.635087
vt 0.744025 0.605353
vt 0.745278 0.607701
vt 0.165488 0.711042
vt 0.167477 0.684542
vt 0.168034 0.710514
vt 0.148129 0.679711
vt 0.761474 0.635669
vt 0.166576 0.712752
vt 0.148129 0.726212
vt 0.673142 0.943231
vt 0.672262 0.942231
vt 0.672721 0.942079
vt 0.674299 0.943657
vt 0.674240 0.944423
vt 0.671326 0.943394
vt 0.672573 0.943547
vt 0.673601 0.944628
vt 0.123462 0.120466
vt 0.125098 0.120796
vt 0.123238 0.121240
vt 0.135006 0.106339
vt 0.122618 0.121266
vt 0.015945 0.469249
vt 0.022579 0.478059
vt 0.021992 0.479723
vt 0.016213 0.468278
vt 0.084487 0.964881
vt 0.068825 0.966124
vt 0.056967 0.932716
vt 0.529501 0.046365
vt 0.548715 0.072850
vt 0.518469 0.072238
vt 0.516400 0.070440
vt 0.517708 0.051512
vt 0.528889 0.043929
vt 0.541643 0.046189
vt 0.602687 0.125162
vt 0.602221 0.125453
vt 0.548468 0.041153
vt 0.548934 0.040806
vt 0.602687 0.000242
vt 0.025005 0.785592
vt 0.095639 0.682370
vt 0.108132 0.780883
vt 0.946917 0.888666
vt 0.945034 0.888257
vt 0.946277 0.887982
vt 0.264458 0.294677
vt 0.265627 0.293903
vt 0.266027 0.295046
vt 0.264650 0.293131
vt 0.943313 0.888668
vt 0.949177 0.888471
vt 0.948830 0.889168
vt 0.176707 0.024612
vt 0.176829 0.023751
vt 0.177419 0.024905
vt 0.176046 0.023835
vt 0.176405 0.023467
vt 0.177019 0.025250
vt 0.176189 0.025186
vt 0.080433 0.282080
vt 0.113123 0.317088
vt 0.068310 0.314678
vt 0.506737 0.903795
vt 0.477284 0.964666
vt 0.476471 0.901220
vt 0.086141 0.260126
vt 0.125056 0.289921
vt 0.902273 0.448609
vt 0.903949 0.449074
vt 0.905089 0.523228
vt 0.925019 0.448609
vt 0.379590 0.893328
vt 0.380112 0.892451
vt 0.381225 0.893442
vt 0.378843 0.892532
vt 0.381057 0.914524
vt 0.037985 0.265248
vt 0.040398 0.297024
vt 0.038713 0.297341
vt 0.364522 0.908182
vt 0.170526 0.031441
vt 0.171690 0.030559
vt 0.171646 0.031721
vt 0.170915 0.031755
vt 0.061276 0.171922
vt 0.060201 0.194899
vt 0.060201 0.172126
vt 0.061468 0.172536
vt 0.170577 0.030011
vt 0.326395 0.818744
vt 0.347937 0.805954
vt 0.328561 0.819595
vt 0.326805 0.820467
vt 0.325401 0.819914
vt 0.082292 0.784117
vt 0.081083 0.822890
vt 0.056698 0.793755
vt 0.082253 0.822550
vt 0.083956 0.783431
vt 0.193717 0.289083
vt 0.193268 0.288978
vt 0.194010 0.287724
vt 0.194379 0.289105
vt 0.194571 0.287140
vt 0.217677 0.517246
vt 0.267034 0.499427
vt 0.218892 0.518793
vt 0.216697 0.519992
vt 0.215474 0.519008
vt 0.215507 0.515673
vt 0.267472 0.495739
vt 0.102980 0.100236
vt 0.095624 0.001814
vt 0.107092 0.000720
vt 0.114591 0.099969
vt 0.040751 0.145568
vt 0.024730 0.121813
vt 0.043208 0.116894
vt 0.059819 0.140488
vt 0.516380 0.631523
vt 0.536721 0.627369
vt 0.536721 0.734618
vt 0.171639 0.170138
vt 0.171291 0.170732
vt 0.170912 0.169374
vt 0.023314 0.354123
vt 0.023637 0.354026
vt 0.023076 0.355315
vt 0.023712 0.353073
vt 0.023452 0.353113
vt 0.172095 0.171723
vt 0.172410 0.171729
vt 0.213823 0.218463
vt 0.214441 0.227413
vt 0.213549 0.218445
vt 0.038453 0.056858
vt 0.037499 0.056462
vt 0.037530 0.056119
vt 0.214387 0.218525
vt 0.038596 0.056216
vt 0.038383 0.057044
vt 0.335834 0.163153
vt 0.335840 0.162653
vt 0.338147 0.162510
vt 0.335929 0.163767
vt 0.334545 0.162096
vt 0.093974 0.127825
vt 0.094153 0.127662
vt 0.095173 0.129075
vt 0.070740 0.001623
vt 0.073226 0.019378
vt 0.072882 0.019109
vt 0.094329 0.129747
vt 0.093275 0.129980
vt 0.093003 0.129070
vt 0.071400 0.001483
vt 0.095950 0.107373
vt 0.071573 0.019490
vt 0.270594 0.726863
vt 0.269124 0.725622
vt 0.270443 0.725457
vt 0.271661 0.725408
vt 0.269432 0.728488
vt 0.268942 0.727103
vt 0.271810 0.727292
vt 0.270902 0.728060
vt 0.339874 0.295139
vt 0.341159 0.322236
vt 0.340147 0.322205
vt 0.340105 0.293981
vt 0.340401 0.294572
vt 0.339411 0.294016
vt 0.339300 0.295186
vt 0.030095 0.188050
vt 0.030246 0.188395
vt 0.029492 0.188835
vt 0.052442 0.182752
vt 0.028479 0.188532
vt 0.028609 0.185728
vt 0.050080 0.182525
vt 0.204455 0.223423
vt 0.205131 0.223050
vt 0.205052 0.223620
vt 0.203347 0.223065
vt 0.204425 0.222817
vt 0.203844 0.224650
vt 0.203359 0.223907
vt 0.193156 0.133318
vt 0.192880 0.133289
vt 0.193727 0.132324
vt 0.193479 0.133486
vt 0.191824 0.134439
vt 0.245786 0.323706
vt 0.248035 0.321774
vt 0.256139 0.335207
vt 0.242998 0.325213
vt 0.245611 0.322182
vt 0.254866 0.338098
vt 0.082162 0.200438
vt 0.094451 0.229717
vt 0.093530 0.230313
vt 0.396740 0.895247
vt 0.396213 0.894182
vt 0.082162 0.234196
vt 0.397126 0.893536
vt 0.398167 0.894587
vt 0.411611 0.912062
vt 0.018979 0.126538
vt 0.019133 0.126028
vt 0.019128 0.126849
vt 0.018433 0.125688
vt 0.179013 0.021944
vt 0.177914 0.022453
vt 0.178183 0.022006
vt 0.178977 0.022126
vt 0.178541 0.022541
vt 0.254055 0.003559
vt 0.252173 0.025487
vt 0.253615 0.003057
vt 0.254792 0.003843
vt 0.252701 0.024914
vt 0.254034 0.002206
vt 0.254689 0.002761
vt 0.282877 0.912124
vt 0.281857 0.915210
vt 0.279065 0.913305
vt 0.278952 0.911233
vt 0.282659 0.874233
vt 0.287538 0.872667
vt 0.301343 0.913035
vt 0.042539 0.593148
vt 0.042036 0.589947
vt 0.044016 0.591280
vt 0.043662 0.595476
vt 0.042574 0.594789
vt 0.045345 0.592835
vt 0.040563 0.591544
vt 0.027121 0.343348
vt 0.026441 0.342198
vt 0.027470 0.343138
vt 0.028692 0.344718
vt 0.026972 0.343532
vt 0.028862 0.343862
vt 0.026357 0.342423
vt 0.942182 0.216709
vt 0.950245 0.217203
vt 0.949796 0.217355
vt 0.942337 0.216579
vt 0.439667 0.030546
vt 0.439609 0.007723
vt 0.440599 0.030570
vt 0.438767 0.030116
vt 0.438996 0.007977
vt 0.940753 0.216770
vt 0.124626 0.106677
vt 0.123626 0.106646
vt 0.124053 0.106000
vt 0.125163 0.107217
vt 0.124103 0.107521
vt 0.124457 0.105712
vt 0.125098 0.106617
vt 0.019605 0.949538
vt 0.020437 0.949203
vt 0.020518 0.950962
vt 0.018780 0.950280
vt 0.018613 0.948988
vt 0.019036 0.950593
vt 0.020007 0.948751
vt 0.904204 0.406761
vt 0.886247 0.391711
vt 0.905134 0.405552
vt 0.907374 0.406430
vt 0.906872 0.406939
vt 0.906223 0.438414
vt 0.888583 0.453993
vt 0.033569 0.025718
vt 0.034170 0.025839
vt 0.039530 0.048259
vt 0.033092 0.024654
vt 0.033277 0.026072
vt 0.032547 0.024807
vt 0.038971 0.188227
vt 0.053222 0.182767
vt 0.021739 0.178491
vt 0.016005 0.177082
vt 0.015939 0.176606
vt 0.040653 0.188575
vt 0.039827 0.188677
vt 0.021007 0.179100
vt 0.262328 0.823298
vt 0.262319 0.826787
vt 0.261208 0.823961
vt 0.272900 0.764298
vt 0.262798 0.822607
vt 0.262984 0.826655
vt 0.134930 0.111960
vt 0.134555 0.131181
vt 0.133549 0.131648
vt 0.262231 0.949018
vt 0.261975 0.949827
vt 0.259638 0.949072
vt 0.263770 0.949865
vt 0.285323 0.944270
vt 0.264196 0.933268
vt 0.427738 0.064469
vt 0.392731 0.026119
vt 0.392794 0.025020
vt 0.714108 0.874858
vt 0.742114 0.931969
vt 0.714108 0.946008
vt 0.426031 0.065305
vt 0.431372 0.107460
vt 0.455307 0.025020
vt 0.457848 0.066295
vt 0.397665 0.887211
vt 0.398106 0.885155
vt 0.398840 0.886904
vt 0.398298 0.891681
vt 0.397431 0.891608
vt 0.396642 0.884115
vt 0.395770 0.887327
vt 0.051227 0.055681
vt 0.051670 0.054274
vt 0.052310 0.054992
vt 0.051422 0.056593
vt 0.050669 0.055992
vt 0.051997 0.055820
vt 0.050901 0.055458
vt 0.240856 0.901565
vt 0.241121 0.903881
vt 0.239074 0.904544
vt 0.238108 0.901372
vt 0.243092 0.901706
vt 0.241883 0.899219
vt 0.198385 0.204927
vt 0.197837 0.204811
vt 0.198762 0.204276
vt 0.199195 0.204754
vt 0.198964 0.205990
vt 0.197827 0.205978
vt 0.780662 0.657537
vt 0.784643 0.660080
vt 0.775170 0.668810
vt 0.765644 0.656632
vt 0.781059 0.654955
vt 0.760425 0.724200
vt 0.769110 0.733422
vt 0.769111 0.734944
vt 0.783269 0.656475
vt 0.784998 0.658006
vt 0.338520 0.223675
vt 0.338767 0.223547
vt 0.163238 0.170467
vt 0.162319 0.170865
vt 0.162361 0.168878
vt 0.162803 0.171804
vt 0.163061 0.171853
vt 0.162892 0.169559
vt 0.163654 0.170559
vt 0.082457 0.119848
vt 0.080687 0.115041
vt 0.081196 0.114828
vt 0.241533 0.942890
vt 0.257095 0.949825
vt 0.257061 0.950717
vt 0.017991 0.060219
vt 0.017782 0.065966
vt 0.017308 0.060230
vt 0.261666 0.245872
vt 0.262135 0.210526
vt 0.262364 0.245872
vt 0.017308 0.025826
vt 0.081570 0.120021
vt 0.933279 0.909596
vt 0.944509 0.907966
vt 0.929832 0.910346
vt 0.882698 0.033724
vt 0.888080 0.040761
vt 0.885331 0.039139
vt 0.360592 0.866364
vt 0.378628 0.870998
vt 0.377756 0.882468
vt 0.902531 0.001378
vt 0.918043 0.875583
vt 0.378241 0.867781
vt 0.435822 0.354206
vt 0.452762 0.360689
vt 0.452482 0.361440
vt 0.434859 0.355189
vt 0.416638 0.350215
vt 0.417695 0.349808
vt 0.435802 0.353055
vt 0.436312 0.352394
vt 0.312866 0.244483
vt 0.312990 0.245176
vt 0.312659 0.244585
vt 0.312443 0.243137
vt 0.313155 0.244167
vt 0.313276 0.244959
vt 0.126758 0.094917
vt 0.125391 0.094105
vt 0.126577 0.093928
vt 0.126844 0.096114
vt 0.125476 0.095302
vt 0.943690 0.209372
vt 0.945444 0.144248
vt 0.946516 0.144554
vt 0.944739 0.209440
vt 0.942809 0.209358
vt 0.575358 0.368639
vt 0.577935 0.367085
vt 0.577749 0.368824
vt 0.570324 0.392796
vt 0.569152 0.389097
vt 0.571211 0.362818
vt 0.685738 0.315225
vt 0.695312 0.330387
vt 0.694242 0.331009
vt 0.575539 0.366942
vt 0.692027 0.331326
vt 0.169577 0.123331
vt 0.169698 0.124131
vt 0.165072 0.123468
vt 0.169555 0.122745
vt 0.170326 0.123295
vt 0.165382 0.122958
vt 0.846303 0.380802
vt 0.846511 0.379580
vt 0.849344 0.379734
vt 0.276035 0.110269
vt 0.241958 0.080929
vt 0.276414 0.107382
vt 0.107660 0.341547
vt 0.103929 0.339853
vt 0.117334 0.317824
vt 0.850231 0.380718
vt 0.277621 0.108253
vt 0.276348 0.111090
vt 0.128683 0.324400
vt 0.010016 0.332151
vt 0.010489 0.332618
vt 0.002875 0.392796
vt 0.695609 0.000472
vt 0.690795 0.057352
vt 0.689125 0.056948
vt 0.011455 0.331977
vt 0.013828 0.332176
vt 0.013140 0.332356
vt 0.002875 0.271706
vt 0.341215 0.255642
vt 0.341731 0.255450
vt 0.340607 0.256015
vt 0.340872 0.255423
vt 0.341454 0.256040
vt 0.066361 0.294716
vt 0.065434 0.295588
vt 0.065527 0.294452
vt 0.065982 0.293355
vt 0.067048 0.295059
vt 0.065969 0.295990
vt 0.067310 0.293366
vt 0.248489 0.727287
vt 0.248548 0.726086
vt 0.249914 0.727091
vt 0.415925 0.841767
vt 0.426265 0.855908
vt 0.424898 0.856426
vt 0.245176 0.740612
vt 0.247003 0.727102
vt 0.251729 0.742419
vt 0.830233 0.619300
vt 0.845560 0.718127
vt 0.844195 0.717986
vt 0.214438 0.076815
vt 0.230669 0.091843
vt 0.183936 0.084801
vt 0.790209 0.718127
vt 0.212898 0.074679
vt 0.887538 0.818574
vt 0.886053 0.818368
vt 0.887538 0.739971
vt 0.892036 0.458883
vt 0.892036 0.538220
vt 0.871280 0.467232
vt 0.038980 0.061468
vt 0.037793 0.060300
vt 0.038157 0.059941
vt 0.010265 0.225044
vt 0.011360 0.225387
vt 0.011061 0.226375
vt 0.010457 0.226450
vt 0.140510 0.069405
vt 0.143243 0.076829
vt 0.143076 0.077016
vt 0.096354 0.120436
vt 0.096921 0.118614
vt 0.096354 0.127017
vt 0.010843 0.218158
vt 0.395548 0.072172
vt 0.396490 0.098075
vt 0.167540 0.857534
vt 0.167555 0.857559
vt 0.155551 0.857686
vt 0.155887 0.857034
vt 0.167913 0.857325
vt 0.034091 0.049474
vt 0.029773 0.026155
vt 0.034761 0.049408
vt 0.396449 0.072226
vt 0.028797 0.025655
vt 0.018366 0.392664
vt 0.017945 0.391624
vt 0.019157 0.391387
vt 0.018828 0.392442
vt 0.017833 0.392613
vt 0.017729 0.393339
vt 0.018300 0.393370
vt 0.028485 0.314836
vt 0.010026 0.254193
vt 0.028485 0.246647
vt 0.601187 0.270274
vt 0.600373 0.271359
vt 0.600373 0.207776
vt 0.613586 0.648400
vt 0.613596 0.643975
vt 0.614794 0.645839
vt 0.548636 0.674649
vt 0.601350 0.645798
vt 0.612015 0.643505
vt 0.009101 0.255411
vt 0.057977 0.834837
vt 0.081839 0.824332
vt 0.057952 0.836166
vt 0.057013 0.834938
vt 0.057639 0.833345
vt 0.195098 0.709910
vt 0.208506 0.724492
vt 0.193388 0.711917
vt 0.192468 0.709627
vt 0.196196 0.681755
vt 0.272705 0.934014
vt 0.249866 0.917675
vt 0.277591 0.919039
vt 0.211390 0.687711
vt 0.344798 0.222138
vt 0.345982 0.221763
vt 0.345652 0.222409
vt 0.344389 0.222630
vt 0.344393 0.221977
vt 0.344981 0.222633
vt 0.344498 0.221265
vt 0.522400 0.592087
vt 0.585719 0.581906
vt 0.528448 0.610170
vt 0.485224 0.616957
vt 0.924299 0.577965
vt 0.924630 0.649162
vt 0.902115 0.648969
vt 0.521215 0.590569
vt 0.926518 0.648929
vt 0.926518 0.577717
vt 0.276805 0.168949
vt 0.277356 0.134363
vt 0.277356 0.169412
vt 0.276453 0.168947
vt 0.335443 0.168656
vt 0.335866 0.167825
vt 0.335633 0.168897
vt 0.335111 0.168004
vt 0.095331 0.129971
vt 0.094649 0.130584
vt 0.340280 0.217113
vt 0.339918 0.218020
vt 0.339321 0.218739
vt 0.095915 0.131219
vt 0.340611 0.216475
vt 0.340471 0.217405
vt 0.325945 0.274182
vt 0.325194 0.273356
vt 0.326223 0.273356
vt 0.326759 0.274153
vt 0.325366 0.274255
vt 0.249855 0.724349
vt 0.250027 0.725844
vt 0.247197 0.725170
vt 0.248432 0.724639
vt 0.113945 0.835592
vt 0.116368 0.865647
vt 0.113791 0.865964
vt 0.115997 0.834887
vt 0.089371 0.843183
vt 0.113650 0.833846
vt 0.115001 0.834031
vt 0.088903 0.175409
vt 0.088903 0.105119
vt 0.091452 0.175063
vt 0.926518 0.750699
vt 0.925146 0.752475
vt 0.905908 0.684354
vt 0.484719 0.057855
vt 0.567695 0.002067
vt 0.485842 0.058470
vt 0.520230 0.613429
vt 0.498992 0.675936
vt 0.496345 0.678179
vt 0.484311 0.056445
vt 0.567284 0.001412
vt 0.038285 0.151723
vt 0.037939 0.151449
vt 0.038464 0.150675
vt 0.038947 0.151037
vt 0.038621 0.152028
vt 0.037797 0.153242
vt 0.037283 0.152883
vt 0.104181 0.108642
vt 0.104562 0.107619
vt 0.105193 0.107705
vt 0.103617 0.107909
vt 0.105568 0.108687
vt 0.101897 0.110589
vt 0.104741 0.108964
vt 0.023794 0.128570
vt 0.023199 0.127683
vt 0.023963 0.127706
vt 0.024274 0.129307
vt 0.023428 0.129652
vt 0.024652 0.128311
vt 0.022985 0.128377
vt 0.251338 0.915616
vt 0.252096 0.908839
vt 0.176154 0.412965
vt 0.176198 0.411436
vt 0.177268 0.410995
vt 0.327931 0.187368
vt 0.328186 0.188323
vt 0.327745 0.187927
vt 0.177676 0.412506
vt 0.175771 0.412981
vt 0.327638 0.187264
vt 0.177065 0.413718
vt 0.294492 0.817766
vt 0.296072 0.817014
vt 0.294456 0.817995
vt 0.295428 0.816294
vt 0.290582 0.818262
vt 0.334110 0.158975
vt 0.334532 0.160505
vt 0.333413 0.159550
vt 0.293865 0.817238
vt 0.335410 0.159905
vt 0.641886 0.262848
vt 0.639259 0.262499
vt 0.689217 0.263846
vt 0.641845 0.263314
vt 0.689238 0.262937
vt 0.642213 0.262431
vt 0.396439 0.155713
vt 0.397529 0.155613
vt 0.397645 0.155860
vt 0.394252 0.155706
vt 0.396173 0.155651
vt 0.396313 0.155763
vt 0.151853 0.283572
vt 0.134085 0.274973
vt 0.151578 0.280612
vt 0.143582 0.298643
vt 0.155097 0.284722
vt 0.148059 0.300834
vt 0.807106 0.621614
vt 0.809579 0.647842
vt 0.808758 0.647215
vt 0.515454 0.051758
vt 0.516172 0.051447
vt 0.515275 0.070735
vt 0.515275 0.050411
vt 0.805673 0.621883
vt 0.805759 0.620348
vt 0.942398 0.280354
vt 0.936726 0.274921
vt 0.953583 0.247487
vt 0.764602 0.197897
vt 0.742325 0.196495
vt 0.764602 0.092043
vt 0.371807 0.692136
vt 0.371807 0.791555
vt 0.359239 0.791588
vt 0.360331 0.691882
vt 0.209277 0.125793
vt 0.185616 0.109727
vt 0.228985 0.112121
vt 0.167577 0.118582
vt 0.309798 0.246631
vt 0.308403 0.270510
vt 0.309244 0.246302
vt 0.310462 0.245699
vt 0.310978 0.246228
vt 0.310530 0.247323
vt 0.308655 0.270491
vt 0.947446 0.144542
vt 0.946408 0.209145
vt 0.945670 0.209433
vt 0.948489 0.144452
vt 0.081396 0.055184
vt 0.082705 0.056419
vt 0.081927 0.056885
vt 0.080576 0.055484
vt 0.082117 0.054891
vt 0.746295 0.803244
vt 0.734747 0.778752
vt 0.748368 0.803348
vt 0.746511 0.804309
vt 0.706176 0.810416
vt 0.706989 0.812023
vt 0.174082 0.028619
vt 0.173291 0.027072
vt 0.174274 0.027822
vt 0.175287 0.028926
vt 0.174820 0.029745
vt 0.174079 0.029839
vt 0.173328 0.028527
vt 0.350242 0.270899
vt 0.350103 0.237903
vt 0.429369 0.293182
vt 0.429527 0.294127
vt 0.350521 0.272298
vt 0.514315 0.515655
vt 0.515814 0.515777
vt 0.527572 0.531743
vt 0.679092 0.471330
vt 0.688018 0.522588
vt 0.669394 0.520233
vt 0.528508 0.533924
vt 0.461340 0.581698
vt 0.458350 0.496452
vt 0.514491 0.514393
vt 0.052237 0.055875
vt 0.053362 0.056440
vt 0.553542 0.279964
vt 0.553002 0.281259
vt 0.538572 0.260114
vt 0.554897 0.279300
vt 0.554391 0.280977
vt 0.539878 0.258133
vt 0.679133 0.421817
vt 0.688569 0.403467
vt 0.689921 0.403945
vt 0.032126 0.001924
vt 0.033229 0.002337
vt 0.032923 0.003334
vt 0.032127 0.003279
vt 0.940040 0.074354
vt 0.940136 0.139295
vt 0.939447 0.075465
vt 0.031146 0.000911
vt 0.941186 0.073963
vt 0.472254 0.940859
vt 0.470924 0.941570
vt 0.461519 0.937349
vt 0.462961 0.937061
vt 0.261961 0.108861
vt 0.262206 0.108577
vt 0.262490 0.109098
vt 0.259272 0.098850
vt 0.261397 0.110540
vt 0.391177 0.780660
vt 0.391819 0.780101
vt 0.392659 0.781122
vt 0.387797 0.752737
vt 0.953034 0.142177
vt 0.955003 0.198202
vt 0.953034 0.199396
vt 0.124401 0.647663
vt 0.115102 0.639761
vt 0.144007 0.619921
vt 0.387744 0.808080
vt 0.275151 0.062967
vt 0.275151 0.028163
vt 0.290849 0.044366
vt 0.327145 0.321609
vt 0.276410 0.318363
vt 0.311165 0.295339
vt 0.544622 0.635669
vt 0.599504 0.606025
vt 0.614680 0.635669
vt 0.289100 0.341546
vt 0.387994 0.337446
vt 0.335311 0.354839
vt 0.124859 0.111524
vt 0.124534 0.112471
vt 0.123980 0.112106
vt 0.125095 0.112087
vt 0.124261 0.110927
vt 0.124965 0.111068
vt 0.125324 0.111632
vt 0.123643 0.111199
vt 0.337309 0.261900
vt 0.337629 0.260188
vt 0.337825 0.260547
vt 0.083547 0.002020
vt 0.081796 0.019301
vt 0.081640 0.019490
vt 0.082311 0.002722
vt 0.082009 0.001669
vt 0.083956 0.002065
vt 0.338754 0.262090
vt 0.270243 0.500410
vt 0.285242 0.495574
vt 0.271782 0.501940
vt 0.284905 0.494625
vt 0.268583 0.498891
vt 0.269435 0.501364
vt 0.399255 0.969048
vt 0.399741 0.969941
vt 0.398598 0.970101
vt 0.392502 0.928887
vt 0.393359 0.928625
vt 0.398253 0.969091
vt 0.400191 0.969073
vt 0.087448 0.842064
vt 0.086705 0.840476
vt 0.088803 0.841572
vt 0.085974 0.841665
vt 0.087479 0.843272
vt 0.085958 0.842988
vt 0.433886 0.243822
vt 0.444622 0.223338
vt 0.453630 0.259922
vt 0.456679 0.280326
vt 0.551713 0.897604
vt 0.536714 0.901032
vt 0.536714 0.822192
vt 0.893235 0.338824
vt 0.893235 0.261041
vt 0.909588 0.337853
vt 0.919022 0.339463
vt 0.919022 0.415284
vt 0.888919 0.355911
vt 0.854109 0.405929
vt 0.856055 0.503738
vt 0.839026 0.503738
vt 0.147816 0.095418
vt 0.148399 0.094740
vt 0.148262 0.096018
vt 0.147829 0.096673
vt 0.147187 0.094913
vt 0.146875 0.096427
vt 0.168319 0.169045
vt 0.168827 0.170651
vt 0.168109 0.170286
vt 0.168045 0.168861
vt 0.168192 0.166754
vt 0.168654 0.167099
vt 0.168800 0.169077
vt 0.207802 0.063138
vt 0.207274 0.062438
vt 0.207761 0.062235
vt 0.208730 0.062312
vt 0.208830 0.062757
vt 0.207994 0.063279
vt 0.207350 0.065175
vt 0.207553 0.063363
vt 0.023226 0.126105
vt 0.022912 0.127018
vt 0.022723 0.126057
vt 0.023725 0.125250
vt 0.023720 0.126384
vt 0.023122 0.125167
vt 0.587441 0.404528
vt 0.586482 0.405541
vt 0.586307 0.404384
vt 0.467757 0.917971
vt 0.455631 0.902316
vt 0.457345 0.902352
vt 0.593645 0.387135
vt 0.588181 0.406187
vt 0.453957 0.904736
vt 0.585109 0.387788
vt 0.425976 0.359260
vt 0.426368 0.359485
vt 0.425680 0.383800
vt 0.426817 0.358580
vt 0.426478 0.358102
vt 0.425379 0.383796
vt 0.425769 0.359114
vt 0.163279 0.123790
vt 0.164934 0.133293
vt 0.164859 0.133833
vt 0.212889 0.212776
vt 0.211985 0.223035
vt 0.211628 0.214014
vt 0.164262 0.134087
vt 0.162882 0.134152
vt 0.211293 0.212444
vt 0.163796 0.123115
vt 0.163880 0.123513
vt 0.162882 0.122420
vt 0.153274 0.073010
vt 0.153544 0.074506
vt 0.152773 0.074153
vt 0.154420 0.072944
vt 0.152794 0.073264
vt 0.153395 0.063750
vt 0.102031 0.106987
vt 0.101572 0.106924
vt 0.101894 0.106247
vt 0.102360 0.106000
vt 0.101330 0.107640
vt 0.101974 0.107616
vt 0.102876 0.106834
vt 0.174831 0.032324
vt 0.175084 0.032550
vt 0.174464 0.032388
vt 0.174162 0.032054
vt 0.174793 0.031378
vt 0.175618 0.031671
vt 0.127907 0.329439
vt 0.127966 0.328267
vt 0.128377 0.329453
vt 0.128585 0.330620
vt 0.127514 0.330205
vt 0.127724 0.328226
vt 0.127424 0.328942
vt 0.189718 0.288525
vt 0.190111 0.288529
vt 0.189253 0.288509
vt 0.188749 0.287154
vt 0.190050 0.286899
vt 0.722979 0.358377
vt 0.722467 0.358796
vt 0.721884 0.357852
vt 0.725824 0.341690
vt 0.638542 0.271521
vt 0.638738 0.272785
vt 0.637975 0.271761
vt 0.660509 0.271535
vt 0.637414 0.270575
vt 0.638473 0.270211
vt 0.137928 0.547215
vt 0.133364 0.526746
vt 0.134328 0.526428
vt 0.552340 0.892036
vt 0.552340 0.838584
vt 0.553212 0.892019
vt 0.053687 0.001739
vt 0.053257 0.001752
vt 0.052994 0.000971
vt 0.053795 0.001132
vt 0.878782 0.778095
vt 0.884692 0.736615
vt 0.886217 0.737016
vt 0.053560 0.002335
vt 0.463874 0.763929
vt 0.464758 0.763898
vt 0.464758 0.817075
vt 0.161916 0.056970
vt 0.161966 0.055018
vt 0.162234 0.055128
vt 0.024943 0.350110
vt 0.024235 0.349210
vt 0.024816 0.349413
vt 0.025213 0.350891
vt 0.024335 0.350813
vt 0.161484 0.056321
vt 0.025527 0.350323
vt 0.521223 0.426620
vt 0.541219 0.426620
vt 0.525032 0.499240
vt 0.013542 0.874046
vt 0.022428 0.779050
vt 0.029984 0.874046
vt 0.873594 0.271613
vt 0.888006 0.354524
vt 0.873594 0.356814
vt 0.085687 0.098623
vt 0.088454 0.024895
vt 0.088454 0.098949
vt 0.889038 0.353985
vt 0.623676 0.852938
vt 0.622116 0.853056
vt 0.622116 0.759103
vt 0.325331 0.310339
vt 0.324257 0.309966
vt 0.325324 0.283892
vt 0.302843 0.845560
vt 0.296379 0.818839
vt 0.297281 0.818229
vt 0.121789 0.105285
vt 0.121844 0.105884
vt 0.121436 0.105708
vt 0.122573 0.105337
vt 0.120974 0.105301
vt 0.083401 0.100448
vt 0.083401 0.064124
vt 0.083956 0.099956
vt 0.052549 0.485621
vt 0.053726 0.472718
vt 0.054703 0.473248
vt 0.052926 0.485831
vt 0.052382 0.486165
vt 0.051196 0.485559
vt 0.986568 0.705619
vt 0.991578 0.675544
vt 0.992279 0.675771
vt 0.986296 0.706364
vt 0.985669 0.705974
vt 0.985940 0.705205
vt 0.758351 0.399539
vt 0.829005 0.396913
vt 0.822549 0.426904
vt 0.758616 0.433708
vt 0.756711 0.399660
vt 0.205554 0.212621
vt 0.206221 0.213183
vt 0.206541 0.215115
vt 0.205955 0.211933
vt 0.205268 0.214104
vt 0.205288 0.212052
vt 0.204934 0.212505
vt 0.190310 0.131206
vt 0.190116 0.124876
vt 0.190808 0.125046
vt 0.191531 0.131357
vt 0.191022 0.132830
vt 0.190666 0.132848
vt 0.189570 0.131188
vt 0.113196 0.131048
vt 0.112690 0.130241
vt 0.114187 0.130506
vt 0.114074 0.134489
vt 0.112533 0.130967
vt 0.114139 0.131026
vt 0.379687 0.889722
vt 0.378688 0.884507
vt 0.379761 0.883705
vt 0.379165 0.891524
vt 0.378757 0.890015
vt 0.381946 0.890553
vt 0.380362 0.891019
vt 0.020435 0.129547
vt 0.019715 0.130711
vt 0.019867 0.129989
vt 0.020225 0.129574
vt 0.019871 0.128850
vt 0.020671 0.129867
vt 0.020737 0.128828
vt 0.021462 0.129520
vt 0.042110 0.179967
vt 0.042142 0.180174
vt 0.041342 0.180527
vt 0.041534 0.180168
vt 0.041988 0.179187
vt 0.043885 0.180150
vt 0.301468 0.471415
vt 0.266237 0.391275
vt 0.315493 0.383963
vt 0.326830 0.468304
vt 0.818574 0.391738
vt 0.798814 0.395794
vt 0.798814 0.295063
vt 0.095200 0.211390
vt 0.068738 0.134181
vt 0.280157 0.473189
vt 0.804017 0.578699
vt 0.804017 0.477955
vt 0.820516 0.575123
vt 0.399753 0.028416
vt 0.399313 0.027903
vt 0.399797 0.027729
vt 0.801600 0.950160
vt 0.801666 0.951176
vt 0.801186 0.951857
vt 0.800657 0.950232
vt 0.800918 0.949840
vt 0.801822 0.949500
vt 0.400609 0.028329
vt 0.341263 0.221503
vt 0.342816 0.221217
vt 0.343453 0.222002
vt 0.340440 0.221812
vt 0.340620 0.220802
vt 0.342628 0.220457
vt 0.341011 0.222293
vt 0.341716 0.222222
vt 0.161604 0.169304
vt 0.162414 0.171849
vt 0.161917 0.171015
vt 0.112258 0.129099
vt 0.113836 0.127286
vt 0.114298 0.129678
vt 0.113694 0.129104
vt 0.111145 0.130544
vt 0.665778 0.936477
vt 0.664838 0.933826
vt 0.666545 0.935654
vt 0.661686 0.948824
vt 0.656272 0.941464
vt 0.663456 0.934601
vt 0.340272 0.257667
vt 0.340305 0.257340
vt 0.341388 0.256976
vt 0.340197 0.257542
vt 0.341057 0.257879
vt 0.340880 0.258390
vt 0.339177 0.258177
vt 0.887145 0.389049
vt 0.862319 0.392769
vt 0.359813 0.795487
vt 0.351701 0.811715
vt 0.349493 0.809116
vt 0.861654 0.388880
vt 0.330390 0.273753
vt 0.329968 0.274590
vt 0.329994 0.273705
vt 0.330536 0.273025
vt 0.330971 0.273568
vt 0.330237 0.274867
vt 0.330125 0.272615
vt 0.020768 0.906258
vt 0.016922 0.906224
vt 0.020577 0.906025
vt 0.626916 0.892245
vt 0.628618 0.897427
vt 0.626023 0.893332
vt 0.022650 0.906145
vt 0.627802 0.892113
vt 0.629389 0.897101
vt 0.022445 0.906631
vt 0.398926 0.971060
vt 0.376357 0.599056
vt 0.397316 0.598870
vt 0.395871 0.600604
vt 0.375992 0.598219
vt 0.376403 0.600252
vt 0.459849 0.114702
vt 0.459841 0.112668
vt 0.486471 0.118095
vt 0.485783 0.119796
vt 0.456963 0.125896
vt 0.432131 0.111224
vt 0.431463 0.115418
vt 0.762022 0.871839
vt 0.751747 0.832704
vt 0.764296 0.870326
vt 0.760046 0.871992
vt 0.750654 0.833373
vt 0.083339 0.825498
vt 0.083956 0.827751
vt 0.082130 0.825726
vt 0.761100 0.873559
vt 0.760303 0.873019
vt 0.176333 0.032188
vt 0.175887 0.032060
vt 0.175842 0.031673
vt 0.176141 0.033012
vt 0.176633 0.031348
vt 0.177134 0.032710
vt 0.045101 0.173261
vt 0.044601 0.147058
vt 0.044772 0.146902
vt 0.045039 0.175460
vt 0.044533 0.175308
vt 0.044372 0.173783
vt 0.045525 0.173537
vt 0.277311 0.916660
vt 0.280240 0.917099
vt 0.288153 0.933471
vt 0.725131 0.341547
vt 0.725126 0.340041
vt 0.725917 0.340729
vt 0.696011 0.348832
vt 0.696853 0.331858
vt 0.164208 0.159530
vt 0.164978 0.158087
vt 0.164719 0.159707
vt 0.164728 0.157906
vt 0.164555 0.168320
vt 0.163951 0.168297
vt 0.163910 0.159394
vt 0.195191 0.261102
vt 0.195954 0.261442
vt 0.193133 0.287544
vt 0.192477 0.287090
vt 0.194369 0.261224
vt 0.080086 0.115046
vt 0.085265 0.140344
vt 0.085367 0.140345
vt 0.085243 0.141280
vt 0.332952 0.161367
vt 0.332533 0.160409
vt 0.333543 0.161044
vt 0.334117 0.161760
vt 0.075979 0.097449
vt 0.075979 0.096490
vt 0.076460 0.096484
vt 0.333739 0.162040
vt 0.085145 0.139338
vt 0.489657 0.271082
vt 0.481929 0.255236
vt 0.490268 0.270390
vt 0.491635 0.279085
vt 0.460394 0.279061
vt 0.455196 0.261151
vt 0.492407 0.278530
vt 0.548715 0.567643
vt 0.548293 0.567964
vt 0.541897 0.562660
vt 0.419039 0.388298
vt 0.394622 0.386194
vt 0.418676 0.387386
vt 0.299555 0.526868
vt 0.281145 0.532381
vt 0.420214 0.387121
vt 0.420108 0.388074
vt 0.419833 0.387040
vt 0.286497 0.496301
vt 0.542066 0.562018
vt 0.384405 0.127586
vt 0.384492 0.128525
vt 0.304947 0.105477
vt 0.900926 0.904030
vt 0.900926 0.825846
vt 0.902531 0.826078
vt 0.305267 0.103340
vt 0.384447 0.125311
vt 0.693225 0.043498
vt 0.694836 0.042709
vt 0.746612 0.127434
vt 0.613181 0.722372
vt 0.613181 0.821573
vt 0.612439 0.722402
vt 0.985161 0.705255
vt 0.978596 0.703603
vt 0.963390 0.677235
vt 0.984851 0.706212
vt 0.991051 0.675240
vt 0.261625 0.145701
vt 0.262439 0.146425
vt 0.261896 0.146621
vt 0.261117 0.144882
vt 0.261875 0.145146
vt 0.260512 0.145737
vt 0.260682 0.145495
vt 0.261144 0.146325
vt 0.113912 0.117703
vt 0.114230 0.105227
vt 0.114352 0.117664
vt 0.118062 0.118438
vt 0.113567 0.105138
vt 0.025487 0.229381
vt 0.019852 0.228732
vt 0.025487 0.217129
vt 0.007325 0.370726
vt 0.008254 0.371107
vt 0.008328 0.398793
vt 0.105269 0.107485
vt 0.104878 0.106845
vt 0.080958 0.202061
vt 0.080667 0.238376
vt 0.080410 0.202061
vt 0.105725 0.107762
vt 0.050307 0.190067
vt 0.050974 0.225898
vt 0.050307 0.226382
vt 0.048106 0.068816
vt 0.046025 0.096697
vt 0.027774 0.094099
vt 0.281618 0.267525
vt 0.281434 0.265233
vt 0.282071 0.267480
vt 0.282021 0.268344
vt 0.281386 0.267435
vt 0.281437 0.268064
vt 0.568641 0.410554
vt 0.568149 0.408536
vt 0.569245 0.407776
vt 0.569663 0.408700
vt 0.569912 0.410191
vt 0.959836 0.496832
vt 0.932304 0.499240
vt 0.955336 0.439670
vt 0.108345 0.159945
vt 0.106911 0.160385
vt 0.107765 0.159086
vt 0.962174 0.496873
vt 0.112273 0.147698
vt 0.962499 0.499218
vt 0.113479 0.148832
vt 0.358837 0.691788
vt 0.935449 0.274338
vt 0.944638 0.240931
vt 0.945568 0.241081
vt 0.278690 0.232169
vt 0.277653 0.232196
vt 0.277833 0.202247
vt 0.278535 0.202332
vt 0.038648 0.155328
vt 0.038162 0.153544
vt 0.038572 0.153987
vt 0.039025 0.155211
vt 0.279714 0.232144
vt 0.038134 0.154699
vt 0.859053 0.758606
vt 0.840539 0.758606
vt 0.856083 0.660926
vt 0.297415 0.012973
vt 0.387646 0.029380
vt 0.301880 0.036209
vt 0.383825 0.000755
vt 0.122730 0.106610
vt 0.122895 0.105805
vt 0.120395 0.108723
vt 0.121743 0.106307
vt 0.337375 0.258343
vt 0.336774 0.258262
vt 0.337516 0.257503
vt 0.338633 0.258001
vt 0.337970 0.259050
vt 0.336353 0.257844
vt 0.337025 0.257601
vt 0.336752 0.257828
vt 0.337928 0.257954
vt 0.337212 0.259468
vt 0.286163 0.495323
vt 0.397797 0.097685
vt 0.397987 0.098643
vt 0.398448 0.097972
vt 0.397275 0.072261
vt 0.397994 0.072266
vt 0.381574 0.862820
vt 0.381185 0.868116
vt 0.380281 0.862857
vt 0.382337 0.867695
vt 0.923701 0.037187
vt 0.922994 0.036458
vt 0.928017 0.037295
vt 0.383583 0.862785
vt 0.920789 0.037200
vt 0.461460 0.484854
vt 0.463252 0.482149
vt 0.462640 0.487014
vt 0.422745 0.483871
vt 0.461033 0.484035
vt 0.217136 0.230900
vt 0.216771 0.231623
vt 0.214860 0.230391
vt 0.218630 0.230603
vt 0.217960 0.231518
vt 0.217157 0.230080
vt 0.265887 0.306622
vt 0.266565 0.307940
vt 0.264884 0.309699
vt 0.268544 0.305140
vt 0.264924 0.307346
vt 0.264596 0.304126
vt 0.264516 0.306425
vt 0.336351 0.166809
vt 0.335173 0.167187
vt 0.335862 0.166329
vt 0.337256 0.166000
vt 0.337301 0.166772
vt 0.336579 0.166068
vt 0.341944 0.216913
vt 0.341738 0.216746
vt 0.341906 0.215407
vt 0.341323 0.217780
vt 0.251225 0.129017
vt 0.252991 0.129081
vt 0.249801 0.129408
vt 0.342858 0.217816
vt 0.252721 0.128424
vt 0.323960 0.270308
vt 0.323230 0.270571
vt 0.322437 0.242662
vt 0.324593 0.242974
vt 0.325474 0.271251
vt 0.324179 0.271849
vt 0.423562 0.055590
vt 0.423524 0.054933
vt 0.423771 0.055467
vt 0.337995 0.293799
vt 0.338720 0.295139
vt 0.337958 0.294612
vt 0.424772 0.056970
vt 0.338579 0.294159
vt 0.339016 0.292071
vt 0.198852 0.215953
vt 0.200235 0.216598
vt 0.199703 0.217042
vt 0.198856 0.217010
vt 0.198070 0.215601
vt 0.198403 0.215217
vt 0.199441 0.215203
vt 0.030849 0.011804
vt 0.030129 0.011562
vt 0.030032 0.011380
vt 0.031021 0.012188
vt 0.030184 0.012407
vt 0.031580 0.011670
vt 0.031070 0.010682
vt 0.030415 0.010991
vt 0.036671 0.149848
vt 0.036156 0.150656
vt 0.036300 0.149611
vt 0.193461 0.124679
vt 0.193978 0.124646
vt 0.036841 0.150032
vt 0.036652 0.151014
vt 0.193475 0.132167
vt 0.193167 0.124707
vt 0.747608 0.605335
vt 0.746353 0.603115
vt 0.754615 0.596216
vt 0.757186 0.597940
vt 0.763417 0.632919
vt 0.015987 0.365806
vt 0.017131 0.391592
vt 0.016251 0.391575
vt 0.104960 0.113767
vt 0.103760 0.113232
vt 0.104356 0.112813
vt 0.104226 0.113759
vt 0.017917 0.365788
vt 0.105208 0.113369
vt 0.105588 0.112992
vt 0.420097 0.026995
vt 0.420492 0.001063
vt 0.420808 0.027156
vt 0.420096 0.027226
vt 0.419802 0.001011
vt 0.421153 0.029387
vt 0.421281 0.029677
vt 0.420325 0.029098
vt 0.420136 0.027943
vt 0.600157 0.303558
vt 0.565672 0.302900
vt 0.600029 0.302028
vt 0.600812 0.305042
vt 0.601344 0.303556
vt 0.433377 0.359231
vt 0.435258 0.383502
vt 0.433093 0.360099
vt 0.431149 0.358100
vt 0.431700 0.357899
vt 0.432489 0.358154
vt 0.433672 0.358450
vt 0.431899 0.358882
vt 0.274392 0.255529
vt 0.272971 0.258077
vt 0.271691 0.257918
vt 0.274156 0.254932
vt 0.275241 0.255435
vt 0.274902 0.255815
vt 0.273284 0.255101
vt 0.839563 0.490245
vt 0.838893 0.391329
vt 0.839563 0.391182
vt 0.489913 0.416648
vt 0.491744 0.490245
vt 0.488696 0.416799
vt 0.491744 0.389185
vt 0.492414 0.429296
vt 0.494145 0.428916
vt 0.498217 0.496242
vt 0.493267 0.400881
vt 0.492414 0.401603
vt 0.425108 0.942991
vt 0.422655 0.958574
vt 0.423989 0.942162
vt 0.426457 0.942448
vt 0.423951 0.959031
vt 0.424377 0.941495
vt 0.425519 0.941713
vt 0.054999 0.147955
vt 0.070529 0.195868
vt 0.070350 0.196307
vt 0.277748 0.114289
vt 0.278139 0.111483
vt 0.288510 0.168366
vt 0.276832 0.113657
vt 0.247560 0.251088
vt 0.246218 0.253531
vt 0.178160 0.160085
vt 0.248067 0.250888
vt 0.248056 0.251832
vt 0.246963 0.254515
vt 0.339687 0.253215
vt 0.339679 0.253634
vt 0.339144 0.253323
vt 0.339027 0.252810
vt 0.339845 0.252919
vt 0.064491 0.295628
vt 0.064478 0.296460
vt 0.065230 0.296716
vt 0.601739 0.126090
vt 0.547711 0.041689
vt 0.610726 0.883041
vt 0.610726 0.798387
vt 0.611682 0.882709
vt 0.772706 0.732525
vt 0.775150 0.731597
vt 0.773379 0.733409
vt 0.771479 0.733906
vt 0.772046 0.732665
vt 0.774206 0.730876
vt 0.178845 0.025387
vt 0.179177 0.025951
vt 0.178577 0.025661
vt 0.178497 0.025564
vt 0.178409 0.025019
vt 0.179072 0.025156
vt 0.179279 0.025464
vt 0.037652 0.059271
vt 0.010936 0.227877
vt 0.010309 0.227319
vt 0.036215 0.059742
vt 0.036932 0.060379
vt 0.170241 0.168106
vt 0.170664 0.169474
vt 0.170362 0.169515
vt 0.170676 0.159803
vt 0.171301 0.159998
vt 0.171052 0.168250
vt 0.170117 0.168103
vt 0.154881 0.110556
vt 0.155919 0.085118
vt 0.155906 0.110942
vt 0.211847 0.060710
vt 0.210051 0.061269
vt 0.211274 0.060472
vt 0.212059 0.061625
vt 0.210365 0.061680
vt 0.243891 0.010637
vt 0.244373 0.010163
vt 0.244373 0.046476
vt 0.154898 0.084732
vt 0.020604 0.130909
vt 0.020307 0.131690
vt 0.019705 0.131554
vt 0.019616 0.130772
vt 0.325087 0.188369
vt 0.324655 0.188487
vt 0.324333 0.187386
vt 0.325952 0.190401
vt 0.324868 0.187549
vt 0.325481 0.188227
vt 0.034178 0.004395
vt 0.035478 0.005258
vt 0.034258 0.005359
vt 0.035461 0.003785
vt 0.034097 0.003430
vt 0.033229 0.004668
vt 0.007496 0.193389
vt 0.006931 0.193399
vt 0.006931 0.156605
vt 0.324417 0.283514
vt 0.120952 0.105908
vt 0.120513 0.105460
vt 0.146529 0.062555
vt 0.146543 0.072617
vt 0.146024 0.062561
vt 0.146773 0.062029
vt 0.147293 0.061898
vt 0.147193 0.063000
vt 0.147081 0.072294
vt 0.147531 0.062468
vt 0.134456 0.273905
vt 0.152031 0.278262
vt 0.131073 0.271838
vt 0.133428 0.271918
vt 0.500530 0.122917
vt 0.502153 0.121103
vt 0.502579 0.122189
vt 0.786847 0.768646
vt 0.787228 0.767071
vt 0.788581 0.766844
vt 0.779397 0.775384
vt 0.780593 0.776953
vt 0.779855 0.776580
vt 0.787901 0.768780
vt 0.661302 0.259365
vt 0.661302 0.180905
vt 0.670152 0.258345
vt 0.617679 0.191882
vt 0.617450 0.192682
vt 0.564379 0.107944
vt 0.918013 0.418282
vt 0.936913 0.482749
vt 0.917284 0.419544
vt 0.565050 0.107475
vt 0.574975 0.101651
vt 0.937013 0.412491
vt 0.047368 0.177631
vt 0.047577 0.178194
vt 0.046843 0.177995
vt 0.046909 0.177075
vt 0.047975 0.177004
vt 0.279471 0.201978
vt 0.279049 0.201302
vt 0.280950 0.232148
vt 0.280653 0.201953
vt 0.947225 0.138836
vt 0.946022 0.074494
vt 0.946541 0.074478
vt 0.633965 0.263871
vt 0.634405 0.263448
vt 0.636178 0.263941
vt 0.948097 0.139038
vt 0.635674 0.264406
vt 0.634006 0.264278
vt 0.946362 0.138928
vt 0.344136 0.254762
vt 0.344220 0.254468
vt 0.343877 0.254100
vt 0.344008 0.254657
vt 0.343930 0.255451
vt 0.024110 0.330566
vt 0.023476 0.328900
vt 0.023578 0.328655
vt 0.024434 0.330111
vt 0.027700 0.339068
vt 0.023769 0.330543
vt 0.027590 0.340427
vt 0.209561 0.380080
vt 0.209370 0.383799
vt 0.209070 0.380072
vt 0.328329 0.288919
vt 0.326991 0.317835
vt 0.327498 0.288892
vt 0.209891 0.352567
vt 0.209891 0.383800
vt 0.056570 0.298345
vt 0.056570 0.263493
vt 0.056970 0.263498
vt 0.327906 0.284991
vt 0.056293 0.021827
vt 0.055502 0.020109
vt 0.056582 0.020584
vt 0.049209 0.049261
vt 0.055210 0.021242
vt 0.057170 0.022000
vt 0.050121 0.049474
vt 0.798940 0.601910
vt 0.797638 0.600276
vt 0.799856 0.600622
vt 0.800580 0.601531
vt 0.806425 0.618398
vt 0.805177 0.618761
vt 0.789649 0.619754
vt 0.782038 0.611591
vt 0.947287 0.209206
vt 0.127434 0.097983
vt 0.125782 0.097463
vt 0.127083 0.097149
vt 0.127430 0.098989
vt 0.126145 0.098482
vt 0.024758 0.905963
vt 0.024502 0.906640
vt 0.023798 0.905373
vt 0.031484 0.874997
vt 0.021106 0.905574
vt 0.031484 0.937013
vt 0.957127 0.900612
vt 0.942311 0.942990
vt 0.941389 0.943170
vt 0.574549 0.876525
vt 0.573081 0.877072
vt 0.572396 0.875633
vt 0.263212 0.822540
vt 0.573668 0.874707
vt 0.184557 0.161916
vt 0.188109 0.143436
vt 0.189446 0.143182
vt 0.276410 0.764426
vt 0.595191 0.917523
vt 0.264020 0.951348
vt 0.263060 0.950917
vt 0.263756 0.950216
vt 0.289350 0.976256
vt 0.264747 0.952439
vt 0.289350 0.951046
vt 0.063778 0.001995
vt 0.070297 0.021427
vt 0.069529 0.021549
vt 0.644781 0.913283
vt 0.666295 0.931577
vt 0.662476 0.930421
vt 0.400217 0.887287
vt 0.418741 0.899782
vt 0.399854 0.891776
vt 0.660175 0.930460
vt 0.400309 0.883460
vt 0.419782 0.889809
vt 0.399106 0.884044
vt 0.023718 0.126850
vt 0.022868 0.128043
vt 0.237849 0.905384
vt 0.192756 0.288624
vt 0.193656 0.287654
vt 0.273364 0.258903
vt 0.274093 0.258356
vt 0.528117 0.213371
vt 0.526975 0.213082
vt 0.529142 0.212810
vt 0.341770 0.289346
vt 0.831303 0.929517
vt 0.831633 0.860826
vt 0.832067 0.929517
vt 0.052096 0.144395
vt 0.059282 0.199063
vt 0.057382 0.199623
vt 0.271857 0.258658
vt 0.338440 0.223243
vt 0.338655 0.222739
vt 0.339193 0.222969
vt 0.338650 0.222530
vt 0.337946 0.222824
vt 0.170954 0.170712
vt 0.171721 0.171969
vt 0.038344 0.057273
vt 0.038561 0.057988
vt 0.038049 0.057547
vt 0.037315 0.057142
vt 0.099998 0.119692
vt 0.100081 0.126321
vt 0.099594 0.119761
vt 0.100673 0.127011
vt 0.335852 0.162112
vt 0.335057 0.160893
vt 0.336079 0.161320
vt 0.334877 0.161821
vt 0.013913 0.975916
vt 0.012925 0.974218
vt 0.013458 0.974281
vt 0.014210 0.976906
vt 0.012331 0.976086
vt 0.033218 0.980007
vt 0.032667 0.980924
vt 0.377922 0.627386
vt 0.393924 0.622601
vt 0.378046 0.629186
vt 0.393963 0.621233
vt 0.377512 0.625785
vt 0.375463 0.971495
vt 0.375726 0.970453
vt 0.376588 0.971320
vt 0.374444 0.971226
vt 0.034511 0.023409
vt 0.035217 0.023305
vt 0.034196 0.024010
vt 0.427278 0.053208
vt 0.426763 0.052871
vt 0.427278 0.032027
vt 0.295346 0.035981
vt 0.294817 0.002682
vt 0.295346 0.001128
vt 0.041978 0.000308
vt 0.426746 0.054612
vt 0.426448 0.054156
vt 0.013121 0.176382
vt 0.170502 0.133954
vt 0.166159 0.133308
vt 0.170666 0.123761
vt 0.171033 0.133630
vt 0.122716 0.113677
vt 0.121473 0.113112
vt 0.122367 0.112872
vt 0.123508 0.113487
vt 0.332533 0.201935
vt 0.333757 0.202395
vt 0.028485 0.223384
vt 0.027436 0.223315
vt 0.028485 0.198758
vt 0.121620 0.113743
vt 0.341023 0.260177
vt 0.341990 0.259949
vt 0.341905 0.260929
vt 0.342111 0.259532
vt 0.340448 0.261048
vt 0.340908 0.260144
vt 0.228415 0.873401
vt 0.240002 0.870375
vt 0.240147 0.873024
vt 0.589456 0.942704
vt 0.577750 0.944968
vt 0.586704 0.939574
vt 0.597342 0.958451
vt 0.605685 0.943563
vt 0.185333 0.634017
vt 0.203749 0.642470
vt 0.189781 0.650867
vt 0.395461 0.602895
vt 0.396279 0.601963
vt 0.396592 0.602796
vt 0.376211 0.601381
vt 0.394846 0.601779
vt 0.395578 0.620740
vt 0.617322 0.353475
vt 0.614400 0.353845
vt 0.812468 0.805269
vt 0.812893 0.804763
vt 0.812621 0.805969
vt 0.617022 0.354183
vt 0.121197 0.915684
vt 0.122505 0.914297
vt 0.119359 0.918207
vt 0.120056 0.917081
vt 0.094148 0.946008
vt 0.150930 0.098078
vt 0.150585 0.097975
vt 0.151180 0.096326
vt 0.151214 0.098159
vt 0.151070 0.099907
vt 0.151879 0.096424
vt 0.329404 0.272350
vt 0.331604 0.242368
vt 0.332416 0.242336
vt 0.329001 0.272041
vt 0.329749 0.272640
vt 0.329673 0.273746
vt 0.329146 0.273420
vt 0.040797 0.020721
vt 0.040993 0.019991
vt 0.041195 0.020550
vt 0.040848 0.021388
vt 0.040280 0.019896
vt 0.613408 0.642858
vt 0.613832 0.642444
vt 0.465021 0.287561
vt 0.465048 0.288599
vt 0.458568 0.279354
vt 0.611840 0.638337
vt 0.291545 0.931464
vt 0.199833 0.733670
vt 0.187530 0.716947
vt 0.190070 0.714815
vt 0.514878 0.562430
vt 0.525329 0.538781
vt 0.540932 0.562321
vt 0.510364 0.559818
vt 0.510705 0.558922
vt 0.514931 0.562920
vt 0.694452 0.260290
vt 0.692470 0.261120
vt 0.692255 0.260551
vt 0.694077 0.260202
vt 0.001089 0.442093
vt 0.001499 0.441821
vt 0.001499 0.491744
vt 0.020307 0.061468
vt 0.020307 0.011817
vt 0.020989 0.061468
vt 0.694898 0.260495
vt 0.746612 0.951889
vt 0.694124 0.945578
vt 0.694180 0.945145
vt 0.112483 0.158813
vt 0.112934 0.157358
vt 0.113268 0.157478
vt 0.113232 0.159034
vt 0.112123 0.165535
vt 0.111590 0.166098
vt 0.112386 0.158743
vt 0.111659 0.135762
vt 0.111364 0.134730
vt 0.111644 0.135254
vt 0.222257 0.119577
vt 0.223384 0.151574
vt 0.222592 0.151587
vt 0.112014 0.135752
vt 0.111803 0.136176
vt 0.278855 0.298345
vt 0.278578 0.298345
vt 0.278642 0.263493
vt 0.266861 0.001134
vt 0.266633 0.035981
vt 0.266117 0.001134
vt 0.321055 0.905254
vt 0.322238 0.905964
vt 0.320800 0.906161
vt 0.319740 0.904984
vt 0.320947 0.904140
vt 0.319815 0.906034
vt 0.322404 0.904773
vt 0.054167 0.105667
vt 0.053894 0.104908
vt 0.054588 0.104353
vt 0.055169 0.105815
vt 0.042460 0.115499
vt 0.331270 0.318352
vt 0.331219 0.319241
vt 0.331061 0.319048
vt 0.331411 0.317497
vt 0.331848 0.318683
vt 0.330889 0.317528
vt 0.330748 0.318356
vt 0.559798 0.844854
vt 0.560759 0.845967
vt 0.558595 0.844754
vt 0.558794 0.844063
vt 0.560108 0.844177
vt 0.561143 0.844863
vt 0.186391 0.630868
vt 0.184958 0.631738
vt 0.186261 0.630383
vt 0.187740 0.631824
vt 0.186399 0.632310
vt 0.172657 0.027268
vt 0.172886 0.026544
vt 0.173713 0.026833
vt 0.173178 0.028419
vt 0.012262 0.228918
vt 0.012178 0.227719
vt 0.131931 0.357935
vt 0.131288 0.357802
vt 0.131797 0.331150
vt 0.011691 0.229078
vt 0.501366 0.322412
vt 0.501337 0.322750
vt 0.451999 0.322414
vt 0.022796 0.065966
vt 0.022796 0.000666
vt 0.023988 0.000918
vt 0.498015 0.319564
vt 0.539719 0.254164
vt 0.453477 0.322025
vt 0.539719 0.389797
vt 0.521850 0.513066
vt 0.516536 0.514173
vt 0.023001 0.132118
vt 0.022554 0.131932
vt 0.023169 0.131764
vt 0.052781 0.058026
vt 0.051546 0.057976
vt 0.051904 0.057612
vt 0.020895 0.132709
vt 0.023352 0.130503
vt 0.023273 0.130272
vt 0.024170 0.130794
vt 0.052328 0.056841
vt 0.023609 0.129807
vt 0.024716 0.131442
vt 0.024359 0.130837
vt 0.052723 0.058217
vt 0.053028 0.056693
vt 0.053972 0.056427
vt 0.181959 0.410295
vt 0.181848 0.412814
vt 0.283436 0.268878
vt 0.283343 0.268067
vt 0.320144 0.933237
vt 0.319460 0.934056
vt 0.319535 0.932868
vt 0.321027 0.927177
vt 0.322034 0.932728
vt 0.319906 0.927856
vt 0.463394 0.935636
vt 0.465620 0.936040
vt 0.463459 0.936063
vt 0.461753 0.935728
vt 0.393590 0.927586
vt 0.394327 0.927911
vt 0.109881 0.567289
vt 0.121959 0.575520
vt 0.121749 0.576493
vt 0.392296 0.927857
vt 0.392350 0.926940
vt 0.404790 0.914010
vt 0.402104 0.913495
vt 0.751426 0.520500
vt 0.750333 0.519528
vt 0.751459 0.520250
vt 0.750902 0.520869
vt 0.750165 0.519627
vt 0.752099 0.521690
vt 0.752150 0.521729
vt 0.264221 0.678201
vt 0.342774 0.257960
vt 0.342383 0.258326
vt 0.341962 0.257394
vt 0.343225 0.256993
vt 0.342977 0.257939
vt 0.342320 0.259368
vt 0.320699 0.273867
vt 0.320058 0.273269
vt 0.320806 0.273291
vt 0.319844 0.273744
vt 0.320290 0.274352
vt 0.440846 0.534454
vt 0.355731 0.588595
vt 0.315446 0.534454
vt 0.273750 0.785281
vt 0.358101 0.692279
vt 0.357334 0.791345
vt 0.060195 0.605354
vt 0.137928 0.677648
vt 0.015611 0.677648
vt 0.441121 0.535053
vt 0.356163 0.589161
vt 0.059710 0.604673
vt 0.249279 0.093436
vt 0.249062 0.092482
vt 0.250187 0.092422
vt 0.383870 0.859260
vt 0.396684 0.859438
vt 0.383772 0.860174
vt 0.084971 0.878841
vt 0.104833 0.903821
vt 0.103661 0.904612
vt 0.251157 0.093443
vt 0.250573 0.125935
vt 0.093993 0.912472
vt 0.398841 0.828395
vt 0.177367 0.023381
vt 0.176967 0.022973
vt 0.032933 0.148103
vt 0.032565 0.149148
vt 0.031265 0.140575
vt 0.031439 0.140225
vt 0.033745 0.147456
vt 0.434560 0.383800
vt 0.436273 0.383746
vt 0.262173 0.168406
vt 0.262364 0.168426
vt 0.261905 0.169250
vt 0.382743 0.869388
vt 0.382037 0.870907
vt 0.395555 0.869702
vt 0.395867 0.872494
vt 0.158982 0.084551
vt 0.156713 0.081720
vt 0.178649 0.084792
vt 0.439123 0.657197
vt 0.451843 0.649516
vt 0.439962 0.658522
vt 0.434810 0.627684
vt 0.179948 0.108114
vt 0.163471 0.115339
vt 0.179336 0.085840
vt 0.420004 0.354770
vt 0.420443 0.355840
vt 0.419008 0.355062
vt 0.954225 0.673020
vt 0.963575 0.676105
vt 0.953614 0.673412
vt 0.419249 0.354056
vt 0.990149 0.674577
vt 0.980499 0.673640
vt 0.031896 0.005590
vt 0.032118 0.004824
vt 0.033411 0.005537
vt 0.943281 0.073972
vt 0.943199 0.139211
vt 0.942261 0.139024
vt 0.033344 0.006819
vt 0.942567 0.073986
vt 0.031582 0.006584
vt 0.944142 0.074328
vt 0.693945 0.349173
vt 0.694030 0.350372
vt 0.693361 0.349650
vt 0.695022 0.332204
vt 0.695705 0.332420
vt 0.344959 0.223280
vt 0.345707 0.223887
vt 0.344651 0.224011
vt 0.346200 0.223253
vt 0.344118 0.223474
vt 0.345973 0.222861
vt 0.338060 0.165054
vt 0.337826 0.166154
vt 0.337450 0.165405
vt 0.338381 0.166306
vt 0.338588 0.165314
vt 0.337622 0.251669
vt 0.337919 0.251566
vt 0.337827 0.251875
vt 0.336460 0.251831
vt 0.337708 0.251083
vt 0.336883 0.252183
vt 0.336314 0.251908
vt 0.324311 0.274161
vt 0.324024 0.273239
vt 0.324790 0.274191
vt 0.323717 0.274261
vt 0.323489 0.273413
vt 0.049606 0.439754
vt 0.048644 0.440248
vt 0.070132 0.361318
vt 0.308062 0.241374
vt 0.308062 0.141612
vt 0.308839 0.241025
vt 0.071134 0.361764
vt 0.051326 0.440022
vt 0.174335 0.638817
vt 0.146924 0.617816
vt 0.159342 0.609189
vt 0.920951 0.562116
vt 0.936172 0.568633
vt 0.935693 0.569653
vt 0.922586 0.561721
vt 0.568140 0.521731
vt 0.619725 0.607679
vt 0.609691 0.613181
vt 0.214634 0.203894
vt 0.214634 0.124945
vt 0.223384 0.202040
vt 0.620194 0.607399
vt 0.568441 0.520912
vt 0.039865 0.154436
vt 0.040162 0.154579
vt 0.040073 0.155836
vt 0.039730 0.152842
vt 0.039930 0.152961
vt 0.039306 0.155408
vt 0.039131 0.154365
vt 0.844539 0.195664
vt 0.828425 0.100595
vt 0.845560 0.195003
vt 0.779465 0.151476
vt 0.779595 0.214185
vt 0.778516 0.213984
vt 0.828425 0.199396
vt 0.095950 0.096838
vt 0.094610 0.097449
vt 0.094610 0.023041
vt 0.220807 0.079459
vt 0.220807 0.000937
vt 0.239875 0.073349
vt 0.760895 0.215560
vt 0.103038 0.113558
vt 0.103946 0.114287
vt 0.102941 0.113978
vt 0.102556 0.113430
vt 0.172683 0.033250
vt 0.172589 0.033993
vt 0.172338 0.034085
vt 0.171487 0.034284
vt 0.171807 0.033163
vt 0.172982 0.033130
vt 0.803642 0.767785
vt 0.805050 0.767899
vt 0.803517 0.769705
vt 0.803470 0.766867
vt 0.805081 0.766666
vt 0.437269 0.007564
vt 0.436787 0.007936
vt 0.436867 0.006203
vt 0.186914 0.290109
vt 0.186933 0.289556
vt 0.187689 0.290040
vt 0.437490 0.030496
vt 0.186820 0.290552
vt 0.437772 0.007366
vt 0.902090 0.178435
vt 0.901890 0.117331
vt 0.902531 0.178430
vt 0.577181 0.566727
vt 0.536883 0.531275
vt 0.537582 0.530908
vt 0.688592 0.528924
vt 0.688876 0.528388
vt 0.730380 0.559728
vt 0.687815 0.528978
vt 0.902530 0.179261
vt 0.901890 0.179061
vt 0.689741 0.267407
vt 0.641261 0.266490
vt 0.641983 0.265583
vt 0.692397 0.267536
vt 0.692049 0.268415
vt 0.689873 0.268178
vt 0.689755 0.266615
vt 0.948013 0.029832
vt 0.953494 0.000284
vt 0.948774 0.030137
vt 0.941825 0.030140
vt 0.947376 0.029773
vt 0.142570 0.899532
vt 0.155728 0.857987
vt 0.396534 0.155828
vt 0.400292 0.169412
vt 0.128914 0.272667
vt 0.128177 0.291389
vt 0.213715 0.064842
vt 0.213893 0.064665
vt 0.214278 0.065049
vt 0.212026 0.065416
vt 0.212825 0.064512
vt 0.213393 0.065487
vt 0.018578 0.125020
vt 0.019876 0.126756
vt 0.019193 0.125556
vt 0.255112 0.002805
vt 0.255855 0.002718
vt 0.256011 0.003864
vt 0.254940 0.001576
vt 0.255351 0.001661
vt 0.254703 0.001594
vt 0.430714 0.358271
vt 0.431106 0.358988
vt 0.430345 0.358418
vt 0.429038 0.355843
vt 0.218334 0.521153
vt 0.278625 0.533067
vt 0.221553 0.547924
vt 0.217038 0.521994
vt 0.267923 0.501457
vt 0.269165 0.503308
vt 0.000216 0.554249
vt 0.612099 0.483803
vt 0.599376 0.455421
vt 0.629604 0.477734
vt 0.580905 0.460343
vt 0.583119 0.460015
vt 0.068219 0.579159
vt 0.715039 0.423267
vt 0.728572 0.483507
vt 0.727621 0.483795
vt 0.656659 0.178927
vt 0.656659 0.247273
vt 0.604078 0.204491
vt 0.687953 0.485054
vt 0.716441 0.421749
vt 0.264944 0.392269
vt 0.674637 0.942246
vt 0.690639 0.971495
vt 0.419782 0.869727
vt 0.399165 0.872222
vt 0.672890 0.939159
vt 0.695638 0.913283
vt 0.078657 0.003539
vt 0.078169 0.002183
vt 0.078705 0.002153
vt 0.079584 0.003534
vt 0.077100 0.018217
vt 0.077986 0.003765
vt 0.077707 0.018659
vt 0.029321 0.025200
vt 0.028627 0.024745
vt 0.029912 0.023757
vt 0.029929 0.025415
vt 0.609965 0.330979
vt 0.601807 0.304539
vt 0.602502 0.303739
vt 0.804565 0.783989
vt 0.804399 0.784498
vt 0.813968 0.760140
vt 0.603451 0.263433
vt 0.604186 0.263460
vt 0.603862 0.265362
vt 0.091293 0.877539
vt 0.121884 0.910027
vt 0.120720 0.911196
vt 0.256793 0.830698
vt 0.261060 0.828450
vt 0.260598 0.829528
vt 0.256765 0.832116
vt 0.604186 0.213602
vt 0.231633 0.841748
vt 0.215205 0.228544
vt 0.214920 0.227221
vt 0.215727 0.227308
vt 0.215761 0.228988
vt 0.214881 0.228440
vt 0.102656 0.339983
vt 0.630606 0.920128
vt 0.630680 0.921301
vt 0.630470 0.914860
vt 0.631609 0.919790
vt 0.631708 0.921282
vt 0.050347 0.054801
vt 0.050051 0.055280
vt 0.049794 0.055450
vt 0.050235 0.054809
vt 0.051093 0.053926
vt 0.045604 0.177036
vt 0.045995 0.176467
vt 0.045998 0.177412
vt 0.045178 0.178194
vt 0.044943 0.178066
vt 0.045046 0.177124
vt 0.045642 0.175939
vt 0.639454 0.262138
vt 0.639460 0.261595
vt 0.641932 0.261889
vt 0.636989 0.262070
vt 0.637802 0.261679
vt 0.479730 0.210128
vt 0.480177 0.211907
vt 0.471095 0.241762
vt 0.469363 0.241890
vt 0.478788 0.210692
vt 0.433886 0.165011
vt 0.846444 0.098949
vt 0.846444 0.000694
vt 0.847060 0.000717
vt 0.507617 0.147572
vt 0.333331 0.242425
vt 0.167950 0.171644
vt 0.168845 0.171938
vt 0.334020 0.242134
vt 0.332882 0.242356
vt 0.167864 0.170220
vt 0.167767 0.171512
vt 0.037656 0.055683
vt 0.038827 0.055440
vt 0.036494 0.055157
vt 0.038485 0.055214
vt 0.035788 0.055724
vt 0.334797 0.164375
vt 0.333778 0.164299
vt 0.455834 0.370812
vt 0.065392 0.025712
vt 0.065569 0.025376
vt 0.452545 0.323944
vt 0.465983 0.331630
vt 0.470755 0.335276
vt 0.062089 0.294872
vt 0.062600 0.293687
vt 0.062580 0.295096
vt 0.062606 0.295976
vt 0.062091 0.295958
vt 0.061668 0.294847
vt 0.062108 0.292558
vt 0.746534 0.601510
vt 0.743802 0.601946
vt 0.753587 0.585872
vt 0.759248 0.581763
vt 0.104401 0.114320
vt 0.103642 0.114644
vt 0.170857 0.134203
vt 0.171561 0.133716
vt 0.171172 0.134563
vt 0.170795 0.134904
vt 0.170246 0.134762
vt 0.553561 0.283038
vt 0.562774 0.302261
vt 0.552139 0.283488
vt 0.553996 0.281749
vt 0.554575 0.282711
vt 0.563886 0.301515
vt 0.175731 0.030179
vt 0.176453 0.031017
vt 0.175716 0.030567
vt 0.176552 0.030320
vt 0.175667 0.029404
vt 0.176032 0.030059
vt 0.174674 0.030387
vt 0.438916 0.006555
vt 0.439370 0.006509
vt 0.438253 0.006979
vt 0.438454 0.006112
vt 0.188283 0.290644
vt 0.188510 0.290831
vt 0.188006 0.290299
vt 0.694935 0.265684
vt 0.694991 0.267412
vt 0.693125 0.266691
vt 0.788590 0.053972
vt 0.787783 0.000901
vt 0.788097 0.002058
vt 0.788590 0.000846
vt 0.728202 0.284373
vt 0.692983 0.265667
vt 0.695202 0.264274
vt 0.728621 0.254510
vt 0.162216 0.046967
vt 0.161039 0.055332
vt 0.161176 0.047286
vt 0.181425 0.385116
vt 0.182841 0.385684
vt 0.180754 0.384826
vt 0.034252 0.056015
vt 0.034422 0.055806
vt 0.035573 0.056296
vt 0.035579 0.056738
vt 0.033886 0.056896
vt 0.040061 0.023867
vt 0.040195 0.023288
vt 0.041621 0.023988
vt 0.039432 0.023496
vt 0.336302 0.158999
vt 0.336723 0.158554
vt 0.336351 0.159526
vt 0.335994 0.159161
vt 0.039199 0.023878
vt 0.077641 0.001587
vt 0.077411 0.002321
vt 0.078081 0.001653
vt 0.077681 0.000893
vt 0.078108 0.000890
vt 0.076968 0.001462
vt 0.685467 0.643212
vt 0.685247 0.642517
vt 0.686873 0.643111
vt 0.685951 0.661787
vt 0.684789 0.660924
vt 0.684041 0.643326
vt 0.463798 0.483255
vt 0.464288 0.485501
vt 0.463368 0.486702
vt 0.463924 0.481672
vt 0.464769 0.479110
vt 0.464208 0.482405
vt 0.110922 0.124827
vt 0.111354 0.124519
vt 0.110045 0.124278
vt 0.110223 0.123968
vt 0.110618 0.125463
vt 0.378950 0.881931
vt 0.377154 0.885256
vt 0.019772 0.129825
vt 0.326919 0.188423
vt 0.327307 0.187678
vt 0.327348 0.188674
vt 0.326657 0.188156
vt 0.327067 0.187780
vt 0.571249 0.409975
vt 0.581120 0.456492
vt 0.580006 0.457213
vt 0.029452 0.002998
vt 0.028301 0.000962
vt 0.029984 0.000962
vt 0.282743 0.643863
vt 0.311838 0.630114
vt 0.270373 0.676880
vt 0.305841 0.238105
vt 0.304184 0.238376
vt 0.304184 0.205388
vt 0.280479 0.643443
vt 0.659469 0.493594
vt 0.633224 0.476578
vt 0.633117 0.474974
vt 0.341375 0.261801
vt 0.342859 0.261236
vt 0.343507 0.262384
vt 0.340818 0.261947
vt 0.104945 0.169412
vt 0.103349 0.146727
vt 0.104392 0.146301
vt 0.103055 0.168918
vt 0.344821 0.282440
vt 0.340852 0.262753
vt 0.319784 0.242673
vt 0.322103 0.270654
vt 0.033829 0.342875
vt 0.031446 0.342391
vt 0.031796 0.342189
vt 0.034482 0.342339
vt 0.033137 0.343151
vt 0.319275 0.242921
vt 0.409944 0.714167
vt 0.405492 0.643511
vt 0.432263 0.649658
vt 0.404226 0.643828
vt 0.424189 0.719239
vt 0.381474 0.749610
vt 0.407920 0.712792
vt 0.249634 0.252199
vt 0.249690 0.252753
vt 0.249008 0.252001
vt 0.248623 0.251108
vt 0.019821 0.241713
vt 0.021018 0.241396
vt 0.035951 0.247212
vt 0.033707 0.247595
vt 0.249401 0.251344
vt 0.272654 0.254373
vt 0.337846 0.253564
vt 0.337827 0.254762
vt 0.337392 0.253695
vt 0.338176 0.252705
vt 0.338253 0.254081
vt 0.329349 0.275174
vt 0.329217 0.275030
vt 0.329505 0.274489
vt 0.615300 0.899295
vt 0.614578 0.894756
vt 0.627550 0.898963
vt 0.275673 0.293995
vt 0.274692 0.292309
vt 0.275857 0.292999
vt 0.267049 0.296846
vt 0.447855 0.589800
vt 0.448194 0.553521
vt 0.464282 0.556008
vt 0.448713 0.591530
vt 0.447362 0.591706
vt 0.446533 0.590028
vt 0.113759 0.137178
vt 0.113257 0.137885
vt 0.112960 0.136990
vt 0.114341 0.137591
vt 0.113912 0.137928
vt 0.334709 0.164747
vt 0.334134 0.165286
vt 0.334285 0.164722
vt 0.335222 0.165533
vt 0.334503 0.165904
vt 0.335671 0.164222
vt 0.340293 0.251680
vt 0.339368 0.250672
vt 0.340222 0.251311
vt 0.340522 0.251243
vt 0.340708 0.252299
vt 0.310315 0.244890
vt 0.311064 0.245059
vt 0.311249 0.244284
vt 0.061282 0.295241
vt 0.061802 0.293301
vt 0.061622 0.295798
vt 0.309489 0.245495
vt 0.311110 0.244061
vt 0.554781 0.844561
vt 0.555233 0.844365
vt 0.556164 0.845519
vt 0.555780 0.844355
vt 0.978717 0.715900
vt 0.177952 0.026157
vt 0.176735 0.026172
vt 0.177220 0.025681
vt 0.178660 0.026495
vt 0.177811 0.027207
vt 0.012680 0.226212
vt 0.013219 0.225154
vt 0.020606 0.358302
vt 0.019965 0.358293
vt 0.020485 0.354103
vt 0.020989 0.358314
vt 0.340703 0.294542
vt 0.341822 0.322332
vt 0.613418 0.899503
vt 0.612384 0.895097
vt 0.615864 0.901842
vt 0.613785 0.901045
vt 0.498328 0.677976
vt 0.498589 0.679252
vt 0.496677 0.680641
vt 0.432759 0.699532
vt 0.775796 0.776934
vt 0.777961 0.776465
vt 0.777514 0.777329
vt 0.775794 0.775943
vt 0.774620 0.776073
vt 0.775591 0.777438
vt 0.882034 0.552257
vt 0.867646 0.468724
vt 0.883041 0.552003
vt 0.109443 0.780854
vt 0.097424 0.681709
vt 0.109443 0.680827
vt 0.096307 0.681791
vt 0.108635 0.780999
vt 0.867646 0.554712
vt 0.792785 0.668468
vt 0.792333 0.666351
vt 0.794393 0.667714
vt 0.796124 0.668565
vt 0.771577 0.711258
vt 0.781154 0.721698
vt 0.772667 0.730403
vt 0.782717 0.720739
vt 0.797046 0.684605
vt 0.781282 0.676923
vt 0.130065 0.643202
vt 0.145804 0.619555
vt 0.052473 0.265117
vt 0.051418 0.265363
vt 0.052210 0.264016
vt 0.394295 0.780643
vt 0.050599 0.298345
vt 0.167366 0.156403
vt 0.165513 0.158190
vt 0.338186 0.910621
vt 0.336896 0.911648
vt 0.336802 0.906258
vt 0.337917 0.905930
vt 0.355315 0.899336
vt 0.355282 0.906982
vt 0.337497 0.913043
vt 0.956503 0.313337
vt 0.946738 0.285390
vt 0.948464 0.283345
vt 0.340356 0.259624
vt 0.341245 0.259042
vt 0.340930 0.259777
vt 0.339146 0.259954
vt 0.338912 0.259283
vt 0.339842 0.260392
vt 0.339194 0.260673
vt 0.240805 0.867992
vt 0.255387 0.859458
vt 0.242864 0.868586
vt 0.242207 0.871487
vt 0.604627 0.941865
vt 0.236414 0.854686
vt 0.030738 0.025242
vt 0.031366 0.025137
vt 0.031648 0.026122
vt 0.031232 0.025966
vt 0.030779 0.026315
vt 0.321482 0.847714
vt 0.319729 0.847365
vt 0.319899 0.846601
vt 0.321345 0.846337
vt 0.322760 0.847571
vt 0.322567 0.849415
vt 0.320033 0.848715
vt 0.031173 0.013206
vt 0.031889 0.013001
vt 0.031177 0.013941
vt 0.030517 0.012656
vt 0.031395 0.012648
vt 0.030416 0.013291
vt 0.030716 0.014023
vt 0.149831 0.097591
vt 0.150244 0.096696
vt 0.118438 0.105646
vt 0.024669 0.216989
vt 0.020850 0.217974
vt 0.166413 0.389797
vt 0.166091 0.389788
vt 0.166413 0.364616
vt 0.106346 0.109600
vt 0.105504 0.109782
vt 0.106296 0.109288
vt 0.106314 0.110488
vt 0.105606 0.110487
vt 0.505760 0.400774
vt 0.520131 0.424605
vt 0.504857 0.401001
vt 0.520782 0.424131
vt 0.506516 0.400482
vt 0.505278 0.400470
vt 0.353550 0.912854
vt 0.391299 0.926971
vt 0.125608 0.554236
vt 0.137374 0.566527
vt 0.136358 0.566878
vt 0.389870 0.910468
vt 0.122800 0.575041
vt 0.430611 0.360723
vt 0.431272 0.360633
vt 0.431505 0.383499
vt 0.430411 0.383433
vt 0.429581 0.360721
vt 0.430007 0.358958
vt 0.430235 0.358723
vt 0.210874 0.214101
vt 0.210192 0.213593
vt 0.210732 0.212206
vt 0.210929 0.222602
vt 0.199117 0.202663
vt 0.197650 0.204164
vt 0.194452 0.203791
vt 0.148189 0.060967
vt 0.147358 0.061530
vt 0.146823 0.061270
vt 0.148449 0.061403
vt 0.152322 0.061669
vt 0.193517 0.202889
vt 0.199895 0.203253
vt 0.274223 0.320935
vt 0.691086 0.381707
vt 0.689530 0.382550
vt 0.691937 0.352023
vt 0.691116 0.383772
vt 0.692916 0.351712
vt 0.691943 0.381012
vt 0.692137 0.382231
vt 0.327535 0.270725
vt 0.327049 0.242715
vt 0.328224 0.271203
vt 0.327611 0.272407
vt 0.325428 0.242841
vt 0.326780 0.270975
vt 0.326915 0.272199
vt 0.340535 0.293841
vt 0.160592 0.607132
vt 0.160481 0.608302
vt 0.159943 0.606377
vt 0.160951 0.606062
vt 0.178909 0.032349
vt 0.179518 0.032288
vt 0.179738 0.033132
vt 0.178612 0.031866
vt 0.178270 0.032306
vt 0.178606 0.032524
vt 0.030118 0.010441
vt 0.029959 0.010504
vt 0.029398 0.010177
vt 0.178350 0.029958
vt 0.178365 0.030136
vt 0.177447 0.030042
vt 0.179033 0.031029
vt 0.178111 0.030568
vt 0.192787 0.131860
vt 0.192728 0.133121
vt 0.192208 0.132892
vt 0.192075 0.132256
vt 0.192578 0.125145
vt 0.272858 0.064466
vt 0.272230 0.030566
vt 0.272858 0.030551
vt 0.761220 0.887742
vt 0.750623 0.887972
vt 0.748841 0.887930
vt 0.760806 0.888333
vt 0.772099 0.923520
vt 0.760905 0.887577
vt 0.772086 0.852347
vt 0.629814 0.899111
vt 0.632544 0.909246
vt 0.631625 0.909949
vt 0.628996 0.900049
vt 0.630738 0.898350
vt 0.079153 0.017603
vt 0.170669 0.034870
vt 0.171468 0.035039
vt 0.025399 0.124814
vt 0.024577 0.125813
vt 0.024569 0.125404
vt 0.170940 0.034220
vt 0.080005 0.003175
vt 0.079627 0.018235
vt 0.170537 0.035368
vt 0.823090 0.428549
vt 0.823710 0.429939
vt 0.758807 0.436868
vt 0.758748 0.435235
vt 0.876951 0.099603
vt 0.877452 0.098470
vt 0.878309 0.099507
vt 0.824204 0.427635
vt 0.190423 0.286892
vt 0.191139 0.286829
vt 0.190869 0.288300
vt 0.192653 0.261027
vt 0.190362 0.288525
vt 0.193413 0.260927
vt 0.937551 0.914233
vt 0.935318 0.913991
vt 0.934602 0.911226
vt 0.175944 0.298590
vt 0.186591 0.296034
vt 0.192337 0.297802
vt 0.107471 0.905983
vt 0.099036 0.913129
vt 0.105889 0.905628
vt 0.106462 0.904988
vt 0.665107 0.953418
vt 0.662782 0.950911
vt 0.672405 0.944797
vt 0.935780 0.911506
vt 0.107944 0.904999
vt 0.140976 0.102917
vt 0.201645 0.201645
vt 0.139927 0.103293
vt 0.136646 0.102887
vt 0.140352 0.102624
vt 0.735379 0.979384
vt 0.693376 0.946878
vt 0.695027 0.947604
vt 0.201645 0.000790
vt 0.159606 0.045794
vt 0.160592 0.043395
vt 0.159934 0.045697
vt 0.159340 0.047280
vt 0.158704 0.045687
vt 0.160062 0.047281
vt 0.012653 0.335336
vt 0.013458 0.358962
vt 0.012991 0.358331
vt 0.275857 0.239875
vt 0.275503 0.239875
vt 0.275651 0.205021
vt 0.111969 0.136838
vt 0.112207 0.136317
vt 0.112569 0.136764
vt 0.112055 0.137437
vt 0.014992 0.276435
vt 0.014450 0.310339
vt 0.014450 0.276424
vt 0.335063 0.912541
vt 0.334609 0.914822
vt 0.322348 0.913991
vt 0.322997 0.910866
vt 0.334681 0.907309
vt 0.335629 0.911994
vt 0.339910 0.256007
vt 0.340538 0.256345
vt 0.340101 0.256765
vt 0.339632 0.255990
vt 0.340289 0.255415
vt 0.777312 0.611138
vt 0.796920 0.599588
vt 0.798647 0.599666
vt 0.205875 0.223582
vt 0.205079 0.222497
vt 0.206124 0.223076
vt 0.617679 0.354180
vt 0.616408 0.355605
vt 0.133406 0.355315
vt 0.133406 0.330226
vt 0.134930 0.355095
vt 0.813142 0.806195
vt 0.813802 0.805878
vt 0.805385 0.826070
vt 0.019482 0.292744
vt 0.020989 0.317679
vt 0.019482 0.317835
vt 0.177901 0.023284
vt 0.178097 0.024168
vt 0.177624 0.023999
vt 0.177614 0.022819
vt 0.178094 0.022817
vt 0.177474 0.023005
vt 0.178934 0.022607
vt 0.178335 0.023723
vt 0.036417 0.058149
vt 0.034620 0.058263
vt 0.036351 0.057473
vt 0.038425 0.058267
vt 0.036447 0.058514
vt 0.034673 0.058961
vt 0.169219 0.169246
vt 0.170077 0.169669
vt 0.169939 0.170883
vt 0.169291 0.167553
vt 0.169323 0.170354
vt 0.017844 0.394159
vt 0.017341 0.394119
vt 0.017362 0.395232
vt 0.207123 0.063316
vt 0.207688 0.061120
vt 0.037663 0.446570
vt 0.074495 0.442253
vt 0.048654 0.456788
vt 0.899145 0.661250
vt 0.922021 0.652870
vt 0.922021 0.727122
vt 0.508553 0.681366
vt 0.499519 0.677339
vt 0.036580 0.447506
vt 0.234018 0.227882
vt 0.225015 0.197932
vt 0.242874 0.192759
vt 0.508176 0.682126
vt 0.324199 0.188622
vt 0.323821 0.187646
vt 0.035981 0.006821
vt 0.034798 0.006251
vt 0.035499 0.006245
vt 0.945795 0.074135
vt 0.034736 0.007411
vt 0.515134 0.563754
vt 0.541103 0.562875
vt 0.514271 0.563062
vt 0.507379 0.569478
vt 0.541065 0.563768
vt 0.528517 0.576950
vt 0.144764 0.618486
vt 0.143005 0.619358
vt 0.143373 0.617369
vt 0.849376 0.378553
vt 0.845223 0.378350
vt 0.291709 0.134651
vt 0.292205 0.134240
vt 0.292695 0.134606
vt 0.747413 0.488834
vt 0.747687 0.488331
vt 0.751913 0.488239
vt 0.747035 0.488546
vt 0.290112 0.133918
vt 0.752342 0.489470
vt 0.747309 0.489948
vt 0.053656 0.055430
vt 0.053018 0.054673
vt 0.053972 0.054426
vt 0.019602 0.132129
vt 0.020405 0.132126
vt 0.019410 0.133431
vt 0.018118 0.131866
vt 0.019209 0.131677
vt 0.053253 0.053518
vt 0.018434 0.132736
vt 0.052203 0.053719
vt 0.053923 0.055621
vt 0.042734 0.176268
vt 0.042911 0.177167
vt 0.042106 0.177139
vt 0.042575 0.174126
vt 0.043375 0.173781
vt 0.043541 0.175686
vt 0.043605 0.176968
vt 0.401791 0.689641
vt 0.282086 0.689641
vt 0.326649 0.620146
vt 0.847060 0.187403
vt 0.845813 0.187132
vt 0.847060 0.103089
vt 0.198238 0.749296
vt 0.278855 0.754759
vt 0.197990 0.848559
vt 0.197316 0.748892
vt 0.787448 0.657806
vt 0.794649 0.665841
vt 0.793936 0.666429
vt 0.785238 0.656788
vt 0.790325 0.647248
vt 0.792475 0.647198
vt 0.784806 0.657668
vt 0.340357 0.221700
vt 0.340253 0.222187
vt 0.340020 0.221693
vt 0.340269 0.220545
vt 0.029053 0.338460
vt 0.030392 0.340016
vt 0.028669 0.338906
vt 0.161706 0.168254
vt 0.162312 0.167520
vt 0.162735 0.158472
vt 0.024554 0.329653
vt 0.162372 0.158035
vt 0.339776 0.181827
vt 0.339759 0.185899
vt 0.339110 0.184712
vt 0.197016 0.261306
vt 0.196318 0.261481
vt 0.338296 0.186146
vt 0.338840 0.181744
vt 0.340156 0.181851
vt 0.198059 0.260964
vt 0.934163 0.910314
vt 0.935829 0.910335
vt 0.933375 0.910974
vt 0.492643 0.384905
vt 0.517697 0.392247
vt 0.505130 0.399619
vt 0.493727 0.399613
vt 0.499095 0.370761
vt 0.548126 0.568477
vt 0.421065 0.387225
vt 0.123378 0.097016
vt 0.124123 0.096328
vt 0.124113 0.097390
vt 0.938809 0.209557
vt 0.939902 0.144359
vt 0.939673 0.209543
vt 0.123727 0.098148
vt 0.123012 0.096099
vt 0.938694 0.144447
vt 0.937772 0.209573
vt 0.574544 0.344533
vt 0.576015 0.343765
vt 0.576488 0.345699
vt 0.574431 0.342791
vt 0.575824 0.342015
vt 0.574664 0.345415
vt 0.573165 0.345921
vt 0.572194 0.343229
vt 0.398826 0.026711
vt 0.398497 0.026731
vt 0.800761 0.947959
vt 0.802015 0.947844
vt 0.211820 0.067326
vt 0.211897 0.066936
vt 0.212798 0.067319
vt 0.338824 0.166934
vt 0.338036 0.167833
vt 0.337089 0.168102
vt 0.338812 0.166113
vt 0.337805 0.166868
vt 0.210807 0.067465
vt 0.018515 0.128468
vt 0.020360 0.128142
vt 0.018963 0.129627
vt 0.018077 0.129551
vt 0.178202 0.024110
vt 0.018389 0.128110
vt 0.019112 0.129480
vt 0.179411 0.024353
vt 0.178402 0.023850
vt 0.042080 0.180488
vt 0.041560 0.180590
vt 0.800012 0.225734
vt 0.783309 0.127888
vt 0.800584 0.225057
vt 0.366908 0.391179
vt 0.354264 0.475735
vt 0.345367 0.393404
vt 0.381119 0.472195
vt 0.380268 0.472169
vt 0.783309 0.229381
vt 0.367862 0.390586
vt 0.483003 0.624220
vt 0.447380 0.614895
vt 0.483003 0.622665
vt 0.273762 0.140872
vt 0.273156 0.139165
vt 0.274357 0.140326
vt 0.446907 0.616399
vt 0.272416 0.139804
vt 0.272837 0.141269
vt 0.483081 0.625408
vt 0.693687 0.946346
vt 0.693067 0.946102
vt 0.739666 0.973643
vt 0.170911 0.529225
vt 0.170278 0.479218
vt 0.170911 0.479002
vt 0.742650 0.967270
vt 0.025238 0.347972
vt 0.025929 0.348020
vt 0.026035 0.349399
vt 0.024437 0.348436
vt 0.024564 0.347556
vt 0.025449 0.347419
vt 0.025010 0.348973
vt 0.121589 0.112266
vt 0.120718 0.112237
vt 0.121836 0.112105
vt 0.339027 0.257414
vt 0.338333 0.256690
vt 0.339140 0.257303
vt 0.285898 0.494340
vt 0.284171 0.493910
vt 0.406737 0.154420
vt 0.409364 0.129624
vt 0.407275 0.154301
vt 0.750507 0.888055
vt 0.019756 0.354079
vt 0.408707 0.128678
vt 0.612052 0.899673
vt 0.611658 0.894814
vt 0.612688 0.902247
vt 0.425247 0.317364
vt 0.430140 0.294817
vt 0.839379 0.198444
vt 0.857554 0.199210
vt 0.839379 0.296846
vt 0.892036 0.349318
vt 0.876338 0.273589
vt 0.892036 0.269989
vt 0.418909 0.342572
vt 0.343772 0.298112
vt 0.801445 0.205393
vt 0.801445 0.104461
vt 0.821573 0.201530
vt 0.171816 0.247211
vt 0.153544 0.277509
vt 0.153200 0.279150
vt 0.528318 0.285331
vt 0.677704 0.420402
vt 0.687799 0.401802
vt 0.892883 0.605722
vt 0.893608 0.605796
vt 0.892883 0.683645
vt 0.518801 0.425626
vt 0.001499 0.377804
vt 0.000955 0.278662
vt 0.001499 0.278178
vt 0.895035 0.456935
vt 0.893430 0.535222
vt 0.893430 0.456709
vt 0.281969 0.271002
vt 0.281178 0.299844
vt 0.281031 0.269995
vt 0.281458 0.269063
vt 0.282313 0.270590
vt 0.282790 0.299741
vt 0.281982 0.269057
vt 0.220071 0.548187
vt 0.218394 0.548697
vt 0.215436 0.522234
vt 0.510094 0.559224
vt 0.506010 0.559482
vt 0.192353 0.215710
vt 0.191902 0.214288
vt 0.192705 0.215616
vt 0.152626 0.074546
vt 0.153115 0.074961
vt 0.192913 0.216316
vt 0.114661 0.158619
vt 0.114090 0.158806
vt 0.114448 0.157262
vt 0.115162 0.157355
vt 0.114973 0.158384
vt 0.115489 0.166387
vt 0.114752 0.166311
vt 0.388513 0.050346
vt 0.306629 0.064175
vt 0.121207 0.106688
vt 0.120651 0.106807
vt 0.337480 0.256035
vt 0.336742 0.256851
vt 0.336076 0.256315
vt 0.337227 0.255682
vt 0.338178 0.255076
vt 0.338604 0.255445
vt 0.337963 0.256379
vt 0.783026 0.743831
vt 0.782404 0.742379
vt 0.798088 0.739511
vt 0.782733 0.744875
vt 0.798524 0.740419
vt 0.259596 0.830854
vt 0.263286 0.830987
vt 0.262667 0.831500
vt 0.259376 0.831781
vt 0.256681 0.832567
vt 0.216193 0.229067
vt 0.216544 0.227299
vt 0.217099 0.227393
vt 0.216845 0.229250
vt 0.216125 0.229024
vt 0.962499 0.034646
vt 0.954842 0.063322
vt 0.954404 0.062867
vt 0.058470 0.310339
vt 0.057811 0.310339
vt 0.057899 0.276433
vt 0.110304 0.127586
vt 0.781633 0.747858
vt 0.175630 0.033334
vt 0.175841 0.033376
vt 0.143624 0.128152
vt 0.143221 0.128914
vt 0.140939 0.128021
vt 0.349822 0.807056
vt 0.349214 0.806129
vt 0.145424 0.128642
vt 0.141812 0.127133
vt 0.348014 0.808131
vt 0.153085 0.062281
vt 0.152799 0.062365
vt 0.192878 0.203214
vt 0.193653 0.204144
vt 0.192360 0.203538
vt 0.153426 0.062667
vt 0.725505 0.339259
vt 0.697124 0.331279
vt 0.342017 0.218311
vt 0.341398 0.219182
vt 0.340647 0.219398
vt 0.340723 0.219133
vt 0.342818 0.218286
vt 0.330469 0.242501
vt 0.166368 0.171819
vt 0.165801 0.170641
vt 0.166666 0.170082
vt 0.167262 0.171536
vt 0.165698 0.171996
vt 0.149593 0.098893
vt 0.258774 0.102860
vt 0.257891 0.137928
vt 0.258145 0.103075
vt 0.484163 0.412883
vt 0.484911 0.413733
vt 0.484497 0.413600
vt 0.484714 0.412693
vt 0.259365 0.102623
vt 0.257891 0.102145
vt 0.337356 0.252311
vt 0.337366 0.252947
vt 0.336500 0.252995
vt 0.338167 0.252370
vt 0.338536 0.251989
vt 0.374380 0.970164
vt 0.372885 0.970788
vt 0.367393 0.928570
vt 0.375544 0.969656
vt 0.977780 0.714743
vt 0.976986 0.714958
vt 0.956956 0.697740
vt 0.447770 0.593073
vt 0.448864 0.592695
vt 0.448855 0.593934
vt 0.447567 0.594198
vt 0.445976 0.594488
vt 0.445899 0.593355
vt 0.942031 0.708034
vt 0.942697 0.708864
vt 0.939700 0.708307
vt 0.659595 0.930947
vt 0.660648 0.931386
vt 0.659415 0.931514
vt 0.944146 0.707864
vt 0.940970 0.707214
vt 0.338994 0.252469
vt 0.338916 0.252048
vt 0.339541 0.252518
vt 0.063323 0.293771
vt 0.062379 0.290556
vt 0.063636 0.291440
vt 0.870259 0.182905
vt 0.870259 0.096341
vt 0.884540 0.180311
vt 0.841870 0.391186
vt 0.842562 0.391205
vt 0.841870 0.475253
vt 0.783756 0.723227
vt 0.782402 0.722380
vt 0.783430 0.721860
vt 0.784078 0.723779
vt 0.038522 0.058704
vt 0.038768 0.059232
vt 0.084911 0.196167
vt 0.084892 0.195981
vt 0.399438 0.072234
vt 0.399735 0.097741
vt 0.398928 0.097987
vt 0.400292 0.072172
vt 0.085182 0.196296
vt 0.070458 0.196489
vt 0.398495 0.072267
vt 0.016576 0.392598
vt 0.017756 0.391614
vt 0.017209 0.392583
vt 0.156642 0.078712
vt 0.178932 0.083959
vt 0.452811 0.650911
vt 0.440472 0.659680
vt 0.949307 0.139027
vt 0.947422 0.074471
vt 0.948472 0.074416
vt 0.950346 0.139069
vt 0.696400 0.331052
vt 0.696001 0.331317
vt 0.696330 0.329801
vt 0.344096 0.256121
vt 0.343843 0.256852
vt 0.343672 0.256492
vt 0.343758 0.255822
vt 0.285677 0.240409
vt 0.286351 0.206508
vt 0.286351 0.241374
vt 0.264648 0.952609
vt 0.115440 0.136640
vt 0.114754 0.136276
vt 0.063778 0.040479
vt 0.069607 0.021622
vt 0.114834 0.136830
vt 0.336023 0.165254
vt 0.336368 0.165543
vt 0.335725 0.165774
vt 0.336189 0.164391
vt 0.336709 0.164858
vt 0.341510 0.215154
vt 0.340035 0.194204
vt 0.085992 0.052473
vt 0.085992 0.030888
vt 0.086955 0.031009
vt 0.280423 0.868220
vt 0.254423 0.865303
vt 0.286829 0.848814
vt 0.281106 0.865794
vt 0.590996 0.913975
vt 0.570252 0.923651
vt 0.560432 0.896164
vt 0.280277 0.873638
vt 0.281996 0.870356
vt 0.282316 0.872819
vt 0.278843 0.872185
vt 0.278580 0.873841
vt 0.280225 0.874410
vt 0.159473 0.607401
vt 0.029689 0.011897
vt 0.037862 0.151374
vt 0.037061 0.152770
vt 0.036664 0.152545
vt 0.038050 0.150459
vt 0.037281 0.150790
vt 0.037600 0.150250
vt 0.065511 0.315445
vt 0.056382 0.337681
vt 0.013588 0.321391
vt 0.506737 0.965498
vt 0.631137 0.910369
vt 0.627218 0.901137
vt 0.630024 0.911677
vt 0.942550 0.282017
vt 0.945986 0.282826
vt 0.943895 0.283230
vt 0.940167 0.282474
vt 0.942326 0.281556
vt 0.171413 0.032845
vt 0.170630 0.032262
vt 0.171186 0.032398
vt 0.172140 0.032153
vt 0.170136 0.032587
vt 0.169707 0.033757
vt 0.173092 0.032798
vt 0.171204 0.033266
vt 0.759130 0.438994
vt 0.879864 0.098307
vt 0.824596 0.431750
vt 0.880661 0.099726
vt 0.175169 0.412477
vt 0.175937 0.384743
vt 0.176356 0.384802
vt 0.688457 0.524077
vt 0.687988 0.527943
vt 0.687971 0.524164
vt 0.689102 0.523526
vt 0.688272 0.523707
vt 0.641981 0.265178
vt 0.690055 0.265345
vt 0.642464 0.264383
vt 0.640523 0.265236
vt 0.423851 0.940198
vt 0.423860 0.941391
vt 0.401557 0.903154
vt 0.275319 0.149922
vt 0.275319 0.114550
vt 0.275857 0.114566
vt 0.425101 0.940163
vt 0.217169 0.276519
vt 0.216002 0.276452
vt 0.217494 0.276456
vt 0.220385 0.276185
vt 0.212450 0.293847
vt 0.671079 0.369316
vt 0.688670 0.401373
vt 0.342867 0.260180
vt 0.320864 0.271868
vt 0.317728 0.242134
vt 0.318452 0.242827
vt 0.321732 0.270547
vt 0.321970 0.272632
vt 0.316895 0.242572
vt 0.321424 0.273003
vt 0.320336 0.272830
vt 0.425350 0.055135
vt 0.425151 0.055268
vt 0.425602 0.054118
vt 0.426140 0.054038
vt 0.425906 0.055172
vt 0.013364 0.177523
vt 0.519168 0.393947
vt 0.536721 0.414950
vt 0.910027 0.607495
vt 0.214607 0.228611
vt 0.214371 0.228596
vt 0.213549 0.228245
vt 0.101947 0.126600
vt 0.100255 0.119601
vt 0.170055 0.172106
vt 0.169306 0.171772
vt 0.330554 0.287992
vt 0.330179 0.316944
vt 0.329524 0.287871
vt 0.170706 0.171903
vt 0.331739 0.288148
vt 0.015817 0.393928
vt 0.016099 0.393052
vt 0.016351 0.393957
vt 0.016338 0.394720
vt 0.015890 0.394978
vt 0.015255 0.393492
vt 0.015534 0.393310
vt 0.015428 0.394145
vt 0.492601 0.279599
vt 0.614296 0.642748
vt 0.449485 0.316335
vt 0.449485 0.271850
vt 0.451265 0.316229
vt 0.853997 0.086129
vt 0.856077 0.085526
vt 0.876593 0.096889
vt 0.875930 0.097871
vt 0.992484 0.674951
vt 0.991783 0.674779
vt 0.830485 0.396776
vt 0.824047 0.426458
vt 0.991453 0.673966
vt 0.428374 0.358865
vt 0.428867 0.358876
vt 0.428138 0.360262
vt 0.427796 0.359023
vt 0.428723 0.360443
vt 0.583280 0.455913
vt 0.585779 0.407771
vt 0.598042 0.451819
vt 0.582179 0.458475
vt 0.598325 0.453633
vt 0.216006 0.227265
vt 0.215953 0.218759
vt 0.216725 0.218738
vt 0.484971 0.414312
vt 0.485747 0.413556
vt 0.025001 0.062967
vt 0.025001 0.025693
vt 0.025487 0.062954
vt 0.485127 0.414759
vt 0.074474 0.106641
vt 0.074961 0.143433
vt 0.074474 0.143925
vt 0.484163 0.457238
vt 0.041307 0.114761
vt 0.023626 0.120811
vt 0.022811 0.120057
vt 0.311951 0.244555
vt 0.311579 0.244465
vt 0.312134 0.244569
vt 0.311782 0.245333
vt 0.081858 0.060519
vt 0.078469 0.092952
vt 0.081199 0.060242
vt 0.081560 0.058831
vt 0.422086 0.484618
vt 0.082690 0.059919
vt 0.199617 0.528705
vt 0.115716 0.832542
vt 0.134089 0.821408
vt 0.177057 0.030896
vt 0.035272 0.153549
vt 0.035359 0.151561
vt 0.035839 0.151765
vt 0.035381 0.153525
vt 0.043195 0.147179
vt 0.034414 0.153390
vt 0.908852 0.082074
vt 0.935514 0.069811
vt 0.935514 0.140927
vt 0.416188 0.473888
vt 0.437761 0.395042
vt 0.438252 0.395055
vt 0.907576 0.082246
vt 0.459353 0.399665
vt 0.440292 0.480500
vt 0.415266 0.473295
vt 0.516107 0.515754
vt 0.529067 0.531911
vt 0.528376 0.532171
vt 0.515623 0.514634
vt 0.022050 0.131814
vt 0.022187 0.131203
vt 0.697085 0.424279
vt 0.722926 0.401520
vt 0.595910 0.278165
vt 0.555624 0.281000
vt 0.599066 0.258133
vt 0.950733 0.074689
vt 0.953334 0.138923
vt 0.951970 0.139229
vt 0.034319 0.000989
vt 0.035504 0.002299
vt 0.034085 0.002206
vt 0.951501 0.073874
vt 0.949805 0.074762
vt 0.032945 0.001412
vt 0.264458 0.262296
vt 0.275310 0.289790
vt 0.274367 0.290340
vt 0.451976 0.963999
vt 0.262277 0.110533
vt 0.259272 0.142426
vt 0.145888 0.618180
vt 0.144677 0.616124
vt 0.143915 0.616433
vt 0.166259 0.158364
vt 0.166429 0.158322
vt 0.166750 0.159797
vt 0.165659 0.160046
vt 0.111452 0.128719
vt 0.377782 0.890333
vt 0.018757 0.129818
vt 0.019039 0.129821
vt 0.018863 0.129994
vt 0.018721 0.129979
vt 0.017838 0.129847
vt 0.047071 0.178790
vt 0.046807 0.178328
vt 0.278249 0.201295
vt 0.277936 0.200129
vt 0.433440 0.220620
vt 0.352296 0.235498
vt 0.352309 0.233699
vt 0.433791 0.221563
vt 0.828096 0.413812
vt 0.836565 0.512733
vt 0.827427 0.414241
vt 0.836565 0.412934
vt 0.348798 0.207325
vt 0.434024 0.209850
vt 0.506430 0.568195
vt 0.510136 0.560302
vt 0.507034 0.568756
vt 0.505871 0.568188
vt 0.343527 0.220529
vt 0.343998 0.221145
vt 0.426460 0.383612
vt 0.427300 0.360304
vt 0.427909 0.360537
vt 0.426083 0.383762
vt 0.427642 0.383544
vt 0.625768 0.579321
vt 0.625800 0.579151
vt 0.631906 0.579400
vt 0.671632 0.944062
vt 0.122503 0.122682
vt 0.123642 0.121668
vt 0.123412 0.123109
vt 0.089824 0.114949
vt 0.471827 0.324865
vt 0.475253 0.369566
vt 0.471827 0.370307
vt 0.136429 0.152920
vt 0.779873 0.614341
vt 0.775998 0.614469
vt 0.776393 0.612896
vt 0.788960 0.620136
vt 0.789111 0.621384
vt 0.779406 0.612113
vt 0.781657 0.612855
vt 0.414483 0.130802
vt 0.414639 0.154235
vt 0.413505 0.153541
vt 0.414604 0.129023
vt 0.414955 0.130329
vt 0.414001 0.130658
vt 0.414130 0.128870
vt 0.051516 0.932475
vt 0.051124 0.933817
vt 0.049705 0.932965
vt 0.800138 0.737108
vt 0.799778 0.739053
vt 0.798664 0.737151
vt 0.064443 0.918584
vt 0.052764 0.933314
vt 0.785510 0.722567
vt 0.785945 0.721668
vt 0.799381 0.918190
vt 0.778104 0.918142
vt 0.799372 0.916901
vt 0.799078 0.920233
vt 0.777458 0.919327
vt 0.180720 0.294552
vt 0.182628 0.293842
vt 0.182452 0.295346
vt 0.179308 0.293231
vt 0.181225 0.293587
vt 0.632586 0.923876
vt 0.647453 0.939177
vt 0.632095 0.924394
vt 0.632698 0.921858
vt 0.633362 0.922672
vt 0.631884 0.922484
vt 0.351537 0.889194
vt 0.337392 0.904293
vt 0.336848 0.903565
vt 0.649311 0.936574
vt 0.173836 0.031122
vt 0.174544 0.031243
vt 0.173486 0.032753
vt 0.173286 0.032184
vt 0.148001 0.061720
vt 0.152129 0.062321
vt 0.148120 0.062012
vt 0.105054 0.905361
vt 0.096513 0.912040
vt 0.106210 0.904487
vt 0.097840 0.912494
vt 0.728238 0.206071
vt 0.694854 0.261418
vt 0.051624 0.001628
vt 0.052481 0.001315
vt 0.052625 0.001905
vt 0.359473 0.801456
vt 0.360254 0.801413
vt 0.361312 0.854556
vt 0.051619 0.000967
vt 0.140145 0.713589
vt 0.140927 0.660759
vt 0.140927 0.713629
vt 0.051822 0.002138
vt 0.061113 0.263924
vt 0.061919 0.263739
vt 0.061113 0.292356
vt 0.025375 0.352027
vt 0.025769 0.351476
vt 0.025126 0.352092
vt 0.196776 0.178923
vt 0.195999 0.179107
vt 0.195999 0.167068
vt 0.200896 0.179477
vt 0.200439 0.179906
vt 0.200387 0.167534
vt 0.124060 0.113199
vt 0.123425 0.112405
vt 0.134813 0.098934
vt 0.134534 0.079292
vt 0.135603 0.079292
vt 0.133549 0.098949
vt 0.136429 0.098768
vt 0.054174 0.103859
vt 0.046430 0.098284
vt 0.054745 0.103138
vt 0.411429 0.129422
vt 0.409579 0.153892
vt 0.410179 0.130373
vt 0.341294 0.292183
vt 0.340999 0.292371
vt 0.341281 0.291824
vt 0.341461 0.292991
vt 0.412138 0.129707
vt 0.410686 0.129011
vt 0.209794 0.222405
vt 0.209026 0.215432
vt 0.209618 0.223488
vt 0.209253 0.222179
vt 0.294224 0.372781
vt 0.270013 0.360049
vt 0.271215 0.358237
vt 0.294566 0.371949
vt 0.295129 0.372857
vt 0.295218 0.374414
vt 0.568604 0.002602
vt 0.892060 0.188902
vt 0.892060 0.109866
vt 0.901031 0.187670
vt 0.575701 0.013327
vt 0.905908 0.758606
vt 0.281407 0.201655
vt 0.281550 0.232176
vt 0.047287 0.176376
vt 0.046626 0.176763
vt 0.046380 0.176165
vt 0.282343 0.201570
vt 0.282674 0.232269
vt 0.866549 0.191900
vt 0.865909 0.191767
vt 0.866549 0.107378
vt 0.075137 0.492507
vt 0.461844 0.936269
vt 0.460688 0.935459
vt 0.460183 0.936152
vt 0.340498 0.222519
vt 0.163078 0.158911
vt 0.164079 0.157547
vt 0.162599 0.167519
vt 0.163358 0.159230
vt 0.164156 0.157726
vt 0.134930 0.134320
vt 0.134347 0.134930
vt 0.010997 0.083257
vt 0.011691 0.083268
vt 0.011284 0.087586
vt 0.011994 0.051323
vt 0.591544 0.886998
vt 0.610413 0.895354
vt 0.610964 0.900316
vt 0.317641 0.926476
vt 0.300931 0.926327
vt 0.318106 0.914145
vt 0.319656 0.914568
vt 0.318642 0.932993
vt 0.319970 0.925121
vt 0.304606 0.946442
vt 0.611259 0.902485
vt 0.051705 0.486684
vt 0.035294 0.487794
vt 0.036338 0.486627
vt 0.052362 0.487677
vt 0.548124 0.569323
vt 0.548060 0.584696
vt 0.421281 0.386180
vt 0.419019 0.356239
vt 0.420014 0.385971
vt 0.125272 0.092333
vt 0.126052 0.093490
vt 0.123902 0.094667
vt 0.579394 0.366082
vt 0.580038 0.367961
vt 0.577604 0.365769
vt 0.272324 0.140542
vt 0.274357 0.168805
vt 0.483250 0.605833
vt 0.210509 0.064079
vt 0.211111 0.065082
vt 0.209654 0.065067
vt 0.211412 0.063689
vt 0.211563 0.064057
vt 0.210149 0.063874
vt 0.020853 0.125629
vt 0.021590 0.125464
vt 0.021712 0.125816
vt 0.021724 0.125969
vt 0.021491 0.126437
vt 0.020520 0.126465
vt 0.019987 0.126156
vt 0.019920 0.125811
vt 0.021281 0.124910
vt 0.275505 0.912483
vt 0.277800 0.473754
vt 0.263993 0.392221
vt 0.278776 0.473659
vt 0.095200 0.000657
vt 0.068845 0.076515
vt 0.068264 0.076352
vt 0.050856 0.069305
vt 0.731167 0.292348
vt 0.731167 0.185693
vt 0.781820 0.271423
vt 0.208447 0.469113
vt 0.843297 0.073588
vt 0.844061 0.073459
vt 0.844061 0.172410
vt 0.276586 0.642868
vt 0.244661 0.673581
vt 0.260060 0.641705
vt 0.263874 0.676088
vt 0.106819 0.159297
vt 0.106564 0.160347
vt 0.111107 0.147119
vt 0.265717 0.675973
vt 0.278781 0.643143
vt 0.836565 0.100448
vt 0.825286 0.099398
vt 0.836565 0.000713
vt 0.516001 0.250426
vt 0.494319 0.277473
vt 0.490625 0.270057
vt 0.115454 0.099929
vt 0.509709 0.240623
vt 0.516875 0.250849
vt 0.494397 0.278493
vt 0.025402 0.346374
vt 0.026727 0.347356
vt 0.027322 0.348642
vt 0.026930 0.348924
vt 0.037707 0.203894
vt 0.038980 0.191929
vt 0.038980 0.203417
vt 0.038196 0.191945
vt 0.200593 0.166374
vt 0.196658 0.166271
vt 0.034487 0.203468
vt 0.044977 0.250370
vt 0.044768 0.250367
vt 0.044977 0.214058
vt 0.125764 0.108981
vt 0.125935 0.109982
vt 0.125279 0.109740
vt 0.119212 0.162948
vt 0.119938 0.126145
vt 0.119938 0.163415
vt 0.125348 0.109331
vt 0.125727 0.108815
vt 0.020257 0.948691
vt 0.041806 0.949985
vt 0.041506 0.951226
vt 0.906480 0.404690
vt 0.908566 0.405170
vt 0.909059 0.406763
vt 0.908944 0.407308
vt 0.331885 0.317362
vt 0.332329 0.317634
vt 0.332457 0.318405
vt 0.331776 0.316464
vt 0.332309 0.316634
vt 0.538076 0.530256
vt 0.583016 0.557038
vt 0.536534 0.530212
vt 0.264787 0.830887
vt 0.317374 0.857183
vt 0.317439 0.857852
vt 0.258421 0.949961
vt 0.259481 0.949156
vt 0.258179 0.950239
vt 0.257762 0.949214
vt 0.258555 0.197897
vt 0.258555 0.162054
vt 0.259365 0.197877
vt 0.337352 0.168669
vt 0.337734 0.169006
vt 0.242874 0.052473
vt 0.242458 0.051995
vt 0.242874 0.016161
vt 0.336283 0.169077
vt 0.240900 0.119938
vt 0.240900 0.083622
vt 0.241374 0.084096
vt 0.011027 0.976590
vt 0.010211 0.974344
vt 0.011335 0.976071
vt 0.001379 0.983990
vt 0.012435 0.977494
vt 0.011261 0.978148
vt 0.001944 0.984460
vt 0.327809 0.274276
vt 0.327244 0.274226
vt 0.327590 0.273676
vt 0.328427 0.273571
vt 0.328152 0.274409
vt 0.797585 0.154420
vt 0.767071 0.091888
vt 0.797585 0.051771
vt 0.522985 0.809109
vt 0.535222 0.899532
vt 0.533572 0.898567
vt 0.240252 0.000900
vt 0.241374 0.000355
vt 0.241374 0.070463
vt 0.469366 0.899532
vt 0.044354 0.354474
vt 0.025935 0.435816
vt 0.000548 0.430023
vt 0.836565 0.204668
vt 0.836565 0.304342
vt 0.808798 0.211204
vt 0.947507 0.835066
vt 0.922519 0.780917
vt 0.947507 0.769069
vt 0.197897 0.073462
vt 0.168569 0.072444
vt 0.197897 0.009776
vt 0.972994 0.391756
vt 0.940438 0.454264
vt 0.941697 0.390731
vt 0.536647 0.327151
vt 0.560845 0.304560
vt 0.570068 0.343577
vt 0.690747 0.347353
vt 0.525049 0.359306
vt 0.079459 0.241020
vt 0.078833 0.241374
vt 0.062758 0.228419
vt 0.149803 0.811359
vt 0.148074 0.812180
vt 0.147543 0.811129
vt 0.165311 0.466601
vt 0.167913 0.465868
vt 0.167913 0.511234
vt 0.315049 0.158918
vt 0.316097 0.158950
vt 0.319334 0.179906
vt 0.564306 0.302561
vt 0.563231 0.304302
vt 0.188587 0.288495
vt 0.188258 0.288631
vt 0.187723 0.287241
vt 0.188341 0.286814
vt 0.721173 0.358972
vt 0.721903 0.359856
vt 0.695964 0.350045
vt 0.695572 0.351501
vt 0.693995 0.269182
vt 0.694355 0.268206
vt 0.726277 0.322332
vt 0.890537 0.736737
vt 0.163415 0.047246
vt 0.162213 0.045618
vt 0.111289 0.158243
vt 0.112310 0.156741
vt 0.111858 0.158254
vt 0.163057 0.055399
vt 0.162756 0.055402
vt 0.111459 0.156455
vt 0.110009 0.166265
vt 0.148424 0.237095
vt 0.146503 0.213671
vt 0.151458 0.213567
vt 0.185807 0.246281
vt 0.146876 0.237969
vt 0.247038 0.259309
vt 0.247985 0.259135
vt 0.178160 0.349318
vt 0.247241 0.257988
vt 0.248061 0.258074
vt 0.695638 0.113941
vt 0.688171 0.058174
vt 0.340607 0.256946
vt 0.929517 0.048542
vt 0.900458 0.090964
vt 0.900048 0.087872
vt 0.286720 0.494584
vt 0.287703 0.495122
vt 0.312401 0.482447
vt 0.314836 0.485794
vt 0.561605 0.842973
vt 0.560435 0.843212
vt 0.560961 0.842503
vt 0.316809 0.859053
vt 0.262342 0.831853
vt 0.496723 0.506965
vt 0.496068 0.506947
vt 0.464590 0.484190
vt 0.497741 0.508018
vt 0.561283 0.843858
vt 0.114681 0.831239
vt 0.087079 0.838694
vt 0.092786 0.783898
vt 0.088470 0.840116
vt 0.130455 0.815967
vt 0.114189 0.832878
vt 0.176423 0.529022
vt 0.200016 0.527492
vt 0.457054 0.244504
vt 0.457222 0.246519
vt 0.910027 0.337357
vt 0.445548 0.222785
vt 0.283960 0.299396
vt 0.282826 0.270294
vt 0.284852 0.299408
vt 0.034648 0.057756
vt 0.160436 0.055386
vt 0.160623 0.047387
vt 0.159923 0.056309
vt 0.159692 0.055446
vt 0.160468 0.056329
vt 0.209575 0.061968
vt 0.209941 0.062234
vt 0.209282 0.061596
vt 0.022401 0.130078
vt 0.022432 0.129212
vt 0.023029 0.129618
vt 0.021475 0.130393
vt 0.022082 0.130803
vt 0.252243 0.906592
vt 0.170899 0.713839
vt 0.168960 0.711910
vt 0.176963 0.711357
vt 0.169039 0.714379
vt 0.686751 0.609722
vt 0.688574 0.607599
vt 0.684775 0.641617
vt 0.680898 0.642721
vt 0.685834 0.590273
vt 0.679686 0.597233
vt 0.153079 0.063891
vt 0.152762 0.063177
vt 0.152473 0.073032
vt 0.152137 0.063426
vt 0.151248 0.170773
vt 0.150950 0.172212
vt 0.135013 0.172373
vt 0.152591 0.137450
vt 0.152082 0.170827
vt 0.134570 0.171290
vt 0.721516 0.382428
vt 0.720078 0.382139
vt 0.721435 0.383211
vt 0.722722 0.359846
vt 0.825752 0.942450
vt 0.805362 0.961000
vt 0.825335 0.941824
vt 0.721995 0.382804
vt 0.341681 0.252670
vt 0.341345 0.252268
vt 0.337617 0.223088
vt 0.337508 0.222634
vt 0.341271 0.251769
vt 0.064494 0.291948
vt 0.064276 0.294598
vt 0.063345 0.295166
vt 0.848428 0.097449
vt 0.848428 0.001487
vt 0.877044 0.002702
vt 0.868694 0.557324
vt 0.883041 0.554652
vt 0.883041 0.640167
vt 0.584696 0.848559
vt 0.564258 0.848559
vt 0.583949 0.749390
vt 0.160182 0.458380
vt 0.204698 0.383963
vt 0.185400 0.464375
vt 0.174716 0.025128
vt 0.175759 0.025350
vt 0.174993 0.025972
vt 0.174292 0.025686
vt 0.175042 0.024421
vt 0.174210 0.024695
vt 0.292348 0.035981
vt 0.291515 0.002087
vt 0.292348 0.001125
vt 0.253258 0.035480
vt 0.255297 0.035309
vt 0.263863 0.035738
vt 0.239875 0.132553
vt 0.239277 0.167913
vt 0.239277 0.131601
vt 0.252624 0.035575
vt 0.243008 0.001207
vt 0.397271 0.872494
vt 0.397864 0.882559
vt 0.397051 0.871391
vt 0.398039 0.872694
vt 0.024920 0.131441
vt 0.798548 0.788454
vt 0.797779 0.787910
vt 0.798997 0.790745
vt 0.797487 0.789851
vt 0.065806 0.972994
vt 0.065718 0.971266
vt 0.067255 0.970313
vt 0.800730 0.788022
vt 0.067945 0.972315
vt 0.694339 0.350745
vt 0.000234 0.657603
vt 0.052473 0.742749
vt 0.051874 0.743210
vt 0.000234 0.764602
vt 0.122523 0.111810
vt 0.123075 0.111681
vt 0.123081 0.112651
vt 0.336840 0.258515
vt 0.166381 0.134477
vt 0.166109 0.134733
vt 0.165990 0.134185
vt 0.322926 0.868962
vt 0.322878 0.870408
vt 0.321417 0.869707
vt 0.325134 0.869421
vt 0.322197 0.868300
vt 0.124147 0.913215
vt 0.122558 0.911771
vt 0.123822 0.910156
vt 0.124921 0.912027
vt 0.125219 0.915366
vt 0.152920 0.095405
vt 0.152638 0.096633
vt 0.152372 0.096597
vt 0.325930 0.158313
vt 0.326293 0.184966
vt 0.324782 0.158018
vt 0.040479 0.155919
vt 0.326840 0.158301
vt 0.152671 0.095225
vt 0.450352 0.938721
vt 0.426832 0.941650
vt 0.287657 0.294233
vt 0.287236 0.298333
vt 0.286758 0.294214
vt 0.764560 0.931053
vt 0.764446 0.930795
vt 0.773266 0.931164
vt 0.287850 0.298345
vt 0.287597 0.298331
vt 0.756065 0.959501
vt 0.287850 0.269685
vt 0.040721 0.018543
vt 0.041274 0.019130
vt 0.182905 0.271811
vt 0.180967 0.271499
vt 0.182562 0.270724
vt 0.421281 0.000728
vt 0.139766 0.547632
vt 0.140437 0.547349
vt 0.138464 0.566214
vt 0.368542 0.927334
vt 0.187376 0.290678
vt 0.687088 0.641667
vt 0.685596 0.641529
vt 0.194859 0.205103
vt 0.193957 0.205059
vt 0.197077 0.213169
vt 0.896534 0.966997
vt 0.865869 0.965864
vt 0.894751 0.904112
vt 0.032492 0.839989
vt 0.053972 0.910840
vt 0.032492 0.917523
vt 0.226723 0.365844
vt 0.250843 0.391297
vt 0.212689 0.349971
vt 0.252609 0.340494
vt 0.744301 0.943010
vt 0.744301 0.877127
vt 0.761604 0.936115
vt 0.619051 0.924248
vt 0.631461 0.922952
vt 0.620427 0.934648
vt 0.617072 0.924363
vt 0.619777 0.925643
vt 0.173390 0.029740
vt 0.171912 0.030201
vt 0.172302 0.030695
vt 0.173504 0.030606
vt 0.194553 0.289315
vt 0.195173 0.286854
vt 0.041614 0.594838
vt 0.042446 0.597053
vt 0.040011 0.595434
vt 0.039822 0.593026
vt 0.170409 0.170573
vt 0.219901 0.120937
vt 0.220385 0.120923
vt 0.219884 0.125285
vt 0.186412 0.260607
vt 0.186388 0.287996
vt 0.186184 0.288131
vt 0.185877 0.260379
vt 0.219325 0.120951
vt 0.187002 0.260515
vt 0.186745 0.287773
vt 0.038873 0.022561
vt 0.037712 0.022444
vt 0.037915 0.022143
vt 0.039523 0.022893
vt 0.039174 0.021845
vt 0.038110 0.021574
vt 0.011146 0.973869
vt 0.541528 0.561748
vt 0.541494 0.562326
vt 0.279855 0.532665
vt 0.423726 0.054613
vt 0.338088 0.322215
vt 0.337555 0.322253
vt 0.337443 0.294579
vt 0.197327 0.214704
vt 0.193604 0.216070
vt 0.197431 0.215538
vt 0.198043 0.213811
vt 0.244968 0.674372
vt 0.243095 0.674093
vt 0.225084 0.654973
vt 0.106167 0.121579
vt 0.112578 0.146729
vt 0.194211 0.134448
vt 0.194642 0.132846
vt 0.194899 0.133651
vt 0.194022 0.134552
vt 0.193825 0.133590
vt 0.146521 0.078912
vt 0.146582 0.079763
vt 0.146321 0.078833
vt 0.111205 0.123924
vt 0.111909 0.124324
vt 0.381252 0.892556
vt 0.018668 0.130539
vt 0.327258 0.186957
vt 0.688415 0.588277
vt 0.688578 0.590026
vt 0.687280 0.588854
vt 0.728621 0.575043
vt 0.723518 0.590981
vt 0.684498 0.568352
vt 0.691362 0.589729
vt 0.343516 0.255963
vt 0.343165 0.254982
vt 0.343326 0.256637
vt 0.343306 0.256175
vt 0.343046 0.255247
vt 0.117440 0.166372
vt 0.115933 0.158106
vt 0.116483 0.157911
vt 0.026745 0.341592
vt 0.117099 0.166314
vt 0.117894 0.166342
vt 0.405699 0.713249
vt 0.174177 0.368059
vt 0.134007 0.326445
vt 0.174349 0.348396
vt 0.303592 0.054292
vt 0.401903 0.643054
vt 0.278686 0.108916
vt 0.246389 0.078839
vt 0.380657 0.749601
vt 0.663403 0.933032
vt 0.664331 0.932413
vt 0.661115 0.933024
vt 0.667019 0.934904
vt 0.339033 0.254541
vt 0.339441 0.254138
vt 0.339980 0.254550
vt 0.339015 0.254045
vt 0.339027 0.254785
vt 0.338871 0.254513
vt 0.690578 0.403028
vt 0.722181 0.400135
vt 0.689268 0.403003
vt 0.328933 0.273318
vt 0.328762 0.271907
vt 0.041324 0.022450
vt 0.041234 0.022505
vt 0.040500 0.021922
vt 0.041638 0.021418
vt 0.172072 0.133650
vt 0.171602 0.134415
vt 0.171134 0.123965
vt 0.271355 0.323004
vt 0.285679 0.343512
vt 0.283585 0.345390
vt 0.687192 0.642308
vt 0.470412 0.757374
vt 0.569704 0.756903
vt 0.569439 0.757613
vt 0.410785 0.083936
vt 0.402418 0.055283
vt 0.412392 0.083956
vt 0.470543 0.755706
vt 0.441388 0.001412
vt 0.563324 0.842562
vt 0.028997 0.347134
vt 0.028323 0.347420
vt 0.027384 0.346301
vt 0.027678 0.345877
vt 0.029236 0.346259
vt 0.069621 0.264922
vt 0.068911 0.264919
vt 0.070865 0.264931
vt 0.591580 0.131931
vt 0.586468 0.749976
vt 0.604186 0.844579
vt 0.586468 0.848559
vt 0.860871 0.800584
vt 0.860871 0.714210
vt 0.875545 0.798223
vt 0.395549 0.000344
vt 0.395103 0.000295
vt 0.182905 0.293460
vt 0.181456 0.292555
vt 0.400780 0.026242
vt 0.396550 0.000066
vt 0.096929 0.128346
vt 0.097537 0.127871
vt 0.098622 0.128933
vt 0.144576 0.077289
vt 0.145014 0.077850
vt 0.146924 0.077337
vt 0.212450 0.259083
vt 0.216268 0.276189
vt 0.010654 0.455936
vt 0.004119 0.433124
vt 0.011523 0.455542
vt 0.011343 0.455998
vt 0.004119 0.478251
vt 0.017899 0.455729
vt 0.017874 0.455694
vt 0.208675 0.061195
vt 0.209738 0.060484
vt 0.208643 0.061666
vt 0.209142 0.060307
vt 0.527300 0.381931
vt 0.518720 0.393049
vt 0.526395 0.381235
vt 0.527912 0.382497
vt 0.056255 0.835284
vt 0.055550 0.835615
vt 0.054422 0.834220
vt 0.055800 0.833759
vt 0.944443 0.074713
vt 0.944807 0.073668
vt 0.944813 0.138662
vt 0.031146 0.006915
vt 0.033514 0.007496
vt 0.146295 0.616762
vt 0.146335 0.618711
vt 0.026956 0.223331
vt 0.027340 0.198931
vt 0.244069 0.121437
vt 0.244069 0.085118
vt 0.244373 0.085593
vt 0.468100 0.242878
vt 0.467792 0.241771
vt 0.459230 0.246346
vt 0.469288 0.243294
vt 0.327200 0.273364
vt 0.423978 0.858692
vt 0.426370 0.900849
vt 0.422416 0.858396
vt 0.424996 0.857486
vt 0.425392 0.858863
vt 0.427786 0.900272
vt 0.423265 0.857532
vt 0.598408 0.454566
vt 0.600120 0.454314
vt 0.177461 0.030558
vt 0.176405 0.030048
vt 0.035650 0.150417
vt 0.035963 0.150536
vt 0.034542 0.151993
vt 0.242874 0.314836
vt 0.233422 0.284329
vt 0.242360 0.285224
vt 0.944479 0.281214
vt 0.650662 0.889407
vt 0.956503 0.254439
vt 0.171379 0.035310
vt 0.172030 0.034774
vt 0.171549 0.035727
vt 0.170674 0.035863
vt 0.326944 0.186763
vt 0.327316 0.186096
vt 0.326525 0.186520
vt 0.326855 0.185316
vt 0.326567 0.187355
vt 0.907929 0.437896
vt 0.907996 0.439154
vt 0.906360 0.439777
vt 0.133112 0.102651
vt 0.136419 0.102211
vt 0.133293 0.102881
vt 0.690021 0.268873
vt 0.691873 0.268625
vt 0.641096 0.266954
vt 0.639833 0.267546
vt 0.135942 0.101701
vt 0.056333 0.104336
vt 0.023076 0.326973
vt 0.116749 0.155698
vt 0.117122 0.156825
vt 0.116292 0.156683
vt 0.114648 0.155729
vt 0.211003 0.066362
vt 0.211633 0.066516
vt 0.210831 0.066975
vt 0.212006 0.065654
vt 0.210224 0.066114
vt 0.211181 0.065749
vt 0.210071 0.066556
vt 0.020517 0.128196
vt 0.019352 0.127203
vt 0.020130 0.126941
vt 0.129665 0.329224
vt 0.129827 0.330610
vt 0.128958 0.329387
vt 0.254389 0.001558
vt 0.254528 0.001656
vt 0.130456 0.329859
vt 0.128807 0.328531
vt 0.277265 0.912074
vt 0.203533 0.557960
vt 0.201215 0.529527
vt 0.025566 0.345941
vt 0.024690 0.346148
vt 0.024750 0.346000
vt 0.024698 0.347132
vt 0.630432 0.260963
vt 0.613875 0.267883
vt 0.123902 0.105180
vt 0.017805 0.950192
vt 0.018366 0.948890
vt 0.824028 0.941173
vt 0.825394 0.940640
vt 0.803606 0.959257
vt 0.822533 0.919228
vt 0.804665 0.960017
vt 0.534395 0.917523
vt 0.572852 0.877041
vt 0.091293 0.936799
vt 0.119648 0.914843
vt 0.161510 0.045653
vt 0.430050 0.111254
vt 0.405600 0.127160
vt 0.430447 0.109237
vt 0.431248 0.110501
vt 0.428956 0.115143
vt 0.431634 0.111947
vt 0.430774 0.114622
vt 0.290770 0.133804
vt 0.293132 0.133490
vt 0.295341 0.134298
vt 0.043666 0.178052
vt 0.043015 0.178370
vt 0.044211 0.178094
vt 0.152192 0.062767
vt 0.888479 0.457064
vt 0.862247 0.461647
vt 0.888070 0.455391
vt 0.889271 0.456522
vt 0.888824 0.458264
vt 0.312313 0.889346
vt 0.321876 0.871126
vt 0.322532 0.871169
vt 0.863887 0.467757
vt 0.343199 0.219208
vt 0.344944 0.219594
vt 0.343959 0.219682
vt 0.343986 0.218664
vt 0.343148 0.219677
vt 0.163633 0.172063
vt 0.164018 0.170586
vt 0.164519 0.172410
vt 0.328461 0.243113
vt 0.217574 0.218846
vt 0.148596 0.097658
vt 0.148851 0.096931
vt 0.149096 0.098115
vt 0.218579 0.218925
vt 0.148141 0.097462
vt 0.148562 0.096840
vt 0.885887 0.041453
vt 0.884937 0.041465
vt 0.937930 0.910543
vt 0.881251 0.040511
vt 0.869194 0.038445
vt 0.482645 0.254657
vt 0.458162 0.247178
vt 0.313317 0.243983
vt 0.313549 0.243926
vt 0.313496 0.244571
vt 0.564791 0.304080
vt 0.164531 0.123750
vt 0.758372 0.872775
vt 0.716207 0.872773
vt 0.749229 0.834074
vt 0.758826 0.874045
vt 0.716187 0.874045
vt 0.323814 0.186617
vt 0.277499 0.201114
vt 0.277685 0.200201
vt 0.324078 0.185651
vt 0.277208 0.202121
vt 0.635580 0.266730
vt 0.637264 0.267409
vt 0.635465 0.267025
vt 0.633590 0.266194
vt 0.635967 0.266285
vt 0.633254 0.266807
vt 0.637682 0.267005
vt 0.343158 0.259848
vt 0.343787 0.261372
vt 0.343871 0.261934
vt 0.624581 0.579149
vt 0.632845 0.578591
vt 0.633126 0.578991
vt 0.428006 0.383181
vt 0.624449 0.578762
vt 0.429635 0.383100
vt 0.271056 0.258010
vt 0.248034 0.255939
vt 0.248636 0.252434
vt 0.336708 0.254929
vt 0.936203 0.208078
vt 0.936892 0.144174
vt 0.936853 0.209195
vt 0.949130 0.208284
vt 0.948422 0.209753
vt 0.950506 0.144884
vt 0.936203 0.144663
vt 0.122735 0.100448
vt 0.123635 0.099276
vt 0.125149 0.099416
vt 0.274443 0.291761
vt 0.018809 0.906061
vt 0.019697 0.905525
vt 0.959501 0.084479
vt 0.957165 0.140927
vt 0.957165 0.084024
vt 0.114255 0.148280
vt 0.113465 0.147525
vt 0.036845 0.638668
vt 0.877044 0.670152
vt 0.875119 0.670092
vt 0.877044 0.614463
vt 0.114528 0.147348
vt 0.115404 0.147824
vt 0.103768 0.106981
vt 0.102614 0.107747
vt 0.103835 0.106748
vt 0.103015 0.106198
vt 0.173540 0.033361
vt 0.173045 0.033208
vt 0.173261 0.034788
vt 0.174164 0.033160
vt 0.898667 0.089051
vt 0.897499 0.089760
vt 0.897018 0.087999
vt 0.897936 0.087745
vt 0.394791 0.349678
vt 0.395758 0.350995
vt 0.394622 0.350635
vt 0.395725 0.349726
vt 0.121454 0.577611
vt 0.106843 0.571514
vt 0.122034 0.614742
vt 0.122160 0.577785
vt 0.267026 0.676572
vt 0.106167 0.161153
vt 0.106540 0.161916
vt 0.231613 0.107863
vt 0.286351 0.202395
vt 0.185874 0.109254
vt 0.821573 0.100448
vt 0.802097 0.004136
vt 0.821573 0.000138
vt 0.312974 0.248372
vt 0.313566 0.246400
vt 0.314341 0.247322
vt 0.314164 0.270632
vt 0.311394 0.270832
vt 0.311831 0.248281
vt 0.312737 0.246989
vt 0.871047 0.691141
vt 0.854670 0.606162
vt 0.871047 0.602813
vt 0.853202 0.606538
vt 0.849999 0.532863
vt 0.851557 0.532745
vt 0.851557 0.629673
vt 0.040838 0.022770
vt 0.040608 0.022938
vt 0.039742 0.022271
vt 0.336607 0.254145
vt 0.336535 0.253576
vt 0.337262 0.253304
vt 0.335825 0.254703
vt 0.336165 0.255587
vt 0.453882 0.858610
vt 0.451883 0.859503
vt 0.451655 0.858374
vt 0.284824 0.738096
vt 0.284416 0.739907
vt 0.311838 0.739733
vt 0.409533 0.128678
vt 0.409724 0.129784
vt 0.146957 0.073054
vt 0.146689 0.073419
vt 0.146024 0.072722
vt 0.147229 0.073024
vt 0.147271 0.073582
vt 0.297032 0.367662
vt 0.297751 0.368474
vt 0.296171 0.368266
vt 0.298725 0.366536
vt 0.335437 0.903588
vt 0.335706 0.902662
vt 0.323143 0.903958
vt 0.322217 0.903078
vt 0.336246 0.904116
vt 0.334759 0.904403
vt 0.171571 0.029127
vt 0.561490 0.930901
vt 0.567216 0.943031
vt 0.554411 0.940404
vt 0.569746 0.943453
vt 0.548895 0.905545
vt 0.576797 0.941462
vt 0.771578 0.625804
vt 0.779291 0.744260
vt 0.772085 0.734254
vt 0.781711 0.743184
vt 0.774605 0.774451
vt 0.125104 0.908782
vt 0.124805 0.910214
vt 0.142445 0.884981
vt 0.126042 0.908884
vt 0.123514 0.909183
vt 0.114142 0.871508
vt 0.227682 0.854792
vt 0.256951 0.832946
vt 0.187860 0.124736
vt 0.189001 0.131549
vt 0.186611 0.125207
vt 0.039893 0.151923
vt 0.039051 0.152731
vt 0.038908 0.152423
vt 0.188707 0.125517
vt 0.186662 0.124123
vt 0.039813 0.151305
vt 0.415211 0.130170
vt 0.415677 0.154161
vt 0.773598 0.930748
vt 0.764316 0.929946
vt 0.070872 0.192872
vt 0.071533 0.188975
vt 0.071719 0.193399
vt 0.040938 0.018166
vt 0.041978 0.019245
vt 0.043477 0.225027
vt 0.043477 0.260864
vt 0.042502 0.225036
vt 0.242673 0.198053
vt 0.242874 0.197572
vt 0.242874 0.233878
vt 0.041969 0.017783
vt 0.036477 0.484760
vt 0.046315 0.459064
vt 0.054455 0.472657
vt 0.054143 0.471921
vt 0.136555 0.567781
vt 0.137197 0.568760
vt 0.123833 0.576592
vt 0.137709 0.567145
vt 0.123100 0.575437
vt 0.431886 0.360298
vt 0.245017 0.675631
vt 0.263787 0.676994
vt 0.265624 0.678005
vt 0.152042 0.074521
vt 0.151369 0.074494
vt 0.151372 0.074060
vt 0.151651 0.074944
vt 0.152121 0.074039
vt 0.152445 0.074093
vt 0.961000 0.188108
vt 0.949256 0.216910
vt 0.293847 0.137567
vt 0.293232 0.172410
vt 0.293232 0.137551
vt 0.301717 0.137012
vt 0.302216 0.137010
vt 0.302842 0.170911
vt 0.112840 0.137846
vt 0.333635 0.164712
vt 0.182666 0.124174
vt 0.182905 0.125609
vt 0.182184 0.125132
vt 0.333298 0.166243
vt 0.214389 0.354875
vt 0.214248 0.355693
vt 0.213726 0.354973
vt 0.338848 0.251180
vt 0.245148 0.139615
vt 0.260864 0.215798
vt 0.245148 0.219395
vt 0.662410 0.001477
vt 0.680646 0.002001
vt 0.662410 0.100448
vt 0.822030 0.389775
vt 0.842562 0.290367
vt 0.842562 0.389797
vt 0.977401 0.715658
vt 0.978285 0.715303
vt 0.964132 0.727247
vt 0.176596 0.026254
vt 0.012348 0.226348
vt 0.011760 0.225979
vt 0.012245 0.225169
vt 0.012712 0.225057
vt 0.278855 0.164914
vt 0.278377 0.129573
vt 0.278855 0.129563
vt 0.111942 0.123810
vt 0.008141 0.293847
vt 0.008141 0.258990
vt 0.008995 0.293825
vt 0.293847 0.044977
vt 0.293502 0.044035
vt 0.293847 0.010125
vt 0.618624 0.915129
vt 0.616198 0.914771
vt 0.617999 0.911896
vt 0.049880 0.056847
vt 0.049821 0.056673
vt 0.049898 0.057258
vt 0.048955 0.056520
vt 0.050554 0.056987
vt 0.778124 0.778505
vt 0.771453 0.792002
vt 0.779489 0.777496
vt 0.780060 0.778010
vt 0.795613 0.790635
vt 0.796574 0.789853
vt 0.282611 0.268750
vt 0.283461 0.269877
vt 0.325331 0.283205
vt 0.294482 0.818559
vt 0.029552 0.003457
vt 0.029984 0.004312
vt 0.029552 0.004498
vt 0.243198 0.320676
vt 0.210565 0.309459
vt 0.245501 0.320303
vt 0.030281 0.301343
vt 0.030281 0.257457
vt 0.032983 0.258528
vt 0.632375 0.947174
vt 0.324092 0.890553
vt 0.348484 0.886702
vt 0.339536 0.221381
vt 0.339008 0.221846
vt 0.340169 0.220487
vt 0.338875 0.221780
vt 0.339469 0.221069
vt 0.323301 0.272351
vt 0.885390 0.182142
vt 0.902124 0.258945
vt 0.885390 0.260864
vt 0.207147 0.468963
vt 0.229412 0.390873
vt 0.207504 0.468768
vt 0.373964 0.842562
vt 0.373964 0.742402
vt 0.391297 0.839969
vt 0.902531 0.258446
vt 0.002998 0.380668
vt 0.002708 0.380802
vt 0.002708 0.281165
vt 0.978486 0.715010
vt 0.985191 0.706717
vt 0.162288 0.911328
vt 0.127217 0.912965
vt 0.128405 0.912345
vt 0.465080 0.477683
vt 0.464761 0.478196
vt 0.497741 0.360168
vt 0.026986 0.050701
vt 0.026440 0.050973
vt 0.026440 0.001164
vt 0.188614 0.132307
vt 0.189914 0.133827
vt 0.189721 0.134348
vt 0.185863 0.124925
vt 0.188320 0.132822
vt 0.072205 0.188665
vt 0.073462 0.189296
vt 0.072022 0.192946
vt 0.070872 0.167188
vt 0.105499 0.112903
vt 0.105870 0.112560
vt 0.105385 0.112453
vt 0.104592 0.112384
vt 0.418959 0.028708
vt 0.400715 0.027514
vt 0.419545 0.029058
vt 0.418092 0.029549
vt 0.418039 0.027391
vt 0.329713 0.820944
vt 0.328026 0.821344
vt 0.324283 0.848079
vt 0.435612 0.007703
vt 0.435531 0.006556
vt 0.435610 0.005891
vt 0.435922 0.031344
vt 0.434723 0.030928
vt 0.434989 0.006900
vt 0.808132 0.648080
vt 0.516073 0.072135
vt 0.808827 0.649931
vt 0.692363 0.264507
vt 0.689819 0.264638
vt 0.692173 0.263446
vt 0.642169 0.263796
vt 0.150655 0.256236
vt 0.149714 0.255223
vt 0.151421 0.244960
vt 0.141722 0.257866
vt 0.142567 0.257060
vt 0.060096 0.233202
vt 0.068818 0.236149
vt 0.060096 0.245872
vt 0.730860 0.482894
vt 0.739903 0.482426
vt 0.752609 0.519423
vt 0.669220 0.522039
vt 0.670050 0.522005
vt 0.669480 0.526252
vt 0.668266 0.526023
vt 0.668723 0.521521
vt 0.669610 0.521468
vt 0.176643 0.023022
vt 0.177027 0.021869
vt 0.176455 0.022934
vt 0.255896 0.025251
vt 0.010902 0.229381
vt 0.011396 0.227743
vt 0.257186 0.025139
vt 0.010039 0.228897
vt 0.211390 0.181927
vt 0.210500 0.182905
vt 0.210500 0.146585
vt 0.336567 0.212889
vt 0.340323 0.185279
vt 0.615152 0.913619
vt 0.614195 0.915796
vt 0.594542 0.911385
vt 0.615160 0.915747
vt 0.327690 0.188989
vt 0.327952 0.189306
vt 0.687250 0.591273
vt 0.780152 0.945924
vt 0.779524 0.947412
vt 0.779439 0.946117
vt 0.780664 0.947337
vt 0.776389 0.919675
vt 0.459988 0.109407
vt 0.486332 0.116184
vt 0.433157 0.110133
vt 0.395687 0.892319
vt 0.397044 0.892869
vt 0.396221 0.893070
vt 0.381971 0.891565
vt 0.048803 0.054464
vt 0.049012 0.054884
vt 0.048509 0.055598
vt 0.049297 0.054566
vt 0.049103 0.053867
vt 0.048546 0.054482
vt 0.048705 0.053577
vt 0.635786 0.261782
vt 0.634715 0.261380
vt 0.636026 0.261327
vt 0.634536 0.262218
vt 0.634243 0.261926
vt 0.734618 0.324648
vt 0.726222 0.340180
vt 0.488056 0.224611
vt 0.518730 0.195624
vt 0.177344 0.384870
vt 0.178173 0.384645
vt 0.178099 0.410906
vt 0.148640 0.094833
vt 0.148408 0.095967
vt 0.149171 0.094664
vt 0.334439 0.160891
vt 0.335688 0.160877
vt 0.455278 0.370998
vt 0.455371 0.370843
vt 0.455448 0.371549
vt 0.452888 0.364609
vt 0.454991 0.371481
vt 0.076113 0.220406
vt 0.076456 0.220630
vt 0.446904 0.625087
vt 0.457262 0.642733
vt 0.689155 0.402389
vt 0.689562 0.401432
vt 0.690853 0.401887
vt 0.554400 0.844952
vt 0.944513 0.144277
vt 0.943820 0.144290
vt 0.749213 0.803748
vt 0.760020 0.779081
vt 0.751128 0.804446
vt 0.754905 0.780552
vt 0.678320 0.571947
vt 0.749248 0.805374
vt 0.748120 0.804604
vt 0.031669 0.010549
vt 0.178205 0.028129
vt 0.178020 0.028868
vt 0.031508 0.010072
vt 0.032607 0.011140
vt 0.031920 0.011625
vt 0.034595 0.141183
vt 0.035042 0.149109
vt 0.034453 0.148484
vt 0.194398 0.132686
vt 0.194899 0.124555
vt 0.035549 0.149183
vt 0.033236 0.140406
vt 0.675102 0.429291
vt 0.670187 0.491744
vt 0.673508 0.428081
vt 0.677648 0.386604
vt 0.192860 0.175409
vt 0.192860 0.138619
vt 0.193399 0.139580
vt 0.050021 0.144614
vt 0.050973 0.145098
vt 0.050021 0.181406
vt 0.213995 0.063653
vt 0.047617 0.038980
vt 0.047617 0.003147
vt 0.047975 0.038501
vt 0.340458 0.194290
vt 0.018649 0.124814
vt 0.255911 0.001745
vt 0.255347 0.000975
vt 0.255743 0.000873
vt 0.256535 0.001513
vt 0.256724 0.002400
vt 0.267124 0.677429
vt 0.265558 0.676558
vt 0.342483 0.256444
vt 0.341783 0.256970
vt 0.341764 0.256673
vt 0.342630 0.255711
vt 0.342084 0.256023
vt 0.342723 0.256947
vt 0.030394 0.345455
vt 0.071643 0.264864
vt 0.069204 0.295492
vt 0.068366 0.294954
vt 0.029875 0.345986
vt 0.071350 0.264635
vt 0.071963 0.264953
vt 0.030674 0.344919
vt 0.332944 0.317158
vt 0.332903 0.317536
vt 0.524191 0.513894
vt 0.523947 0.512802
vt 0.671401 0.587694
vt 0.669097 0.528820
vt 0.685890 0.530783
vt 0.583197 0.468071
vt 0.524171 0.514517
vt 0.317593 0.856656
vt 0.264518 0.829654
vt 0.317835 0.856320
vt 0.248378 0.934364
vt 0.257405 0.931323
vt 0.274357 0.221885
vt 0.273876 0.186515
vt 0.274357 0.186506
vt 0.261452 0.949873
vt 0.096208 0.166150
vt 0.095135 0.146704
vt 0.095254 0.146693
vt 0.346320 0.219486
vt 0.095493 0.146692
vt 0.344066 0.218420
vt 0.095646 0.168726
vt 0.097377 0.168454
vt 0.181494 0.684051
vt 0.185005 0.665066
vt 0.177219 0.709873
vt 0.170340 0.684994
vt 0.177434 0.672419
vt 0.178966 0.669504
vt 0.928460 0.609251
vt 0.929517 0.662655
vt 0.927977 0.609866
vt 0.053576 0.003073
vt 0.053972 0.003450
vt 0.053075 0.003000
vt 0.929517 0.609202
vt 0.053059 0.002262
vt 0.112785 0.156990
vt 0.164472 0.157893
vt 0.115976 0.157053
vt 0.115886 0.157160
vt 0.023764 0.328302
vt 0.023681 0.328552
vt 0.170297 0.157940
vt 0.169905 0.158232
vt 0.170539 0.157623
vt 0.023914 0.328238
vt 0.168645 0.158264
vt 0.168162 0.158150
vt 0.116249 0.156959
vt 0.170616 0.157430
vt 0.160748 0.045921
vt 0.114374 0.157232
vt 0.113902 0.157241
vt 0.167906 0.158150
vt 0.167486 0.158294
vt 0.164129 0.157167
vt 0.113833 0.157233
vt 0.115360 0.157359
vt 0.170975 0.157248
vt 0.169474 0.158174
vt 0.115571 0.157184
vt 0.075469 0.021485
vt 0.185877 0.288272
vt 0.076460 0.021565
vt 0.434367 0.031484
vt 0.294563 0.818141
vt 0.291877 0.818373
vt 0.292946 0.818487
vt 0.296647 0.817749
vt 0.505012 0.400004
vt 0.494071 0.400847
vt 0.493986 0.400250
vt 0.397906 0.622982
vt 0.444043 0.615493
vt 0.444573 0.617421
vt 0.395967 0.622166
vt 0.398400 0.623713
vt 0.398104 0.622048
vt 0.396738 0.623311
vt 0.424915 0.054628
vt 0.424917 0.055304
vt 0.424706 0.055201
vt 0.425560 0.053102
vt 0.424614 0.053843
vt 0.529145 0.533340
vt 0.530791 0.533386
vt 0.530344 0.533145
vt 0.170062 0.159417
vt 0.169438 0.159425
vt 0.209701 0.063366
vt 0.209308 0.064448
vt 0.209158 0.063966
vt 0.210283 0.063053
vt 0.210494 0.063174
vt 0.209471 0.062910
vt 0.046637 0.178921
vt 0.277884 0.199072
vt 0.278103 0.199565
vt 0.638777 0.264089
vt 0.639881 0.264556
vt 0.637683 0.264588
vt 0.041978 0.948229
vt 0.019170 0.947511
vt 0.343519 0.222836
vt 0.343497 0.223731
vt 0.341809 0.222816
vt 0.030709 0.342881
vt 0.029180 0.341523
vt 0.029581 0.340974
vt 0.043477 0.005141
vt 0.043022 0.040479
vt 0.043050 0.006086
vt 0.013493 0.362185
vt 0.013145 0.362177
vt 0.043022 0.000342
vt 0.336004 0.914167
vt 0.336547 0.914169
vt 0.242294 0.283411
vt 0.241255 0.283871
vt 0.233270 0.281781
vt 0.242874 0.281928
vt 0.136429 0.105779
vt 0.403360 0.054764
vt 0.413785 0.053973
vt 0.413785 0.083153
vt 0.802386 0.806581
vt 0.796919 0.791128
vt 0.799045 0.791945
vt 0.797789 0.598801
vt 0.785073 0.587646
vt 0.799290 0.598455
vt 0.803477 0.583052
vt 0.932801 0.330551
vt 0.934830 0.331293
vt 0.932043 0.331536
vt 0.466050 0.901438
vt 0.462697 0.901081
vt 0.464942 0.900726
vt 0.935430 0.330694
vt 0.461599 0.901350
vt 0.467910 0.901040
vt 0.466365 0.902772
vt 0.241084 0.676206
vt 0.245778 0.725267
vt 0.227398 0.677966
vt 0.241879 0.674468
vt 0.242150 0.676047
vt 0.480150 0.441694
vt 0.482749 0.439524
vt 0.482749 0.484248
vt 0.735807 0.175766
vt 0.693692 0.223384
vt 0.693692 0.115265
vt 0.204903 0.972994
vt 0.244011 0.935180
vt 0.244373 0.934971
vt 0.737616 0.172281
vt 0.205002 0.916300
vt 0.150574 0.187683
vt 0.151302 0.173722
vt 0.153861 0.187264
vt 0.134228 0.173967
vt 0.877055 0.042933
vt 0.880695 0.043572
vt 0.879318 0.044083
vt 0.083773 0.236877
vt 0.082862 0.235450
vt 0.093687 0.231827
vt 0.650834 0.937767
vt 0.658637 0.932145
vt 0.094218 0.232818
vt 0.040315 0.299844
vt 0.039592 0.298441
vt 0.040479 0.298313
vt 0.654687 0.940113
vt 0.881078 0.041488
vt 0.039106 0.298985
vt 0.312643 0.245400
vt 0.314366 0.245796
vt 0.557354 0.843400
vt 0.558086 0.842670
vt 0.940766 0.144250
vt 0.557283 0.844250
vt 0.940710 0.209528
vt 0.941217 0.144721
vt 0.556862 0.843224
vt 0.748105 0.805563
vt 0.746653 0.805386
vt 0.750219 0.830651
vt 0.751089 0.830675
vt 0.174658 0.026994
vt 0.945432 0.062975
vt 0.385300 0.161916
vt 0.384528 0.161883
vt 0.535030 0.530250
vt 0.668652 0.674649
vt 0.622943 0.288717
vt 0.623676 0.352098
vt 0.622943 0.352317
vt 0.052958 0.959645
vt 0.051070 0.959634
vt 0.052265 0.958756
vt 0.053799 0.958272
vt 0.067610 0.968623
vt 0.051918 0.960683
vt 0.186989 0.288768
vt 0.187476 0.288750
vt 0.318864 0.934459
vt 0.344255 0.220470
vt 0.121040 0.113941
vt 0.120492 0.112967
vt 0.341615 0.257271
vt 0.341704 0.258090
vt 0.450688 0.838543
vt 0.448564 0.857679
vt 0.426786 0.857095
vt 0.830568 0.497741
vt 0.204424 0.470911
vt 0.120374 0.913951
vt 0.121515 0.912766
vt 0.149637 0.096373
vt 0.149317 0.097113
vt 0.209956 0.066799
vt 0.210016 0.067127
vt 0.020373 0.126650
vt 0.021098 0.126899
vt 0.042435 0.181067
vt 0.042722 0.181406
vt 0.042408 0.180835
vt 0.255098 0.000926
vt 0.105320 0.362404
vt 0.106888 0.362117
vt 0.121124 0.443769
vt 0.073074 0.361868
vt 0.119705 0.443530
vt 0.733250 0.496334
vt 0.687286 0.523419
vt 0.670699 0.521275
vt 0.638140 0.268379
vt 0.638973 0.267911
vt 0.640687 0.260507
vt 0.638726 0.260996
vt 0.637128 0.267830
vt 0.689588 0.260606
vt 0.641491 0.261461
vt 0.056455 0.104511
vt 0.133623 0.103174
vt 0.133198 0.103375
vt 0.056717 0.104393
vt 0.153243 0.172594
vt 0.720216 0.383312
vt 0.693181 0.383244
vt 0.692904 0.381812
vt 0.758683 0.283421
vt 0.779595 0.283421
vt 0.761001 0.388298
vt 0.483046 0.253977
vt 0.825179 0.000870
vt 0.023926 0.352920
vt 0.023544 0.355047
vt 0.024134 0.353108
vt 0.830286 0.608377
vt 0.847060 0.510130
vt 0.847060 0.608684
vt 0.000983 0.575325
vt 0.016701 0.651959
vt 0.000983 0.653660
vt 0.017991 0.651392
vt 0.380642 0.149450
vt 0.979272 0.715083
vt 0.977819 0.715194
vt 0.175942 0.024891
vt 0.175855 0.024132
vt 0.097636 0.146457
vt 0.098594 0.169235
vt 0.096931 0.146729
vt 0.099536 0.168921
vt 0.099060 0.168959
vt 0.175276 0.023231
vt 0.098820 0.146264
vt 0.176264 0.023240
vt 0.144793 0.080194
vt 0.145389 0.078659
vt 0.145704 0.078728
vt 0.140510 0.086955
vt 0.144584 0.079372
vt 0.145999 0.078910
vt 0.145803 0.079829
vt 0.036064 0.013493
vt 0.036064 0.010030
vt 0.036744 0.010147
vt 0.064219 0.090984
vt 0.065966 0.093180
vt 0.065362 0.094432
vt 0.064219 0.094688
vt 0.037136 0.011092
vt 0.753542 0.489930
vt 0.755607 0.506736
vt 0.424245 0.092239
vt 0.425779 0.092488
vt 0.423212 0.092655
vt 0.406766 0.083778
vt 0.407333 0.083387
vt 0.753157 0.488807
vt 0.175118 0.033914
vt 0.197593 0.297468
vt 0.095665 0.913650
vt 0.095813 0.912831
vt 0.097261 0.913302
vt 0.197439 0.298025
vt 0.094256 0.913162
vt 0.775874 0.919727
vt 0.778600 0.946119
vt 0.774185 0.919972
vt 0.776140 0.918398
vt 0.775431 0.918067
vt 0.551713 0.928857
vt 0.550240 0.931578
vt 0.509735 0.910820
vt 0.919022 0.323832
vt 0.915781 0.322909
vt 0.919022 0.251677
vt 0.055471 0.847250
vt 0.055252 0.919022
vt 0.051883 0.847250
vt 0.542302 0.436273
vt 0.542302 0.363063
vt 0.544217 0.363476
vt 0.120358 0.112008
vt 0.243574 0.873779
vt 0.244773 0.871304
vt 0.170253 0.135058
vt 0.166537 0.135092
vt 0.165152 0.134955
vt 0.165467 0.134444
vt 0.797292 0.737631
vt 0.126053 0.909428
vt 0.126302 0.912074
vt 0.151879 0.098333
vt 0.152197 0.098271
vt 0.008995 0.370343
vt 0.008995 0.398778
vt 0.506083 0.399625
vt 0.391284 0.927813
vt 0.391413 0.929161
vt 0.376938 0.969324
vt 0.441559 0.030597
vt 0.441027 0.030578
vt 0.440178 0.007395
vt 0.444108 0.613520
vt 0.445897 0.615193
vt 0.191902 0.204396
vt 0.193068 0.204466
vt 0.491746 0.071248
vt 0.172060 0.031894
vt 0.180264 0.661555
vt 0.192784 0.657399
vt 0.186463 0.288847
vt 0.191658 0.291768
vt 0.191425 0.291807
vt 0.190835 0.291782
vt 0.190782 0.291654
vt 0.194744 0.289553
vt 0.194538 0.290026
vt 0.186612 0.289131
vt 0.191100 0.291897
vt 0.429502 0.359191
vt 0.188117 0.288667
vt 0.191970 0.288458
vt 0.191632 0.288185
vt 0.192195 0.291543
vt 0.448622 0.318760
vt 0.445917 0.321623
vt 0.433125 0.244049
vt 0.190540 0.094197
vt 0.232523 0.093865
vt 0.845560 0.709131
vt 0.834155 0.611800
vt 0.845560 0.610702
vt 0.158967 0.056535
vt 0.158657 0.056694
vt 0.158450 0.055886
vt 0.159024 0.055624
vt 0.159470 0.056412
vt 0.187812 0.260536
vt 0.187181 0.287546
vt 0.005322 0.347810
vt 0.005997 0.344173
vt 0.005684 0.347793
vt 0.005025 0.343475
vt 0.189039 0.260855
vt 0.004552 0.347819
vt 0.335908 0.159906
vt 0.335790 0.159618
vt 0.336437 0.160098
vt 0.075742 0.001869
vt 0.074391 0.018254
vt 0.073803 0.002253
vt 0.091993 0.130873
vt 0.091968 0.129848
vt 0.092879 0.130431
vt 0.076721 0.001944
vt 0.076952 0.002787
vt 0.075157 0.017901
vt 0.092820 0.130950
vt 0.147021 0.073855
vt 0.200593 0.215612
vt 0.170479 0.122538
vt 0.171172 0.122978
vt 0.170670 0.122939
vt 0.170570 0.121683
vt 0.171192 0.121517
vt 0.170134 0.122709
vt 0.170096 0.122444
vt 0.114385 0.123873
vt 0.113371 0.123068
vt 0.113907 0.122860
vt 0.113697 0.124350
vt 0.112459 0.123547
vt 0.114826 0.123707
vt 0.212449 0.062103
vt 0.211537 0.062370
vt 0.212101 0.061718
vt 0.029689 0.192320
vt 0.030579 0.192351
vt 0.030615 0.218820
vt 0.029689 0.218886
vt 0.213112 0.062784
vt 0.212183 0.063150
vt 0.092952 0.013167
vt 0.092451 0.049474
vt 0.091967 0.013167
vt 0.019136 0.131203
vt 0.019238 0.131177
vt 0.325712 0.188243
vt 0.032956 0.343499
vt 0.335927 0.357875
vt 0.389215 0.340761
vt 0.336257 0.360267
vt 0.298514 0.368512
vt 0.299261 0.369200
vt 0.466328 0.482808
vt 0.515644 0.513680
vt 0.668930 0.520712
vt 0.622779 0.511032
vt 0.632917 0.480251
vt 0.493029 0.278891
vt 0.253951 0.867506
vt 0.328348 0.273101
vt 0.328913 0.274029
vt 0.610445 0.893601
vt 0.611003 0.894233
vt 0.594154 0.873486
vt 0.397400 0.600656
vt 0.445775 0.591345
vt 0.445882 0.592373
vt 0.397756 0.601571
vt 0.295103 0.372518
vt 0.296619 0.369070
vt 0.296532 0.372675
vt 0.050530 0.053405
vt 0.050059 0.054138
vt 0.050051 0.053515
vt 0.049736 0.053169
vt 0.050870 0.052710
vt 0.046169 0.174890
vt 0.569605 0.755710
vt 0.470275 0.743182
vt 0.569704 0.742515
vt 0.470019 0.754536
vt 0.760353 0.721013
vt 0.068542 0.605084
vt 0.011994 0.088454
vt 0.084210 0.108146
vt 0.085456 0.113332
vt 0.084728 0.113336
vt 0.191943 0.261020
vt 0.190085 0.260285
vt 0.083717 0.108268
vt 0.210412 0.134118
vt 0.211390 0.134610
vt 0.210412 0.170911
vt 0.333141 0.159885
vt 0.333389 0.160067
vt 0.159467 0.173910
vt 0.159467 0.137116
vt 0.160417 0.137607
vt 0.293567 0.817349
vt 0.299900 0.790418
vt 0.125712 0.096678
vt 0.580166 0.369429
vt 0.590084 0.389344
vt 0.691742 0.311424
vt 0.167620 0.166867
vt 0.166579 0.166820
vt 0.167541 0.160191
vt 0.022309 0.126473
vt 0.275490 0.911116
vt 0.426307 0.901960
vt 0.424805 0.901472
vt 0.428014 0.901597
vt 0.342755 0.254747
vt 0.342703 0.254572
vt 0.342376 0.255222
vt 0.027589 0.344925
vt 0.961000 0.245872
vt 0.302842 0.137006
vt 0.125372 0.108206
vt 0.124415 0.108804
vt 0.124200 0.108388
vt 0.125226 0.108640
vt 0.125455 0.107701
vt 0.125510 0.108332
vt 0.125277 0.107687
vt 0.081210 0.002884
vt 0.081289 0.001881
vt 0.338344 0.259951
vt 0.336645 0.260186
vt 0.826070 0.941581
vt 0.721967 0.383853
vt 0.723791 0.399925
vt 0.720762 0.384143
vt 0.824742 0.918450
vt 0.034652 0.024634
vt 0.033319 0.024323
vt 0.034365 0.024204
vt 0.035943 0.024127
vt 0.034925 0.025330
vt 0.034070 0.024901
vt 0.534937 0.531870
vt 0.535048 0.532104
vt 0.530009 0.532737
vt 0.264573 0.828786
vt 0.120409 0.113474
vt 0.097449 0.068472
vt 0.096700 0.068964
vt 0.096700 0.032645
vt 0.458265 0.246236
vt 0.457754 0.244723
vt 0.284109 0.868009
vt 0.181406 0.869548
vt 0.181406 0.774405
vt 0.703362 0.689690
vt 0.758606 0.762526
vt 0.703362 0.794587
vt 0.890537 0.806136
vt 0.889618 0.806581
vt 0.889618 0.737999
vt 0.147939 0.813793
vt 0.608683 0.761449
vt 0.608683 0.859053
vt 0.590989 0.765310
vt 0.934897 0.215993
vt 0.945477 0.239384
vt 0.944517 0.239839
vt 0.146733 0.810990
vt 0.147834 0.811911
vt 0.146297 0.811580
vt 0.935177 0.215455
vt 0.202864 0.071963
vt 0.202864 0.001852
vt 0.203894 0.070385
vt 0.565457 0.301001
vt 0.564748 0.302761
vt 0.958002 0.959501
vt 0.945175 0.946576
vt 0.957604 0.958468
vt 0.463780 0.936550
vt 0.955930 0.958882
vt 0.944992 0.947242
vt 0.692375 0.261651
vt 0.689912 0.261647
vt 0.689655 0.261179
vt 0.111545 0.134743
vt 0.111321 0.134369
vt 0.334756 0.905418
vt 0.341431 0.256668
vt 0.886733 0.387522
vt 0.862092 0.382264
vt 0.886802 0.386032
vt 0.887780 0.387295
vt 0.136980 0.107950
vt 0.243462 0.676324
vt 0.615393 0.355255
vt 0.177386 0.022169
vt 0.178374 0.021668
vt 0.177443 0.022540
vt 0.093217 0.146712
vt 0.177320 0.022045
vt 0.034858 0.059781
vt 0.257866 0.025108
vt 0.257559 0.025130
vt 0.257866 0.003038
vt 0.034955 0.060468
vt 0.171440 0.168240
vt 0.021450 0.130539
vt 0.021117 0.131909
vt 0.042472 0.178599
vt 0.042766 0.178339
vt 0.277574 0.197516
vt 0.282317 0.267154
vt 0.325952 0.188194
vt 0.326273 0.188269
vt 0.044503 0.178148
vt 0.045345 0.178434
vt 0.283224 0.266563
vt 0.283000 0.266834
vt 0.045989 0.178636
vt 0.283540 0.266353
vt 0.282629 0.266909
vt 0.045634 0.178544
vt 0.280936 0.267353
vt 0.042133 0.179052
vt 0.283816 0.265917
vt 0.122229 0.443034
vt 0.845223 0.283901
vt 0.849013 0.286567
vt 0.108281 0.362130
vt 0.079459 0.265655
vt 0.949007 0.364311
vt 0.939152 0.335847
vt 0.940864 0.333791
vt 0.073543 0.296846
vt 0.691979 0.383924
vt 0.340268 0.261203
vt 0.340689 0.262527
vt 0.567067 0.946081
vt 0.033222 0.024539
vt 0.033194 0.024142
vt 0.565223 0.581698
vt 0.535752 0.532514
vt 0.119650 0.912428
vt 0.114920 0.906188
vt 0.188602 0.143155
vt 0.190401 0.143114
vt 0.184557 0.123865
vt 0.054999 0.245872
vt 0.015397 0.392617
vt 0.014611 0.392545
vt 0.015361 0.391396
vt 0.022543 0.125228
vt 0.022329 0.126085
vt 0.021958 0.125786
vt 0.073503 0.018987
vt 0.585082 0.404367
vt 0.585113 0.405843
vt 0.587182 0.407104
vt 0.136485 0.104041
vt 0.245249 0.267426
vt 0.245872 0.267443
vt 0.245249 0.301343
vt 0.359244 0.886777
vt 0.885587 0.044610
vt 0.902531 0.079459
vt 0.008087 0.505125
vt 0.021480 0.481311
vt 0.025379 0.511234
vt 0.312422 0.244639
vt 0.312190 0.245827
vt 0.422013 0.483331
vt 0.083366 0.059327
vt 0.082129 0.058561
vt 0.083111 0.057937
vt 0.084648 0.058451
vt 0.461025 0.483286
vt 0.421918 0.482641
vt 0.631150 0.476365
vt 0.601072 0.453115
vt 0.603508 0.451830
vt 0.653708 0.432161
vt 0.033442 0.153368
vt 0.034057 0.152004
vt 0.034389 0.151959
vt 0.126911 0.358314
vt 0.126911 0.330720
vt 0.127487 0.358149
vt 0.032731 0.153126
vt 0.041342 0.147131
vt 0.042197 0.175563
vt 0.033881 0.153314
vt 0.042939 0.147015
vt 0.918962 0.479568
vt 0.946329 0.537482
vt 0.919023 0.550214
vt 0.056748 0.339200
vt 0.007938 0.368059
vt 0.947507 0.536798
vt 0.051479 0.058470
vt 0.051018 0.057606
vt 0.597395 0.277955
vt 0.734618 0.413803
vt 0.723624 0.401340
vt 0.609135 0.261113
vt 0.282470 0.268037
vt 0.179961 0.485341
vt 0.180983 0.486132
vt 0.180789 0.486359
vt 0.931767 0.914492
vt 0.932223 0.913617
vt 0.909032 0.071963
vt 0.917849 0.036519
vt 0.918527 0.037432
vt 0.177850 0.486765
vt 0.173601 0.464239
vt 0.918043 0.946008
vt 0.145447 0.615004
vt 0.122867 0.577296
vt 0.114740 0.129086
vt 0.214229 0.018936
vt 0.213868 0.018868
vt 0.214196 0.019089
vt 0.210837 0.061827
vt 0.209946 0.062325
vt 0.017698 0.132584
vt 0.031619 0.016491
vt 0.029705 0.016491
vt 0.031317 0.015672
vt 0.053342 0.053263
vt 0.052343 0.053359
vt 0.032191 0.016197
vt 0.017455 0.131199
vt 0.128339 0.328517
vt 0.159919 0.969601
vt 0.134044 0.969601
vt 0.160662 0.913230
vt 0.264735 0.133855
vt 0.272468 0.138889
vt 0.161916 0.969996
vt 0.343613 0.222489
vt 0.343368 0.222138
vt 0.029704 0.340136
vt 0.032076 0.341894
vt 0.432947 0.383475
vt 0.137299 0.465909
vt 0.142949 0.465756
vt 0.137296 0.466063
vt 0.065891 0.098949
vt 0.686761 0.529328
vt 0.687196 0.524036
vt 0.687339 0.528442
vt 0.902137 0.179906
vt 0.669255 0.527538
vt 0.686161 0.529880
vt 0.057213 0.020101
vt 0.048409 0.000665
vt 0.516977 0.050609
vt 0.807076 0.619370
vt 0.806343 0.619613
vt 0.515852 0.050748
vt 0.559218 0.841016
vt 0.560256 0.841832
vt 0.558757 0.841490
vt 0.078469 0.055480
vt 0.079703 0.057322
vt 0.079157 0.057186
vt 0.937655 0.144409
vt 0.079422 0.056614
vt 0.078833 0.055079
vt 0.746612 0.020243
vt 0.082820 0.462916
vt 0.151421 0.491461
vt 0.082087 0.490186
vt 0.055516 0.473071
vt 0.082110 0.461136
vt 0.098456 0.126760
vt 0.097299 0.126585
vt 0.097765 0.120011
vt 0.099404 0.126275
vt 0.098595 0.127636
vt 0.098856 0.119926
vt 0.173701 0.035981
vt 0.172810 0.035967
vt 0.147883 0.063014
vt 0.152100 0.063104
vt 0.890054 0.455576
vt 0.907290 0.440396
vt 0.890599 0.456693
vt 0.052559 0.002409
vt 0.052690 0.003216
vt 0.051898 0.002871
vt 0.024471 0.352562
vt 0.024752 0.351678
vt 0.024778 0.352846
vt 0.024349 0.353406
vt 0.024428 0.351844
vt 0.024551 0.351709
vt 0.448408 0.860320
vt 0.449911 0.858786
vt 0.450148 0.860173
vt 0.426624 0.858603
vt 0.448117 0.858748
vt 0.453429 0.902093
vt 0.452010 0.902014
vt 0.429754 0.900102
vt 0.538668 0.553621
vt 0.163120 0.134897
vt 0.210975 0.223468
vt 0.085456 0.968188
vt 0.256367 0.111174
vt 0.092211 0.146503
vt 0.007081 0.091452
vt 0.008044 0.069862
vt 0.008995 0.091452
vt 0.104945 0.128020
vt 0.256968 0.003797
vt 0.193525 0.216660
vt 0.113677 0.165706
vt 0.113838 0.158894
vt 0.306697 0.066558
vt 0.389048 0.051936
vt 0.390302 0.342783
vt 0.307321 0.068179
vt 0.079080 0.001088
vt 0.718889 0.643989
vt 0.718737 0.642592
vt 0.415544 0.129652
vt 0.415156 0.128860
vt 0.415494 0.128729
vt 0.415913 0.129435
vt 0.416299 0.154306
vt 0.396743 0.863447
vt 0.396172 0.861617
vt 0.397229 0.861798
vt 0.459766 0.901112
vt 0.931452 0.331868
vt 0.936782 0.334354
vt 0.396877 0.869217
vt 0.099276 0.231885
vt 0.144223 0.238713
vt 0.142626 0.238693
vt 0.685558 0.057081
vt 0.686273 0.057515
vt 0.176219 0.033603
vt 0.175700 0.033445
vt 0.152959 0.062803
vt 0.200470 0.528980
vt 0.201308 0.528316
vt 0.200927 0.527449
vt 0.200332 0.530902
vt 0.035211 0.053932
vt 0.034522 0.054619
vt 0.178768 0.385139
vt 0.334271 0.161324
vt 0.763721 0.582101
vt 0.767293 0.583487
vt 0.765909 0.584162
vt 0.298535 0.854467
vt 0.285476 0.870089
vt 0.786941 0.569342
vt 0.791588 0.571878
vt 0.750406 0.832396
vt 0.753187 0.830927
vt 0.950506 0.535763
vt 0.938666 0.568519
vt 0.937091 0.568224
vt 0.922793 0.561133
vt 0.908528 0.059969
vt 0.906858 0.059814
vt 0.908528 0.004045
vt 0.279288 0.111163
vt 0.429746 0.116090
vt 0.431062 0.116380
vt 0.428641 0.115325
vt 0.430390 0.117572
vt 0.755607 0.400514
vt 0.752157 0.487397
vt 0.747225 0.487212
vt 0.753098 0.487444
vt 0.342134 0.255414
vt 0.341793 0.256028
vt 0.065309 0.292942
vt 0.841507 0.100448
vt 0.841507 0.001506
vt 0.844061 0.002052
vt 0.625175 0.771314
vt 0.625175 0.857554
vt 0.623953 0.771856
vt 0.615295 0.758606
vt 0.615334 0.757624
vt 0.700136 0.740797
vt 0.774934 0.616592
vt 0.760353 0.775846
vt 0.031881 0.012708
vt 0.031668 0.012132
vt 0.031905 0.011940
vt 0.032136 0.013047
vt 0.034394 0.150132
vt 0.035487 0.150294
vt 0.411149 0.153747
vt 0.152412 0.904042
vt 0.162350 0.903750
vt 0.152460 0.904119
vt 0.161852 0.903609
vt 0.412899 0.130308
vt 0.072287 0.193082
vt 0.412306 0.153968
vt 0.340650 0.223078
vt 0.340027 0.223594
vt 0.000651 0.184521
vt 0.001499 0.121873
vt 0.001499 0.185294
vt 0.677648 0.872546
vt 0.624342 0.872546
vt 0.643329 0.833933
vt 0.788590 0.061708
vt 0.748724 0.106445
vt 0.748724 0.000944
vt 0.001448 0.227882
vt 0.337010 0.165214
vt 0.093948 0.131169
vt 0.095167 0.131495
vt 0.324598 0.272468
vt 0.324865 0.273431
vt 0.146920 0.074407
vt 0.147607 0.074287
vt 0.147212 0.074879
vt 0.198041 0.217209
vt 0.036084 0.151842
vt 0.118438 0.117616
vt 0.166290 0.364602
vt 0.031484 0.218491
vt 0.105884 0.109018
vt 0.105854 0.108734
vt 0.071963 0.075287
vt 0.070949 0.097449
vt 0.070949 0.075119
vt 0.326515 0.821428
vt 0.040908 0.048205
vt 0.347323 0.618308
vt 0.355094 0.618094
vt 0.345963 0.618609
vt 0.336567 0.181600
vt 0.337599 0.182380
vt 0.336767 0.185400
vt 0.041978 0.048485
vt 0.639014 0.266064
vt 0.639778 0.265766
vt 0.246275 0.320887
vt 0.509735 0.969996
vt 0.247692 0.277492
vt 0.176117 0.029257
vt 0.127727 0.331309
vt 0.128920 0.332348
vt 0.041800 0.175867
vt 0.042010 0.176329
vt 0.128443 0.357943
vt 0.910027 0.438265
vt 0.173597 0.639263
vt 0.050599 0.264318
vt 0.014367 0.047379
vt 0.014209 0.040995
vt 0.014708 0.041905
vt 0.014992 0.047401
vt 0.014209 0.080958
vt 0.301216 0.791256
vt 0.301639 0.791321
vt 0.424069 0.055228
vt 0.424012 0.054494
vt 0.424382 0.055151
vt 0.158973 0.606653
vt 0.138187 0.568022
vt 0.157978 0.607200
vt 0.165274 0.122477
vt 0.169314 0.122434
vt 0.264660 0.034482
vt 0.264660 0.000560
vt 0.265362 0.034460
vt 0.172410 0.937013
vt 0.162154 0.904323
vt 0.638341 0.265111
vt 0.770577 0.959825
vt 0.778457 0.948176
vt 0.778958 0.949284
vt 0.018821 0.947820
vt 0.015639 0.934556
vt 0.016409 0.935109
vt 0.342696 0.253857
vt 0.342941 0.253417
vt 0.342852 0.254263
vt 0.028456 0.341647
vt 0.222930 0.155916
vt 0.011519 0.296488
vt 0.011829 0.301343
vt 0.011241 0.300535
vt 0.011241 0.266598
vt 0.011994 0.295676
vt 0.322627 0.924236
vt 0.333746 0.926501
vt 0.233204 0.280829
vt 0.339158 0.256122
vt 0.339033 0.255442
vt 0.339439 0.255572
vt 0.338484 0.256422
vt 0.766235 0.604818
vt 0.541481 0.725049
vt 0.610183 0.651566
vt 0.610183 0.758605
vt 0.854471 0.365919
vt 0.857462 0.364830
vt 0.857554 0.460261
vt 0.352317 0.587694
vt 0.219006 0.587694
vt 0.294224 0.530493
vt 0.540676 0.728818
vt 0.325521 0.619264
vt 0.218757 0.314928
vt 0.213543 0.314110
vt 0.218886 0.314101
vt 0.899244 0.959501
vt 0.941039 0.944215
vt 0.213543 0.344821
vt 0.111908 0.133928
vt 0.884109 0.044919
vt 0.950691 0.334757
vt 0.952866 0.334040
vt 0.951960 0.335609
vt 0.948793 0.335666
vt 0.947556 0.335067
vt 0.336976 0.222167
vt 0.338214 0.221571
vt 0.338092 0.222096
vt 0.336673 0.222438
vt 0.337256 0.220886
vt 0.338120 0.221212
vt 0.330685 0.319334
vt 0.330037 0.318081
vt 0.328919 0.275857
vt 0.328935 0.275693
vt 0.331021 0.275748
vt 0.313700 0.243459
vt 0.080186 0.058439
vt 0.079590 0.058398
vt 0.559968 0.842516
vt 0.172831 0.028426
vt 0.103007 0.146002
vt 0.033532 0.151912
vt 0.035168 0.150445
vt 0.033806 0.149439
vt 0.752609 0.414427
vt 0.717509 0.421404
vt 0.231742 0.391494
vt 0.230553 0.391083
vt 0.940595 0.823839
vt 0.943010 0.884013
vt 0.940595 0.884540
vt 0.388328 0.078114
vt 0.389797 0.078267
vt 0.388328 0.142426
vt 0.144011 0.812291
vt 0.144630 0.813915
vt 0.120349 0.811029
vt 0.121220 0.807684
vt 0.344705 0.219713
vt 0.345441 0.220529
vt 0.097511 0.169033
vt 0.096575 0.146856
vt 0.397885 0.602831
vt 0.081255 0.459707
vt 0.225015 0.117387
vt 0.150286 0.095124
vt 0.149633 0.094917
vt 0.175436 0.384608
vt 0.174959 0.384493
vt 0.150796 0.095211
vt 0.166898 0.168203
vt 0.166077 0.168311
vt 0.167823 0.168896
vt 0.165520 0.167328
vt 0.167666 0.170168
vt 0.208667 0.063515
vt 0.453516 0.903805
vt 0.190160 0.133033
vt 0.190199 0.133730
vt 0.339459 0.220104
vt 0.338845 0.221045
vt 0.338541 0.220634
vt 0.339397 0.220097
vt 0.339836 0.219097
vt 0.322408 0.272077
vt 0.322627 0.273405
vt 0.985767 0.707012
vt 0.084815 0.875545
vt 0.086768 0.875019
vt 0.046476 0.002352
vt 0.046156 0.062226
vt 0.043260 0.063247
vt 0.616770 0.193181
vt 0.563532 0.108689
vt 0.904205 0.184404
vt 0.904205 0.117007
vt 0.905529 0.183750
vt 0.191104 0.124987
vt 0.124180 0.095818
vt 0.119843 0.105721
vt 0.119993 0.105630
vt 0.120435 0.106060
vt 0.101523 0.114746
vt 0.102268 0.115440
vt 0.101308 0.114816
vt 0.101852 0.113750
vt 0.102361 0.114311
vt 0.101199 0.113564
vt 0.120352 0.106611
vt 0.416832 0.001464
vt 0.050980 0.958510
vt 0.804784 0.769511
vt 0.276432 0.255817
vt 0.276179 0.255216
vt 0.350068 0.226503
vt 0.000154 0.250370
vt 0.011313 0.176871
vt 0.012149 0.177805
vt 0.018659 0.179716
vt 0.728621 0.298033
vt 0.695189 0.267927
vt 0.829069 0.901283
vt 0.829069 0.954334
vt 0.827946 0.955003
vt 0.827483 0.953780
vt 0.217285 0.276327
vt 0.400292 0.141962
vt 0.066352 0.297294
vt 0.063275 0.298345
vt 0.065632 0.297035
vt 0.066713 0.296417
vt 0.067557 0.296301
vt 0.324077 0.870763
vt 0.312863 0.890537
vt 0.367309 0.587876
vt 0.356150 0.618185
vt 0.208288 0.037481
vt 0.213582 0.019564
vt 0.214986 0.019503
vt 0.213450 0.019311
vt 0.379957 0.868837
vt 0.381463 0.882517
vt 0.380391 0.871096
vt 0.941877 0.073975
vt 0.032180 0.004052
vt 0.693327 0.352051
vt 0.777123 0.946933
vt 0.778786 0.947132
vt 0.501971 0.117357
vt 0.501192 0.120113
vt 0.049387 0.055733
vt 0.048869 0.055703
vt 0.283353 0.201776
vt 0.283353 0.232379
vt 0.283099 0.232324
vt 0.046519 0.147232
vt 0.107922 0.000323
vt 0.796857 0.666684
vt 0.796108 0.667112
vt 0.805842 0.650184
vt 0.339361 0.222255
vt 0.290846 0.818667
vt 0.045043 0.851447
vt 0.683128 0.661584
vt 0.684384 0.661892
vt 0.684523 0.663116
vt 0.678641 0.682277
vt 0.674605 0.675160
vt 0.059003 0.838761
vt 0.683517 0.660418
vt 0.883041 0.269860
vt 0.866730 0.269860
vt 0.882080 0.183593
vt 0.373404 0.177658
vt 0.297415 0.132479
vt 0.809579 0.326830
vt 0.782200 0.232245
vt 0.809579 0.225929
vt 0.800584 0.553846
vt 0.778257 0.559209
vt 0.778257 0.456730
vt 0.506149 0.584621
vt 0.506844 0.569556
vt 0.962058 0.724313
vt 0.176028 0.026265
vt 0.616277 0.920992
vt 0.615548 0.921810
vt 0.276780 0.910981
vt 0.447240 0.613346
vt 0.516856 0.251587
vt 0.494227 0.279353
vt 0.620677 0.483300
vt 0.620677 0.606912
vt 0.568802 0.520667
vt 0.116146 0.100448
vt 0.108649 0.000413
vt 0.188902 0.000323
vt 0.164404 0.901276
vt 0.223384 0.821030
vt 0.223384 0.908528
vt 0.025011 0.345110
vt 0.026305 0.345278
vt 0.027276 0.346695
vt 0.336134 0.906678
vt 0.079867 0.001553
vt 0.314836 0.271359
vt 0.314836 0.246534
vt 0.939992 0.888172
vt 0.612027 0.893809
vt 0.203789 0.213921
vt 0.482235 0.135965
vt 0.452076 0.683635
vt 0.453519 0.652053
vt 0.886511 0.604186
vt 0.886511 0.525494
vt 0.903028 0.602184
vt 0.434810 0.688142
vt 0.251490 0.248871
vt 0.633825 0.265832
vt 0.944133 0.139287
vt 0.636614 0.265846
vt 0.634397 0.265439
vt 0.689061 0.591402
vt 0.691215 0.590396
vt 0.346320 0.223653
vt 0.344276 0.224760
vt 0.276826 0.296846
vt 0.276755 0.261997
vt 0.277356 0.261997
vt 0.641666 0.604186
vt 0.542718 0.206084
vt 0.526265 0.212185
vt 0.513748 0.153089
vt 0.385325 0.168662
vt 0.404430 0.083991
vt 0.421403 0.092761
vt 0.270217 0.259017
vt 0.528154 0.212454
vt 0.503339 0.302093
vt 0.629818 0.593048
vt 0.526429 0.041487
vt 0.516562 0.049985
vt 0.527796 0.042263
vt 0.527013 0.040916
vt 0.399425 0.098755
vt 0.399157 0.098705
vt 0.399898 0.098060
vt 0.251869 0.091720
vt 0.250730 0.091240
vt 0.920075 0.036690
vt 0.918684 0.035582
vt 0.260913 0.146797
vt 0.901342 0.939747
vt 0.902531 0.883978
vt 0.902531 0.940011
vt 0.172494 0.032034
vt 0.173084 0.031723
vt 0.153907 0.063391
vt 0.215481 0.520392
vt 0.021054 0.361976
vt 0.029984 0.362652
vt 0.021054 0.391297
vt 0.038723 0.058745
vt 0.336387 0.161322
vt 0.093674 0.131325
vt 0.094047 0.131721
vt 0.278470 0.743219
vt 0.450316 0.857637
vt 0.462150 0.842074
vt 0.390608 0.383785
vt 0.390472 0.388046
vt 0.334335 0.381054
vt 0.332034 0.377333
vt 0.305713 0.101428
vt 0.496263 0.507482
vt 0.336833 0.905297
vt 0.352938 0.892000
vt 0.650662 0.933307
vt 0.633393 0.920975
vt 0.062185 0.199669
vt 0.058859 0.200422
vt 0.407280 0.082774
vt 0.060196 0.199259
vt 0.062967 0.199176
vt 0.405147 0.083080
vt 0.040746 0.188693
vt 0.032242 0.013519
vt 0.041511 0.020279
vt 0.139992 0.566433
vt 0.138815 0.567165
vt 0.141695 0.546988
vt 0.214994 0.575449
vt 0.931830 0.737534
vt 0.932190 0.736714
vt 0.932515 0.737304
vt 0.930817 0.737617
vt 0.931320 0.736565
vt 0.147732 0.074073
vt 0.257235 0.951742
vt 0.257050 0.951229
vt 0.112634 0.132126
vt 0.017578 0.023595
vt 0.017991 0.021542
vt 0.017991 0.023987
vt 0.111964 0.132627
vt 0.257441 0.950609
vt 0.112212 0.132696
vt 0.114519 0.131461
vt 0.257079 0.952026
vt 0.338517 0.251749
vt 0.063299 0.296169
vt 0.062689 0.296011
vt 0.064038 0.295602
vt 0.063917 0.296327
vt 0.084999 0.057042
vt 0.085456 0.057912
vt 0.084164 0.057304
vt 0.557744 0.846830
vt 0.083466 0.056206
vt 0.084261 0.055526
vt 0.559231 0.847533
vt 0.558639 0.847756
vt 0.779369 0.947852
vt 0.779946 0.948802
vt 0.779467 0.949534
vt 0.284562 0.196398
vt 0.284562 0.162490
vt 0.284852 0.196394
vt 0.050984 0.057386
vt 0.051252 0.056758
vt 0.050429 0.057514
vt 0.834469 0.747584
vt 0.842562 0.726754
vt 0.734441 0.412990
vt 0.724136 0.400976
vt 0.949007 0.302691
vt 0.211390 0.263715
vt 0.134239 0.358727
vt 0.145482 0.441749
vt 0.817878 0.098307
vt 0.799857 0.101947
vt 0.799857 0.000715
vt 0.818574 0.097524
vt 0.503850 0.118778
vt 0.503364 0.118267
vt 0.131665 0.271295
vt 0.272459 0.356300
vt 0.068022 0.264879
vt 0.080322 0.056637
vt 0.079908 0.055480
vt 0.081100 0.057252
vt 0.949355 0.144425
vt 0.784570 0.720460
vt 0.065897 0.917551
vt 0.065246 0.919559
vt 0.085362 0.915073
vt 0.782661 0.704239
vt 0.801044 0.685144
vt 0.797656 0.667549
vt 0.180203 0.292655
vt 0.178762 0.292165
vt 0.180097 0.291683
vt 0.170821 0.171782
vt 0.332321 0.288222
vt 0.330839 0.316494
vt 0.333817 0.288162
vt 0.017187 0.393565
vt 0.016858 0.394107
vt 0.922493 0.182575
vt 0.941510 0.246739
vt 0.922493 0.253368
vt 0.046476 0.065688
vt 0.043781 0.066520
vt 0.926033 0.392796
vt 0.926033 0.322536
vt 0.944509 0.387050
vt 0.914524 0.259094
vt 0.914524 0.329829
vt 0.895207 0.264529
vt 0.913487 0.255322
vt 0.037484 0.846567
vt 0.675364 0.577684
vt 0.339817 0.223489
vt 0.340416 0.223111
vt 0.341023 0.222719
vt 0.032665 0.191560
vt 0.033995 0.202723
vt 0.133651 0.079485
vt 0.334044 0.166391
vt 0.334700 0.166131
vt 0.334430 0.166786
vt 0.014594 0.978903
vt 0.032592 0.982980
vt 0.413293 0.842851
vt 0.631318 0.477900
vt 0.630622 0.476880
vt 0.632928 0.477724
vt 0.177605 0.032104
vt 0.177869 0.031568
vt 0.177892 0.032418
vt 0.035950 0.153685
vt 0.036240 0.153667
vt 0.391297 0.391297
vt 0.334090 0.382753
vt 0.938952 0.334510
vt 0.397875 0.870766
vt 0.024244 0.125507
vt 0.024064 0.125132
vt 0.076612 0.018145
vt 0.385325 0.000068
vt 0.513880 0.272858
vt 0.140187 0.101777
vt 0.213326 0.066868
vt 0.177615 0.024926
vt 0.129175 0.330977
vt 0.130431 0.332101
vt 0.433836 0.222431
vt 0.692465 0.946812
vt 0.692234 0.999980
vt 0.025691 0.344204
vt 0.112506 0.165780
vt 0.708799 0.915649
vt 0.710630 0.843511
vt 0.710630 0.916024
vt 0.923520 0.918908
vt 0.904000 0.925019
vt 0.904000 0.850514
vt 0.616180 0.856055
vt 0.614705 0.855709
vt 0.616180 0.761219
vt 0.865050 0.504899
vt 0.865050 0.601187
vt 0.848473 0.507731
vt 0.047975 0.238366
vt 0.047353 0.238376
vt 0.047353 0.202062
vt 0.068259 0.091663
vt 0.068964 0.127964
vt 0.068259 0.128456
vt 0.000277 0.949082
vt 0.414771 0.129099
vt 0.414655 0.126946
vt 0.052096 0.254867
vt 0.244981 0.938182
vt 0.859053 0.342634
vt 0.850338 0.378767
vt 0.042782 0.177620
vt 0.789126 0.647013
vt 0.340938 0.219832
vt 0.163981 0.169137
vt 0.163453 0.169072
vt 0.163354 0.168249
vt 0.164450 0.169028
vt 0.164651 0.170600
vt 0.071963 0.137921
vt 0.071304 0.137928
vt 0.071304 0.096482
vt 0.205486 0.043477
vt 0.205486 0.001427
vt 0.206240 0.005251
vt 0.320462 0.911548
vt 0.053209 0.486607
vt 0.329233 0.275431
vt 0.397688 0.971495
vt 0.397186 0.970436
vt 0.179906 0.032335
vt 0.633443 0.267273
vt 0.939447 0.138849
vt 0.633954 0.261025
vt 0.633502 0.261216
vt 0.940832 0.139043
vt 0.635839 0.260938
vt 0.723577 0.592381
vt 0.723590 0.594066
vt 0.190422 0.093462
vt 0.189641 0.093034
vt 0.231667 0.092857
vt 0.869963 0.467783
vt 0.080810 0.119490
vt 0.079757 0.115044
vt 0.020267 0.011038
vt 0.020989 0.011040
vt 0.020267 0.011994
vt 0.332740 0.162170
vt 0.333819 0.162261
vt 0.332751 0.162825
vt 0.085456 0.141284
vt 0.941123 0.209891
vt 0.941054 0.209181
vt 0.941830 0.144566
vt 0.125280 0.091519
vt 0.942335 0.209730
vt 0.071438 0.581345
vt 0.214339 0.066782
vt 0.427959 0.902551
vt 0.416241 0.916993
vt 0.562051 0.393527
vt 0.570488 0.407156
vt 0.429536 0.902638
vt 0.428475 0.919894
vt 0.107243 0.161393
vt 0.358438 0.791469
vt 0.934897 0.274448
vt 0.944137 0.240511
vt 0.027757 0.348113
vt 0.124486 0.109277
vt 0.335773 0.257633
vt 0.335587 0.256883
vt 0.799142 0.740897
vt 0.217044 0.229441
vt 0.478266 0.437464
vt 0.479751 0.481558
vt 0.478266 0.482749
vt 0.496554 0.144715
vt 0.481594 0.139166
vt 0.496686 0.141731
vt 0.337325 0.609391
vt 0.299652 0.634032
vt 0.292723 0.617772
vt 0.154991 0.277889
vt 0.180382 0.251374
vt 0.480402 0.180656
vt 0.154089 0.279719
vt 0.335120 0.166682
vt 0.334307 0.167351
vt 0.326141 0.272369
vt 0.186403 0.123979
vt 0.186302 0.123815
vt 0.150706 0.904235
vt 0.407809 0.154056
vt 0.018813 0.365774
vt 0.106077 0.111914
vt 0.019490 0.365719
vt 0.420559 0.029364
vt 0.041610 0.952924
vt 0.325082 0.820831
vt 0.712883 0.838805
vt 0.195329 0.288075
vt 0.196094 0.288545
vt 0.196080 0.286110
vt 0.734618 0.528305
vt 0.172102 0.158629
vt 0.456333 0.127796
vt 0.455886 0.129570
vt 0.417189 0.157145
vt 0.335808 0.905887
vt 0.339703 0.255166
vt 0.339817 0.255316
vt 0.163440 0.135622
vt 0.164684 0.134566
vt 0.210515 0.223975
vt 0.209516 0.224208
vt 0.164189 0.136429
vt 0.141722 0.246028
vt 0.068321 0.244490
vt 0.067887 0.243565
vt 0.070463 0.237480
vt 0.150165 0.244913
vt 0.299402 0.902334
vt 0.318338 0.906355
vt 0.318404 0.911730
vt 0.600786 0.930071
vt 0.211709 0.074251
vt 0.326194 0.187208
vt 0.147699 0.072061
vt 0.311651 0.246674
vt 0.177162 0.029332
vt 0.194227 0.132607
vt 0.194751 0.124564
vt 0.193724 0.133391
vt 0.253045 0.035749
vt 0.263757 0.035902
vt 0.253659 0.036038
vt 0.243008 0.070463
vt 0.050750 0.058197
vt 0.842562 0.808177
vt 0.814979 0.760414
vt 0.803606 0.901901
vt 0.823098 0.917735
vt 0.611682 0.762005
vt 0.610735 0.848559
vt 0.610735 0.761848
vt 0.307569 0.956503
vt 0.956503 0.859596
vt 0.948383 0.887853
vt 0.451976 0.907909
vt 0.179906 0.158909
vt 0.179396 0.158917
vt 0.179396 0.122122
vt 0.182184 0.161916
vt 0.339431 0.260932
vt 0.339422 0.262310
vt 0.888887 0.388211
vt 0.377104 0.970141
vt 0.397337 0.969145
vt 0.017711 0.129931
vt 0.032983 0.013013
vt 0.032387 0.013588
vt 0.179906 0.024449
vt 0.179799 0.024410
vt 0.334326 0.242165
vt 0.329524 0.317000
vt 0.016525 0.395794
vt 0.021855 0.127227
vt 0.873001 0.077065
vt 0.981756 0.673020
vt 0.429382 0.360697
vt 0.210128 0.212367
vt 0.209285 0.213410
vt 0.933431 0.679264
vt 0.399473 0.892702
vt 0.398268 0.892811
vt 0.414878 0.908999
vt 0.021304 0.128322
vt 0.570939 0.408328
vt 0.661156 0.272928
vt 0.135063 0.525160
vt 0.134076 0.525322
vt 0.814100 0.803945
vt 0.137928 0.501358
vt 0.051824 0.003685
vt 0.052388 0.003919
vt 0.051619 0.004498
vt 0.376632 0.751059
vt 0.377804 0.698010
vt 0.377804 0.751109
vt 0.694868 0.262760
vt 0.110165 0.166413
vt 0.024402 0.348722
vt 0.293202 0.530053
vt 0.905529 0.075686
vt 0.904396 0.076460
vt 0.905529 0.001036
vt 0.068298 0.128933
vt 0.037532 0.021711
vt 0.188609 0.092952
vt 0.188944 0.093747
vt 0.187830 0.093861
vt 0.181401 0.084852
vt 0.412111 0.128747
vt 0.412397 0.128526
vt 0.341101 0.292076
vt 0.749080 0.832745
vt 0.748841 0.831025
vt 0.208319 0.212494
vt 0.217387 0.019111
vt 0.947457 0.030689
vt 0.948247 0.030283
vt 0.356487 0.618513
vt 0.953504 0.059969
vt 0.044664 0.176984
vt 0.044103 0.176755
vt 0.635555 0.264996
vt 0.633931 0.264761
vt 0.637610 0.265428
vt 0.633670 0.264963
vt 0.273471 0.137852
vt 0.484067 0.626513
vt 0.483494 0.627896
vt 0.101614 0.168888
vt 0.101330 0.146174
vt 0.102332 0.169184
vt 0.100266 0.146263
vt 0.101247 0.168570
vt 0.324814 0.242709
vt 0.326169 0.271171
vt 0.161579 0.172326
vt 0.151421 0.488746
vt 0.143628 0.466322
vt 0.144198 0.465886
vt 0.283353 0.190401
vt 0.282462 0.189434
vt 0.283353 0.155539
vt 0.111750 0.131768
vt 0.290015 0.035981
vt 0.290015 0.001121
vt 0.290849 0.035024
vt 0.641666 0.553169
vt 0.111146 0.133102
vt 0.622779 0.564794
vt 0.668083 0.527256
vt 0.723225 0.399980
vt 0.723320 0.400566
vt 0.331627 0.274112
vt 0.437139 0.394983
vt 0.699648 0.842503
vt 0.700136 0.743024
vt 0.700136 0.842562
vt 0.414330 0.472846
vt 0.382363 0.471564
vt 0.646111 0.834576
vt 0.368631 0.390711
vt 0.778101 0.775228
vt 0.211203 0.211156
vt 0.209950 0.211928
vt 0.164233 0.122369
vt 0.164664 0.122692
vt 0.164184 0.122820
vt 0.164882 0.122096
vt 0.164635 0.121112
vt 0.937523 0.569244
vt 0.115674 0.158163
vt 0.441794 0.030611
vt 0.441432 0.006795
vt 0.442492 0.030741
vt 0.016361 0.317779
vt 0.016919 0.313674
vt 0.016655 0.317778
vt 0.080670 0.001931
vt 0.080567 0.018856
vt 0.341009 0.293154
vt 0.410179 0.128666
vt 0.571839 0.874228
vt 0.573101 0.873558
vt 0.082443 0.145424
vt 0.083805 0.113611
vt 0.426701 0.719533
vt 0.466258 0.749610
vt 0.434285 0.649364
vt 0.428133 0.719244
vt 0.515701 0.445881
vt 0.667730 0.526382
vt 0.861654 0.454074
vt 0.215427 0.218682
vt 0.038980 0.055196
vt 0.075999 0.060174
vt 0.237987 0.044977
vt 0.237828 0.008665
vt 0.238376 0.008665
vt 0.182659 0.109185
vt 0.188577 0.094945
vt 0.165049 0.116299
vt 0.525885 0.081796
vt 0.085456 0.918766
vt 0.248066 0.256989
vt 0.015188 0.332221
vt 0.016928 0.332380
vt 0.174090 0.642539
vt 0.570402 0.963038
vt 0.080767 0.058328
vt 0.347728 0.618837
vt 0.356225 0.619221
vt 0.347536 0.618998
vt 0.035372 0.049141
vt 0.032206 0.025737
vt 0.347565 0.618687
vt 0.037056 0.048994
vt 0.035085 0.049290
vt 0.379692 0.863109
vt 0.506460 0.364362
vt 0.808265 0.106504
vt 0.824571 0.203894
vt 0.807142 0.107205
vt 0.824571 0.103579
vt 0.344492 0.221052
vt 0.344157 0.221624
vt 0.119971 0.113422
vt 0.119843 0.112618
vt 0.233299 0.001163
vt 0.233878 0.037468
vt 0.233299 0.037481
vt 0.101199 0.106265
vt 0.023252 0.065966
vt 0.023252 0.029648
vt 0.023988 0.065472
vt 0.236271 0.001168
vt 0.236877 0.001646
vt 0.236271 0.037481
vt 0.055495 0.104709
vt 0.328667 0.274881
vt 0.328325 0.274675
vt 0.329224 0.274220
vt 0.037189 0.153820
vt 0.036562 0.153692
vt 0.105001 0.109456
vt 0.104943 0.110187
vt 0.172726 0.035044
vt 0.171997 0.035726
vt 0.328620 0.188739
vt 0.177802 0.413785
vt 0.182745 0.486453
vt 0.182905 0.486839
vt 0.343769 0.224591
vt 0.343655 0.224400
vt 0.343902 0.259505
vt 0.342044 0.224699
vt 0.343833 0.257605
vt 0.399632 0.099036
vt 0.396592 0.860559
vt 0.249259 0.091396
vt 0.383599 0.861257
vt 0.126342 0.914299
vt 0.155458 0.919057
vt 0.147999 0.927163
vt 0.393686 0.094451
vt 0.393686 0.044639
vt 0.394295 0.044668
vt 0.689641 0.196398
vt 0.619604 0.150454
vt 0.689641 0.076771
vt 0.090275 0.095950
vt 0.090275 0.021532
vt 0.092952 0.095642
vt 0.851557 0.678682
vt 0.849381 0.679147
vt 0.849381 0.583217
vt 0.619216 0.151233
vt 0.103000 0.114991
vt 0.098251 0.098944
vt 0.098949 0.062634
vt 0.098949 0.098949
vt 0.014361 0.365719
vt 0.015361 0.365735
vt 0.055020 0.471586
vt 0.055439 0.472480
vt 0.441968 0.006027
vt 0.441927 0.005980
vt 0.442098 0.006207
vt 0.441920 0.007198
vt 0.217597 0.227644
vt 0.904030 0.601642
vt 0.069440 0.580373
vt 0.070975 0.579451
vt 0.072067 0.579924
vt 0.124435 0.554249
vt 0.962499 0.091452
vt 0.954080 0.063420
vt 0.945325 0.063042
vt 0.175444 0.034270
vt 0.079347 0.262147
vt 0.776423 0.918614
vt 0.777575 0.917164
vt 0.132298 0.171398
vt 0.362419 0.904358
vt 0.959501 0.364311
vt 0.952046 0.336214
vt 0.953588 0.335314
vt 0.018519 0.130432
vt 0.343502 0.256906
vt 0.057718 0.021039
vt 0.065966 0.024512
vt 0.830568 0.599688
vt 0.810828 0.503881
vt 0.812442 0.503771
vt 0.830568 0.499681
vt 0.274780 0.291290
vt 0.260864 0.287850
vt 0.259936 0.261107
vt 0.260864 0.260845
vt 0.222371 0.655910
vt 0.865869 0.902989
vt 0.771688 0.336922
vt 0.797585 0.323642
vt 0.797585 0.389797
vt 0.780049 0.287322
vt 0.173456 0.030859
vt 0.878670 0.097608
vt 0.196290 0.289573
vt 0.813594 0.231289
vt 0.833566 0.327053
vt 0.813594 0.331328
vt 0.099420 0.127566
vt 0.335074 0.256169
vt 0.334431 0.254723
vt 0.092780 0.132422
vt 0.093063 0.131255
vt 0.093483 0.132640
vt 0.421908 0.042492
vt 0.423029 0.032427
vt 0.422672 0.032141
vt 0.424264 0.054241
vt 0.171032 0.135032
vt 0.170552 0.135846
vt 0.940652 0.708995
vt 0.094327 0.230894
vt 0.945034 0.709071
vt 0.018694 0.179342
vt 0.044446 0.263863
vt 0.104135 0.256025
vt 0.959676 0.671651
vt 0.930956 0.669681
vt 0.961000 0.606055
vt 0.831164 0.858244
vt 0.859053 0.763336
vt 0.859053 0.860552
vt 0.484248 0.405804
vt 0.105041 0.111173
vt 0.104939 0.110655
vt 0.105835 0.111141
vt 0.105736 0.111567
vt 0.104982 0.111411
vt 0.270752 0.258574
vt 0.497731 0.508236
vt 0.048633 0.068855
vt 0.025644 0.066492
vt 0.184404 0.384464
vt 0.782593 0.804081
vt 0.646936 0.624648
vt 0.181389 0.486996
vt 0.179032 0.487254
vt 0.345897 0.221384
vt 0.198839 0.260680
vt 0.304342 0.139491
vt 0.304238 0.172410
vt 0.304238 0.138714
vt 0.320858 0.925917
vt 0.323134 0.927028
vt 0.559368 0.843270
vt 0.558395 0.842099
vt 0.102409 0.145988
vt 0.173001 0.025635
vt 0.173470 0.024939
vt 0.173509 0.026575
vt 0.512733 0.072986
vt 0.771840 0.519428
vt 0.753467 0.519428
vt 0.774917 0.456928
vt 0.773611 0.520803
vt 0.773940 0.562208
vt 0.213110 0.066174
vt 0.179066 0.022719
vt 0.041510 0.180968
vt 0.052011 0.000823
vt 0.693585 0.945215
vt 0.692234 0.945664
vt 0.323399 0.157775
vt 0.277304 0.232226
vt 0.124496 0.110072
vt 0.125590 0.110273
vt 0.790835 0.620334
vt 0.050053 0.934300
vt 0.421779 0.482147
vt 0.460424 0.482442
vt 0.460568 0.481248
vt 0.173950 0.030918
vt 0.053061 0.003417
vt 0.650662 0.548378
vt 0.646869 0.620677
vt 0.646869 0.547655
vt 0.926518 0.722375
vt 0.924379 0.722624
vt 0.924379 0.651303
vt 0.859158 0.348843
vt 0.860552 0.434579
vt 0.859158 0.434774
vt 0.921252 0.395794
vt 0.921252 0.324035
vt 0.923520 0.394242
vt 0.701393 0.841063
vt 0.701393 0.744836
vt 0.703134 0.840942
vt 0.224595 0.832673
vt 0.226382 0.902732
vt 0.224595 0.904030
vt 0.500382 0.129503
vt 0.503222 0.128190
vt 0.559209 0.205393
vt 0.336070 0.253441
vt 0.147678 0.073126
vt 0.147870 0.073437
vt 0.259500 0.832353
vt 0.257446 0.833549
vt 0.228935 0.859053
vt 0.127563 0.912113
vt 0.191759 0.132638
vt 0.213945 0.018836
vt 0.381646 0.885098
vt 0.182758 0.084070
vt 0.180836 0.084718
vt 0.638000 0.266584
vt 0.418257 0.029984
vt 0.419824 0.029476
vt 0.023014 0.934867
vt 0.802083 0.963999
vt 0.400916 0.029340
vt 0.136089 0.466155
vt 0.416498 0.154256
vt 0.415913 0.128359
vt 0.416187 0.129300
vt 0.272107 0.169412
vt 0.061913 0.291141
vt 0.064053 0.263868
vt 0.083038 0.054683
vt 0.035653 0.149271
vt 0.319881 0.903535
vt 0.614256 0.947507
vt 0.633683 0.261325
vt 0.953504 0.138705
vt 0.807036 0.650814
vt 0.775089 0.917289
vt 0.776325 0.917793
vt 0.181406 0.772718
vt 0.111900 0.791425
vt 0.111900 0.689180
vt 0.758606 0.649997
vt 0.758606 0.757106
vt 0.716025 0.698783
vt 0.111863 0.794587
vt 0.031942 0.025000
vt 0.713034 0.837739
vt 0.712612 0.835962
vt 0.149119 0.095804
vt 0.580495 0.386591
vt 0.199503 0.205534
vt 0.200608 0.203766
vt 0.197104 0.848494
vt 0.196630 0.749107
vt 0.196423 0.848460
vt 0.048409 0.048974
vt 0.067100 0.264396
vt 0.416262 0.128224
vt 0.416783 0.128995
vt 0.167598 0.857610
vt 0.367301 0.650662
vt 0.009481 0.097432
vt 0.009457 0.098095
vt 0.000603 0.101681
vt 0.194429 0.137865
vt 0.209891 0.130373
vt 0.195343 0.140283
vt 0.009032 0.096308
vt 0.209711 0.128114
vt 0.417895 0.354877
vt 0.418351 0.353798
vt 0.417837 0.356328
vt 0.335971 0.253033
vt 0.334957 0.252924
vt 0.335338 0.252025
vt 0.323318 0.274487
vt 0.238346 0.741538
vt 0.209334 0.746612
vt 0.239233 0.741350
vt 0.263944 0.248871
vt 0.263944 0.170007
vt 0.272858 0.247412
vt 0.178579 0.413554
vt 0.721562 0.615028
vt 0.721431 0.616410
vt 0.214789 0.019307
vt 0.122353 0.143231
vt 0.641321 0.833012
vt 0.673861 0.778811
vt 0.779595 0.254867
vt 0.616544 0.923659
vt 0.604397 0.939107
vt 0.280761 0.268269
vt 0.257255 0.001919
vt 0.343407 0.254919
vt 0.026632 0.344294
vt 0.026455 0.344581
vt 0.026109 0.343102
vt 0.025879 0.344054
vt 0.145291 0.078500
vt 0.053159 0.794254
vt 0.055037 0.793944
vt 0.728621 0.680750
vt 0.685654 0.663916
vt 0.723172 0.663475
vt 0.136980 0.148423
vt 0.030467 0.823170
vt 0.131173 0.525599
vt 0.131819 0.525943
vt 0.338143 0.222264
vt 0.147301 0.106654
vt 0.937013 0.836381
vt 0.937013 0.907028
vt 0.907653 0.851255
vt 0.498711 0.140551
vt 0.497224 0.140593
vt 0.031701 0.014266
vt 0.030647 0.014418
vt 0.030574 0.014696
vt 0.031812 0.015137
vt 0.310148 0.230880
vt 0.310148 0.143823
vt 0.325805 0.228001
vt 0.849097 0.194899
vt 0.849097 0.098643
vt 0.866549 0.098987
vt 0.428815 0.170497
vt 0.432304 0.195438
vt 0.343772 0.183012
vt 0.338973 0.224419
vt 0.338970 0.223838
vt 0.017599 0.317835
vt 0.017304 0.317770
vt 0.017991 0.314324
vt 0.085145 0.176908
vt 0.215888 0.058470
vt 0.215377 0.058470
vt 0.215730 0.022156
vt 0.765644 0.608384
vt 0.766769 0.787127
vt 0.124602 0.098697
vt 0.126990 0.099027
vt 0.465800 0.569130
vt 0.632483 0.920328
vt 0.631012 0.914106
vt 0.631796 0.914646
vt 0.908432 0.441320
vt 0.016361 0.289184
vt 0.125740 0.110696
vt 0.426393 0.053145
vt 0.424497 0.032200
vt 0.425732 0.032235
vt 0.203347 0.212449
vt 0.204474 0.213797
vt 0.172410 0.123890
vt 0.119962 0.111873
vt 0.069521 0.296069
vt 0.413933 0.128910
vt 0.413588 0.130513
vt 0.413022 0.128523
vt 0.341567 0.291216
vt 0.341210 0.291780
vt 0.077959 0.154420
vt 0.077414 0.105672
vt 0.077959 0.105672
vt 0.092264 0.945728
vt 0.151551 0.099818
vt 0.152039 0.099528
vt 0.152016 0.107944
vt 0.151187 0.107188
vt 0.151746 0.098324
vt 0.615295 0.649741
vt 0.445268 0.530724
vt 0.305903 0.530724
vt 0.384539 0.474348
vt 0.041978 0.022860
vt 0.083473 0.878543
vt 0.441715 0.006175
vt 0.190192 0.292348
vt 0.397016 0.620948
vt 0.445678 0.612863
vt 0.694154 0.259832
vt 0.691548 0.259712
vt 0.281836 0.189413
vt 0.111205 0.133765
vt 0.000759 0.980453
vt 0.038224 0.023423
vt 0.560101 0.394478
vt 0.413293 0.916014
vt 0.934014 0.140449
vt 0.934014 0.211390
vt 0.913500 0.146698
vt 0.474702 0.325727
vt 0.484248 0.324550
vt 0.484248 0.403290
vt 0.920135 0.251392
vt 0.941510 0.315126
vt 0.920135 0.322332
vt 0.049474 0.186278
vt 0.249095 0.250903
vt 0.020719 0.240933
vt 0.470755 0.398005
vt 0.456111 0.372972
vt 0.685788 0.662844
vt 0.947399 0.209577
vt 0.950332 0.144950
vt 0.144977 0.078191
vt 0.143045 0.077492
vt 0.930566 0.606055
vt 0.434802 0.317951
vt 0.416704 0.348128
vt 0.334805 0.288053
vt 0.335825 0.288344
vt 0.200896 0.204465
vt 0.321664 0.273796
vt 0.398594 0.098671
vt 0.152308 0.099225
vt 0.152920 0.107412
vt 0.877044 0.778095
vt 0.876006 0.694518
vt 0.877044 0.694483
vt 0.863551 0.186028
vt 0.862309 0.281842
vt 0.860824 0.282760
vt 0.200896 0.041978
vt 0.199979 0.041497
vt 0.200896 0.005187
vt 0.322332 0.182905
vt 0.321057 0.150808
vt 0.321829 0.151201
vt 0.047392 0.457613
vt 0.442470 0.005891
vt 0.442409 0.006802
vt 0.446494 0.620229
vt 0.116346 0.166361
vt 0.213374 0.355247
vt 0.212876 0.355986
vt 0.338557 0.250699
vt 0.322793 0.274593
vt 0.322147 0.273787
vt 0.262364 0.203894
vt 0.261389 0.169238
vt 0.183760 0.411188
vt 0.334388 0.934200
vt 0.334078 0.933986
vt 0.334945 0.929353
vt 0.942579 0.945459
vt 0.943394 0.945353
vt 0.943252 0.946186
vt 0.942855 0.944769
vt 0.334994 0.933970
vt 0.085384 0.588498
vt 0.067688 0.293887
vt 0.067557 0.295511
vt 0.393729 0.000244
vt 0.011914 0.218215
vt 0.205202 0.728419
vt 0.100662 0.169034
vt 0.336106 0.168367
vt 0.357509 0.590020
vt 0.441821 0.535404
vt 0.002065 0.943010
vt 0.023223 0.875857
vt 0.023988 0.875857
vt 0.912072 0.148552
vt 0.004133 0.928017
vt 0.004133 0.857414
vt 0.005997 0.925930
vt 0.358663 0.590693
vt 0.037440 0.154043
vt 0.689829 0.262189
vt 0.692758 0.262167
vt 0.218278 0.232379
vt 0.215565 0.231490
vt 0.189498 0.134930
vt 0.086440 0.106383
vt 0.086907 0.106257
vt 0.086955 0.179906
vt 0.670909 0.428047
vt 0.670187 0.384581
vt 0.116929 0.157792
vt 0.118438 0.166413
vt 0.026979 0.341144
vt 0.125513 0.106776
vt 0.079698 0.001031
vt 0.080677 0.000825
vt 0.012273 0.175909
vt 0.004552 0.317535
vt 0.268696 0.950157
vt 0.294644 0.135002
vt 0.326830 0.228024
vt 0.165353 0.169270
vt 0.147352 0.097184
vt 0.052868 0.185464
vt 0.212111 0.148570
vt 0.212889 0.148076
vt 0.212889 0.184404
vt 0.807303 0.648393
vt 0.807566 0.647175
vt 0.791961 0.644594
vt 0.361312 0.801423
vt 0.728137 0.221631
vt 0.934014 0.825828
vt 0.913724 0.832067
vt 0.913724 0.758523
vt 0.321467 0.149920
vt 0.322332 0.150172
vt 0.493425 0.400564
vt 0.492739 0.400255
vt 0.380570 0.631086
vt 0.373231 0.653660
vt 0.340731 0.293403
vt 0.930817 0.672198
vt 0.027809 0.186546
vt 0.000154 0.103626
vt 0.000619 0.275857
vt 0.205959 0.211794
vt 0.022631 0.128530
vt 0.161551 0.170931
vt 0.151421 0.443811
vt 0.017991 0.332188
vt 0.938099 0.333869
vt 0.448435 0.170178
vt 0.319120 0.904425
vt 0.332906 0.318511
vt 0.724076 0.618669
vt 0.499460 0.679406
vt 0.069241 0.972264
vt 0.559209 0.068423
vt 0.339690 0.222735
vt 0.633336 0.084898
vt 0.631326 0.012879
vt 0.659657 0.071394
vt 0.638167 0.127434
vt 0.616279 0.090917
vt 0.190755 0.186207
vt 0.605701 0.026552
vt 0.190054 0.218072
vt 0.319185 0.910996
vt 0.338940 0.283353
vt 0.334012 0.281915
vt 0.722451 0.661859
vt 0.889809 0.386898
vt 0.206800 0.220966
vt 0.250229 0.276747
vt 0.933405 0.737616
vt 0.336949 0.322332
vt 0.172410 0.870851
vt 0.433812 0.358399
vt 0.205393 0.262696
vt 0.401557 0.961000
vt 0.245562 0.121437
vt 0.245458 0.086050
vt 0.245872 0.086050
vt 0.242196 0.260094
vt 0.185917 0.247898
vt 0.147758 0.239024
vt 0.663414 0.932377
vt 0.029311 0.013720
vt 0.071769 0.196688
vt 0.085456 0.196424
vt 0.011691 0.455462
vt 0.017991 0.455651
vt 0.528302 0.382776
vt 0.152258 0.073556
vt 0.151703 0.073029
vt 0.151588 0.073553
vt 0.850411 0.379157
vt 0.001517 0.986487
vt 0.031801 0.986487
vt 0.776578 0.916229
vt 0.799515 0.915937
vt 0.802083 0.899476
vt 0.191580 0.287222
vt 0.082443 0.108242
vt 0.083373 0.108256
vt 0.011432 0.120104
vt 0.037480 0.169412
vt 0.036617 0.157228
vt 0.037480 0.157180
vt 0.559140 0.897357
vt 0.100016 0.145911
vt 0.173730 0.024203
vt 0.214378 0.066140
vt 0.122532 0.575869
vt 0.110606 0.566515
vt 0.078532 0.000570
vt 0.079302 0.000221
vt 0.394905 0.385268
vt 0.287269 0.495934
vt 0.016697 0.393323
vt 0.462383 0.480342
vt 0.463781 0.476077
vt 0.082597 0.823654
vt 0.338054 0.221069
vt 0.338298 0.220069
vt 0.344683 0.282725
vt 0.027530 0.134666
vt 0.028485 0.134427
vt 0.028485 0.157418
vt 0.030408 0.062967
vt 0.030408 0.040698
vt 0.031484 0.062762
vt 0.032179 0.152988
vt 0.296014 0.373420
vt 0.284144 0.266941
vt 0.284755 0.266459
vt 0.419509 0.562301
vt 0.426415 0.941255
vt 0.425883 0.941518
vt 0.115173 0.124340
vt 0.115440 0.124089
vt 0.115140 0.123489
vt 0.212366 0.063468
vt 0.213758 0.063221
vt 0.212640 0.063979
vt 0.339547 0.223336
vt 0.012653 0.362811
vt 0.443769 0.030242
vt 0.397920 0.859297
vt 0.397571 0.860618
vt 0.114513 0.146503
vt 0.116939 0.146950
vt 0.049703 0.250370
vt 0.049703 0.223531
vt 0.050973 0.249887
vt 0.145233 0.078375
vt 0.143728 0.078429
vt 0.233631 0.927869
vt 0.201488 0.653512
vt 0.225909 0.909082
vt 0.909795 0.440075
vt 0.721859 0.614103
vt 0.484962 0.457262
vt 0.204883 0.224883
vt 0.231017 0.284353
vt 0.331328 0.191097
vt 0.328727 0.221885
vt 0.328697 0.191097
vt 0.020989 0.328261
vt 0.073212 0.101947
vt 0.073212 0.067097
vt 0.073462 0.101002
vt 0.173582 0.535182
vt 0.942398 0.208679
vt 0.127240 0.093312
vt 0.943235 0.143918
vt 0.287280 0.168882
vt 0.247304 0.254974
vt 0.013493 0.218157
vt 0.143908 0.079417
vt 0.767210 0.957247
vt 0.335453 0.251098
vt 0.336838 0.251201
vt 0.158737 0.608508
vt 0.817044 0.808178
vt 0.829069 0.898033
vt 0.766722 0.898033
vt 0.710630 0.837546
vt 0.694553 0.903782
vt 0.644907 0.911888
vt 0.563532 0.232379
vt 0.696595 0.901458
vt 0.929517 0.133431
vt 0.365398 0.846866
vt 0.153044 0.280562
vt 0.155480 0.283473
vt 0.791262 0.622021
vt 0.066039 0.263851
vt 0.050240 0.058245
vt 0.035150 0.002868
vt 0.951111 0.139427
vt 0.949337 0.074389
vt 0.541370 0.083956
vt 0.525473 0.082896
vt 0.003428 0.579929
vt 0.560545 0.478141
vt 0.094237 0.133431
vt 0.032872 0.014278
vt 0.032583 0.015607
vt 0.168737 0.160058
vt 0.046460 0.097460
vt 0.000619 0.103329
vt 0.039288 0.182739
vt 0.049474 0.308839
vt 0.035317 0.248024
vt 0.309421 0.270088
vt 0.301343 0.857616
vt 0.164914 0.910544
vt 0.037480 0.294402
vt 0.036634 0.295346
vt 0.036634 0.260500
vt 0.179885 0.272744
vt 0.177951 0.274592
vt 0.178448 0.272692
vt 0.180090 0.270510
vt 0.041706 0.313337
vt 0.041706 0.281303
vt 0.043477 0.312859
vt 0.054055 0.298345
vt 0.054055 0.263804
vt 0.055471 0.264224
vt 0.668720 0.527057
vt 0.395090 0.383915
vt 0.418708 0.386188
vt 0.214828 0.658129
vt 0.049158 0.053465
vt 0.874045 0.674649
vt 0.873120 0.674649
vt 0.873373 0.590748
vt 0.173601 0.509735
vt 0.049474 0.266161
vt 0.048914 0.299844
vt 0.048914 0.265383
vt 0.029971 0.006508
vt 0.029323 0.007496
vt 0.028785 0.005542
vt 0.260187 0.000145
vt 0.260864 0.034482
vt 0.260186 0.034482
vt 0.122735 0.094948
vt 0.210041 0.065461
vt 0.839563 0.001171
vt 0.838429 0.100448
vt 0.838429 0.001121
vt 0.286351 0.006940
vt 0.026908 0.349647
vt 0.239113 0.962168
vt 0.636720 0.305841
vt 0.188902 0.318201
vt 0.184253 0.265439
vt 0.612660 0.268439
vt 0.251638 0.129872
vt 0.256367 0.146924
vt 0.409471 0.128282
vt 0.408998 0.127950
vt 0.448736 0.389340
vt 0.455186 0.371984
vt 0.718990 0.641848
vt 0.878796 0.695084
vt 0.885239 0.736246
vt 0.890398 0.736560
vt 0.172410 0.158276
vt 0.046310 0.177754
vt 0.329989 0.480500
vt 0.659657 0.000752
vt 0.469754 0.399628
vt 0.831711 0.473348
vt 0.835066 0.570606
vt 0.831711 0.571203
vt 0.488746 0.776315
vt 0.488746 0.862052
vt 0.487870 0.776784
vt 0.956503 0.917523
vt 0.280420 0.179906
vt 0.280920 0.145060
vt 0.281853 0.146014
vt 0.280420 0.145058
vt 0.106183 0.111423
vt 0.212611 0.030421
vt 0.213259 0.030213
vt 0.209776 0.059475
vt 0.209361 0.059174
vt 0.949591 0.217499
vt 0.041978 0.264429
vt 0.041482 0.265362
vt 0.041482 0.230511
vt 0.011303 0.908528
vt 0.011303 0.830295
vt 0.011994 0.830389
vt 0.560708 0.072989
vt 0.560402 0.172410
vt 0.560321 0.072989
vt 0.021354 0.218933
vt 0.019162 0.227630
vt 0.106445 0.110740
vt 0.214389 0.030959
vt 0.210304 0.059985
vt 0.242874 0.121437
vt 0.242575 0.121433
vt 0.242874 0.085126
vt 0.327509 0.186194
vt 0.469554 0.400292
vt 0.159081 0.354474
vt 0.222347 0.618572
vt 0.236304 0.644665
vt 0.209179 0.590799
vt 0.279393 0.590799
vt 0.800553 0.740272
vt 0.464683 0.477824
vt 0.431775 0.001164
vt 0.431625 0.050974
vt 0.430957 0.001164
vt 0.135018 0.935543
vt 0.144234 0.239011
vt 0.029935 0.015336
vt 0.874870 0.692102
vt 0.890537 0.607640
vt 0.889285 0.692640
vt 0.319673 0.396421
vt 0.869548 0.380802
vt 0.854027 0.287222
vt 0.869548 0.284606
vt 0.446627 0.222048
vt 0.395652 0.348816
vt 0.889545 0.457798
vt 0.730706 0.294398
vt 0.755607 0.290529
vt 0.755607 0.397293
vt 0.000594 0.502773
vt 0.033248 0.023855
vt 0.000777 0.098949
vt 0.000777 0.000230
vt 0.020989 0.000696
vt 0.286803 0.298313
vt 0.416783 0.154270
vt 0.455331 0.287071
vt 0.898343 0.453971
vt 0.898460 0.475025
vt 0.897088 0.475451
vt 0.899532 0.453890
vt 0.658158 0.542498
vt 0.655010 0.614680
vt 0.655010 0.542132
vt 0.383304 0.472096
vt 0.899532 0.532223
vt 0.600756 0.451442
vt 0.590388 0.406983
vt 0.169645 0.121400
vt 0.024149 0.127513
vt 0.945329 0.138837
vt 0.052064 0.053025
vt 0.940663 0.216992
vt 0.941567 0.217370
vt 0.300481 0.790584
vt 0.454264 0.933915
vt 0.756065 0.901588
vt 0.302843 0.239867
vt 0.302039 0.239875
vt 0.302039 0.205959
vt 0.211998 0.064728
vt 0.270550 0.502736
vt 0.175674 0.670275
vt 0.059969 0.264402
vt 0.059653 0.298345
vt 0.059446 0.264402
vt 0.245872 0.016458
vt 0.245451 0.052473
vt 0.245451 0.016438
vt 0.959501 0.306283
vt 0.660549 0.296956
vt 0.668472 0.296786
vt 0.660595 0.297030
vt 0.668165 0.296706
vt 0.239394 0.056970
vt 0.239394 0.020659
vt 0.239875 0.056487
vt 0.213942 0.065681
vt 0.246971 0.124435
vt 0.246971 0.088123
vt 0.247371 0.088123
vt 0.242311 0.136101
vt 0.242874 0.136577
vt 0.242311 0.172410
vt 0.333101 0.929318
vt 0.333268 0.933847
vt 0.334230 0.928367
vt 0.129696 0.357983
vt 0.902806 0.074895
vt 0.890537 0.692640
vt 0.894601 0.536718
vt 0.913025 0.531525
vt 0.913025 0.607184
vt 0.302843 0.791633
vt 0.102381 0.340657
vt 0.055608 0.341204
vt 0.146337 0.061999
vt 0.359813 0.875974
vt 0.236061 0.986487
vt 0.079757 0.152920
vt 0.946008 0.708115
vt 0.078953 0.055021
vt 0.044471 0.067465
vt 0.599552 0.452212
vt 0.328716 0.157775
vt 0.329829 0.157797
vt 0.174959 0.412535
vt 0.102547 0.871337
vt 0.214131 0.228729
vt 0.188310 0.632259
vt 0.475253 0.934014
vt 0.211390 0.331328
vt 0.140999 0.240451
vt 0.917523 0.571203
vt 0.913415 0.496853
vt 0.917523 0.496476
vt 0.776596 0.521091
vt 0.548235 0.198054
vt 0.551713 0.198042
vt 0.551713 0.271359
vt 0.909032 0.000503
vt 0.429998 0.901402
vt 0.451690 0.903812
vt 0.495833 0.315501
vt 0.206892 0.907624
vt 0.181325 0.971495
vt 0.169330 0.907624
vt 0.283299 0.130757
vt 0.305841 0.063006
vt 0.185228 0.848362
vt 0.185228 0.749389
vt 0.032248 0.635464
vt 0.959501 0.235633
vt 0.946191 0.239948
vt 0.151553 0.118338
vt 0.902531 0.769100
vt 0.881635 0.698163
vt 0.902531 0.691331
vt 0.833539 0.899477
vt 0.863551 0.900944
vt 0.834395 0.962309
vt 0.169842 0.413785
vt 0.169842 0.369416
vt 0.172410 0.412553
vt 0.713892 0.701307
vt 0.928017 0.718127
vt 0.926376 0.651358
vt 0.928017 0.649554
vt 0.026054 0.444725
vt 0.026809 0.445241
vt 0.000981 0.931016
vt 0.000409 0.865310
vt 0.001499 0.930687
vt 0.034713 0.061108
vt 0.158450 0.046475
vt 0.380389 0.881466
vt 0.384062 0.161864
vt 0.263863 0.109014
vt 0.056960 0.920521
vt 0.056960 0.843533
vt 0.088454 0.903272
vt 0.217432 0.021833
vt 0.218886 0.056828
vt 0.724745 0.602707
vt 0.724076 0.530636
vt 0.758200 0.555571
vt 0.162309 0.743613
vt 0.771325 0.960180
vt 0.288035 0.246622
vt 0.303592 0.195303
vt 0.233004 0.283130
vt 0.680520 0.683645
vt 0.481044 0.769406
vt 0.487247 0.866549
vt 0.458856 0.866549
vt 0.952308 0.075333
vt 0.612245 0.266106
vt 0.528031 0.040879
vt 0.527472 0.040127
vt 0.541450 0.040890
vt 0.142570 0.817084
vt 0.029523 0.012032
vt 0.037481 0.010926
vt 0.082103 0.492112
vt 0.681736 0.318146
vt 0.214389 0.383800
vt 0.127231 0.329867
vt 0.170911 0.438405
vt 0.625916 0.757688
vt 0.646164 0.757688
vt 0.628834 0.856055
vt 0.507041 0.584637
vt 0.961488 0.723533
vt 0.956503 0.836143
vt 0.952657 0.836565
vt 0.952657 0.779466
vt 0.919497 0.767574
vt 0.955003 0.700494
vt 0.955003 0.767601
vt 0.874928 0.111097
vt 0.890537 0.107938
vt 0.890537 0.187403
vt 0.035234 0.448784
vt 0.012916 0.217464
vt 0.100207 0.127816
vt 0.029820 0.011443
vt 0.304953 0.886702
vt 0.894861 0.192107
vt 0.920521 0.248284
vt 0.903881 0.254867
vt 0.920521 0.178279
vt 0.249062 0.089840
vt 0.150296 0.729446
vt 0.630407 0.896604
vt 0.646413 0.876423
vt 0.350283 0.951812
vt 0.336477 0.929170
vt 0.383857 0.161862
vt 0.383630 0.161858
vt 0.151563 0.095234
vt 0.242199 0.261281
vt 0.185712 0.249333
vt 0.242874 0.263863
vt 0.388701 0.053856
vt 0.452367 0.905048
vt 0.464480 0.920521
vt 0.451955 0.321031
vt 0.451987 0.321810
vt 0.148422 0.239748
vt 0.553387 0.943106
vt 0.548895 0.965498
vt 0.228863 0.850174
vt 0.921745 0.561027
vt 0.667057 0.297294
vt 0.676148 0.322332
vt 0.660496 0.297175
vt 0.326991 0.284974
vt 0.945236 0.239683
vt 0.620677 0.118610
vt 0.606250 0.121892
vt 0.606250 0.047343
vt 0.001190 0.863551
vt 0.001190 0.765706
vt 0.023988 0.765902
vt 0.608002 0.151421
vt 0.193195 0.217387
vt 0.462358 0.478954
vt 0.302379 0.890196
vt 0.310780 0.470911
vt 0.163746 0.652513
vt 0.157221 0.138585
vt 0.037985 0.298335
vt 0.943324 0.944495
vt 0.938312 0.569281
vt 0.950506 0.602687
vt 0.426334 0.055268
vt 0.829380 0.810578
vt 0.830568 0.810736
vt 0.829380 0.889038
vt 0.782593 0.271253
vt 0.520230 0.722624
vt 0.142386 0.627167
vt 0.143925 0.627198
vt 0.143925 0.725623
vt 0.424624 0.383538
vt 0.222257 0.155919
vt 0.800525 0.598843
vt 0.218882 0.126188
vt 0.220385 0.157418
vt 0.338654 0.322199
vt 0.502239 0.653660
vt 0.695457 0.904800
vt 0.696022 0.905944
vt 0.448267 0.545886
vt 0.858682 0.695838
vt 0.874045 0.693091
vt 0.874045 0.779595
vt 0.272072 0.218886
vt 0.272072 0.183046
vt 0.272858 0.218396
vt 0.154282 0.548715
vt 0.154282 0.442369
vt 0.172410 0.546177
vt 0.676148 0.270879
vt 0.034482 0.286351
vt 0.033088 0.285390
vt 0.034482 0.251501
vt 0.081559 0.493159
vt 0.114131 0.511234
vt 0.948896 0.827570
vt 0.948896 0.769955
vt 0.952005 0.770080
vt 0.659657 0.496242
vt 0.335144 0.927799
vt 0.334660 0.926832
vt 0.954146 0.245731
vt 0.258984 0.066599
vt 0.266110 0.065362
vt 0.266231 0.066736
vt 0.258012 0.067465
vt 0.258012 0.056791
vt 0.359792 0.895197
vt 0.005997 0.204647
vt 0.003069 0.205393
vt 0.003069 0.131357
vt 0.084971 0.944509
vt 0.467485 0.900648
vt 0.475253 0.868167
vt 0.120575 0.261222
vt 0.119600 0.250905
vt 0.127785 0.258951
vt 0.119600 0.262364
vt 0.129300 0.259873
vt 0.940438 0.390466
vt 0.450795 0.322026
vt 0.203930 0.261390
vt 0.556655 0.843434
vt 0.266861 0.055666
vt 0.130432 0.251032
vt 0.129545 0.249532
vt 0.203894 0.382301
vt 0.172661 0.381693
vt 0.203894 0.319004
vt 0.006967 0.912199
vt 0.008995 0.837854
vt 0.008995 0.913025
vt 0.843414 0.282683
vt 0.821573 0.574666
vt 0.863551 0.963999
vt 0.011717 0.120669
vt 0.835282 0.895286
vt 0.899532 0.807583
vt 0.899532 0.901031
vt 0.401387 0.055861
vt 0.637414 0.332827
vt 0.389792 0.824571
vt 0.620677 0.856055
vt 0.617293 0.855782
vt 0.620677 0.759221
vt 0.000409 0.930857
vt 0.305727 0.206143
vt 0.404790 0.172410
vt 0.402115 0.171465
vt 0.404790 0.131914
vt 0.029984 0.005542
vt 0.199815 0.261090
vt 0.207769 0.367309
vt 0.207769 0.327079
vt 0.208392 0.358680
vt 0.297612 0.053972
vt 0.297612 0.021948
vt 0.299844 0.053013
vt 0.206892 0.011016
vt 0.202892 0.257310
vt 0.319334 0.147012
vt 0.061653 0.107571
vt 0.065966 0.115324
vt 0.061653 0.116939
vt 0.050434 0.010758
vt 0.052473 0.026302
vt 0.050434 0.031484
vt 0.339872 0.258859
vt 0.902376 0.772788
vt 0.903503 0.787194
vt 0.898754 0.773122
vt 0.911526 0.770122
vt 0.911526 0.845560
vt 0.893081 0.774582
vt 0.435979 0.353219
vt 0.066633 0.220439
vt 0.079459 0.199953
vt 0.052300 0.054414
vt 0.863551 0.283353
vt 0.036440 0.169056
vt 0.205013 0.332014
vt 0.206892 0.375512
vt 0.205013 0.376304
vt 0.034190 0.161362
vt 0.030400 0.158837
vt 0.710630 0.922021
vt 0.204854 0.152084
vt 0.943010 0.071963
vt 0.927685 0.062403
vt 0.937927 0.050148
vt 0.943010 0.004288
vt 0.209891 0.197897
vt 0.034956 0.150371
vt 0.336747 0.257950
vt 0.451184 0.362352
vt 0.453180 0.366082
s 1
usemtl Material.004
f 1/1/1 2/2/2 3/3/3
f 1/1/1 85/4/4 2/2/2
f 4/5/5 2424/6/6 4790/7/7
f 4/5/5 5/8/8 2424/6/6
f 4/5/5 4790/7/7 6/9/9
f 4/5/5 7/10/10 5/8/8
f 4/5/5 8/11/11 7/10/10
f 4/5/5 6/9/9 8/11/11
f 9/12/12 10/13/13 11/14/14
f 9/12/12 12/15/15 10/13/13
f 9/12/12 13/16/16 1685/17/17
f 9/12/12 11/14/14 13/16/16
f 9/12/12 1685/17/17 12/15/15
f 16/18/18 14/19/19 15/20/20
f 16/21/18 17/22/21 18/23/22
f 16/21/18 19/24/23 20/25/24
f 16/21/18 15/26/20 17/22/21
f 16/21/18 18/23/22 19/24/23
f 16/18/18 20/27/24 14/19/19
f 24/28/25 21/29/26 25/30/27
f 24/31/25 22/32/28 23/33/29
f 24/34/25 4571/35/30 21/36/26
f 24/31/25 26/37/31 22/32/28
f 24/31/25 23/33/29 4571/38/30
f 24/39/25 25/40/27 26/41/31
f 29/42/32 27/43/33 28/44/34
f 29/45/32 30/46/35 31/47/36
f 29/45/32 31/47/36 33/48/37
f 29/42/32 28/44/34 32/49/38
f 29/45/32 32/50/38 30/46/35
f 29/42/32 33/51/37 27/43/33
f 4893/52/39 224/53/40 226/54/41
f 4893/52/39 34/55/42 224/53/40
f 4893/56/39 226/57/41 4878/58/43
f 4893/59/39 4878/60/43 3501/61/44
f 36/62/45 35/63/46 40/64/47
f 36/62/45 41/65/48 35/63/46
f 36/66/45 39/67/49 37/68/50
f 36/69/45 38/70/51 39/71/49
f 36/69/45 40/72/47 38/70/51
f 36/66/45 37/68/50 41/73/48
f 42/74/52 43/75/53 44/76/54
f 42/74/52 45/77/55 46/78/56
f 42/74/52 44/76/54 45/77/55
f 42/74/52 47/79/57 43/75/53
f 42/74/52 46/78/56 47/79/57
f 48/80/58 1962/81/59 49/82/60
f 48/80/58 50/83/61 1962/81/59
f 48/80/58 51/84/62 52/85/63
f 48/80/58 52/85/63 53/86/64
f 48/80/58 49/82/60 51/84/62
f 48/80/58 53/86/64 50/83/61
f 54/87/65 55/88/66 56/89/67
f 54/90/65 57/91/68 4578/92/69
f 54/90/65 56/93/67 57/91/68
f 54/90/65 4578/92/69 58/94/70
f 54/87/65 58/95/70 55/88/66
f 59/96/71 60/97/72 61/98/73
f 59/96/71 62/99/74 60/97/72
f 59/96/71 63/100/75 64/101/76
f 59/96/71 65/102/77 63/100/75
f 59/96/71 61/98/73 65/102/77
f 59/96/71 64/101/76 62/99/74
f 66/103/78 67/104/79 68/105/80
f 66/103/78 69/106/81 70/107/82
f 66/103/78 70/107/82 67/104/79
f 66/103/78 71/108/83 72/109/84
f 66/103/78 68/105/80 71/108/83
f 66/103/78 72/109/84 69/106/81
f 73/110/85 2154/111/86 74/112/87
f 73/113/85 4896/114/88 4173/115/89
f 73/110/85 3313/116/90 2154/111/86
f 73/113/85 74/117/87 4896/114/88
f 73/110/85 4173/118/89 3313/116/90
f 75/119/91 76/120/92 77/121/93
f 75/119/91 78/122/94 79/123/95
f 75/119/91 77/121/93 78/122/94
f 75/119/91 79/123/95 80/124/96
f 75/119/91 80/124/96 76/120/92
f 81/125/97 82/126/98 83/127/99
f 81/125/97 84/128/100 82/126/98
f 81/125/97 85/129/4 86/130/101
f 81/125/97 83/127/99 85/129/4
f 81/125/97 86/130/101 84/128/100
f 87/131/102 88/132/103 4069/133/104
f 87/131/102 89/134/105 88/132/103
f 87/131/102 90/135/106 91/136/107
f 87/131/102 4069/133/104 90/135/106
f 87/131/102 91/136/107 89/134/105
f 92/137/108 93/138/109 94/139/110
f 92/137/108 94/139/110 95/140/111
f 92/137/108 96/141/112 97/142/113
f 92/137/108 98/143/114 93/138/109
f 92/137/108 97/142/113 98/143/114
f 92/137/108 95/140/111 96/141/112
f 99/144/115 100/145/116 101/146/117
f 99/144/115 4733/147/118 100/145/116
f 99/144/115 4866/148/119 4352/149/120
f 99/144/115 101/146/117 4866/148/119
f 99/144/115 4352/149/120 4733/147/118
f 102/150/121 103/151/122 104/152/123
f 102/150/121 105/153/124 103/151/122
f 102/150/121 106/154/125 107/155/126
f 102/150/121 104/152/123 108/156/127
f 102/150/121 108/156/127 106/154/125
f 102/150/121 107/155/126 105/153/124
f 109/157/128 110/158/129 111/159/130
f 109/157/128 111/159/130 112/160/131
f 109/157/128 112/160/131 114/161/132
f 109/162/128 1479/163/133 113/164/134
f 109/162/128 114/165/132 1479/163/133
f 109/162/128 113/164/134 110/166/129
f 116/167/135 2285/168/136 2284/169/137
f 116/170/135 2284/171/137 115/172/138
f 116/170/135 115/172/138 2815/173/139
f 116/174/135 2815/175/139 2817/176/140
f 116/177/135 117/178/141 2285/179/136
f 116/177/135 2817/180/140 118/181/142
f 116/177/135 118/181/142 117/178/141
f 119/182/143 120/183/144 121/184/145
f 119/182/143 122/185/146 123/186/147
f 119/182/143 121/184/145 124/187/148
f 119/182/143 123/186/147 125/188/149
f 119/182/143 125/188/149 120/183/144
f 119/182/143 124/187/148 122/185/146
f 127/189/150 126/190/151 131/191/152
f 127/192/150 128/193/153 4718/194/154
f 127/192/150 129/195/155 128/193/153
f 127/192/150 130/196/156 129/195/155
f 127/189/150 4718/197/154 126/190/151
f 127/192/150 131/198/152 130/196/156
f 132/199/157 133/200/158 134/201/159
f 132/202/157 136/203/160 135/204/161
f 132/202/157 135/204/161 137/205/162
f 132/199/157 134/201/159 136/206/160
f 132/199/157 137/207/162 138/208/163
f 132/199/157 138/208/163 133/200/158
f 141/209/164 143/210/165 139/211/166
f 141/209/164 139/211/166 140/212/167
f 141/213/164 142/214/168 143/215/165
f 141/213/164 144/216/169 142/214/168
f 141/213/164 145/217/170 144/216/169
f 141/209/164 140/212/167 145/218/170
f 146/219/171 3584/220/172 147/221/173
f 146/219/171 150/222/174 3584/220/172
f 146/223/171 149/224/175 211/225/176
f 146/223/171 211/225/176 148/226/177
f 146/219/171 147/221/173 149/227/175
f 146/223/171 148/226/177 150/228/174
f 151/229/178 152/230/179 153/231/180
f 151/229/178 154/232/181 156/233/182
f 151/229/178 155/234/183 3702/235/184
f 151/229/178 153/231/180 154/232/181
f 151/229/178 4691/236/185 155/234/183
f 151/237/178 4841/238/186 4691/239/185
f 151/237/178 156/240/182 4841/238/186
f 151/229/178 3702/235/184 152/230/179
f 157/241/187 158/242/188 159/243/189
f 157/241/187 160/244/190 161/245/191
f 157/241/187 162/246/192 158/242/188
f 157/241/187 159/243/189 1610/247/193
f 157/241/187 161/245/191 162/246/192
f 157/241/187 1610/247/193 160/244/190
f 163/248/194 164/249/195 165/250/196
f 163/248/194 166/251/197 164/249/195
f 163/248/194 167/252/198 168/253/199
f 163/248/194 169/254/200 166/251/197
f 163/248/194 165/250/196 167/252/198
f 163/248/194 168/253/199 169/254/200
f 170/255/201 1154/256/202 4057/257/203
f 170/255/201 4057/257/203 2968/258/204
f 170/255/201 171/259/205 172/260/206
f 170/255/201 172/260/206 173/261/207
f 170/255/201 2968/258/204 171/259/205
f 170/255/201 173/261/207 1154/256/202
f 174/262/208 175/263/209 176/264/210
f 174/262/208 176/264/210 177/265/211
f 174/262/208 178/266/212 179/267/213
f 174/262/208 180/268/214 175/263/209
f 174/262/208 179/267/213 180/268/214
f 174/262/208 177/265/211 178/266/212
f 181/269/215 2354/270/216 2356/271/217
f 181/269/215 182/272/218 183/273/219
f 181/269/215 184/274/220 182/272/218
f 181/269/215 183/273/219 185/275/221
f 181/269/215 185/275/221 2354/270/216
f 181/269/215 2356/271/217 184/274/220
f 186/276/222 189/277/223 187/278/224
f 186/279/222 187/280/224 188/281/225
f 186/282/222 190/283/226 189/284/223
f 186/285/222 3230/286/227 190/287/226
f 186/279/222 188/281/225 191/288/228
f 186/285/222 191/289/228 192/290/229
f 186/285/222 192/290/229 3230/286/227
f 195/291/230 193/292/231 199/293/232
f 195/291/230 198/294/233 194/295/234
f 195/296/230 196/297/235 197/298/236
f 195/291/230 194/295/234 193/292/231
f 195/296/230 197/298/236 198/299/233
f 195/296/230 199/300/232 196/297/235
f 200/301/237 201/302/238 202/303/239
f 200/304/237 203/305/240 204/306/241
f 200/304/237 4850/307/242 203/305/240
f 200/301/237 202/303/239 4850/308/242
f 200/304/237 205/309/243 201/310/238
f 200/304/237 204/306/241 205/309/243
f 206/311/244 207/312/245 208/313/246
f 206/311/244 3775/314/247 148/315/177
f 206/311/244 209/316/248 207/312/245
f 206/311/244 210/317/249 209/316/248
f 206/311/244 208/313/246 3775/314/247
f 206/311/244 211/318/176 210/317/249
f 206/311/244 148/315/177 211/318/176
f 213/319/250 3488/320/251 212/321/252
f 213/319/250 215/322/253 3488/320/251
f 213/319/250 212/321/252 216/323/254
f 213/324/250 214/325/255 215/326/253
f 213/324/250 216/327/254 214/325/255
f 218/328/256 223/329/257 217/330/258
f 218/331/256 217/332/258 219/333/259
f 218/331/256 219/333/259 220/334/260
f 218/331/256 220/334/260 221/335/261
f 218/331/256 221/335/261 222/336/262
f 218/331/256 222/336/262 223/337/257
f 224/338/40 34/339/42 225/340/263
f 224/338/40 3732/341/264 3733/342/265
f 224/343/40 3733/344/265 226/345/41
f 224/338/40 225/340/263 3732/341/264
f 227/346/266 4115/347/267 3673/348/268
f 227/349/266 228/350/269 229/351/270
f 227/349/266 2500/352/271 228/350/269
f 227/346/266 229/353/270 4115/347/267
f 227/346/266 4312/354/272 2500/355/271
f 227/346/266 3673/348/268 4312/354/272
f 230/356/273 231/357/274 232/358/275
f 230/356/273 233/359/276 234/360/277
f 230/356/273 232/358/275 235/361/278
f 230/356/273 236/362/279 233/359/276
f 230/356/273 235/361/278 236/362/279
f 230/356/273 234/360/277 231/357/274
f 240/363/280 237/364/281 238/365/282
f 2391/366/283 239/367/284 240/368/285
f 240/363/280 241/369/286 242/370/287
f 239/371/284 2721/372/288 240/373/285
f 2721/372/288 4601/374/289 240/373/285
f 240/363/280 242/370/287 237/364/281
f 246/375/290 243/376/291 244/377/292
f 246/375/290 245/378/293 243/376/291
f 246/375/290 244/377/292 247/379/294
f 246/380/290 247/381/294 248/382/295
f 246/375/290 248/383/295 245/378/293
f 251/384/296 249/385/297 250/386/298
f 251/384/296 250/386/298 4648/387/299
f 251/388/296 252/389/300 253/390/301
f 251/388/296 4648/391/299 252/389/300
f 251/384/296 253/392/301 249/385/297
f 254/393/302 259/394/303 255/395/304
f 254/393/302 256/396/305 257/397/306
f 254/398/302 258/399/307 259/400/303
f 254/393/302 255/395/304 256/396/305
f 254/398/302 3093/401/308 258/399/307
f 254/398/302 257/402/306 3093/401/308
f 260/403/309 261/404/310 262/405/311
f 260/403/309 263/406/312 57/91/68
f 260/403/309 57/91/68 261/404/310
f 260/403/309 262/405/311 264/407/313
f 260/403/309 264/407/313 263/406/312
f 265/408/314 266/409/315 267/410/316
f 265/408/314 267/410/316 268/411/317
f 265/408/314 269/412/318 270/413/319
f 265/408/314 268/411/317 269/412/318
f 265/408/314 271/414/320 266/409/315
f 265/408/314 270/413/319 271/414/320
f 273/415/321 276/416/322 838/417/323
f 273/415/321 838/417/323 272/418/324
f 273/419/321 4146/420/325 274/421/326
f 273/419/321 274/421/326 275/422/327
f 273/423/321 275/424/327 276/425/322
f 277/426/328 278/427/329 279/428/330
f 277/429/328 280/430/331 281/431/332
f 277/429/328 282/432/333 280/430/331
f 277/429/328 279/433/330 282/432/333
f 277/426/328 283/434/334 278/427/329
f 277/426/328 281/435/332 283/434/334
f 285/436/335 284/437/336 289/438/337
f 285/439/335 286/440/338 287/441/339
f 285/436/335 288/442/340 284/437/336
f 285/439/335 287/441/339 288/443/340
f 285/439/335 289/444/337 286/440/338
f 290/445/341 76/120/92 80/124/96
f 290/445/341 291/446/342 1787/447/343
f 290/445/341 1787/447/343 292/448/344
f 290/445/341 293/449/345 291/446/342
f 290/445/341 292/448/344 76/120/92
f 290/445/341 80/124/96 293/449/345
f 294/450/346 2372/451/347 577/452/348
f 294/453/346 295/454/349 2652/455/350
f 294/450/346 296/456/351 297/457/352
f 294/450/346 297/457/352 298/458/353
f 294/453/346 298/459/353 295/454/349
f 294/450/346 1655/460/354 2372/451/347
f 294/450/346 577/452/348 296/456/351
f 294/453/346 2652/455/350 1655/461/354
f 299/462/355 300/463/356 301/464/357
f 299/462/355 301/464/357 302/465/358
f 299/462/355 3535/466/359 303/467/360
f 299/462/355 304/468/361 4151/469/362
f 299/462/355 303/467/360 300/463/356
f 299/462/355 302/465/358 304/468/361
f 299/462/355 4151/469/362 3535/466/359
f 305/470/363 1884/471/364 306/472/365
f 305/470/363 307/473/366 308/474/367
f 305/470/363 309/475/368 307/473/366
f 305/470/363 306/472/365 310/476/369
f 305/470/363 308/474/367 1884/471/364
f 305/470/363 310/476/369 309/475/368
f 311/477/370 399/478/371 312/479/372
f 311/477/370 313/480/373 399/478/371
f 311/477/370 312/479/372 4627/481/374
f 311/477/370 4627/481/374 314/482/375
f 311/477/370 314/482/375 3064/483/376
f 311/477/370 3064/483/376 313/480/373
f 315/484/377 316/485/378 317/486/379
f 315/484/377 2946/487/380 318/488/381
f 315/484/377 319/489/382 320/490/383
f 315/484/377 318/488/381 316/485/378
f 315/484/377 317/486/379 319/489/382
f 315/484/377 320/490/383 2946/487/380
f 321/491/384 322/492/385 323/493/386
f 321/491/384 324/494/387 2970/495/388
f 321/491/384 2970/495/388 322/492/385
f 321/491/384 323/493/386 324/494/387
f 325/496/389 326/497/390 327/498/391
f 325/496/389 328/499/392 329/500/393
f 325/496/389 327/498/391 330/501/394
f 325/496/389 329/500/393 326/497/390
f 325/496/389 330/501/394 328/499/392
f 331/502/395 332/503/396 333/504/397
f 331/505/395 244/377/292 334/506/398
f 331/502/395 333/504/397 247/507/294
f 331/505/395 334/506/398 335/508/399
f 331/505/395 247/379/294 244/377/292
f 331/505/395 335/508/399 4651/509/400
f 331/505/395 4651/509/400 332/510/396
f 336/511/401 337/512/402 340/513/403
f 336/511/401 338/514/404 337/512/402
f 336/515/401 339/516/405 4745/517/406
f 336/515/401 340/518/403 341/519/407
f 336/515/401 341/519/407 339/516/405
f 342/520/408 343/521/409 1480/522/410
f 342/520/408 344/523/411 345/524/412
f 342/520/408 1480/522/410 346/525/413
f 342/520/408 347/526/414 344/523/411
f 342/520/408 346/525/413 347/526/414
f 342/520/408 345/524/412 343/521/409
f 348/527/415 1425/528/416 349/529/417
f 348/527/415 349/529/417 350/530/418
f 348/527/415 351/531/419 4826/532/420
f 348/527/415 350/530/418 351/531/419
f 348/527/415 352/533/421 1425/528/416
f 348/527/415 4826/532/420 352/533/421
f 353/534/422 354/535/423 355/536/424
f 353/534/422 356/537/425 357/538/426
f 353/534/422 358/539/427 356/537/425
f 353/534/422 359/540/428 354/535/423
f 353/534/422 355/536/424 358/539/427
f 353/534/422 357/538/426 359/540/428
f 360/541/429 361/542/430 362/543/431
f 360/541/429 363/544/432 364/545/433
f 360/541/429 362/543/431 365/546/434
f 360/541/429 2922/547/435 361/542/430
f 360/541/429 364/545/433 2922/547/435
f 360/541/429 365/546/434 363/544/432
f 366/548/436 3222/549/437 367/550/438
f 366/548/436 369/551/439 3222/549/437
f 366/552/436 368/553/440 369/554/439
f 366/552/436 370/555/441 371/556/442
f 366/548/436 367/550/438 370/557/441
f 366/552/436 371/556/442 368/553/440
f 372/558/443 373/559/444 374/560/445
f 372/558/443 375/561/446 376/562/447
f 372/558/443 374/560/445 377/563/448
f 372/558/443 377/563/448 4785/564/449
f 372/558/443 4785/564/449 375/561/446
f 372/558/443 376/562/447 373/559/444
f 378/565/450 379/566/451 380/567/452
f 378/565/450 381/568/453 382/569/454
f 378/565/450 383/570/455 381/568/453
f 378/565/450 380/567/452 383/570/455
f 378/565/450 382/569/454 384/571/456
f 378/565/450 384/571/456 379/566/451
f 385/572/457 386/573/458 387/574/459
f 385/572/457 388/575/460 389/576/461
f 385/572/457 390/577/462 4804/578/463
f 385/572/457 4804/578/463 386/573/458
f 385/572/457 387/574/459 388/575/460
f 385/572/457 389/576/461 390/577/462
f 391/579/464 392/580/465 393/581/466
f 391/579/464 394/582/467 392/580/465
f 391/579/464 393/581/466 395/583/468
f 391/579/464 396/584/469 394/582/467
f 391/579/464 395/583/468 396/584/469
f 397/585/470 399/478/371 2119/586/471
f 397/587/470 398/588/472 399/589/371
f 397/585/470 3577/590/473 4158/591/474
f 397/587/470 4158/592/474 398/588/472
f 400/593/475 401/594/476 3783/595/477
f 400/593/475 3784/596/478 402/597/479
f 400/593/475 3783/595/477 3784/596/478
f 400/593/475 1315/598/480 401/594/476
f 400/593/475 402/597/479 1315/598/480
f 403/599/481 407/600/482 404/601/483
f 403/602/481 405/603/484 2616/604/485
f 403/602/481 406/605/486 405/603/484
f 403/602/481 404/606/483 406/605/486
f 403/602/481 2616/604/485 407/607/482
f 410/608/487 408/609/488 409/610/489
f 410/611/487 409/612/489 413/613/490
f 410/608/487 411/614/491 408/609/488
f 410/608/487 412/615/492 411/614/491
f 410/608/487 413/616/490 414/617/493
f 410/608/487 414/617/493 412/615/492
f 415/618/494 416/619/495 417/620/496
f 415/618/494 417/620/496 418/621/497
f 415/618/494 418/621/497 419/622/498
f 415/618/494 420/623/499 416/619/495
f 415/618/494 419/622/498 421/624/500
f 415/618/494 421/624/500 420/623/499
f 422/625/501 423/626/502 424/627/503
f 422/625/501 425/628/504 426/629/505
f 422/625/501 427/630/506 425/628/504
f 422/625/501 424/627/503 427/630/506
f 422/625/501 428/631/507 423/626/502
f 422/625/501 426/629/505 428/631/507
f 429/632/508 430/633/509 431/634/510
f 429/632/508 431/634/510 1392/635/511
f 429/632/508 432/636/512 430/633/509
f 429/632/508 1392/635/511 433/637/513
f 429/632/508 433/637/513 432/636/512
f 434/638/514 435/639/515 436/640/516
f 434/638/514 437/641/517 438/642/518
f 434/638/514 439/643/519 435/639/515
f 434/638/514 436/640/516 437/641/517
f 434/638/514 438/642/518 439/643/519
f 443/644/520 440/645/521 444/646/522
f 443/644/520 441/647/523 442/648/524
f 443/649/520 444/650/522 441/651/523
f 443/644/520 442/648/524 445/652/525
f 443/644/520 445/652/525 446/653/526
f 443/644/520 446/653/526 440/645/521
f 2/2/2 85/4/4 447/654/527
f 2/2/2 448/655/528 3/3/3
f 2/2/2 447/654/527 448/655/528
f 449/656/529 450/657/530 451/658/531
f 449/656/529 4357/659/532 450/657/530
f 449/656/529 452/660/533 4357/659/532
f 449/656/529 451/658/531 453/661/534
f 449/656/529 454/662/535 452/660/533
f 449/656/529 453/661/534 454/662/535
f 455/663/536 456/664/537 4668/665/538
f 455/666/536 459/667/539 457/668/540
f 455/669/536 4668/670/538 458/671/541
f 455/672/536 457/673/540 4742/674/542
f 455/669/536 458/671/541 459/675/539
f 455/663/536 4742/676/542 456/664/537
f 462/677/543 460/678/544 461/679/545
f 462/680/543 3795/681/546 460/682/544
f 462/683/543 463/684/547 464/685/548
f 462/680/543 464/686/548 3795/681/546
f 462/677/543 461/679/545 465/687/549
f 462/683/543 465/688/549 463/684/547
f 466/689/550 1741/690/551 467/691/552
f 466/689/550 468/692/553 469/693/554
f 466/689/550 467/691/552 468/692/553
f 466/689/550 469/693/554 470/694/555
f 466/689/550 470/694/555 471/695/556
f 466/689/550 472/696/557 1741/690/551
f 473/697/558 474/698/559 475/699/560
f 473/697/558 89/700/105 476/701/561
f 473/697/558 2691/702/562 474/698/559
f 473/697/558 475/699/560 89/700/105
f 473/697/558 476/701/561 2691/702/562
f 477/703/563 478/704/564 481/705/565
f 477/703/563 480/706/566 479/707/567
f 477/708/563 4498/709/568 670/710/569
f 477/703/563 479/707/567 478/704/564
f 477/708/563 670/710/569 480/711/566
f 477/708/563 481/712/565 4498/709/568
f 483/713/570 482/714/571 3695/715/572
f 483/713/570 3695/715/572 484/716/573
f 483/713/570 487/717/574 4836/718/575
f 483/719/570 484/720/573 485/721/576
f 483/713/570 4836/718/575 486/722/577
f 483/719/570 485/721/576 487/723/574
f 483/713/570 486/722/577 482/714/571
f 488/724/578 489/725/579 490/726/580
f 488/724/578 491/727/581 492/728/582
f 488/724/578 490/726/580 493/729/583
f 488/724/578 493/729/583 491/727/581
f 488/724/578 492/728/582 489/725/579
f 496/730/584 494/731/585 495/732/586
f 496/733/584 497/734/587 498/735/588
f 496/736/584 499/737/589 500/738/590
f 496/730/584 495/732/586 499/739/589
f 496/733/584 501/740/591 494/741/585
f 496/736/584 500/738/590 497/742/587
f 496/733/584 498/735/588 501/740/591
f 502/743/592 2748/744/593 503/745/594
f 502/746/592 503/747/594 504/748/595
f 502/743/592 1191/749/596 1193/750/597
f 502/743/592 2749/751/598 2748/744/593
f 502/743/592 1193/750/597 2749/751/598
f 502/743/592 504/752/595 1191/749/596
f 505/753/599 85/129/4 506/754/600
f 505/753/599 507/755/601 508/756/602
f 505/753/599 509/757/603 507/755/601
f 505/753/599 508/756/602 85/129/4
f 505/753/599 506/754/600 509/757/603
f 510/758/604 511/759/605 512/760/606
f 510/758/604 512/760/606 513/761/607
f 510/758/604 514/762/608 515/763/609
f 510/758/604 513/761/607 516/764/610
f 510/758/604 516/764/610 514/762/608
f 510/758/604 515/763/609 511/759/605
f 519/765/611 517/766/612 518/767/613
f 519/768/611 522/769/614 520/770/615
f 519/765/611 520/771/615 521/772/616
f 519/765/611 521/772/616 517/766/612
f 519/765/611 518/767/613 522/773/614
f 526/774/617 1596/775/618 523/776/619
f 526/777/617 524/778/620 525/779/621
f 526/774/617 523/776/619 3548/780/622
f 526/777/617 525/779/621 4428/781/623
f 526/782/617 4428/783/623 1596/784/618
f 526/785/617 3548/786/622 524/787/620
f 531/788/624 530/789/625 527/790/626
f 531/791/624 528/792/627 529/793/628
f 531/791/624 529/793/628 530/794/625
f 531/795/624 532/796/629 533/797/630
f 531/798/624 527/799/626 532/800/629
f 531/791/624 533/801/630 528/792/627
f 535/802/631 10/13/13 534/803/632
f 535/804/631 536/805/633 1647/806/634
f 535/804/631 1647/806/634 2975/807/635
f 535/804/631 2975/807/635 537/808/636
f 535/809/631 538/810/637 536/811/633
f 535/802/631 537/812/636 10/13/13
f 535/809/631 534/813/632 538/810/637
f 539/814/638 540/815/639 541/816/640
f 539/814/638 541/816/640 542/817/641
f 539/814/638 543/818/642 540/815/639
f 539/814/638 544/819/643 543/818/642
f 539/814/638 545/820/644 544/819/643
f 546/821/645 547/822/646 550/823/647
f 546/824/645 3524/825/648 548/826/649
f 546/827/645 549/828/650 3524/829/648
f 546/827/645 550/830/647 551/831/651
f 546/827/645 552/832/652 549/828/650
f 546/827/645 551/831/651 552/832/652
f 546/821/645 548/833/649 547/822/646
f 553/834/653 554/835/654 555/836/655
f 553/834/653 556/837/656 557/838/657
f 553/834/653 557/838/657 258/399/307
f 553/834/653 258/399/307 554/835/654
f 553/834/653 555/836/655 556/837/656
f 558/839/658 563/840/659 559/841/660
f 558/839/658 560/842/661 561/843/662
f 558/839/658 559/841/660 560/842/661
f 558/844/658 562/845/663 563/846/659
f 558/839/658 561/843/662 562/847/663
f 564/848/664 3568/849/665 4615/850/666
f 564/848/664 565/851/667 566/852/668
f 564/848/664 4615/850/666 567/853/669
f 564/848/664 568/854/670 3568/849/665
f 564/848/664 567/853/669 565/851/667
f 564/848/664 566/852/668 568/854/670
f 569/855/671 1060/856/672 709/857/673
f 569/855/671 709/857/673 570/858/674
f 569/859/671 3145/860/675 1060/861/672
f 569/855/671 570/858/674 4776/862/676
f 569/859/671 4777/863/677 3145/860/675
f 569/859/671 4776/864/676 4777/863/677
f 571/865/678 1378/866/679 1380/867/680
f 571/865/678 572/868/681 1378/866/679
f 571/869/678 573/870/682 572/871/681
f 571/869/678 1380/872/680 573/870/682
f 574/873/683 575/874/684 296/456/351
f 574/873/683 296/456/351 577/452/348
f 574/875/683 576/876/685 4707/877/686
f 574/873/683 4707/878/686 575/874/684
f 574/875/683 577/879/348 578/880/687
f 574/875/683 578/880/687 576/876/685
f 579/881/688 580/882/689 581/883/690
f 579/881/688 582/884/691 89/134/105
f 579/881/688 89/134/105 583/885/692
f 579/881/688 581/883/690 582/884/691
f 579/881/688 583/885/692 580/882/689
f 517/766/612 584/886/693 585/887/694
f 517/766/612 586/888/695 587/889/696
f 517/766/612 585/887/694 518/767/613
f 517/766/612 521/772/616 586/888/695
f 517/766/612 587/889/696 584/886/693
f 588/890/697 1878/891/698 589/892/699
f 588/890/697 590/893/700 1878/891/698
f 588/890/697 591/894/701 592/895/702
f 588/890/697 593/896/703 590/893/700
f 588/890/697 589/892/699 591/894/701
f 588/890/697 592/895/702 593/896/703
f 594/897/704 595/898/705 596/899/706
f 594/900/704 2602/901/707 2097/902/708
f 594/903/704 3926/904/709 2602/905/707
f 594/906/704 2097/907/708 595/908/705
f 594/903/704 596/909/706 2955/910/710
f 594/903/704 2955/910/710 3926/904/709
f 597/911/711 598/912/712 599/913/713
f 597/911/711 864/914/714 600/915/715
f 597/911/711 599/913/713 864/914/714
f 597/911/711 600/915/715 601/916/716
f 597/911/711 602/917/717 598/912/712
f 597/911/711 601/916/716 602/917/717
f 603/918/718 604/919/719 605/920/720
f 603/918/718 606/921/721 604/919/719
f 603/918/718 605/920/720 607/922/722
f 603/918/718 608/923/723 606/921/721
f 603/918/718 609/924/724 608/923/723
f 603/918/718 607/922/722 609/924/724
f 610/925/725 611/926/726 612/927/727
f 610/925/725 613/928/728 614/929/729
f 610/925/725 615/930/730 613/928/728
f 610/925/725 614/929/729 616/931/731
f 610/925/725 612/927/727 615/930/730
f 610/925/725 616/931/731 611/926/726
f 430/633/509 617/932/732 431/634/510
f 430/633/509 432/636/512 618/933/733
f 430/633/509 618/933/733 617/932/732
f 619/934/734 620/935/735 621/936/736
f 619/937/734 622/938/737 623/939/738
f 619/934/734 621/936/736 624/940/739
f 619/934/734 625/941/740 620/935/735
f 619/937/734 623/939/738 625/942/740
f 619/934/734 624/940/739 622/943/737
f 630/944/741 626/945/742 627/946/743
f 630/944/741 628/947/744 626/945/742
f 630/944/741 627/946/743 629/948/745
f 630/949/741 631/950/746 632/951/747
f 630/944/741 632/952/747 628/947/744
f 630/949/741 629/953/745 631/950/746
f 633/954/748 182/272/218 634/955/749
f 633/954/748 635/956/750 636/957/751
f 633/954/748 637/958/752 635/956/750
f 633/954/748 638/959/753 637/958/752
f 633/954/748 634/955/749 638/959/753
f 633/954/748 636/957/751 182/272/218
f 639/960/754 2974/961/755 640/962/756
f 639/960/754 2418/963/757 4066/964/758
f 639/960/754 4066/964/758 2974/961/755
f 639/960/754 641/965/759 2418/963/757
f 639/960/754 640/962/756 641/965/759
f 642/966/760 643/967/761 644/968/762
f 642/966/760 645/969/763 643/967/761
f 642/966/760 644/968/762 646/970/764
f 642/966/760 646/970/764 647/971/765
f 642/966/760 647/971/765 645/969/763
f 649/972/766 651/973/767 648/974/768
f 649/975/766 650/976/769 651/977/767
f 649/975/766 653/978/770 650/976/769
f 649/972/766 648/974/768 652/979/771
f 649/972/766 652/979/771 653/980/770
f 656/981/772 654/982/773 657/983/774
f 656/984/772 3138/985/775 655/986/776
f 656/987/772 655/988/776 4550/989/777
f 656/987/772 4550/989/777 654/990/773
f 656/991/772 471/992/778 3138/993/775
f 656/991/772 657/994/774 471/992/778
f 658/995/779 659/996/780 2577/997/781
f 658/995/779 660/998/782 661/999/783
f 658/995/779 661/999/783 662/1000/784
f 658/995/779 662/1000/784 663/1001/785
f 658/995/779 2577/997/781 660/998/782
f 658/995/779 663/1001/785 659/996/780
f 666/1002/786 664/1003/787 665/1004/788
f 666/1002/786 669/1005/789 664/1003/787
f 666/1006/786 667/1007/790 668/1008/791
f 666/1006/786 668/1008/791 669/1009/789
f 666/1002/786 665/1004/788 670/710/569
f 666/1006/786 670/1010/569 667/1007/790
f 671/1011/792 672/1012/793 2913/1013/794
f 671/1011/792 2913/1013/794 673/1014/795
f 671/1011/792 2912/1015/796 672/1012/793
f 671/1011/792 673/1014/795 2839/1016/797
f 671/1011/792 2839/1016/797 2912/1015/796
f 674/1017/798 675/1018/799 676/1019/800
f 674/1017/798 676/1019/800 677/1020/801
f 674/1017/798 678/1021/802 679/1022/803
f 674/1017/798 677/1020/801 678/1021/802
f 674/1017/798 680/1023/804 675/1018/799
f 674/1017/798 679/1022/803 680/1023/804
f 408/1024/488 3774/1025/805 2829/1026/806
f 408/1024/488 2238/1027/807 409/1028/489
f 408/1024/488 2829/1026/806 2238/1027/807
f 683/1029/808 681/1030/809 682/1031/810
f 683/1032/808 686/1033/811 684/1034/812
f 683/1029/808 685/1035/813 686/1036/811
f 683/1029/808 682/1031/810 685/1035/813
f 683/1029/808 684/1037/812 3668/1038/814
f 683/1029/808 3668/1038/814 681/1030/809
f 687/1039/815 688/1040/816 427/630/506
f 687/1039/815 427/630/506 424/627/503
f 687/1039/815 424/627/503 688/1040/816
f 692/1041/817 2235/1042/818 693/1043/819
f 692/1041/817 689/1044/820 690/1045/821
f 692/1041/817 691/1046/822 689/1044/820
f 692/1041/817 690/1045/821 2235/1042/818
f 692/1047/817 693/1048/819 691/1049/822
f 696/1050/823 694/1051/824 695/1052/825
f 696/1050/823 695/1052/825 698/1053/826
f 696/1054/823 4254/1055/827 697/1056/828
f 696/1050/823 697/1057/828 694/1051/824
f 696/1054/823 698/1058/826 4254/1055/827
f 699/1059/829 2498/1060/830 700/1061/831
f 699/1059/829 700/1061/831 702/1062/832
f 699/1063/829 3739/1064/833 701/1065/834
f 699/1063/829 702/1066/832 3739/1064/833
f 699/1063/829 701/1065/834 2498/1067/830
f 703/1068/835 704/1069/836 4142/1070/837
f 703/1068/835 705/1071/838 704/1069/836
f 703/1072/835 1023/1073/839 4141/1074/840
f 703/1075/835 706/1076/841 705/1077/838
f 703/1068/835 4142/1070/837 1023/1078/839
f 703/1079/835 4141/1080/840 706/1081/841
f 707/1082/842 708/1083/843 709/1084/673
f 707/1085/842 710/1086/844 711/1087/845
f 707/1085/842 709/857/673 710/1086/844
f 707/1082/842 712/1088/846 708/1083/843
f 707/1082/842 711/1089/845 713/1090/847
f 707/1082/842 713/1090/847 712/1088/846
f 714/1091/848 715/1092/849 716/1093/850
f 714/1091/848 717/1094/851 715/1092/849
f 714/1091/848 718/1095/852 719/1096/853
f 714/1091/848 720/1097/854 717/1094/851
f 714/1091/848 716/1093/850 721/1098/855
f 714/1091/848 719/1096/853 720/1097/854
f 714/1091/848 721/1098/855 718/1095/852
f 722/1099/856 723/1100/857 724/1101/858
f 722/1102/856 3955/1103/859 725/1104/860
f 722/1102/856 725/1104/860 726/1105/861
f 722/1102/856 726/1105/861 723/1106/857
f 722/1102/856 727/1107/862 3955/1103/859
f 722/1099/856 724/1101/858 727/1108/862
f 728/1109/863 729/1110/864 730/1111/865
f 728/1109/863 731/1112/866 729/1110/864
f 728/1109/863 266/409/315 732/1113/867
f 728/1109/863 733/1114/868 266/409/315
f 728/1109/863 730/1111/865 733/1114/868
f 728/1109/863 732/1113/867 731/1112/866
f 734/1115/869 735/1116/870 736/1117/871
f 734/1115/869 737/1118/872 738/1119/873
f 734/1115/869 739/1120/874 737/1118/872
f 734/1115/869 736/1117/871 739/1120/874
f 734/1115/869 738/1119/873 948/1121/875
f 734/1115/869 948/1121/875 735/1116/870
f 740/1122/876 2026/1123/877 741/1124/878
f 740/1122/876 2027/1125/879 2026/1123/877
f 740/1122/876 591/894/701 742/1126/880
f 740/1122/876 742/1126/880 856/1127/881
f 740/1122/876 856/1127/881 2027/1125/879
f 740/1122/876 741/1124/878 591/894/701
f 746/1128/882 743/1129/883 744/1130/884
f 746/1128/882 744/1130/884 551/1131/651
f 746/1132/882 550/1133/647 4773/1134/885
f 746/1135/882 745/1136/886 743/1137/883
f 746/1138/882 551/1139/651 550/1140/647
f 746/1141/882 4773/1142/885 745/1143/886
f 747/1144/887 3347/1145/888 748/1146/889
f 747/1144/887 748/1146/889 749/1147/890
f 747/1144/887 1736/1148/891 3347/1145/888
f 747/1144/887 750/1149/892 1736/1148/891
f 747/1144/887 749/1147/890 750/1149/892
f 751/1150/893 752/1151/894 753/1152/895
f 751/1150/893 753/1152/895 754/1153/896
f 751/1150/893 754/1153/896 755/1154/897
f 751/1150/893 756/1155/898 757/1156/899
f 751/1150/893 757/1156/899 752/1151/894
f 751/1150/893 755/1154/897 756/1155/898
f 758/1157/900 2092/1158/901 759/1159/902
f 758/1157/900 760/1160/903 761/1161/904
f 758/1157/900 762/1162/905 1787/1163/343
f 758/1157/900 1787/1163/343 763/1164/906
f 758/1157/900 759/1159/902 760/1160/903
f 758/1157/900 763/1164/906 2092/1158/901
f 758/1157/900 761/1161/904 762/1162/905
f 764/1165/907 765/1166/908 766/1167/909
f 764/1165/907 767/1168/910 3013/1169/911
f 764/1165/907 766/1167/909 3642/1170/912
f 764/1165/907 3013/1169/911 765/1166/908
f 764/1165/907 3642/1170/912 767/1168/910
f 770/1171/913 768/1172/914 769/1173/915
f 770/1174/913 771/1175/916 3157/1176/917
f 770/1171/913 3157/1177/917 772/1178/918
f 770/1174/913 773/1179/919 771/1175/916
f 770/1171/913 772/1178/918 768/1172/914
f 770/1171/913 769/1173/915 773/1180/919
f 774/1181/920 775/1182/921 776/1183/922
f 774/1181/920 777/1184/923 775/1182/921
f 774/1181/920 3616/1185/924 777/1184/923
f 774/1181/920 778/1186/925 4604/1187/926
f 774/1181/920 4604/1187/926 3616/1185/924
f 774/1181/920 776/1183/922 778/1186/925
f 781/1188/927 779/1189/928 780/1190/929
f 781/1191/927 784/1192/930 782/1193/931
f 781/1188/927 783/1194/932 784/1195/930
f 781/1188/927 780/1190/929 783/1194/932
f 781/1191/927 782/1193/931 785/1196/933
f 781/1188/927 786/1197/934 787/1198/935
f 781/1188/927 785/1199/933 786/1197/934
f 781/1188/927 787/1198/935 779/1189/928
f 788/1200/936 789/1201/937 790/1202/938
f 788/1200/936 2248/1203/939 789/1201/937
f 788/1200/936 790/1202/938 791/1204/940
f 788/1200/936 792/1205/941 2248/1203/939
f 788/1200/936 791/1204/940 792/1205/941
f 793/1206/942 4401/1207/943 794/1208/944
f 793/1206/942 794/1208/944 795/1209/945
f 793/1206/942 4566/1210/946 4401/1207/943
f 793/1206/942 796/1211/947 4566/1210/946
f 793/1206/942 795/1209/945 797/1212/948
f 793/1206/942 797/1212/948 796/1211/947
f 798/1213/949 799/1214/950 800/1215/951
f 798/1213/949 801/1216/952 802/1217/953
f 798/1213/949 803/1218/954 799/1214/950
f 798/1213/949 802/1217/953 803/1218/954
f 798/1213/949 800/1215/951 801/1216/952
f 804/1219/955 805/1220/956 806/1221/957
f 804/1219/955 807/1222/958 808/1223/959
f 804/1219/955 809/1224/960 805/1220/956
f 804/1219/955 808/1223/959 810/1225/961
f 804/1219/955 810/1225/961 809/1224/960
f 804/1219/955 806/1221/957 807/1222/958
f 811/1226/962 812/1227/963 57/91/68
f 811/1226/962 57/91/68 813/1228/964
f 811/1226/962 814/1229/965 815/1230/966
f 811/1226/962 813/1228/964 814/1229/965
f 811/1226/962 815/1230/966 812/1227/963
f 820/1231/967 816/1232/968 817/1233/969
f 820/1231/967 817/1233/969 821/1234/970
f 820/1235/967 3052/1236/971 3054/1237/972
f 820/1235/967 818/1238/973 3052/1236/971
f 820/1235/967 819/1239/974 816/1240/968
f 820/1241/967 821/1242/970 818/1243/973
f 820/1235/967 3054/1237/972 819/1239/974
f 822/1244/975 823/1245/976 827/1246/977
f 822/1247/975 824/1248/978 825/1249/979
f 822/1247/975 825/1249/979 4747/1250/980
f 822/1251/975 826/1252/981 823/1253/976
f 822/1247/975 827/1254/977 824/1248/978
f 822/1255/975 4747/1256/980 826/1257/981
f 829/1258/982 828/1259/983 830/1260/984
f 829/1261/982 830/1262/984 831/1263/985
f 829/1261/982 832/1264/986 833/1265/987
f 829/1258/982 833/1266/987 828/1259/983
f 829/1261/982 834/1267/988 832/1264/986
f 829/1261/982 831/1263/985 834/1267/988
f 836/1268/989 837/1269/990 835/1270/991
f 836/1271/989 276/1272/322 837/1273/990
f 836/1274/989 838/1275/323 276/1276/322
f 836/1277/989 835/1278/991 4879/1279/992
f 836/1274/989 4087/1280/993 838/1275/323
f 836/1281/989 4737/1282/994 4087/1283/993
f 839/1284/995 843/1285/996 3250/1286/997
f 839/1287/995 3250/1288/997 840/1289/998
f 839/1290/995 841/1291/999 842/1292/1000
f 839/1290/995 4801/1293/1001 841/1291/999
f 839/1290/995 842/1292/1000 843/1294/996
f 839/1295/995 840/1296/998 4801/1297/1001
f 844/1298/1002 845/1299/1003 846/1300/1004
f 844/1298/1002 847/1301/1005 848/1302/1006
f 844/1298/1002 849/1303/1007 845/1299/1003
f 844/1298/1002 846/1300/1004 847/1301/1005
f 844/1298/1002 848/1302/1006 849/1303/1007
f 854/1304/1008 850/1305/1009 851/1306/1010
f 854/1304/1008 4045/1307/1011 852/1308/1012
f 854/1304/1008 853/1309/1013 850/1305/1009
f 854/1310/1008 851/1311/1010 855/1312/1014
f 854/1310/1008 856/1313/881 4045/1314/1011
f 854/1304/1008 852/1308/1012 853/1309/1013
f 854/1310/1008 855/1312/1014 856/1313/881
f 857/1315/1015 858/1316/1016 859/1317/1017
f 857/1315/1015 860/1318/1018 858/1316/1016
f 857/1315/1015 859/1317/1017 861/1319/1019
f 857/1315/1015 3646/1320/1020 860/1318/1018
f 857/1315/1015 862/1321/1021 3646/1320/1020
f 857/1315/1015 861/1319/1019 862/1321/1021
f 863/1322/1022 864/1323/714 599/1324/713
f 863/1322/1022 599/1324/713 865/1325/1023
f 863/1322/1022 866/1326/1024 867/1327/1025
f 863/1322/1022 867/1327/1025 868/1328/1026
f 863/1322/1022 865/1325/1023 866/1326/1024
f 863/1322/1022 868/1328/1026 864/1323/714
f 869/1329/668 870/1330/1027 871/1331/1028
f 869/1329/668 4896/1332/88 872/1333/1029
f 869/1329/668 871/1331/1028 873/1334/1030
f 869/1329/668 873/1334/1030 4896/1332/88
f 869/1329/668 872/1333/1029 870/1330/1027
f 874/1335/1031 875/1336/1032 876/1337/1033
f 874/1335/1031 877/1338/1034 878/1339/1035
f 874/1335/1031 879/1340/1036 880/1341/1037
f 874/1335/1031 878/1339/1035 875/1336/1032
f 874/1335/1031 880/1341/1037 877/1338/1034
f 874/1335/1031 876/1337/1033 879/1340/1036
f 881/1342/1038 882/1343/1039 883/1344/725
f 881/1342/1038 883/1344/725 884/1345/1040
f 881/1342/1038 884/1345/1040 885/1346/1041
f 881/1342/1038 886/1347/1042 882/1343/1039
f 881/1342/1038 885/1346/1041 887/1348/1043
f 881/1342/1038 888/1349/1044 886/1347/1042
f 881/1342/1038 887/1348/1043 888/1349/1044
f 889/1350/1045 890/1351/1046 891/1352/1047
f 889/1350/1045 892/1353/1048 893/1354/1049
f 889/1350/1045 3758/1355/1050 890/1351/1046
f 889/1350/1045 891/1352/1047 892/1353/1048
f 889/1350/1045 893/1354/1049 3758/1355/1050
f 896/1356/1051 894/1357/1052 837/1358/990
f 896/1356/1051 837/1358/990 276/1359/322
f 896/1360/1051 276/1361/322 275/1362/327
f 896/1363/1051 275/422/327 4774/1364/1053
f 896/1356/1051 895/1365/1054 894/1357/1052
f 896/1366/1051 4774/1367/1053 895/1368/1054
f 899/1369/1055 897/1370/1056 898/1371/1057
f 899/1372/1055 900/1373/1058 901/1374/1059
f 899/1372/1055 902/1375/1060 903/1376/1061
f 899/1372/1055 903/1376/1061 897/1377/1056
f 899/1369/1055 898/1371/1057 900/1378/1058
f 899/1372/1055 901/1374/1059 902/1375/1060
f 904/1379/1062 905/1380/1063 906/1381/1064
f 904/1379/1062 907/1382/1065 908/1383/1066
f 904/1379/1062 909/1384/1067 905/1380/1063
f 904/1379/1062 910/1385/1068 907/1382/1065
f 904/1379/1062 908/1383/1066 909/1384/1067
f 904/1379/1062 911/1386/1069 910/1385/1068
f 904/1379/1062 906/1381/1064 911/1386/1069
f 450/657/530 2148/1387/1070 451/658/531
f 450/657/530 912/1388/1071 913/1389/1072
f 450/657/530 4357/659/532 912/1388/1071
f 450/657/530 913/1389/1072 2148/1387/1070
f 870/1330/1027 914/1390/1073 2418/1391/757
f 870/1330/1027 915/1392/1074 871/1331/1028
f 870/1330/1027 2418/1391/757 916/1393/1075
f 870/1330/1027 872/1333/1029 4869/1394/1076
f 870/1330/1027 4869/1394/1076 914/1390/1073
f 870/1330/1027 916/1393/1075 915/1392/1074
f 917/1395/1077 207/312/245 209/316/248
f 917/1395/1077 918/1396/1078 919/1397/1079
f 917/1395/1077 920/1398/1080 921/1399/1081
f 917/1395/1077 921/1399/1081 922/1400/1082
f 917/1395/1077 922/1400/1082 918/1396/1078
f 917/1395/1077 209/316/248 920/1398/1080
f 917/1395/1077 919/1397/1079 207/312/245
f 923/1401/1083 924/1402/1084 925/1403/1085
f 923/1401/1083 926/1404/1086 924/1402/1084
f 923/1401/1083 927/1405/1087 928/1406/1088
f 923/1401/1083 929/1407/1089 926/1404/1086
f 923/1401/1083 928/1406/1088 929/1407/1089
f 923/1401/1083 925/1403/1085 927/1405/1087
f 386/573/458 930/1408/1090 387/574/459
f 386/573/458 4804/578/463 931/1409/1091
f 386/1410/458 931/1411/1091 932/1412/1092
f 386/573/458 932/1413/1092 930/1408/1090
f 933/1414/1093 934/1415/1094 935/1416/1095
f 933/1414/1093 936/1417/1096 4320/1418/1097
f 933/1414/1093 4320/1418/1097 937/1419/1098
f 933/1414/1093 937/1419/1098 934/1415/1094
f 933/1414/1093 938/1420/1099 936/1417/1096
f 933/1414/1093 935/1416/1095 938/1420/1099
f 939/1421/1100 941/1422/1101 1852/1423/1102
f 939/1424/1100 940/1425/1103 941/1426/1101
f 939/1421/1100 1852/1423/1102 942/1427/1104
f 939/1424/1100 944/1428/1105 943/1429/1106
f 939/1424/1100 943/1429/1106 940/1425/1103
f 939/1421/1100 942/1427/1104 944/1430/1105
f 735/1116/870 945/1431/1107 736/1117/871
f 735/1432/870 946/1433/1108 947/1434/1109
f 735/1432/870 948/1435/875 946/1433/1108
f 735/1432/870 947/1434/1109 945/1436/1107
f 949/1437/1110 950/1438/1111 951/1439/1112
f 949/1437/1110 951/1439/1112 952/1440/1113
f 949/1437/1110 952/1440/1113 953/1441/1114
f 949/1437/1110 954/1442/1115 950/1438/1111
f 949/1437/1110 955/1443/1116 954/1442/1115
f 949/1437/1110 953/1441/1114 955/1443/1116
f 956/1444/1117 957/1445/1118 960/1446/1119
f 956/1444/1117 958/1447/1120 959/1448/1121
f 956/1449/1117 960/1450/1119 961/1451/1122
f 956/1444/1117 554/1452/654 962/1453/1123
f 956/1449/1117 961/1451/1122 554/835/654
f 956/1444/1117 959/1448/1121 957/1445/1118
f 956/1444/1117 962/1453/1123 958/1447/1120
f 963/1454/1124 964/1455/1125 803/1218/954
f 963/1454/1124 803/1218/954 965/1456/1126
f 963/1454/1124 3335/1457/1127 964/1455/1125
f 963/1454/1124 965/1456/1126 966/1458/1128
f 963/1454/1124 966/1458/1128 3338/1459/1129
f 963/1454/1124 3338/1459/1129 3335/1457/1127
f 967/1460/1130 968/1461/1131 969/1462/1132
f 967/1460/1130 970/1463/1133 971/1464/1134
f 967/1460/1130 972/1465/1135 968/1461/1131
f 967/1460/1130 971/1464/1134 972/1465/1135
f 967/1460/1130 973/1466/1136 970/1463/1133
f 967/1460/1130 969/1462/1132 973/1466/1136
f 563/846/659 617/932/732 974/1467/1137
f 563/846/659 562/845/663 617/932/732
f 563/846/659 4614/1468/1138 559/1469/660
f 563/846/659 974/1467/1137 4614/1468/1138
f 975/1470/1139 976/1471/1140 977/1472/1141
f 975/1470/1139 978/1473/1142 979/1474/1143
f 975/1470/1139 817/1233/969 978/1473/1142
f 975/1470/1139 979/1474/1143 976/1471/1140
f 975/1470/1139 977/1472/1141 821/1234/970
f 975/1470/1139 821/1234/970 817/1233/969
f 980/1475/1144 981/1476/1145 982/1477/1146
f 980/1475/1144 983/1478/1147 981/1476/1145
f 980/1475/1144 984/1479/1148 985/1480/1149
f 980/1475/1144 982/1477/1146 984/1479/1148
f 980/1475/1144 986/1481/1150 983/1478/1147
f 980/1475/1144 985/1480/1149 986/1481/1150
f 456/1482/537 989/1483/1151 987/1484/1152
f 456/1482/537 987/1484/1152 988/1485/1153
f 456/1482/537 988/1485/1153 4668/1486/538
f 456/664/537 4742/676/542 989/1487/1151
f 992/1488/1154 4259/1489/1155 993/1490/1156
f 992/1491/1154 994/1492/1157 990/1493/1158
f 992/1491/1154 990/1493/1158 991/1494/1159
f 992/1495/1154 993/1496/1156 994/1497/1157
f 992/1491/1154 991/1494/1159 995/1498/1160
f 992/1488/1154 995/1499/1160 4259/1489/1155
f 996/1500/1161 997/1501/1162 998/1502/1163
f 996/1500/1161 999/1503/1164 1000/1504/1165
f 996/1500/1161 1000/1504/1165 1001/1505/1166
f 996/1500/1161 1002/1506/1167 999/1503/1164
f 996/1500/1161 998/1502/1163 1002/1506/1167
f 996/1500/1161 1001/1505/1166 997/1501/1162
f 1003/1507/1168 1004/1508/1169 1005/1509/1170
f 1003/1510/1168 1006/1511/1171 1007/1512/1172
f 1003/1513/1168 1008/1514/1173 730/1111/865
f 1003/1510/1168 1009/1515/1174 1004/1516/1169
f 1003/1510/1168 1007/1512/1172 1010/1517/1175
f 1003/1513/1168 730/1111/865 1006/1518/1171
f 1003/1507/1168 1005/1509/1170 1008/1519/1173
f 1003/1510/1168 1010/1517/1175 1009/1515/1174
f 1012/1520/1176 1011/1521/1177 4544/1522/1178
f 1012/1523/1176 1015/1524/1179 1013/1525/1180
f 1012/1520/1176 4153/1526/1181 1014/1527/1182
f 1012/1520/1176 4544/1522/1178 4153/1526/1181
f 1012/1528/1176 1014/1529/1182 1015/1530/1179
f 1012/1531/1176 1013/1532/1180 1011/1533/1177
f 1016/1534/1183 1017/1535/1184 1018/1536/1185
f 1016/1534/1183 1019/1537/1186 1017/1535/1184
f 1016/1534/1183 853/1309/1013 852/1308/1012
f 1016/1534/1183 1018/1536/1185 1020/1538/1187
f 1016/1534/1183 1020/1538/1187 853/1309/1013
f 1016/1534/1183 852/1308/1012 1019/1537/1186
f 1021/1539/1188 2638/1540/1189 4558/1541/1190
f 1021/1539/1188 3833/1542/1191 1022/1543/1192
f 1021/1539/1188 1023/1544/839 4860/1545/1193
f 1021/1539/1188 1024/1546/1194 1023/1544/839
f 1021/1539/1188 1022/1543/1192 2638/1540/1189
f 1021/1539/1188 4558/1541/1190 1024/1546/1194
f 1021/1539/1188 4860/1545/1193 3833/1542/1191
f 1025/1547/1195 1950/1548/1196 1026/1549/1197
f 1025/1547/1195 1026/1549/1197 1027/1550/1198
f 1025/1547/1195 1028/1551/1199 1950/1548/1196
f 1025/1552/1195 1027/1553/1198 1028/1554/1199
f 1032/1555/1200 1029/1556/1201 1033/1557/1202
f 1032/1558/1200 604/919/719 1029/1559/1201
f 1032/1560/1200 1030/1561/1203 1031/1562/1204
f 1032/1558/1200 605/920/720 604/919/719
f 1032/1558/1200 1031/1563/1204 605/920/720
f 1032/1564/1200 1033/1565/1202 1030/1566/1203
f 43/75/53 1034/1567/1205 1035/1568/1206
f 43/75/53 1035/1568/1206 44/76/54
f 43/75/53 47/79/57 1036/1569/1207
f 43/75/53 1036/1569/1207 1034/1567/1205
f 1037/1570/1208 3758/1571/1050 1038/1572/1209
f 1037/1570/1208 1038/1572/1209 1039/1573/1210
f 1037/1570/1208 1040/1574/1211 3758/1571/1050
f 1037/1570/1208 1041/1575/1212 1040/1574/1211
f 1037/1570/1208 1039/1573/1210 1041/1575/1212
f 1042/1576/1213 152/230/179 4585/1577/1214
f 1042/1576/1213 1043/1578/1215 1044/1579/1216
f 1042/1576/1213 153/231/180 152/230/179
f 1042/1576/1213 1044/1579/1216 1045/1580/1217
f 1042/1576/1213 4585/1577/1214 1043/1578/1215
f 1046/1581/1218 3117/1582/1219 4263/1583/1220
f 1046/1584/1218 1049/1585/1221 1047/1586/1222
f 1046/1581/1218 4263/1583/1220 4871/1587/1223
f 1046/1584/1218 1047/1586/1222 1048/1588/1224
f 1046/1581/1218 4871/1587/1223 1049/1589/1221
f 1046/1584/1218 1048/1588/1224 3117/1590/1219
f 654/990/773 4550/989/777 1050/1591/1225
f 654/982/773 1050/1592/1225 1051/1593/1226
f 654/982/773 1052/1594/1227 657/983/774
f 654/982/773 1051/1593/1226 1052/1594/1227
f 1053/1595/1228 1054/1596/1229 1055/1597/1230
f 1053/1595/1228 1055/1597/1230 1056/1598/1231
f 1053/1599/1228 1057/1600/1232 1058/1601/1233
f 1053/1599/1228 1058/1601/1233 1054/1602/1229
f 1053/1595/1228 1056/1598/1231 1059/1603/1234
f 1053/1599/1228 1059/1604/1234 1057/1600/1232
f 1060/856/672 710/1086/844 709/857/673
f 1060/1605/672 3145/1606/675 3686/1607/1235
f 1060/1608/672 4853/1609/1236 710/1610/844
f 1060/1608/672 3686/1611/1235 4853/1609/1236
f 1061/1612/1237 1062/1613/1238 374/560/445
f 1061/1612/1237 373/559/444 608/1614/723
f 1061/1612/1237 1063/1615/1239 1062/1613/1238
f 1061/1612/1237 374/560/445 373/559/444
f 1061/1612/1237 608/1614/723 1063/1615/1239
f 1064/1616/1240 1065/1617/1241 1066/1618/1242
f 1064/1616/1240 1067/1619/1243 1068/1620/1244
f 1069/1621/1245 1070/1622/1246 1064/1623/1247
f 1064/1616/1240 1066/1618/1242 1071/1624/1248
f 1064/1616/1240 1071/1624/1248 1067/1619/1243
f 1064/1616/1240 1072/1625/1249 1065/1617/1241
f 1064/1616/1240 1068/1620/1244 1072/1625/1249
f 729/1110/864 731/1112/866 1073/1626/1250
f 729/1110/864 1006/1518/1171 730/1111/865
f 729/1110/864 1073/1626/1250 1006/1518/1171
f 1074/1627/1251 1075/1628/1252 13/16/16
f 1074/1627/1251 1076/1629/1253 1075/1628/1252
f 1074/1627/1251 13/16/16 11/14/14
f 1074/1627/1251 11/14/14 2976/1630/1254
f 1074/1627/1251 2976/1630/1254 4660/1631/1255
f 1074/1627/1251 4660/1631/1255 1076/1629/1253
f 1079/1632/1256 1077/1633/1257 1082/1634/1258
f 1079/1632/1256 1078/1635/1259 1077/1633/1257
f 1079/1636/1256 1080/1637/1260 1081/1638/1261
f 1079/1632/1256 1081/1639/1261 1078/1635/1259
f 1079/1636/1256 1082/1640/1258 1080/1637/1260
f 1083/1641/1262 22/32/28 1084/1642/1263
f 1083/1641/1262 1085/1643/1264 1086/1644/1265
f 1083/1641/1262 1087/1645/1266 22/32/28
f 1083/1641/1262 1086/1644/1265 1087/1645/1266
f 1083/1641/1262 1084/1642/1263 1085/1643/1264
f 1088/1646/1267 1089/1647/1268 2970/1648/388
f 1088/1646/1267 1090/1649/1269 1091/1650/1270
f 1088/1646/1267 1092/1651/1271 1090/1649/1269
f 1088/1646/1267 2970/1648/388 1092/1651/1271
f 1088/1646/1267 1091/1650/1270 1089/1647/1268
f 1093/1652/1272 1094/1653/1273 1095/1654/1274
f 1093/1652/1272 570/1655/674 1094/1653/1273
f 1093/1652/1272 1095/1654/1274 1096/1656/1275
f 1093/1652/1272 1097/1657/1276 570/1655/674
f 1093/1652/1272 1098/1658/1277 1097/1657/1276
f 1093/1652/1272 1096/1656/1275 1098/1658/1277
f 1099/1659/1278 1100/1660/1279 1101/1661/1280
f 1099/1659/1278 1102/1662/1281 1103/1663/1282
f 1099/1659/1278 1103/1663/1282 573/870/682
f 1099/1659/1278 1101/1661/1280 1104/1664/1283
f 1099/1659/1278 573/870/682 1100/1660/1279
f 1099/1659/1278 1104/1664/1283 1102/1662/1281
f 1105/1665/1284 1106/1666/1285 3881/1667/1286
f 1105/1665/1284 1107/1668/1287 578/880/687
f 1105/1669/1284 1108/1670/1288 1109/1671/1289
f 1105/1665/1284 578/880/687 1106/1666/1285
f 1105/1665/1284 1109/1672/1289 1107/1668/1287
f 1105/1669/1284 3881/1673/1286 1108/1670/1288
f 1110/1674/1290 1111/1675/1291 1112/1676/1292
f 1110/1674/1290 912/1677/1071 1113/1678/1293
f 1110/1674/1290 1113/1678/1293 1114/1679/1294
f 1110/1674/1290 1112/1676/1292 912/1677/1071
f 1110/1674/1290 1114/1679/1294 1111/1675/1291
f 1115/1680/1295 1118/1681/1296 1116/1682/1297
f 1115/1683/1295 1117/1684/1298 1118/1685/1296
f 1115/1680/1295 1116/1682/1297 1685/1686/17
f 1115/1683/1295 1119/1687/1299 1117/1684/1298
f 1115/1683/1295 1685/1688/17 1119/1687/1299
f 1120/1689/1300 3161/1690/1301 1121/1691/1302
f 1120/1689/1300 1122/1692/1303 1123/1693/1304
f 1120/1689/1300 1124/1694/1305 1125/1695/1306
f 1120/1689/1300 1125/1695/1306 3161/1690/1301
f 1120/1689/1300 1121/1691/1302 1122/1692/1303
f 1120/1689/1300 1123/1693/1304 1124/1694/1305
f 1126/1696/1307 1127/1697/1308 1128/1698/1309
f 1126/1696/1307 1129/1699/1310 1130/1700/1311
f 1126/1696/1307 1131/1701/1312 1129/1699/1310
f 1126/1696/1307 1132/1702/1313 1131/1701/1312
f 1126/1696/1307 1128/1698/1309 1133/1703/1314
f 1126/1696/1307 1130/1700/1311 1127/1697/1308
f 1126/1696/1307 1133/1703/1314 1132/1702/1313
f 1135/1704/1315 1134/1705/1316 1136/1706/1317
f 1135/1707/1315 1136/1708/1317 323/493/386
f 1135/1704/1315 1139/1709/1318 1137/1710/1319
f 1135/1704/1315 1137/1710/1319 1134/1705/1316
f 1135/1707/1315 1138/1711/1320 1139/1712/1318
f 1135/1707/1315 323/493/386 1138/1711/1320
f 1140/1713/1321 1141/1714/1322 1142/1715/1323
f 1140/1713/1321 201/302/238 1141/1714/1322
f 1140/1713/1321 1143/1716/1324 1144/1717/1325
f 1140/1713/1321 1144/1717/1325 202/303/239
f 1140/1713/1321 1142/1715/1323 1143/1716/1324
f 1140/1713/1321 202/303/239 201/302/238
f 1145/1718/1326 1146/1719/1327 1147/1720/1328
f 1145/1721/1326 1148/1722/1329 1149/1723/1330
f 1145/1721/1326 1150/1724/1331 1148/1722/1329
f 1145/1718/1326 1152/1725/1332 1146/1719/1327
f 1145/1721/1326 1151/1726/1333 1152/1727/1332
f 1145/1721/1326 1149/1723/1330 1151/1726/1333
f 1155/1728/1334 2856/1729/1335 1156/1730/1336
f 1155/1728/1334 1153/1731/1337 1154/1732/202
f 1155/1733/1334 1156/1734/1336 1157/1735/1338
f 1155/1728/1334 1154/1732/202 2856/1729/1335
f 1155/1733/1334 1157/1735/1338 1158/1736/1339
f 1159/1737/1340 1160/1738/1341 1161/1739/1342
f 1159/1737/1340 1162/1740/1343 1160/1738/1341
f 1159/1737/1340 1163/1741/1344 1162/1740/1343
f 1159/1737/1340 1161/1739/1342 1163/1741/1344
f 1164/1742/1345 1547/1743/1346 1165/1744/1347
f 1164/1742/1345 1166/1745/1348 1167/1746/1349
f 1164/1742/1345 1167/1746/1349 3619/1747/1350
f 1164/1742/1345 3619/1747/1350 1168/1748/1351
f 1164/1742/1345 1168/1748/1351 1547/1743/1346
f 1164/1742/1345 1169/1749/1352 1166/1745/1348
f 1164/1742/1345 1165/1744/1347 1169/1749/1352
f 1170/1750/1353 1171/1751/1354 1172/1752/1355
f 1170/1750/1353 1173/1753/1356 1174/1754/1357
f 1170/1750/1353 1174/1754/1357 1175/1755/1358
f 1170/1750/1353 1176/1756/1359 1173/1753/1356
f 1170/1750/1353 1172/1752/1355 1176/1756/1359
f 1170/1750/1353 1175/1755/1358 1171/1751/1354
f 1178/1757/1360 4232/1758/1361 1177/1759/1362
f 1178/1760/1360 1177/1761/1362 2517/1762/1363
f 1178/1760/1360 2517/1762/1363 4596/1763/1364
f 1178/1764/1360 1179/1765/1365 4232/1766/1361
f 1178/1764/1360 1180/1767/1366 1179/1765/1365
f 1178/1764/1360 4596/1768/1364 1180/1767/1366
f 1186/1769/1367 1181/1770/1368 3786/1771/1369
f 1186/1769/1367 1182/1772/1370 1183/1773/1371
f 1186/1769/1367 1184/1774/1372 1185/1775/1373
f 1186/1769/1367 1185/1775/1373 1182/1772/1370
f 1186/1769/1367 3786/1771/1369 1184/1774/1372
f 1186/1776/1367 1183/1777/1371 1181/1778/1368
f 1187/1779/1374 494/741/585 1188/1780/1375
f 1187/1779/1374 1188/1780/1375 1189/1781/1376
f 1187/1779/1374 2113/1782/1377 494/741/585
f 1187/1779/1374 1189/1781/1376 2113/1782/1377
f 1190/1783/1378 1191/1784/596 3922/1785/1379
f 1190/1783/1378 3922/1785/1379 4894/1786/1380
f 1190/1783/1378 1192/1787/1381 1193/1788/597
f 1190/1783/1378 1193/1788/597 1191/1784/596
f 1190/1783/1378 4894/1786/1380 1192/1787/1381
f 1194/1789/1382 1195/1790/1383 1196/1791/1384
f 1194/1789/1382 85/129/4 1195/1790/1383
f 1194/1789/1382 1197/1792/1385 1198/1793/1386
f 1194/1789/1382 1196/1791/1384 1197/1792/1385
f 1194/1789/1382 1198/1793/1386 85/129/4
f 511/759/605 1199/1794/1387 512/760/606
f 511/759/605 1200/1795/1388 1199/1794/1387
f 511/759/605 1201/1796/1389 1200/1795/1388
f 511/759/605 515/763/609 1201/1796/1389
f 34/339/42 2962/1797/1390 1202/1798/1391
f 34/339/42 1202/1798/1391 225/340/263
f 34/1799/42 2961/1800/1392 2962/1801/1390
f 1203/1802/1393 1204/1803/1394 1205/1804/1395
f 1203/1802/1393 1206/1805/1396 1207/1806/1397
f 1203/1802/1393 1208/1807/1398 1204/1803/1394
f 1203/1802/1393 1205/1804/1395 1206/1805/1396
f 1203/1802/1393 1207/1806/1397 1208/1807/1398
f 1209/1808/668 3930/1809/668 1210/1810/668
f 1209/1808/668 1211/1811/1399 1212/1812/1400
f 1209/1808/668 1212/1812/1400 1213/1813/1401
f 1209/1808/668 1210/1810/668 1211/1811/1399
f 1209/1808/668 1213/1813/1401 1214/1814/1402
f 1209/1808/668 1214/1814/1402 3930/1809/668
f 530/789/625 1215/1815/1403 527/790/626
f 530/794/625 1216/1816/1404 1218/1817/1405
f 530/794/625 529/793/628 1216/1816/1404
f 530/789/625 1217/1818/1406 1215/1815/1403
f 530/789/625 1218/1819/1405 1217/1818/1406
f 1219/1820/1407 1220/1821/1408 1221/1822/1409
f 1219/1820/1407 1222/1823/1410 1223/1824/1411
f 1219/1820/1407 1223/1824/1411 1224/1825/1412
f 1219/1820/1407 1225/1826/1413 1222/1823/1410
f 1219/1820/1407 1221/1822/1409 1225/1826/1413
f 1219/1820/1407 1224/1825/1412 1220/1821/1408
f 1229/1827/1414 1951/1828/1415 1227/1829/1416
f 1229/1830/1414 1226/1831/1417 4759/1832/1418
f 1229/1830/1414 1227/1833/1416 1228/1834/1419
f 1229/1830/1414 1228/1834/1419 1226/1831/1417
f 1229/1835/1414 4759/1836/1418 1954/1837/1420
f 1229/1827/1414 1954/1838/1420 1951/1828/1415
f 882/1343/1039 1230/1839/1421 1231/1840/1422
f 882/1343/1039 1231/1840/1422 1232/1841/1423
f 882/1343/1039 1233/1842/1424 883/1344/725
f 882/1343/1039 886/1347/1042 1230/1839/1421
f 882/1343/1039 1232/1841/1423 1233/1842/1424
f 1234/1843/1425 1235/1844/1426 1236/1845/1427
f 1234/1843/1425 3758/1846/1050 1235/1844/1426
f 1234/1843/1425 1237/1847/1428 1238/1848/1429
f 1234/1843/1425 1238/1848/1429 3758/1846/1050
f 1234/1843/1425 1236/1845/1427 1237/1847/1428
f 1239/1849/1430 1240/1850/1431 1241/1851/1432
f 1239/1849/1430 2355/1852/1433 1240/1850/1431
f 1239/1849/1430 1242/1853/1434 2355/1852/1433
f 1239/1849/1430 1241/1851/1432 1243/1854/1435
f 1239/1849/1430 1243/1854/1435 1242/1853/1434
f 843/1855/996 1244/1856/1436 4238/1857/1437
f 843/1285/996 4238/1858/1437 3250/1286/997
f 843/1294/996 1245/1859/1438 1244/1860/1436
f 843/1294/996 842/1292/1000 1245/1859/1438
f 1246/1861/1439 1247/1862/1440 1248/1863/1441
f 1246/1861/1439 1249/1864/1442 1250/1865/1443
f 1246/1861/1439 1251/1866/1444 1252/1867/1445
f 1246/1861/1439 1250/1865/1443 1253/1868/1446
f 1246/1861/1439 1252/1867/1445 1247/1862/1440
f 1246/1861/1439 1253/1868/1446 1251/1866/1444
f 1246/1861/1439 1248/1863/1441 1249/1864/1442
f 1258/1869/1447 1254/1870/1448 644/968/762
f 1258/1869/1447 643/967/761 3372/1871/1449
f 1258/1869/1447 3372/1871/1449 1255/1872/1450
f 1256/1873/1451 1257/1874/1452 1258/1875/1453
f 1258/1869/1447 644/968/762 643/967/761
f 1258/1869/1447 1255/1872/1450 1254/1870/1448
f 1259/1876/1454 1260/1877/1455 1261/1878/1456
f 1259/1876/1454 1262/1879/1457 1260/1877/1455
f 1259/1876/1454 1263/1880/1458 1264/1881/1459
f 1259/1876/1454 1265/1882/1460 1263/1880/1458
f 1259/1876/1454 1261/1878/1456 1265/1882/1460
f 1259/1876/1454 1264/1881/1459 1262/1879/1457
f 1266/1883/1461 2807/1884/1462 1268/1885/1463
f 1266/1886/1461 4046/1887/1464 4600/1888/1465
f 1266/1889/1461 1267/1890/1466 4046/1891/1464
f 1266/1886/1461 2808/1892/1467 2807/1893/1462
f 1266/1886/1461 4600/1888/1465 2808/1892/1467
f 1266/1889/1461 1268/1894/1463 1267/1890/1466
f 1269/1895/1468 1270/1896/1469 1271/1897/1470
f 1269/1895/1468 1272/1898/1471 1274/1899/1472
f 1269/1895/1468 1271/1897/1470 1272/1898/1471
f 1269/1900/1468 1056/1598/1231 1270/1901/1469
f 1269/1900/1468 1273/1902/1473 1059/1603/1234
f 1269/1900/1468 1274/1903/1472 1273/1902/1473
f 1269/1900/1468 1059/1603/1234 1056/1598/1231
f 1275/1904/1474 1276/1905/1475 2102/1906/1476
f 1275/1907/1474 1277/1908/1477 1278/1909/1478
f 1275/1904/1474 2102/1906/1476 1277/1910/1477
f 1275/1907/1474 1279/1911/1479 1280/1912/1480
f 1275/1904/1474 1280/1913/1480 1276/1905/1475
f 1275/1907/1474 1278/1909/1478 1279/1911/1479
f 1281/1914/1481 198/299/233 197/298/236
f 1281/1914/1481 3940/1915/1482 198/299/233
f 1281/1914/1481 1282/1916/1483 3940/1915/1482
f 1281/1914/1481 1283/1917/1484 1282/1916/1483
f 1281/1914/1481 1284/1918/1485 1283/1917/1484
f 1281/1914/1481 197/298/236 1284/1918/1485
f 1285/1919/1486 3028/1920/1487 1286/1921/1488
f 1285/1919/1486 1287/1922/1489 1288/1923/1490
f 1285/1919/1486 1286/1921/1488 1287/1922/1489
f 1285/1919/1486 1289/1924/1491 3028/1920/1487
f 1285/1919/1486 1290/1925/1492 1289/1924/1491
f 1285/1919/1486 1288/1923/1490 1290/1925/1492
f 1291/1926/1493 2524/1927/1494 4127/1928/1495
f 1291/1929/1493 1292/1930/1496 1448/1931/1497
f 1291/1926/1493 4127/1928/1495 1293/1932/1498
f 1291/1926/1493 1294/1933/1499 2524/1927/1494
f 1291/1934/1493 1293/1935/1498 1292/1936/1496
f 1291/1929/1493 1448/1931/1497 1294/1937/1499
f 207/312/245 919/1397/1079 208/313/246
f 1295/1938/1500 1296/1939/1501 1297/1940/1502
f 1295/1938/1500 4512/1941/1503 1298/1942/1504
f 1295/1938/1500 1299/1943/1505 1300/1944/1506
f 1295/1938/1500 1298/1942/1504 1296/1939/1501
f 1295/1938/1500 1300/1944/1506 4512/1941/1503
f 1295/1938/1500 1297/1940/1502 1299/1943/1505
f 1301/1945/1507 1302/1946/1508 4136/1947/1509
f 1301/1945/1507 4134/1948/1510 4135/1949/1511
f 1301/1945/1507 1303/1950/1512 1304/1951/1513
f 1301/1945/1507 1304/1951/1513 1305/1952/1514
f 1301/1945/1507 1305/1952/1514 1302/1946/1508
f 1301/1945/1507 4135/1949/1511 1303/1950/1512
f 1301/1945/1507 4136/1947/1509 4134/1948/1510
f 664/1003/787 669/1005/789 1306/1953/1515
f 664/1954/787 1307/1955/1516 665/1956/788
f 664/1954/787 1306/1957/1515 1308/1958/1517
f 664/1954/787 1308/1958/1517 1307/1955/1516
f 1309/1959/1518 1310/1960/1519 942/1427/1104
f 1309/1959/1518 1311/1961/1520 1312/1962/1521
f 1309/1959/1518 4437/1963/1522 1311/1961/1520
f 1309/1959/1518 1313/1964/1523 1310/1960/1519
f 1309/1965/1518 1312/1966/1521 1313/1967/1523
f 1309/1959/1518 942/1427/1104 4437/1963/1522
f 1316/1968/1524 1314/1969/1525 4856/1970/1526
f 1316/1971/1524 1315/598/480 402/597/479
f 1316/1968/1524 4856/1970/1526 1315/1972/480
f 1316/1973/1524 1318/1974/1527 1317/1975/1528
f 1316/1971/1524 402/597/479 1318/1976/1527
f 1316/1968/1524 1317/1977/1528 1314/1969/1525
f 1322/1978/1529 1319/1979/1530 1320/1980/1531
f 1322/1978/1529 4896/114/88 1319/1979/1530
f 1322/1978/1529 1324/1981/1532 1321/1982/1533
f 1322/1978/1529 1320/1980/1531 1323/1983/1534
f 1322/1984/1529 1323/1985/1534 1324/1986/1532
f 1322/1978/1529 1321/1982/1533 4896/114/88
f 1326/1987/1535 1329/1988/1536 1325/1989/1537
f 1326/1990/1535 2328/1991/1538 1327/1992/1539
f 1326/1987/1535 1325/1989/1537 2328/1993/1538
f 1326/1990/1535 1328/1994/1540 1329/1995/1536
f 1326/1990/1535 1330/1996/1541 1328/1994/1540
f 1326/1990/1535 417/620/496 1330/1996/1541
f 1326/1990/1535 1327/1992/1539 417/620/496
f 611/926/726 765/1166/908 1331/1997/725
f 611/926/726 1332/1998/1542 765/1166/908
f 611/926/726 1331/1997/725 612/927/727
f 611/926/726 616/931/731 1332/1998/1542
f 431/634/510 617/932/732 562/845/663
f 431/634/510 4695/1999/1543 1392/635/511
f 431/634/510 562/845/663 4695/1999/1543
f 261/404/310 57/91/68 1333/2000/1544
f 261/404/310 1334/2001/1545 262/405/311
f 261/404/310 1333/2000/1544 1334/2001/1545
f 1336/2002/1546 1171/1751/1354 1335/2003/1547
f 1336/2004/1546 4240/2005/1548 1339/2006/1549
f 1336/2002/1546 1335/2003/1547 1337/2007/1550
f 1336/2008/1546 1338/2009/1551 4240/2010/1548
f 1336/2011/1546 1337/2012/1550 1338/2013/1551
f 1336/2002/1546 1339/2014/1549 1171/1751/1354
f 1340/2015/1552 1341/2016/1553 1342/2017/1554
f 1340/2015/1552 1342/2017/1554 448/655/528
f 1340/2015/1552 1343/2018/1555 1341/2016/1553
f 1340/2015/1552 448/655/528 447/654/527
f 1340/2015/1552 1344/2019/1556 1343/2018/1555
f 278/427/329 1345/2020/1557 1220/1821/1408
f 278/427/329 1220/1821/1408 279/428/330
f 278/427/329 283/434/334 1346/2021/1558
f 278/427/329 1346/2021/1558 1345/2020/1557
f 1349/2022/1559 1351/2023/1560 1347/2024/1561
f 1349/2022/1559 1348/2025/1562 289/444/337
f 1349/2026/1559 1350/2027/1563 1351/2028/1560
f 1349/2026/1559 2437/2029/1564 1350/2027/1563
f 1349/2022/1559 1347/2024/1561 1348/2025/1562
f 1352/2030/1565 1353/2031/1566 1354/2032/1567
f 1352/2030/1565 1355/2033/1568 1353/2031/1566
f 1352/2030/1565 291/446/342 1355/2033/1568
f 1352/2030/1565 1787/447/343 291/446/342
f 1352/2030/1565 1354/2032/1567 1787/447/343
f 1356/2034/908 1357/2035/1569 1358/2036/1570
f 1356/2034/908 1359/2037/1571 1360/2038/1572
f 1356/2034/908 1358/2036/1570 2858/2039/1573
f 1356/2034/908 4732/2040/1574 1359/2037/1571
f 1356/2034/908 2858/2039/1573 4732/2040/1574
f 1356/2034/908 1360/2038/1572 1357/2035/1569
f 1364/2041/1575 1361/2042/1576 1362/2043/1577
f 1364/2041/1575 1363/2044/1578 1361/2042/1576
f 1364/2041/1575 1366/2045/1579 1363/2044/1578
f 1364/2046/1575 1365/2047/1580 1366/2048/1579
f 1364/2046/1575 1362/2049/1577 1365/2047/1580
f 1370/2050/1581 1367/2051/1582 1368/2052/1583
f 1370/2053/1581 1369/2054/1584 4895/2055/1585
f 1370/2056/1581 4895/2057/1585 4738/2058/1586
f 1370/2050/1581 4738/2059/1586 1367/2051/1582
f 1370/2053/1581 1368/2060/1583 1371/2061/1587
f 1370/2053/1581 1371/2061/1587 1369/2054/1584
f 399/589/371 398/588/472 312/2062/372
f 399/478/371 313/480/373 2119/586/471
f 489/725/579 1372/2063/1588 1373/2064/1589
f 489/725/579 1373/2064/1589 490/726/580
f 489/725/579 1374/2065/1590 1375/2066/1591
f 489/725/579 1375/2066/1591 1372/2063/1588
f 489/725/579 492/728/582 1374/2065/1590
f 1378/2067/679 1376/2068/1592 1377/2069/1593
f 1378/2067/679 1377/2069/1593 1379/2070/1594
f 1378/2071/679 572/871/681 3729/2072/1595
f 1378/2073/679 1379/2074/1594 1380/2075/680
f 1378/2067/679 3729/2076/1595 1376/2068/1592
f 1381/2077/1596 1382/2078/1597 1383/2079/1598
f 1381/2077/1596 1384/2080/1599 1382/2078/1597
f 1381/2077/1596 1383/2079/1598 1385/2081/1600
f 1381/2077/1596 1385/2081/1600 1386/2082/1601
f 1381/2077/1596 1386/2082/1601 1384/2080/1599
f 1387/2083/1602 1391/2084/1603 1388/2085/1604
f 1387/2086/1602 1389/2087/1605 1929/2088/1606
f 1387/2086/1602 1390/2089/1607 1389/2087/1605
f 1387/2086/1602 1929/2088/1606 1391/2090/1603
f 1387/2091/1602 1392/2092/511 1390/2093/1607
f 1387/2083/1602 1388/2085/1604 1392/635/511
f 1393/2094/1608 1394/2095/1609 1395/2096/1610
f 1393/2094/1608 1396/2097/1611 1397/2098/1612
f 1393/2094/1608 1363/2044/1578 1396/2097/1611
f 1393/2094/1608 1398/2099/1613 1363/2044/1578
f 1393/2094/1608 1397/2098/1612 1394/2095/1609
f 1393/2094/1608 1395/2096/1610 1398/2099/1613
f 1400/2100/1614 1399/2101/1615 17/22/21
f 1400/2100/1614 17/22/21 15/26/20
f 1400/2102/1614 15/20/20 1401/2103/1616
f 1400/2102/1614 1401/2103/1616 1402/2104/1617
f 1400/2100/1614 1402/2105/1617 1399/2101/1615
f 21/29/26 1403/2106/1618 1404/2107/1619
f 21/29/26 1405/2108/1620 3055/2109/1621
f 21/29/26 4571/2110/30 1405/2108/1620
f 21/29/26 3055/2109/1621 1403/2106/1618
f 21/29/26 1404/2107/1619 25/30/27
f 1406/2111/1622 1407/2112/1623 1408/2113/1624
f 1406/2111/1622 28/44/34 1407/2112/1623
f 1406/2111/1622 1409/2114/1625 1410/2115/1626
f 1406/2111/1622 1411/2116/1627 1409/2114/1625
f 1406/2111/1622 1408/2113/1624 1411/2116/1627
f 1406/2111/1622 1410/2115/1626 28/44/34
f 1412/2117/1628 2305/2118/1629 1413/2119/1630
f 1412/2117/1628 1414/2120/1631 2305/2118/1629
f 1412/2117/1628 1413/2119/1630 1415/2121/1632
f 1412/2117/1628 1415/2121/1632 1416/2122/1633
f 1412/2117/1628 1416/2122/1633 1417/2123/1634
f 1412/2117/1628 1417/2123/1634 1414/2120/1631
f 1418/2124/1635 1419/2125/1636 1420/2126/1637
f 1418/2124/1635 1421/2127/1638 41/65/48
f 1418/2124/1635 41/65/48 37/2128/50
f 1418/2124/1635 37/2128/50 1419/2125/1636
f 1418/2124/1635 1420/2126/1637 1421/2127/1638
f 1422/2129/1639 1423/2130/1640 549/828/650
f 1422/2131/1639 999/1503/1164 1423/2132/1640
f 1422/2131/1639 1000/1504/1165 999/1503/1164
f 1422/2129/1639 549/828/650 552/832/652
f 1422/2131/1639 1424/2133/1641 1000/1504/1165
f 1422/2129/1639 552/832/652 1424/2134/1641
f 1425/528/416 1426/2135/1642 4614/1468/1138
f 1425/528/416 4614/1468/1138 974/1467/1137
f 1425/528/416 974/1467/1137 349/529/417
f 1425/2136/416 352/2137/421 1426/2138/1642
f 1427/2139/1643 1428/2140/1644 1429/2141/1645
f 1427/2139/1643 1430/2142/1646 1665/2143/1647
f 1427/2139/1643 1665/2143/1647 1428/2140/1644
f 1427/2139/1643 1429/2141/1645 1431/2144/1648
f 1427/2139/1643 1431/2144/1648 1430/2142/1646
f 1434/2145/1649 1432/2146/1650 1433/2147/1651
f 1434/2145/1649 1433/2147/1651 1435/2148/1652
f 1434/2149/1649 1435/2150/1652 1437/2151/1653
f 1434/2152/1649 2575/2153/1654 1436/2154/1655
f 1434/2145/1649 1436/2155/1655 1432/2146/1650
f 1434/2156/1649 1437/2157/1653 2575/2158/1654
f 1438/2159/1656 1439/2160/1657 1440/2161/1658
f 1438/2159/1656 1441/2162/1659 3046/2163/1660
f 1438/2159/1656 1440/2161/1658 1441/2162/1659
f 1438/2159/1656 3046/2163/1660 3047/2164/1661
f 1438/2159/1656 3047/2164/1661 1442/2165/1662
f 1438/2159/1656 1442/2165/1662 1439/2160/1657
f 1447/2166/1663 1292/2167/1496 1443/2168/1664
f 1447/2169/1663 1446/2170/1665 1448/2171/1497
f 1447/2166/1663 1444/2172/1666 1445/2173/1667
f 1447/2166/1663 1443/2168/1664 1444/2172/1666
f 1447/2174/1663 1445/2175/1667 1446/2176/1665
f 1447/2177/1663 1448/2178/1497 1292/2179/1496
f 1449/2180/1668 1450/2181/1669 1451/2182/1670
f 1449/2180/1668 1452/2183/1671 1453/2184/1672
f 1449/2180/1668 1454/2185/1673 1452/2183/1671
f 1449/2180/1668 1453/2184/1672 1455/2186/1674
f 1449/2180/1668 1455/2186/1674 1450/2181/1669
f 1449/2180/1668 1451/2182/1670 1454/2185/1673
f 1456/2187/1675 1457/2188/1676 1458/2189/1677
f 1456/2187/1675 1458/2189/1677 1459/2190/1678
f 1456/2187/1675 1460/2191/1679 1457/2188/1676
f 1456/2187/1675 1459/2190/1678 274/421/326
f 1456/2187/1675 274/421/326 1460/2191/1679
f 1461/2192/1680 1462/2193/1681 1463/2194/1682
f 1461/2192/1680 1464/2195/1683 1465/2196/1684
f 1461/2192/1680 1466/2197/1685 1464/2195/1683
f 1461/2192/1680 1467/2198/1686 1466/2197/1685
f 1461/2192/1680 1465/2196/1684 1462/2193/1681
f 1461/2192/1680 1463/2194/1682 1467/2198/1686
f 1468/2199/111 1469/2200/1687 95/140/111
f 1468/2199/111 1470/2201/1688 1471/2202/1689
f 1468/2199/111 1472/2203/1690 2696/2204/1691
f 1468/2199/111 95/140/111 1470/2201/1688
f 1468/2199/111 2696/2204/1691 1469/2200/1687
f 1468/2199/111 1471/2202/1689 1472/2203/1690
f 1473/2205/1692 1601/2206/1693 1474/2207/1694
f 1473/2205/1692 1474/2207/1694 101/146/117
f 1473/2205/1692 100/145/116 4851/2208/1695
f 1473/2205/1692 4851/2208/1695 1603/2209/1696
f 1473/2205/1692 1603/2209/1696 1601/2206/1693
f 1473/2205/1692 101/146/117 100/145/116
f 675/1018/799 1829/2210/1697 1475/2211/1698
f 675/1018/799 1475/2211/1698 1476/2212/1699
f 675/1018/799 1477/2213/1700 1829/2210/1697
f 675/1018/799 1476/2212/1699 676/1019/800
f 675/1018/799 680/1023/804 1477/2213/1700
f 343/2214/409 1478/2215/1701 113/164/134
f 343/2216/409 1479/2217/133 1480/2218/410
f 343/2214/409 113/164/134 1479/163/133
f 343/2214/409 345/2219/412 1478/2215/1701
f 1483/2220/1702 1481/2221/1703 1482/2222/1704
f 1483/2223/1702 1484/2224/1705 1487/2225/1706
f 1483/2220/1702 1485/2226/1707 1484/2227/1705
f 1483/2220/1702 1482/2222/1704 1486/2228/1708
f 1483/2220/1702 1486/2228/1708 1485/2226/1707
f 1483/2220/1702 1487/2229/1706 1481/2221/1703
f 120/183/144 1488/2230/1709 121/184/145
f 120/183/144 125/188/149 1489/2231/1710
f 120/183/144 1489/2231/1710 1488/2230/1709
f 1497/2232/1711 1490/2233/1712 1491/2234/1713
f 1497/2235/1711 1492/2236/1714 1493/2237/1715
f 1497/2232/1711 1494/2238/1716 1490/2233/1712
f 1495/2239/1717 1496/2240/1718 1497/2241/1719
f 1497/2235/1711 1493/2237/1715 1498/2242/1720
f 1496/2240/1718 1499/2243/908 1497/2241/1719
f 1500/2244/1721 1497/2241/1719 1501/2245/1722
f 1501/2245/1722 1497/2241/1719 1499/2243/908
f 1497/2235/1711 1491/2246/1713 1492/2236/1714
f 1497/2235/1711 1502/2247/1723 1494/2248/1716
f 1497/2235/1711 1498/2242/1720 1502/2247/1723
f 143/215/165 142/214/168 1503/2249/1724
f 143/215/165 1503/2249/1724 1504/2250/1725
f 143/210/165 1504/2251/1725 1505/2252/1726
f 143/210/165 1505/2252/1726 139/211/166
f 1506/2253/1727 1507/2254/1728 1508/2255/1729
f 1506/2253/1727 1509/2256/1730 1511/2257/1731
f 1506/2253/1727 1510/2258/1732 1509/2256/1730
f 1506/2253/1727 1508/2255/1729 1510/2258/1732
f 1506/2259/1727 1511/2260/1731 1512/2261/1733
f 1506/2259/1727 1512/2261/1733 1507/2262/1728
f 1513/2263/1734 3132/2264/1735 738/1119/873
f 1513/2265/1734 1514/2266/1736 1515/2267/1737
f 1513/2263/1734 1516/2268/1738 4674/2269/1739
f 1513/2263/1734 1515/2270/1737 3132/2264/1735
f 1513/2263/1734 738/1119/873 1516/2268/1738
f 1513/2263/1734 4674/2269/1739 1514/2271/1736
f 1517/2272/1740 1518/2273/1741 1519/2274/1742
f 1517/2272/1740 1520/2275/1743 1521/2276/1744
f 1517/2272/1740 4885/2277/1745 1520/2275/1743
f 1517/2272/1740 1521/2276/1744 1518/2273/1741
f 1517/2272/1740 3302/2278/1746 4885/2277/1745
f 300/463/356 1522/2279/1747 301/464/357
f 300/463/356 584/886/693 1522/2279/1747
f 300/463/356 303/467/360 585/887/694
f 300/463/356 585/887/694 584/886/693
f 1523/2280/1748 1524/2281/1749 1525/2282/1750
f 1523/2280/1748 1525/2282/1750 1526/2283/1751
f 1523/2280/1748 1526/2283/1751 1527/2284/1752
f 1523/2280/1748 1527/2284/1752 1528/2285/1753
f 1523/2280/1748 1528/2285/1753 1524/2281/1749
f 1529/2286/1754 1530/2287/1755 1531/2288/1756
f 1529/2286/1754 1531/2288/1756 90/135/106
f 1529/2286/1754 90/135/106 4069/133/104
f 1529/2286/1754 1532/2289/1757 1530/2287/1755
f 1529/2286/1754 4069/133/104 4613/2290/1758
f 1529/2286/1754 4613/2290/1758 1532/2289/1757
f 1533/2291/1759 2716/2292/1760 2718/2293/1761
f 1533/2294/1759 2718/2295/1761 1534/2296/1762
f 1533/2297/1759 1534/2298/1762 4623/2299/1763
f 1533/2291/1759 4749/2300/1764 4619/2301/1765
f 1533/2297/1759 4623/2299/1763 4749/2302/1764
f 1533/2291/1759 4619/2301/1765 2716/2292/1760
f 1535/2303/1766 1538/2304/1767 1536/2305/1768
f 1535/2306/1766 1537/2307/1769 1538/2308/1767
f 1535/2309/1766 1540/2310/1770 1539/2311/1771
f 1535/2303/1766 1536/2305/1768 4140/2312/1772
f 1535/2303/1766 4140/2312/1772 1540/2313/1770
f 1535/2309/1766 1539/2311/1771 1541/2314/1773
f 1535/2306/1766 1541/2315/1773 1537/2307/1769
f 231/357/274 1542/2316/1774 232/358/275
f 231/357/274 1543/2317/1775 1542/2316/1774
f 231/357/274 234/360/277 1543/2317/1775
f 1544/2318/1776 110/158/129 1545/2319/1777
f 1544/2318/1776 3570/2320/1778 3575/2321/1779
f 1544/2318/1776 111/159/130 110/158/129
f 1544/2318/1776 1545/2319/1777 3570/2320/1778
f 1544/2318/1776 3575/2321/1779 1546/2322/1780
f 1544/2318/1776 1546/2322/1780 111/159/130
f 1547/1743/1346 4834/2323/1781 1165/1744/1347
f 1547/1743/1346 1168/1748/1351 4249/2324/1782
f 1547/2325/1346 4249/2326/1782 4834/2327/1781
f 1548/2328/1783 1549/2329/1784 1077/1633/1257
f 1548/2328/1783 1077/1633/1257 1078/1635/1259
f 1548/2328/1783 1078/1635/1259 1550/2330/1785
f 1548/2328/1783 1550/2330/1785 1551/2331/1786
f 1548/2328/1783 1551/2331/1786 1549/2329/1784
f 1554/2332/908 1552/2333/1787 1553/2334/1788
f 1554/2335/908 1555/2336/1789 1552/2337/1787
f 1554/2335/908 1556/2338/1790 1555/2336/1789
f 1554/2332/908 1557/2339/1791 1556/2340/1790
f 1554/2332/908 1553/2334/1788 1558/2341/1792
f 1554/2332/908 1558/2341/1792 1557/2339/1791
f 1560/2342/1793 2626/2343/1794 1559/2344/1795
f 1560/2345/1793 1561/2346/1796 2626/2347/1794
f 1560/2342/1793 1559/2344/1795 1563/2348/1797
f 1560/2345/1793 1562/2349/1798 1561/2346/1796
f 1560/2345/1793 1563/2350/1797 1562/2349/1798
f 1565/2351/1799 1568/2352/1800 1564/2353/1801
f 1565/2354/1799 4121/2355/1802 1566/2356/1803
f 1565/2351/1799 1564/2353/1801 1567/2357/1804
f 1565/2354/1799 1566/2356/1803 1568/2358/1800
f 1565/2351/1799 1567/2357/1804 1569/2359/1805
f 1565/2354/1799 1569/2360/1805 4121/2355/1802
f 1570/2361/1806 978/1473/1142 1571/2362/1807
f 1570/2361/1806 1571/2362/1807 1572/2363/1808
f 1570/2361/1806 1573/2364/1809 1574/2365/1810
f 1570/2361/1806 487/723/574 1573/2364/1809
f 1570/2361/1806 1572/2363/1808 487/723/574
f 1570/2361/1806 1574/2365/1810 978/1473/1142
f 1575/2366/1811 1576/2367/1812 1577/2368/1813
f 1575/2366/1811 4354/2369/1814 1576/2367/1812
f 1575/2366/1811 1577/2368/1813 1578/2370/1815
f 1575/2366/1811 567/853/669 1579/2371/1816
f 1575/2366/1811 1579/2371/1816 4354/2369/1814
f 1575/2366/1811 1578/2370/1815 567/853/669
f 1580/2372/1817 1581/2373/1818 1582/2374/1819
f 1580/2372/1817 1583/2375/1820 1581/2373/1818
f 1580/2372/1817 1582/2374/1819 1787/447/343
f 1580/2372/1817 1787/447/343 3542/2376/1821
f 1580/2372/1817 3542/2376/1821 1583/2375/1820
f 1584/2377/1822 1585/2378/1823 1586/2379/1824
f 1584/2377/1822 1587/2380/1825 1588/2381/1826
f 1584/2377/1822 1589/2382/1827 1590/2383/1828
f 1584/2377/1822 1588/2381/1826 1585/2378/1823
f 1584/2377/1822 1590/2383/1828 1587/2380/1825
f 1584/2377/1822 1586/2379/1824 1589/2382/1827
f 1591/2384/1829 1592/2385/1830 1593/2386/1831
f 1591/2384/1829 1594/2387/1832 1595/2388/1833
f 1591/2384/1829 89/134/105 1594/2387/1832
f 1591/2384/1829 1593/2386/1831 89/134/105
f 1591/2384/1829 1595/2388/1833 1592/2385/1830
f 1596/2389/618 4118/2390/1834 1597/2391/1835
f 1596/2392/618 4428/2393/623 4118/2394/1834
f 1596/2389/618 1598/2395/1836 523/2396/619
f 1596/2389/618 1597/2391/1835 1598/2395/1836
f 1601/2206/1693 3967/2397/1837 1599/2398/1838
f 1601/2206/1693 1600/2399/1839 1474/2207/1694
f 1601/2206/1693 1599/2398/1838 1600/2399/1839
f 1601/2400/1693 1602/2401/1840 3967/2402/1837
f 1601/2400/1693 1603/2403/1696 1602/2401/1840
f 547/2404/646 1609/2405/1841 2336/2406/1842
f 547/2407/646 2336/2408/1842 550/2409/647
f 547/2404/646 4421/2410/1843 1609/2405/1841
f 547/2404/646 548/2411/649 4421/2410/1843
f 1604/2412/1844 2847/2413/1845 1605/2414/1846
f 1604/2412/1844 1606/2415/1847 4280/2416/1848
f 1604/2412/1844 1607/2417/1849 1608/2418/1850
f 1604/2412/1844 1605/2414/1846 1607/2417/1849
f 1604/2412/1844 4280/2416/1848 2847/2413/1845
f 1604/2412/1844 1608/2418/1850 1606/2415/1847
f 1611/2419/1851 1609/2420/1841 2337/2421/1852
f 1611/2422/1851 4527/2423/1853 1610/2424/193
f 1611/2419/1851 2335/2425/1854 1609/2420/1841
f 1611/2426/1851 2337/2427/1852 4527/2428/1853
f 1611/2429/1851 159/2430/189 2335/2431/1854
f 1611/2422/1851 1610/2424/193 159/2432/189
f 1612/2433/1855 1613/2434/1856 1614/2435/1857
f 1612/2433/1855 1148/1722/1329 1150/1724/1331
f 1612/2433/1855 1150/1724/1331 1613/2434/1856
f 1612/2433/1855 1615/2436/1239 608/923/723
f 1612/2433/1855 1614/2435/1857 1615/2436/1239
f 1612/2433/1855 608/923/723 1148/1722/1329
f 1616/2437/1858 1617/2438/1859 1618/2439/1860
f 1616/2437/1858 1619/2440/1861 1620/2441/1862
f 1616/2437/1858 1621/2442/1863 1617/2438/1859
f 1616/2437/1858 1620/2441/1862 1621/2442/1863
f 1616/2437/1858 1618/2439/1860 1619/2440/1861
f 1622/2443/1864 1623/2444/1865 1624/2445/1866
f 1622/2443/1864 1625/2446/1867 4058/2447/1868
f 1622/2443/1864 1265/1882/1460 1261/1878/1456
f 1622/2443/1864 1261/1878/1456 1625/2446/1867
f 1622/2443/1864 4058/2447/1868 1623/2444/1865
f 1622/2443/1864 1624/2445/1866 1265/1882/1460
f 1626/2448/1869 1627/2449/1870 1628/2450/1871
f 1626/2451/1869 1628/2452/1871 1629/2453/1872
f 1626/2448/1869 4783/2454/1873 1627/2449/1870
f 1626/2451/1869 1629/2453/1872 1630/2455/1874
f 1626/2448/1869 1630/2456/1874 4783/2454/1873
f 1633/2457/1875 1631/2458/1876 1632/2459/1877
f 1633/2460/1875 1635/2461/1878 1631/2462/1876
f 1633/2463/1875 1634/2464/1879 1635/2465/1878
f 1633/2463/1875 1637/2466/1880 1634/2464/1879
f 1633/2457/1875 1636/2467/1881 1637/2468/1880
f 1633/2457/1875 1632/2459/1877 1636/2467/1881
f 1638/2469/1882 1639/2470/1883 1640/2471/1884
f 1638/2469/1882 1641/2472/1885 2739/2473/1886
f 1638/2469/1882 1642/2474/1887 1639/2470/1883
f 1638/2469/1882 1643/2475/1888 1641/2472/1885
f 1638/2469/1882 2739/2473/1886 1642/2474/1887
f 1638/2469/1882 1640/2471/1884 1643/2475/1888
f 1646/2476/1889 1644/2477/1890 1645/2478/1891
f 1646/2476/1889 2418/2479/757 641/2480/759
f 1646/2481/1889 1647/806/634 1644/2482/1890
f 1646/2483/1889 641/965/759 640/962/756
f 1646/2476/1889 1645/2478/1891 2418/2479/757
f 1646/2483/1889 640/962/756 1647/2484/634
f 1648/2485/1892 643/967/761 1649/2486/1893
f 1648/2485/1892 241/369/286 3372/1871/1449
f 1648/2485/1892 3372/1871/1449 643/967/761
f 1648/2485/1892 1649/2486/1893 242/370/287
f 1648/2485/1892 242/370/287 241/369/286
f 1650/2487/1894 3373/2488/1895 3376/2489/1896
f 1650/2487/1894 1651/2490/1897 1652/2491/1898
f 1650/2487/1894 3376/2489/1896 1653/2492/1899
f 1650/2487/1894 1652/2491/1898 3373/2488/1895
f 1650/2487/1894 1653/2492/1899 1651/2490/1897
f 337/512/402 338/514/404 3882/2493/1900
f 337/512/402 1654/2494/1901 340/513/403
f 337/512/402 3882/2493/1900 1655/2495/354
f 337/512/402 1655/2495/354 1654/2494/1901
f 1656/2496/1902 1657/2497/1903 1658/2498/1904
f 1656/2496/1902 344/523/411 347/526/414
f 1656/2496/1902 1659/2499/1905 1660/2500/1906
f 1656/2496/1902 2195/2501/1907 1659/2499/1905
f 1656/2496/1902 1658/2498/1904 344/523/411
f 1656/2496/1902 347/526/414 2195/2501/1907
f 1656/2496/1902 1660/2500/1906 1657/2497/1903
f 1661/2502/1908 1662/2503/1909 1663/2504/1910
f 1661/2502/1908 1166/1745/1348 1169/1749/1352
f 1661/2502/1908 57/2505/68 1166/1745/1348
f 1661/2502/1908 1663/2504/1910 57/2505/68
f 1661/2502/1908 1169/1749/1352 1662/2503/1909
f 1664/2506/1911 1428/2507/1644 1665/2508/1647
f 1664/2506/1911 1665/2508/1647 1666/2509/1912
f 1664/2506/1911 267/410/316 1667/2510/1913
f 1664/2506/1911 1667/2510/1913 1668/2511/1914
f 1664/2506/1911 268/411/317 267/410/316
f 1664/2506/1911 1666/2509/1912 268/411/317
f 1664/2506/1911 1668/2511/1914 1428/2507/1644
f 354/535/423 359/540/428 1669/2512/1915
f 354/2513/423 1670/2514/1916 1671/2515/1917
f 354/2513/423 1669/2516/1915 1672/2517/1918
f 354/2513/423 1672/2517/1918 1670/2514/1916
f 354/535/423 1671/2518/1917 355/536/424
f 894/2519/1052 1673/2520/1919 1674/2521/1920
f 894/2522/1052 2926/2523/1921 837/2524/990
f 894/2519/1052 1674/2521/1920 2926/2525/1921
f 894/2519/1052 1675/2526/1922 1673/2520/1919
f 894/1357/1052 895/1365/1054 1675/2527/1922
f 1676/2528/1923 3775/314/247 208/313/246
f 1676/2528/1923 3776/2529/1924 3775/314/247
f 1676/2530/1923 1328/1994/1540 3776/2531/1924
f 1676/2528/1923 1677/2532/1925 1328/2533/1540
f 1676/2528/1923 208/313/246 1677/2532/1925
f 1678/2534/1926 1679/2535/908 1680/2536/1927
f 1678/2534/1926 1680/2536/1927 1681/2537/1928
f 1678/2534/1926 1682/2538/1929 1683/2539/1930
f 1678/2534/1926 2021/2540/1931 1682/2538/1929
f 1678/2534/1926 1681/2537/1928 2021/2540/1931
f 1678/2534/1926 1683/2539/1930 1679/2535/908
f 1684/2541/1932 12/2542/15 1685/2543/17
f 1684/2541/1932 538/810/637 534/813/632
f 1684/2541/1932 534/813/632 12/2542/15
f 1684/2541/1932 1686/2544/1933 538/810/637
f 1684/2541/1932 1685/2543/17 1686/2544/1933
f 14/2545/19 1687/2546/1934 1690/2547/1935
f 14/19/19 1688/2548/1936 1689/2549/1937
f 14/19/19 1689/2549/1937 15/20/20
f 14/19/19 1690/2550/1935 1688/2548/1936
f 14/2545/19 20/25/24 1687/2546/1934
f 1693/2551/1938 3783/2552/477 1691/2553/1939
f 1693/2554/1938 1696/2555/1940 1692/2556/1941
f 1693/2557/1938 1691/2558/1939 1694/2559/1942
f 1693/2557/1938 1694/2559/1942 1695/2560/1943
f 1693/2551/1938 1692/2561/1941 3783/2552/477
f 1693/2557/1938 1695/2560/1943 1696/2562/1940
f 1697/2563/1944 1698/2564/1945 1699/2565/1946
f 1697/2563/1944 1700/2566/1947 2970/1648/388
f 1697/2563/1944 2970/1648/388 1701/2567/1948
f 1697/2563/1944 1699/2565/1946 1700/2566/1947
f 1697/2563/1944 1701/2567/1948 1698/2564/1945
f 237/364/281 499/737/589 1702/2568/1949
f 237/364/281 1702/2568/1949 238/365/282
f 237/364/281 500/738/590 499/737/589
f 237/364/281 242/370/287 500/738/590
f 1703/2569/1950 1704/2570/1951 164/249/195
f 1703/2569/1950 164/249/195 166/251/197
f 1703/2569/1950 166/251/197 1705/2571/1952
f 1703/2569/1950 1706/2572/1953 1707/2573/1954
f 1703/2569/1950 1705/2571/1952 1706/2572/1953
f 1703/2569/1950 1707/2573/1954 1704/2570/1951
f 1708/2574/1955 428/631/507 1709/2575/1956
f 1708/2574/1955 1710/2576/1957 1711/2577/1958
f 1708/2574/1955 1709/2575/1956 1710/2576/1957
f 1708/2574/1955 1712/2578/1959 428/631/507
f 1708/2574/1955 1711/2577/1958 1712/2578/1959
f 1713/2579/1960 1714/2580/1961 1715/2581/1962
f 1713/2579/1960 1716/2582/1963 1717/2583/1964
f 1713/2579/1960 1718/2584/1965 1719/2585/1966
f 1713/2579/1960 1719/2585/1966 1714/2580/1961
f 1713/2579/1960 1715/2581/1962 1716/2582/1963
f 1713/2579/1960 1717/2583/1964 1718/2584/1965
f 1720/2586/1967 1721/2587/1968 1722/2588/1969
f 1720/2586/1967 1722/2588/1969 638/959/753
f 1720/2586/1967 638/959/753 634/955/749
f 1720/2586/1967 1723/2589/1970 1724/2590/1971
f 1720/2586/1967 1724/2590/1971 1721/2587/1968
f 1720/2586/1967 634/955/749 1723/2589/1970
f 1725/2591/1972 1726/2592/1973 1727/2593/1974
f 1725/2591/1972 1728/2594/1975 1729/2595/1976
f 1725/2591/1972 1727/2593/1974 1728/2594/1975
f 1725/2591/1972 1729/2595/1976 4369/2596/1977
f 1725/2597/1972 4369/2598/1977 2200/2599/1978
f 1725/2591/1972 2200/2600/1978 1726/2592/1973
f 1730/2601/1979 936/1417/1096 938/1420/1099
f 1730/2602/1979 753/1152/895 1731/2603/1980
f 1730/2601/1979 1731/2604/1980 936/1417/1096
f 1730/2601/1979 938/1420/1099 1732/2605/1981
f 1730/2602/1979 1733/2606/1982 753/1152/895
f 1730/2602/1979 1732/2607/1981 1733/2606/1982
f 1734/2608/1983 1735/2609/1984 288/443/340
f 1734/2608/1983 1736/2610/891 750/2611/892
f 1734/2608/1983 750/2611/892 1735/2609/1984
f 1734/2608/1983 1737/2612/1985 1736/2610/891
f 1734/2608/1983 288/443/340 287/441/339
f 1734/2608/1983 287/441/339 1737/2612/1985
f 76/120/92 1738/2613/1986 1739/2614/1987
f 76/120/92 1739/2614/1987 77/121/93
f 76/120/92 292/448/344 1738/2613/1986
f 1741/690/551 1740/2615/1988 467/691/552
f 1741/2616/551 1299/1943/1505 4146/2617/325
f 1741/690/551 472/696/557 4903/2618/1989
f 1741/2616/551 1300/1944/1506 1299/1943/1505
f 1741/690/551 4903/2618/1989 4816/2619/1990
f 1741/690/551 4816/2619/1990 1300/2620/1506
f 1742/2621/1991 1743/2622/1992 1744/2623/1993
f 1742/2621/1991 1745/2624/1994 1746/2625/1995
f 1742/2621/1991 1747/2626/1996 1748/2627/1997
f 1742/2621/1991 1746/2625/1995 1747/2626/1996
f 1742/2621/1991 1748/2627/1997 1743/2622/1992
f 1742/2621/1991 1744/2623/1993 1745/2624/1994
f 1749/2628/1998 1141/1714/1322 4845/2629/1999
f 1749/2628/1998 4827/2630/2000 4727/2631/2001
f 1749/2628/1998 4845/2629/1999 4827/2630/2000
f 1749/2628/1998 1142/1715/1323 1141/1714/1322
f 1749/2628/1998 4727/2631/2001 1142/1715/1323
f 1613/2434/1856 1150/1724/1331 4423/2632/2002
f 1613/2434/1856 3199/2633/2003 1614/2435/1857
f 1613/2434/1856 4423/2632/2002 3199/2633/2003
f 1750/2634/2004 1751/2635/2005 1752/2636/2006
f 1750/2634/2004 1753/2637/2007 1754/2638/2008
f 1750/2634/2004 1752/2636/2006 1753/2637/2007
f 1750/2634/2004 1372/2063/1588 1375/2066/1591
f 1750/2634/2004 1375/2066/1591 1751/2635/2005
f 1750/2634/2004 1754/2638/2008 1372/2063/1588
f 1755/2639/2009 1756/2640/2010 1757/2641/2011
f 1755/2639/2009 1757/2641/2011 1758/2642/2012
f 1755/2639/2009 1758/2642/2012 1759/2643/2013
f 1755/2639/2009 1759/2643/2013 1760/2644/2014
f 1755/2639/2009 1760/2644/2014 1756/2640/2010
f 1761/2645/2015 1762/2646/2016 1763/2647/2017
f 1761/2645/2015 1764/2648/2018 1762/2646/2016
f 1761/2645/2015 678/1021/802 1765/2649/2019
f 1761/2645/2015 1765/2649/2019 1766/2650/2020
f 1761/2645/2015 1767/2651/2021 678/1021/802
f 1761/2645/2015 1766/2650/2020 1764/2648/2018
f 1761/2645/2015 1763/2647/2017 1767/2651/2021
f 1768/2652/2022 1769/2653/2023 371/556/442
f 1768/2652/2022 1770/2654/2024 1771/2655/2025
f 1768/2656/2022 57/91/68 1769/2657/2023
f 1768/2652/2022 371/556/442 1770/2654/2024
f 1768/2656/2022 1771/2658/2025 57/91/68
f 1772/2659/2026 1773/2660/2027 1774/2661/2028
f 1772/2662/2026 4332/2663/2029 1775/2664/2030
f 1772/2662/2026 1775/2664/2030 4331/2665/2031
f 1772/2659/2026 4331/2666/2031 1773/2660/2027
f 1772/2659/2026 1774/2661/2028 1776/2667/2032
f 1772/2659/2026 1777/2668/2033 4332/2669/2029
f 1772/2659/2026 1776/2667/2032 1777/2668/2033
f 828/1259/983 1778/2670/2034 830/1260/984
f 828/1259/983 833/1266/987 1779/2671/2035
f 828/1259/983 1780/2672/2036 1778/2670/2034
f 828/1259/983 1779/2671/2035 1780/2672/2036
f 1783/2673/2037 1781/2674/2038 1503/2249/1724
f 1783/2673/2037 142/214/168 1782/2675/2039
f 1783/2673/2037 1503/2249/1724 142/214/168
f 1783/2676/2037 1782/2677/2039 1784/2678/2040
f 1783/2676/2037 1785/2679/2041 1781/2680/2038
f 1783/2676/2037 1784/2678/2040 1785/2679/2041
f 1789/2681/2042 1786/2682/2043 1787/2683/343
f 1789/2681/2042 1788/2684/2044 1786/2682/2043
f 1789/2685/2042 1787/2686/343 1790/2687/2045
f 1789/2685/2042 1790/2687/2045 4092/2688/2046
f 1789/2681/2042 4092/2689/2046 1788/2684/2044
f 1791/2690/908 1679/2535/908 1792/2691/908
f 1791/2690/908 1793/2692/2047 1679/2535/908
f 1791/2690/908 4446/2693/2048 4271/2694/2049
f 1791/2690/908 1794/2695/2050 4446/2693/2048
f 1791/2690/908 4271/2694/2049 1793/2692/2047
f 1791/2690/908 1792/2691/908 1794/2695/2050
f 1795/2696/2051 1796/2697/2052 1797/2698/2053
f 1795/2696/2051 1797/2698/2053 1798/2699/2054
f 1795/2696/2051 1799/2700/2055 1800/2701/2056
f 1795/2696/2051 1798/2699/2054 1799/2700/2055
f 1795/2696/2051 1800/2701/2056 1796/2697/2052
f 1801/2702/2057 1802/2703/2058 1803/2704/2059
f 1801/2702/2057 1085/1643/1264 1804/2705/2060
f 1801/2702/2057 4485/2706/2061 4484/2707/2062
f 1801/2702/2057 4484/2707/2062 1802/2703/2058
f 1801/2702/2057 1804/2705/2060 4485/2706/2061
f 1801/2702/2057 1803/2704/2059 1085/1643/1264
f 1805/2708/2063 1806/2709/2064 2418/1391/757
f 1805/2708/2063 4188/2710/2065 1807/2711/2066
f 1805/2708/2063 2418/1391/757 1808/2712/2067
f 1805/2708/2063 1808/2712/2067 4188/2710/2065
f 1805/2708/2063 1807/2711/2066 1806/2709/2064
f 875/1336/1032 464/685/548 1809/2713/2068
f 875/1336/1032 1809/2713/2068 876/1337/1033
f 875/1336/1032 878/1339/1035 1810/2714/2069
f 875/1336/1032 1810/2714/2069 464/685/548
f 883/1344/725 1233/1842/1424 1811/2715/2070
f 883/1344/725 1811/2715/2070 884/1345/1040
f 1812/2716/2071 1813/2717/2072 1814/2718/2073
f 1812/2716/2071 3758/1846/1050 1815/2719/2074
f 1812/2716/2071 1815/2719/2074 1816/2720/2075
f 1812/2716/2071 1814/2718/2073 3758/1846/1050
f 1812/2716/2071 1816/2720/2075 1813/2717/2072
f 1045/1580/1217 1817/2721/2076 1818/2722/2077
f 1045/1580/1217 1044/1579/1216 1817/2721/2076
f 1045/1580/1217 1818/2722/2077 1819/2723/2078
f 1824/2724/2079 1820/2725/2080 1822/2726/2081
f 1824/2727/2079 1821/2728/2082 3807/2729/2083
f 1824/2730/2079 1822/2731/2081 1823/2732/2084
f 1824/2727/2079 3807/2729/2083 1820/2733/2080
f 1824/2734/2079 1823/2735/2084 1821/2736/2082
f 1828/2737/2085 1825/2738/2086 1826/2739/2087
f 1828/2737/2085 1827/2740/2088 1385/2081/1600
f 1828/2741/2085 1829/2742/1697 4681/2743/2089
f 1828/2741/2085 1826/2744/2087 1829/2742/1697
f 1828/2737/2085 1383/2079/1598 1825/2738/2086
f 1828/2737/2085 4681/2745/2089 4680/2746/2090
f 1828/2737/2085 1385/2081/1600 1383/2079/1598
f 1828/2737/2085 4680/2746/2090 1827/2740/2088
f 1830/2747/2091 1111/1675/1291 1831/2748/2092
f 1830/2749/2091 1832/2750/2093 4640/2751/2094
f 1830/2749/2091 4640/2751/2094 1112/2752/1292
f 1830/2749/2091 1833/2753/2095 1832/2750/2093
f 1830/2747/2091 1112/1676/1292 1111/1675/1291
f 1830/2747/2091 1831/2748/2092 1833/2754/2095
f 1834/2755/2096 3546/2756/2097 1835/2757/2098
f 1834/2755/2096 3547/2758/2099 3546/2756/2097
f 1834/2755/2096 3059/2759/2100 3061/2760/2101
f 1834/2755/2096 3061/2760/2101 4704/2761/2102
f 1834/2755/2096 1835/2757/2098 3059/2759/2100
f 1834/2755/2096 4704/2761/2102 3547/2758/2099
f 1838/2762/2103 1836/2763/2104 1837/2764/2105
f 1838/2762/2103 1837/2764/2105 4820/2765/2106
f 1838/2766/2103 1841/2767/2107 1839/2768/2108
f 1838/2766/2103 1839/2768/2108 1840/2769/2109
f 1838/2762/2103 4820/2765/2106 1841/2770/2107
f 1838/2762/2103 1840/2771/2109 1836/2763/2104
f 1842/2772/2110 1843/2773/2111 1844/2774/2112
f 1842/2772/2110 1845/2775/2113 1197/1792/1385
f 1842/2772/2110 1846/2776/2114 1843/2773/2111
f 1842/2772/2110 1197/1792/1385 1196/1791/1384
f 1842/2772/2110 1844/2774/2112 1845/2775/2113
f 1842/2772/2110 1196/1791/1384 1846/2776/2114
f 934/1415/1094 1847/2777/2115 1848/2778/2116
f 934/1415/1094 1849/2779/2117 935/1416/1095
f 934/1415/1094 937/1419/1098 1847/2777/2115
f 934/1415/1094 1848/2778/2116 1849/2779/2117
f 941/1426/1101 1850/2780/2118 4114/2781/2119
f 941/1426/1101 940/1425/1103 1851/2782/2120
f 941/2783/1101 3116/2784/2121 1852/2785/1102
f 941/2783/1101 4114/2786/2119 3116/2784/2121
f 941/1426/1101 1851/2782/2120 1850/2780/2118
f 1853/2787/2122 706/2788/841 4141/2789/840
f 1853/2787/2122 1854/2790/2123 1855/2791/2124
f 1853/2787/2122 1855/2791/2124 1856/2792/2125
f 1853/2787/2122 1856/2792/2125 706/2788/841
f 1853/2787/2122 4141/2789/840 1854/2790/2123
f 1857/2793/2126 3221/2794/2127 1858/2795/2128
f 1857/2793/2126 4896/1332/88 3708/2796/2129
f 1857/2793/2126 3708/2796/2129 1859/2797/2130
f 1857/2793/2126 1858/2795/2128 4896/1332/88
f 1857/2793/2126 1859/2797/2130 3221/2794/2127
f 1860/2798/2131 1861/2799/2132 1862/2800/2133
f 1860/2798/2131 1862/2800/2133 1738/2613/1986
f 1860/2798/2131 1863/2801/2134 1864/2802/2135
f 1860/2798/2131 1738/2613/1986 1865/2803/2136
f 1860/2798/2131 1864/2802/2135 1861/2799/2132
f 1860/2798/2131 1865/2803/2136 1863/2801/2134
f 1866/2804/2137 82/126/98 1867/2805/2138
f 1866/2804/2137 1868/2806/2139 4004/2807/2140
f 1866/2804/2137 1869/2808/2141 83/127/99
f 1866/2804/2137 4004/2807/2140 1869/2808/2141
f 1866/2804/2137 83/127/99 82/126/98
f 1866/2804/2137 1867/2805/2138 1868/2806/2139
f 1872/2809/2142 1870/2810/2143 660/998/782
f 1872/2809/2142 1871/2811/2144 1870/2810/2143
f 1872/2812/2142 1874/2813/2145 1747/2626/1996
f 1872/2812/2142 1747/2626/1996 1873/2814/2146
f 1872/2809/2142 660/998/782 1874/2815/2145
f 1872/2809/2142 1873/2816/2146 1871/2811/2144
f 93/138/109 1875/2817/2147 1876/2818/2148
f 93/138/109 1877/2819/2149 1875/2817/2147
f 93/138/109 1876/2818/2148 4703/2820/2150
f 93/138/109 98/143/114 1877/2819/2149
f 93/138/109 4703/2820/2150 94/139/110
f 189/284/223 190/283/226 1878/2821/698
f 189/277/223 1878/891/698 590/893/700
f 189/277/223 590/893/700 187/278/224
f 1879/2822/2151 1880/2823/2152 1881/2824/2153
f 1879/2822/2151 1211/1811/1399 1210/1810/668
f 1879/2822/2151 1210/1810/668 1882/2825/2154
f 1879/2822/2151 3365/2826/2155 1880/2823/2152
f 1879/2822/2151 1881/2824/2153 1211/1811/1399
f 1879/2822/2151 1882/2825/2154 3365/2826/2155
f 110/166/129 1883/2827/2156 1545/2828/1777
f 110/166/129 113/164/134 1883/2827/2156
f 1884/2829/364 2226/2830/2157 1885/2831/2158
f 1884/2829/364 1885/2831/2158 306/2832/365
f 1884/471/364 1886/2833/2159 2226/2834/2157
f 1884/471/364 308/474/367 1886/2833/2159
f 1850/2780/2118 1887/2835/2160 1888/2836/2161
f 1850/2780/2118 1889/2837/2162 1890/2838/2163
f 1850/2780/2118 1851/2782/2120 1889/2837/2162
f 1850/2780/2118 1888/2836/2161 4114/2781/2119
f 1850/2780/2118 1890/2838/2163 1887/2835/2160
f 595/908/705 2097/907/708 1891/2839/2164
f 595/908/705 2530/2840/2165 1892/2841/2166
f 595/908/705 1892/2841/2166 596/2842/706
f 595/908/705 1891/2839/2164 2530/2840/2165
f 1893/2843/2167 1894/2844/2168 1895/2845/2169
f 1893/2843/2167 1896/2846/2170 1894/2844/2168
f 1893/2843/2167 1897/2847/2171 1896/2846/2170
f 1893/2843/2167 3993/2848/2172 1897/2847/2171
f 1893/2843/2167 1895/2845/2169 3993/2848/2172
f 1898/2849/2173 4235/2850/2174 1901/2851/2175
f 1898/2852/2173 4590/2853/2176 1899/2854/2177
f 1898/2852/2173 1900/2855/2178 4590/2853/2176
f 1898/2852/2173 1901/2856/2175 1900/2855/2178
f 1898/2849/2173 4237/2857/2179 4235/2850/2174
f 1905/2858/2180 440/645/521 1902/2859/2181
f 1905/2858/2180 1902/2859/2181 1903/2860/2182
f 1905/2858/2180 1903/2860/2182 1904/2861/2183
f 1905/2862/2180 1906/2863/2184 1907/2864/2185
f 1905/2862/2180 1908/2865/2186 1906/2863/2184
f 1905/2858/2180 1904/2861/2183 1908/2866/2186
f 1905/2858/2180 1907/2867/2185 440/645/521
f 704/2868/836 705/1077/838 1909/2869/2187
f 704/2870/836 1910/2871/2188 1911/2872/2189
f 704/1069/836 1911/2873/2189 4142/1070/837
f 704/2870/836 1909/2874/2187 1910/2871/2188
f 981/1476/1145 3027/2875/2190 1912/2876/2191
f 981/1476/1145 983/1478/1147 3027/2875/2190
f 981/1476/1145 1912/2876/2191 982/1477/1146
f 1917/2877/2192 1913/2878/2193 1914/2879/2194
f 1917/2877/2192 1915/2880/2195 1916/2881/2196
f 1917/2877/2192 1918/2882/2197 3008/2883/2198
f 1917/2877/2192 1914/2879/2194 1915/2880/2195
f 1917/2884/2192 1916/2885/2196 1918/2886/2197
f 1917/2877/2192 3008/2883/2198 1913/2878/2193
f 1919/2887/2199 1920/2888/2200 1921/2889/2201
f 1919/2887/2199 1922/2890/2202 1923/2891/2203
f 1919/2887/2199 1921/2889/2201 1924/2892/2204
f 1919/2887/2199 1925/2893/2205 1922/2890/2202
f 1919/2887/2199 1924/2892/2204 1925/2893/2205
f 1919/2887/2199 928/1406/1088 1920/2888/2200
f 1926/2894/2206 2376/2895/2207 1927/2896/2208
f 1926/2894/2206 1928/2897/2209 1391/2084/1603
f 1926/2898/2206 1391/2090/1603 1929/2088/1606
f 1926/2894/2206 1927/2896/2208 1928/2897/2209
f 1926/2894/2206 1929/2899/1606 2376/2895/2207
f 1930/2900/2210 1931/2901/2211 1932/2902/2212
f 1930/2900/2210 1932/2902/2212 1933/2903/2213
f 1930/2900/2210 1934/2904/2214 1686/2544/1933
f 1930/2900/2210 1933/2903/2213 1934/2904/2214
f 1930/2900/2210 1686/2544/1933 1685/2543/17
f 1930/2900/2210 1685/2543/17 1931/2901/2211
f 1935/2905/2215 4506/2906/2216 1936/2907/2217
f 1935/2905/2215 1937/2908/2218 1938/2909/2219
f 1935/2905/2215 1938/2909/2219 1939/2910/2220
f 1935/2905/2215 1936/2907/2217 1937/2908/2218
f 1935/2905/2215 1939/2910/2220 4507/2911/2221
f 1935/2905/2215 4507/2911/2221 4506/2906/2216
f 1940/2912/2222 1941/2913/2223 1942/2914/2224
f 1940/2912/2222 1943/2915/2225 1944/2916/2226
f 1940/2912/2222 1945/2917/2227 1943/2915/2225
f 1940/2912/2222 1946/2918/2228 1945/2917/2227
f 1940/2912/2222 1942/2914/2224 1946/2918/2228
f 1940/2912/2222 1944/2916/2226 1941/2913/2223
f 1407/2112/1623 27/43/33 1947/2919/2229
f 1407/2112/1623 1947/2919/2229 1948/2920/2230
f 1407/2112/1623 28/44/34 27/43/33
f 1407/2112/1623 1948/2920/2230 1408/2113/1624
f 1950/1548/1196 1949/2921/2231 1026/1549/1197
f 1950/2922/1196 1028/1554/1199 1949/2923/2231
f 1951/2924/1415 1953/2925/2232 1227/2926/1416
f 1951/2927/1415 1952/2928/2233 1953/2929/2232
f 1951/2927/1415 1954/2930/1420 1955/2931/2234
f 1951/2927/1415 1955/2931/2234 1952/2928/2233
f 1956/2932/2235 2237/2933/2236 1957/2934/2237
f 1956/2932/2235 1958/2935/2238 2237/2933/2236
f 1956/2932/2235 1959/2936/2239 1958/2935/2238
f 1956/2932/2235 1957/2934/2237 1960/2937/2240
f 1956/2932/2235 1960/2937/2240 1959/2936/2239
f 1962/81/59 50/83/61 1963/2938/2241
f 1962/81/59 1961/2939/2242 49/82/60
f 1962/2940/59 1963/2941/2241 1964/2942/2243
f 1962/81/59 1965/2943/2244 1961/2939/2242
f 1962/2940/59 1964/2942/2243 1965/2944/2244
f 1966/2945/2245 1662/2503/1909 1967/2946/2246
f 1966/2945/2245 3839/2947/2247 1968/2948/2248
f 1966/2945/2245 1969/2949/2249 1970/2950/2250
f 1966/2945/2245 1970/2950/2250 1971/2951/2251
f 1966/2945/2245 1967/2946/2246 3839/2947/2247
f 1966/2945/2245 1968/2948/2248 1969/2949/2249
f 1966/2945/2245 1971/2951/2251 1662/2503/1909
f 1972/2952/2252 1973/2953/2253 1974/2954/2254
f 1972/2952/2252 1975/2955/2255 1973/2953/2253
f 1972/2952/2252 1974/2954/2254 785/1196/933
f 1972/2952/2252 782/1193/931 1975/2955/2255
f 1972/2952/2252 785/1196/933 782/1193/931
f 1976/2956/2256 1977/2957/2257 1978/2958/2258
f 1976/2956/2256 435/639/515 1977/2957/2257
f 1976/2959/2256 1979/2960/2259 1982/2961/2260
f 1976/2959/2256 1980/2962/2261 1979/2960/2259
f 1976/2959/2256 1981/2963/2262 1980/2962/2261
f 1976/2956/2256 436/640/516 435/639/515
f 1976/2956/2256 1978/2958/2258 1981/2964/2262
f 1976/2956/2256 1982/2965/2260 436/640/516
f 708/1083/843 1983/2966/2263 1094/1653/1273
f 708/1083/843 1094/1653/1273 570/1655/674
f 708/1083/843 570/1655/674 709/1084/673
f 708/1083/843 712/1088/846 1983/2966/2263
f 1984/2967/2264 1985/2968/2265 1986/2969/2266
f 1984/2967/2264 1987/2970/2267 1985/2968/2265
f 1984/2967/2264 1986/2969/2266 1988/2971/2268
f 1984/2967/2264 1989/2972/2269 1990/2973/2270
f 1984/2967/2264 1990/2973/2270 1987/2970/2267
f 1984/2967/2264 1988/2971/2268 1989/2972/2269
f 1991/2974/2271 1992/2975/2272 1993/2976/2273
f 1991/2974/2271 1993/2976/2273 1994/2977/2274
f 1991/2974/2271 452/2978/533 1992/2975/2272
f 1991/2974/2271 1995/2979/2275 452/2978/533
f 1991/2974/2271 1994/2977/2274 1996/2980/2276
f 1991/2974/2271 1996/2980/2276 1995/2979/2275
f 307/473/366 309/475/368 1685/1688/17
f 307/473/366 1997/2981/2277 308/474/367
f 307/473/366 1685/1688/17 1997/2981/2277
f 1998/2982/2278 1999/2983/2279 2000/2984/2280
f 1998/2982/2278 2000/2984/2280 2001/2985/2281
f 1998/2982/2278 4866/148/119 101/146/117
f 1998/2982/2278 2001/2985/2281 4866/148/119
f 1998/2982/2278 101/146/117 1999/2983/2279
f 2002/2986/2282 2003/2987/2283 4659/2988/2284
f 2002/2986/2282 2004/2989/2285 2003/2987/2283
f 2002/2986/2282 2005/2990/2286 2004/2989/2285
f 2002/2986/2282 4659/2988/2284 4736/2991/2287
f 2006/2992/2288 1133/1703/1314 2002/2993/2289
f 1128/1698/1309 2007/2994/2290 2002/2993/2289
f 2006/2995/2288 2002/2996/2289 2008/2997/2291
f 2002/2986/2282 4736/2991/2287 2005/2990/2286
f 2007/2998/2290 2009/2999/2292 2002/2996/2289
f 2008/2997/2291 2002/2996/2289 2009/2999/2292
f 1128/1698/1309 2002/2993/2289 1133/1703/1314
f 2010/3000/2293 2011/3001/2294 2012/3002/2295
f 2010/3000/2293 1139/1712/1318 1138/1711/1320
f 2010/3000/2293 2013/3003/2296 2390/3004/2297
f 2010/3000/2293 1138/1711/1320 2011/3001/2294
f 2010/3000/2293 2390/3004/2297 1139/1712/1318
f 2010/3000/2293 2012/3002/2295 2013/3003/2296
f 2014/3005/2298 3977/3006/2299 3651/3007/2300
f 2014/3008/2298 2225/3009/2301 4281/3010/2302
f 2014/3008/2298 2227/3011/2303 2225/3009/2301
f 2014/3008/2298 3651/3012/2300 2227/3011/2303
f 2014/3008/2298 3978/3013/2304 3977/3014/2299
f 2014/3008/2298 4281/3010/2302 3978/3013/2304
f 2015/3015/2305 3009/3016/2306 2016/3017/2307
f 2015/3015/2305 2017/3018/2308 943/1429/1106
f 2015/3015/2305 2018/3019/2309 3009/3016/2306
f 2015/3015/2305 943/1429/1106 2018/3019/2309
f 2015/3015/2305 2016/3017/2307 2017/3018/2308
f 2020/3020/2310 2021/2540/1931 1681/2537/1928
f 2020/3021/2310 1619/2440/1861 2019/3022/2311
f 2020/3023/2310 2024/3024/2312 2021/3025/1931
f 2020/3021/2310 2023/3026/2313 1619/2440/1861
f 2020/3020/2310 2022/3027/2314 2023/3028/2313
f 2020/3020/2310 1681/2537/1928 2022/3027/2314
f 2020/3021/2310 2019/3022/2311 2024/3029/2312
f 2028/3030/2315 2025/3031/2316 2026/3032/877
f 2028/3030/2315 2026/3032/877 2027/3033/879
f 2028/3034/2315 2029/3035/2317 2025/3036/2316
f 2028/3030/2315 2027/3033/879 855/1312/1014
f 2028/3030/2315 855/1312/1014 2029/3037/2317
f 2030/3038/2318 812/1227/963 815/1230/966
f 2030/3038/2318 2031/3039/2319 2032/3040/2320
f 2030/3038/2318 815/1230/966 2033/3041/2321
f 2030/3038/2318 2032/3040/2320 2034/3042/2322
f 2030/3038/2318 4669/3043/2323 2031/3039/2319
f 2030/3038/2318 2034/3042/2322 812/1227/963
f 2030/3038/2318 2033/3041/2321 4669/3043/2323
f 2039/3044/2324 2041/3045/2325 2035/3046/2326
f 2039/3047/2324 2036/3048/2327 2037/3049/2328
f 2039/3050/2324 2037/3051/2328 2038/3052/2329
f 2039/3050/2324 2038/3052/2329 4412/3053/2330
f 2039/3054/2324 2040/3055/2331 2036/3056/2327
f 2039/3044/2324 2035/3046/2326 2040/3057/2331
f 2039/3050/2324 4412/3053/2330 2041/3058/2325
f 2042/3059/2332 2043/3060/2333 2209/3061/2334
f 2042/3059/2332 2044/3062/2335 2045/3063/2336
f 2042/3064/2332 2046/3065/2337 2043/3066/2333
f 2042/3059/2332 2209/3061/2334 2044/3062/2335
f 2042/3059/2332 2045/3063/2336 2046/3067/2337
f 2047/3068/2338 3027/3069/2190 2048/3070/2339
f 2047/3068/2338 2049/3071/2340 3436/3072/2341
f 2047/3068/2338 2048/3070/2339 2050/3073/2342
f 2047/3068/2338 2050/3073/2342 2049/3071/2340
f 2047/3068/2338 3436/3072/2341 3027/3069/2190
f 2051/3074/2343 2052/3075/2344 3986/3076/2345
f 2051/3077/2343 3481/3078/2346 2052/3079/2344
f 2051/3080/2343 2053/3081/2347 2054/3082/2348
f 2051/3080/2343 2054/3082/2348 3481/3083/2346
f 2051/3080/2343 1445/2173/1667 2053/3081/2347
f 2051/3084/2343 3986/3085/2345 1445/3086/1667
f 2055/3087/2349 3486/3088/2350 2056/3089/2351
f 2055/3087/2349 2057/3090/2352 2058/3091/2353
f 2055/3087/2349 2059/3092/2354 3486/3088/2350
f 2055/3087/2349 2058/3091/2353 2059/3092/2354
f 2055/3087/2349 2056/3089/2351 2057/3090/2352
f 2060/3093/2355 507/755/601 2061/3094/2356
f 2060/3093/2355 2061/3094/2356 2062/3095/2357
f 2060/3093/2355 2062/3095/2357 2063/3096/2358
f 2060/3093/2355 508/756/602 507/755/601
f 2060/3093/2355 2063/3096/2358 2064/3097/2359
f 2060/3093/2355 2064/3097/2359 508/756/602
f 1302/1946/1508 2065/3098/2360 2066/3099/2361
f 1302/1946/1508 2066/3099/2361 2067/3100/2362
f 1302/1946/1508 1305/1952/1514 2065/3098/2360
f 1302/1946/1508 2067/3100/2362 4136/1947/1509
f 316/485/378 2068/3101/2363 317/486/379
f 316/485/378 2069/3102/2364 2070/3103/2365
f 316/485/378 318/488/381 2069/3102/2364
f 316/485/378 2070/3103/2365 2068/3101/2363
f 2071/3104/2366 3344/3105/2367 1402/2105/1617
f 2071/3106/2366 4540/3107/2368 3344/3108/2367
f 2071/3109/2366 2072/3110/2369 2073/3111/2370
f 2071/3109/2366 1401/2103/1616 2072/3110/2369
f 2071/3112/2366 2073/3113/2370 4540/3114/2368
f 2071/3109/2366 1402/2104/1617 1401/2103/1616
f 2074/3115/2371 2075/3116/2372 2076/3117/2373
f 2074/3115/2371 2077/3118/2374 2078/3119/2375
f 2074/3115/2371 2076/3117/2373 2079/3120/2376
f 2074/3115/2371 2079/3120/2376 2077/3118/2374
f 2074/3115/2371 2078/3119/2375 2080/3121/2377
f 2074/3115/2371 2080/3121/2377 2081/3122/2378
f 2074/3115/2371 2081/3122/2378 2075/3116/2372
f 2082/3123/2379 2083/3124/2380 2084/3125/2381
f 2082/3123/2379 2085/3126/2382 2086/3127/2383
f 2082/3123/2379 2086/3127/2383 2243/3128/2384
f 2082/3123/2379 2084/3125/2381 1347/2024/1561
f 2082/3123/2379 2243/3128/2384 2083/3124/2380
f 2082/3123/2379 1347/2024/1561 2085/3126/2382
f 2087/3129/2385 2088/3130/2386 2089/3131/2387
f 2087/3129/2385 2090/3132/2388 1225/1826/1413
f 2087/3129/2385 1225/1826/1413 2088/3130/2386
f 2087/3129/2385 2091/3133/2389 757/1156/899
f 2087/3129/2385 757/1156/899 2090/3132/2388
f 2087/3129/2385 2089/3131/2387 2091/3133/2389
f 2092/3134/901 2093/3135/2390 544/819/643
f 2092/3134/901 2094/3136/2391 2093/3135/2390
f 2092/1158/901 763/1164/906 2094/3137/2391
f 2092/3134/901 544/819/643 545/820/644
f 2092/1158/901 545/3138/644 759/1159/902
f 2096/3139/2392 3563/3140/2393 2095/3141/2394
f 2096/3142/2392 2097/3143/708 2603/3144/2395
f 2096/3145/2392 2098/3146/2396 2097/907/708
f 2096/3139/2392 2095/3141/2394 2099/3147/2397
f 2096/3148/2392 2603/3149/2395 3563/3150/2393
f 2096/3145/2392 2099/3151/2397 2098/3146/2396
f 1235/1844/1426 3758/1846/1050 3470/3152/2398
f 1235/1844/1426 2100/3153/2399 1236/1845/1427
f 1235/1844/1426 3470/3152/2398 2100/3153/2399
f 1276/3154/1475 2101/3155/2400 2102/3156/1476
f 1276/1905/1475 1280/1913/1480 2103/3157/2401
f 1276/3154/1475 2103/3158/2401 2101/3155/2400
f 2104/3159/2402 1431/2144/1648 2105/3160/2403
f 2104/3159/2402 2106/3161/2404 1431/2144/1648
f 2104/3159/2402 4840/3162/2405 2106/3161/2404
f 2104/3159/2402 2107/3163/2406 2108/3164/2407
f 2104/3159/2402 2105/3160/2403 2107/3163/2406
f 2104/3159/2402 2108/3164/2407 4840/3162/2405
f 705/1077/838 2109/3165/2408 1909/2869/2187
f 705/1077/838 706/1076/841 2110/3166/2409
f 705/1077/838 2110/3166/2409 2111/3167/2410
f 705/1077/838 2111/3167/2410 2109/3165/2408
f 494/731/585 2112/3168/2411 495/732/586
f 494/731/585 2113/3169/1377 2112/3168/2411
f 494/741/585 501/740/591 1188/1780/1375
f 2115/3170/2412 2114/3171/2413 2118/3172/2414
f 2115/3173/2412 2116/3174/2415 2117/3175/2416
f 2115/3173/2412 2118/3176/2414 2116/3174/2415
f 2115/3170/2412 2119/3177/471 2114/3171/2413
f 2115/3173/2412 2120/3178/2417 2119/3179/471
f 2115/3173/2412 2117/3175/2416 2120/3178/2417
f 2121/3180/2418 2122/3181/2419 423/3182/2420
f 2123/3183/2421 2124/3184/2422 423/3185/2420
f 2125/3186/2423 2126/3187/2424 423/3185/2420
f 2123/3183/2421 423/3185/2420 2126/3187/2424
f 423/626/502 428/631/507 1712/2578/1959
f 2122/3181/2419 2127/3188/2425 423/3182/2420
f 2125/3186/2423 423/3185/2420 2127/3189/2425
f 423/626/502 1712/2578/1959 2128/3190/2426
f 2121/3180/2418 423/3182/2420 2124/3191/2422
f 2129/3192/2427 2130/3193/2428 4837/3194/2429
f 2129/3192/2427 4837/3194/2429 2131/3195/2430
f 2129/3192/2427 2131/3195/2430 2132/3196/2431
f 2129/3192/2427 2132/3196/2431 2133/3197/2432
f 2129/3192/2427 2133/3197/2432 2134/3198/2433
f 2129/3192/2427 2134/3198/2433 2130/3193/2428
f 2135/3199/2434 3994/3200/2435 4048/3201/2436
f 2135/3202/2434 2136/3203/2437 4879/3204/2438
f 2135/3205/2434 4048/3206/2436 4710/3207/2439
f 2135/3205/2434 4710/3207/2439 2136/3208/2437
f 2137/3209/2440 2138/3210/2441 2139/3211/2442
f 2137/3209/2440 2140/3212/2443 2141/3213/2444
f 2137/3209/2440 2139/3211/2442 446/653/526
f 2137/3209/2440 2141/3213/2444 2142/3214/2445
f 2137/3209/2440 2143/3215/2446 2140/3212/2443
f 2137/3209/2440 446/653/526 2143/3215/2446
f 2137/3209/2440 2142/3214/2445 2138/3210/2441
f 2144/3216/2447 907/1382/1065 2145/3217/2448
f 2144/3216/2447 2146/3218/2449 2147/3219/2450
f 2144/3216/2447 2147/3219/2450 908/1383/1066
f 2144/3216/2447 908/1383/1066 907/1382/1065
f 2144/3216/2447 2145/3217/2448 2146/3218/2449
f 2150/3220/2451 2148/3221/1070 2149/3222/2452
f 2150/3223/2451 2151/3224/2453 451/658/531
f 2150/3223/2451 2152/3225/2454 2151/3224/2453
f 2150/3220/2451 2149/3222/2452 2153/3226/2455
f 2150/3223/2451 451/658/531 2148/1387/1070
f 2150/3223/2451 2153/3227/2455 2152/3225/2454
f 2155/3228/2456 2154/3229/86 4886/3230/2457
f 2155/3231/2456 262/405/311 2156/3232/2458
f 2155/3228/2456 2157/3233/2459 2158/3234/2460
f 2155/3228/2456 2156/3235/2458 2154/3229/86
f 2155/3231/2456 2158/3236/2460 264/407/313
f 2155/3231/2456 264/407/313 262/405/311
f 2159/3237/2461 460/678/544 2160/3238/2462
f 2159/3237/2461 2161/3239/2463 461/679/545
f 2159/3237/2461 461/679/545 460/678/544
f 2159/3237/2461 2160/3238/2462 2035/3046/2326
f 2159/3237/2461 2035/3046/2326 2161/3239/2463
f 468/3240/553 2162/3241/2464 2163/3242/2465
f 468/3240/553 2163/3242/2465 469/3243/554
f 468/3240/553 1556/3244/1790 2162/3241/2464
f 1004/1508/1169 2164/3245/2466 2105/3160/2403
f 1004/1516/1169 1009/1515/1174 2164/3246/2466
f 1004/1508/1169 2105/3160/2403 1005/1509/1170
f 2165/3247/2467 2166/3248/2468 2167/3249/2469
f 2165/3250/2467 2168/3251/2470 2170/3252/2471
f 2165/3247/2467 2167/3249/2469 2169/3253/2472
f 2165/3247/2467 2170/3254/2471 2166/3248/2468
f 2165/3250/2467 4468/3255/2473 2168/3251/2470
f 2165/3250/2467 2169/3256/2472 4468/3255/2473
f 2171/3257/2474 2172/3258/2475 2173/3259/2476
f 2171/3257/2474 2174/3260/2477 2175/3261/2478
f 2171/3257/2474 2176/3262/2479 2177/3263/2480
f 2171/3257/2474 2173/3259/2476 2176/3262/2479
f 2171/3257/2474 2178/3264/2481 2174/3260/2477
f 2171/3257/2474 2177/3263/2480 2178/3264/2481
f 2171/3257/2474 2175/3261/2478 2172/3258/2475
f 897/1370/1056 2179/3265/2482 898/1371/1057
f 897/1370/1056 2181/3266/2483 2179/3265/2482
f 897/1377/1056 2180/3267/2484 2181/3268/2483
f 897/1377/1056 903/1376/1061 2180/3267/2484
f 2182/3269/2485 2183/3270/2486 2184/3271/2487
f 2182/3272/2485 2184/3273/2487 2185/3274/2488
f 2182/3272/2485 1583/2375/1820 2186/3275/2489
f 2182/3272/2485 2187/3276/2490 1583/2375/1820
f 2182/3272/2485 2185/3274/2488 2187/3276/2490
f 2182/3269/2485 2186/3277/2489 2183/3270/2486
f 2188/3278/2491 2189/3279/2492 885/1346/1041
f 2188/3278/2491 2190/3280/2493 2193/3281/2494
f 2188/3282/2491 2075/3116/2372 2081/3122/2378
f 2188/3278/2491 2191/3283/2495 2189/3279/2492
f 2188/3282/2491 1212/1812/1400 2075/3116/2372
f 2188/3278/2491 2192/3284/2496 2190/3280/2493
f 2188/3282/2491 2193/3285/2494 1212/1812/1400
f 2188/3278/2491 885/1346/1041 2192/3284/2496
f 2188/3282/2491 2081/3122/2378 2191/3286/2495
f 890/1351/1046 3758/1355/1050 2194/3287/2497
f 890/1351/1046 2195/3288/1907 891/1352/1047
f 890/1351/1046 2194/3287/2497 2195/3288/1907
f 2196/3289/2498 1726/3290/1973 2200/3291/1978
f 2196/3292/2498 2197/3293/2499 3346/3294/2500
f 2196/3292/2498 2198/3295/2501 2199/3296/2502
f 2196/3289/2498 3346/3297/2500 1726/3290/1973
f 2196/3292/2498 2200/3298/1978 2198/3295/2501
f 2196/3292/2498 2199/3296/2502 2197/3293/2499
f 2201/3299/2503 2202/3300/2504 2203/3301/2505
f 2201/3302/2503 4353/3303/2506 2206/3304/2507
f 2201/3299/2503 2204/3305/2508 2202/3300/2504
f 2201/3302/2503 2205/3306/2509 4353/3303/2506
f 2201/3302/2503 2203/3307/2505 2205/3306/2509
f 2201/3299/2503 2206/3308/2507 2204/3305/2508
f 2207/3309/2510 2043/3066/2333 2046/3065/2337
f 2207/3309/2510 2046/3065/2337 2208/3310/2511
f 2207/3309/2510 2209/3311/2334 2043/3066/2333
f 2207/3312/2510 1435/3313/1652 2209/3314/2334
f 2207/3309/2510 2208/3310/2511 1437/2157/1653
f 2207/3309/2510 1437/2157/1653 1435/3315/1652
f 2210/3316/2512 2211/3317/2513 2212/3318/2514
f 2210/3316/2512 2213/3319/2515 2214/3320/2516
f 2210/3316/2512 2214/3320/2516 2215/3321/2517
f 2210/3316/2512 2216/3322/2518 2213/3319/2515
f 2210/3316/2512 2212/3318/2514 2216/3322/2518
f 2210/3316/2512 2215/3321/2517 2211/3317/2513
f 2217/3323/2519 1376/2068/1592 2218/3324/2520
f 2217/3323/2519 2218/3324/2520 608/1614/723
f 2217/3323/2519 608/1614/723 2219/3325/2521
f 2217/3323/2519 2219/3325/2521 1376/2068/1592
f 2220/3326/2522 1067/1619/1243 1071/1624/1248
f 2220/3326/2522 926/1404/1086 929/1407/1089
f 2220/3326/2522 929/1407/1089 1067/1619/1243
f 2220/3326/2522 1071/1624/1248 2221/3327/2523
f 2220/3326/2522 2221/3327/2523 2222/3328/2524
f 2220/3326/2522 2222/3328/2524 926/1404/1086
f 731/1112/866 2223/3329/2525 1073/1626/1250
f 731/1112/866 4713/3330/2526 2223/3329/2525
f 731/1112/866 732/1113/867 4713/3330/2526
f 2226/3331/2157 2224/3332/2527 2225/3333/2301
f 2226/3334/2157 2225/3009/2301 2227/3011/2303
f 2226/2830/2157 2227/3335/2303 1885/2831/2158
f 2226/3331/2157 1886/3336/2159 2224/3332/2527
f 1887/2835/2160 2228/3337/2528 2229/3338/2529
f 1887/2835/2160 2229/3338/2529 1888/2836/2161
f 1887/2835/2160 1890/2838/2163 2230/3339/2530
f 2231/3340/2531 409/1028/489 2232/3341/2532
f 2231/3342/2531 2232/3343/2532 2233/3344/2533
f 2231/3345/2531 2233/3346/2533 4911/3347/2534
f 2231/3340/2531 2963/3348/2535 413/3349/490
f 2231/3350/2531 4911/3351/2534 2963/3352/2535
f 2231/3340/2531 413/3349/490 409/1028/489
f 1254/1870/1448 3499/3353/2536 3500/3354/2537
f 1254/1870/1448 3500/3354/2537 2234/3355/2538
f 1254/1870/1448 2234/3355/2538 644/968/762
f 1254/1870/1448 1255/1872/1450 3499/3353/2536
f 2235/1042/818 1757/2641/2011 2236/3356/2539
f 2235/1042/818 1758/2642/2012 1757/2641/2011
f 2235/1042/818 690/1045/821 1758/2642/2012
f 2235/3357/818 2236/3358/2539 693/1048/819
f 2237/3359/2236 1958/3360/2238 2232/3361/2532
f 2237/2933/2236 2239/3362/2540 1957/2934/2237
f 2237/3363/2236 2232/3364/2532 2238/3365/807
f 2237/3366/2236 2238/3367/807 2239/3368/2540
f 2240/3369/2541 3754/3370/2542 2241/3371/2543
f 2240/3369/2541 2241/3371/2543 4530/3372/2544
f 2240/3369/2541 2242/3373/2545 2243/3374/2384
f 2240/3369/2541 2244/3375/2546 2242/3373/2545
f 2240/3369/2541 4530/3372/2544 2244/3375/2546
f 2240/3369/2541 2243/3374/2384 3754/3370/2542
f 2247/3376/2547 2245/3377/2548 2246/3378/2549
f 2247/3379/2547 1430/2142/1646 2245/3380/2548
f 2247/3379/2547 1665/2143/1647 1430/2142/1646
f 2247/3376/2547 1666/2509/1912 1665/2508/1647
f 2247/3376/2547 2246/3378/2549 1666/2509/1912
f 789/3381/937 2248/3382/939 2249/3383/2550
f 789/1201/937 2250/3384/2551 790/1202/938
f 789/1201/937 2251/3385/2552 2250/3384/2551
f 789/3381/937 2249/3383/2550 2251/3386/2552
f 2252/3387/2553 2253/3388/2554 2254/3389/2555
f 2252/3387/2553 2255/3390/2556 2256/3391/2557
f 2252/3387/2553 2256/3391/2557 2257/3392/2558
f 2252/3387/2553 2258/3393/2559 2253/3388/2554
f 2252/3387/2553 2257/3392/2558 2258/3393/2559
f 2252/3387/2553 2254/3389/2555 2255/3390/2556
f 710/1610/844 2259/3394/2560 711/3395/845
f 710/1610/844 4853/1609/1236 2259/3394/2560
f 2260/3396/1239 1245/1859/1438 842/1292/1000
f 2260/3396/1239 841/1291/999 1063/1615/1239
f 2260/3396/1239 1063/1615/1239 608/1614/723
f 2260/3396/1239 842/1292/1000 841/1291/999
f 2260/3396/1239 608/1614/723 2261/3397/1239
f 2260/3396/1239 2261/3397/1239 1245/1859/1438
f 2262/3398/2561 2263/3399/2562 2264/3400/2563
f 2262/3398/2561 2265/3401/2564 2266/3402/2565
f 2262/3398/2561 1066/1618/1242 2263/3399/2562
f 2262/3398/2561 2267/3403/2566 2268/3404/2567
f 2262/3398/2561 2264/3400/2563 2265/3401/2564
f 2262/3398/2561 2266/3402/2565 2267/3403/2566
f 2262/3398/2561 2268/3404/2567 1066/1618/1242
f 10/13/13 12/15/15 534/803/632
f 10/13/13 537/812/636 11/14/14
f 2269/3405/2568 2270/3406/2569 2271/3407/2570
f 2269/3405/2568 2272/3408/2571 2270/3406/2569
f 2269/3405/2568 2271/3407/2570 2273/3409/2572
f 2269/3405/2568 2273/3409/2572 2272/3408/2571
f 2274/3410/2573 2275/3411/2574 2276/3412/2575
f 2274/3410/2573 2277/3413/2576 2278/3414/2577
f 2274/3410/2573 2276/3412/2575 2277/3413/2576
f 2274/3410/2573 1694/2559/1942 2275/3411/2574
f 2274/3410/2573 2278/3414/2577 1695/2560/1943
f 2274/3410/2573 1695/2560/1943 1694/2559/1942
f 2279/3415/2578 2280/3416/2579 2281/3417/2580
f 2279/3415/2578 2281/3417/2580 2282/3418/2581
f 2279/3415/2578 2282/3418/2581 2970/1648/388
f 2279/3415/2578 2970/1648/388 2283/3419/2582
f 2279/3415/2578 2283/3419/2582 2280/3416/2579
f 2285/3420/136 2286/3421/2583 2284/3422/137
f 2285/3423/136 4728/3424/2584 2286/3425/2583
f 2285/179/136 117/178/141 4728/3426/2584
f 1260/1877/1455 1262/1879/1457 2287/3427/2585
f 1260/1877/1455 2287/3427/2585 1261/1878/1456
f 799/1214/950 128/193/153 800/1215/951
f 799/1214/950 2288/3428/2586 128/193/153
f 799/1214/950 964/1455/1125 2289/3429/2587
f 799/1214/950 803/1218/954 964/1455/1125
f 799/1214/950 2289/3429/2587 2288/3428/2586
f 2290/3430/2588 4536/3431/2589 2291/3432/2590
f 2290/3433/2588 259/394/303 4537/3434/2591
f 2290/3430/2588 4537/3435/2591 4536/3431/2589
f 2290/3430/2588 2291/3432/2590 932/3436/1092
f 2290/3433/2588 2292/3437/2592 259/394/303
f 2290/3433/2588 932/1412/1092 2292/3437/2592
f 2293/3438/2593 2294/3439/2594 1981/2963/2262
f 2293/3440/2593 2295/3441/2595 2296/3442/2596
f 2293/3440/2593 1981/2964/2262 1978/2958/2258
f 2293/3440/2593 1978/2958/2258 2295/3441/2595
f 2293/3438/2593 2296/3443/2596 2294/3439/2594
f 976/1471/1140 2297/3444/2597 977/1472/1141
f 976/1471/1140 2298/3445/2598 2297/3444/2597
f 976/1471/1140 979/1474/1143 2298/3445/2598
f 2299/3446/2599 2300/3447/2600 2301/3448/2601
f 2299/3446/2599 2302/3449/2602 1107/1668/1287
f 2299/3446/2599 1107/1668/1287 1109/1672/1289
f 2299/3446/2599 2301/3448/2601 2302/3449/2602
f 2299/3446/2599 1109/1672/1289 2303/3450/2603
f 2299/3446/2599 2303/3450/2603 2300/3447/2600
f 2305/2118/1629 1414/2120/1631 2304/3451/2604
f 2305/3452/1629 2306/3453/2605 2307/3454/2606
f 2305/3452/1629 2307/3454/2606 1413/3455/1630
f 2305/3452/1629 2304/3456/2604 2306/3453/2605
f 27/43/33 2308/3457/2607 1947/2919/2229
f 27/43/33 33/51/37 2308/3457/2607
f 2309/3458/2608 2676/3459/2609 2678/3460/2610
f 2309/3461/2608 78/3462/94 2465/3463/2611
f 2309/3461/2608 4261/3464/2612 78/3462/94
f 2309/3458/2608 2465/3465/2611 2676/3459/2609
f 2309/3458/2608 2678/3460/2610 4261/3466/2612
f 2310/3467/2613 2311/3468/2614 2312/3469/2615
f 2310/3467/2613 2313/3470/2616 2311/3468/2614
f 2310/3467/2613 1589/2382/1827 1586/2379/1824
f 2310/3467/2613 2314/3471/2617 2313/3470/2616
f 2310/3467/2613 1586/2379/1824 2314/3471/2617
f 2310/3467/2613 2312/3469/2615 1589/2382/1827
f 2315/3472/2618 2316/3473/2619 4636/3474/2620
f 2315/3472/2618 1365/2047/1580 1362/2049/1577
f 2315/3472/2618 1362/2049/1577 2316/3473/2619
f 2315/3472/2618 2317/3475/2621 1365/2047/1580
f 2315/3472/2618 4636/3474/2620 53/86/64
f 2315/3472/2618 53/86/64 2317/3475/2621
f 409/1028/489 2238/1027/807 2232/3341/2532
f 1017/1535/1184 1019/1537/1186 2318/3476/2622
f 1017/1535/1184 2318/3476/2622 4839/3477/2623
f 1017/1535/1184 4839/3477/2623 2108/3478/2407
f 1017/1535/1184 2108/3478/2407 1018/1536/1185
f 2319/3479/2624 1854/2790/2123 2320/3480/2625
f 2319/3479/2624 1855/2791/2124 1854/2790/2123
f 2319/3479/2624 2637/3481/2626 2321/3482/2627
f 2319/3479/2624 2320/3480/2625 2637/3481/2626
f 2319/3479/2624 2322/3483/2628 2323/3484/2629
f 2319/3479/2624 2321/3482/2627 2322/3483/2628
f 2319/3479/2624 2323/3484/2629 1855/2791/2124
f 2325/3485/2630 4450/3486/2631 2324/3487/2632
f 2325/3488/2630 2328/1993/1538 2326/3489/2633
f 2325/3488/2630 2326/3489/2633 2327/3490/2634
f 2325/3485/2630 2327/3491/2634 4450/3486/2631
f 2325/3485/2630 2324/3487/2632 2328/3492/1538
f 2329/3493/2635 1845/2775/2113 2313/3470/2616
f 2329/3493/2635 2313/3470/2616 2330/3494/2636
f 2329/3493/2635 2331/3495/2637 1197/1792/1385
f 2329/3493/2635 1197/1792/1385 1845/2775/2113
f 2329/3493/2635 2330/3494/2636 2331/3495/2637
f 1743/2622/1992 2332/3496/2638 1744/2623/1993
f 1743/2622/1992 2333/3497/2639 2334/3498/2640
f 1743/2622/1992 2334/3498/2640 2332/3496/2638
f 1743/2622/1992 1748/2627/1997 2333/3497/2639
f 1609/3499/1841 2335/3500/1854 2336/3501/1842
f 1609/3502/1841 4421/3503/1843 2337/3504/1852
f 2338/3505/2641 2339/3506/2642 2340/3507/2643
f 2338/3505/2641 1204/1803/1394 1208/1807/1398
f 2338/3505/2641 2341/3508/2644 1204/1803/1394
f 2338/3505/2641 1208/1807/1398 2339/3506/2642
f 2338/3505/2641 2340/3507/2643 2341/3508/2644
f 1542/2316/1774 1543/2317/1775 2079/3120/2376
f 1542/2316/1774 2076/3117/2373 232/358/275
f 1542/2316/1774 2079/3120/2376 2076/3117/2373
f 1215/1815/1403 2086/3127/2383 2342/3509/2645
f 1215/1815/1403 2343/3510/2646 527/790/626
f 1215/1815/1403 1217/1818/1406 2086/3127/2383
f 1215/1815/1403 2342/3509/2645 2343/3510/2646
f 2344/3511/2647 1181/1778/1368 2345/3512/2648
f 2344/3513/2647 2346/3514/2649 2347/3515/2650
f 2344/3513/2647 2345/3516/2648 2346/3514/2649
f 2344/3511/2647 2348/3517/2651 4655/3518/2652
f 2344/3511/2647 4655/3518/2652 1181/1778/1368
f 2344/3513/2647 2347/3515/2650 2348/3519/2651
f 1146/1719/1327 2349/3520/2653 1147/1720/1328
f 1146/1719/1327 1152/1725/1332 2350/3521/2654
f 1146/1719/1327 2350/3521/2654 2351/3522/2655
f 1146/1719/1327 2351/3522/2655 2349/3520/2653
f 1552/2333/1787 2353/3523/2656 2352/3524/2657
f 1552/2333/1787 2352/3524/2657 1553/2334/1788
f 1552/2337/1787 1555/2336/1789 4019/3525/2658
f 1552/2337/1787 4019/3525/2658 2353/3526/2656
f 2354/3527/216 1277/1910/1477 1240/3528/1431
f 2354/3527/216 1240/3528/1431 2355/3529/1433
f 2354/3527/216 2355/3529/1433 2356/3530/217
f 2354/270/216 185/275/221 1277/1908/1477
f 2357/3531/2659 2358/3532/2660 2359/3533/2661
f 2357/3531/2659 2298/3445/2598 979/1474/1143
f 2357/3531/2659 979/1474/1143 2358/3532/2660
f 2357/3531/2659 2359/3533/2661 2298/3445/2598
f 2360/3534/2662 196/297/235 2361/3535/2663
f 2360/3534/2662 1284/1918/1485 197/298/236
f 2360/3534/2662 2361/3535/2663 2362/3536/1075
f 2360/3534/2662 197/298/236 196/297/235
f 2360/3534/2662 2363/3537/2664 1284/1918/1485
f 2360/3534/2662 2362/3536/1075 2363/3537/2664
f 2364/3538/2665 3968/3539/2666 2366/3540/2667
f 2364/3541/2665 4896/114/88 1321/1982/1533
f 2364/3542/2665 2365/3543/2668 4896/1332/88
f 2364/3544/2665 1324/1986/1532 3968/3545/2666
f 2364/3542/2665 2366/3546/2667 2365/3543/2668
f 2364/3541/2665 1321/1982/1533 1324/1981/1532
f 2367/3547/2669 2368/3548/2670 2369/3549/2671
f 2367/3547/2669 2370/3550/2672 2371/3551/2673
f 2367/3547/2669 1863/2801/2134 1865/2803/2136
f 2367/3547/2669 2369/3549/2671 1863/2801/2134
f 2367/3547/2669 2371/3551/2673 2368/3548/2670
f 2367/3547/2669 1865/2803/2136 2370/3550/2672
f 2372/3552/347 3377/3553/2674 3881/1667/1286
f 2372/3552/347 1106/1666/1285 577/879/348
f 2372/3554/347 1655/3555/354 3377/3556/2674
f 2372/3552/347 3881/1667/1286 1106/1666/1285
f 2376/2895/2207 2373/3557/2675 2374/3558/2676
f 2376/2895/2207 3909/3559/2677 2375/3560/2678
f 2376/2895/2207 2375/3560/2678 2373/3557/2675
f 2376/3561/2207 1929/2088/1606 2377/3562/2679
f 2376/3561/2207 2377/3562/2679 3909/3563/2677
f 2376/2895/2207 2374/3558/2676 1927/2896/2208
f 2378/3564/2680 2379/3565/2681 2380/3566/2682
f 2378/3564/2680 2381/3567/2683 2379/3565/2681
f 2378/3564/2680 2382/3568/2684 2381/3567/2683
f 2378/3564/2680 2380/3566/2682 2383/3569/2685
f 2378/3564/2680 2383/3569/2685 2382/3568/2684
f 1999/2983/2279 1474/2207/1694 1600/2399/1839
f 1999/2983/2279 1600/2399/1839 2384/3570/2686
f 1999/2983/2279 2384/3570/2686 2000/2984/2280
f 1999/2983/2279 101/146/117 1474/2207/1694
f 1127/1697/1308 1130/1700/1311 2385/3571/2687
f 1127/1697/1308 2385/3571/2687 1128/1698/1309
f 2386/3572/2688 598/912/712 2387/3573/2689
f 2386/3572/2688 2387/3573/2689 2388/3574/2690
f 2386/3572/2688 4049/3575/2691 598/912/712
f 2386/3572/2688 2389/3576/2692 2390/3577/2297
f 2386/3572/2688 2390/3577/2297 4049/3575/2691
f 2386/3572/2688 2388/3574/2690 2389/3576/2692
f 2391/3578/283 2392/3579/2693 2393/3580/2694
f 2391/3578/283 1702/2568/1949 2392/3579/2693
f 2391/3578/283 238/365/282 1702/2568/1949
f 2391/366/283 2393/3581/2694 239/367/284
f 2395/3582/2695 2394/3583/2696 2017/3018/2308
f 2395/3582/2695 2017/3018/2308 2016/3017/2307
f 2395/3582/2695 2396/3584/2697 2394/3583/2696
f 2395/3585/2695 4561/3586/2698 4560/3587/2699
f 2395/3585/2695 4560/3587/2699 2396/3588/2697
f 2395/3585/2695 2016/3589/2307 4561/3586/2698
f 2397/3590/2700 3955/3591/859 2398/3592/2701
f 2397/3590/2700 2398/3592/2701 2399/3593/2702
f 2397/3590/2700 725/3594/860 3955/3591/859
f 2397/3590/2700 2400/3595/2703 725/3594/860
f 2397/3590/2700 2401/3596/2704 1621/2442/1863
f 2397/3590/2700 1621/2442/1863 1620/2441/1862
f 2397/3590/2700 1620/2441/1862 2402/3597/2705
f 2397/3590/2700 2399/3593/2702 2401/3596/2704
f 2397/3590/2700 2402/3597/2705 2400/3595/2703
f 2025/3031/2316 2403/3598/2706 2026/3032/877
f 2025/3036/2316 2029/3035/2317 2404/3599/2707
f 2025/3031/2316 4857/3600/2708 2403/3598/2706
f 2025/3036/2316 2404/3599/2707 4857/3601/2708
f 620/935/735 625/941/740 4760/3602/2709
f 620/935/735 4027/3603/2710 2405/3604/2711
f 620/935/735 4760/3602/2709 4027/3603/2710
f 620/935/735 2405/3604/2711 621/936/736
f 2406/3605/2712 1634/2464/1879 2407/3606/2713
f 2406/3605/2712 2407/3606/2713 2408/3607/2714
f 2406/3605/2712 3879/3608/2715 1634/2464/1879
f 2406/3605/2712 2409/3609/2716 3879/3608/2715
f 2406/3605/2712 2408/3607/2714 2409/3609/2716
f 2410/3610/2717 2411/3611/2718 1643/2475/1888
f 2410/3610/2717 2412/3612/2719 2411/3611/2718
f 2410/3610/2717 1643/2475/1888 1640/2471/1884
f 2410/3610/2717 2413/3613/2720 2412/3612/2719
f 2410/3610/2717 1640/2471/1884 2413/3613/2720
f 2414/3614/2721 4656/3615/2722 2415/3616/2723
f 2414/3617/2721 2415/3618/2723 2419/3619/2724
f 2414/3614/2721 2418/3620/757 1184/1774/1372
f 2414/3621/2721 2416/3622/2725 2417/3623/2726
f 2414/3614/2721 1184/1774/1372 4656/3615/2722
f 2414/3621/2721 2417/3623/2726 2418/3624/757
f 2414/3621/2721 2419/3625/2724 2416/3622/2725
f 1985/2968/2265 2420/3626/2727 1986/2969/2266
f 1985/2968/2265 1987/2970/2267 2421/3627/2728
f 1985/2968/2265 2421/3627/2728 2236/3358/2539
f 1985/2968/2265 2236/3358/2539 2420/3626/2727
f 1382/2078/1597 2422/3628/2729 1383/2079/1598
f 1382/2078/1597 1384/2080/1599 1528/2285/1753
f 1382/2078/1597 1528/2285/1753 2422/3628/2729
f 2423/3629/2730 2424/3630/6 3660/3631/2731
f 2423/3629/2730 2425/3632/2732 2426/3633/2733
f 2423/3629/2730 4790/3634/7 2424/3630/6
f 2423/3629/2730 2427/3635/2734 4567/3636/2735
f 2423/3629/2730 3660/3631/2731 2425/3632/2732
f 2423/3629/2730 2426/3633/2733 2427/3635/2734
f 2423/3629/2730 4567/3636/2735 4790/3634/7
f 2428/3637/2736 2429/3638/2737 2430/3639/2738
f 2428/3637/2736 2430/3639/2738 2431/3640/2739
f 2428/3637/2736 2432/3641/2740 1685/1686/17
f 2428/3637/2736 2431/3640/2739 2432/3641/2740
f 2428/3637/2736 1685/1686/17 2429/3638/2737
f 398/588/472 2433/3642/2741 312/2062/372
f 398/588/472 4158/592/474 2433/3642/2741
f 1958/2935/2238 1959/2936/2239 2434/3643/2742
f 1958/2935/2238 2434/3643/2742 2233/3644/2533
f 1958/3360/2238 2233/3645/2533 2232/3361/2532
f 284/437/336 2435/3646/2743 2436/3647/2744
f 284/437/336 2436/3647/2744 2437/3648/1564
f 284/437/336 1698/2564/1945 1701/2567/1948
f 284/3649/336 2437/2029/1564 289/3650/337
f 284/437/336 288/442/340 1698/2564/1945
f 284/437/336 1701/2567/1948 2435/3646/2743
f 2438/3651/2745 4319/3652/2746 2091/3133/2389
f 2438/3653/2745 4366/3654/2747 4319/3655/2746
f 2438/3651/2745 2091/3133/2389 2089/3131/2387
f 2438/3651/2745 2089/3131/2387 2439/3656/2748
f 2438/3653/2745 2439/3657/2748 4366/3654/2747
f 2440/3658/2749 2441/3659/2750 2442/3660/2751
f 2440/3658/2749 2443/3661/2752 4577/3662/2753
f 2440/3658/2749 4162/3663/2754 2444/3664/2755
f 2440/3658/2749 4577/3662/2753 2445/3665/2756
f 2440/3658/2749 2444/3664/2755 2441/3659/2750
f 2440/3658/2749 2445/3665/2756 4162/3663/2754
f 2440/3658/2749 2442/3660/2751 2443/3661/2752
f 1423/2132/1640 999/1503/1164 2446/3666/2757
f 1423/2130/1640 2447/3667/2758 549/828/650
f 1423/3668/1640 2446/3669/2757 2447/3670/2758
f 2450/3671/2759 2448/3672/2760 2449/3673/2761
f 2450/3671/2759 2449/3673/2761 2452/3674/2762
f 2450/3675/2759 851/1306/1010 2451/3676/2763
f 2450/3677/2759 2452/3678/2762 851/1311/1010
f 2450/3675/2759 2451/3676/2763 2448/3679/2760
f 2453/3680/2764 57/2505/68 2454/3681/2765
f 2453/3680/2764 2455/3682/2766 3625/3683/2767
f 2453/3680/2764 2456/3684/2768 2455/3682/2766
f 2453/3680/2764 2454/3681/2765 2456/3684/2768
f 2453/3680/2764 3625/3683/2767 57/2505/68
f 2457/3685/2769 2458/3686/2770 2459/3687/2771
f 2457/3685/2769 2460/3688/2772 1818/2722/2077
f 2457/3685/2769 2461/3689/2773 2460/3688/2772
f 2457/3685/2769 1818/2722/2077 2458/3686/2770
f 2457/3685/2769 2459/3687/2771 2461/3689/2773
f 2462/3690/2774 2280/3416/2579 2283/3419/2582
f 2462/3690/2774 4386/3691/2775 2463/3692/2776
f 2462/3690/2774 1700/2566/1947 1699/2565/1946
f 2462/3690/2774 1699/2565/1946 4386/3691/2775
f 2462/3690/2774 2463/3692/2776 2280/3416/2579
f 2462/3690/2774 2283/3419/2582 1700/2566/1947
f 2464/3693/2777 78/3462/94 77/3694/93
f 2464/3695/2777 2679/3696/2778 2465/3697/2611
f 2464/3693/2777 77/3694/93 2466/3698/2779
f 2464/3693/2777 2465/3463/2611 78/3462/94
f 2464/3699/2777 2467/3700/2780 2679/3701/2778
f 2464/3693/2777 2466/3698/2779 2467/3702/2780
f 2468/3703/2781 1457/2188/1676 1460/2191/1679
f 2468/3703/2781 45/77/55 1457/2188/1676
f 2468/3703/2781 1460/2191/1679 4435/3704/2782
f 2468/3703/2781 2469/3705/2783 46/78/56
f 2468/3703/2781 4435/3704/2782 2469/3705/2783
f 2468/3703/2781 46/78/56 45/77/55
f 2470/3706/2784 2471/3707/2785 89/700/105
f 2470/3706/2784 89/700/105 2472/3708/2786
f 2470/3706/2784 2473/3709/2787 2471/3707/2785
f 2470/3706/2784 2472/3708/2786 2473/3709/2787
f 2476/3710/2788 1085/3711/1264 2474/3712/2789
f 2476/3710/2788 2474/3712/2789 2475/3713/2790
f 2476/3714/2788 1086/1644/1265 1085/1643/1264
f 2476/3710/2788 2475/3713/2790 1086/3715/1265
f 187/278/224 590/893/700 593/896/703
f 187/280/224 2477/3716/2791 188/281/225
f 187/278/224 593/896/703 4701/3717/2792
f 187/278/224 4701/3717/2792 2477/3718/2791
f 1762/2646/2016 1764/2648/2018 2478/3719/2793
f 1762/2646/2016 2478/3719/2793 966/1458/1128
f 1762/2646/2016 965/1456/1126 1763/2647/2017
f 1762/2646/2016 966/1458/1128 965/1456/1126
f 968/3720/1131 2479/3721/2794 2480/3722/2795
f 968/3720/1131 2480/3722/2795 969/3723/1132
f 968/1461/1131 972/1465/1135 2481/3724/2796
f 968/3720/1131 2481/3725/2796 2479/3721/2794
f 2482/3726/2797 2483/3727/2798 1481/3728/1703
f 2482/3729/2797 4368/3730/2799 745/3731/886
f 2482/3726/2797 1481/3728/1703 1487/3732/1706
f 2482/3729/2797 745/3731/886 4773/3733/885
f 2482/3729/2797 4773/3733/885 2483/3734/2798
f 2482/3729/2797 1487/3735/1706 4368/3730/2799
f 681/1030/809 2484/3736/2800 2485/3737/2801
f 681/1030/809 2485/3737/2801 2486/3738/2802
f 681/1030/809 2487/3739/2803 2484/3736/2800
f 681/1030/809 2486/3738/2802 682/1031/810
f 681/1030/809 3668/1038/814 2487/3739/2803
f 1490/2233/1712 1494/2238/1716 2488/3740/2804
f 1490/2233/1712 1495/2239/1717 1491/2234/1713
f 1490/2233/1712 2489/3741/2805 1495/2239/1717
f 1490/2233/1712 2488/3740/2804 2489/3741/2805
f 689/3742/820 691/1049/822 2490/3743/2806
f 689/1044/820 2491/3744/2807 2492/3745/2808
f 689/1044/820 2492/3745/2808 690/1045/821
f 689/1044/820 2490/3746/2806 2491/3744/2807
f 2493/3747/2809 2494/3748/2810 3343/3749/2811
f 2493/3750/2809 2496/3751/2812 2495/3752/2813
f 2493/3747/2809 2497/3753/2814 2494/3748/2810
f 2493/3747/2809 3343/3749/2811 2496/3754/2812
f 2493/3750/2809 2495/3752/2813 2497/3755/2814
f 2498/3756/830 1311/3757/1520 2499/3758/2815
f 2498/1060/830 2500/3759/271 700/1061/831
f 2498/3756/830 2499/3758/2815 2500/352/271
f 2498/1067/830 1312/3760/1521 1311/3761/1520
f 2498/1067/830 701/1065/834 1312/3760/1521
f 2109/3165/2408 2501/3762/2816 1909/2869/2187
f 2109/3165/2408 2502/3763/2817 2501/3762/2816
f 2109/3165/2408 2503/3764/2818 2502/3763/2817
f 2109/3165/2408 2111/3167/2410 2503/3764/2818
f 2504/3765/2819 3027/2875/2190 2505/3766/2820
f 2504/3765/2819 2506/3767/2821 2507/3768/2822
f 2504/3765/2819 2507/3768/2822 1912/2876/2191
f 2504/3765/2819 1912/2876/2191 3027/2875/2190
f 2504/3765/2819 2505/3766/2820 2506/3767/2821
f 914/1390/1073 4868/3769/2823 2418/1391/757
f 914/1390/1073 4869/1394/1076 4868/3769/2823
f 877/1338/1034 243/376/291 245/378/293
f 877/1338/1034 245/378/293 4792/3770/2824
f 877/1338/1034 880/1341/1037 243/376/291
f 877/1338/1034 4792/3770/2824 878/1339/1035
f 2508/3771/2825 2509/3772/2826 2510/3773/2827
f 2508/3771/2825 2190/3280/2493 2509/3772/2826
f 2508/3771/2825 2511/3774/2828 2512/3775/2829
f 2508/3771/2825 2512/3775/2829 2193/3281/2494
f 2508/3771/2825 2510/3773/2827 2511/3774/2828
f 2508/3771/2825 2193/3281/2494 2190/3280/2493
f 1270/1896/1469 2513/3776/2830 2514/3777/2831
f 1270/1896/1469 2514/3777/2831 1271/1897/1470
f 1270/1901/1469 1056/1598/1231 2515/3778/2832
f 1270/1901/1469 2515/3778/2832 2513/3779/2830
f 2516/3780/2833 3547/3781/2834 4889/3782/2835
f 2516/3780/2833 1177/3783/1362 3547/3781/2834
f 2516/3784/2833 2517/3785/1363 1177/3786/1362
f 2516/3784/2833 2518/3787/2836 2517/3785/1363
f 2516/3780/2833 4844/3788/2837 2518/3789/2836
f 2516/3780/2833 4889/3782/2835 4844/3788/2837
f 2519/3790/2838 2245/3380/2548 2520/3791/2839
f 2519/3790/2838 2521/3792/2840 192/290/229
f 2519/3790/2838 3043/3793/2841 2245/3380/2548
f 2519/3790/2838 2520/3791/2839 2521/3792/2840
f 2519/3790/2838 192/290/229 3043/3793/2841
f 905/1380/1063 2522/3794/2842 2523/3795/2843
f 905/1380/1063 2523/3795/2843 906/1381/1064
f 905/1380/1063 909/1384/1067 2522/3794/2842
f 2524/3796/1494 2525/3797/2844 2526/3798/2845
f 2524/3796/1494 1294/3799/1499 2525/3797/2844
f 2524/3796/1494 2526/3798/2845 2527/3800/2846
f 2524/3801/1494 2527/3802/2846 4127/3803/1495
f 2528/3804/2847 2036/3056/2327 2040/3055/2331
f 2528/3804/2847 920/1398/1080 209/316/248
f 2528/3804/2847 209/316/248 210/317/249
f 2528/3804/2847 210/317/249 2036/3056/2327
f 2528/3804/2847 2040/3055/2331 920/1398/1080
f 2529/3805/2848 2953/3806/2849 4892/3807/2850
f 2529/3805/2848 212/321/252 2953/3806/2849
f 2529/3805/2848 2530/3808/2165 216/323/254
f 2529/3809/2848 1892/3810/2166 2530/3811/2165
f 2529/3805/2848 4892/3807/2850 1892/3812/2166
f 2529/3805/2848 216/323/254 212/321/252
f 2531/3813/2851 4555/3814/2852 2532/3815/2853
f 2531/3813/2851 2533/3816/2854 2534/3817/2855
f 2531/3813/2851 2534/3817/2855 4555/3814/2852
f 2531/3813/2851 2535/3818/2856 2536/3819/2857
f 2531/3813/2851 2536/3819/2857 2533/3816/2854
f 2531/3813/2851 2532/3815/2853 2535/3818/2856
f 2537/3820/2858 3196/3821/2859 3198/3822/2860
f 2537/3820/2858 2538/3823/2861 2539/3824/2862
f 2537/3820/2858 2540/3825/2863 2541/3826/2864
f 2537/3820/2858 2541/3826/2864 2538/3823/2861
f 2537/3820/2858 2539/3824/2862 3196/3821/2859
f 2537/3820/2858 3198/3822/2860 2540/3825/2863
f 2544/3827/2865 2542/3828/2866 2543/3829/2867
f 2544/3830/2865 2543/3831/2867 2545/3832/2868
f 2544/3827/2865 2546/3833/2869 2547/3834/2870
f 2544/3827/2865 2547/3834/2870 2542/3828/2866
f 2544/3830/2865 2545/3832/2868 2548/3835/2871
f 2544/3830/2865 2548/3835/2871 2546/3836/2869
f 2549/3837/2872 2550/3838/2873 2551/3839/2874
f 2549/3837/2872 2553/3840/2875 2552/3841/2876
f 2549/3842/2872 2965/3843/2877 2553/3844/2875
f 2549/3842/2872 2551/3845/2874 2554/3846/2878
f 2549/3837/2872 2552/3841/2876 2550/3838/2873
f 2549/3842/2872 2554/3846/2878 2965/3843/2877
f 2555/3847/2879 2556/3848/2880 2557/3849/2881
f 2555/3847/2879 2558/3850/2882 4157/3851/2883
f 2555/3847/2879 2559/3852/2884 2558/3850/2882
f 2555/3853/2879 2560/3854/2885 2556/3855/2880
f 2555/3847/2879 4157/3851/2883 2560/3856/2885
f 2555/3847/2879 2557/3849/2881 2559/3852/2884
f 801/1216/952 2561/3857/2886 2562/3858/2887
f 801/1216/952 2563/3859/2888 2564/3860/2889
f 801/1216/952 2562/3858/2887 802/1217/953
f 801/1216/952 2564/3860/2889 2561/3857/2886
f 801/1216/952 800/1215/951 2563/3859/2888
f 2565/3861/2890 2566/3862/2891 2567/3863/2892
f 2565/3861/2890 2567/3863/2892 1250/1865/1443
f 2565/3861/2890 1979/2960/2259 1980/2962/2261
f 2565/3861/2890 1980/2962/2261 2566/3862/2891
f 2565/3861/2890 1250/1865/1443 1979/2960/2259
f 2568/3864/2893 2569/3865/2894 1539/2311/1771
f 2568/3864/2893 4460/3866/2895 4412/3053/2330
f 2568/3864/2893 2038/3052/2329 2570/3867/2896
f 2568/3864/2893 4412/3053/2330 2038/3052/2329
f 2568/3864/2893 1539/2311/1771 4460/3866/2895
f 2568/3864/2893 2570/3867/2896 2569/3865/2894
f 2571/3868/2897 2572/3869/2898 1436/2155/1655
f 2571/3870/2897 2573/3871/2899 2574/3872/2900
f 2571/3873/2897 2576/3874/2901 2572/3875/2898
f 2571/3870/2897 2575/3876/1654 2573/3871/2899
f 2571/3877/2897 1436/3878/1655 2575/3879/1654
f 2571/3870/2897 2574/3872/2900 2576/3880/2901
f 659/3881/780 2578/3882/2902 2577/3883/781
f 659/3884/780 832/1264/986 834/1267/988
f 659/3884/780 834/1267/988 2578/3885/2902
f 659/3884/780 663/3886/785 832/1264/986
f 2579/3887/2903 2580/3888/2904 4216/3889/2905
f 2579/3887/2903 2673/3890/2906 2581/3891/2907
f 2579/3887/2903 4216/3889/2905 2582/3892/2908
f 2579/3887/2903 2581/3891/2907 2580/3888/2904
f 2579/3887/2903 2582/3892/2908 2673/3890/2906
f 715/1092/849 2583/3893/2909 2584/3894/2910
f 715/3895/849 4217/3896/2911 2988/3897/2912
f 715/3895/849 717/3898/851 4217/3896/2911
f 715/1092/849 2584/3894/2910 716/1093/850
f 715/3895/849 2988/3897/2912 2583/3899/2909
f 2585/3900/2913 1457/2188/1676 45/77/55
f 2585/3900/2913 1458/2189/1677 1457/2188/1676
f 2585/3900/2913 45/77/55 2586/3901/2914
f 2585/3900/2913 2587/3902/2915 1458/2189/1677
f 2585/3900/2913 2586/3901/2914 2587/3902/2915
f 2588/3903/2916 3936/3904/2917 2589/3905/2918
f 2588/3906/2916 2590/3907/2919 2591/3908/2920
f 2588/3906/2916 2592/3909/2921 2590/3907/2919
f 2588/3903/2916 2591/3910/2920 3936/3904/2917
f 2588/3903/2916 2589/3905/2918 2592/3911/2921
f 940/1425/1103 2017/3018/2308 1851/2782/2120
f 940/1425/1103 943/1429/1106 2017/3018/2308
f 2593/3912/2922 1973/2953/2253 1975/2955/2255
f 2593/3912/2922 2594/3913/2923 1973/2953/2253
f 2593/3912/2922 1975/2955/2255 2595/3914/2924
f 2593/3912/2922 2595/3914/2924 2596/3915/2925
f 2593/3912/2922 2596/3915/2925 2594/3913/2923
f 2597/3916/2926 2598/3917/2927 2599/3918/2928
f 2597/3916/2926 2599/3918/2928 2600/3919/2929
f 2597/3916/2926 2601/3920/2930 4442/3921/2931
f 2597/3916/2926 2600/3919/2929 2601/3920/2930
f 2597/3916/2926 4442/3921/2931 2598/3917/2927
f 2602/905/707 3926/904/709 3928/3922/2932
f 2602/3923/707 4099/3924/2933 2603/3925/2395
f 2602/905/707 3928/3922/2932 4099/3926/2933
f 2602/901/707 2603/3927/2395 2097/902/708
f 2604/3928/2934 4406/3929/2935 1274/1903/1472
f 2604/3930/2934 1272/1898/1471 2605/3931/2936
f 2604/3930/2934 2605/3931/2936 2606/3932/2937
f 2604/3928/2934 2606/3933/2937 4407/3934/2938
f 2604/3928/2934 4407/3934/2938 4406/3929/2935
f 2604/3930/2934 1274/1899/1472 1272/1898/1471
f 226/345/41 3733/344/265 1901/2856/2175
f 226/3935/41 1901/3936/2175 4879/3937/2939
f 226/57/41 4879/3938/2939 4878/58/43
f 2607/3939/2940 1507/2262/1728 1512/2261/1733
f 2607/3939/2940 2608/3940/2941 1507/2262/1728
f 2607/3939/2940 700/1061/831 2609/3941/2942
f 2607/3939/2940 702/1062/832 700/1061/831
f 2607/3939/2940 2609/3941/2942 2608/3940/2941
f 2607/3939/2940 1512/2261/1733 702/1062/832
f 907/1382/1065 2610/3942/2943 2145/3217/2448
f 907/1382/1065 910/1385/1068 2610/3942/2943
f 2611/3943/2944 2151/3224/2453 2152/3225/2454
f 2611/3943/2944 2152/3225/2454 2612/3944/2945
f 2611/3943/2944 2613/3945/2946 2151/3224/2453
f 2611/3943/2944 2614/3946/2947 2613/3945/2946
f 2611/3943/2944 2612/3944/2945 2615/3947/2948
f 2611/3943/2944 2615/3947/2948 2614/3946/2947
f 407/600/482 3688/3948/2949 3633/3949/2950
f 407/3950/482 3400/3951/2951 3688/3952/2949
f 407/600/482 3633/3949/2950 404/601/483
f 407/3950/482 2616/3953/485 3400/3951/2951
f 2617/3954/2952 2622/3955/2953 2618/3956/2954
f 2617/3957/2952 1510/2258/1732 1508/2255/1729
f 2617/3957/2952 2619/3958/2955 3317/3959/2956
f 2617/3957/2952 3317/3959/2956 2620/3960/2957
f 2617/3957/2952 1508/2255/1729 3674/3961/2958
f 2617/3957/2952 2620/3960/2957 2621/3962/2959
f 2617/3957/2952 3674/3961/2958 2622/3963/2953
f 2617/3954/2952 2618/3956/2954 2619/3964/2955
f 2617/3957/2952 2621/3962/2959 1510/2258/1732
f 2623/3965/2960 2624/3966/2961 2625/3967/2962
f 2623/3965/2960 849/1303/1007 848/1302/1006
f 2623/3965/2960 848/1302/1006 4854/3968/2963
f 2623/3965/2960 2625/3967/2962 849/1303/1007
f 2623/3965/2960 4854/3968/2963 2624/3966/2961
f 2627/3969/2964 2626/3970/1794 2107/3163/2406
f 2627/3971/2964 2164/3246/2466 1009/1515/1174
f 2627/3971/2964 1009/1515/1174 1010/1517/1175
f 2627/3969/2964 2107/3163/2406 2164/3245/2466
f 2627/3971/2964 2628/3972/2965 2626/2343/1794
f 2627/3971/2964 2629/3973/2966 2628/3972/2965
f 2627/3971/2964 1010/1517/1175 2629/3973/2966
f 478/704/564 2630/3974/2967 2631/3975/2968
f 478/704/564 2631/3975/2968 481/705/565
f 478/704/564 479/707/567 2632/3976/2969
f 478/704/564 2632/3976/2969 2630/3974/2967
f 482/714/571 2633/3977/2970 2634/3978/2971
f 482/714/571 2635/3979/2972 2633/3977/2970
f 482/714/571 2634/3978/2971 3695/715/572
f 482/714/571 486/722/577 2635/3979/2972
f 2638/1540/1189 2636/3980/2973 2203/3307/2505
f 2638/1540/1189 2637/3981/2626 4558/1541/1190
f 2638/1540/1189 1022/1543/1192 2636/3980/2973
f 2638/3982/1189 2203/3301/2505 2637/3481/2626
f 2639/3983/2974 2640/3984/2975 2641/3985/2976
f 2639/3983/2974 2642/3986/2977 2643/3987/2978
f 2639/3983/2974 2644/3988/2979 2642/3986/2977
f 2639/3983/2974 2643/3987/2978 2640/3984/2975
f 2639/3983/2974 2641/3985/2976 2644/3988/2979
f 2645/3989/2980 295/3990/349 2646/3991/2981
f 2645/3989/2980 2647/3992/2982 2648/3993/2983
f 2645/3989/2980 2649/3994/2984 2650/3995/2985
f 2645/3989/2980 2650/3995/2985 2651/3996/2986
f 2645/3989/2980 2648/3993/2983 2649/3994/2984
f 2645/3989/2980 1655/2495/354 2652/3997/350
f 2645/3989/2980 2651/3996/2986 1655/2495/354
f 2645/3989/2980 2646/3991/2981 2647/3992/2982
f 2645/3989/2980 2652/3997/350 295/3990/349
f 617/932/732 618/933/733 2653/3998/2987
f 617/932/732 2653/3998/2987 974/1467/1137
f 2655/3999/2988 2654/4000/2989 4778/4001/2990
f 2655/4002/2988 2656/4003/2991 2657/4004/2992
f 2655/4002/2988 2657/4004/2992 4862/4005/2993
f 2655/4006/2988 4862/4007/2993 2658/4008/2994
f 2655/3999/2988 2658/4009/2994 2654/4000/2989
f 2655/4010/2988 4778/4011/2990 2656/4012/2991
f 2661/4013/2995 2659/4014/2996 2662/4015/2997
f 2661/4013/2995 2660/4016/2998 2659/4014/2996
f 2661/4017/2995 1049/1585/1221 2664/4018/2999
f 2661/4017/2995 2662/4019/2997 1047/1586/1222
f 2661/4013/2995 2663/4020/3000 2660/4016/2998
f 2661/4013/2995 2664/4021/2999 2663/4020/3000
f 2661/4017/2995 1047/1586/1222 1049/1585/1221
f 272/4022/324 2665/4023/3001 2666/4024/3002
f 272/4025/324 2667/4026/3003 2668/4027/3004
f 272/418/324 838/417/323 2669/4028/3005
f 272/4025/324 2668/4027/3004 2665/4029/3001
f 272/4025/324 2669/4030/3005 2670/4031/3006
f 272/4025/324 2670/4031/3006 2667/4026/3003
f 2211/3317/2513 2671/4032/3007 2672/4033/3008
f 2211/3317/2513 4514/4034/3009 4717/4035/3010
f 2211/3317/2513 4717/4035/3010 2212/3318/2514
f 2211/3317/2513 2672/4033/3008 4514/4034/3009
f 2211/3317/2513 2215/3321/2517 2671/4032/3007
f 2674/4036/3011 2673/4037/2906 2582/4038/2908
f 2674/4036/3011 2581/4039/2907 2673/4037/2906
f 2674/4040/3011 2582/3892/2908 2675/4041/3012
f 2674/4036/3011 2675/4042/3012 2581/4039/2907
f 2676/4043/2609 2677/4044/3013 2678/4045/2610
f 2676/4046/2609 2679/4047/2778 2680/4048/3014
f 2676/4049/2609 2465/4050/2611 2679/4051/2778
f 2676/4046/2609 2680/4048/3014 2681/4052/3015
f 2676/4046/2609 2681/4052/3015 2677/4053/3013
f 379/566/451 2682/4054/3016 2683/4055/3017
f 379/566/451 2684/4056/3018 380/567/452
f 379/566/451 2683/4055/3017 2684/4056/3018
f 379/566/451 384/571/456 2682/4054/3016
f 388/575/460 2685/4057/3019 2686/4058/3020
f 388/575/460 2686/4058/3020 2687/4059/3021
f 388/575/460 387/574/459 2685/4057/3019
f 388/575/460 2688/4060/3022 389/576/461
f 388/575/460 2687/4059/3021 2688/4060/3022
f 2689/4061/3023 2690/4062/3024 2691/4063/562
f 2689/4061/3023 1464/2195/1683 2692/4064/3025
f 2689/4061/3023 2691/4063/562 1465/2196/1684
f 2689/4061/3023 2693/4065/3026 2690/4062/3024
f 2689/4061/3023 2692/4064/3025 2693/4065/3026
f 2689/4061/3023 1465/2196/1684 1464/2195/1683
f 1631/2462/1876 3395/4066/3027 1632/4067/1877
f 1631/2462/1876 1635/2461/1878 2694/4068/3028
f 1631/2462/1876 2694/4068/3028 3395/4066/3027
f 2275/3411/2574 1694/2559/1942 2695/4069/3029
f 2275/3411/2574 2695/4069/3029 2696/4070/1691
f 2275/3411/2574 2697/4071/3030 2276/3412/2575
f 2275/3411/2574 2696/4070/1691 2697/4071/3030
f 2698/4072/3031 2699/4073/3032 4896/114/88
f 2698/4072/3031 4896/114/88 2700/4074/3033
f 2698/4072/3031 4382/4075/3034 2699/4073/3032
f 2698/4072/3031 2700/4074/3033 4382/4075/3034
f 2701/4076/3035 3728/4077/3036 2703/4078/3037
f 2701/4079/3035 2184/3273/2487 4264/4080/3038
f 2701/4081/3035 4264/4082/3038 2702/4083/3039
f 2701/4079/3035 2185/3274/2488 2184/3273/2487
f 2701/4079/3035 2703/4084/3037 2185/3274/2488
f 2701/4085/3035 2702/4086/3039 3728/4087/3036
f 2704/4088/3040 2705/4089/3041 2706/4090/3042
f 2704/4088/3040 2707/4091/3043 2705/4089/3041
f 2704/4088/3040 2706/4090/3042 2708/4092/3044
f 2704/4088/3040 2708/4092/3044 2709/4093/3045
f 2704/4088/3040 2710/4094/3046 2707/4091/3043
f 2704/4088/3040 2709/4093/3045 2710/4094/3046
f 2711/4095/3047 2712/4096/3048 2713/4097/3049
f 2711/4095/3047 2714/4098/3050 2715/4099/3051
f 2711/4095/3047 2715/4099/3051 89/134/105
f 2711/4095/3047 89/134/105 2712/4096/3048
f 2711/4095/3047 2713/4097/3049 2714/4098/3050
f 2716/4100/1760 2717/4101/3052 3735/4102/3053
f 2716/4103/1760 3735/4104/3053 4892/4105/3054
f 2716/4106/1760 4619/4107/1765 2717/4108/3052
f 2716/4103/1760 4892/4105/3054 2718/4109/1761
f 598/912/712 4049/3575/2691 599/913/713
f 598/912/712 602/917/717 2387/3573/2689
f 2720/4110/3055 3227/4111/3056 2719/4112/3057
f 2720/4113/3055 2719/4114/3057 2721/4115/288
f 2720/4116/3055 238/4117/3058 4384/4118/3059
f 2720/4119/3055 2721/4120/288 238/4121/3058
f 2720/4110/3055 1597/2391/1835 3227/4111/3056
f 2720/4122/3055 4384/4123/3059 1597/4124/1835
f 2420/4125/2727 1757/2641/2011 2722/4126/3060
f 2420/4125/2727 2722/4126/3060 2723/4127/3061
f 2420/3626/2727 2724/4128/3062 1986/2969/2266
f 2420/4125/2727 2723/4127/3061 2724/4129/3062
f 2420/4125/2727 2236/3356/2539 1757/2641/2011
f 3353/4130/3063 2725/4131/3064 4899/4132/3065
f 2726/4133/3066 4618/4134/3067 4899/4135/3065
f 2726/4136/3066 4899/4137/3065 2725/4138/3064
f 4899/4139/3068 4908/4140/3069 2727/4141/3070
f 1756/2640/2010 2728/4142/3071 2729/4143/3072
f 1756/2640/2010 2729/4143/3072 2722/4126/3060
f 1756/2640/2010 2722/4126/3060 1757/2641/2011
f 1756/2640/2010 1760/2644/2014 2728/4142/3071
f 2730/4144/3073 57/91/68 2731/4145/3074
f 2730/4144/3073 2732/4146/3075 2733/4147/3076
f 2730/4144/3073 2733/4147/3076 813/1228/964
f 2730/4144/3073 2731/4145/3074 2732/4146/3075
f 2730/4144/3073 813/1228/964 57/91/68
f 2734/4148/3077 816/1232/968 2735/4149/3078
f 2734/4148/3077 817/1233/969 816/1232/968
f 2734/4148/3077 2736/4150/3079 817/1233/969
f 2734/4148/3077 2735/4149/3078 2737/4151/3080
f 2734/4148/3077 2737/4151/3080 2736/4150/3079
f 823/4152/976 2738/4153/3081 827/4154/977
f 823/4152/976 1641/2472/1885 2738/4153/3081
f 823/1253/976 826/1252/981 2739/4155/1886
f 823/4152/976 2739/2473/1886 1641/2472/1885
f 2740/4156/3082 1778/2670/2034 2743/4157/3083
f 2740/4158/3082 2741/4159/3084 2742/4160/3085
f 2740/4156/3082 2213/4161/2515 4334/4162/3086
f 2740/4158/3082 2743/4163/3083 2741/4159/3084
f 2740/4158/3082 2742/4160/3085 2213/4164/2515
f 2740/4156/3082 4334/4162/3086 1778/2670/2034
f 2744/4165/3087 2745/4166/3088 2746/4167/3089
f 2744/4165/3087 2747/4168/3090 1520/4169/1743
f 2744/4165/3087 2746/4167/3089 2747/4168/3090
f 2744/4165/3087 1520/4169/1743 2745/4166/3088
f 2748/4170/593 4129/4171/3091 4131/4172/3092
f 2748/4170/593 2749/4173/598 2750/4174/3093
f 2748/4175/593 4131/4176/3092 503/747/594
f 2748/4170/593 2750/4174/3093 4129/4171/3091
f 924/1402/1084 926/1404/1086 2222/3328/2524
f 924/1402/1084 2061/3094/2356 2751/4177/3094
f 924/1402/1084 2062/3095/2357 2061/3094/2356
f 924/1402/1084 2751/4177/3094 925/1403/1085
f 924/1402/1084 2222/3328/2524 2062/3095/2357
f 2752/4178/3095 2755/4179/3096 2753/4180/3097
f 2752/4181/3095 2754/4182/3098 1073/1626/1250
f 2752/4181/3095 2223/3329/2525 2755/4183/3096
f 2752/4181/3095 2753/4184/3097 2754/4182/3098
f 2752/4181/3095 1073/1626/1250 2223/3329/2525
f 2756/4185/3099 2757/4186/3100 4010/4187/3101
f 2756/4188/3099 2276/3412/2575 2697/4071/3030
f 2756/4188/3099 2758/4189/3102 2276/3412/2575
f 2756/4190/3099 2759/4191/3103 2758/4192/3102
f 2756/4190/3099 4010/4193/3101 2759/4191/3103
f 2756/4185/3099 2697/4194/3030 2757/4186/3100
f 2763/4195/3104 2403/4196/2706 270/4197/319
f 2763/4195/3104 2760/4198/3105 2403/4196/2706
f 2763/4195/3104 2761/4199/3106 4701/3717/2792
f 2763/4195/3104 2762/4200/3107 2760/4198/3105
f 2763/4195/3104 4701/3717/2792 2762/4200/3107
f 2763/4201/3104 270/413/319 2761/4202/3106
f 743/1129/883 2764/4203/3108 2765/4204/3109
f 743/1137/883 745/1136/886 4755/4205/3110
f 743/1129/883 2765/4204/3109 744/1130/884
f 743/1129/883 4755/4206/3110 2764/4203/3108
f 2083/4207/2380 2766/4208/3111 2767/4209/3112
f 2083/4207/2380 2242/3373/2545 2766/4208/3111
f 2083/3124/2380 2767/4210/3112 2084/3125/2381
f 2083/4207/2380 2243/3374/2384 2242/3373/2545
f 2768/4211/3113 2769/4212/3114 1779/2671/2035
f 2768/4211/3113 3870/4213/3115 2770/4214/3116
f 2768/4211/3113 2050/3073/2342 2769/4212/3114
f 2768/4211/3113 1779/2671/2035 2771/4215/3117
f 2768/4211/3113 2770/4214/3116 2050/3073/2342
f 2768/4211/3113 2771/4215/3117 3870/4213/3115
f 2772/4216/3118 1226/1831/1417 1228/1834/1419
f 2772/4216/3118 2773/4217/3119 761/1161/904
f 2772/4216/3118 1228/1834/1419 2773/4217/3119
f 2772/4216/3118 2774/4218/3120 1226/1831/1417
f 2772/4216/3118 761/1161/904 2774/4218/3120
f 2775/4219/3121 2776/4220/3122 2777/4221/3123
f 2775/4219/3121 1495/2239/1717 2489/3741/2805
f 2775/4219/3121 2778/4222/3124 2776/4220/3122
f 2775/4219/3121 1496/2240/1718 1495/2239/1717
f 2775/4219/3121 2489/3741/2805 2779/4223/3125
f 2775/4219/3121 2777/4221/3123 1496/2240/1718
f 2775/4219/3121 2779/4223/3125 2778/4222/3124
f 432/636/512 2780/4224/3126 618/933/733
f 432/636/512 433/637/513 2780/4224/3126
f 2781/4225/3127 2782/4226/3128 2783/4227/3129
f 2781/4225/3127 1426/2138/1642 352/2137/421
f 2781/4225/3127 352/2137/421 4825/4228/3130
f 2781/4225/3127 205/309/243 2782/4226/3128
f 2781/4225/3127 2783/4227/3129 1426/2138/1642
f 2781/4225/3127 4825/4228/3130 205/309/243
f 2784/4229/3131 2785/4230/3132 61/98/73
f 2784/4229/3131 2786/4231/3133 2787/4232/3134
f 2784/4229/3131 2788/4233/3135 2785/4230/3132
f 2784/4229/3131 2789/4234/3136 2788/4233/3135
f 2784/4229/3131 61/98/73 2786/4231/3133
f 2784/4229/3131 2787/4232/3134 2789/4234/3136
f 2790/4235/3137 2791/4236/3138 792/1205/941
f 2790/4235/3137 792/1205/941 791/1204/940
f 2790/4235/3137 791/1204/940 2792/4237/3139
f 2790/4235/3137 2793/4238/3140 2791/4236/3138
f 2790/4235/3137 2792/4237/3139 2793/4238/3140
f 2794/4239/3141 2795/4240/3142 2796/4241/3143
f 2794/4239/3141 3941/4242/3144 3943/4243/3145
f 2794/4239/3141 2797/4244/3146 3941/4242/3144
f 2794/4239/3141 2796/4241/3143 2797/4244/3146
f 2794/4239/3141 3943/4243/3145 2795/4240/3142
f 2798/4245/3147 2799/4246/3148 2735/4149/3078
f 2798/4245/3147 3717/4247/3149 2799/4246/3148
f 2798/4245/3147 2735/4149/3078 819/4248/974
f 2798/4249/3147 819/4250/974 2800/4251/3150
f 2798/4245/3147 2800/4252/3150 3717/4247/3149
f 2801/4253/3151 85/129/4 2802/4254/3152
f 2801/4255/3151 1340/2015/1552 85/4/4
f 2801/4255/3151 2803/4256/3153 1344/2019/1556
f 2801/4255/3151 1344/2019/1556 1340/2015/1552
f 2801/4253/3151 2802/4254/3152 2803/4257/3153
f 2332/3496/2638 2804/4258/3154 2805/4259/3155
f 2332/3496/2638 2334/3498/2640 2804/4258/3154
f 2332/3496/2638 2806/4260/3156 1744/2623/1993
f 2332/3496/2638 2805/4259/3155 2806/4260/3156
f 2807/4261/1462 239/4262/284 2393/4263/2694
f 2807/4264/1462 2808/4265/1467 239/4266/284
f 2807/4267/1462 4842/4268/3157 1268/4269/1463
f 2807/4270/1462 2393/4271/2694 4842/4272/3157
f 2809/4273/3158 2810/4274/3159 2811/4275/3160
f 2809/4273/3158 2811/4275/3160 2812/4276/3161
f 2809/4273/3158 2813/4277/3162 2810/4274/3159
f 2809/4273/3158 2814/4278/3163 2813/4277/3162
f 2809/4273/3158 2812/4276/3161 2814/4278/3163
f 2816/4279/3164 4188/4280/2065 2817/4281/140
f 2816/4282/3164 2815/4283/139 4865/4284/3165
f 2816/4285/3164 2817/4286/140 2815/4287/139
f 2816/4282/3164 4189/4288/3166 4188/4289/2065
f 2816/4282/3164 4865/4284/3165 4189/4288/3166
f 2818/4290/3167 2819/4291/3168 1551/2331/1786
f 2818/4290/3167 1330/1996/1541 2819/4291/3168
f 2818/4290/3167 1551/2331/1786 2820/4292/3169
f 2818/4290/3167 2821/4293/3170 1330/1996/1541
f 2818/4290/3167 2820/4292/3169 2821/4293/3170
f 126/190/151 4307/4294/3171 1501/2245/1722
f 126/190/151 1501/2245/1722 131/191/152
f 126/190/151 4718/197/154 4307/4294/3171
f 2822/4295/3172 2823/4296/3173 1624/2445/1866
f 2822/4295/3172 2827/4297/3174 2824/4298/3175
f 2822/4299/3172 2825/4300/3176 2826/4301/3177
f 2822/4295/3172 2824/4298/3175 2823/4296/3173
f 2822/4295/3172 1624/2445/1866 2825/4302/3176
f 2822/4299/3172 2826/4301/3177 2827/4303/3174
f 1769/2657/2023 57/91/68 56/93/67
f 1769/2653/2023 56/89/67 368/553/440
f 1769/2653/2023 368/553/440 371/556/442
f 978/1473/1142 817/1233/969 2736/4150/3079
f 978/1473/1142 2736/4150/3079 2828/4304/3178
f 978/1473/1142 2828/4304/3178 1571/2362/1807
f 978/1473/1142 1574/2365/1810 979/1474/1143
f 2239/3362/2540 4232/1766/1361 1179/1765/1365
f 2239/3362/2540 1179/1765/1365 1957/2934/2237
f 2239/4305/2540 2238/4306/807 2829/4307/806
f 2239/4305/2540 2829/4307/806 4232/4308/1361
f 2830/4309/3179 1377/2069/1593 2219/3325/2521
f 2830/4309/3179 2831/4310/3180 2584/3894/2910
f 2830/4309/3179 2832/4311/3181 1377/2069/1593
f 2830/4309/3179 608/1614/723 2831/4310/3180
f 2830/4309/3179 2584/3894/2910 2832/4311/3181
f 2830/4309/3179 2219/3325/2521 608/1614/723
f 1065/1617/1241 1072/1625/1249 2833/4312/3182
f 1065/1617/1241 1070/1622/1246 1066/1618/1242
f 1065/1617/1241 2833/4312/3182 1069/1621/1245
f 2834/4313/3183 2835/4314/3184 2836/4315/3185
f 2834/4313/3183 1372/2063/1588 1754/2638/2008
f 2834/4313/3183 2836/4315/3185 1372/2063/1588
f 2834/4313/3183 1754/2638/2008 2835/4314/3184
f 2837/4316/3186 2838/4317/3187 2839/4318/797
f 2837/4316/3186 1939/2910/2220 2840/4319/3188
f 2837/4316/3186 2840/4319/3188 2838/4317/3187
f 2837/4316/3186 2839/4318/797 2841/4320/3189
f 2837/4316/3186 2841/4320/3189 1939/2910/2220
f 2842/4321/3190 2843/4322/3191 2844/4323/3192
f 2842/4321/3190 2844/4323/3192 2845/4324/3193
f 2842/4321/3190 2846/4325/3194 25/30/27
f 2842/4321/3190 2845/4324/3193 2846/4325/3194
f 2842/4321/3190 1404/2107/1619 2843/4322/3191
f 2842/4321/3190 25/30/27 1404/2107/1619
f 2850/4326/3195 2847/4327/1845 2848/4328/3196
f 2850/4329/3195 2849/4330/3197 178/266/212
f 2850/4329/3195 178/266/212 1605/4331/1846
f 2850/4332/3195 1605/2414/1846 2847/2413/1845
f 2850/4329/3195 2851/4333/3198 2849/4330/3197
f 2850/4326/3195 2848/4328/3196 2851/4334/3198
f 2852/4335/3199 1182/1772/1370 2853/4336/3200
f 2852/4337/3199 4493/4338/3201 1183/4339/1371
f 2852/4340/3199 2854/4341/3202 3195/4342/3203
f 2852/4337/3199 3195/4343/3203 3894/4344/3204
f 2852/4340/3199 2853/4345/3200 2854/4341/3202
f 2852/4337/3199 1183/4339/1371 1182/4346/1370
f 2852/4337/3199 3894/4344/3204 4493/4338/3201
f 1419/2125/1636 3202/4347/3205 2855/4348/3206
f 1419/2125/1636 2855/4348/3206 1420/2126/1637
f 2856/4349/1335 1154/256/202 2857/4350/3207
f 2856/4349/1335 2857/4350/3207 2858/4351/1573
f 2856/1729/1335 2858/4352/1573 1156/1730/1336
f 50/4353/61 2860/4354/3208 2859/4355/3209
f 50/4353/61 2859/4355/3209 1963/2941/2241
f 50/83/61 53/86/64 2860/4356/3208
f 1770/2654/2024 370/555/441 1630/2456/1874
f 1770/4357/2024 1630/2455/1874 1771/2658/2025
f 1770/2654/2024 371/556/442 370/555/441
f 60/97/72 62/99/74 2861/4358/3210
f 60/97/72 2862/4359/3211 61/98/73
f 60/97/72 2861/4358/3210 2862/4359/3211
f 67/104/79 2863/4360/3212 439/643/519
f 67/104/79 70/107/82 2864/4361/3213
f 67/104/79 439/643/519 2865/4362/3214
f 67/104/79 2865/4362/3214 68/105/80
f 67/104/79 2864/4361/3213 2863/4360/3212
f 2868/4363/3215 2866/4364/3216 4436/4365/3217
f 2868/4366/3215 4436/4367/3217 2869/4368/3218
f 2868/4369/3215 2598/3917/2927 2866/4370/3216
f 2868/4369/3215 3254/4371/3219 2867/4372/3220
f 2868/4369/3215 2867/4372/3220 2598/3917/2927
f 2868/4373/3215 2869/4374/3218 3254/4375/3219
f 2870/4376/3221 2871/4377/3222 2557/3849/2881
f 2870/4376/3221 2872/4378/3223 2873/4379/3224
f 2870/4376/3221 2874/4380/3225 2872/4378/3223
f 2870/4376/3221 2873/4379/3224 167/252/198
f 2870/4376/3221 167/252/198 165/250/196
f 2870/4376/3221 2557/3849/2881 2874/4380/3225
f 2870/4376/3221 165/250/196 2871/4377/3222
f 2875/4381/3226 249/385/297 2876/4382/3227
f 2875/4381/3226 2877/4383/3228 249/385/297
f 2875/4381/3226 2876/4382/3227 1477/2213/1700
f 2875/4381/3226 1477/2213/1700 680/1023/804
f 2875/4381/3226 2878/4384/3229 2877/4383/3228
f 2875/4381/3226 680/1023/804 679/1022/803
f 2875/4381/3226 679/1022/803 2878/4384/3229
f 263/406/312 2879/4385/3230 57/91/68
f 263/406/312 264/407/313 2880/4386/3231
f 263/406/312 2880/4386/3231 2879/4385/3230
f 1171/1751/1354 1175/1755/1358 1335/2003/1547
f 1171/1751/1354 1339/2014/1549 1172/1752/1355
f 2881/4387/3232 2882/4388/3233 4841/4389/186
f 2881/4387/3232 359/540/428 357/538/426
f 2881/4387/3232 4841/4389/186 156/4390/182
f 2881/4387/3232 156/4390/182 359/540/428
f 2881/4387/3232 357/538/426 2882/4388/3233
f 2088/3130/2386 1345/2020/1557 2883/4391/3234
f 2088/3130/2386 1225/1826/1413 1221/1822/1409
f 2088/3130/2386 2883/4391/3234 2089/3131/2387
f 2088/3130/2386 1221/1822/1409 1345/2020/1557
f 2884/4392/3235 3440/4393/3236 1323/4394/1534
f 2884/4395/3235 2885/4396/3237 2886/4397/3238
f 2884/4395/3235 2886/4397/3238 3440/4398/3236
f 2884/4392/3235 1323/4394/1534 2887/4399/3239
f 2884/4395/3235 2887/4400/3239 2888/4401/3240
f 2884/4395/3235 2888/4401/3240 2885/4396/3237
f 2889/4402/3241 3251/4403/3242 3249/4404/3243
f 2889/4402/3241 2890/4405/3244 1788/2684/2044
f 2889/4402/3241 2891/4406/3245 2890/4405/3244
f 2889/4402/3241 1788/2684/2044 3251/4403/3242
f 2889/4402/3241 4335/4407/3246 2891/4406/3245
f 2889/4402/3241 3249/4404/3243 4335/4407/3246
f 1357/2035/1569 381/568/453 383/570/455
f 1357/2035/1569 383/570/455 1358/2036/1570
f 1357/2035/1569 2706/4090/3042 2892/4408/3247
f 1357/2035/1569 2892/4408/3247 381/568/453
f 1357/2035/1569 1360/2038/1572 2706/4090/3042
f 1428/2140/1644 2893/4409/3248 2894/4410/3249
f 1428/2507/1644 1668/2511/1914 2893/4411/3248
f 1428/2140/1644 2894/4410/3249 1429/2141/1645
f 1118/1681/1296 2896/4412/3250 1116/1682/1297
f 1118/1685/1296 1117/1684/1298 4848/4413/3251
f 1118/1685/1296 4848/4413/3251 2895/4414/3252
f 1118/1685/1296 2895/4414/3252 2896/4415/3250
f 2897/4416/3253 2898/4417/3254 68/105/80
f 2897/4416/3253 2899/4418/3255 2898/4417/3254
f 2897/4416/3253 2900/4419/3256 1124/1694/1305
f 2897/4416/3253 2865/4362/3214 2900/4419/3256
f 2897/4416/3253 68/105/80 2865/4362/3214
f 2897/4416/3253 1124/1694/1305 1123/1693/1304
f 2897/4416/3253 1123/1693/1304 2899/4418/3255
f 2659/4014/2996 2660/4016/2998 2901/4420/3257
f 2659/4014/2996 4438/4421/3258 4440/4422/3259
f 2659/4014/2996 2901/4420/3257 4438/4421/3258
f 2659/4423/2996 4440/4424/3259 2662/4019/2997
f 2904/4425/3260 2902/4426/3261 3371/4427/3262
f 2904/4425/3260 2905/4428/3263 2970/495/388
f 2904/4425/3260 2970/495/388 2903/4429/3264
f 2904/4425/3260 2903/4429/3264 2902/4426/3261
f 2904/4430/3260 3371/4431/3262 2905/4432/3263
f 1806/2709/2064 3236/4433/3265 2906/4434/3266
f 1806/2709/2064 2906/4434/3266 2418/1391/757
f 1806/2709/2064 1807/2711/2066 3236/4433/3265
f 243/376/291 2907/4435/3267 244/377/292
f 243/376/291 880/1341/1037 2907/4435/3267
f 2509/3772/2826 2190/3280/2493 2192/3284/2496
f 2509/3772/2826 2192/3284/2496 1811/2715/2070
f 2509/3772/2826 2908/4436/3268 2510/3773/2827
f 2509/3772/2826 1811/2715/2070 2908/4436/3268
f 1813/2717/2072 625/942/740 623/939/738
f 1813/2717/2072 623/939/738 1814/2718/2073
f 1813/2717/2072 1816/2720/2075 2909/4437/3269
f 1813/2717/2072 2909/4437/3269 625/942/740
f 182/272/218 184/274/220 634/955/749
f 182/272/218 636/957/751 183/273/219
f 672/4438/793 2910/4439/3270 2911/4440/3271
f 672/4438/793 2912/4441/796 3072/4442/3272
f 672/4438/793 2911/4440/3271 2913/4443/794
f 672/4438/793 3072/4442/3272 2914/4444/3273
f 672/4438/793 2914/4444/3273 2910/4439/3270
f 2915/4445/3274 2916/4446/3275 2363/3537/2664
f 2915/4445/3274 2917/4447/3276 2918/4448/3277
f 2915/4445/3274 2918/4448/3277 2919/4449/3278
f 2915/4445/3274 2363/3537/2664 2362/3536/1075
f 2915/4445/3274 2362/3536/1075 2917/4447/3276
f 2915/4445/3274 2919/4449/3278 2916/4446/3275
f 361/4450/430 2920/4451/3279 2921/4452/3280
f 361/542/430 2923/4453/3281 8/11/11
f 361/4450/430 2922/4454/435 2920/4451/3279
f 361/542/430 8/11/11 362/543/431
f 361/4450/430 2921/4452/3280 2923/4455/3281
f 2924/4456/3282 3547/2758/2099 4704/2761/2102
f 2924/4457/3282 2925/4458/3283 2926/4459/1921
f 2924/4460/3282 501/740/591 498/735/588
f 2924/4456/3282 2927/4461/3284 3547/2758/2099
f 2924/4460/3282 3920/4462/3285 501/740/591
f 2924/4460/3282 498/735/588 2925/4463/3283
f 2924/4456/3282 4704/2761/2102 3920/4464/3285
f 918/1396/1078 2928/4465/3286 2929/4466/3287
f 918/1396/1078 922/1400/1082 2930/4467/3288
f 918/1396/1078 2930/4467/3288 2928/4465/3286
f 918/1396/1078 2929/4466/3287 2931/4468/3289
f 918/1396/1078 2931/4468/3289 919/1397/1079
f 2932/4469/3290 2933/4470/3291 2934/4471/3292
f 2932/4469/3290 2935/4472/3293 2933/4470/3291
f 2932/4469/3290 2936/4473/3294 2937/4474/3295
f 2932/4469/3290 2937/4474/3295 2935/4472/3293
f 2932/4469/3290 2934/4471/3292 2936/4473/3294
f 691/1049/822 2938/4475/3296 2939/4476/3297
f 691/1049/822 2940/4477/3298 2938/4475/3296
f 691/1049/822 693/1048/819 2940/4477/3298
f 691/1049/822 2939/4476/3297 2490/3743/2806
f 1414/2120/1631 2941/4478/3299 2942/4479/3300
f 1414/2120/1631 2942/4479/3300 2304/3451/2604
f 1414/2120/1631 1417/2123/1634 2941/4478/3299
f 1421/2127/1638 2943/4480/3301 2944/4481/3302
f 1421/2127/1638 2945/4482/3303 41/65/48
f 1421/2127/1638 2944/4481/3302 2945/4482/3303
f 1421/2127/1638 2445/4483/2756 2943/4480/3301
f 1421/2127/1638 1420/2126/1637 2445/4483/2756
f 1751/2635/2005 2946/4484/380 320/4485/383
f 1751/2635/2005 1374/2065/1590 2947/4486/3304
f 1751/2635/2005 1375/2066/1591 1374/2065/1590
f 1751/2635/2005 320/4485/383 1752/2636/2006
f 2948/4487/3305 1983/2966/2263 2949/4488/3306
f 2948/4487/3305 2950/4489/3307 327/498/391
f 2948/4487/3305 326/497/390 1095/1654/1274
f 2948/4487/3305 327/498/391 326/497/390
f 2948/4487/3305 1095/1654/1274 1983/2966/2263
f 2948/4487/3305 2949/4488/3306 2950/4489/3307
f 1796/2697/2052 2786/4231/3133 2862/4359/3211
f 1796/2697/2052 2862/4359/3211 2861/4358/3210
f 1796/2697/2052 2951/4490/3308 1797/2698/2053
f 1796/2697/2052 2861/4358/3210 2951/4490/3308
f 1796/2697/2052 1800/2701/2056 2786/4231/3133
f 2952/4491/3309 4310/4492/3310 4576/4493/3311
f 2952/4494/3309 2953/4495/2849 2954/4496/3312
f 2952/4491/3309 2954/4497/3312 4310/4492/3310
f 2952/4498/3309 2955/910/710 596/909/706
f 2952/4491/3309 4576/4493/3311 2955/4499/710
f 2958/4500/3313 2959/4501/3314 2956/4502/3315
f 2958/4500/3313 2956/4502/3315 2957/4503/3316
f 2958/4500/3313 2957/4503/3316 2960/4504/3317
f 2958/4505/3313 513/761/607 2959/4506/3314
f 2958/4505/3313 516/764/610 513/761/607
f 2958/4505/3313 2960/4507/3317 516/764/610
f 2962/1797/1390 2963/4508/2535 1202/1798/1391
f 2962/4509/1390 2961/4510/1392 4830/4511/3318
f 2962/4512/1390 4830/4513/3318 2963/4514/2535
f 2339/3506/2642 1208/1807/1398 1907/2864/2185
f 2339/3506/2642 1906/2863/2184 1908/2865/2186
f 2339/3506/2642 1908/2865/2186 2340/3507/2643
f 2339/3506/2642 1907/2864/2185 1906/2863/2184
f 2964/4515/3319 2179/3265/2482 2965/4516/2877
f 2964/4517/3319 2966/4518/3320 2968/258/204
f 2964/4515/3319 2967/4519/3321 2179/3265/2482
f 2964/4517/3319 2965/3843/2877 2966/4518/3320
f 2964/4515/3319 2968/4520/204 2967/4519/3321
f 2971/4521/3322 2969/4522/3323 2970/4523/388
f 2971/4524/3322 2972/4525/3324 533/797/630
f 2971/4524/3322 2970/4526/388 2972/4525/3324
f 2971/4521/3322 532/800/629 2969/4522/3323
f 2971/4524/3322 533/797/630 532/796/629
f 2973/4527/3325 2974/4528/755 2416/3622/2725
f 2973/4529/3325 2416/4530/2725 2419/4531/2724
f 2973/4529/3325 2975/4532/635 2974/4533/755
f 2973/4529/3325 537/4534/636 2975/4532/635
f 2973/4529/3325 2976/4535/1254 537/4534/636
f 2973/4529/3325 2419/4531/2724 2976/4535/1254
f 2977/4536/3326 2978/4537/3327 2979/4538/3328
f 2977/4536/3326 2979/4538/3328 759/1159/902
f 2977/4536/3326 542/4539/641 2978/4537/3327
f 2977/4536/3326 759/1159/902 545/3138/644
f 2977/4536/3326 545/3138/644 542/4539/641
f 2727/4540/3329 2980/4541/3330 4905/4542/3331
f 2727/4540/3329 2434/3643/2742 2980/4541/3330
f 2727/4540/3329 4211/4543/3332 2434/3643/2742
f 2981/4544/3333 4096/4545/3334 4829/4546/3335
f 2981/4544/3333 556/837/656 555/836/655
f 2981/4544/3333 2982/4547/3336 556/837/656
f 2981/4544/3333 555/836/655 4096/4545/3334
f 2981/4544/3333 4829/4546/3335 2982/4547/3336
f 2983/4548/3337 2984/4549/3338 4351/4550/3339
f 2983/4551/3337 1569/2359/1805 2984/4552/3338
f 2983/4548/3337 4351/4550/3339 1569/2360/1805
f 2501/3762/2816 2502/3763/2817 2985/4553/3340
f 2501/3762/2816 2986/4554/3341 1909/2869/2187
f 2501/3762/2816 2985/4553/3340 1599/2398/1838
f 2501/3762/2816 1599/2398/1838 2986/4554/3341
f 2583/3893/2909 2832/4311/3181 2584/3894/2910
f 2583/4555/2909 2987/4556/3342 1379/2074/1594
f 2583/4557/2909 2988/4558/2912 2987/4559/3342
f 2583/3893/2909 1379/2070/1594 2832/4311/3181
f 2989/4560/3343 1728/2594/1975 1727/2593/1974
f 2989/4560/3343 2990/4561/3344 1728/2594/1975
f 2989/4560/3343 2991/4562/3345 2990/4561/3344
f 2989/4560/3343 1727/2593/1974 2992/4563/3346
f 2989/4560/3343 2992/4563/3346 2991/4562/3345
f 2712/4096/3048 582/884/691 2993/4564/3347
f 2712/4096/3048 89/134/105 582/884/691
f 2712/4096/3048 2993/4564/3347 2713/4097/3049
f 2994/4565/3348 2995/4566/3349 2996/4567/3350
f 2994/4565/3348 2997/4568/3351 2998/4569/3352
f 2994/4565/3348 2999/4570/3353 2995/4566/3349
f 2994/4565/3348 2996/4567/3350 3000/4571/3354
f 2994/4565/3348 3000/4571/3354 2997/4568/3351
f 2994/4565/3348 2998/4569/3352 2999/4570/3353
f 3001/4572/3355 2460/3688/2772 2461/3689/2773
f 3001/4572/3355 1670/2514/1916 1672/2517/1918
f 3001/4572/3355 2461/3689/2773 3002/4573/3356
f 3001/4572/3355 1672/2517/1918 2460/3688/2772
f 3001/4572/3355 3002/4573/3356 1670/2514/1916
f 1764/2648/2018 3003/4574/3357 2478/3719/2793
f 1764/2648/2018 1766/2650/2020 3004/4575/3358
f 1764/2648/2018 3004/4575/3358 3003/4574/3357
f 2479/3721/2794 3005/4576/3359 3006/4577/3360
f 2479/3721/2794 2481/3725/2796 3007/4578/3361
f 2479/3721/2794 3006/4577/3360 2480/3722/2795
f 2479/3721/2794 3007/4578/3361 3005/4576/3359
f 3009/4579/2306 4699/4580/3362 3008/4581/2198
f 3009/4582/2306 1918/2886/2197 4561/3586/2698
f 3009/4582/2306 4561/3586/2698 2016/3589/2307
f 3009/3016/2306 2018/3019/2309 4699/4583/3362
f 3009/4582/2306 3008/4584/2198 1918/2886/2197
f 3010/4585/908 3011/4586/3363 3012/4587/3364
f 3010/4585/908 3012/4587/3364 3013/4588/911
f 3010/4585/908 2024/3029/2312 2019/3022/2311
f 3010/4585/908 3013/4588/911 2024/3029/2312
f 3010/4585/908 2019/3022/2311 3011/4586/3363
f 3014/4589/3365 4808/4590/3366 2909/4437/3269
f 3014/4589/3365 3015/4591/3367 3016/4592/3368
f 3014/4589/3365 3017/4593/3369 3015/4591/3367
f 3014/4589/3365 1816/2720/2075 3017/4593/3369
f 3014/4589/3365 3016/4592/3368 4808/4590/3366
f 3014/4589/3365 2909/4437/3269 1816/2720/2075
f 390/577/462 3018/4594/3370 3019/4595/3371
f 390/577/462 3019/4595/3371 3020/4596/3372
f 390/577/462 3020/4596/3372 4804/578/463
f 390/577/462 389/576/461 3018/4594/3370
f 3021/4597/3373 3022/4598/3374 3023/4599/3375
f 3021/4600/3373 1642/2474/1887 3026/4601/3376
f 3021/4600/3373 3024/4602/3377 1642/2474/1887
f 3021/4600/3373 3025/4603/3378 3024/4602/3377
f 3021/4597/3373 3026/4604/3376 3022/4598/3374
f 3021/4597/3373 3023/4599/3375 3025/4605/3378
f 3028/1920/1487 3027/4606/2190 1286/1921/1488
f 3028/4607/1487 1289/4608/1491 3029/4609/3379
f 3028/4607/1487 3029/4609/3379 3027/4610/2190
f 3030/4611/3380 3031/4612/3381 3032/4613/3382
f 3030/4611/3380 3033/4614/3383 3031/4612/3381
f 3030/4611/3380 3034/4615/3384 3035/4616/3385
f 3030/4611/3380 3035/4616/3385 3033/4614/3383
f 3030/4611/3380 3036/4617/3386 3034/4615/3384
f 3030/4611/3380 3032/4613/3382 3036/4617/3386
f 2189/3279/2492 3037/4618/3387 885/1346/1041
f 2189/3279/2492 3038/4619/3388 3039/4620/3389
f 2189/3279/2492 2191/3283/2495 3038/4619/3388
f 2189/3279/2492 3039/4620/3389 3037/4618/3387
f 892/4621/1048 3040/4622/3390 3041/4623/3391
f 892/4624/1048 891/4625/1047 346/525/413
f 892/4621/1048 346/4626/413 3040/4622/3390
f 892/4621/1048 3041/4623/3391 893/4627/1049
f 349/529/417 974/1467/1137 3042/4628/3392
f 349/529/417 3042/4628/3392 350/530/418
f 2245/3380/2548 1430/2142/1646 2520/3791/2839
f 2245/3377/2548 3043/4629/2841 3044/4630/3393
f 2245/3377/2548 3044/4630/3393 2246/3378/2549
f 2671/4032/3007 3045/4631/3394 2672/4033/3008
f 2671/4032/3007 3046/4632/1660 4234/4633/3395
f 2671/4032/3007 3047/4634/1661 3046/4632/1660
f 2671/4032/3007 4234/4633/3395 3045/4631/3394
f 2671/4032/3007 2215/3321/2517 3047/4634/1661
f 837/2524/990 2926/2523/1921 4743/4635/3396
f 837/2524/990 4743/4635/3396 835/4636/991
f 1062/1613/1238 841/1291/999 4801/1293/1001
f 1062/1613/1238 4801/1293/1001 3048/4637/3397
f 1062/1613/1238 1063/1615/1239 841/1291/999
f 1062/1613/1238 3048/4637/3397 374/560/445
f 381/568/453 3049/4638/3398 4706/4639/3399
f 381/568/453 4706/4639/3399 382/569/454
f 381/568/453 2892/4408/3247 3049/4638/3398
f 3050/4640/3400 3051/4641/3401 2800/4251/3150
f 3050/4640/3400 3052/4642/971 3053/4643/3402
f 3050/4640/3400 3053/4643/3402 3051/4641/3401
f 3050/4640/3400 2800/4251/3150 3054/4644/972
f 3050/4640/3400 3054/4644/972 3052/4642/971
f 2172/3258/2475 19/24/23 18/23/22
f 2172/3258/2475 2175/3261/2478 19/24/23
f 2172/3258/2475 18/23/22 2173/3259/2476
f 1314/1969/1525 3055/4645/1621 3056/4646/3403
f 1314/4647/1525 1317/4648/1528 3055/2109/1621
f 1314/1969/1525 3056/4646/3403 4856/1970/1526
f 1778/2670/2034 3057/4649/3404 2743/4157/3083
f 1778/2670/2034 1780/2672/2036 3057/4649/3404
f 1778/2670/2034 4334/4162/3086 830/1260/984
f 3058/4650/3405 3059/4651/2100 4383/4652/3406
f 3058/4650/3405 4383/4652/3406 3060/4653/3407
f 3058/4650/3405 3061/4654/2101 3059/4651/2100
f 3058/4650/3405 3060/4653/3407 3062/4655/3408
f 3058/4650/3405 3062/4655/3408 3063/4656/3409
f 3058/4650/3405 3063/4656/3409 3061/4654/2101
f 2114/3171/2413 313/4657/373 3064/4658/376
f 2114/3171/2413 2119/3177/471 313/4657/373
f 2114/3171/2413 3064/4658/376 4821/4659/3410
f 2114/3171/2413 4821/4659/3410 2118/3172/2414
f 688/1040/816 2121/3180/2418 2124/3191/2422
f 688/1040/816 1494/2248/1716 1502/2247/1723
f 688/1040/816 424/627/503 2121/3180/2418
f 688/1040/816 1502/2247/1723 427/630/506
f 688/1040/816 2124/3191/2422 1494/2248/1716
f 3065/4660/3411 3758/1355/1050 3066/4661/3412
f 3065/4660/3411 2130/3193/2428 2134/3198/2433
f 3065/4660/3411 3067/4662/3413 3758/1355/1050
f 3065/4660/3411 3066/4661/3412 2130/3193/2428
f 3065/4660/3411 2134/3198/2433 3067/4662/3413
f 2566/3862/2891 2294/3439/2594 3068/4663/3414
f 2566/3862/2891 1980/2962/2261 1981/2963/2262
f 2566/3862/2891 1981/2963/2262 2294/3439/2594
f 2566/3862/2891 3068/4663/3414 2567/3863/2892
f 3069/4664/3415 3070/4665/3416 4071/4666/3417
f 3069/4664/3415 4071/4666/3417 3071/4667/3418
f 3069/4664/3415 3071/4667/3418 3072/4668/3272
f 3069/4669/3415 2912/4670/796 3070/4671/3416
f 3069/4664/3415 3072/4668/3272 2912/4672/796
f 3073/4673/3419 2300/3447/2600 2303/3450/2603
f 3073/4673/3419 3074/4674/3420 3075/4675/3421
f 3073/4673/3419 3076/4676/3422 3074/4674/3420
f 3073/4673/3419 3075/4675/3421 3077/4677/3423
f 3073/4673/3419 3077/4677/3423 2300/3447/2600
f 3073/4673/3419 2303/3450/2603 3076/4676/3422
f 1992/4678/2272 3078/4679/3424 3079/4680/3425
f 1992/4678/2272 452/660/533 454/662/535
f 1992/2975/2272 3079/4681/3425 1993/2976/2273
f 1992/4678/2272 454/662/535 3078/4679/3424
f 3080/4682/3426 2280/3416/2579 2463/3692/2776
f 3080/4682/3426 2281/3417/2580 2280/3416/2579
f 3080/4683/3426 3081/4684/3427 3082/4685/3428
f 3080/4682/3426 3082/4686/3428 2281/3417/2580
f 3080/4683/3426 2463/4687/2776 3083/4688/3429
f 3080/4683/3426 3083/4688/3429 3081/4684/3427
f 460/682/544 3795/681/546 3084/4689/3430
f 460/682/544 3084/4689/3430 3085/4690/3431
f 460/678/544 920/4691/1080 2160/3238/2462
f 460/682/544 921/4692/1081 920/4693/1080
f 460/682/544 3085/4690/3431 921/4692/1081
f 997/1501/1162 2991/4562/3345 3086/4694/3432
f 997/1501/1162 3087/4695/3433 2991/4562/3345
f 997/1501/1162 3086/4694/3432 998/1502/1163
f 997/1501/1162 1001/1505/1166 3087/4695/3433
f 1462/4696/1681 89/700/105 1463/4697/1682
f 1462/4696/1681 476/701/561 89/700/105
f 1462/4696/1681 1465/4698/1684 476/701/561
f 2174/3260/2477 2178/3264/2481 2729/4143/3072
f 2174/3260/2477 2729/4143/3072 3088/4699/3434
f 2174/3260/2477 3088/4699/3434 2175/3261/2478
f 779/1189/928 3089/4700/3435 1373/2064/1589
f 779/1189/928 1373/2064/1589 2836/4315/3185
f 779/1189/928 2836/4315/3185 780/1190/929
f 779/1189/928 787/1198/935 3089/4700/3435
f 643/967/761 645/969/763 1649/2486/1893
f 3090/4701/3436 958/1447/1120 962/1453/1123
f 3090/4701/3436 3091/4702/3437 3092/4703/3438
f 3090/4701/3436 3092/4703/3438 958/1447/1120
f 3090/4701/3436 3093/4704/308 257/4705/306
f 3090/4701/3436 257/4705/306 3091/4702/3437
f 3090/4701/3436 962/1453/1123 3093/4704/308
f 3094/4706/3439 176/264/210 1237/1847/1428
f 3094/4707/3439 2100/4708/2399 2515/3778/2832
f 3094/4706/3439 1237/1847/1428 1236/1845/1427
f 3094/4706/3439 3095/4709/3440 176/264/210
f 3094/4707/3439 2515/3778/2832 3095/4710/3440
f 3094/4706/3439 1236/1845/1427 2100/3153/2399
f 3096/4711/3441 3097/4712/3442 3098/4713/3443
f 3096/4711/3441 1566/4714/1803 3099/4715/3444
f 3096/4711/3441 4255/4716/3445 1566/4714/1803
f 3096/4711/3441 3099/4715/3444 3100/4717/3446
f 3096/4711/3441 3100/4717/3446 3097/4712/3442
f 3096/4711/3441 3098/4713/3443 4255/4716/3445
f 1825/2738/2086 2422/3628/2729 4126/4718/3447
f 1825/2738/2086 1576/4719/1812 3101/4720/3448
f 1825/2738/2086 4126/4718/3447 1576/4719/1812
f 1825/2738/2086 1383/2079/1598 2422/3628/2729
f 1825/2738/2086 3101/4720/3448 1826/2739/2087
f 3102/4721/3449 3103/4722/3450 3104/4723/3451
f 3102/4724/3449 2455/3682/2766 2456/3684/2768
f 3102/4721/3449 3105/4725/3452 3103/4722/3450
f 3102/4724/3449 2456/3684/2768 3105/4726/3452
f 3102/4721/3449 3104/4723/3451 2527/3802/2846
f 3102/4724/3449 2527/3800/2846 2455/3682/2766
f 1836/2763/2104 3106/4727/3453 3107/4728/3454
f 1836/2763/2104 1176/1756/1359 3106/4727/3453
f 1836/2763/2104 1840/2771/2109 1176/1756/1359
f 1836/2763/2104 3108/4729/3455 1837/2764/2105
f 1836/2763/2104 3107/4728/3454 3108/4729/3455
f 1843/2773/2111 1846/2776/2114 2937/4474/3295
f 1843/2773/2111 2265/3401/2564 3109/4730/3456
f 1843/2773/2111 3109/4730/3456 1844/2774/2112
f 1843/2773/2111 2937/4474/3295 2266/3402/2565
f 1843/2773/2111 2266/3402/2565 2265/3401/2564
f 3110/4731/3457 3111/4732/3458 3114/4733/3459
f 3110/4734/3457 3112/4735/3460 3113/4736/3461
f 3110/4731/3457 3113/4737/3461 3111/4732/3458
f 3110/4738/3457 3114/4739/3459 3112/4740/3460
f 3116/2784/2121 4114/2786/2119 229/351/270
f 3116/2784/2121 229/351/270 3115/4741/3462
f 3116/4742/2121 3115/4743/3462 1852/1423/1102
f 3119/4744/3463 356/4745/425 3117/4746/1219
f 3119/4747/3463 3117/1590/1219 3118/4748/3464
f 3119/4749/3463 2882/4388/3233 356/537/425
f 3119/4750/3463 4817/4751/3465 2882/4752/3233
f 3119/4747/3463 3118/4748/3464 3120/4753/3466
f 3119/4747/3463 3120/4753/3466 4817/4754/3465
f 3121/4755/3467 1029/1559/1201 604/919/719
f 3121/4755/3467 3122/4756/3468 797/1212/948
f 3121/4755/3467 604/919/719 606/921/721
f 3121/4755/3467 606/921/721 3122/4756/3468
f 3121/4755/3467 3374/4757/3469 1029/1559/1201
f 3121/4755/3467 4867/4758/3470 3374/4757/3469
f 3121/4755/3467 797/1212/948 4867/4758/3470
f 3123/4759/3471 1617/2438/1859 3124/4760/3472
f 3123/4759/3471 3125/4761/3473 1617/2438/1859
f 3123/4759/3471 129/195/155 3125/4761/3473
f 3123/4759/3471 2563/3859/2888 3126/4762/3474
f 3123/4759/3471 3124/4760/3472 2563/3859/2888
f 3123/4759/3471 3126/4762/3474 129/195/155
f 3129/4763/3475 3127/4764/3476 4769/4765/3477
f 3129/4763/3475 2755/4179/3096 3127/4764/3476
f 3129/4763/3475 4769/4765/3477 3128/4766/3478
f 3129/4767/3475 3130/4768/3479 2753/4769/3097
f 3129/4767/3475 3128/4770/3478 3130/4768/3479
f 3129/4763/3475 2753/4180/3097 2755/4179/3096
f 3131/4771/3480 3132/4772/1735 1515/2267/1737
f 3131/4771/3480 3133/4773/3481 3132/4772/1735
f 3131/4771/3480 3134/4774/3482 3133/4773/3481
f 3131/4771/3480 1515/2267/1737 3134/4774/3482
f 1820/2733/2080 3135/4775/3483 2664/4021/2999
f 1820/4776/2080 2664/4018/2999 1822/4777/2081
f 1820/2733/2080 3807/2729/2083 3135/4775/3483
f 3138/993/775 3136/4778/3484 4551/4779/3485
f 3138/993/775 471/992/778 3137/4780/3486
f 3138/4781/775 4551/4782/3485 655/4783/776
f 3138/993/775 3137/4780/3486 3136/4778/3484
f 3139/4784/3487 3140/4785/3488 3141/4786/3489
f 3139/4784/3487 3141/4786/3489 3561/4787/3490
f 3139/4784/3487 3561/4787/3490 3869/4788/3491
f 3139/4784/3487 3142/4789/3492 3143/4790/3493
f 3139/4784/3487 3869/4788/3491 3142/4789/3492
f 3139/4784/3487 3143/4790/3493 3140/4785/3488
f 3145/4791/675 3144/4792/3494 3686/4793/1235
f 3145/4791/675 4310/4794/3310 3144/4792/3494
f 3145/4795/675 4777/4796/677 4310/4797/3310
f 3146/4798/3495 1787/2683/343 3147/4799/3496
f 3146/4798/3495 2945/4482/3303 2944/4481/3302
f 3146/4798/3495 2944/4481/3302 1787/2683/343
f 3146/4798/3495 3148/4800/3497 2945/4482/3303
f 3146/4798/3495 3147/4799/3496 3148/4800/3497
f 3149/4801/3498 3150/4802/3499 3151/4803/3500
f 3149/4801/3498 3152/4804/3501 3150/4802/3499
f 3149/4801/3498 3109/4730/3456 3153/4805/3502
f 3149/4801/3498 1844/2774/2112 3109/4730/3456
f 3149/4801/3498 3151/4803/3500 1844/2774/2112
f 3149/4801/3498 3153/4805/3502 3152/4804/3501
f 3154/4806/3503 3155/4807/3504 3156/4808/3505
f 3154/4809/3503 304/468/361 302/465/358
f 3154/4806/3503 3157/1176/917 3155/4807/3504
f 3154/4809/3503 302/465/358 3807/2729/2083
f 3154/4809/3503 3156/4810/3505 304/468/361
f 3154/4809/3503 3807/2729/2083 3157/4811/917
f 2224/3332/2527 3158/4812/3506 3159/4813/3507
f 2224/3332/2527 3159/4813/3507 2225/3333/2301
f 2224/3332/2527 1886/3336/2159 3158/4812/3506
f 3160/4814/3508 3161/4815/1301 3162/4816/3509
f 3160/4814/3508 3163/4817/3510 3164/4818/3511
f 3160/4814/3508 1247/1862/1440 1252/1867/1445
f 3160/4814/3508 3162/4816/3509 1247/1862/1440
f 3160/4814/3508 1252/1867/1445 3163/4817/3510
f 3160/4814/3508 3164/4818/3511 3161/4815/1301
f 1802/2703/2058 2758/4192/3102 2759/4191/3103
f 1802/2703/2058 4484/2707/2062 2758/4192/3102
f 1802/2703/2058 2759/4191/3103 1803/2704/2059
f 2011/3001/2294 322/492/385 2970/495/388
f 2011/3001/2294 2970/495/388 2012/3002/2295
f 2011/3001/2294 1138/1711/1320 322/492/385
f 3165/4819/3512 2950/4489/3307 2949/4488/3306
f 3165/4819/3512 3166/4820/3513 3167/4821/3514
f 3165/4819/3512 3168/4822/3515 3166/4820/3513
f 3165/4819/3512 3167/4821/3514 2950/4489/3307
f 3165/4819/3512 2949/4488/3306 3168/4822/3515
f 3169/4823/3516 3170/4824/3517 2556/3855/2880
f 3169/4823/3516 3171/4825/3518 3172/4826/3519
f 3169/4823/3516 2556/3855/2880 3173/4827/3520
f 3169/4823/3516 3174/4828/3521 3171/4825/3518
f 3169/4823/3516 3173/4827/3520 3174/4828/3521
f 3169/4823/3516 3172/4826/3519 3170/4824/3517
f 249/385/297 2877/4383/3228 250/386/298
f 249/385/297 4679/4829/3522 2876/4382/3227
f 249/385/297 253/392/301 4679/4829/3522
f 3178/4830/3523 3175/4831/3524 1144/4832/1325
f 3178/4830/3523 3176/4833/3525 3175/4831/3524
f 3178/4830/3523 1143/4834/1324 2377/3562/2679
f 3178/4830/3523 3177/4835/3526 3176/4833/3525
f 3178/4836/3523 1144/1717/1325 1143/1716/1324
f 3178/4830/3523 2377/3562/2679 3177/4835/3526
f 3179/4837/3527 441/651/523 3180/4838/3528
f 3179/4837/3527 3181/4839/3529 2287/3427/2585
f 3179/4837/3527 2287/3427/2585 3182/4840/3530
f 3179/4837/3527 3182/4840/3530 441/651/523
f 3179/4837/3527 3180/4838/3528 3181/4839/3529
f 3186/4841/3531 3183/4842/3532 2844/4323/3192
f 3186/4841/3531 3187/4843/3533 3184/4844/3534
f 3186/4841/3531 2844/4323/3192 3185/4845/3535
f 3186/4841/3531 3185/4845/3535 2278/4846/2577
f 3186/4841/3531 3184/4844/3534 3183/4842/3532
f 3186/4847/3531 2278/3414/2577 3187/4848/3533
f 3190/4849/3536 3188/4850/3537 3189/4851/3538
f 3190/4852/3536 3191/4853/3539 3192/4854/3540
f 3190/4849/3536 3193/4855/3541 868/1328/1026
f 3190/4849/3536 3189/4851/3538 3191/4856/3539
f 3190/4852/3536 3192/4854/3540 3193/4857/3541
f 3190/4849/3536 868/1328/1026 3188/4850/3537
f 3196/3821/2859 3194/4858/3542 3195/4859/3203
f 3196/3821/2859 2539/3824/2862 3194/4858/3542
f 3196/4860/2859 3195/4342/3203 3197/4861/3543
f 3196/4862/2859 3197/4863/3543 3198/4864/2860
f 3201/4865/3544 3788/4866/3545 2855/4348/3206
f 3201/4867/3544 3199/4868/2003 3200/4869/3546
f 3201/4870/3544 3202/4871/3205 3199/4872/2003
f 3201/4865/3544 2855/4348/3206 3202/4347/3205
f 3201/4865/3544 3200/4873/3546 3788/4866/3545
f 845/1299/1003 3203/4874/3547 3204/4875/3548
f 845/1299/1003 3205/4876/3549 846/1300/1004
f 845/1299/1003 849/1303/1007 3203/4874/3547
f 845/1299/1003 3206/4877/3550 3205/4876/3549
f 845/1299/1003 3204/4875/3548 3206/4877/3550
f 3207/4878/3551 3208/4879/3552 3209/4880/3553
f 3207/4878/3551 1964/2942/2243 3210/4881/3554
f 3207/4878/3551 3211/4882/3555 1964/2942/2243
f 3207/4878/3551 3209/4880/3553 3211/4882/3555
f 3207/4878/3551 3210/4881/3554 3208/4879/3552
f 1662/2503/1909 3212/4883/3556 1967/2946/2246
f 1662/2503/1909 1169/1749/1352 3212/4883/3556
f 1662/2503/1909 1971/2951/2251 1663/2504/1910
f 1522/2279/1747 584/886/693 3213/4884/3557
f 1522/2279/1747 3213/4884/3557 3214/4885/3558
f 1522/2279/1747 3215/4886/3559 301/464/357
f 1522/2279/1747 3214/4885/3558 3215/4886/3559
f 3216/4887/3560 3217/4888/3561 3218/4889/3562
f 3216/4887/3560 2250/3384/2551 4855/4890/3563
f 3216/4887/3560 3218/4889/3562 3219/4891/3564
f 3216/4887/3560 3219/4891/3564 3220/4892/3565
f 3216/4887/3560 4855/4890/3563 3217/4888/3561
f 3216/4887/3560 3220/4892/3565 2250/3384/2551
f 3221/4893/2127 3222/549/437 4554/4894/3566
f 3221/4895/2127 4554/4896/3566 3794/4897/3567
f 3221/4898/2127 1859/4899/2130 3222/4900/437
f 3221/2794/2127 3794/4901/3567 1858/2795/2128
f 1861/2799/2132 3223/4902/3568 1862/2800/2133
f 1861/4903/2132 3224/4904/3569 3225/4905/3570
f 1861/2799/2132 1864/2802/2135 3224/4906/3569
f 1861/4907/2132 3225/4908/3570 3223/4909/3568
f 82/126/98 84/128/100 3226/4910/3571
f 82/126/98 3226/4910/3571 1867/2805/2138
f 1870/2810/2143 2471/3707/2785 2473/3709/2787
f 1870/2810/2143 1871/2811/2144 2471/3707/2785
f 1870/2810/2143 2473/3709/2787 661/999/783
f 1870/2810/2143 661/999/783 660/998/782
f 3227/4911/3056 4117/4912/3572 4587/4913/3573
f 3227/4914/3056 4118/4915/1834 4117/4916/3572
f 3227/4917/3056 4587/4918/3573 2719/4919/3057
f 3227/4111/3056 1597/2391/1835 4118/2390/1834
f 190/283/226 3228/4920/3574 3229/4921/3575
f 190/283/226 3230/4922/227 3228/4920/3574
f 190/283/226 3229/4921/3575 1878/2821/698
f 1880/2823/2152 3365/2826/2155 3231/4923/3576
f 1880/2823/2152 3231/4923/3576 235/361/278
f 1880/2823/2152 235/361/278 1881/2824/2153
f 3232/4924/3577 1883/2827/2156 113/164/134
f 3232/4924/3577 1478/2215/1701 3233/4925/3578
f 3232/4924/3577 3234/4926/3579 3235/4927/3580
f 3232/4924/3577 3233/4925/3578 3234/4926/3579
f 3232/4924/3577 3235/4927/3580 1883/2827/2156
f 3232/4924/3577 113/164/134 1478/2215/1701
f 3236/4928/3265 4306/4929/3581 1885/4930/2158
f 3236/4433/3265 4700/4931/3582 2906/4434/3266
f 3236/4932/3265 1885/4933/2158 4700/4934/3582
f 3236/4935/3265 1807/4936/2066 4306/4937/3581
f 3237/4938/3583 166/251/197 3238/4939/3584
f 3237/4938/3583 3239/4940/3585 2396/3584/2697
f 3237/4938/3583 1705/2571/1952 166/251/197
f 3237/4938/3583 2396/3584/2697 1705/2571/1952
f 3237/4938/3583 3238/4939/3584 3239/4940/3585
f 3240/4941/3586 3241/4942/3587 426/629/505
f 3240/4941/3586 3242/4943/3588 3901/4944/3589
f 3240/4941/3586 426/629/505 3243/4945/3590
f 3240/4941/3586 3901/4944/3589 3241/4942/3587
f 3240/4941/3586 3243/4945/3590 3242/4943/3588
f 3244/4946/3591 2065/4947/2360 3993/2848/2172
f 3244/4946/3591 3245/4948/3592 3246/4949/3593
f 3244/4946/3591 3491/4950/3594 2065/4947/2360
f 3244/4946/3591 3246/4949/3593 3247/4951/3595
f 3244/4946/3591 3993/2848/2172 1895/2845/2169
f 3244/4946/3591 1895/2845/2169 3245/4948/3592
f 3244/4946/3591 3247/4951/3595 3491/4950/3594
f 2766/4208/3111 3248/4952/3596 1504/2251/1725
f 2766/4208/3111 2242/3373/2545 3248/4952/3596
f 2766/4208/3111 1504/2251/1725 4607/4953/3597
f 2766/4208/3111 4607/4953/3597 2767/4209/3112
f 3250/1286/997 4238/1858/1437 3249/4954/3243
f 3250/1288/997 3251/4955/3242 840/1289/998
f 3250/4956/997 3249/4957/3243 3251/4958/3242
f 152/230/179 3702/235/184 4585/1577/1214
f 3252/4959/3598 3591/4960/3599 3253/4961/3600
f 3252/4959/3598 3253/4961/3600 329/500/393
f 3252/4959/3598 328/499/392 3254/4371/3219
f 3252/4962/3598 3254/4963/3219 3591/4964/3599
f 3252/4959/3598 329/500/393 328/499/392
f 3170/4965/3517 2872/4378/3223 2557/3849/2881
f 3170/4824/3517 3172/4826/3519 2872/4966/3223
f 3170/4824/3517 2557/4967/2881 2556/3855/2880
f 3255/4968/3601 2146/3218/2449 3256/4969/3602
f 3255/4968/3601 3257/4970/3603 2147/3219/2450
f 3255/4968/3601 3258/4971/3604 3259/4972/3605
f 3255/4968/3601 3259/4972/3605 3257/4970/3603
f 3255/4968/3601 2147/3219/2450 2146/3218/2449
f 3255/4968/3601 3256/4969/3602 3258/4971/3604
f 1111/1675/1291 3260/4973/3606 1831/2748/2092
f 1111/1675/1291 1114/1679/1294 3260/4973/3606
f 3264/4974/3607 1034/4975/1205 3263/4976/3608
f 3264/4977/3607 3261/4978/3609 3262/4979/3610
f 3264/4980/3607 3263/4981/3608 4842/4982/3157
f 3264/4977/3607 4842/4272/3157 3261/4978/3609
f 3264/4974/3607 4459/4983/3611 1034/4975/1205
f 3264/4984/3607 3262/4985/3610 4459/4986/3611
f 1019/1537/1186 3265/4987/3612 2318/3476/2622
f 1019/1537/1186 3266/4988/3613 3265/4987/3612
f 1019/1537/1186 852/1308/1012 3266/4988/3613
f 3268/4989/3614 3269/4990/3615 3267/4991/3616
f 3268/4992/3614 4485/2706/2061 1804/2705/2060
f 3268/4992/3614 1804/2705/2060 4419/4993/3617
f 3268/4992/3614 3267/4994/3616 4485/2706/2061
f 3268/4995/3614 4419/4996/3617 3269/4997/3615
f 3270/4998/3618 3271/4999/3619 4622/5000/3620
f 3270/4998/3618 4599/5001/3621 3189/4851/3538
f 3270/4998/3618 3188/4850/3537 3271/4999/3619
f 3270/4998/3618 3189/4851/3538 3188/4850/3537
f 3270/4998/3618 4622/5000/3620 3272/5002/3622
f 3270/4998/3618 3272/5002/3622 4599/5001/3621
f 3273/5003/3623 3937/5004/3624 3274/5005/3625
f 3273/5003/3623 3197/4863/3543 3275/5006/3626
f 3273/5003/3623 3274/5005/3625 3198/4864/2860
f 3273/5003/3623 3198/4864/2860 3197/4863/3543
f 3273/5003/3623 3275/5006/3626 3937/5004/3624
f 3276/5007/3627 4282/5008/3628 1152/1727/1332
f 3276/5007/3627 3277/5009/3629 4282/5008/3628
f 3276/5007/3627 3278/5010/3630 3277/5009/3629
f 3276/5007/3627 1152/1727/1332 1151/1726/1333
f 3276/5007/3627 1151/1726/1333 1149/1723/1330
f 3276/5007/3627 1149/1723/1330 3278/5010/3630
f 3279/5011/3631 900/1378/1058 3280/5012/3632
f 3279/5011/3631 3281/5013/3633 3282/5014/3634
f 3279/5011/3631 3283/5015/3635 1158/1736/1339
f 3279/5011/3631 3280/5012/3632 3283/5015/3635
f 3279/5011/3631 3282/5014/3634 900/1378/1058
f 3279/5011/3631 1158/1736/1339 3281/5013/3633
f 3284/5016/3636 3285/5017/3637 255/395/304
f 3284/5016/3636 255/395/304 2292/3437/2592
f 3284/5016/3636 3286/5018/3638 3285/5017/3637
f 3284/5016/3636 931/1411/1091 3286/5018/3638
f 3284/5016/3636 2292/3437/2592 932/1412/1092
f 3284/5016/3636 932/1412/1092 931/1411/1091
f 3287/5019/3639 3288/5020/3640 3289/5021/3641
f 3287/5019/3639 1627/2449/1870 4784/5022/3642
f 3287/5019/3639 3969/5023/3643 3439/5024/3644
f 3287/5019/3639 3289/5021/3641 1627/2449/1870
f 3287/5019/3639 3439/5024/3644 3288/5020/3640
f 3287/5019/3639 4784/5022/3642 3969/5023/3643
f 651/977/767 650/976/769 220/334/260
f 651/973/767 3290/5025/3645 648/974/768
f 651/977/767 220/334/260 3291/5026/3646
f 651/973/767 3291/5027/3646 3290/5025/3645
f 635/956/750 3292/5028/3647 3293/5029/3648
f 635/956/750 637/958/752 3294/5030/3649
f 635/956/750 3295/5031/3650 636/957/751
f 635/956/750 3293/5029/3648 3295/5031/3650
f 635/956/750 3294/5030/3649 3292/5028/3647
f 3296/5032/3651 3297/5033/3652 3298/5034/3653
f 3296/5032/3651 3299/5035/3654 3300/5036/3655
f 3296/5032/3651 3300/5036/3655 3297/5033/3652
f 3296/5037/3651 3298/5038/3653 3299/5039/3654
f 1518/2273/1741 3301/5040/3656 4803/5041/3657
f 1518/2273/1741 1673/2520/1919 3301/5040/3656
f 1518/2273/1741 4803/5041/3657 3302/5042/3658
f 1518/2273/1741 1521/2276/1744 1673/2520/1919
f 3303/5043/3659 3304/5044/3660 3305/5045/3661
f 3303/5043/3659 3305/5045/3661 3306/5046/3662
f 3303/5043/3659 3307/5047/3663 3308/5048/3664
f 3303/5043/3659 3308/5048/3664 3304/5044/3660
f 3303/5043/3659 3306/5046/3662 3307/5047/3663
f 1195/1790/1383 2933/4470/3291 2935/4472/3293
f 1195/1790/1383 85/129/4 2933/4470/3291
f 1195/1790/1383 2935/4472/3293 1196/1791/1384
f 1204/1803/1394 2270/3406/2569 1205/1804/1395
f 1204/1803/1394 2341/3508/2644 2270/3406/2569
f 3309/5049/3665 1543/2317/1775 234/360/277
f 3309/5049/3665 3404/5050/3666 1543/2317/1775
f 3309/5049/3665 4022/5051/3667 3404/5050/3666
f 3309/5049/3665 234/360/277 4022/5051/3667
f 3310/5052/3668 344/523/411 1658/2498/1904
f 3310/5053/3668 3311/5054/3669 345/2219/412
f 3310/5053/3668 1216/1816/1404 3311/5054/3669
f 3310/5052/3668 1658/2498/1904 3312/5055/3670
f 3310/5053/3668 3312/5056/3670 1216/1816/1404
f 3310/5052/3668 345/524/412 344/523/411
f 2154/5057/86 3314/5058/3671 74/5059/87
f 2154/3229/86 3313/5060/90 2157/3233/2459
f 2154/3229/86 2157/3233/2459 4886/3230/2457
f 2154/3229/86 2156/3235/2458 3314/5061/3671
f 3315/5062/3672 3316/5063/3673 3317/5064/2956
f 3315/5062/3672 3239/4940/3585 3238/4939/3584
f 3315/5062/3672 3318/5065/3674 3316/5063/3673
f 3315/5062/3672 2619/3964/2955 2230/3339/2530
f 3315/5062/3672 3317/5064/2956 2619/3964/2955
f 3315/5062/3672 3238/4939/3584 3318/5065/3674
f 3315/5062/3672 2230/3339/2530 3239/4940/3585
f 744/1130/884 1000/1504/1165 1424/2133/1641
f 744/1130/884 1424/2133/1641 551/1131/651
f 744/1130/884 2765/4204/3109 1001/1505/1166
f 744/1130/884 1001/1505/1166 1000/1504/1165
f 3319/5066/3675 3758/1846/1050 1814/2718/2073
f 3319/5066/3675 622/938/737 3772/5067/3676
f 3319/5066/3675 623/939/738 622/938/737
f 3319/5066/3675 1814/2718/2073 623/939/738
f 3319/5066/3675 3772/5067/3676 3758/1846/1050
f 2785/4230/3132 2788/4233/3135 3320/5068/3677
f 2785/4230/3132 3320/5068/3677 65/102/77
f 2785/4230/3132 65/102/77 61/98/73
f 3321/5069/3678 3322/5070/3679 3323/5071/668
f 3321/5069/3678 2553/3840/2875 2180/3267/2484
f 3321/5069/3678 2180/3267/2484 3324/5072/3680
f 3321/5069/3678 3325/5073/668 2552/3841/2876
f 3321/5069/3678 2552/3841/2876 2553/3840/2875
f 3321/5069/3678 3324/5072/3680 3322/5070/3679
f 3321/5069/3678 3323/5071/668 3325/5073/668
f 950/1438/1111 3326/5074/3681 3327/5075/3682
f 950/1438/1111 954/1442/1115 3328/5076/3683
f 950/1438/1111 3328/5076/3683 3326/5074/3681
f 950/1438/1111 3327/5075/3682 951/1439/1112
f 3329/5077/3684 3330/5078/3685 3331/5079/3686
f 3329/5077/3684 879/1340/1036 421/624/500
f 3329/5077/3684 3332/5080/3687 879/1340/1036
f 3329/5077/3684 419/622/498 3330/5078/3685
f 3329/5077/3684 3331/5079/3686 3332/5080/3687
f 3329/5077/3684 421/624/500 419/622/498
f 3333/5081/3688 3334/5082/3689 3335/5083/1127
f 3333/5081/3688 3336/5084/3690 3334/5082/3689
f 3333/5081/3688 3337/5085/3691 3336/5084/3690
f 3333/5081/3688 3335/5083/1127 3338/5086/1129
f 3333/5081/3688 3339/5087/3692 3337/5085/3691
f 3333/5081/3688 3338/5086/1129 3339/5087/3692
f 3340/5088/3693 3341/5089/3694 3342/5090/3695
f 3340/5088/3693 3342/5090/3695 1724/2590/1971
f 3340/5088/3693 1723/2589/1970 4720/5091/3696
f 3340/5088/3693 1724/2590/1971 1723/2589/1970
f 3340/5088/3693 4720/5091/3696 3343/5092/2811
f 3340/5088/3693 3343/5092/2811 3341/5089/3694
f 2297/3444/2597 2298/3445/2598 2359/3533/2661
f 2297/3444/2597 3344/5093/2367 4540/5094/2368
f 2297/3444/2597 4540/5094/2368 977/1472/1141
f 2297/3444/2597 2359/3533/2661 3344/5093/2367
f 1726/2592/1973 3345/5095/3697 1727/2593/1974
f 1726/2592/1973 3346/5096/2500 3345/5095/3697
f 752/1151/894 4319/3652/2746 1731/2603/1980
f 752/1151/894 1731/2603/1980 753/1152/895
f 752/1151/894 2091/3133/2389 4319/3652/2746
f 752/1151/894 757/1156/899 2091/3133/2389
f 3349/5097/3698 3347/5098/888 3348/5099/3699
f 3349/5100/3698 748/1146/889 3347/1145/888
f 3349/5097/3698 3348/5099/3699 621/936/736
f 3349/5097/3698 621/936/736 2405/3604/2711
f 3349/5100/3698 3350/5101/3700 748/1146/889
f 3349/5100/3698 2405/5102/2711 3350/5101/3700
f 1353/2031/1566 1355/2033/1568 3351/5103/3701
f 1353/2031/1566 3351/5103/3701 631/950/746
f 1353/2031/1566 3352/5104/3702 1354/2032/1567
f 1353/2031/1566 631/950/746 3352/5104/3702
f 3353/5105/3063 3354/5106/3703 3355/5107/3704
f 3353/5105/3063 467/691/552 3354/5106/3703
f 3353/5105/3063 2469/5108/3705 467/691/552
f 3353/5105/3063 3355/5107/3704 2725/5109/3064
f 3353/4130/3063 4908/5110/3706 3356/5111/3707
f 3353/5112/3063 3356/5113/3707 1555/2336/1789
f 3357/5114/3708 2938/4475/3296 2940/4477/3298
f 3357/5114/3708 2421/3627/2728 3358/5115/3709
f 3357/5114/3708 2940/4477/3298 2236/3358/2539
f 3357/5114/3708 3359/5116/3710 2938/4475/3296
f 3357/5114/3708 2236/3358/2539 2421/3627/2728
f 3357/5114/3708 3358/5115/3709 3359/5116/3710
f 1875/2817/2147 1877/2819/2149 4498/5117/568
f 1875/5118/2147 4498/709/568 481/712/565
f 1875/5118/2147 481/712/565 1876/5119/2148
f 3360/5120/3711 2788/5121/3135 4212/5122/3712
f 3360/5120/3711 2913/1013/794 2911/5123/3271
f 3360/5124/3711 2911/4440/3271 2788/4233/3135
f 3360/5120/3711 4212/5122/3712 3361/5125/3713
f 3360/5120/3711 3362/5126/3714 2913/1013/794
f 3360/5120/3711 3361/5125/3713 3362/5126/3714
f 3363/5127/3715 1131/1701/1312 1132/1702/1313
f 3363/5128/3715 3364/5129/3716 103/151/122
f 3363/5128/3715 103/151/122 3365/2826/2155
f 3363/5127/3715 1132/1702/1313 3364/5130/3716
f 3363/5127/3715 3365/5131/2155 3366/5132/3717
f 3363/5127/3715 3366/5132/3717 1131/1701/1312
f 2902/5133/3261 3367/5134/3718 3368/5135/3719
f 2902/4426/3261 3369/5136/3720 3370/5137/3721
f 2902/5133/3261 3370/5138/3721 3367/5134/3718
f 2902/4426/3261 2903/4429/3264 3369/5136/3720
f 2902/5133/3261 3368/5135/3719 3371/5139/3262
f 241/5140/286 2961/5141/1392 4891/5142/3722
f 241/5140/286 4891/5142/3722 3372/5143/1449
f 3373/5144/1895 3374/5145/3469 4867/5146/3470
f 3373/5147/1895 3375/5148/3723 3374/5149/3469
f 3373/2488/1895 1652/2491/1898 3375/5150/3723
f 3373/5151/1895 4867/5152/3470 3376/5153/1896
f 3377/3553/2674 3882/5154/1900 3881/1667/1286
f 3377/5155/2674 1655/2495/354 3882/2493/1900
f 3378/5156/3724 3379/5157/3725 3770/5158/3726
f 3378/5156/3724 1657/2497/1903 1660/2500/1906
f 3378/5156/3724 3380/5159/3727 3381/5160/3728
f 3378/5156/3724 3770/5158/3726 3380/5159/3727
f 3378/5156/3724 1660/2500/1906 3379/5157/3725
f 3378/5156/3724 3381/5160/3728 1657/2497/1903
f 1166/1745/1348 57/2505/68 1167/1746/1349
f 3135/4775/3483 3382/5161/3729 3383/5162/3730
f 3135/4775/3483 2663/4020/3000 2664/4021/2999
f 3135/4775/3483 3807/2729/2083 3382/5161/3729
f 3135/4775/3483 3383/5162/3730 2663/4020/3000
f 3384/5163/3731 3385/5164/3732 3386/5165/3733
f 3384/5163/3731 3387/5166/3734 2918/4448/3277
f 3384/5163/3731 3386/5165/3733 3388/5167/3735
f 3384/5163/3731 3389/5168/3736 3385/5164/3732
f 3384/5163/3731 3388/5167/3735 3387/5166/3734
f 3384/5163/3731 2918/4448/3277 3389/5168/3736
f 3390/5169/3737 363/544/432 365/546/434
f 3390/5170/3737 1530/5171/1755 1532/5172/1757
f 3390/5169/3737 3391/5173/3738 363/544/432
f 3390/5170/3737 1532/5172/1757 3391/5174/3738
f 3390/5170/3737 4791/5175/3739 1530/5171/1755
f 3390/5169/3737 365/546/434 4791/5176/3739
f 1329/1988/1536 1328/2533/1540 1677/2532/1925
f 1329/1988/1536 2929/4466/3287 1325/1989/1537
f 1329/1988/1536 1677/2532/1925 2931/4468/3289
f 1329/1988/1536 2931/4468/3289 2929/4466/3287
f 1679/2535/908 1793/2692/2047 1680/2536/1927
f 1679/2535/908 1683/2539/1930 1792/2691/908
f 2690/4062/3024 2693/4065/3026 3392/5177/3740
f 2690/4062/3024 3393/5178/3741 2691/4063/562
f 2690/4062/3024 3392/5177/3740 3393/5178/3741
f 3395/4066/3027 3394/5179/3742 4362/5180/3743
f 3395/5181/3027 3396/5182/3744 1632/5183/1877
f 3395/4066/3027 4362/5180/3743 3396/5184/3744
f 3395/4066/3027 2694/4068/3028 3397/5185/3745
f 3395/4066/3027 3397/5185/3745 3394/5179/3742
f 1469/5186/1687 3398/5187/3746 96/5188/112
f 1469/2200/1687 96/141/112 95/140/111
f 1469/5186/1687 2695/4069/3029 3398/5187/3746
f 1469/5186/1687 2696/4070/1691 2695/4069/3029
f 2699/4073/3032 4382/4075/3034 3399/5189/3747
f 2699/4073/3032 3400/5190/2951 2616/604/485
f 2699/5191/3032 3399/5192/3747 3400/5193/2951
f 2699/4073/3032 2616/604/485 3401/5194/3748
f 2699/4073/3032 3401/5194/3748 4896/114/88
f 3402/5195/3749 3403/5196/3750 3753/5197/3751
f 3402/5198/3749 3074/4674/3420 3076/4676/3422
f 3402/5195/3749 3753/5197/3751 3404/5199/3666
f 3402/5198/3749 3076/4676/3422 3405/5200/3752
f 3402/5195/3749 3405/5201/3752 3403/5196/3750
f 3402/5195/3749 3404/5199/3666 3074/5202/3420
f 3406/5203/3753 3407/5204/3754 561/843/662
f 3406/5203/3753 3408/5205/3755 3409/5206/3756
f 3406/5203/3753 560/842/661 3408/5205/3755
f 3406/5203/3753 3409/5206/3756 3410/5207/3757
f 3406/5203/3753 3410/5207/3757 3411/5208/3758
f 3406/5203/3753 561/843/662 560/842/661
f 3406/5203/3753 3411/5208/3758 3407/5204/3754
f 812/1227/963 2034/3042/2322 57/91/68
f 816/1232/968 819/4248/974 2735/4149/3078
f 3412/5209/3759 2738/5210/3081 4065/5211/3760
f 3412/5212/3759 4065/5213/3760 3413/5214/3761
f 3412/5209/3759 827/5215/977 2738/5210/3081
f 3412/5212/3759 3413/5214/3761 3414/5216/3762
f 3412/5212/3759 3414/5216/3762 827/1254/977
f 3027/4610/2190 1439/2160/1657 3415/5217/3763
f 3027/2875/2190 983/1478/1147 3416/5218/3764
f 3027/4610/2190 2741/4159/3084 2743/4163/3083
f 3027/4610/2190 3417/5219/3765 3418/5220/3766
f 3027/4606/2190 3419/5221/3767 3420/5222/668
f 3027/2875/2190 3421/5223/3768 3422/5224/3769
f 3027/2875/2190 3423/5225/3770 3421/5223/3768
f 3027/4606/2190 3433/5226/3771 3419/5221/3767
f 3027/3069/2190 2743/4157/3083 3057/4649/3404
f 3027/2875/2190 3424/5227/3772 3425/5228/668
f 3027/4610/2190 2255/3390/2556 2254/3389/2555
f 3027/2875/2190 3416/5218/3764 2615/3947/2948
f 3027/4610/2190 3426/5229/3773 3417/5219/3765
f 3027/2875/2190 3427/5230/668 3423/5225/3770
f 3027/4606/2190 3420/5222/668 1286/1921/1488
f 3027/3069/2190 3057/4649/3404 3428/5231/3774
f 3027/4610/2190 3429/5232/3775 3430/5233/3776
f 3027/3069/2190 3428/5231/3774 2048/3070/2339
f 3027/4610/2190 1440/2161/1658 1439/2160/1657
f 3027/2875/2190 3431/5234/3777 3432/5235/3778
f 3027/2875/2190 2612/3944/2945 3433/5236/3771
f 3027/4610/2190 3430/5233/3776 3434/5237/3779
f 3027/2875/2190 3425/5228/668 3431/5234/3777
f 3027/4610/2190 3435/5238/3780 2255/3390/2556
f 3027/4610/2190 2254/3389/2555 3429/5232/3775
f 3027/2875/2190 3436/5239/2341 3427/5230/668
f 3027/4610/2190 3029/4609/3379 3426/5229/3773
f 3027/2875/2190 3432/5235/3778 2505/3766/2820
f 3027/4610/2190 3415/5217/3763 2741/4159/3084
f 3027/2875/2190 3422/5224/3769 3437/5240/3781
f 3027/4610/2190 3438/5241/3782 3435/5238/3780
f 3027/2875/2190 2615/3947/2948 2612/3944/2945
f 3027/2875/2190 3437/5240/3781 3424/5227/3772
f 3027/4610/2190 3434/5237/3779 1440/2161/1658
f 3027/4610/2190 3418/5220/3766 3438/5241/3782
f 3440/5242/3236 1324/1986/1532 1323/1985/1534
f 3440/4398/3236 2886/4397/3238 3439/5243/3644
f 3440/5242/3236 3969/5244/3643 1324/1986/1532
f 3440/5245/3236 3439/5024/3644 3969/5023/3643
f 3441/5246/3783 3442/5247/3784 627/946/743
f 3441/5246/3783 3251/4955/3242 4584/5248/3785
f 3441/5246/3783 627/946/743 3443/5249/3786
f 3441/5246/3783 3443/5249/3786 840/1289/998
f 3441/5246/3783 4584/5248/3785 3442/5247/3784
f 3441/5246/3783 840/1289/998 3251/4955/3242
f 3444/5250/3787 1957/2934/2237 3445/5251/3788
f 3444/5250/3787 2163/3242/2465 1960/2937/2240
f 3444/5250/3787 3445/5251/3788 3446/5252/3789
f 3444/5250/3787 1960/2937/2240 1957/2934/2237
f 3444/5250/3787 3446/5252/3789 2163/3242/2465
f 3447/5253/3790 3448/5254/3791 3449/5255/3792
f 3447/5253/3790 1361/2042/1576 3450/5256/3793
f 3447/5253/3790 3449/5255/3792 3451/5257/3794
f 3447/5253/3790 3450/5256/3793 3452/5258/3795
f 3447/5253/3790 3452/5258/3795 3448/5254/3791
f 3447/5253/3790 3453/5259/3796 1361/2042/1576
f 3447/5253/3790 3451/5257/3794 3453/5259/3796
f 3454/5260/3797 3455/5261/3798 3456/5262/3799
f 3454/5260/3797 3457/5263/3800 2430/3639/2738
f 3454/5260/3797 2429/3638/2737 3455/5261/3798
f 3454/5260/3797 2430/3639/2738 2429/3638/2737
f 3454/5260/3797 3458/5264/3801 3457/5263/3800
f 3454/5260/3797 3456/5262/3799 3458/5264/3801
f 3459/5265/3802 685/1035/813 682/1031/810
f 3459/5265/3802 682/1031/810 2486/3738/2802
f 3459/5265/3802 3460/5266/3803 685/1035/813
f 3459/5265/3802 3461/5267/3804 3460/5266/3803
f 3459/5265/3802 2486/3738/2802 3461/5267/3804
f 3462/5268/3805 3424/5227/3772 3437/5240/3781
f 3462/5268/3805 2090/3132/2388 3463/5269/3806
f 3462/5268/3805 1222/1823/1410 1225/1826/1413
f 3462/5268/3805 3463/5269/3806 3424/5227/3772
f 3462/5268/3805 1225/1826/1413 2090/3132/2388
f 3462/5268/3805 3437/5240/3781 1222/1823/1410
f 3464/5270/3807 3465/5271/3808 3466/5272/3809
f 3464/5270/3807 3467/5273/3810 3468/5274/3811
f 3464/5270/3807 3469/5275/3812 3467/5273/3810
f 3464/5270/3807 3466/5272/3809 3469/5275/3812
f 3464/5270/3807 3468/5274/3811 2644/3988/2979
f 3464/5270/3807 2644/3988/2979 3465/5271/3808
f 2121/3180/2418 424/627/503 2122/3181/2419
f 2513/3776/2830 3471/5276/3813 2514/3777/2831
f 2513/3779/2830 2100/4708/2399 3470/5277/2398
f 2513/3779/2830 3470/5277/2398 3471/5278/3813
f 2513/3779/2830 2515/3778/2832 2100/4708/2399
f 3472/5279/3814 3473/5280/3815 3474/5281/3816
f 3472/5279/3814 183/273/219 3295/5031/3650
f 3472/5279/3814 3474/5281/3816 1278/1909/1478
f 3472/5279/3814 185/275/221 183/273/219
f 3472/5279/3814 3295/5031/3650 3473/5280/3815
f 3472/5279/3814 1278/1909/1478 185/275/221
f 2682/4054/3016 4492/5282/3817 2683/4055/3017
f 2682/4054/3016 4828/5283/3818 4492/5282/3817
f 2682/4054/3016 384/571/456 4828/5283/3818
f 193/292/231 3475/5284/3819 3476/5285/3820
f 193/292/231 3476/5285/3820 199/293/232
f 193/292/231 194/295/234 3477/5286/3821
f 193/292/231 3477/5286/3821 3475/5284/3819
f 1832/2750/2093 3478/5287/3822 3479/5288/3823
f 1832/2750/2093 1833/2753/2095 3478/5287/3822
f 1832/2750/2093 3479/5288/3823 3480/5289/3824
f 1832/2750/2093 3480/5289/3824 4640/2751/2094
f 2052/5290/2344 3481/5291/2346 3482/5292/3825
f 2052/3075/2344 4377/5293/3826 4378/5294/3827
f 2052/3075/2344 4378/5294/3827 3986/3076/2345
f 2052/5290/2344 3482/5292/3825 4377/5295/3826
f 3483/5296/3828 3486/3088/2350 2059/3092/2354
f 3483/5296/3828 1913/2878/2193 3484/5297/3829
f 3483/5296/3828 2059/3092/2354 1913/2878/2193
f 3483/5298/3828 3484/5299/3829 3485/5300/3830
f 3483/5298/3828 3485/5300/3830 3486/5301/2350
f 3488/320/251 215/322/253 3487/5302/3831
f 3488/320/251 2953/3806/2849 212/321/252
f 3488/5303/251 3487/5304/3831 4772/5305/3832
f 3488/5303/251 4772/5305/3832 2953/4495/2849
f 3489/5306/3833 3491/4950/3594 3490/5307/3834
f 3489/5306/3833 3490/5307/3834 4832/5308/3835
f 3489/5309/3833 2066/3099/2361 3491/5310/3594
f 3489/5309/3833 4831/5311/3836 2067/3100/2362
f 3489/5309/3833 4832/5312/3835 4831/5311/3836
f 3489/5309/3833 2067/3100/2362 2066/3099/2361
f 3492/5313/3837 3493/5314/3838 3494/5315/3839
f 3492/5316/3837 3897/5317/3840 3495/5318/3841
f 3492/5313/3837 4194/5319/3842 3493/5314/3838
f 3492/5316/3837 3494/5320/3839 3897/5317/3840
f 3492/5316/3837 3495/5318/3841 4810/5321/3843
f 3492/5316/3837 4810/5321/3843 4194/5322/3842
f 3496/5323/3844 3497/5324/3845 155/5325/183
f 3496/5323/3844 586/888/695 3497/5324/3845
f 3496/5323/3844 155/5325/183 4692/5326/3846
f 3496/5323/3844 4692/5326/3846 3498/5327/3847
f 3496/5323/3844 3498/5327/3847 586/888/695
f 3499/5328/2536 4480/5329/3848 3500/5330/2537
f 3499/5331/2536 3501/5332/44 4878/5333/43
f 3499/5334/2536 4811/5335/3849 3501/5336/44
f 3499/5331/2536 4878/5333/43 4480/5337/3848
f 3499/5334/2536 1255/5338/1450 4811/5335/3849
f 3502/5339/3850 2745/4166/3088 161/245/191
f 3502/5339/3850 3503/5340/3851 3504/5341/3852
f 3502/5339/3850 2746/4167/3089 2745/4166/3088
f 3502/5339/3850 3504/5341/3852 2746/4167/3089
f 3502/5339/3850 3505/5342/3853 3503/5340/3851
f 3502/5339/3850 161/245/191 3505/5342/3853
f 3506/5343/3854 4001/5344/3855 3511/5345/3856
f 3506/5346/3854 3507/5347/3857 4451/5348/3858
f 3506/5349/3854 3508/5350/3859 2930/4467/3288
f 3506/5346/3854 4451/5348/3858 3508/5351/3859
f 3506/5352/3854 3509/5353/3860 3507/5354/3857
f 3506/5349/3854 2930/4467/3288 3510/5355/3861
f 3506/5343/3854 3510/5356/3861 4001/5344/3855
f 3506/5352/3854 3511/5357/3856 3509/5353/3860
f 1728/2594/1975 2990/4561/3344 1729/2595/1976
f 3140/4785/3488 3512/5358/3862 474/698/559
f 3140/4785/3488 474/698/559 3393/5359/3741
f 3140/4785/3488 3393/5359/3741 3141/4786/3489
f 3140/4785/3488 3143/4790/3493 3512/5358/3862
f 3513/5360/3863 2168/5361/2470 1471/2202/1689
f 3513/5362/3863 2170/3252/2471 2168/3251/2470
f 3513/5360/3863 1470/2201/1688 3514/5363/3864
f 3513/5362/3863 3515/5364/3865 2170/3252/2471
f 3513/5362/3863 3516/5365/3866 3515/5364/3865
f 3513/5360/3863 3514/5363/3864 3516/5366/3866
f 3513/5360/3863 1471/2202/1689 1470/2201/1688
f 3517/5367/3867 3518/5368/3868 3362/5126/3714
f 3517/5367/3867 3519/5369/3869 3518/5368/3868
f 3517/5367/3867 3520/5370/3870 3519/5369/3869
f 3517/5367/3867 3362/5126/3714 3361/5125/3713
f 3517/5367/3867 3361/5125/3713 3520/5370/3870
f 676/1019/800 106/154/125 677/1020/801
f 676/1019/800 1476/2212/1699 3521/5371/3871
f 676/1019/800 3521/5371/3871 106/154/125
f 2284/3422/137 2286/3421/2583 3522/5372/3872
f 2284/171/137 3522/5373/3872 4652/5374/3873
f 2284/171/137 4652/5374/3873 115/172/138
f 122/185/146 3523/5375/3874 2485/3737/2801
f 122/185/146 2485/3737/2801 123/186/147
f 122/185/146 124/187/148 3397/5185/3745
f 122/185/146 3397/5185/3745 3523/5375/3874
f 3524/829/648 549/828/650 2447/3667/2758
f 3524/829/648 2447/3667/2758 4107/5376/3875
f 3524/5377/648 4107/5378/3875 548/5379/649
f 3525/5380/3876 1623/5381/1865 3526/5382/3877
f 3525/5380/3876 3527/5383/3878 3528/5384/3879
f 3525/5380/3876 2825/4300/3176 4059/5385/3880
f 3525/5380/3876 3526/5382/3877 3527/5383/3878
f 3525/5380/3876 4059/5385/3880 1623/5381/1865
f 3525/5380/3876 3528/5384/3879 2826/4301/3177
f 3525/5380/3876 2826/4301/3177 2825/4300/3176
f 2885/4396/3237 3529/5386/3881 2886/4397/3238
f 2885/4396/3237 3530/5387/3882 3529/5386/3881
f 2885/4396/3237 2888/4401/3240 3530/5387/3882
f 1507/2254/1728 2608/5388/2941 3674/3961/2958
f 1507/2254/1728 3674/3961/2958 1508/2255/1729
f 2522/3794/2842 909/1384/1067 3077/4677/3423
f 2522/3794/2842 3531/5389/3883 2523/3795/2843
f 2522/3794/2842 3075/4675/3421 3531/5389/3883
f 2522/3794/2842 3077/4677/3423 3075/4675/3421
f 1376/2068/1592 3728/5390/3036 3532/5391/3884
f 1376/2068/1592 2219/3325/2521 1377/2069/1593
f 1376/2068/1592 3532/5391/3884 2218/3324/2520
f 1376/2068/1592 3729/2076/1595 3728/5390/3036
f 1524/2281/1749 3533/5392/3885 1525/2282/1750
f 1524/2281/1749 1384/2080/1599 3534/5393/3886
f 1524/2281/1749 1528/2285/1753 1384/2080/1599
f 1524/2281/1749 3534/5393/3886 3533/5392/3885
f 522/769/614 3535/5394/359 3536/5395/3887
f 522/769/614 2997/4568/3351 520/770/615
f 522/769/614 3537/5396/3888 2997/4568/3351
f 522/769/614 3536/5395/3887 3537/5396/3888
f 522/773/614 518/767/613 3535/466/359
f 2403/4196/2706 2760/4198/3105 2026/1123/877
f 2403/3598/2706 4857/3600/2708 271/5397/320
f 2403/5398/2706 271/414/320 270/413/319
f 1403/2106/1618 3785/5399/3889 3538/5400/3890
f 1403/2106/1618 3055/2109/1621 3785/5399/3889
f 1403/2106/1618 3538/5400/3890 1404/2107/1619
f 1947/2919/2229 3539/5401/3891 1948/2920/2230
f 1947/2919/2229 3540/5402/3892 3539/5401/3891
f 1947/2919/2229 2308/3457/2607 3540/5402/3892
f 3541/5403/3893 1787/1163/343 3036/4617/3386
f 3541/5403/3893 3542/5404/1821 1787/1163/343
f 3541/5403/3893 2186/3277/2489 3542/5404/1821
f 3541/5403/3893 3036/4617/3386 3032/4613/3382
f 3541/5403/3893 3032/4613/3382 2186/3277/2489
f 3543/5405/3894 1654/2494/1901 2650/3995/2985
f 3543/5405/3894 3039/4620/3389 1654/2494/1901
f 3543/5405/3894 2649/3994/2984 3544/5406/3895
f 3543/5405/3894 2650/3995/2985 2649/3994/2984
f 3543/5405/3894 3544/5406/3895 3039/4620/3389
f 3379/5407/3725 3758/1355/1050 3770/5408/3726
f 3379/5407/3725 3545/5409/3896 3758/1355/1050
f 3379/5157/3725 1660/2500/1906 3545/5410/3896
f 3546/5411/2097 3547/5412/2099 4741/5413/3897
f 3546/5411/2097 523/2396/619 1835/5414/2098
f 3546/5411/2097 4741/5413/3897 3548/5415/622
f 3546/5411/2097 3548/5415/622 523/2396/619
f 686/1033/811 685/5416/813 3879/3608/2715
f 686/1033/811 3549/5417/3898 3550/5418/3899
f 686/1033/811 3550/5418/3899 684/1034/812
f 686/1033/811 3879/3608/2715 2409/3609/2716
f 686/1033/811 2409/3609/2716 3549/5417/3898
f 3552/5419/3900 3097/4712/3442 3551/5420/3901
f 3552/5421/3900 1721/2587/1968 3553/5422/3902
f 3552/5419/3900 3553/5423/3902 3097/4712/3442
f 3552/5421/3900 3556/5424/3903 3554/5425/3904
f 3552/5421/3900 3554/5425/3904 1721/2587/1968
f 3552/5426/3900 3555/5427/3905 3556/5428/3903
f 3552/5426/3900 3551/5429/3901 3555/5427/3905
f 1439/2160/1657 1442/2165/1662 3415/5217/3763
f 2795/4240/3142 3503/5340/3851 3505/5342/3853
f 2795/4240/3142 4645/5430/3906 3503/5340/3851
f 2795/4240/3142 3505/5342/3853 2796/4241/3143
f 2795/4240/3142 3943/4243/3145 4645/5430/3906
f 2799/4246/3148 3557/5431/3907 3558/5432/3908
f 2799/4246/3148 3717/4247/3149 3557/5431/3907
f 2799/4246/3148 3559/5433/3909 2735/4149/3078
f 2799/4246/3148 3558/5432/3908 3559/5433/3909
f 2665/5434/3001 3345/5435/3697 4766/5436/3910
f 2665/4029/3001 2668/4027/3004 3560/5437/3911
f 2665/4023/3001 4766/5438/3910 2666/4024/3002
f 2665/4029/3001 3560/5437/3911 3345/5095/3697
f 280/430/331 282/432/333 3630/5439/3912
f 280/430/331 3561/5440/3490 281/431/332
f 280/430/331 3630/5439/3912 3562/5441/3913
f 280/430/331 3562/5441/3913 3561/5440/3490
f 1011/5442/1177 3563/5443/2393 4025/5444/3914
f 1011/5445/1177 4024/5446/3915 3563/5447/2393
f 1011/5445/1177 1013/5448/1180 4024/5446/3915
f 1011/1521/1177 4025/5449/3914 4544/1522/1178
f 3265/4987/3612 3266/4988/3613 589/5450/699
f 3265/4987/3612 3229/4921/3575 3564/5451/3916
f 3265/4987/3612 3564/5451/3916 2318/3476/2622
f 3265/4987/3612 589/5450/699 3229/4921/3575
f 233/359/276 3565/5452/3917 3566/5453/3918
f 233/5454/276 4021/5455/3919 3567/5456/3920
f 233/5454/276 3568/5457/665 4461/5458/3921
f 233/359/276 3566/5453/3918 3569/5459/3922
f 233/5454/276 3569/5460/3922 3568/5457/665
f 233/359/276 3567/5461/3920 234/360/277
f 233/359/276 236/362/279 3565/5452/3917
f 233/5454/276 4461/5458/3921 4021/5455/3919
f 3570/5462/1778 3571/5463/3923 3572/5464/3924
f 3570/5462/1778 1545/5465/1777 3573/5466/3925
f 3570/5462/1778 3572/5464/3924 3574/5467/3926
f 3570/5462/1778 3573/5466/3925 3571/5463/3923
f 3570/5462/1778 3574/5467/3926 3575/5468/1779
f 3576/5469/3927 3839/5470/2247 3838/5471/3928
f 3576/5472/3927 4895/5473/1585 4563/5474/3929
f 3576/5472/3927 4563/5474/3929 3839/5475/2247
f 3576/5469/3927 3838/5471/3928 4895/5476/1585
f 3578/5477/3930 3577/5478/473 2120/3178/2417
f 3578/5479/3930 3579/5480/3931 3580/5481/3932
f 3578/5479/3930 3581/5482/3933 3577/5483/473
f 3578/5477/3930 2120/3178/2417 3579/5484/3931
f 3578/5479/3930 3580/5481/3932 3581/5482/3933
f 128/193/153 2288/3428/2586 3582/5485/3934
f 128/193/153 3582/5485/3934 4718/194/154
f 128/193/153 129/195/155 3126/4762/3474
f 128/193/153 3126/4762/3474 800/1215/951
f 2823/4296/3173 1263/1880/1458 1624/2445/1866
f 2823/4296/3173 3246/4949/3593 1263/1880/1458
f 2823/4296/3173 2824/4298/3175 3247/4951/3595
f 2823/4296/3173 3247/4951/3595 3246/4949/3593
f 694/1051/824 1242/1853/1434 695/1052/825
f 694/1051/824 697/1057/828 2497/3755/2814
f 694/1051/824 2497/3755/2814 2495/3752/2813
f 694/1051/824 2495/3752/2813 1242/1853/1434
f 3584/220/172 150/222/174 3583/5486/3935
f 3584/5487/172 3585/5488/3936 147/5489/173
f 3584/220/172 3583/5486/3935 3586/5490/3937
f 3584/5487/172 3586/5491/3937 3585/5488/3936
f 3587/5492/3938 3588/5493/3939 4583/5494/3940
f 3587/5492/3938 3589/5495/3941 3325/5073/668
f 3587/5492/3938 2707/5496/3043 3589/5495/3941
f 3587/5492/3938 4583/5494/3940 2707/5496/3043
f 3587/5492/3938 3325/5073/668 3323/5071/668
f 3587/5492/3938 3323/5071/668 3588/5493/3939
f 3591/5497/3599 3590/5498/3942 3253/5499/3600
f 3591/5500/3599 3254/5501/3219 2869/5502/3218
f 3591/5503/3599 3927/5504/3943 3590/5505/3942
f 3591/5506/3599 2869/5507/3218 3927/5508/3943
f 2218/3324/2520 3592/5509/3944 608/1614/723
f 2218/3324/2520 3532/5391/3884 3592/5509/3944
f 1067/1619/1243 1923/2891/2203 1068/1620/1244
f 1067/1619/1243 929/1407/1089 1923/2891/2203
f 1928/2897/2209 3593/5510/3945 1388/2085/1604
f 1928/2897/2209 1927/2896/2208 3594/5511/3946
f 1928/2897/2209 3594/5511/3946 3593/5510/3945
f 1928/2897/2209 1388/2085/1604 1391/2084/1603
f 2835/4314/3184 3595/5512/3947 3596/5513/3948
f 2835/4314/3184 3597/5514/3949 3598/5515/3950
f 2835/4314/3184 3598/5515/3950 2836/4315/3185
f 2835/4314/3184 3596/5513/3948 3597/5514/3949
f 2835/4314/3184 1754/2638/2008 3595/5512/3947
f 2270/3406/2569 2272/3408/2571 3181/4839/3529
f 2270/3406/2569 3181/4839/3529 3180/4838/3528
f 2270/3406/2569 2341/3508/2644 3599/5516/3951
f 2270/3406/2569 3599/5516/3951 2271/3407/2570
f 2270/3406/2569 3180/4838/3528 1205/1804/1395
f 3183/4842/3532 3600/5517/3952 3601/5518/3953
f 3183/4842/3532 3601/5518/3953 2845/4324/3193
f 3183/4842/3532 3184/4844/3534 3600/5517/3952
f 3183/4842/3532 2845/4324/3193 2844/4323/3192
f 2847/4327/1845 3602/5519/3954 2848/4328/3196
f 2847/4327/1845 4280/5520/1848 3602/5519/3954
f 1029/1556/1201 3374/5521/3469 3375/5522/3723
f 1029/1556/1201 3375/5522/3723 1033/1557/1202
f 1959/2936/2239 2980/4541/3330 2434/3643/2742
f 1959/2936/2239 1960/2937/2240 3603/5523/3955
f 1959/2936/2239 3603/5523/3955 2980/4541/3330
f 51/84/62 3604/5524/3956 3605/5525/3957
f 51/84/62 3606/5526/3958 52/85/63
f 51/84/62 49/82/60 3604/5524/3956
f 51/84/62 3605/5525/3957 3606/5526/3958
f 55/88/66 3607/5527/3959 4553/5528/3960
f 55/88/66 4553/5528/3960 3608/5529/3961
f 55/88/66 3608/5529/3961 56/89/67
f 55/88/66 58/95/70 3607/5527/3959
f 3448/5254/3791 3609/5530/3962 3610/5531/3963
f 3448/5254/3791 3610/5531/3963 3449/5255/3792
f 3448/5254/3791 3452/5258/3795 3609/5530/3962
f 69/106/81 2248/3382/939 3611/5532/3964
f 69/106/81 3612/5533/3965 70/107/82
f 69/106/81 3611/5532/3964 3612/5533/3965
f 69/106/81 72/109/84 2248/3382/939
f 3326/5074/3681 3328/5076/3683 412/615/492
f 3326/5074/3681 3613/5534/3966 3327/5075/3682
f 3326/5074/3681 412/615/492 414/617/493
f 3326/5074/3681 414/617/493 3613/5534/3966
f 1704/2570/1951 2871/4377/3222 165/250/196
f 1704/2570/1951 2559/3852/2884 2871/4377/3222
f 1704/2570/1951 1707/2573/1954 2559/3852/2884
f 1704/2570/1951 165/250/196 164/249/195
f 250/386/298 3955/3591/859 4648/387/299
f 250/386/298 2877/4383/3228 3614/5535/3967
f 250/386/298 2398/3592/2701 3955/3591/859
f 250/386/298 3614/5535/3967 2398/3592/2701
f 3407/5204/3754 3615/5536/3968 4696/5537/3969
f 3407/5204/3754 4696/5537/3969 561/843/662
f 3407/5204/3754 3411/5208/3758 3615/5536/3968
f 57/91/68 3288/5538/3640 3529/5386/3881
f 57/91/68 777/5539/923 3616/5540/924
f 57/91/68 3617/5541/3970 4426/5542/3971
f 57/91/68 3618/5543/3972 3619/5544/1350
f 57/91/68 1628/2452/1871 3289/5545/3641
f 57/2505/68 1663/2504/1910 1971/2951/2251
f 57/91/68 3620/5546/3973 3617/5541/3970
f 57/2505/68 1970/2950/2250 3621/5547/3974
f 57/91/68 3622/5548/3975 2731/4145/3074
f 57/2505/68 3619/1747/1350 1167/1746/1349
f 57/91/68 1629/2453/1872 1628/2452/1871
f 57/91/68 2879/4385/3230 3618/5543/3972
f 57/91/68 3529/5386/3881 3530/5387/3882
f 57/91/68 3616/5540/924 3620/5546/3973
f 57/91/68 3623/5549/3976 1333/2000/1544
f 57/91/68 3289/5545/3641 3288/5538/3640
f 57/91/68 3624/5550/3977 3623/5549/3976
f 57/91/68 4426/5542/3971 4578/92/69
f 57/2505/68 3621/5547/3974 2454/3681/2765
f 57/91/68 2032/3040/2320 3624/5550/3977
f 57/2505/68 1971/2951/2251 1970/2950/2250
f 57/91/68 3530/5387/3882 3622/5548/3975
f 57/91/68 2034/3042/2322 2032/3040/2320
f 57/91/68 3625/5551/2767 777/5539/923
f 57/91/68 1771/2658/2025 1629/2453/1872
f 3136/5552/3484 3626/5553/3978 2518/5554/2836
f 3136/4778/3484 3627/5555/3979 4196/5556/3980
f 3136/5557/3484 2518/5558/2836 4551/5559/3485
f 3136/4778/3484 3137/4780/3486 3627/5555/3979
f 282/5560/333 279/5561/330 3628/5562/3981
f 282/5560/333 3628/5562/3981 3629/5563/3982
f 282/5560/333 3629/5563/3982 3630/5564/3912
f 3631/5565/3983 2732/4146/3075 3632/5566/3984
f 3631/5567/3983 404/5568/483 3633/5569/2950
f 3631/5565/3983 3632/5566/3984 2887/4400/3239
f 3631/5567/3983 4864/5570/3985 404/5568/483
f 3631/5565/3983 3633/5571/2950 2732/4146/3075
f 3631/5567/3983 2887/5572/3239 4864/5570/3985
f 3634/5573/3986 3442/5574/3784 4092/2688/2046
f 3634/5573/3986 3635/5575/3987 3352/5104/3702
f 3634/5573/3986 3352/5104/3702 629/953/745
f 3634/5573/3986 1790/2687/2045 3635/5575/3987
f 3634/5573/3986 4092/2688/2046 1790/2687/2045
f 3634/5573/3986 629/953/745 3442/5574/3784
f 3636/5576/3988 3637/5577/3989 3638/5578/3990
f 3636/5579/3988 3638/5580/3990 3639/5581/3991
f 3636/5576/3988 3640/5582/3992 3641/5583/3993
f 3636/5576/3988 3641/5583/3993 3642/5584/912
f 3636/5576/3988 3642/5584/912 3637/5577/3989
f 3636/5579/3988 3639/5581/3991 3640/5585/3992
f 301/464/357 3215/4886/3559 302/465/358
f 309/475/368 1119/1687/1299 1685/1688/17
f 309/475/368 310/476/369 1119/1687/1299
f 3161/4815/1301 3164/4818/3511 1121/5586/1302
f 3161/1690/1301 1125/1695/1306 3162/5587/3509
f 3643/5588/3994 3644/5589/3995 3645/5590/3996
f 3643/5588/3994 3646/5591/1020 862/5592/1021
f 3643/5588/3994 862/5592/1021 3644/5589/3995
f 3643/5588/3994 3647/5593/3997 3648/5594/3998
f 3643/5588/3994 3648/5594/3998 3646/5591/1020
f 3643/5588/3994 3645/5590/3996 3647/5593/3997
f 322/492/385 1138/1711/1320 323/493/386
f 3649/5595/3999 3977/5596/2299 4653/5597/4000
f 3649/5595/3999 2418/1391/757 3650/5598/4001
f 3649/5595/3999 3650/5598/4001 3651/5599/2300
f 3649/5595/3999 3651/5599/2300 3977/5596/2299
f 3649/5595/3999 3652/5600/4002 2418/1391/757
f 3649/5595/3999 4653/5597/4000 3652/5600/4002
f 3654/5601/4003 3653/5602/4004 3953/5603/4005
f 3654/5604/4003 3953/5605/4005 3655/5606/4006
f 3654/5604/4003 3655/5606/4006 1031/5607/1204
f 3654/5601/4003 1030/5608/1203 3656/5609/4007
f 3654/5610/4003 1031/5611/1204 1030/5612/1203
f 3654/5601/4003 3656/5609/4007 3653/5602/4004
f 3657/5613/4008 3658/5614/4009 2126/3187/2424
f 3657/5613/4008 2125/3186/2423 2908/4436/3268
f 3657/5613/4008 2908/4436/3268 3658/5614/4009
f 3657/5613/4008 2126/3187/2424 2125/3186/2423
f 175/263/209 3659/5615/4010 1238/1848/1429
f 175/263/209 1237/1847/1428 176/264/210
f 175/263/209 180/268/214 3659/5615/4010
f 175/263/209 1238/1848/1429 1237/1847/1428
f 3097/4712/3442 3553/5423/3902 3098/4713/3443
f 3097/4712/3442 3100/4717/3446 3551/5420/3901
f 2422/3628/2729 1528/2285/1753 4126/4718/3447
f 2424/6/6 5/8/8 3660/5616/2731
f 3661/5617/4011 3662/5618/4012 3663/5619/4013
f 3661/5617/4011 3664/5620/4014 713/1090/847
f 3661/5617/4011 711/1089/845 3662/5618/4012
f 3661/5617/4011 713/1090/847 711/1089/845
f 3661/5617/4011 3663/5619/4013 3665/5621/4015
f 3661/5617/4011 3665/5621/4015 3664/5620/4014
f 3666/5622/4016 3667/5623/4017 3668/1038/814
f 3666/5624/4016 684/1034/812 3308/5048/3664
f 3666/5624/4016 3307/5047/3663 3667/5625/4017
f 3666/5624/4016 3308/5048/3664 3307/5047/3663
f 3666/5624/4016 3668/5626/814 684/1034/812
f 2667/4026/3003 3669/5627/4018 1002/1506/1167
f 2667/4026/3003 1002/1506/1167 998/1502/1163
f 2667/4026/3003 2670/4031/3006 3669/5627/4018
f 2667/4026/3003 998/1502/1163 2668/4027/3004
f 3593/5510/3945 3670/5628/4019 433/637/513
f 3593/5510/3945 3594/5511/3946 3670/5628/4019
f 3593/5510/3945 433/637/513 1388/2085/1604
f 2941/4478/3299 2714/4098/3050 3671/5629/4020
f 2941/4478/3299 3671/5629/4020 2942/4479/3300
f 2941/4478/3299 3672/5630/4021 2714/4098/3050
f 2941/4478/3299 1417/2123/1634 3672/5630/4021
f 2622/3955/2953 2228/3337/2528 2618/3956/2954
f 2622/3955/2953 2229/3338/2529 2228/3337/2528
f 2622/3955/2953 4311/5631/4022 3673/5632/268
f 2622/3955/2953 3674/5633/2958 4311/5631/4022
f 2622/3955/2953 3673/5632/268 2229/3338/2529
f 3675/5634/4023 1394/2095/1609 947/1434/1109
f 3675/5634/4023 3676/5635/4024 3677/5636/4025
f 3675/5634/4023 3678/5637/4026 1394/2095/1609
f 3675/5634/4023 946/1433/1108 3676/5635/4024
f 3675/5634/4023 3677/5636/4025 3678/5637/4026
f 3675/5634/4023 947/1434/1109 946/1433/1108
f 3679/5638/4027 3680/5639/4028 3681/5640/4029
f 3679/5638/4027 3681/5640/4029 2601/3920/2930
f 3679/5638/4027 2601/3920/2930 2600/3919/2929
f 3679/5638/4027 3167/4821/3514 3680/5639/4028
f 3679/5638/4027 2600/3919/2929 3167/4821/3514
f 850/1305/1009 853/1309/1013 1020/1538/1187
f 850/1305/1009 1020/1538/1187 2451/3676/2763
f 850/1305/1009 2451/3676/2763 851/1306/1010
f 3682/5641/4030 3683/5642/4031 3684/5643/4032
f 3682/5641/4030 4659/5644/2284 4765/5645/4033
f 3682/5641/4030 4765/5645/4033 1712/2578/1959
f 3682/5641/4030 3684/5643/4032 4659/5644/2284
f 3682/5641/4030 1712/2578/1959 3683/5642/4031
f 1714/2580/1961 3685/5646/4034 2606/3932/2937
f 1714/2580/1961 2605/3931/2936 1715/2581/1962
f 1714/2580/1961 2606/3932/2937 2605/3931/2936
f 1714/2580/1961 1719/2585/1966 3685/5646/4034
f 3144/5647/3494 4310/4492/3310 2954/4497/3312
f 3144/5647/3494 4771/5648/4035 3686/5649/1235
f 3144/5647/3494 2954/4497/3312 4772/5650/3832
f 3144/5647/3494 4772/5650/3832 4771/5648/4035
f 440/645/521 2139/3211/2442 1902/2859/2181
f 440/645/521 446/653/526 2139/3211/2442
f 440/5651/521 1907/2864/2185 444/650/522
f 356/537/425 358/539/427 3117/5652/1219
f 356/537/425 2882/4388/3233 357/538/426
f 983/1478/1147 986/1481/1150 3416/5218/3764
f 3687/5653/4036 3688/3952/2949 3400/3951/2951
f 3687/5654/4036 3400/5655/2951 3399/5656/3747
f 3687/5657/4036 814/1229/965 3688/5658/2949
f 3687/5654/4036 3399/5656/3747 2033/5659/2321
f 3687/5657/4036 815/1230/966 814/1229/965
f 3687/5657/4036 2033/3041/2321 815/1230/966
f 3690/5660/4037 994/5661/1157 3689/5662/4038
f 3690/5663/4037 3691/5664/4039 990/1493/1158
f 3690/5665/4037 3689/5666/4038 3692/5667/4040
f 3690/5663/4037 990/1493/1158 994/1492/1157
f 3690/5668/4037 3692/5669/4040 632/952/747
f 3690/5663/4037 632/951/747 3691/5664/4039
f 3203/4874/3547 215/326/253 214/325/255
f 3203/4874/3547 849/1303/1007 2625/3967/2962
f 3203/4874/3547 2625/3967/2962 215/326/253
f 3203/4874/3547 214/325/255 3204/4875/3548
f 480/706/566 665/1956/788 3693/5670/4041
f 480/706/566 3693/5670/4041 479/707/567
f 480/711/566 670/710/569 665/1004/788
f 3695/715/572 3694/5671/4042 2359/5672/2661
f 3695/715/572 2634/3978/2971 3694/5671/4042
f 3695/5673/572 2359/3533/2661 484/720/573
f 2179/3265/2482 2181/3266/2483 2965/4516/2877
f 2179/3265/2482 3280/5012/3632 898/1371/1057
f 2179/3265/2482 2967/4519/3321 3280/5012/3632
f 2506/3767/2821 3696/5674/4043 3697/5675/4044
f 2506/3767/2821 3697/5675/4044 2507/3768/2822
f 2506/3767/2821 3698/5676/4045 3696/5674/4043
f 2506/3767/2821 2505/3766/2820 3698/5676/4045
f 3465/5271/3808 1787/1163/343 3466/5272/3809
f 3465/5271/3808 2644/3988/2979 2641/3985/2976
f 3465/5271/3808 2641/3985/2976 1787/1163/343
f 765/1166/908 3699/5677/4046 766/1167/909
f 765/1166/908 1332/1998/1542 3699/5677/4046
f 765/1166/908 3013/1169/911 1331/1997/725
f 618/933/733 3700/5678/4047 2653/3998/2987
f 618/933/733 2780/4224/3126 3700/5678/4047
f 2995/4566/3349 3701/5679/4048 3702/5680/184
f 2995/4566/3349 2999/4570/3353 3703/5681/4049
f 2995/4566/3349 3702/5680/184 2996/4567/3350
f 2995/4566/3349 3703/5681/4049 3701/5679/4048
f 2660/4016/2998 2663/4020/3000 3383/5162/3730
f 2660/4016/2998 3214/4885/3558 2901/4420/3257
f 2660/4016/2998 3383/5162/3730 3214/4885/3558
f 3704/5682/4050 2916/4446/3275 2919/4449/3278
f 3704/5682/4050 85/129/4 3705/5683/4051
f 3704/5682/4050 3706/5684/4052 85/129/4
f 3704/5682/4050 2919/4449/3278 3706/5684/4052
f 3704/5682/4050 3705/5683/4051 2916/4446/3275
f 363/544/432 3391/5173/3738 3707/5685/4053
f 363/544/432 3707/5685/4053 364/545/433
f 3222/549/437 369/551/439 4554/4894/3566
f 3222/549/437 3708/5686/2129 367/550/438
f 3222/4900/437 1859/4899/2130 3708/5687/2129
f 3709/5688/4054 3710/5689/4055 3711/5690/4056
f 3709/5688/4054 3712/5691/4057 3710/5689/4055
f 3709/5688/4054 3689/5692/4038 4387/5693/4058
f 3709/5688/4054 3713/5694/4059 3689/5692/4038
f 3709/5688/4054 3711/5690/4056 3713/5694/4059
f 3709/5688/4054 4387/5693/4058 3712/5691/4057
f 723/1106/857 3714/5695/4060 3716/5696/4061
f 723/1106/857 726/1105/861 3714/5695/4060
f 723/1100/857 3715/5697/4062 724/1101/858
f 723/1100/857 1072/1625/1249 3715/5697/4062
f 723/1100/857 3716/5698/4061 1072/1625/1249
f 3051/4641/3401 3717/5699/3149 2800/4251/3150
f 3051/5700/3401 3718/5701/4063 3719/5702/4064
f 3051/5700/3401 3719/5702/4064 3717/4247/3149
f 3051/4641/3401 3053/4643/3402 3718/5703/4063
f 3720/5704/4065 3721/5705/4066 3722/5706/4067
f 3720/5704/4065 4739/5707/4068 4463/5708/4069
f 3720/5704/4065 3723/5709/4070 3721/5705/4066
f 3720/5704/4065 3722/5706/4067 4739/5707/4068
f 3720/5704/4065 4463/5708/4069 3723/5709/4070
f 3724/5710/4071 1635/2461/1878 3725/5711/4072
f 3724/5710/4071 3461/5267/3804 3726/5712/4073
f 3724/5710/4071 3523/5375/3874 2694/4068/3028
f 3724/5710/4071 3725/5711/4072 3461/5267/3804
f 3724/5710/4071 3726/5712/4073 3523/5375/3874
f 3724/5710/4071 2694/4068/3028 1635/2461/1878
f 401/594/476 1315/598/480 3727/5713/4074
f 401/594/476 3398/5187/3746 1691/2558/1939
f 401/594/476 1691/2558/1939 3783/595/477
f 401/594/476 3727/5713/4074 3398/5187/3746
f 405/603/484 1319/1979/1530 4896/114/88
f 405/603/484 4896/114/88 3401/5194/3748
f 405/603/484 406/605/486 1319/1979/1530
f 405/603/484 3401/5194/3748 2616/604/485
f 3728/5390/3036 2702/5714/3039 3532/5391/3884
f 3728/5715/3036 3729/5716/1595 2703/5717/3037
f 2990/4561/3344 2991/4562/3345 3730/5718/4075
f 2990/4561/3344 3731/5719/4076 1729/2595/1976
f 2990/4561/3344 3730/5718/4075 3731/5719/4076
f 2714/4098/3050 2713/4097/3049 3671/5629/4020
f 2714/4098/3050 3672/5630/4021 2715/4099/3051
f 2373/3557/2675 2379/3565/2681 2381/3567/2683
f 2373/3557/2675 2381/3567/2683 2374/3558/2676
f 2373/3557/2675 2375/3560/2678 3912/5720/4077
f 2373/3557/2675 3912/5720/4077 2379/3565/2681
f 3732/5721/264 2726/4133/3066 4746/5722/4078
f 3732/5723/264 4746/5724/4078 3733/5725/265
f 3732/5726/264 225/5727/263 3734/5728/4079
f 3732/5721/264 3734/5729/4079 2726/4133/3066
f 864/914/714 3193/4857/3541 600/915/715
f 864/1323/714 868/1328/1026 3193/4855/3541
f 239/5730/284 2808/5731/1467 3995/5732/4080
f 1148/1722/1329 608/923/723 1149/1723/1330
f 2717/5733/3052 4398/5734/4081 3735/5735/3053
f 2717/5736/3052 3736/5737/4082 3356/5738/3707
f 2717/5733/3052 3356/5739/3707 4398/5734/4081
f 2717/5740/3052 4619/5741/1765 3736/5742/4082
f 1160/1738/1341 3737/5743/4083 1161/1739/1342
f 1160/1738/1341 1162/1740/1343 2175/3261/2478
f 1160/1738/1341 3088/4699/3434 3738/5744/4084
f 1160/1738/1341 2175/3261/2478 3088/4699/3434
f 1160/1738/1341 3738/5744/4084 3737/5743/4083
f 2732/4146/3075 2731/4145/3074 3632/5566/3984
f 2732/4146/3075 3633/5571/2950 2733/4147/3076
f 3740/5745/4085 3739/5746/833 702/5747/832
f 3740/5748/4085 702/1062/832 1512/2261/1733
f 3740/5745/4085 1511/5749/1731 3741/5750/4086
f 3740/5745/4085 3741/5750/4086 3739/5746/833
f 3740/5748/4085 1512/2261/1733 1511/2260/1731
f 1432/2146/1650 3742/5751/4087 3743/5752/4088
f 1432/2146/1650 3743/5752/4088 3744/5753/4089
f 1432/2146/1650 3744/5753/4089 1433/2147/1651
f 1432/2146/1650 1436/2155/1655 3742/5751/4087
f 2741/4159/3084 3415/5217/3763 2742/4160/3085
f 1292/2167/1496 3745/5754/4090 1443/2168/1664
f 1292/2167/1496 1293/5755/1498 3745/5754/4090
f 1450/2181/1669 2057/3090/2352 1451/2182/1670
f 1450/2181/1669 3746/5756/4091 2058/3091/2353
f 1450/2181/1669 1455/2186/1674 3746/5756/4091
f 1450/2181/1669 2058/3091/2353 2057/3090/2352
f 3533/5392/3885 927/1405/1087 925/1403/1085
f 3533/5392/3885 3386/5165/3733 3385/5164/3732
f 3533/5392/3885 3747/5757/4092 3386/5165/3733
f 3533/5392/3885 925/1403/1085 3747/5757/4092
f 3748/5758/4093 930/1408/1090 932/1413/1092
f 3748/5758/4093 2291/5759/2590 4539/5760/4094
f 3748/5758/4093 4539/5760/4094 3749/5761/4095
f 3748/5758/4093 3749/5761/4095 930/1408/1090
f 3748/5762/4093 932/3436/1092 2291/3432/2590
f 584/886/693 3750/5763/4096 3213/4884/3557
f 584/886/693 587/889/696 3750/5763/4096
f 1399/2101/1615 2633/3977/2970 17/22/21
f 1399/2101/1615 3751/5764/4097 2634/3978/2971
f 1399/2101/1615 2634/3978/2971 2633/3977/2970
f 1399/2101/1615 1402/2105/1617 3751/5764/4097
f 3403/5765/3750 338/5766/404 3752/5767/4098
f 3403/5196/3750 3405/5201/3752 338/5768/404
f 3403/5765/3750 3752/5767/4098 3753/5769/3751
f 3754/5770/2542 2086/3127/2383 1217/1818/1406
f 3754/5771/2542 3755/5772/4099 2241/5773/2543
f 3754/5770/2542 1217/1818/1406 3755/5774/4099
f 3754/5770/2542 2243/3128/2384 2086/3127/2383
f 279/428/330 1220/1821/1408 1224/1825/1412
f 279/428/330 1224/1825/1412 3628/5775/3981
f 1226/1831/1417 2978/4537/3327 4759/1832/1418
f 1226/1831/1417 2774/4218/3120 2978/4537/3327
f 1230/1839/1421 3756/5776/4100 3757/5777/4101
f 1230/1839/1421 886/1347/1042 3756/5776/4100
f 1230/1839/1421 3757/5777/4101 1231/1840/1422
f 3758/1355/1050 805/5778/956 809/5779/960
f 3758/5780/1050 3471/5278/3813 3470/5277/2398
f 3758/1571/1050 3759/5781/4102 1038/1572/1209
f 3758/1846/1050 3760/5782/4103 3761/5783/4104
f 3758/1355/1050 3067/4662/3413 3762/5784/4105
f 3758/1355/1050 1716/2582/1963 3763/5785/4106
f 3758/1355/1050 809/5779/960 3066/4661/3412
f 3758/1571/1050 3764/5786/4107 3765/5787/4108
f 3758/1355/1050 3545/5409/3896 2194/3287/2497
f 3758/1355/1050 3766/5788/4109 3471/5276/3813
f 3758/1846/1050 3761/5783/4104 1815/2719/2074
f 3758/1846/1050 3659/5615/4010 3760/5782/4103
f 3758/1571/1050 3767/5789/4110 3764/5786/4107
f 3758/1571/1050 3765/5787/4108 3768/5790/4111
f 3758/1846/1050 1238/1848/1429 3659/5615/4010
f 3758/1571/1050 3768/5790/4111 3759/5781/4102
f 3758/1355/1050 3763/5785/4106 3769/5791/4112
f 3758/1571/1050 1040/1574/1211 3770/5792/3726
f 3758/1355/1050 3771/5793/4113 805/5778/956
f 3758/1355/1050 3769/5791/4112 3766/5788/4109
f 3758/1355/1050 893/1354/1049 3771/5793/4113
f 3758/1571/1050 3772/5794/3676 3767/5789/4110
f 3758/1355/1050 3762/5784/4105 1717/2583/1964
f 3758/1355/1050 1717/2583/1964 1716/2582/1963
f 3547/5412/2099 3773/5795/4114 4741/5413/3897
f 1177/3783/1362 3774/1025/805 3547/3781/2834
f 2113/3169/1377 3547/5796/2834 3774/5797/805
f 3547/5412/2099 2927/5798/3284 3773/5795/4114
f 3775/5799/247 150/228/174 148/226/177
f 3775/5800/247 3776/5801/1924 3777/5802/4115
f 3775/5799/247 3777/5803/4115 150/228/174
f 737/1118/872 739/1120/874 3605/5525/3957
f 737/1118/872 1516/2268/1738 738/1119/873
f 737/1118/872 3605/5525/3957 1516/2268/1738
f 1983/2966/2263 712/1088/846 2949/4488/3306
f 1983/2966/2263 1095/1654/1274 1094/1653/1273
f 1987/2970/2267 1990/2973/2270 3778/5804/4116
f 1987/2970/2267 3778/5804/4116 3358/5115/3709
f 1987/2970/2267 3358/5115/3709 2421/3627/2728
f 1827/2740/2088 3779/5805/4117 1385/2081/1600
f 1827/2740/2088 3780/5806/4118 3779/5805/4117
f 1827/2740/2088 4680/2746/2090 3780/5806/4118
f 3175/4831/3524 3176/4833/3525 4858/5807/4119
f 3175/4831/3524 4858/5807/4119 1144/4832/1325
f 3721/5705/4066 3781/5808/4120 1685/2543/17
f 3721/5705/4066 3782/5809/4121 3722/5706/4067
f 3721/5705/4066 3723/5709/4070 3781/5808/4120
f 3721/5705/4066 1685/2543/17 3782/5809/4121
f 1635/2461/1878 1634/5810/1879 4285/5811/4122
f 1635/2461/1878 4285/5811/4122 3725/5711/4072
f 3784/5812/478 3783/5813/477 1692/2556/1941
f 3784/5814/478 3785/5815/3889 1317/1975/1528
f 3784/5814/478 1318/1974/1527 402/5816/479
f 3784/5812/478 1692/2556/1941 3785/5399/3889
f 3784/5814/478 1317/1975/1528 1318/1974/1527
f 1181/1778/1368 4655/3518/2652 3786/5817/1369
f 1181/1778/1368 1183/1777/1371 2345/3512/2648
f 3787/5818/4123 3788/5819/3545 3200/5820/3546
f 3787/5818/4123 2441/3659/2750 2444/3664/2755
f 3787/5818/4123 1147/1720/1328 2349/3520/2653
f 3787/5818/4123 2349/3520/2653 2441/3659/2750
f 3787/5818/4123 2444/3664/2755 3788/5819/3545
f 3787/5818/4123 3200/5820/3546 1147/1720/1328
f 3637/5821/3989 3789/5822/4124 3790/5823/4125
f 3637/5577/3989 298/459/353 3638/5578/3990
f 3637/5577/3989 3790/5824/4125 298/459/353
f 3637/5821/3989 3642/1170/912 3789/5822/4124
f 768/1172/914 3791/5825/4126 769/1173/915
f 768/1172/914 2458/3686/2770 3792/5826/4127
f 768/1172/914 3793/5827/4128 2458/3686/2770
f 768/1172/914 3792/5826/4127 3791/5825/4126
f 768/1172/914 772/1178/918 3793/5827/4128
f 775/1182/921 777/1184/923 3625/3683/2767
f 775/1182/921 2525/3797/2844 1294/3799/1499
f 775/1182/921 1294/3799/1499 776/1183/922
f 775/1182/921 3625/3683/2767 2525/3797/2844
f 2044/3062/2335 3022/4598/3374 2045/3063/2336
f 2044/3062/2335 2209/3061/2334 4582/5828/4129
f 2044/3062/2335 4582/5828/4129 3555/5427/3905
f 2044/3062/2335 3555/5427/3905 3023/4599/3375
f 2044/3062/2335 3023/4599/3375 3022/4598/3374
f 3417/5219/3765 3426/5229/3773 2921/4452/3280
f 3417/5219/3765 2921/4452/3280 3418/5220/3766
f 3481/3083/2346 2054/3082/2348 1858/2795/2128
f 3481/3083/2346 1858/2795/2128 3794/4901/3567
f 3481/5829/2346 3794/5830/3567 3482/5831/3825
f 3795/5832/546 464/685/548 1810/2714/2069
f 3795/681/546 4877/5833/4130 3084/4689/3430
f 3795/681/546 1810/5834/2069 4877/5833/4130
f 2624/3966/2961 4771/5835/4035 3487/5836/3831
f 2624/3966/2961 3487/5836/3831 2625/3967/2962
f 2624/3966/2961 3796/5837/4131 4771/5835/4035
f 2624/3966/2961 4854/3968/2963 3796/5837/4131
f 3512/5358/3862 3797/5838/4132 475/699/560
f 3512/5358/3862 475/699/560 474/698/559
f 3512/5358/3862 3798/5839/4133 3797/5838/4132
f 3512/5358/3862 3143/4790/3493 3798/5839/4133
f 3799/5840/4134 1087/1645/1266 1086/1644/1265
f 3799/5841/4134 1086/3715/1265 3800/5842/4135
f 3799/5841/4134 3801/5843/4136 3802/5844/4137
f 3799/5841/4134 3800/5842/4135 3801/5843/4136
f 3799/5840/4134 3803/5845/4138 1087/1645/1266
f 3799/5840/4134 3802/5846/4137 3803/5845/4138
f 1821/2736/2082 3804/5847/4139 3805/5848/4140
f 1821/2736/2082 3806/5849/4141 3807/5850/2083
f 1821/2736/2082 3805/5848/4140 3806/5849/4141
f 1821/2736/2082 1823/2735/2084 3804/5847/4139
f 678/1021/802 1767/2651/2021 679/1022/803
f 678/1021/802 677/1020/801 1765/2649/2019
f 3810/5851/4142 3808/5852/4143 3809/5853/4144
f 3810/5854/4142 3811/5855/4145 3812/5856/4146
f 3810/5851/4142 3812/5857/4146 3808/5852/4143
f 3810/5858/4142 2131/3195/2430 3811/5859/4145
f 3810/5851/4142 3809/5853/4144 3813/5860/4147
f 3810/5858/4142 3813/5861/4147 2131/3195/2430
f 2392/5862/2693 3261/5863/3609 2393/5864/2694
f 2392/3579/2693 1702/2568/1949 4016/5865/4148
f 2392/3579/2693 4016/5865/4148 3814/5866/4149
f 2392/5862/2693 3814/5867/4149 3261/5863/3609
f 2819/4291/3168 416/619/495 420/623/499
f 2819/4291/3168 1330/1996/1541 416/619/495
f 2819/4291/3168 420/623/499 1551/2331/1786
f 1492/2236/1714 1500/5868/1721 3815/5869/4150
f 1492/2236/1714 3815/5869/4150 1493/2237/1715
f 1492/2236/1714 1491/2246/1713 1500/5868/1721
f 3816/5870/4151 2491/3744/2807 2490/3746/2806
f 3816/5870/4151 136/206/160 134/201/159
f 3816/5871/4151 2490/3743/2806 3817/5872/4152
f 3816/5870/4151 134/201/159 2491/3744/2807
f 3816/5870/4151 3817/5873/4152 136/206/160
f 3248/4952/3596 2242/3373/2545 2244/3375/2546
f 3248/4952/3596 3818/5874/4153 1504/2251/1725
f 3248/4952/3596 2244/3375/2546 1039/1573/1210
f 3248/4952/3596 1039/1573/1210 3818/5874/4153
f 3819/5875/4154 3820/5876/4155 3821/5877/4156
f 3819/5878/4154 461/679/545 3820/5879/4155
f 3819/5880/4154 3822/5881/4157 4397/5882/4158
f 3819/5875/4154 3821/5877/4156 4812/5883/4159
f 3819/5875/4154 4812/5883/4159 3822/5884/4157
f 3819/5878/4154 4397/5885/4158 461/679/545
f 2502/3763/2817 3823/5886/4160 2985/4553/3340
f 2502/3763/2817 3824/5887/4161 3823/5886/4160
f 2502/3763/2817 2503/3764/2818 3824/5887/4161
f 915/1392/1074 2418/1391/757 3825/5888/4162
f 915/5889/1074 3313/116/90 871/5890/1028
f 915/5889/1074 3825/5891/4162 3313/116/90
f 915/1392/1074 916/1393/1075 2418/1391/757
f 3653/5602/4004 3826/5892/4163 3953/5603/4005
f 3653/5602/4004 3467/5273/3810 3827/5893/4164
f 3653/5602/4004 3827/5893/4164 3826/5892/4163
f 3653/5602/4004 3468/5274/3811 3467/5273/3810
f 3653/5602/4004 3656/5609/4007 3468/5274/3811
f 3829/5894/4165 2125/3186/2423 2127/3189/2425
f 3829/5895/4165 4782/5896/4166 3828/5897/4167
f 3829/5898/4165 2127/3188/2425 3830/5899/908
f 3829/5895/4165 3828/5897/4167 3831/5900/4168
f 3829/5894/4165 3831/5901/4168 2125/3186/2423
f 805/1220/956 3771/5902/4113 806/1221/957
f 3832/5903/4169 3833/5904/1191 3917/5905/4170
f 3832/5906/4169 2636/3980/2973 1022/1543/1192
f 3832/5906/4169 3834/5907/4171 2205/3306/2509
f 3832/5906/4169 1022/1543/1192 3833/1542/1191
f 3832/5906/4169 2205/3306/2509 2636/3980/2973
f 3832/5903/4169 3917/5905/4170 3834/5908/4171
f 3835/5909/4172 3475/5284/3819 3477/5286/3821
f 3835/5909/4172 565/851/667 3475/5284/3819
f 3835/5909/4172 3836/5910/4173 566/852/668
f 3835/5909/4172 566/852/668 565/851/667
f 3835/5909/4172 3477/5286/3821 3836/5910/4173
f 2148/3221/1070 3837/5911/4174 2149/3222/2452
f 2148/3221/1070 913/5912/1072 3837/5911/4174
f 3839/2947/2247 1967/2946/2246 3838/5913/3928
f 3839/5914/2247 3840/5915/4175 1968/5916/2248
f 3839/5475/2247 4563/5474/3929 3840/5917/4175
f 3843/5918/4176 3304/5044/3660 3841/5919/4177
f 3843/5918/4176 3842/5920/4178 1637/2466/1880
f 3843/5921/4176 1637/2468/1880 1636/2467/1881
f 3843/5918/4176 3844/5922/4179 3305/5045/3661
f 3843/5918/4176 3305/5045/3661 3304/5044/3660
f 3843/5918/4176 3841/5919/4177 3842/5920/4178
f 3843/5918/4176 1636/5923/1881 3844/5922/4179
f 1296/1939/1501 3845/5924/4180 1297/1940/1502
f 1296/1939/1501 1298/1942/1504 4712/5925/4181
f 650/976/769 3846/5926/4182 221/335/261
f 650/5927/769 653/980/770 3847/5928/4183
f 650/976/769 221/335/261 220/334/260
f 650/976/769 3847/5929/4183 3846/5926/4182
f 3111/5930/3458 3850/5931/4184 3848/5932/4185
f 3111/5933/3458 3849/5934/4186 3850/5935/4184
f 3111/4732/3458 3848/5936/4185 3114/4733/3459
f 3111/5933/3458 3851/5937/4187 3849/5934/4186
f 3111/5933/3458 3113/5938/3461 3851/5937/4187
f 2633/3977/2970 2176/3262/2479 2173/3259/2476
f 2633/3977/2970 2635/3979/2972 2176/3262/2479
f 2633/3977/2970 2173/3259/2476 17/22/21
f 1015/1530/1179 1014/1529/1182 3852/5939/4188
f 1015/5940/1179 3852/5941/4188 3853/5942/4189
f 1015/5940/1179 3854/5943/4190 1013/5944/1180
f 1015/5940/1179 3853/5942/4189 3854/5943/4190
f 3855/5945/4191 3856/5946/4192 2343/5947/2646
f 3855/5945/4191 3857/5948/4193 3858/5949/4194
f 3855/5945/4191 3858/5949/4194 3856/5946/4192
f 3855/5945/4191 4147/5950/4195 3857/5948/4193
f 3855/5945/4191 2343/5947/2646 4147/5950/4195
f 3122/4756/3468 606/921/721 608/923/723
f 3122/4756/3468 796/1211/947 797/1212/948
f 3122/4756/3468 608/923/723 796/1211/947
f 613/5951/728 615/5952/730 130/196/156
f 613/5951/728 130/196/156 131/198/152
f 613/928/728 1499/2243/908 614/929/729
f 613/928/728 131/191/152 1499/2243/908
f 2567/3863/2892 3859/5953/4196 1253/1868/1446
f 2567/3863/2892 3860/5954/4197 3859/5953/4196
f 2567/3863/2892 1253/1868/1446 1250/1865/1443
f 2567/3863/2892 3068/4663/3414 3860/5954/4197
f 3861/5955/4198 3862/5956/4199 3863/5957/4200
f 3861/5955/4198 3071/4667/3418 4804/578/463
f 3861/5955/4198 4804/578/463 3020/4596/3372
f 3861/5955/4198 3020/4596/3372 3862/5956/4199
f 3861/5955/4198 3863/5957/4200 3071/4667/3418
f 3864/5958/4201 2576/3880/2901 2574/3872/2900
f 3864/5958/4201 3413/5214/3761 3865/5959/4202
f 3864/5958/4201 3866/5960/4203 2576/3880/2901
f 3864/5958/4201 3865/5959/4202 3866/5960/4203
f 3864/5958/4201 3414/5216/3762 3413/5214/3761
f 3864/5958/4201 2574/3872/2900 3414/5216/3762
f 3867/5961/4204 3868/5962/4205 4726/5963/4206
f 3867/5961/4204 4726/5963/4206 3869/5964/3491
f 3867/5961/4204 3870/5965/3115 2771/5966/3117
f 3867/5961/4204 3562/5441/3913 3870/5965/3115
f 3867/5961/4204 3869/5964/3491 3562/5441/3913
f 3867/5961/4204 2771/5966/3117 3868/5962/4205
f 1786/2682/2043 2890/4405/3244 3147/4799/3496
f 1786/2682/2043 1788/2684/2044 2890/4405/3244
f 1786/2682/2043 3147/4799/3496 1787/2683/343
f 3871/5967/4207 3872/5968/4208 3873/5969/4209
f 3871/5967/4207 3874/5970/4210 3875/5971/4211
f 3871/5967/4207 3876/5972/4212 3877/5973/4213
f 3871/5967/4207 3878/5974/4214 3874/5970/4210
f 3871/5967/4207 3875/5971/4211 3872/5968/4208
f 3871/5967/4207 3873/5969/4209 3876/5972/4212
f 3871/5967/4207 3877/5973/4213 3878/5974/4214
f 1367/2051/1582 4739/5707/4068 3722/5706/4067
f 1367/2051/1582 4738/2059/1586 4739/5707/4068
f 1367/2051/1582 3722/5706/4067 1368/2052/1583
f 685/1035/813 3460/5266/3803 3879/5975/2715
f 784/1195/930 783/1194/932 3880/5976/4215
f 784/1192/930 1975/2955/2255 782/1193/931
f 784/1192/930 3880/5977/4215 1975/2955/2255
f 223/329/257 3527/5383/3878 217/330/258
f 223/329/257 3528/5384/3879 3527/5383/3878
f 223/329/257 222/5978/262 3528/5384/3879
f 339/516/405 3752/5767/4098 338/5766/404
f 338/5979/404 1108/1670/1288 3881/1673/1286
f 3405/5201/3752 4745/5980/4216 338/5768/404
f 338/5981/404 3881/5982/1286 3882/5983/1900
f 338/5768/404 4745/5980/4216 1108/5984/1288
f 1657/2497/1903 3883/5985/4217 1658/2498/1904
f 1657/2497/1903 3381/5160/3728 3883/5985/4217
f 2898/4417/3254 2899/4418/3255 3884/5986/4218
f 2898/4417/3254 71/108/83 68/105/80
f 2898/4417/3254 2251/3386/2552 2249/3383/2550
f 2898/4417/3254 3884/5986/4218 2251/3386/2552
f 2898/4417/3254 2249/3383/2550 71/108/83
f 2253/3388/2554 3885/5987/4219 3886/5988/4220
f 2253/3388/2554 3429/5232/3775 2254/3389/2555
f 2253/3388/2554 2258/3393/2559 3885/5987/4219
f 2253/3388/2554 3886/5988/4220 3429/5232/3775
f 3662/5989/4012 2259/3394/2560 3887/5990/4221
f 3662/5618/4012 3888/5991/4222 3663/5619/4013
f 3662/5989/4012 711/3395/845 2259/3394/2560
f 3662/5989/4012 3887/5990/4221 3888/5992/4222
f 1793/2692/2047 3889/5993/4223 1680/2536/1927
f 1793/2692/2047 4271/2694/2049 3889/5993/4223
f 1797/2698/2053 2686/5994/3020 1798/2699/2054
f 1797/2698/2053 2951/4490/3308 2687/5995/3021
f 1797/2698/2053 2687/5995/3021 2686/5994/3020
f 3890/5996/4224 3891/5997/4225 3892/5998/4226
f 3890/5996/4224 3893/5999/4227 3894/6000/3204
f 3890/5996/4224 3194/4858/3542 3891/5997/4225
f 3890/5996/4224 3892/5998/4226 3893/5999/4227
f 3890/5996/4224 3894/6000/3204 3194/4858/3542
f 3895/6001/4228 3896/6002/4229 3897/6003/3840
f 3895/6001/4228 1078/1635/1259 1081/1639/1261
f 3895/6004/4228 3897/5317/3840 3494/5320/3839
f 3895/6001/4228 1081/1639/1261 3896/6002/4229
f 3895/6005/4228 3494/5315/3839 3898/6006/4230
f 3895/6001/4228 1550/2330/1785 1078/1635/1259
f 3895/6001/4228 3898/6007/4230 1550/2330/1785
f 22/32/28 1087/1645/1266 23/33/29
f 22/32/28 26/37/31 1084/1642/1263
f 30/46/35 1092/1651/1271 2970/1648/388
f 30/46/35 2970/1648/388 31/47/36
f 30/46/35 32/50/38 1092/1651/1271
f 158/242/188 3899/6008/4231 159/243/189
f 158/242/188 3900/6009/4232 1482/6010/1704
f 158/242/188 162/246/192 3900/6009/4232
f 158/242/188 1482/6010/1704 3899/6008/4231
f 503/747/594 3579/6011/3931 504/748/595
f 503/747/594 4131/4176/3092 3580/6012/3932
f 503/747/594 3580/6012/3932 3579/6011/3931
f 2288/3428/2586 4086/6013/4233 3901/6014/3589
f 2288/3428/2586 3901/6014/3589 3582/5485/3934
f 2288/3428/2586 2289/3429/2587 4086/6013/4233
f 2491/3744/2807 133/200/158 2492/3745/2808
f 2491/3744/2807 134/201/159 133/200/158
f 2294/3439/2594 3902/6015/4234 3068/4663/3414
f 2294/3439/2594 2296/3443/2596 3902/6015/4234
f 3903/6016/4235 3904/6017/4236 3044/4630/3393
f 3903/6016/4235 2477/3716/2791 2761/4202/3106
f 3903/6016/4235 2761/4202/3106 3905/6018/4237
f 3903/6016/4235 188/281/225 2477/3716/2791
f 3903/6016/4235 3044/4630/3393 3906/6019/4238
f 3903/6016/4235 3906/6019/4238 188/281/225
f 3903/6016/4235 3905/6018/4237 3904/6017/4236
f 1993/2976/2273 3671/5629/4020 1994/2977/2274
f 1993/2976/2273 3079/4681/3425 2942/4479/3300
f 1993/2976/2273 2942/4479/3300 3671/5629/4020
f 3347/6020/888 1736/2610/891 3907/6021/4239
f 3347/5098/888 3907/6022/4239 3348/5099/3699
f 1355/2033/1568 291/446/342 293/449/345
f 1355/2033/1568 3908/6023/4240 3351/5103/3701
f 1355/2033/1568 293/449/345 991/1494/1159
f 1355/2033/1568 991/1494/1159 3908/6023/4240
f 999/1503/1164 3669/5627/4018 2446/3666/2757
f 999/1503/1164 1002/1506/1167 3669/5627/4018
f 3910/6024/4241 3909/6025/2677 4671/6026/4242
f 3910/6027/4241 3911/6028/4243 3912/5720/4077
f 3910/6024/4241 4671/6026/4242 1142/1715/1323
f 3910/6024/4241 1142/1715/1323 4727/2631/2001
f 3910/6024/4241 4727/2631/2001 3911/6029/4243
f 3910/6024/4241 3912/6030/4077 3909/6025/2677
f 957/1445/1118 3913/6031/4244 3520/5370/3870
f 957/1445/1118 3520/5370/3870 3914/6032/4245
f 957/1445/1118 3914/6032/4245 960/1446/1119
f 957/1445/1118 959/1448/1121 3913/6031/4244
f 3833/6033/1191 3915/6034/4246 3916/6035/4247
f 3833/6033/1191 3916/6035/4247 3917/6036/4170
f 3833/6037/1191 4860/6038/1193 3915/6039/4246
f 3918/6040/4248 1188/1780/1375 3920/4462/3285
f 3918/6041/4248 3061/4654/2101 3063/4656/3409
f 3918/6041/4248 955/1443/1116 3919/6042/4249
f 3918/6041/4248 3920/6043/3285 3061/4654/2101
f 3918/6041/4248 3063/4656/3409 955/1443/1116
f 3918/6041/4248 3919/6042/4249 1188/6044/1375
f 1191/6045/596 3921/6046/4250 3922/6047/1379
f 1191/6045/596 504/6048/595 3921/6046/4250
f 3923/6049/4251 3924/6050/4252 506/754/600
f 3923/6049/4251 85/129/4 3706/5684/4052
f 3923/6049/4251 3706/5684/4052 3388/5167/3735
f 3923/6049/4251 3388/5167/3735 3924/6050/4252
f 3923/6049/4251 506/754/600 85/129/4
f 512/760/606 3925/6051/4253 513/761/607
f 512/760/606 1199/1794/1387 2805/4259/3155
f 512/760/606 2805/4259/3155 3925/6051/4253
f 3926/6052/709 4575/6053/4254 3927/6054/3943
f 3926/6055/709 3927/6056/3943 3928/6057/2932
f 3926/6058/709 2955/6059/710 4575/6060/4254
f 441/651/523 1206/1805/1396 3180/4838/3528
f 441/651/523 444/650/522 1206/1805/1396
f 441/647/523 3929/6061/4255 442/648/524
f 441/651/523 3182/4840/3530 3929/6062/4255
f 3930/6063/668 1941/2913/2223 1944/2916/2226
f 3930/6063/668 3931/6064/668 1882/6065/2154
f 3930/6063/668 1944/2916/2226 3931/6064/668
f 3930/1809/668 1882/2825/2154 1210/1810/668
f 3930/6063/668 1214/6066/1402 1941/2913/2223
f 3367/5134/3718 3932/6067/4256 3368/5135/3719
f 3367/5134/3718 3808/5852/4143 3932/6067/4256
f 3367/5134/3718 3370/5138/3721 3933/6068/4257
f 3934/6069/4258 3936/3904/2917 2591/3910/2920
f 3934/6070/4258 3935/6071/4259 3936/6072/2917
f 3934/6070/4258 3937/6073/3624 3935/6071/4259
f 3934/6069/4258 2591/3910/2920 3938/6074/4260
f 3934/6075/4258 3274/5005/3625 3937/5004/3624
f 3934/6069/4258 3938/6074/4260 3274/6076/3625
f 2228/3337/2528 2619/3964/2955 2618/3956/2954
f 2980/4541/3330 2162/3241/2464 4905/4542/3331
f 2980/4541/3330 3603/5523/3955 2162/3241/2464
f 2626/2347/1794 1561/2346/1796 1018/1536/1185
f 2626/2347/1794 1018/1536/1185 2108/3478/2407
f 2626/2343/1794 2628/3972/2965 1559/2344/1795
f 2626/3970/1794 2108/3164/2407 2107/3163/2406
f 1277/1910/1477 2102/1906/1476 1240/3528/1431
f 1277/1908/1477 185/275/221 1278/1909/1478
f 2358/3532/2660 1573/2364/1809 484/720/573
f 2358/3532/2660 979/1474/1143 1574/2365/1810
f 2358/3532/2660 484/720/573 2359/3533/2661
f 2358/3532/2660 1574/2365/1810 1573/2364/1809
f 198/294/233 3939/6077/668 194/295/234
f 198/294/233 3940/6078/1482 3939/6077/668
f 3941/6079/3144 3996/6080/4261 4859/6081/4262
f 3941/6082/3144 2797/6083/3146 3942/6084/4263
f 3941/6085/3144 3942/6086/4263 3996/6087/4261
f 3941/6079/3144 4859/6081/4262 3943/6088/3145
f 2368/3548/2670 3944/6089/4264 1104/1664/1283
f 2368/3548/2670 2371/3551/2673 3944/6089/4264
f 2368/3548/2670 1101/1661/1280 2369/3549/2671
f 2368/3548/2670 1104/1664/1283 1101/1661/1280
f 575/874/684 3945/6090/4265 297/457/352
f 575/874/684 4707/878/686 3946/6091/4266
f 575/874/684 297/457/352 296/456/351
f 575/874/684 3946/6091/4266 3945/6090/4265
f 1592/2385/1830 3947/6092/4267 3948/6093/4268
f 1592/2385/1830 3260/4973/3606 1114/1679/1294
f 1592/2385/1830 3948/6093/4268 1593/2386/1831
f 1592/2385/1830 1595/2388/1833 3260/4973/3606
f 1592/2385/1830 1114/1679/1294 3947/6092/4267
f 351/531/419 350/530/418 2383/3569/2685
f 351/531/419 2380/3566/2682 4826/532/420
f 351/531/419 2383/3569/2685 2380/3566/2682
f 1122/1692/1303 2899/4418/3255 1123/1693/1304
f 1122/6094/1303 3949/6095/4269 3950/6096/4270
f 1122/1692/1303 3950/6097/4270 2899/4418/3255
f 1122/6094/1303 1121/5586/1302 3949/6095/4269
f 1129/1699/1310 1131/1701/1312 3931/6064/668
f 1129/1699/1310 1943/2915/2225 1130/1700/1311
f 1129/1699/1310 3931/6064/668 1944/2916/2226
f 1129/1699/1310 1944/2916/2226 1943/2915/2225
f 1134/1705/1316 2480/3722/2795 3006/4577/3360
f 1134/1705/1316 1137/1710/1319 3951/6098/4271
f 1134/1705/1316 3951/6098/4271 2480/3722/2795
f 1134/1705/1316 3006/4577/3360 1136/1706/1317
f 1026/1549/1197 1949/2921/2231 3952/6099/4272
f 1026/1549/1197 3952/6099/4272 1027/1550/1198
f 1953/2925/2232 3953/6100/4005 1227/2926/1416
f 1953/6101/2232 3655/5606/4006 3953/5605/4005
f 1953/2929/2232 3954/6102/4273 3655/6103/4006
f 1953/2929/2232 1952/2928/2233 3954/6102/4273
f 3955/6104/859 727/6105/862 4648/6106/299
f 3285/5017/3637 3956/6107/4274 256/396/305
f 3285/5017/3637 1938/2909/2219 3956/6107/4274
f 3285/5017/3637 256/396/305 255/395/304
f 3285/5017/3637 3286/5018/3638 1938/2909/2219
f 3957/6108/4275 392/580/465 4463/5708/4069
f 3957/6109/4275 4073/6110/4276 393/6111/466
f 3957/6112/4275 4462/6113/4277 2157/3233/2459
f 3957/6108/4275 393/581/466 392/580/465
f 3957/6112/4275 2157/3233/2459 4073/6114/4276
f 3957/6108/4275 4463/5708/4069 4462/6115/4277
f 2161/3239/2463 2041/3045/2325 3820/5879/4155
f 2161/3239/2463 3820/5879/4155 461/679/545
f 2161/3239/2463 2035/3046/2326 2041/3045/2325
f 1639/2470/1883 3958/6116/4278 3959/6117/4279
f 1639/2470/1883 3959/6117/4279 1640/2471/1884
f 1639/2470/1883 1642/2474/1887 3024/4602/3377
f 1639/2470/1883 3024/4602/3377 3958/6116/4278
f 3253/4961/3600 3960/6118/4280 329/500/393
f 3253/5499/3600 3590/5498/3942 3961/6119/4281
f 3253/4961/3600 1098/1658/1277 3960/6118/4280
f 3253/4961/3600 3961/6120/4281 1098/1658/1277
f 1765/2649/2019 3962/6121/4282 1766/2650/2020
f 1765/2649/2019 677/1020/801 108/156/127
f 1765/2649/2019 108/156/127 3962/6121/4282
f 3964/6122/4283 807/1222/958 3963/6123/4284
f 3964/6124/4283 3811/5859/4145 808/6125/959
f 3964/6122/4283 3812/5856/4146 3811/5855/4145
f 3964/6122/4283 808/1223/959 807/1222/958
f 3964/6122/4283 3965/6126/4285 3812/5856/4146
f 3964/6122/4283 3963/6123/4284 3965/6126/4285
f 392/580/465 394/582/467 3781/5808/4120
f 392/580/465 3781/5808/4120 3723/5709/4070
f 392/580/465 3723/5709/4070 4463/5708/4069
f 3018/4594/3370 3966/6127/4286 3019/4595/3371
f 3018/4594/3370 389/576/461 3966/6127/4286
f 1910/6128/2188 2986/4554/3341 3967/2397/1837
f 1910/2871/2188 3967/6129/1837 1911/2872/2189
f 1910/6128/2188 1909/2869/2187 2986/4554/3341
f 3419/5221/3767 3433/5226/3771 2153/3226/2455
f 3419/5221/3767 1287/1922/1489 3420/5222/668
f 3419/5221/3767 2153/3226/2455 1287/1922/1489
f 3968/3545/2666 1324/1986/1532 3969/5244/3643
f 3968/6130/2666 3969/6131/3643 4784/6132/3642
f 3968/6130/2666 4754/6133/4287 2366/6134/2667
f 3968/6130/2666 4784/6132/3642 4754/6133/4287
f 626/945/742 628/947/744 377/6135/448
f 626/945/742 377/6135/448 3048/6136/3397
f 626/945/742 3443/5249/3786 627/946/743
f 626/945/742 3048/6136/3397 3443/5249/3786
f 2991/4562/3345 2992/4563/3346 3086/4694/3432
f 2991/4562/3345 3087/4695/3433 3730/5718/4075
f 1361/2042/1576 1363/2044/1578 3450/5256/3793
f 1361/2042/1576 3453/5259/3796 1362/2043/1577
f 3970/6137/4288 2896/4412/3250 4789/6138/4289
f 3970/6137/4288 4789/6138/4289 3971/6139/4290
f 3970/6137/4288 3971/6139/4290 1685/1686/17
f 3970/6137/4288 1116/1682/1297 2896/4412/3250
f 3970/6137/4288 1685/1686/17 1116/1682/1297
f 3972/6140/4291 3973/6141/4292 2000/2984/2280
f 3972/6140/4291 2000/2984/2280 2384/3570/2686
f 3972/6140/4291 2384/3570/2686 3974/6142/4293
f 3972/6140/4291 3208/4879/3552 3973/6141/4292
f 3972/6140/4291 3974/6142/4293 3208/4879/3552
f 491/727/581 3975/6143/4294 3976/6144/4295
f 491/727/581 493/729/583 3975/6143/4294
f 491/727/581 3647/5593/3997 492/728/582
f 491/727/581 3976/6144/4295 3647/5593/3997
f 3977/6145/2299 3935/6146/4259 4653/6147/4000
f 3977/6148/2299 3978/6149/2304 3935/6071/4259
f 3826/5892/4163 2773/4217/3119 1228/1834/1419
f 3826/5892/4163 1227/1833/1416 3953/5603/4005
f 3826/5892/4163 1228/1834/1419 1227/1833/1416
f 3826/5892/4163 3827/5893/4164 2773/4217/3119
f 3658/5614/4009 2123/3183/2421 2126/3187/2424
f 3658/5614/4009 1233/1842/1424 1232/1841/1423
f 3658/5614/4009 2908/4436/3268 1233/1842/1424
f 3658/5614/4009 1232/1841/1423 2123/3183/2421
f 3471/5276/3813 3766/5788/4109 2514/3777/2831
f 3473/5280/3815 2412/3612/2719 2413/3613/2720
f 3473/5280/3815 2413/3613/2720 3979/6150/4296
f 3473/5280/3815 3295/5031/3650 2412/3612/2719
f 3473/5280/3815 3979/6150/4296 3474/5281/3816
f 3981/6151/4297 3980/6152/4298 3982/6153/4299
f 3981/6154/4297 4706/4639/3399 3980/6155/4298
f 3981/6154/4297 4828/5283/3818 384/571/456
f 3981/6154/4297 3982/6156/4299 4828/5283/3818
f 3981/6154/4297 382/569/454 4706/4639/3399
f 3981/6154/4297 384/571/456 382/569/454
f 3983/6157/4300 1282/1916/1483 1283/1917/1484
f 3983/6157/4300 85/129/4 1/6158/1
f 3983/6157/4300 1283/1917/1484 3984/6159/4301
f 3983/6157/4300 3984/6159/4301 85/129/4
f 3983/6157/4300 1/6158/1 1282/1916/1483
f 5/8/8 3478/5287/3822 3660/5616/2731
f 5/8/8 7/10/10 3985/6160/4302
f 5/8/8 3985/6160/4302 3478/5287/3822
f 1446/2170/1665 778/6161/925 1448/2171/1497
f 1446/6162/1665 4690/6163/4303 778/6164/925
f 1446/6162/1665 1445/6165/1667 3986/6166/2345
f 1446/6162/1665 3986/6166/2345 4690/6163/4303
f 3486/3088/2350 3987/6167/4304 2056/3089/2351
f 3486/3088/2350 3988/6168/4305 3987/6167/4304
f 3486/5301/2350 3485/5300/3830 3988/6169/4305
f 3989/6170/4306 3990/6171/4307 3991/6172/4308
f 3989/6170/4306 3992/6173/4309 3990/6171/4307
f 3989/6170/4306 3991/6172/4308 2063/3096/2358
f 3989/6170/4306 2062/3095/2357 2222/3328/2524
f 3989/6170/4306 2222/3328/2524 3992/6173/4309
f 3989/6170/4306 2063/3096/2358 2062/3095/2357
f 2065/3098/2360 3491/5310/3594 2066/3099/2361
f 2065/3098/2360 1305/1952/1514 2535/3818/2856
f 2065/3098/2360 2535/3818/2856 2532/3815/2853
f 2065/3098/2360 2532/3815/2853 3993/6174/2172
f 3994/6175/2435 3996/6176/4261 3942/6177/4263
f 3994/6178/2435 3995/6179/4080 4600/6180/1465
f 3994/6181/2435 4108/6182/4310 3996/6183/4261
f 3994/6175/2435 3942/6177/4263 3995/6184/4080
f 3994/3200/2435 4600/6185/1465 4048/3201/2436
f 1310/6186/1519 4847/6187/4311 944/6188/1105
f 1310/6189/1519 1313/1967/1523 3997/6190/4312
f 1310/1960/1519 944/1430/1105 942/1427/1104
f 1310/6186/1519 3997/6191/4312 4847/6187/4311
f 3750/5763/4096 4438/4421/3258 3213/4884/3557
f 3750/5763/4096 587/889/696 3498/5327/3847
f 3750/5763/4096 3498/5327/3847 4438/4421/3258
f 1319/1979/1530 406/605/486 1320/1980/1531
f 3745/5754/4090 4896/1332/88 1443/2168/1664
f 3745/5754/4090 3998/6192/4313 4896/1332/88
f 3745/5754/4090 1293/5755/1498 3998/6192/4313
f 3999/6193/4314 4001/5344/3855 3085/4690/3431
f 3999/6193/4314 3084/4689/3430 4877/5833/4130
f 3999/6193/4314 3085/4690/3431 3084/4689/3430
f 3999/6194/4314 4877/6195/4130 4000/6196/4315
f 3999/6194/4314 4000/6196/4315 3511/6197/3856
f 3999/6194/4314 3511/6197/3856 4001/6198/3855
f 1868/6199/2139 4002/6200/4316 4003/6201/4317
f 1868/6199/2139 4003/6201/4317 4004/6202/2140
f 1868/6199/2139 1867/6203/2138 4005/6204/4318
f 1868/6199/2139 4005/6204/4318 4002/6200/4316
f 4008/6205/4319 4006/6206/4320 1467/2198/1686
f 4008/6207/4319 89/134/105 4007/6208/4321
f 4008/6207/4319 4007/6208/4321 4006/6209/4320
f 4008/6205/4319 1467/2198/1686 1463/2194/1682
f 4008/6210/4319 1463/4697/1682 89/700/105
f 3850/5935/4184 3849/5934/4186 4009/6211/4322
f 3850/5935/4184 4009/6211/4322 4010/6212/3101
f 3850/5931/4184 4011/6213/4323 3848/5932/4185
f 3850/5931/4184 4010/4187/3101 4011/6213/4323
f 1829/2210/1697 1477/2213/1700 4681/6214/2089
f 1829/2742/1697 1826/2744/2087 1475/6215/1698
f 3932/6067/4256 3808/5852/4143 4012/6216/4324
f 3933/6068/4257 3809/5853/4144 3932/6217/4325
f 3932/6067/4256 4012/6216/4324 4013/6218/4326
f 3932/6067/4256 4013/6218/4326 3368/5135/3719
f 4014/6219/4327 3301/5040/3656 2654/6220/2989
f 4014/6221/4327 2654/4000/2989 2658/4009/2994
f 4014/6219/4327 4803/5041/3657 3301/5040/3656
f 4014/6221/4327 2658/4009/2994 3814/6222/4149
f 4014/6223/4327 4016/6224/4148 4015/6225/4328
f 4014/6226/4327 3814/6227/4149 4016/6228/4148
f 4017/6229/4329 4618/4134/3067 4018/6230/4330
f 4017/6229/4329 4018/6230/4330 4120/6231/4331
f 4017/6229/4329 4019/6232/2658 3356/5738/3707
f 4017/6229/4329 3356/5738/3707 4618/4134/3067
f 4017/6229/4329 4120/6231/4331 4019/6232/2658
f 2492/3745/2808 133/200/158 3737/5743/4083
f 2492/3745/2808 3737/5743/4083 1759/2643/2013
f 2492/3745/2808 1758/2642/2012 690/1045/821
f 2492/3745/2808 1759/2643/2013 1758/2642/2012
f 3288/5538/3640 3439/5243/3644 3529/5386/3881
f 2569/3865/2894 3585/5488/3936 1541/2314/1773
f 2569/3865/2894 1541/2314/1773 1539/2311/1771
f 2569/3865/2894 2570/3867/2896 3585/5488/3936
f 4020/6233/4332 4021/6234/3919 3531/5389/3883
f 4020/6235/4332 3074/5202/3420 4022/6236/3667
f 4020/6233/4332 3531/5389/3883 3075/4675/3421
f 4020/6235/4332 3567/5456/3920 4021/5455/3919
f 4020/6233/4332 3075/4675/3421 3074/4674/3420
f 4020/6235/4332 4022/6236/3667 3567/5456/3920
f 1377/2069/1593 2832/4311/3181 1379/2070/1594
f 1920/2888/2200 1384/2080/1599 1921/2889/2201
f 1920/2888/2200 928/1406/1088 3534/5393/3886
f 1920/2888/2200 3534/5393/3886 1384/2080/1599
f 1394/2095/1609 4023/6237/4333 1395/2096/1610
f 1394/2095/1609 3678/5637/4026 4023/6237/4333
f 1394/2095/1609 1397/2098/1612 947/1434/1109
f 3563/3140/2393 4024/6238/3915 2095/3141/2394
f 3563/3150/2393 2603/3149/2395 4025/6239/3914
f 4026/6240/4334 3539/5401/3891 4027/6241/2710
f 4026/6242/4334 4027/3603/2710 4760/3602/2709
f 4026/6242/4334 4760/3602/2709 4028/6243/4335
f 4026/6240/4334 4028/6244/4335 1948/2920/2230
f 4026/6240/4334 1948/2920/2230 3539/5401/3891
f 4029/6245/4336 2307/3454/2606 4030/6246/4337
f 4029/6245/4336 3697/5675/4044 4031/6247/4338
f 4029/6245/4336 4030/6246/4337 4032/6248/4339
f 4029/6245/4336 4033/6249/4340 2307/3454/2606
f 4029/6245/4336 4031/6247/4338 4033/6249/4340
f 4029/6245/4336 4032/6248/4339 3697/5675/4044
f 4034/6250/4341 762/1162/905 761/1161/904
f 4034/6250/4341 3469/5275/3812 3466/5272/3809
f 4034/6250/4341 1787/1163/343 762/1162/905
f 4034/6250/4341 3466/5272/3809 1787/1163/343
f 4034/6250/4341 761/1161/904 3469/5275/3812
f 295/454/349 298/459/353 3790/5824/4125
f 295/3990/349 3790/5823/4125 2646/3991/2981
f 771/1175/916 3155/4807/3504 3157/1176/917
f 771/1175/916 3876/5972/4212 3873/5969/4209
f 771/1175/916 773/1179/919 4035/6251/4342
f 771/1175/916 3873/5969/4209 3155/4807/3504
f 771/1175/916 4035/6251/4342 3876/5972/4212
f 2863/4360/3212 1977/2957/2257 435/639/515
f 2863/4360/3212 435/639/515 439/643/519
f 2863/4360/3212 2295/3441/2595 1978/2958/2258
f 2863/4360/3212 1978/2958/2258 1977/2957/2257
f 2863/4360/3212 2864/4361/3213 2295/3441/2595
f 4036/6252/4343 3188/4850/3537 868/1328/1026
f 4036/6252/4343 867/1327/1025 2970/495/388
f 4036/6252/4343 2970/495/388 4037/6253/4344
f 4036/6252/4343 4037/6253/4344 3188/4850/3537
f 4036/6252/4343 868/1328/1026 867/1327/1025
f 1581/2373/1818 1583/2375/1820 2187/3276/2490
f 1581/2373/1818 1102/1662/1281 1582/2374/1819
f 1581/2373/1818 2187/3276/2490 1103/1663/1282
f 1581/2373/1818 1103/1663/1282 1102/1662/1281
f 4038/6254/4345 3257/4970/3603 3259/4972/3605
f 4038/6254/4345 2302/3449/2602 3257/4970/3603
f 4038/6254/4345 3259/4972/3605 4039/6255/4346
f 4038/6254/4345 4040/6256/2815 4708/6257/4347
f 4038/6254/4345 4039/6255/4346 4040/6256/2815
f 4038/6254/4345 4708/6257/4347 4041/6258/4348
f 4038/6254/4345 4041/6258/4348 2302/3449/2602
f 4042/6259/4349 2425/3632/2732 1831/2748/2092
f 4042/6259/4349 4043/6260/4350 2426/3633/2733
f 4042/6259/4349 3260/4973/3606 1595/2388/1833
f 4042/6259/4349 2426/3633/2733 2425/3632/2732
f 4042/6259/4349 1831/2748/2092 3260/4973/3606
f 4042/6259/4349 1595/2388/1833 4043/6260/4350
f 2379/3565/2681 3911/6028/4243 2380/3566/2682
f 2379/3565/2681 3912/5720/4077 3911/6028/4243
f 4045/1307/1011 4044/6261/4351 852/1308/1012
f 4045/6262/1011 742/1126/880 4044/6263/4351
f 4045/6262/1011 856/1127/881 742/1126/880
f 4046/6264/1464 1267/6265/1466 4047/6266/4352
f 4046/1887/1464 4711/6267/4353 4048/6268/2436
f 4046/1887/1464 4048/6268/2436 4600/1888/1465
f 4046/6269/1464 4047/6270/4352 4711/6271/4353
f 599/1324/713 4049/6272/2691 865/1325/1023
f 2166/3248/2468 2170/3254/2471 4050/6273/4354
f 2166/3248/2468 1307/1955/1516 2167/3249/2469
f 2166/3248/2468 4050/6273/4354 479/707/567
f 2166/3248/2468 479/707/567 3693/5670/4041
f 2166/3248/2468 3693/5670/4041 1307/1955/1516
f 4051/6274/4355 4053/6275/4356 4052/6276/4357
f 4051/6277/4355 4630/6278/4358 4053/6279/4356
f 4051/6277/4355 4054/6280/4359 4055/6281/4360
f 4051/6277/4355 4056/6282/4361 4054/6280/4359
f 4051/6277/4355 4055/6281/4360 4630/6278/4358
f 4051/6274/4355 4052/6276/4357 4056/6283/4361
f 1153/1731/1337 3283/5015/3635 4057/6284/203
f 1153/1731/1337 4057/6284/203 1154/1732/202
f 1153/1731/1337 1158/1736/1339 3283/5015/3635
f 1623/5381/1865 4058/6285/1868 3526/5382/3877
f 1623/2444/1865 4059/6286/3880 1624/2445/1866
f 56/89/67 3608/5529/3961 368/553/440
f 4060/6287/4362 1174/1754/1357 4166/6288/4363
f 4060/6287/4362 4166/6288/4363 4061/6289/4364
f 4060/6287/4362 1335/2003/1547 1175/1755/1358
f 4060/6290/4362 4061/6291/4364 4062/6292/4365
f 4060/6287/4362 1175/1755/1358 1174/1754/1357
f 4060/6287/4362 1337/2007/1550 1335/2003/1547
f 4060/6290/4362 4062/6292/4365 1337/6293/1550
f 1773/2660/2027 4065/6294/3760 4063/6295/4366
f 1773/6296/2027 4331/6297/2031 4064/6298/4367
f 1773/2660/2027 4063/6295/4366 1774/2661/2028
f 1773/6296/2027 4064/6298/4367 4065/6299/3760
f 2974/4528/755 4066/6300/758 2416/3622/2725
f 2974/961/755 2975/6301/635 640/962/756
f 3301/5040/3656 1673/2520/1919 1675/2526/1922
f 3301/5040/3656 1675/2526/1922 2654/6220/2989
f 1837/2764/2105 1192/1787/1381 4894/1786/1380
f 1837/2764/2105 3108/4729/3455 1192/1787/1381
f 1837/2764/2105 4894/1786/1380 4820/2765/2106
f 1845/2775/2113 2311/3468/2614 2313/3470/2616
f 1845/2775/2113 1844/2774/2112 3151/4803/3500
f 1845/2775/2113 3151/4803/3500 2311/3468/2614
f 88/6302/103 89/6303/105 4067/6304/4368
f 88/6302/103 4067/6304/4368 4068/6305/4369
f 88/6302/103 4068/6305/4369 4069/6306/104
f 3070/4671/3416 2912/4670/796 2838/4317/3187
f 3070/4671/3416 2838/4317/3187 4070/6307/4370
f 3070/4671/3416 4070/6307/4370 4071/6308/3417
f 339/516/405 2077/3118/2374 3752/5767/4098
f 339/516/405 2078/3119/2375 2077/3118/2374
f 339/516/405 341/519/407 2078/3119/2375
f 4073/6110/4276 4075/6309/4371 4072/6310/4372
f 4073/6311/4276 4074/6312/4373 4075/6313/4371
f 4073/6311/4276 3313/116/90 4076/6314/4374
f 4073/6114/4276 2157/3233/2459 3313/5060/90
f 4073/6110/4276 4072/6310/4372 393/6111/466
f 4073/6311/4276 4076/6314/4374 4074/6312/4373
f 1549/2329/1784 4077/6315/4375 1077/1633/1257
f 1549/2329/1784 4078/6316/4376 4079/6317/4377
f 1549/2329/1784 1551/2331/1786 4078/6316/4376
f 1549/2329/1784 4079/6317/4377 4077/6315/4375
f 2162/3241/2464 1556/3244/1790 4905/4542/3331
f 2162/3241/2464 3603/5523/3955 2163/3242/2465
f 52/85/63 2317/3475/2621 53/86/64
f 52/85/63 3606/5526/3958 2317/3475/2621
f 1568/2358/1800 1566/2356/1803 4080/6318/4378
f 1568/2352/1800 4080/6319/4378 1243/1854/1435
f 1568/2352/1800 1243/1854/1435 1564/2353/1801
f 1571/2362/1807 4081/6320/4379 1988/2971/2268
f 1571/2362/1807 2828/4304/3178 4081/6320/4379
f 1571/2362/1807 1988/2971/2268 1572/2363/1808
f 3588/5493/3939 4082/6321/4380 4583/5494/3940
f 3588/5493/3939 4083/6322/4381 4082/6321/4380
f 3588/5493/3939 3323/5071/668 4083/6322/4381
f 951/1439/1112 3327/5075/3682 4084/6323/4382
f 951/1439/1112 4085/6324/4383 952/1440/1113
f 951/1439/1112 4084/6323/4382 4085/6324/4383
f 3334/5082/3689 4086/6325/4233 2289/6326/2587
f 3334/5082/3689 3336/5084/3690 1710/2576/1957
f 3334/5082/3689 1710/2576/1957 4086/6325/4233
f 3334/5082/3689 2289/6326/2587 3335/5083/1127
f 3685/6327/4034 4223/6328/4384 4224/6329/4385
f 3685/6327/4034 4224/6329/4385 2606/3933/2937
f 3685/5646/4034 973/1466/1136 4223/6330/4384
f 3685/5646/4034 1719/2585/1966 973/1466/1136
f 838/417/323 4087/6331/993 2669/4028/3005
f 2138/3210/2441 4088/6332/4386 4089/6333/4387
f 2138/3210/2441 4089/6333/4387 2139/3211/2442
f 2138/3210/2441 4090/6334/4388 4088/6332/4386
f 2138/3210/2441 2142/3214/2445 4090/6334/4388
f 2146/3218/2449 4091/6335/4389 3256/4969/3602
f 2146/3218/2449 2145/3217/2448 4091/6335/4389
f 2151/3224/2453 2613/3945/2946 453/661/534
f 2151/3224/2453 453/661/534 451/658/531
f 3688/5658/2949 2733/4147/3076 3633/5571/2950
f 3688/5658/2949 814/1229/965 2733/4147/3076
f 3442/5247/3784 4584/5248/3785 4092/6336/2046
f 3442/5247/3784 629/948/745 627/946/743
f 215/326/253 2625/3967/2962 3487/5836/3831
f 4093/6337/4390 4096/4545/3334 555/836/655
f 4093/6338/4390 4094/6339/4391 4095/6340/4392
f 4093/6338/4390 4095/6340/4392 4096/6341/3334
f 4093/6338/4390 4097/6342/4393 2787/4232/3134
f 4093/6337/4390 555/836/655 4097/6343/4393
f 4093/6338/4390 2787/4232/3134 4098/6344/4394
f 4093/6338/4390 4098/6344/4394 4094/6339/4391
f 4099/6345/2933 3928/6346/2932 4436/6347/3217
f 4099/6348/2933 4543/6349/4395 4025/5449/3914
f 4099/6350/2933 4436/6351/3217 4543/6352/4395
f 4099/6353/2933 4025/6354/3914 2603/6355/2395
f 3228/6356/3574 3230/286/227 4100/6357/4396
f 3228/4920/3574 3564/5451/3916 3229/4921/3575
f 3228/4920/3574 4100/6358/4396 4839/3477/2623
f 3228/4920/3574 4839/3477/2623 3564/5451/3916
f 2810/4274/3159 3565/5452/3917 236/362/279
f 2810/4274/3159 4101/6359/4397 2811/4275/3160
f 2810/4274/3159 236/362/279 4101/6359/4397
f 2810/4274/3159 2813/4277/3162 3565/5452/3917
f 4102/6360/4398 3316/5063/3673 3318/5065/3674
f 4102/6360/4398 3318/5065/3674 169/254/200
f 4102/6360/4398 169/254/200 168/253/199
f 4102/6360/4398 4103/6361/4399 3316/5063/3673
f 4102/6360/4398 168/253/199 4103/6361/4399
f 2764/4203/3108 3731/5719/4076 3730/5718/4075
f 2764/4203/3108 3730/5718/4075 2765/4204/3109
f 2764/4203/3108 4755/4206/3110 3731/5719/4076
f 3700/5678/4047 4104/6362/4400 2653/3998/2987
f 3700/5678/4047 2382/3568/2684 4104/6362/4400
f 3700/5678/4047 2780/4224/3126 2382/3568/2684
f 2202/3300/2504 2204/3305/2508 3610/5531/3963
f 2202/3300/2504 4105/6363/4401 2203/3301/2505
f 2202/3300/2504 3610/5531/3963 4105/6363/4401
f 4109/6364/4402 4133/6365/4403 2669/4030/3005
f 4109/6366/4402 4106/6367/4404 4107/6368/3875
f 4109/6369/4402 4108/6370/4310 4106/6371/4404
f 4109/6369/4402 4087/6331/993 4108/6370/4310
f 4109/6369/4402 2669/4028/3005 4087/6331/993
f 4109/6372/4402 4107/6373/3875 4133/6374/4403
f 3045/4631/3394 3885/6375/4219 4110/6376/4405
f 3045/4631/3394 4110/6376/4405 4111/6377/4406
f 3045/4631/3394 4111/6377/4406 2672/4033/3008
f 3045/4631/3394 4234/4633/3395 3885/6375/4219
f 1913/2878/2193 4112/6378/4407 1914/2879/2194
f 1913/2878/2193 2059/3092/2354 4112/6378/4407
f 1913/2878/2193 3008/2883/2198 3484/5297/3829
f 1680/2536/1927 4113/6379/4408 1681/2537/1928
f 1680/2536/1927 3889/5993/4223 4113/6379/4408
f 3141/4786/3489 281/6380/332 3561/4787/3490
f 3141/4786/3489 3393/5359/3741 3392/6381/3740
f 3141/4786/3489 3392/6381/3740 281/6380/332
f 4114/6382/2119 4115/347/267 229/353/270
f 4114/2781/2119 1888/2836/2161 4115/6383/267
f 2946/487/380 4565/6384/4409 318/488/381
f 2435/3646/2743 2970/1648/388 2436/3647/2744
f 2435/3646/2743 1701/2567/1948 2970/1648/388
f 952/1440/1113 1256/1873/1451 4116/6385/4410
f 952/1440/1113 4085/6324/4383 1256/1873/1451
f 952/1440/1113 4116/6385/4410 953/1441/1114
f 958/1447/1120 3092/4703/3438 959/1448/1121
f 4117/6386/3572 2353/3526/2656 4120/6387/4331
f 4117/6388/3572 4118/6389/1834 4119/6390/4411
f 4117/6386/3572 4119/6391/4411 2353/3526/2656
f 4117/4912/3572 4120/6392/4331 4587/4913/3573
f 2849/4330/3197 3015/4591/3367 179/267/213
f 2849/4330/3197 2851/4333/3198 3016/4592/3368
f 2849/4330/3197 179/267/213 178/266/212
f 2849/4330/3197 3016/4592/3368 3015/4591/3367
f 4121/6393/1802 3099/4715/3444 1566/4714/1803
f 4121/2355/1802 1569/2360/1805 4122/6394/4412
f 4121/6393/1802 4123/6395/4413 3099/4715/3444
f 4121/6393/1802 4122/6396/4412 4123/6395/4413
f 4124/6397/4414 4125/6398/4415 63/100/75
f 4124/6397/4414 2910/4439/3270 4125/6398/4415
f 4124/6397/4414 3320/5068/3677 2910/4439/3270
f 4124/6397/4414 63/100/75 65/102/77
f 4124/6397/4414 65/102/77 3320/5068/3677
f 1576/2367/1812 4354/2369/1814 3101/6399/3448
f 1576/2367/1812 4126/6400/3447 1577/2368/1813
f 4127/6401/1495 4128/6402/4416 1293/6403/1498
f 4127/3803/1495 3104/4723/3451 4128/6404/4416
f 4127/3803/1495 2527/3802/2846 3104/4723/3451
f 4129/6405/3091 4227/6406/4417 4130/6407/4418
f 4129/6408/3091 4130/6409/4418 4131/6410/3092
f 4129/4171/3091 2750/4174/3093 4132/6411/4419
f 4129/6405/3091 4132/6412/4419 4227/6406/4417
f 4133/6365/4403 3669/5627/4018 2670/4031/3006
f 4133/6365/4403 2447/6413/2758 2446/3666/2757
f 4133/6365/4403 2446/3666/2757 3669/5627/4018
f 4133/6414/4403 4107/5376/3875 2447/3667/2758
f 4133/6365/4403 2670/4031/3006 2669/4030/3005
f 4134/6415/1510 3846/5926/4182 4135/6416/1511
f 4134/6415/1510 4863/6417/4420 3846/5926/4182
f 4134/6415/1510 4136/6418/1509 4863/6417/4420
f 2346/3514/2649 4137/6419/4421 4138/6420/4422
f 2346/3514/2649 2345/3516/2648 4516/6421/4423
f 2346/3514/2649 4516/6421/4423 4137/6419/4421
f 2346/3514/2649 4138/6420/4422 2347/3515/2650
f 4139/6422/4424 1536/2305/1768 1080/6423/1260
f 4139/6424/4424 3822/5881/4157 4140/6425/1772
f 4139/6424/4424 1080/1637/1260 1082/1640/1258
f 4139/6422/4424 4140/2312/1772 1536/2305/1768
f 4139/6424/4424 4397/5882/4158 3822/5881/4157
f 4139/6424/4424 1082/1640/1258 4397/5882/4158
f 1023/1544/839 1024/1546/1194 4141/6426/840
f 1023/6427/839 4142/6428/837 4860/6429/1193
f 4143/6430/4425 2563/3859/2888 2401/3596/2704
f 4143/6430/4425 2401/3596/2704 2399/3593/2702
f 4143/6430/4425 3614/5535/3967 4144/6431/4426
f 4143/6430/4425 2399/3593/2702 3614/5535/3967
f 4143/6430/4425 2564/3860/2889 2563/3859/2888
f 4143/6430/4425 4144/6431/4426 2564/3860/2889
f 133/200/158 138/208/163 1161/1739/1342
f 133/200/158 1161/1739/1342 3737/5743/4083
f 3902/6015/4234 2791/4236/3138 3068/4663/3414
f 3902/6015/4234 3611/6432/3964 2791/4236/3138
f 3902/6015/4234 2296/3443/2596 3611/6432/3964
f 3904/6017/4236 4145/6433/4427 3044/4630/3393
f 3904/6017/4236 269/412/318 4145/6433/4427
f 3904/6017/4236 3905/6018/4237 269/412/318
f 1899/6434/2177 4590/6435/2176 4146/6436/4428
f 3561/5440/3490 3562/5441/3913 3869/5964/3491
f 1351/2023/1560 2085/3126/2382 1347/2024/1561
f 1351/2028/1560 3857/5948/4193 4147/5950/4195
f 1351/2023/1560 4147/6437/4195 2085/3126/2382
f 1351/2028/1560 1350/2027/1563 3857/5948/4193
f 3635/6438/3987 1787/447/343 1354/2032/1567
f 3635/5575/3987 1790/2687/2045 1787/2686/343
f 3945/6090/4265 4148/6439/4429 3639/5581/3991
f 3945/6090/4265 4149/6440/4430 4148/6439/4429
f 3945/6090/4265 3639/5581/3991 297/457/352
f 3945/6090/4265 3946/6091/4266 4149/6440/4430
f 4150/6441/4431 3535/466/359 4151/469/362
f 4150/6442/4431 3872/5968/4208 3536/5395/3887
f 4150/6442/4431 3156/4808/3505 3872/5968/4208
f 4150/6442/4431 3536/5395/3887 3535/5394/359
f 4150/6442/4431 4151/6443/362 3156/4808/3505
f 4152/6444/4432 4153/6445/1181 4154/6446/4433
f 4152/6444/4432 4155/6447/4434 3663/5619/4013
f 4152/6444/4432 4154/6446/4433 4155/6447/4434
f 4152/6448/4432 1014/1527/1182 4153/1526/1181
f 4152/6448/4432 3888/5992/4222 1014/1527/1182
f 4152/6444/4432 3663/5619/4013 3888/5991/4222
f 1085/1643/1264 1803/2704/2059 2474/6449/2789
f 1085/1643/1264 1084/1642/1263 1804/2705/2060
f 3271/4999/3619 3188/4850/3537 4037/6253/4344
f 3271/4999/3619 2970/495/388 4622/5000/3620
f 3271/4999/3619 4037/6253/4344 2970/495/388
f 1915/2880/2195 1914/2879/2194 4156/6450/4435
f 1915/2880/2195 2560/3854/2885 4157/6451/2883
f 1915/6452/2195 4157/3851/2883 1916/6453/2196
f 1915/2880/2195 4156/6450/4435 2560/3854/2885
f 1923/2891/2203 1922/2890/2202 3715/5697/4062
f 1923/2891/2203 3715/5697/4062 1068/1620/1244
f 394/582/467 396/584/469 1685/2543/17
f 394/582/467 1685/2543/17 3781/5808/4120
f 4160/6454/4436 4159/6455/4437 1338/2013/1551
f 4160/6456/4436 3577/5483/473 3581/5482/3933
f 4160/6454/4436 4452/6457/4438 4158/6458/474
f 4160/6456/4436 3581/5482/3933 4159/6459/4437
f 4160/6454/4436 1338/2013/1551 4452/6457/4438
f 4160/6460/4436 4158/591/474 3577/590/473
f 1941/2913/2223 4161/6461/4439 1942/2914/2224
f 1941/2913/2223 1214/6066/1402 4161/6461/4439
f 1348/2025/1562 286/440/338 289/444/337
f 1348/2025/1562 1785/2679/2041 286/440/338
f 1348/2025/1562 2084/3125/2381 1785/2679/2041
f 1348/2025/1562 1347/2024/1561 2084/3125/2381
f 936/1417/1096 1731/2604/1980 4320/1418/1097
f 3788/4866/3545 4162/6462/2754 2855/4348/3206
f 3788/5819/3545 2444/3664/2755 4162/3663/2754
f 4163/6463/4440 4164/6464/4441 2859/4355/3209
f 4163/6463/4440 2860/4354/3208 4636/6465/2620
f 4163/6463/4440 2001/2985/2281 4164/6464/4441
f 4163/6463/4440 4636/6465/2620 4165/6466/4442
f 4163/6463/4440 4165/6466/4442 2001/2985/2281
f 4163/6463/4440 2859/4355/3209 2860/4354/3208
f 1173/6467/1356 4166/6468/4363 1174/6469/1357
f 1173/1753/1356 1176/1756/1359 1840/2771/2109
f 1173/6467/1356 1840/6470/2109 4638/6471/4443
f 1173/6467/1356 4638/6471/4443 4166/6468/4363
f 3217/4888/3561 3949/6095/4269 4167/6472/4444
f 3217/4888/3561 4167/6472/4444 3218/4889/3562
f 3217/4888/3561 4855/4890/3563 3949/6095/4269
f 4896/114/88 4168/6473/668 4805/6474/4445
f 4896/1332/88 2365/3543/2668 2366/3546/2667
f 4896/1332/88 4169/6475/668 872/1333/1029
f 4897/6476/4446 4896/6477/4447 4248/6478/4448
f 4896/1332/88 3998/6192/4313 4170/6479/4449
f 4896/114/88 457/668/540 4171/6480/4450
f 4896/1332/88 2053/3081/2347 1444/2172/1666
f 4896/1332/88 1444/2172/1666 1443/2168/1664
f 4896/1332/88 4172/6481/668 4169/6475/668
f 4896/1332/88 873/1334/1030 4173/6482/89
f 4896/1332/88 2054/3082/2348 2053/3081/2347
f 4896/1332/88 1858/2795/2128 2054/3082/2348
f 4896/114/88 4805/6474/4445 457/668/540
f 4896/114/88 4174/6483/4451 4168/6473/668
f 4896/114/88 74/117/87 4174/6483/4451
f 4896/114/88 4171/6480/4450 2700/4074/3033
f 4896/1332/88 2366/3546/2667 3708/2796/2129
f 4896/1332/88 4170/6479/4449 4172/6481/668
f 1862/2800/2133 3223/4902/3568 1739/2614/1987
f 1862/2800/2133 1739/2614/1987 1738/2613/1986
f 84/128/100 4175/6484/4452 3226/4910/3571
f 84/128/100 2314/3471/2617 4175/6484/4452
f 84/128/100 2330/3494/2636 2314/3471/2617
f 84/128/100 86/130/101 2330/3494/2636
f 4176/6485/4453 89/6303/105 4177/6486/4454
f 4176/6485/4453 4178/6487/4455 4179/6488/4456
f 4176/6485/4453 2806/4260/3156 4178/6487/4455
f 4176/6485/4453 4177/6486/4454 2806/4260/3156
f 4176/6485/4453 4179/6488/4456 89/6303/105
f 4180/6489/4457 4181/6490/4458 4182/6491/4459
f 4180/6492/4457 1877/2819/2149 98/143/114
f 4180/6489/4457 4183/6493/4460 1877/6494/2149
f 4180/6492/4457 4184/6495/4461 4181/6496/4458
f 4180/6492/4457 98/143/114 4184/6495/4461
f 4180/6489/4457 4182/6491/4459 4183/6493/4460
f 4185/6497/4462 3322/5070/3679 4186/6498/4463
f 4185/6497/4462 4186/6498/4463 4187/6499/4464
f 4185/6497/4462 3980/6152/4298 4083/6322/4381
f 4185/6497/4462 4187/6499/4464 3982/6153/4299
f 4185/6497/4462 4083/6322/4381 3322/5070/3679
f 4185/6497/4462 3982/6153/4299 3980/6152/4298
f 1131/1701/1312 3366/5132/3717 3931/6064/668
f 3808/5852/4143 3812/5857/4146 4012/6216/4324
f 4188/2710/2065 1808/2712/2067 2817/180/140
f 4188/6500/2065 4189/6501/3166 1807/6502/2066
f 416/619/495 1330/1996/1541 417/620/496
f 4190/6503/4465 1493/2237/1715 3815/5869/4150
f 4190/6503/4465 4191/6504/4466 1498/2242/1720
f 4190/6503/4465 3815/5869/4150 4192/6505/4467
f 4190/6503/4465 4192/6505/4467 3243/4945/3590
f 4190/6503/4465 3243/4945/3590 4191/6504/4466
f 4190/6503/4465 1498/2242/1720 1493/2237/1715
f 136/203/160 4309/6506/4468 135/204/161
f 136/203/160 4193/6507/4469 4309/6506/4468
f 136/6508/160 3817/5872/4152 4193/6509/4469
f 695/1052/825 1242/1853/1434 1243/1854/1435
f 695/1052/825 1243/1854/1435 698/1053/826
f 150/6510/174 3777/5802/4115 4194/5319/3842
f 150/222/174 4194/6511/3842 3583/5486/3935
f 3773/5795/4114 4195/6512/4470 4838/6513/4471
f 3773/6514/4114 4838/6515/4471 4196/6516/3980
f 3773/5795/4114 2927/5798/3284 4195/6512/4470
f 3773/6514/4114 4196/6516/3980 4741/6517/3897
f 3372/6518/1449 1257/1874/1452 4197/6519/4472
f 3372/1871/1449 4197/6520/4472 1255/1872/1450
f 2950/4489/3307 4198/6521/4473 327/498/391
f 2950/4489/3307 3167/4821/3514 4198/6521/4473
f 2786/4231/3133 61/98/73 2862/4359/3211
f 2786/4231/3133 1800/2701/2056 2787/4232/3134
f 3924/6050/4252 509/757/603 506/754/600
f 3924/6050/4252 3386/5165/3733 3747/5757/4092
f 3924/6050/4252 3747/5757/4092 509/757/603
f 3924/6050/4252 3388/5167/3735 3386/5165/3733
f 3925/6051/4253 2959/4506/3314 513/761/607
f 3925/6051/4253 2804/4258/3154 4268/6522/4474
f 3925/6051/4253 4268/6522/4474 2959/4506/3314
f 3925/6051/4253 2805/4259/3155 2804/4258/3154
f 669/1009/789 4199/6523/4475 4201/6524/4476
f 669/1009/789 668/1008/791 4200/6525/4477
f 669/1005/789 4201/6526/4476 1306/1953/1515
f 669/1009/789 4200/6525/4477 4199/6523/4475
f 4202/6527/4478 2546/3836/2869 2548/3835/2871
f 4202/6527/4478 2340/3507/2643 1908/2865/2186
f 4202/6528/4478 4721/6529/4479 2546/3833/2869
f 4202/6528/4478 4722/6530/4480 4721/6529/4479
f 4202/6527/4478 1908/2865/2186 1904/6531/2183
f 4202/6532/4478 1904/2861/2183 4722/6533/4480
f 4202/6527/4478 2548/3835/2871 2340/3507/2643
f 4203/6534/4481 2966/4518/3320 2554/3846/2878
f 4203/6534/4481 4666/6535/4482 4204/6536/4483
f 4203/6534/4481 171/259/205 2966/4518/3320
f 4203/6534/4481 4204/6536/4483 171/259/205
f 4203/6534/4481 2551/3845/2874 4666/6535/4482
f 4203/6534/4481 2554/3846/2878 2551/3845/2874
f 3856/5946/4192 2969/4522/3323 532/800/629
f 3856/5946/4192 3858/5949/4194 2969/4522/3323
f 3856/5946/4192 532/800/629 527/799/626
f 3856/5946/4192 527/799/626 2343/5947/2646
f 4205/6537/4484 1345/2020/1557 1346/2021/1558
f 4205/6538/4484 4206/6539/4485 2439/3657/2748
f 4205/6537/4484 2883/4391/3234 1345/2020/1557
f 4205/6538/4484 1346/6540/1558 2692/4064/3025
f 4205/6538/4484 2692/4064/3025 4206/6539/4485
f 4205/6537/4484 2439/3656/2748 2883/4391/3234
f 2093/3135/2390 4207/6541/4486 544/819/643
f 2093/3135/2390 4208/6542/4487 4207/6541/4486
f 1267/6543/1466 1202/6544/1391 4911/6545/2534
f 1267/6265/1466 4909/6546/4488 4209/6547/4489
f 1267/6548/1466 1268/6549/1463 4210/6550/4490
f 1267/6551/1466 4911/6552/2534 4211/6553/4491
f 1267/6551/1466 4211/6553/4491 4909/6554/4488
f 1267/6265/1466 4209/6547/4489 4047/6266/4352
f 4096/4545/3334 4095/6555/4392 4829/4546/3335
f 2102/3156/1476 2101/3155/2400 1241/1851/1432
f 2102/3156/1476 1241/1851/1432 1240/1850/1431
f 2788/4233/3135 2789/4234/3136 4212/6556/3712
f 2788/4233/3135 2911/4440/3271 3320/5068/3677
f 3939/6077/668 3940/6078/1482 4213/6557/4492
f 3939/6077/668 4213/6557/4492 4214/6558/4493
f 3939/6077/668 4214/6558/4493 4215/6559/4494
f 3939/6077/668 4215/6559/4494 194/295/234
f 2580/6560/2904 2581/4039/2907 2675/4042/3012
f 2580/6560/2904 2675/4042/3012 4216/6561/2905
f 4217/3896/2911 717/3898/851 3224/6562/3569
f 4217/6563/2911 3224/4906/3569 1864/2802/2135
f 4217/6563/2911 1864/2802/2135 4218/6564/4495
f 4217/6563/2911 4218/6564/4495 2988/6565/2912
f 1359/2037/1571 4219/6566/4496 2708/4092/3044
f 1359/2037/1571 4732/2040/1574 4731/6567/4497
f 1359/2037/1571 2708/4092/3044 1360/2038/1572
f 1359/2037/1571 4731/6567/4497 4219/6566/4496
f 3535/466/359 518/767/613 303/467/360
f 520/770/615 2997/4568/3351 3000/4571/3354
f 520/770/615 3000/4571/3354 521/6568/616
f 3804/5847/4139 4430/6569/4498 4220/6570/4499
f 3804/5847/4139 4870/6571/4500 4430/6569/4498
f 3804/5847/4139 3002/4573/3356 3805/5848/4140
f 3804/5847/4139 1823/2735/2084 4870/6571/4500
f 3804/5847/4139 4220/6570/4499 3002/4573/3356
f 4221/6572/4501 4222/6573/4502 2005/2990/2286
f 4221/6572/4501 2478/3719/2793 4222/6573/4502
f 4221/6572/4501 2005/2990/2286 3339/6574/3692
f 4221/6572/4501 3339/6574/3692 3338/1459/1129
f 4221/6572/4501 966/1458/1128 2478/3719/2793
f 4221/6572/4501 3338/1459/1129 966/1458/1128
f 4223/6575/4384 3951/6098/4271 2388/3574/2690
f 4223/6330/4384 973/1466/1136 969/1462/1132
f 4223/6575/4384 969/3723/1132 3951/6098/4271
f 4223/6575/4384 2388/3574/2690 4224/6576/4385
f 4153/6445/1181 4544/6577/1178 4441/6578/4503
f 4153/6445/1181 4441/6578/4503 4154/6446/4433
f 3776/2531/1924 1328/1994/1540 2821/4293/3170
f 3776/5801/1924 4225/6579/4504 3777/5802/4115
f 3776/2531/1924 2821/4293/3170 4225/6580/4504
f 1682/6581/1929 2021/3025/1931 3013/1169/911
f 1682/6581/1929 767/1168/910 4226/6582/4505
f 1682/6581/1929 3013/1169/911 767/1168/910
f 1682/2538/1929 4226/6583/4505 1683/2539/1930
f 1334/2001/1545 989/1483/1151 2156/3232/2458
f 1334/2001/1545 1333/2000/1544 987/1484/1152
f 1334/2001/1545 987/1484/1152 989/1483/1151
f 1334/2001/1545 2156/3232/2458 262/405/311
f 4227/6584/4417 4159/6459/4437 4130/6409/4418
f 4227/6406/4417 4240/2005/1548 4159/6585/4437
f 4227/6406/4417 4132/6412/4419 4240/2005/1548
f 3022/4598/3374 3026/4604/3376 4233/6586/4506
f 3022/4598/3374 4233/6586/4506 2045/3063/2336
f 3421/5223/3768 3423/5225/3770 1223/1824/1411
f 3421/5223/3768 1223/1824/1411 3422/5224/3769
f 2183/3270/2486 3031/4612/3381 4228/6587/4507
f 2183/3270/2486 4228/6587/4507 2184/3271/2487
f 2183/3270/2486 2186/3277/2489 3032/4613/3382
f 2183/3270/2486 3032/4613/3382 3031/4612/3381
f 2075/3116/2372 1212/1812/1400 4229/6588/4508
f 2075/3116/2372 4229/6588/4508 2076/3117/2373
f 4230/6589/4509 807/1222/958 806/1221/957
f 4230/6589/4509 3040/4622/3390 4231/6590/4510
f 4230/6589/4509 4231/6590/4510 3963/6123/4284
f 4230/6589/4509 806/1221/957 3041/4623/3391
f 4230/6589/4509 3963/6123/4284 807/1222/958
f 4230/6589/4509 3041/4623/3391 3040/4622/3390
f 4232/6591/1361 3774/1025/805 1177/3783/1362
f 4232/6591/1361 2829/1026/806 3774/1025/805
f 1430/2142/1646 1431/2144/1648 2520/3791/2839
f 2046/3065/2337 4747/6592/980 2208/3310/2511
f 2046/3067/2337 2045/3063/2336 4233/6586/4506
f 2046/3065/2337 4233/6593/4506 4747/6592/980
f 3885/6375/4219 2258/6594/2559 4110/6376/4405
f 3885/5987/4219 4234/6595/3395 3886/5988/4220
f 4235/6596/2174 4236/6597/4511 4879/6598/2939
f 4235/6599/2174 4761/6600/4512 4236/6601/4511
f 4235/6602/2174 4879/6603/2939 1901/6604/2175
f 4235/6605/2174 4237/6606/2179 4761/6607/4512
f 1244/6608/1436 4053/6609/4356 4602/6610/4513
f 1244/6611/1436 4602/6612/4513 4238/6613/1437
f 1244/1860/1436 1245/1859/1438 4052/6276/4357
f 1244/1860/1436 4052/6276/4357 4053/6275/4356
f 3049/4638/3398 2705/4089/3041 4082/6614/4380
f 3049/4638/3398 4082/6614/4380 4706/4639/3399
f 3049/4638/3398 2892/4408/3247 2705/4089/3041
f 3171/4825/3518 3174/4828/3521 1455/2186/1674
f 3171/4825/3518 1453/2184/1672 3172/4826/3519
f 3171/4825/3518 1455/2186/1674 1453/2184/1672
f 3891/5997/4225 3194/4858/3542 4239/6615/4514
f 3891/5997/4225 4239/6615/4514 1685/6616/17
f 3891/5997/4225 1685/6616/17 3892/5998/4226
f 4159/6459/4437 3581/5482/3933 4130/6409/4418
f 4159/6455/4437 4240/6617/1548 1338/2013/1551
f 459/667/539 4382/4075/3034 2700/4074/3033
f 459/667/539 2700/4074/3033 4171/6480/4450
f 459/667/539 458/6618/541 4382/4075/3034
f 459/667/539 4171/6480/4450 457/668/540
f 2112/3168/2411 2113/3169/1377 4015/6619/4328
f 2112/3168/2411 4802/6620/4515 495/732/586
f 2112/3168/2411 4015/6619/4328 4802/6620/4515
f 2116/3174/2415 3921/6046/4250 2117/3175/2416
f 2116/3174/2415 3922/6047/1379 3921/6046/4250
f 2116/3174/2415 2118/3176/2414 3922/6047/1379
f 425/628/504 427/630/506 1498/2242/1720
f 425/628/504 4191/6504/4466 426/629/505
f 425/628/504 1498/2242/1720 4191/6504/4466
f 2130/3193/2428 3066/4661/3412 810/6621/961
f 2130/3193/2428 810/6621/961 4837/3194/2429
f 2140/3212/2443 4241/6622/4516 2141/3213/2444
f 2140/3212/2443 445/652/525 4241/6622/4516
f 2140/3212/2443 2143/3215/2446 445/652/525
f 2300/3447/2600 4242/6623/4517 2301/3448/2601
f 2300/3447/2600 3077/4677/3423 4242/6623/4517
f 4243/6624/4518 3078/4679/3424 4244/6625/4519
f 4243/6624/4518 4245/6626/4520 985/1480/1149
f 4243/6624/4518 4246/6627/4521 4247/6628/4522
f 4243/6624/4518 4247/6628/4522 3078/4679/3424
f 4243/6624/4518 4244/6625/4519 4245/6626/4520
f 4243/6624/4518 985/1480/1149 4246/6627/4521
f 4897/6629/4446 4248/6630/4448 4249/6631/1782
f 4897/6632/4446 4249/6633/1782 4886/6634/4523
f 2057/3090/2352 4250/6635/4524 1451/2182/1670
f 2057/3090/2352 2056/3089/2351 4250/6635/4524
f 847/1301/1005 846/1300/1004 3854/5943/4190
f 847/1301/1005 4251/6636/4525 848/1302/1006
f 847/1301/1005 3854/5943/4190 3853/5942/4189
f 847/1301/1005 3853/5942/4189 4251/6636/4525
f 1847/2777/2115 89/134/105 1848/2778/2116
f 1847/2777/2115 937/1419/1098 4252/6637/4526
f 1847/2777/2115 4252/6637/4526 89/134/105
f 1141/1714/1322 201/302/238 4845/2629/1999
f 1150/1724/1331 1145/1721/1326 4423/2632/2002
f 1396/6638/1611 4253/6639/4527 736/1117/871
f 1396/2097/1611 1363/2044/1578 1366/2045/1579
f 1396/6638/1611 1366/2048/1579 4253/6639/4527
f 1396/2097/1611 945/1436/1107 1397/2098/1612
f 1396/6638/1611 736/1117/871 945/1431/1107
f 954/1442/1115 3060/4653/3407 3328/5076/3683
f 954/1442/1115 955/1443/1116 3062/4655/3408
f 954/1442/1115 3062/4655/3408 3060/4653/3407
f 3973/6141/4292 4164/6464/4441 2000/2984/2280
f 3973/6141/4292 3208/4879/3552 3210/4881/3554
f 3973/6141/4292 3210/4881/3554 4164/6464/4441
f 2003/2987/2283 2004/2989/2285 2007/2998/2290
f 2003/2987/2283 4833/6640/4528 4659/2988/2284
f 2003/2987/2283 2007/2998/2290 4833/6640/4528
f 2480/3722/2795 3951/6098/4271 969/3723/1132
f 4254/6641/827 4255/4716/3445 3098/4713/3443
f 4254/1055/827 4501/6642/4529 697/1056/828
f 4254/6643/827 3341/5089/3694 4501/6644/4529
f 4254/6643/827 3342/5090/3695 3341/5089/3694
f 4254/1055/827 698/1058/826 4255/6645/3445
f 4254/6643/827 3098/6646/3443 3342/5090/3695
f 4125/6398/4415 2910/4439/3270 2914/4444/3273
f 4125/6398/4415 4770/6647/4530 3863/6648/4200
f 4125/6398/4415 2914/4444/3273 4770/6647/4530
f 4125/6398/4415 3863/6648/4200 63/100/75
f 524/778/620 4256/6649/4531 4257/6650/4532
f 524/778/620 4258/6651/4533 4256/6649/4531
f 524/787/620 3548/786/622 4258/6652/4533
f 524/778/620 4257/6650/4532 525/779/621
f 2507/3768/2822 982/1477/1146 1912/2876/2191
f 2507/3768/2822 3697/5675/4044 4032/6248/4339
f 2507/3768/2822 4032/6248/4339 982/1477/1146
f 989/1487/1151 3314/6653/3671 2156/6654/2458
f 989/1487/1151 4742/676/542 3314/6653/3671
f 4259/6655/1155 4261/6656/2612 2678/6657/2610
f 4259/6658/1155 4260/6659/4534 4261/6660/2612
f 4259/6658/1155 995/1498/1160 4260/6659/4534
f 4259/1489/1155 2678/6661/2610 993/1490/1156
f 2311/3468/2614 3150/4802/3499 2312/3469/2615
f 2311/3468/2614 3151/4803/3500 3150/4802/3499
f 3155/4807/3504 3873/5969/4209 3156/4808/3505
f 2630/6662/2967 4262/6663/4535 4887/6664/4536
f 2630/3974/2967 2632/3976/2969 4262/6665/4535
f 2630/6662/2967 4887/6664/4536 2631/6666/2968
f 3117/5652/1219 358/539/427 4263/6667/1220
f 3117/1590/1219 1048/1588/1224 3118/4748/3464
f 2184/3271/2487 4228/6587/4507 4264/6668/3038
f 884/1345/1040 2192/3284/2496 885/1346/1041
f 884/1345/1040 1811/2715/2070 2192/3284/2496
f 3759/5781/4102 3818/5874/4153 1038/1572/1209
f 3759/5781/4102 3768/5790/4111 1505/2252/1726
f 3759/5781/4102 1505/2252/1726 3818/5874/4153
f 4265/6669/4537 3701/5679/4048 3703/5681/4049
f 4265/6669/4537 1043/6670/1215 3701/5679/4048
f 4265/6671/4537 4267/6672/4538 1043/1578/1215
f 4265/6669/4537 4266/6673/4539 4267/6674/4538
f 4265/6669/4537 3703/5681/4049 4266/6673/4539
f 1049/1585/1221 1822/4777/2081 2664/4018/2999
f 1049/1585/1221 4871/6675/1223 1822/4777/2081
f 2718/2295/1761 1050/1591/1225 4628/6676/4540
f 2718/2295/1761 4628/6676/4540 1534/2296/1762
f 2718/6677/1761 4892/6678/3054 1050/1592/1225
f 2959/4501/3314 4268/6679/4474 4111/6377/4406
f 2959/4501/3314 4111/6377/4406 2956/4502/3315
f 3710/5689/4055 3712/5691/4057 4269/6680/4541
f 3710/5689/4055 608/1614/723 3711/5690/4056
f 3710/5689/4055 4269/6680/4541 608/1614/723
f 2263/3399/2562 4270/6681/4542 4271/6682/2049
f 2263/3399/2562 1066/1618/1242 1070/1622/1246
f 2263/3399/2562 4271/6682/2049 2264/3400/2563
f 2263/3399/2562 1070/1622/1246 4270/6681/4542
f 1464/2195/1683 4206/6539/4485 2692/4064/3025
f 1464/2195/1683 1466/2197/1685 4206/6539/4485
f 2272/3408/2571 2287/3427/2585 3181/4839/3529
f 2272/3408/2571 1261/1878/1456 2287/3427/2585
f 2272/3408/2571 4272/6683/4543 1261/1878/1456
f 2272/3408/2571 2273/3409/2572 4272/6683/4543
f 1087/1645/1266 3803/5845/4138 23/33/29
f 31/47/36 2970/1648/388 4273/6684/4544
f 31/47/36 4273/6684/4544 33/48/37
f 4274/6685/4545 4480/6686/3848 4478/6687/4546
f 4274/6688/4545 4275/6689/4547 4277/6690/4548
f 4274/6691/4545 4236/6692/4511 4276/6693/4549
f 4274/6694/4545 3500/3354/2537 4480/6695/3848
f 4274/6688/4545 4276/6696/4549 4275/6689/4547
f 4274/6694/4545 2234/3355/2538 3500/3354/2537
f 4274/6694/4545 4277/6697/4548 2234/3355/2538
f 1100/1660/1279 4278/6698/4550 1101/1661/1280
f 1100/1660/1279 2987/6699/3342 4278/6698/4550
f 1100/1660/1279 573/870/682 1380/872/680
f 1100/1660/1279 1380/872/680 2987/6699/3342
f 1106/1666/1285 578/880/687 577/879/348
f 580/882/689 3947/6092/4267 4279/6700/4551
f 580/882/689 4279/6700/4551 581/883/690
f 580/882/689 583/885/692 3948/6093/4268
f 580/882/689 3948/6093/4268 3947/6092/4267
f 523/2396/619 1598/2395/1836 1835/5414/2098
f 1943/2915/2225 1945/2917/2227 1130/1700/1311
f 1606/6701/1847 4599/5001/3621 4280/6702/1848
f 1606/6701/1847 3191/4856/3539 3189/4851/3538
f 1606/2415/1847 1608/2418/1850 3191/4853/3539
f 1606/6701/1847 3189/4851/3538 4599/5001/3621
f 3936/6072/2917 3935/6071/4259 3978/6149/2304
f 3936/6072/2917 3978/6149/2304 4281/6703/2302
f 3936/3904/2917 4281/6704/2302 2589/3905/2918
f 4282/6705/3628 540/815/639 1152/1725/1332
f 4282/5008/3628 3277/5009/3629 4751/6706/4552
f 4282/6705/3628 4751/6707/4552 541/816/640
f 4282/6705/3628 541/816/640 540/815/639
f 1156/1734/1336 2684/6708/3018 1157/1735/1338
f 1156/6709/1336 380/567/452 2684/4056/3018
f 1156/6709/1336 2858/2039/1573 380/567/452
f 3091/6710/3437 1937/2908/2218 1936/2907/2217
f 3091/6710/3437 3956/6107/4274 1937/2908/2218
f 3091/6710/3437 256/396/305 3956/6107/4274
f 3091/4702/3437 1936/6711/2217 3092/4703/3438
f 3091/6710/3437 257/397/306 256/396/305
f 4283/6712/4553 3618/5543/3972 2879/4385/3230
f 4283/6712/4553 4654/6713/4554 3618/5543/3972
f 4283/6712/4553 2879/4385/3230 2880/4386/3231
f 4283/6712/4553 4284/6714/4555 4654/6713/4554
f 4283/6712/4553 2880/4386/3231 4284/6714/4555
f 1634/2464/1879 1637/2466/1880 2407/3606/2713
f 1634/2464/1879 3879/3608/2715 4285/6715/4122
f 2738/4153/3081 1641/2472/1885 1774/2661/2028
f 2738/4153/3081 4063/6295/4366 4065/6294/3760
f 2738/4153/3081 1774/2661/2028 4063/6295/4366
f 3423/5225/3770 3427/5230/668 4286/6716/4556
f 3423/5225/3770 4286/6716/4556 1223/1824/1411
f 1188/1780/1375 501/740/591 3920/4462/3285
f 1188/6044/1375 4287/6717/4557 4288/6718/4558
f 1188/6044/1375 3919/6042/4249 4287/6717/4557
f 1188/6044/1375 4288/6718/4558 1189/6719/1376
f 4112/6378/4407 4289/6720/4559 1914/2879/2194
f 4112/6378/4407 2059/3092/2354 2058/3091/2353
f 4112/6378/4407 2058/3091/2353 4289/6720/4559
f 4290/6721/4560 3990/6171/4307 2934/4471/3292
f 4290/6721/4560 4291/6722/4561 3991/6172/4308
f 4290/6721/4560 85/129/4 4291/6722/4561
f 4290/6721/4560 3991/6172/4308 3990/6171/4307
f 4290/6721/4560 2934/4471/3292 85/129/4
f 1199/1794/1387 1200/1795/1388 4179/6488/4456
f 1199/1794/1387 4178/6487/4455 2805/4259/3155
f 1199/1794/1387 4179/6488/4456 4178/6487/4455
f 4292/6723/4562 3880/5976/4215 4293/6724/4563
f 4292/6725/4562 4294/6726/4564 2595/3914/2924
f 4292/6723/4562 3597/5514/3949 4294/6727/4564
f 4292/6725/4562 2595/3914/2924 3880/5977/4215
f 4292/6723/4562 4293/6724/4563 3597/5514/3949
f 1206/1805/1396 444/650/522 1207/1806/1397
f 1206/1805/1396 1205/1804/1395 3180/4838/3528
f 1211/1811/1399 4229/6588/4508 1212/1812/1400
f 1211/1811/1399 1881/2824/2153 4229/6588/4508
f 3311/5054/3669 1216/1816/1404 529/793/628
f 3311/5054/3669 529/793/628 3233/4925/3578
f 3311/5054/3669 1478/2215/1701 345/2219/412
f 3311/5054/3669 3233/4925/3578 1478/2215/1701
f 4295/6728/4565 3297/5033/3652 3300/5036/3655
f 4295/6729/4565 4296/6730/4566 4297/6731/4567
f 4295/6729/4565 3299/5039/3654 4296/6730/4566
f 4295/6728/4565 3300/5036/3655 3299/5035/3654
f 4295/6728/4565 4297/6732/4567 3297/5033/3652
f 3316/6733/3673 4298/6734/4568 4299/6735/4569
f 3316/5063/3673 4103/6361/4399 4298/6736/4568
f 3316/6733/3673 4299/6735/4569 3317/3959/2956
f 2353/3523/2656 4119/6737/4411 2352/3524/2657
f 2353/3526/2656 4019/3525/2658 4120/6387/4331
f 3760/5782/4103 3659/5615/4010 180/268/214
f 3760/5782/4103 180/268/214 4300/6738/4570
f 3760/5782/4103 4300/6738/4570 3761/5783/4104
f 3408/5205/3755 560/842/661 2783/4227/3129
f 3408/5205/3755 2782/4226/3128 204/306/241
f 3408/5205/3755 2783/4227/3129 2782/4226/3128
f 3408/5205/3755 204/306/241 3409/5206/3756
f 1986/2969/2266 2724/4128/3062 1572/2363/1808
f 1986/2969/2266 1572/2363/1808 1988/2971/2268
f 3859/5953/4196 1251/1866/1444 1253/1868/1446
f 3859/5953/4196 3860/5954/4197 2793/4238/3140
f 3859/5953/4196 2793/4238/3140 4301/6739/4571
f 3859/5953/4196 4301/6739/4571 1251/1866/1444
f 645/969/763 2925/4458/3283 497/742/587
f 645/969/763 497/742/587 1649/2486/1893
f 645/969/763 647/971/765 2925/4458/3283
f 1989/2972/2269 4081/6320/4379 3559/5433/3909
f 1989/2972/2269 3559/5433/3909 1990/2973/2270
f 1989/2972/2269 1988/2971/2268 4081/6320/4379
f 1727/2593/1974 3345/5095/3697 3560/5437/3911
f 1727/2593/1974 3560/5437/3911 2992/4563/3346
f 4302/6740/4572 2473/3709/2787 3798/5839/4133
f 4302/6740/4572 3142/4789/3492 662/1000/784
f 4302/6740/4572 661/999/783 2473/3709/2787
f 4302/6740/4572 662/1000/784 661/999/783
f 4302/6740/4572 3798/5839/4133 3143/4790/3493
f 4302/6740/4572 3143/4790/3493 3142/4789/3492
f 667/1007/790 4183/6493/4460 4182/6491/4459
f 667/1007/790 3801/5843/4136 668/1008/791
f 667/1007/790 670/1010/569 4183/6493/4460
f 667/1007/790 4182/6491/4459 3801/5843/4136
f 2913/1013/794 3362/5126/3714 673/1014/795
f 3364/5130/3716 1132/1702/1313 2006/2992/2288
f 3364/5129/3716 2006/2995/2288 4303/6741/4573
f 3364/5129/3716 4303/6741/4573 104/152/123
f 3364/5129/3716 104/152/123 103/151/122
f 3369/5136/3720 4304/6742/4574 4499/6743/4575
f 3369/5136/3720 2903/4429/3264 4305/6744/4576
f 3369/5136/3720 4499/6743/4575 3370/5137/3721
f 3369/5136/3720 4305/6744/4576 4304/6742/4574
f 4306/6745/3581 306/6746/365 1885/6747/2158
f 4306/6745/3581 4189/4288/3166 306/6746/365
f 4306/6745/3581 1807/6748/2066 4189/4288/3166
f 3394/5179/3742 121/184/145 4362/5180/3743
f 3394/5179/3742 124/187/148 121/184/145
f 3394/5179/3742 3397/5185/3745 124/187/148
f 1500/5868/1721 4307/6749/3171 3815/5869/4150
f 1500/2244/1721 1501/2245/1722 4307/4294/3171
f 4309/6506/4468 4329/6750/4577 4308/6751/4578
f 4309/6506/4468 4308/6751/4578 135/204/161
f 4309/6752/4468 4193/6753/4469 3053/4643/3402
f 4310/6754/3310 4777/6755/677 4576/6756/3311
f 2608/5388/2941 4311/6757/4022 3674/3961/2958
f 2608/6758/2941 4312/354/272 4311/6759/4022
f 2608/3940/2941 2609/3941/2942 4312/6760/272
f 2986/4554/3341 1599/2398/1838 3967/2397/1837
f 3433/5236/3771 2152/3225/2454 2153/3227/2455
f 3433/5236/3771 2612/3944/2945 2152/3225/2454
f 717/6761/851 720/6762/854 3225/6763/3570
f 717/6764/851 3225/4905/3570 3224/4904/3569
f 4313/6765/4579 252/6766/300 727/1108/862
f 4313/6765/4579 3779/5805/4117 3780/5806/4118
f 4313/6765/4579 1925/2893/2205 1924/2892/2204
f 4313/6765/4579 3780/5806/4118 252/6766/300
f 4313/6765/4579 1924/2892/2204 1386/2082/1601
f 4313/6765/4579 1386/2082/1601 3779/5805/4117
f 4313/6765/4579 727/1108/862 1925/2893/2205
f 2685/4057/3019 930/1408/1090 4314/6767/4580
f 2685/4057/3019 387/574/459 930/1408/1090
f 2685/4057/3019 4314/6767/4580 2686/4058/3020
f 4253/6639/4527 1366/2048/1579 4315/6768/4581
f 4253/6639/4527 4315/6768/4581 4316/6769/4582
f 4253/6639/4527 739/1120/874 736/1117/871
f 4253/6639/4527 4316/6769/4582 739/1120/874
f 2026/1123/877 2760/4198/3105 741/1124/878
f 4318/6770/4583 2512/3775/2829 2511/3774/2828
f 4318/6771/4583 4317/6772/4584 4161/6461/4439
f 4318/6773/4583 1213/1813/1401 2512/6774/2829
f 4318/6771/4583 4161/6461/4439 1214/6066/1402
f 4318/6773/4583 1214/1814/1402 1213/1813/1401
f 748/1146/889 3350/5101/3700 3083/4688/3429
f 748/1146/889 3083/4688/3429 749/1147/890
f 4319/6775/2746 4320/1418/1097 1731/2604/1980
f 4319/3655/2746 4366/3654/2747 4320/6776/1097
f 2094/3136/2391 2443/3661/2752 2442/3660/2751
f 2094/3136/2391 1787/6777/343 2443/3661/2752
f 2094/3137/2391 763/1164/906 1787/1163/343
f 3699/5677/4046 2647/3992/2982 3789/5822/4124
f 3699/5677/4046 3789/5822/4124 766/1167/909
f 3699/5677/4046 1332/1998/1542 4321/6778/4585
f 3699/5677/4046 4321/6778/4585 2648/3993/2983
f 3699/5677/4046 2648/3993/2983 2647/3992/2982
f 2448/3679/2760 1562/2349/1798 1563/2350/1797
f 2448/3672/2760 4769/4765/3477 2449/3673/2761
f 2448/3679/2760 2451/3676/2763 1562/2349/1798
f 2448/3672/2760 4521/6779/4586 4769/4765/3477
f 2448/3679/2760 1563/2350/1797 4521/6780/4586
f 1969/2949/2249 1968/2948/2248 3105/4726/3452
f 1969/2949/2249 3105/4726/3452 4322/6781/4587
f 1969/2949/2249 4322/6781/4587 3621/5547/3974
f 1969/2949/2249 3621/5547/3974 1970/2950/2250
f 1973/2953/2253 4323/6782/4588 1974/2954/2254
f 1973/2953/2253 2594/3913/2923 4324/6783/4589
f 1973/2953/2253 4324/6783/4589 4323/6782/4588
f 2985/4553/3340 3823/5886/4160 3974/6142/4293
f 2985/4553/3340 3974/6142/4293 1599/2398/1838
f 4325/6784/4590 2328/3492/1538 2324/3487/2632
f 4325/6785/4590 4326/6786/4591 1327/1992/1539
f 4325/6785/4590 1327/1992/1539 2328/1991/1538
f 4325/6785/4590 2324/6787/2632 4651/509/400
f 4325/6785/4590 4651/509/400 4326/6786/4591
f 3037/4618/3387 3039/4620/3389 3544/5406/3895
f 3037/4618/3387 4327/6788/4592 887/1348/1043
f 3037/4618/3387 3544/5406/3895 4327/6788/4592
f 3037/4618/3387 887/1348/1043 885/1346/1041
f 4328/6789/4593 3791/5825/4126 3792/5826/4127
f 4328/6789/4593 1817/2721/2076 1044/1579/1216
f 4328/6789/4593 1044/1579/1216 4267/6672/4538
f 4328/6789/4593 4267/6672/4538 3791/5825/4126
f 4328/6789/4593 3792/5826/4127 1817/2721/2076
f 4329/6790/4577 3052/1236/971 818/1238/973
f 4329/6791/4577 818/1243/973 2073/6792/2370
f 4329/6750/4577 2072/3110/2369 4330/6793/4594
f 4329/6750/4577 4330/6793/4594 4308/6751/4578
f 4329/6791/4577 2073/6792/2370 2072/6794/2369
f 4332/6795/2029 4331/6796/2031 1775/6797/2030
f 4332/6798/2029 4333/6799/4595 3866/6800/4203
f 4332/6795/2029 3866/5960/4203 3865/5959/4202
f 4332/2669/2029 1777/2668/2033 4333/6801/4595
f 4332/6795/2029 3865/5959/4202 4331/6796/2031
f 2213/4164/2515 2742/4160/3085 2214/6802/2516
f 2213/3319/2515 2216/3322/2518 4334/6803/3086
f 3996/6183/4261 4108/6182/4310 4737/6804/994
f 3996/6805/4261 4737/6806/994 4859/6807/4262
f 4238/6613/1437 4602/6612/4513 4335/6808/3246
f 4238/6809/1437 4335/4407/3246 3249/4404/3243
f 4336/6810/4596 4337/6811/4597 4338/6812/4598
f 4336/6810/4596 4338/6812/4598 1558/2341/1792
f 4336/6810/4596 1558/2341/1792 4339/6813/4599
f 4336/6810/4596 4257/6650/4532 4337/6811/4597
f 4336/6810/4596 4339/6813/4599 4257/6650/4532
f 2590/3907/2919 2592/3909/2921 1685/1688/17
f 2590/6814/2919 4340/6815/4600 2591/3910/2920
f 2590/3907/2919 1685/1688/17 4340/6816/4600
f 3913/6031/4244 4341/6817/4601 4342/6818/4602
f 3913/6031/4244 4342/6818/4602 3519/5369/3869
f 3913/6031/4244 3519/5369/3869 3520/5370/3870
f 3913/6031/4244 3092/4703/3438 4341/6817/4601
f 3913/6031/4244 959/1448/1121 3092/4703/3438
f 858/1316/1016 860/1318/1018 4343/6819/4603
f 858/1316/1016 4324/6783/4589 859/1317/1017
f 858/1316/1016 4343/6819/4603 4324/6783/4589
f 4075/6313/4371 4074/6312/4373 2418/6820/757
f 4075/6821/4371 2418/2479/757 4344/6822/4604
f 4075/6309/4371 4345/6823/4605 4072/6310/4372
f 4075/6821/4371 1645/2478/1891 4345/6824/4605
f 4075/6821/4371 4344/6822/4604 1645/2478/1891
f 3467/5273/3810 3469/5275/3812 3827/5893/4164
f 2123/3183/2421 1232/1841/1423 2124/3184/2422
f 3067/4662/3413 4346/6825/4606 3762/5784/4105
f 3067/4662/3413 4347/6826/4607 4346/6825/4606
f 3067/4662/3413 2134/3198/2433 4347/6826/4607
f 4348/6827/4608 1279/1911/1479 3474/5281/3816
f 4348/6827/4608 3474/5281/3816 3979/6150/4296
f 4348/6827/4608 4349/6828/4609 1279/1911/1479
f 4348/6827/4608 4350/6829/4610 4122/6396/4412
f 4348/6827/4608 4351/6830/3339 4349/6828/4609
f 4348/6827/4608 4122/6396/4412 4351/6830/3339
f 4348/6827/4608 3979/6150/4296 4350/6829/4610
f 4353/3303/2506 3834/5907/4171 4352/6831/120
f 4353/3303/2506 2205/3306/2509 3834/5907/4171
f 4353/6832/2506 4352/6833/120 2206/3308/2507
f 4354/6834/1814 4355/6835/4611 3101/6836/3448
f 4354/6834/1814 4356/6837/4612 4355/6835/4611
f 4354/6834/1814 1579/6838/1816 4356/6837/4612
f 912/1677/1071 4357/6839/532 4358/6840/4613
f 912/1677/1071 4358/6840/4613 1113/1678/1293
f 912/1388/1071 1112/6841/1292 913/1389/1072
f 4359/6842/4614 3103/6843/3450 4360/6844/4615
f 4359/6845/4614 4361/6846/4616 3104/6847/3451
f 4359/6848/4614 4169/6475/668 4172/6481/668
f 4359/6849/4614 4360/6850/4615 4869/6851/1076
f 4359/6848/4614 4172/6481/668 4170/6479/4449
f 4359/6848/4614 872/1333/1029 4169/6475/668
f 4359/6848/4614 4869/1394/1076 872/1333/1029
f 4359/6852/4614 3104/4723/3451 3103/4722/3450
f 4359/6848/4614 4170/6479/4449 4361/6853/4616
f 3396/5182/3744 3844/5922/4179 1636/5923/1881
f 3396/5182/3744 4362/6854/3743 4363/6855/4617
f 3396/5182/3744 1636/5923/1881 1632/5183/1877
f 3396/5182/3744 4363/6855/4617 3844/5922/4179
f 3990/6171/4307 3992/6173/4309 2267/3403/2566
f 3990/6171/4307 2936/4473/3294 2934/4471/3292
f 3990/6171/4307 2267/3403/2566 2936/4473/3294
f 4364/6856/4618 3718/5701/4063 4365/6857/4619
f 4364/6856/4618 4365/6857/4619 2939/4476/3297
f 4364/6856/4618 3719/5702/4064 3718/5701/4063
f 4364/6856/4618 2939/4476/3297 3719/5702/4064
f 4320/1418/1097 4006/6209/4320 937/1419/1098
f 4320/1418/1097 4366/6858/2747 4006/6209/4320
f 4367/6859/4620 4368/3730/2799 1487/3735/1706
f 4367/6860/4620 4768/6861/4621 4368/6862/2799
f 4367/6859/4620 1484/6863/1705 4849/6864/4622
f 4367/6860/4620 4369/6865/1977 4768/6861/4621
f 4367/6859/4620 4849/6864/4622 4369/6866/1977
f 4367/6859/4620 1487/3735/1706 1484/6863/1705
f 3960/6118/4280 326/497/390 329/500/393
f 3960/6118/4280 1098/1658/1277 1096/1656/1275
f 3960/6118/4280 1096/1656/1275 326/497/390
f 1262/1879/1457 1894/2844/2168 4370/6867/4623
f 1262/1879/1457 4370/6867/4623 2287/3427/2585
f 1262/1879/1457 1264/1881/1459 1894/2844/2168
f 2077/3118/2374 2079/3120/2376 3752/5767/4098
f 4372/6868/4624 1974/2954/2254 4371/6869/4625
f 4372/6870/4624 4373/6871/4626 4374/6872/4627
f 4372/6870/4624 4375/6873/4628 4373/6871/4626
f 4372/6870/4624 786/1197/934 785/1199/933
f 4372/6868/4624 785/1196/933 1974/2954/2254
f 4372/6870/4624 4371/6874/4625 4375/6873/4628
f 4372/6870/4624 4374/6872/4627 786/1197/934
f 3967/2402/1837 1602/2401/1840 1911/6875/2189
f 2920/4451/3279 2922/4454/435 4376/6876/4629
f 2920/4451/3279 4376/6876/4629 3438/5241/3782
f 2920/4451/3279 3438/5241/3782 3418/5220/3766
f 2920/4451/3279 3418/5220/3766 2921/4452/3280
f 4377/6877/3826 4579/6878/4630 4378/6879/3827
f 4377/6877/3826 3607/5527/3959 58/95/70
f 4377/6880/3826 3482/6881/3825 3607/6882/3959
f 4377/6877/3826 58/95/70 4579/6878/4630
f 3712/5691/4057 2677/4053/3013 2681/4052/3015
f 3712/5691/4057 2681/4052/3015 4269/6680/4541
f 3712/5691/4057 4387/5693/4058 2677/4053/3013
f 3714/5695/4060 4379/6883/4631 3716/5696/4061
f 3714/5695/4060 726/1105/861 2400/6884/2703
f 3714/5695/4060 2400/6884/2703 2023/3028/2313
f 3714/5695/4060 2023/3028/2313 2022/3027/2314
f 3714/5695/4060 2022/3027/2314 4379/6883/4631
f 266/409/315 733/1114/868 1667/2510/1913
f 266/409/315 1667/2510/1913 267/410/316
f 266/409/315 271/414/320 732/1113/867
f 2592/3909/2921 4380/6885/4632 1685/1688/17
f 2592/3911/2921 2589/3905/2918 4380/6886/4632
f 3460/5266/3803 3461/5267/3804 3725/5711/4072
f 3460/5266/3803 4285/5811/4122 3879/5975/2715
f 3460/5266/3803 3725/5711/4072 4285/5811/4122
f 1315/1972/480 4856/1970/1526 4381/6887/4633
f 1315/1972/480 4381/6887/4633 3727/6888/4074
f 4382/6889/3034 458/6890/541 3399/5656/3747
f 411/6891/491 3059/2759/2100 1835/2757/2098
f 411/6891/491 4383/6892/3406 3059/2759/2100
f 411/6891/491 1835/2757/2098 1598/6893/1836
f 411/614/491 412/615/492 4383/4652/3406
f 411/6891/491 1598/6893/1836 4384/6894/3059
f 3667/5623/4017 4385/6895/4634 1488/2230/1709
f 3667/5623/4017 1488/2230/1709 1489/2231/1710
f 3667/5625/4017 3307/5047/3663 4385/6896/4634
f 3667/5623/4017 2487/3739/2803 3668/1038/814
f 3667/5623/4017 1489/2231/1710 2487/3739/2803
f 427/630/506 1502/2247/1723 1498/2242/1720
f 1716/2582/1963 1715/2581/1962 3763/5785/4106
f 4071/4666/3417 4804/578/463 3071/4667/3418
f 4071/4666/3417 4070/6897/4370 4804/578/463
f 3257/4970/3603 2302/3449/2602 2301/3448/2601
f 3257/4970/3603 2301/3448/2601 2147/3219/2450
f 3078/4679/3424 4247/6628/4522 3079/4680/3425
f 3078/4679/3424 454/662/535 4244/6625/4519
f 1735/6898/1984 4386/3691/2775 1699/2565/1946
f 1735/2609/1984 750/2611/892 4386/6899/2775
f 1735/6898/1984 1698/2564/1945 288/442/340
f 1735/6898/1984 1699/2565/1946 1698/2564/1945
f 994/1497/1157 993/1496/1156 4387/6900/4058
f 994/6901/1157 4387/6902/4058 3689/6903/4038
f 4388/6904/4635 1557/2339/1791 4338/6812/4598
f 4388/6904/4635 4338/6812/4598 4389/6905/4636
f 4388/6904/4635 657/994/774 4873/6906/4637
f 4388/6904/4635 4389/6905/4636 3137/4780/3486
f 4388/6904/4635 4873/6906/4637 1557/2339/1791
f 2471/3707/2785 1871/2811/2144 89/700/105
f 217/332/258 4390/6907/4638 219/333/259
f 217/330/258 3527/5383/3878 2547/3834/2870
f 217/330/258 4721/6529/4479 4390/6908/4638
f 217/330/258 2547/3834/2870 4721/6529/4479
f 2745/4166/3088 162/246/192 161/245/191
f 2745/4166/3088 1520/4169/1743 162/246/192
f 2749/4173/598 4391/6909/4639 2750/4174/3093
f 2749/751/598 4392/6910/4640 4391/6911/4639
f 2749/751/598 1193/750/597 4392/6910/4640
f 3533/5392/3885 3385/5164/3732 1525/2282/1750
f 3533/5392/3885 3534/5393/3886 927/1405/1087
f 1389/6912/1605 1390/2093/1607 3615/5536/3968
f 1389/2087/1605 3176/4833/3525 3177/4835/3526
f 1389/2087/1605 3177/4835/3526 1929/2088/1606
f 1389/2087/1605 3615/6913/3968 4858/5807/4119
f 1389/2087/1605 4858/5807/4119 3176/4833/3525
f 3849/5934/4186 3851/5937/4187 4393/6914/4641
f 3849/5934/4186 4393/6914/4641 4009/6211/4322
f 3751/5764/4097 3344/3105/2367 3694/5671/4042
f 3751/5764/4097 3694/5671/4042 2634/3978/2971
f 3751/5764/4097 1402/2105/1617 3344/3105/2367
f 2085/3126/2382 4147/6437/4195 2342/3509/2645
f 2085/3126/2382 2342/3509/2645 2086/3127/2383
f 4394/6915/4642 1644/6916/1890 4517/6917/4643
f 4394/6918/4642 1932/2902/2212 4395/6919/4644
f 4394/6915/4642 4396/6920/4645 4345/6823/4605
f 4394/6915/4642 4345/6823/4605 1644/6916/1890
f 4394/6918/4642 4395/6919/4644 4396/6921/4645
f 4394/6918/4642 4517/6922/4643 1932/2902/2212
f 4077/6315/4375 463/684/547 465/688/549
f 4077/6315/4375 1809/2713/2068 463/684/547
f 4077/6315/4375 465/688/549 4397/6923/4158
f 4077/6315/4375 4079/6317/4377 1809/2713/2068
f 4077/6315/4375 4397/6923/4158 1082/1634/1258
f 4077/6315/4375 1082/1634/1258 1077/1633/1257
f 4905/4542/3331 1556/3244/1790 4398/6924/4081
f 2259/6925/2560 4852/6926/4646 3887/6927/4221
f 2259/6925/2560 4853/6928/1236 4852/6926/4646
f 2521/3792/2840 2106/3161/2404 4840/3162/2405
f 2521/3792/2840 4840/3162/2405 4100/6357/4396
f 2521/3792/2840 4100/6357/4396 192/290/229
f 2521/3792/2840 2520/3791/2839 2106/3161/2404
f 2523/3795/2843 3531/5389/3883 4399/6929/4647
f 2523/3795/2843 4399/6929/4647 4400/6930/668
f 2523/3795/2843 4400/6930/668 906/1381/1064
f 4402/6931/4648 4401/6932/943 3532/5391/3884
f 4402/6933/4648 4264/6934/3038 4796/6935/4649
f 4402/6936/4648 794/1208/944 4401/1207/943
f 4402/6937/4648 4796/6938/4649 794/6939/944
f 4402/6931/4648 3532/5391/3884 2702/5714/3039
f 4402/6940/4648 2702/6941/3039 4264/6942/3038
f 1458/2189/1677 2587/3902/2915 4775/6943/4650
f 1458/2189/1677 4775/6943/4650 1459/2190/1678
f 4403/6944/4651 1849/2779/2117 1848/2778/2116
f 4403/6944/4651 89/134/105 4404/6945/4652
f 4403/6944/4651 4405/6946/4653 1849/2779/2117
f 4403/6944/4651 1848/2778/2116 89/134/105
f 4403/6944/4651 4404/6945/4652 4405/6946/4653
f 2997/4568/3351 3874/5970/4210 2998/4569/3352
f 2997/4568/3351 3537/5396/3888 3874/5970/4210
f 2004/2989/2285 4222/6573/4502 2009/2999/2292
f 2004/2989/2285 2005/2990/2286 4222/6573/4502
f 2004/2989/2285 2009/2999/2292 2007/2998/2290
f 2387/3573/2689 4406/6947/2935 4407/6948/2938
f 2387/3573/2689 4407/6948/2938 2388/3574/2690
f 2387/3573/2689 602/917/717 4406/6947/2935
f 4408/6949/4654 4409/6950/1239 608/923/723
f 4408/6949/4654 608/923/723 609/924/724
f 4408/6949/4654 3954/6102/4273 1952/2928/2233
f 4408/6949/4654 609/924/724 3954/6102/4273
f 4408/6949/4654 1952/2928/2233 4409/6950/1239
f 4410/6951/4655 1617/2438/1859 3125/4761/3473
f 4410/6951/4655 3011/4586/3363 1617/2438/1859
f 4410/6951/4655 3125/4761/3473 615/5952/730
f 4410/6951/4655 615/5952/730 612/6952/727
f 4410/6951/4655 3012/4587/3364 3011/4586/3363
f 4410/6951/4655 612/6952/727 3012/4587/3364
f 622/938/737 4411/6953/4656 3772/5067/3676
f 622/943/737 624/940/739 4411/6954/4656
f 2041/6955/2325 3821/5877/4156 3820/5876/4155
f 2041/6955/2325 4412/6956/2330 3821/5877/4156
f 70/107/82 3612/5533/3965 2864/4361/3213
f 4413/6957/4657 4414/6958/668 1577/2368/1813
f 4413/6959/4657 4126/4718/3447 1528/2285/1753
f 4413/6957/4657 1577/2368/1813 4126/6400/3447
f 4413/6957/4657 4415/6960/4658 4414/6958/668
f 4413/6959/4657 1527/2284/1752 4415/6961/4658
f 4413/6959/4657 1528/2285/1753 1527/2284/1752
f 2425/3632/2732 1833/2754/2095 1831/2748/2092
f 2425/3632/2732 3660/3631/2731 1833/2754/2095
f 4137/6419/4421 4515/6962/4659 1685/17/17
f 4137/6419/4421 4516/6421/4423 4515/6962/4659
f 4137/6419/4421 1685/17/17 4138/6420/4422
f 1538/2308/1767 1537/2307/1769 4416/6963/4660
f 1538/2304/1767 4417/6964/4661 1536/2305/1768
f 1538/2308/1767 4416/6963/4660 4417/6965/4661
f 4418/6966/4662 3269/4990/3615 4419/6967/3617
f 4418/6966/4662 4764/6968/4663 2846/4325/3194
f 4418/6966/4662 2846/4325/3194 2845/4324/3193
f 4418/6966/4662 3601/5518/3953 3269/4990/3615
f 4418/6966/4662 2845/4324/3193 3601/5518/3953
f 4418/6969/4662 4419/6970/3617 4764/6971/4663
f 2214/6802/2516 2742/4160/3085 1442/2165/1662
f 2214/3320/2516 3047/4634/1661 2215/3321/2517
f 2214/6802/2516 1442/2165/1662 3047/2164/1661
f 4420/6972/4664 4106/6973/4404 4108/6974/4310
f 4420/6975/4664 3942/6976/4263 2337/6977/1852
f 4420/6978/4664 2337/6979/1852 4421/6980/1843
f 4420/6972/4664 4421/6981/1843 4106/6973/4404
f 3199/2633/2003 4422/6982/4665 4055/6281/4360
f 3199/6983/2003 3202/6984/3205 4422/6985/4665
f 3199/6986/2003 4423/6987/2002 3200/5820/3546
f 3199/2633/2003 4055/6281/4360 1614/2435/1857
f 3205/4876/3549 3206/4877/3550 4424/6988/4666
f 3205/4876/3549 4424/6988/4666 4425/6989/4667
f 3205/4876/3549 4425/6989/4667 3854/5943/4190
f 3205/4876/3549 3854/5943/4190 846/1300/1004
f 1561/2346/1796 1562/2349/1798 1020/1538/1187
f 1561/2346/1796 1020/1538/1187 1018/1536/1185
f 3617/6990/3970 4579/6878/4630 4426/6991/3971
f 3617/6990/3970 3620/6992/3973 4427/6993/4668
f 3617/6990/3970 4427/6993/4668 4579/6878/4630
f 2248/1203/939 792/1205/941 3611/6432/3964
f 2248/3382/939 72/109/84 2249/3383/2550
f 2281/3417/2580 3082/4686/3428 4542/6994/4669
f 2281/3417/2580 4542/6994/4669 2282/3418/2581
f 78/122/94 4261/6660/2612 79/123/95
f 4175/6484/4452 1585/2378/1823 3226/4910/3571
f 4175/6484/4452 2314/3471/2617 1586/2379/1824
f 4175/6484/4452 1586/2379/1824 1585/2378/1823
f 1200/1795/1388 89/6303/105 4179/6488/4456
f 1200/1795/1388 1201/1796/1389 89/6303/105
f 4118/6389/1834 4428/6995/623 4119/6390/4411
f 4263/6667/1220 4429/6996/4670 4430/6997/4498
f 4263/6667/1220 4430/6997/4498 4870/6998/4500
f 4263/6667/1220 358/539/427 4429/6996/4670
f 4263/6667/1220 4870/6998/4500 4871/6999/1223
f 3565/5452/3917 2813/4277/3162 3566/5453/3918
f 2286/3421/2583 4728/7000/2584 4729/7001/4671
f 2286/3421/2583 4793/7002/4672 3522/5372/3872
f 2286/3421/2583 4729/7001/4671 4793/7002/4672
f 1889/2837/2162 1851/2782/2120 2394/3583/2696
f 1889/2837/2162 3239/4940/3585 2230/3339/2530
f 1889/2837/2162 2394/3583/2696 3239/4940/3585
f 1889/2837/2162 2230/3339/2530 1890/2838/2163
f 3582/5485/3934 3242/7003/3588 4718/194/154
f 3582/5485/3934 3901/6014/3589 3242/7003/3588
f 3245/4948/3592 1263/1880/1458 3246/4949/3593
f 3245/4948/3592 1894/2844/2168 1264/1881/1459
f 3245/4948/3592 1264/1881/1459 1263/1880/1458
f 3245/4948/3592 1895/2845/2169 1894/2844/2168
f 1627/2449/1870 4783/2454/1873 4784/5022/3642
f 1627/2449/1870 3289/5021/3641 1628/2450/1871
f 149/224/175 2036/7004/2327 211/225/176
f 149/227/175 2037/3049/2328 2036/3048/2327
f 149/227/175 147/221/173 2037/3049/2328
f 2550/3838/2873 4431/7005/4673 4432/7006/4674
f 2550/3838/2873 4432/7006/4674 2551/3839/2874
f 2550/3838/2873 2552/3841/2876 4431/7005/4673
f 160/244/190 4528/7007/4675 3505/5342/3853
f 160/244/190 3505/5342/3853 161/245/191
f 160/244/190 1610/247/193 4528/7007/4675
f 245/378/293 4433/7008/4676 4792/3770/2824
f 245/7009/293 248/7010/295 4433/7011/4676
f 2511/3774/2828 2908/4436/3268 4723/7012/4677
f 2511/3774/2828 2510/3773/2827 2908/4436/3268
f 176/264/210 3095/4709/3440 177/265/211
f 184/274/220 1723/2589/1970 634/955/749
f 184/274/220 4720/5091/3696 1723/2589/1970
f 184/274/220 2356/271/217 4720/5091/3696
f 4434/7013/4678 1526/2283/1751 2917/4447/3276
f 4434/7013/4678 2917/4447/3276 2362/3536/1075
f 4434/7013/4678 1527/2284/1752 1526/2283/1751
f 4434/7013/4678 2361/3535/2663 1527/2284/1752
f 4434/7013/4678 2362/3536/1075 2361/3535/2663
f 2654/4000/2989 1675/2527/1922 4778/4001/2990
f 3549/5417/3898 3304/5044/3660 3550/5418/3899
f 3549/5417/3898 3841/5919/4177 3304/5044/3660
f 3549/5417/3898 2409/3609/2716 2408/3607/2714
f 3549/5417/3898 2408/3607/2714 3841/5919/4177
f 3354/5106/3703 1740/2615/1988 3355/5107/3704
f 3354/5106/3703 467/691/552 1740/2615/1988
f 3845/5924/4180 3354/7014/4679 1299/1943/1505
f 1299/1943/1505 3354/7014/4679 4435/7015/2782
f 2938/4475/3296 3359/5116/3710 2939/4476/3297
f 3928/7016/2932 3927/7017/3943 2869/7018/3218
f 3928/7016/2932 2869/7018/3218 4436/7019/3217
f 1311/3757/1520 4437/7020/1522 2499/3758/2815
f 4438/7021/3258 4439/7022/4680 4440/7023/3259
f 4438/4421/3258 2901/4420/3257 3213/4884/3557
f 4438/4421/3258 4692/5326/3846 4439/7024/4680
f 4438/4421/3258 3498/5327/3847 4692/5326/3846
f 2969/4522/3323 3858/5949/4194 2970/4523/388
f 2866/4364/3216 4543/7025/4395 4436/4365/3217
f 2866/4370/3216 2598/3917/2927 4442/3921/2931
f 2866/7026/3216 4441/7027/4503 4543/7028/4395
f 2866/7026/3216 4442/7029/2931 4441/7027/4503
f 2871/4377/3222 2559/3852/2884 2557/3849/2881
f 2877/4383/3228 4443/7030/4681 4144/6431/4426
f 2877/4383/3228 2878/4384/3229 4443/7030/4681
f 2877/4383/3228 4144/6431/4426 3614/5535/3967
f 3127/4764/3476 2755/4179/3096 2404/3599/2707
f 3127/4764/3476 4444/7031/4682 4769/4765/3477
f 3127/4764/3476 2404/3599/2707 4444/7031/4682
f 3618/5543/3972 4654/6713/4554 1168/7032/1351
f 3618/5543/3972 1168/7032/1351 3619/5544/1350
f 3345/7033/3697 3346/7034/2500 4766/7035/3910
f 1345/2020/1557 1221/1822/1409 1220/1821/1408
f 3857/5948/4193 1350/2027/1563 4445/7036/4683
f 3857/5948/4193 4445/7036/4683 3858/5949/4194
f 2370/3550/2672 1787/447/343 2371/3551/2673
f 2370/3550/2672 292/448/344 1787/447/343
f 2370/3550/2672 1865/2803/2136 292/448/344
f 4446/7037/2048 4447/7038/4684 3152/4804/3501
f 4446/7039/2048 1794/7040/2050 4447/7041/4684
f 4446/7037/2048 3152/4804/3501 3153/4805/3502
f 4446/7037/2048 2264/3400/2563 4271/6682/2049
f 4446/7037/2048 3153/4805/3502 2264/3400/2563
f 3872/5968/4208 3156/4808/3505 3873/5969/4209
f 3872/5968/4208 3875/5971/4211 3536/5395/3887
f 4448/7042/4685 4789/6138/4289 2896/4412/3250
f 4448/7042/4685 4793/7043/4672 3458/5264/3801
f 4448/7042/4685 3522/7044/3872 4793/7043/4672
f 4448/7042/4685 4449/7045/4686 4789/6138/4289
f 4448/7042/4685 3458/5264/3801 4449/7045/4686
f 1753/2637/2007 1752/2636/2006 319/7046/382
f 1753/2637/2007 4698/7047/4687 3595/5512/3947
f 1753/2637/2007 3595/5512/3947 1754/2638/2008
f 1753/2637/2007 319/7046/382 4698/7047/4687
f 4450/3486/2631 332/7048/396 2324/3487/2632
f 4450/7049/2631 333/504/397 332/503/396
f 4450/7049/2631 4451/5348/3858 333/504/397
f 4450/3486/2631 2327/3491/2634 4451/7050/3858
f 2302/3449/2602 4041/6258/4348 1107/1668/1287
f 1113/1678/1293 3947/6092/4267 1114/1679/1294
f 1113/1678/1293 4358/6840/4613 4279/6700/4551
f 1113/1678/1293 4279/6700/4551 3947/6092/4267
f 3455/5261/3798 2429/3638/2737 1685/1686/17
f 3455/5261/3798 1685/1686/17 3456/5262/3799
f 2433/3642/2741 4452/7051/4438 4062/6292/4365
f 2433/3642/2741 4061/6291/4364 312/2062/372
f 2433/3642/2741 4158/592/474 4452/7051/4438
f 2433/3642/2741 4062/6292/4365 4061/6291/4364
f 3003/4574/3357 4222/6573/4502 2478/3719/2793
f 3003/4574/3357 3004/4575/3358 2008/2997/2291
f 3003/4574/3357 2008/2997/2291 2009/2999/2292
f 3003/4574/3357 2009/2999/2292 4222/6573/4502
f 2483/7052/2798 3899/6008/4231 1481/7053/1703
f 2483/7054/2798 2335/7055/1854 3899/7056/4231
f 2483/7057/2798 2336/7058/1842 2335/7059/1854
f 2483/3734/2798 4773/3733/885 2336/7060/1842
f 4453/7061/1239 4454/7062/1239 1955/2931/2234
f 4453/7061/1239 4455/7063/4688 4456/7064/4689
f 4453/7061/1239 4456/7064/4689 4457/7065/4690
f 4453/7061/1239 608/923/723 4454/7062/1239
f 4453/7061/1239 4457/7065/4690 608/923/723
f 4453/7061/1239 1955/2931/2234 4455/7063/4688
f 2021/3025/1931 2024/3024/2312 3013/1169/911
f 4458/7066/4691 4391/6909/4639 3106/4727/3453
f 4458/7066/4691 3106/4727/3453 1172/1752/1355
f 4458/7066/4691 1172/1752/1355 1339/2014/1549
f 4458/7066/4691 2750/4174/3093 4391/6909/4639
f 4458/7066/4691 4132/6411/4419 2750/4174/3093
f 4458/7066/4691 1339/2014/1549 4132/6411/4419
f 1819/2723/2078 154/232/181 153/231/180
f 1819/2723/2078 2460/3688/2772 1669/2516/1915
f 1819/2723/2078 1669/2516/1915 154/232/181
f 1819/2723/2078 1818/2722/2077 2460/3688/2772
f 3424/5227/3772 3463/5269/3806 3425/5228/668
f 2925/4463/3283 498/735/588 497/734/587
f 2925/4458/3283 647/971/765 2926/4459/1921
f 4289/6720/4559 3746/5756/4091 3174/4828/3521
f 4289/6720/4559 3174/4828/3521 3173/4827/3520
f 4289/6720/4559 3173/4827/3520 4156/6450/4435
f 4289/6720/4559 2058/3091/2353 3746/5756/4091
f 4289/6720/4559 4156/6450/4435 1914/2879/2194
f 4291/6722/4561 85/129/4 2064/3097/2359
f 4291/6722/4561 2063/3096/2358 3991/6172/4308
f 4291/6722/4561 2064/3097/2359 2063/3096/2358
f 2490/3743/2806 4365/6857/4619 3817/5872/4152
f 2490/3743/2806 2939/4476/3297 4365/6857/4619
f 2474/3712/2789 4393/6914/4641 2475/3713/2790
f 2474/6449/2789 2759/4191/3103 4009/7067/4322
f 2474/3712/2789 4009/6211/4322 4393/6914/4641
f 2474/6449/2789 1803/2704/2059 2759/4191/3103
f 3344/3105/2367 2359/5672/2661 3694/5671/4042
f 1034/1567/1205 4459/7068/3611 1035/1568/1206
f 1034/1567/1205 1036/1569/1207 3263/7069/3608
f 1781/2674/2038 2767/7070/3112 1503/2249/1724
f 1781/2680/2038 1785/2679/2041 2767/4210/3112
f 760/1160/903 2979/4538/3328 2774/4218/3120
f 760/1160/903 759/1159/902 2979/4538/3328
f 760/1160/903 2774/4218/3120 761/1161/904
f 3756/5776/4100 2778/4222/3124 2489/3741/2805
f 3756/5776/4100 2489/3741/2805 2488/3740/2804
f 3756/5776/4100 886/1347/1042 2778/4222/3124
f 3756/5776/4100 2488/3740/2804 3757/5777/4101
f 1564/2353/1801 2101/3155/2400 1567/2357/1804
f 1564/2353/1801 1241/1851/1432 2101/3155/2400
f 1564/2353/1801 1243/1854/1435 1241/1851/1432
f 2789/7071/3136 960/1446/1119 3914/6032/4245
f 2789/7071/3136 3914/6032/4245 4212/5122/3712
f 2789/4234/3136 2787/4232/3134 960/7072/1119
f 3823/5886/4160 3208/4879/3552 3974/6142/4293
f 3823/5886/4160 3824/5887/4161 3209/4880/3553
f 3823/5886/4160 3209/4880/3553 3208/4879/3552
f 3328/5076/3683 3060/4653/3407 412/615/492
f 3921/6046/4250 504/6048/595 2117/3175/2416
f 3683/5642/4031 3336/5084/3690 3337/5085/3691
f 3683/5642/4031 3337/5085/3691 4659/5644/2284
f 3683/5642/4031 4659/5644/2284 3684/5643/4032
f 3683/5642/4031 1712/2578/1959 1711/2577/1958
f 3683/5642/4031 1711/2577/1958 3336/5084/3690
f 4346/6825/4606 1718/2584/1965 3762/5784/4105
f 4346/6825/4606 970/1463/1133 1718/2584/1965
f 4346/6825/4606 971/1464/1134 970/1463/1133
f 4346/6825/4606 4347/6826/4607 971/1464/1134
f 1979/2960/2259 1249/1864/1442 1982/2961/2260
f 1979/2960/2259 1250/1865/1443 1249/1864/1442
f 4460/7073/2895 1540/7074/1770 4812/5883/4159
f 4460/7073/2895 3821/5877/4156 4412/6956/2330
f 4460/7073/2895 4812/5883/4159 3821/5877/4156
f 4460/3866/2895 1539/2311/1771 1540/2310/1770
f 4021/6234/3919 4399/6929/4647 3531/5389/3883
f 4021/6234/3919 4461/7075/3921 4399/6929/4647
f 4357/6839/532 452/2978/533 1995/2979/2275
f 4357/6839/532 1995/2979/2275 4358/6840/4613
f 4462/6113/4277 2158/3234/2460 2157/3233/2459
f 4462/7076/4277 4284/6714/4555 2158/3236/2460
f 4462/7077/4277 4463/7078/4069 4464/7079/4692
f 1509/2256/1730 1510/2258/1732 4465/7080/4693
f 1509/2256/1730 4465/7080/4693 4466/7081/4694
f 1509/2256/1730 4466/7081/4694 1511/2257/1731
f 2164/3245/2466 2107/3163/2406 2105/3160/2403
f 2168/5361/2470 4467/7082/4695 1471/2202/1689
f 2168/5361/2470 4468/7083/2473 4467/7082/4695
f 2176/3262/2479 2635/3979/2972 2177/3263/2480
f 4355/6835/4611 4469/7084/4696 3101/6836/3448
f 4355/7085/4611 4356/7086/4612 2812/4276/3161
f 4355/7085/4611 2812/4276/3161 4469/7087/4696
f 4470/7088/4697 3327/5075/3682 3613/5534/3966
f 4470/7089/4697 3613/7090/3966 4601/7091/289
f 4470/7088/4697 4084/6323/4382 3327/5075/3682
f 4470/7088/4697 4197/6519/4472 4084/6323/4382
f 4470/7089/4697 4891/7092/4698 4197/7093/4472
f 4470/7089/4697 4601/7091/289 4891/7092/4698
f 3031/4612/3381 3033/4614/3383 4471/7094/4699
f 3031/4612/3381 4471/7094/4699 4228/6587/4507
f 3038/7095/3388 2191/3286/2495 2080/3121/2377
f 3038/4619/3388 1654/2494/1901 3039/4620/3389
f 3038/4619/3388 340/513/403 1654/2494/1901
f 1659/2499/1905 3545/5410/3896 1660/2500/1906
f 1659/7096/1905 2195/3288/1907 2194/3287/2497
f 1659/7096/1905 2194/3287/2497 3545/5409/3896
f 2636/3980/2973 2205/3306/2509 2203/3307/2505
f 4472/7097/4700 825/1249/979 2573/3871/2899
f 4472/7097/4700 2573/3871/2899 2575/3876/1654
f 4472/7098/4700 2208/3310/2511 825/7099/979
f 4472/7098/4700 2575/2158/1654 1437/2157/1653
f 4472/7098/4700 1437/2157/1653 2208/3310/2511
f 1607/2417/1849 1054/1602/1229 1608/2418/1850
f 1607/7100/1849 1605/4331/1846 177/265/211
f 1607/7101/1849 3095/4710/3440 1054/1596/1229
f 1607/7100/1849 177/265/211 3095/4709/3440
f 718/1095/852 4473/7102/4701 4474/7103/4702
f 718/1095/852 608/1614/723 4473/7102/4701
f 718/1095/852 721/1098/855 608/1614/723
f 718/1095/852 4474/7103/4702 719/1096/853
f 1922/2890/2202 1925/2893/2205 724/1101/858
f 1922/2890/2202 724/1101/858 3715/5697/4062
f 1303/1950/1512 4135/1949/1511 3847/5928/4183
f 1303/1950/1512 653/980/770 4475/7104/4703
f 1303/1950/1512 4475/7104/4703 1304/1951/1513
f 1303/1950/1512 3847/5928/4183 653/980/770
f 4206/6539/4485 4366/3654/2747 2439/3657/2748
f 4206/6539/4485 1466/2197/1685 4366/3654/2747
f 2542/3828/2866 3527/5383/3878 3526/5382/3877
f 2542/3828/2866 4763/7105/4704 2543/3829/2867
f 2542/3828/2866 2547/3834/2870 3527/5383/3878
f 2542/3828/2866 3526/5382/3877 4763/7105/4704
f 4181/7106/4458 4476/7107/4705 3802/5846/4137
f 4181/6496/4458 4184/6495/4461 4381/6887/4633
f 4181/7106/4458 4381/7108/4633 4476/7107/4705
f 4181/6490/4458 3802/5844/4137 4182/6491/4459
f 4168/6473/668 4174/6483/4451 4805/6474/4445
f 2561/3857/2886 4443/7030/4681 4477/7109/4706
f 2561/3857/2886 4477/7109/4706 2562/3858/2887
f 2561/3857/2886 2564/3860/2889 4144/6431/4426
f 2561/3857/2886 4144/6431/4426 4443/7030/4681
f 4065/5213/3760 4064/7110/4367 3413/5214/3761
f 830/1262/984 4334/6803/3086 831/1263/985
f 4479/7111/4707 4480/7112/3848 4878/7113/43
f 4479/7114/4707 4549/7115/4708 4478/7116/4546
f 4479/7117/4707 1534/7118/1762 4628/7119/4540
f 4744/7120/4709 4479/7121/4710 4236/7122/4711
f 4479/7123/4707 4628/7124/4540 4549/7125/4708
f 4479/7126/4707 4478/7127/4546 4480/7128/3848
f 4479/7129/4707 4878/7130/43 1534/7131/1762
f 35/63/46 2891/4406/3245 40/64/47
f 35/63/46 41/65/48 2945/4482/3303
f 35/63/46 2945/4482/3303 2891/4406/3245
f 3150/4802/3499 3152/4804/3501 4481/7132/4712
f 3150/4802/3499 4481/7132/4712 2312/3469/2615
f 3163/4817/3510 1252/1867/1445 4301/6739/4571
f 3163/4817/3510 4482/7133/4713 4483/7134/4714
f 3163/4817/3510 4301/6739/4571 4482/7133/4713
f 3163/4817/3510 4483/7134/4714 3164/4818/3511
f 3187/4848/3533 2277/3413/2576 4484/7135/2062
f 3187/4848/3533 4485/7136/2061 4486/7137/4715
f 3187/4843/3533 4486/7138/4715 3600/5517/3952
f 3187/4843/3533 3600/5517/3952 3184/4844/3534
f 3187/4848/3533 4484/7135/2062 4485/7136/2061
f 3187/4848/3533 2278/3414/2577 2277/3413/2576
f 866/1326/1024 2970/495/388 867/1327/1025
f 866/1326/1024 865/1325/1023 4487/7139/4716
f 866/1326/1024 4487/7139/4716 2970/495/388
f 871/5890/1028 3313/116/90 873/7140/1030
f 4488/7141/4717 879/1340/1036 876/1337/1033
f 4488/7141/4717 4078/6316/4376 420/623/499
f 4488/7141/4717 420/623/499 421/624/500
f 4488/7141/4717 876/1337/1033 4078/6316/4376
f 4488/7141/4717 421/624/500 879/1340/1036
f 2352/3524/2657 4489/7142/4718 4490/7143/4719
f 2352/3524/2657 4490/7143/4719 1553/2334/1788
f 2352/3524/2657 4119/6737/4411 4489/7142/4718
f 139/211/166 3765/5787/4108 140/212/167
f 139/211/166 3768/5790/4111 3765/5787/4108
f 139/211/166 1505/2252/1726 3768/5790/4111
f 3958/6116/4278 4491/7144/4720 4123/6395/4413
f 3958/6116/4278 3024/4602/3377 4491/7144/4720
f 3958/6116/4278 4350/6829/4610 3959/6117/4279
f 3958/6116/4278 4123/6395/4413 4350/6829/4610
f 4492/7145/3817 3281/5013/3633 2683/7146/3017
f 4492/5282/3817 4828/5283/3818 4187/7147/4464
f 4492/7148/3817 4187/6499/4464 901/1374/1059
f 4492/7145/3817 3282/5014/3634 3281/5013/3633
f 4492/7145/3817 901/7149/1059 3282/5014/3634
f 4414/6958/668 4415/6960/4658 199/293/232
f 4414/6958/668 3476/5285/3820 1577/2368/1813
f 4414/6958/668 199/293/232 3476/5285/3820
f 3478/5287/3822 1833/2753/2095 3660/5616/2731
f 3478/5287/3822 3985/6160/4302 3479/5288/3823
f 3103/6843/3450 1968/5916/2248 4360/6844/4615
f 3103/6843/3450 3105/7150/3452 1968/5916/2248
f 3304/5044/3660 3308/5048/3664 3550/5418/3899
f 1846/2776/2114 2935/4472/3293 2937/4474/3295
f 1846/2776/2114 1196/1791/1384 2935/4472/3293
f 3893/5999/4227 4493/7151/3201 3894/6000/3204
f 3893/5999/4227 4494/7152/4721 4495/7153/4722
f 3893/5999/4227 3892/5998/4226 4494/7152/4721
f 3893/5999/4227 4495/7153/4722 4493/7151/3201
f 4115/6383/267 1888/2836/2161 2229/3338/2529
f 4115/6383/267 2229/3338/2529 3673/5632/268
f 1024/1546/1194 1854/7154/2123 4141/6426/840
f 1024/1546/1194 4558/1541/1190 1854/7154/2123
f 1863/2801/2134 2369/3549/2671 4218/6564/4495
f 1863/2801/2134 4218/6564/4495 1864/2802/2135
f 1869/2808/2141 85/129/4 83/127/99
f 1869/2808/2141 4004/2807/2140 2802/4254/3152
f 1869/2808/2141 2802/4254/3152 85/129/4
f 4496/7155/4723 2333/3497/2639 1748/2627/1997
f 4496/7155/4723 2578/3882/2902 4497/7156/4724
f 4496/7155/4723 4497/7156/4724 2333/3497/2639
f 4496/7155/4723 1874/2813/2145 2577/3883/781
f 4496/7155/4723 2577/3883/781 2578/3882/2902
f 4496/7155/4723 1748/2627/1997 1874/2813/2145
f 1877/6494/2149 4183/6493/4460 4498/7157/568
f 103/151/122 105/153/124 3365/2826/2155
f 3370/5138/3721 3005/4576/3359 3933/6068/4257
f 3370/5138/3721 4499/7158/4575 3005/4576/3359
f 2225/3333/2301 3159/4813/3507 4281/6704/2302
f 1851/2782/2120 2017/3018/2308 2394/3583/2696
f 2097/907/708 2098/3146/2396 1891/2839/2164
f 2872/4378/3223 2874/4380/3225 2557/3849/2881
f 2872/4966/3223 3172/4826/3519 4500/7159/4725
f 2872/4378/3223 4500/7160/4725 2873/4379/3224
f 2494/7161/2810 4501/6644/4529 3341/5089/3694
f 2494/7161/2810 3341/5089/3694 3343/5092/2811
f 2494/3748/2810 2497/3753/2814 4501/7162/4529
f 4088/6332/4386 4502/7163/4726 4722/6533/4480
f 4088/6332/4386 4090/6334/4388 4502/7163/4726
f 4088/6332/4386 4722/6533/4480 4089/6333/4387
f 3589/5495/3941 2707/5496/3043 2710/7164/3046
f 3589/5495/3941 4431/7005/4673 3325/5073/668
f 3589/5495/3941 2710/7164/3046 4503/7165/4727
f 3589/5495/3941 4503/7165/4727 4431/7005/4673
f 3590/7166/3942 4575/7167/4254 4504/7168/4728
f 3590/7169/3942 4504/7170/4728 3961/7171/4281
f 3590/7166/3942 3927/7172/3943 4575/7167/4254
f 2328/1993/1538 1325/1989/1537 2326/3489/2633
f 3638/5580/3990 298/458/353 3639/5581/3991
f 1931/2901/2211 4505/7173/4729 4395/6919/4644
f 1931/2901/2211 4395/6919/4644 1932/2902/2212
f 1931/2901/2211 1685/2543/17 4505/7173/4729
f 4506/7174/2216 4341/6817/4601 1936/6711/2217
f 4506/7174/2216 4342/6818/4602 4341/6817/4601
f 4506/7174/2216 4507/7175/2221 4342/6818/4602
f 2843/4322/3191 1696/2555/1940 3185/4845/3535
f 2843/4322/3191 3185/4845/3535 2844/4323/3192
f 2843/4322/3191 3538/5400/3890 1696/2555/1940
f 2843/4322/3191 1404/2107/1619 3538/5400/3890
f 3081/4684/3427 3350/5101/3700 4508/7176/4730
f 3081/4684/3427 4508/7176/4730 3540/5402/3892
f 3081/4684/3427 3083/4688/3429 3350/5101/3700
f 3081/4684/3427 3540/5402/3892 3082/4685/3428
f 2090/3132/2388 756/1155/898 3463/5269/3806
f 2090/3132/2388 757/1156/899 756/1155/898
f 45/77/55 44/76/54 2586/3901/2914
f 3791/5825/4126 4509/7177/4731 769/1173/915
f 3791/5825/4126 4267/6672/4538 4509/7177/4731
f 3212/4883/3556 4834/2323/1781 3838/5913/3928
f 3212/4883/3556 1169/1749/1352 1165/1744/1347
f 3212/4883/3556 1165/1744/1347 4834/2323/1781
f 3212/4883/3556 3838/5913/3928 1967/2946/2246
f 2036/3056/2327 210/317/249 211/318/176
f 437/641/517 4510/7178/4732 438/642/518
f 437/641/517 436/640/516 1982/2965/2260
f 437/641/517 1982/2965/2260 4511/7179/4733
f 437/641/517 4511/7179/4733 4510/7178/4732
f 3680/5639/4028 3166/4820/3513 3665/5621/4015
f 3680/5639/4028 3167/4821/3514 3166/4820/3513
f 3680/5639/4028 3665/5621/4015 3681/5640/4029
f 1429/2141/1645 2105/3160/2403 1431/2144/1648
f 1429/2141/1645 2894/4410/3249 2105/3160/2403
f 4512/7180/1503 2136/3208/2437 4710/3207/2439
f 4512/7180/1503 4513/7181/4734 2136/3208/2437
f 4512/7180/1503 1300/7182/1506 4513/7181/4734
f 4512/1941/1503 4710/7183/2439 1298/1942/1504
f 2804/4258/3154 2334/3498/2640 4514/7184/3009
f 2804/4258/3154 4514/7184/3009 4268/6522/4474
f 4515/7185/4659 4516/7186/4423 4495/7153/4722
f 4515/7185/4659 4494/7152/4721 1685/6616/17
f 4515/7185/4659 4495/7153/4722 4494/7152/4721
f 3896/6002/4229 1081/1639/1261 4417/6965/4661
f 3896/6002/4229 4417/6965/4661 4416/6963/4660
f 3896/6002/4229 4416/6963/4660 3897/6003/3840
f 706/1076/841 3133/4773/3481 2110/3166/2409
f 1644/2482/1890 1647/806/634 4517/7187/4643
f 1644/6916/1890 4345/6823/4605 1645/7188/1891
f 463/684/547 1809/2713/2068 464/685/548
f 4518/7189/4735 4519/7190/4736 4670/7191/4737
f 4518/7192/4735 4909/7193/4488 4210/7194/4490
f 4518/7189/4735 47/79/57 4519/7190/4736
f 4518/7189/4735 4210/7195/4490 1036/1569/1207
f 4518/7189/4735 1036/1569/1207 47/79/57
f 4518/7192/4735 4670/7196/4737 4909/7193/4488
f 1559/2344/1795 4520/7197/4738 4521/7198/4586
f 1559/2344/1795 2628/3972/2965 4522/7199/4739
f 1559/2344/1795 4521/7198/4586 1563/2348/1797
f 1559/2344/1795 4522/7199/4739 4520/7197/4738
f 560/842/661 559/841/660 2783/4227/3129
f 2736/4150/3079 2737/4151/3080 2828/4304/3178
f 3322/5070/3679 4083/6322/4381 3323/5071/668
f 3322/5070/3679 3324/5072/3680 4186/6498/4463
f 3944/6089/4264 1582/2374/1819 1104/1664/1283
f 3944/6089/4264 2371/3551/2673 1787/447/343
f 3944/6089/4264 1787/447/343 1582/2374/1819
f 4523/7200/4740 1589/2382/1827 4481/7132/4712
f 4523/7200/4740 4149/7201/4430 3946/7202/4266
f 4523/7200/4740 1590/2383/1828 1589/2382/1827
f 4523/7200/4740 4481/7132/4712 4149/7201/4430
f 4523/7200/4740 3946/7202/4266 1590/2383/1828
f 1594/2387/1832 89/134/105 4524/7203/4741
f 1594/2387/1832 4043/6260/4350 1595/2388/1833
f 1594/2387/1832 4524/7203/4741 4043/6260/4350
f 3497/5324/3845 586/888/695 521/772/616
f 3497/5324/3845 2996/7204/3350 3702/7205/184
f 3497/5324/3845 521/772/616 3000/7206/3354
f 3497/5324/3845 3000/7206/3354 2996/7204/3350
f 3497/5324/3845 3702/7205/184 155/5325/183
f 4429/6996/4670 358/539/427 355/536/424
f 4429/6996/4670 1671/2518/1917 4430/6997/4498
f 4429/6996/4670 355/536/424 1671/2518/1917
f 1202/7207/1391 2963/7208/2535 4911/7209/2534
f 1054/1602/1229 1058/1601/1233 1608/2418/1850
f 1054/1596/1229 3095/4710/3440 1055/1597/1230
f 4409/6950/1239 4454/7062/1239 608/923/723
f 4409/6950/1239 1952/2928/2233 1955/2931/2234
f 4409/6950/1239 1955/2931/2234 4454/7062/1239
f 1617/2438/1859 3011/4586/3363 1618/2439/1860
f 1617/2438/1859 1621/2442/1863 3124/4760/3472
f 3348/5099/3699 4683/7210/4742 4411/6954/4656
f 3348/5099/3699 3907/6022/4239 145/217/170
f 3348/5099/3699 145/217/170 4683/7210/4742
f 3348/5099/3699 4411/6954/4656 624/940/739
f 3348/5099/3699 624/940/739 621/936/736
f 62/99/74 4525/7211/4743 3966/7212/4286
f 62/99/74 3966/7212/4286 2861/4358/3210
f 62/99/74 64/101/76 4525/7211/4743
f 2411/3611/2718 2412/3612/2719 3293/5029/3648
f 2411/3611/2718 3292/5028/3647 1776/2667/2032
f 2411/3611/2718 3293/5029/3648 3292/5028/3647
f 2411/3611/2718 1776/2667/2032 1643/2475/1888
f 4526/7213/4744 4074/6312/4373 4076/6314/4374
f 4526/7213/4744 2418/6820/757 4074/6312/4373
f 4526/7213/4744 4076/6314/4374 2418/6820/757
f 4527/7214/1853 2797/4244/3146 4528/7007/4675
f 4527/7215/1853 3942/6084/4263 2797/6083/3146
f 4527/7215/1853 2337/7216/1852 3942/6084/4263
f 4527/2423/1853 4528/7217/4675 1610/2424/193
f 4529/7218/4745 2873/4379/3224 4642/7219/4746
f 4529/7218/4745 4642/7219/4746 4103/6361/4399
f 4529/7218/4745 167/252/198 2873/4379/3224
f 4529/7218/4745 4103/6361/4399 168/253/199
f 4529/7218/4745 168/253/199 167/252/198
f 3380/7220/3727 3770/5792/3726 1040/1574/1211
f 3380/5159/3727 4530/7221/2544 3381/5160/3728
f 3380/7220/3727 1040/1574/1211 1041/1575/1212
f 3380/7220/3727 1041/1575/1212 4530/3372/2544
f 3382/5161/3729 302/465/358 3215/4886/3559
f 3382/5161/3729 3215/4886/3559 3383/5162/3730
f 3382/5161/3729 3807/2729/2083 302/465/358
f 2916/4446/3275 4531/7222/4747 2363/3537/2664
f 2916/4446/3275 3705/5683/4051 4531/7222/4747
f 4532/7223/4748 2957/4503/3316 4533/7224/4749
f 4532/7223/4748 4534/7225/4750 364/545/433
f 4532/7223/4748 2257/7226/2558 4534/7225/4750
f 4532/7223/4748 3707/5685/4053 2957/4503/3316
f 4532/7223/4748 4533/7224/4749 2257/7226/2558
f 4532/7223/4748 364/545/433 3707/5685/4053
f 2782/4226/3128 205/309/243 204/306/241
f 373/559/444 376/562/447 608/1614/723
f 383/570/455 380/567/452 1358/2036/1570
f 3557/5431/3907 3717/4247/3149 3719/5702/4064
f 3557/5431/3907 3719/5702/4064 3558/5432/3908
f 1932/2902/2212 4517/6922/4643 1933/2903/2213
f 1937/2908/2218 3956/6107/4274 1938/2909/2219
f 2662/4019/2997 4440/4424/3259 1048/1588/1224
f 2662/4019/2997 1048/1588/1224 1047/1586/1222
f 3571/5463/3923 2970/4526/388 3572/5464/3924
f 3571/5463/3923 3573/5466/3925 4535/7227/4751
f 3571/5463/3923 4535/7227/4751 2970/4526/388
f 166/251/197 169/254/200 3238/4939/3584
f 4086/6325/4233 3241/4942/3587 3901/4944/3589
f 4086/6325/4233 1710/2576/1957 3241/4942/3587
f 4536/7228/2589 4537/7229/2591 2982/4547/3336
f 4536/7230/2589 4538/7231/4752 4539/7232/4094
f 4536/3431/2589 4539/7233/4094 2291/3432/2590
f 4536/7228/2589 2982/4547/3336 4829/4546/3335
f 4536/7228/2589 4829/4546/3335 4538/7234/4752
f 1721/2587/1968 3554/5425/3904 1722/2588/1969
f 1721/2587/1968 1724/2590/1971 3553/5422/3902
f 4540/7235/2368 2073/6792/2370 977/7236/1141
f 3258/4971/3604 4002/6200/4316 3259/4972/3605
f 3258/4971/3604 4003/6201/4317 4002/6200/4316
f 3258/4971/3604 4541/7237/4753 4003/6201/4317
f 3258/4971/3604 3256/4969/3602 4541/7237/4753
f 753/1152/895 1733/2606/1982 754/1153/896
f 3082/4685/3428 3540/5402/3892 2308/3457/2607
f 3082/4685/3428 2308/3457/2607 4542/7238/4669
f 4261/6660/2612 4260/6659/4534 79/123/95
f 2668/4027/3004 3086/4694/3432 3560/5437/3911
f 2668/4027/3004 998/1502/1163 3086/4694/3432
f 1745/2624/1994 89/6303/105 1746/2625/1995
f 1745/2624/1994 4177/6486/4454 89/6303/105
f 1745/2624/1994 1744/2623/1993 4177/6486/4454
f 4543/6349/4395 4544/1522/1178 4025/5449/3914
f 4543/7239/4395 4441/7240/4503 4544/7241/1178
f 1752/2636/2006 320/4485/383 319/7046/382
f 1256/1873/1451 4085/6324/4383 1257/1874/1452
f 1256/1873/1451 644/7242/762 4714/7243/4754
f 1256/1873/1451 4714/7243/4754 4116/6385/4410
f 1625/2446/1867 1261/1878/1456 4272/6683/4543
f 1625/2446/1867 4272/6683/4543 4058/2447/1868
f 4545/7244/4755 4546/7245/4756 1942/2914/2224
f 4545/7244/4755 4547/7246/4757 4546/7245/4756
f 4545/7244/4755 4317/6772/4584 4548/7247/4758
f 4545/7244/4755 1942/2914/2224 4161/6461/4439
f 4545/7244/4755 4548/7247/4758 4547/7246/4757
f 4545/7244/4755 4161/6461/4439 4317/6772/4584
f 1055/1597/1230 3095/4710/3440 2515/3778/2832
f 1055/1597/1230 2515/3778/2832 1056/1598/1231
f 655/7248/776 4549/7249/4708 4550/7250/777
f 655/7251/776 4634/7252/4759 4549/7253/4708
f 655/7254/776 4551/7255/3485 4634/7256/4759
f 3230/286/227 192/290/229 4100/6357/4396
f 3940/6078/1482 1282/7257/1483 4552/7258/4760
f 3940/6078/1482 4552/7258/4760 4213/6557/4492
f 1287/1922/1489 2149/3222/2452 1288/1923/1490
f 1287/1922/1489 1286/1921/1488 3420/5222/668
f 1287/1922/1489 2153/3226/2455 2149/3222/2452
f 369/554/439 368/553/440 3608/5529/3961
f 369/7259/439 4553/7260/3960 4554/7261/3566
f 369/554/439 3608/5529/3961 4553/5528/3960
f 2677/7262/3013 993/1490/1156 2678/6661/2610
f 2677/7263/3013 4387/7264/4058 993/7265/1156
f 2953/4495/2849 4772/5305/3832 2954/4496/3312
f 4555/3814/2852 3929/6061/4255 1897/7266/2171
f 4555/3814/2852 2534/3817/2855 3929/6061/4255
f 4555/7267/2852 1897/2847/2171 3993/2848/2172
f 4555/3814/2852 3993/6174/2172 2532/3815/2853
f 4556/7268/4761 3112/4740/3460 3114/4739/3459
f 4556/7268/4761 2167/3249/2469 1308/1958/1517
f 4556/7268/4761 4557/7269/4762 3112/4740/3460
f 4556/7268/4761 2169/3253/2472 2167/3249/2469
f 4556/7268/4761 3114/4739/3459 2169/3253/2472
f 4556/7268/4761 1308/1958/1517 4557/7269/4762
f 1852/1423/1102 4437/1963/1522 942/1427/1104
f 1852/1423/1102 3115/4743/3462 4437/1963/1522
f 1854/2790/2123 4558/7270/1190 2320/3480/2625
f 4559/7271/4763 1706/2572/1953 4560/7272/2699
f 4559/7271/4763 2558/3850/2882 1707/2573/1954
f 4559/7271/4763 1707/2573/1954 1706/2572/1953
f 4559/7271/4763 4561/7273/2698 1916/6453/2196
f 4559/7271/4763 1916/6453/2196 2558/3850/2882
f 4559/7271/4763 4560/7272/2699 4561/7273/2698
f 1619/2440/1861 2400/3595/2703 2402/3597/2705
f 1619/2440/1861 2023/3026/2313 2400/3595/2703
f 1619/2440/1861 1618/2439/1860 2019/3022/2311
f 1619/2440/1861 2402/3597/2705 1620/2441/1862
f 2449/3673/2761 2029/3035/2317 2452/3674/2762
f 2449/3673/2761 4769/4765/3477 4444/7031/4682
f 2449/3673/2761 4444/7031/4682 2029/3035/2317
f 3604/5524/3956 1961/2939/2242 1516/2268/1738
f 3604/5524/3956 1516/2268/1738 3605/5525/3957
f 3604/5524/3956 49/82/60 1961/2939/2242
f 3862/5956/4199 3019/4595/3371 4697/7274/4764
f 3862/5956/4199 3020/4596/3372 3019/4595/3371
f 3862/5956/4199 4697/7274/4764 3863/5957/4200
f 824/1248/978 2573/3871/2899 825/1249/979
f 824/1248/978 827/1254/977 3414/5216/3762
f 824/1248/978 3414/5216/3762 2574/3872/2900
f 824/1248/978 2574/3872/2900 2573/3871/2899
f 3868/5962/4205 832/1264/986 663/3886/785
f 3868/5962/4205 833/1265/987 832/1264/986
f 3868/5962/4205 663/3886/785 4726/5963/4206
f 3868/5962/4205 2771/5966/3117 833/1265/987
f 4554/7261/3566 4553/7260/3960 3482/6881/3825
f 4554/7261/3566 3482/6881/3825 3794/7275/3567
f 2679/4047/2778 2467/7276/2780 4474/7103/4702
f 2679/4047/2778 4474/7103/4702 2680/4048/3014
f 1957/2934/2237 1179/1765/1365 3445/5251/3788
f 1363/2044/1578 1398/2099/1613 3450/5256/3793
f 4562/7277/4765 3457/5263/3800 4795/7278/4766
f 4562/7277/4765 1369/2054/1584 2431/3640/2739
f 4562/7277/4765 2430/3639/2738 3457/5263/3800
f 4562/7277/4765 4563/7279/3929 1369/2054/1584
f 4562/7277/4765 2431/3640/2739 2430/3639/2738
f 4562/7277/4765 4795/7278/4766 4563/7279/3929
f 1247/1862/1440 3162/4816/3509 1248/1863/1441
f 4565/6384/4409 3644/7280/3995 4564/7281/4767
f 4565/7282/4409 2947/4486/3304 3644/5589/3995
f 4565/6384/4409 2069/3102/2364 318/488/381
f 4565/6384/4409 4564/7281/4767 2069/3102/2364
f 4401/6932/943 4566/7283/946 3592/5509/3944
f 4401/6932/943 3592/5509/3944 3532/5391/3884
f 1525/2282/1750 3385/5164/3732 3389/5168/3736
f 1525/2282/1750 3389/5168/3736 1526/2283/1751
f 1530/2287/1755 4567/3636/2735 1531/2288/1756
f 1530/5171/1755 4791/5175/3739 4567/7284/2735
f 4569/7285/4768 2540/3825/2863 4568/7286/4769
f 4569/7285/4768 2541/3826/2864 2540/3825/2863
f 4569/7285/4768 4568/7286/4769 4570/7287/4770
f 4569/7285/4768 1685/6616/17 2541/3826/2864
f 4569/7288/4768 4570/7289/4770 1685/1688/17
f 1405/7290/1620 4571/7291/30 3056/7292/3403
f 1405/2108/1620 3056/7293/3403 3055/2109/1621
f 4572/7294/4771 4573/7295/4772 1091/7296/1270
f 4572/7294/4771 1090/7297/1269 1410/2115/1626
f 4572/7294/4771 1409/2114/1625 4574/7298/4773
f 4572/7294/4771 1091/7296/1270 1090/7297/1269
f 4572/7294/4771 4574/7298/4773 4573/7295/4772
f 4572/7294/4771 1410/2115/1626 1409/2114/1625
f 4575/6060/4254 2955/6059/710 4576/7299/3311
f 4575/7300/4254 4576/7301/3311 4504/7302/4728
f 2943/4480/3301 4577/7303/2753 1787/2683/343
f 2943/4480/3301 1787/2683/343 2944/4481/3302
f 2943/4480/3301 2445/4483/2756 4577/7303/2753
f 960/1450/1119 4097/6343/4393 961/1451/1122
f 960/1450/1119 2787/7304/3134 4097/6343/4393
f 4579/6878/4630 4578/7305/69 4426/6991/3971
f 4579/6878/4630 4427/6993/4668 4378/6879/3827
f 4579/7306/4630 58/94/70 4578/92/69
f 3609/5530/3962 4023/6237/4333 2322/3483/2628
f 3609/5530/3962 3452/5258/3795 4580/7307/4774
f 3609/5530/3962 2322/3483/2628 4581/7308/4775
f 3609/5530/3962 4580/7307/4774 4023/6237/4333
f 3609/5530/3962 4581/7308/4775 3610/5531/3963
f 2209/7309/2334 1435/2148/1652 4582/7310/4129
f 2255/3390/2556 3435/5238/3780 2256/3391/2557
f 4361/6846/4616 4128/7311/4416 3104/6847/3451
f 4361/6853/4616 4170/6479/4449 4128/7312/4416
f 4001/5344/3855 3510/5356/3861 3085/4690/3431
f 2705/4089/3041 2707/4091/3043 4583/7313/3940
f 2705/4089/3041 4583/7313/3940 4082/6614/4380
f 2705/4089/3041 2892/4408/3247 2706/4090/3042
f 2715/4099/3051 3672/5630/4021 4404/6945/4652
f 2715/4099/3051 4404/6945/4652 89/134/105
f 4467/7082/4695 2757/4186/3100 1472/2203/1690
f 4467/7082/4695 4468/7083/2473 4011/6213/4323
f 4467/7082/4695 1472/2203/1690 1471/2202/1689
f 4467/7082/4695 4011/6213/4323 2757/4186/3100
f 1767/2651/2021 4477/7109/4706 2878/4384/3229
f 1767/2651/2021 2562/3858/2887 4477/7109/4706
f 1767/2651/2021 1763/2647/2017 2562/3858/2887
f 1767/2651/2021 2878/4384/3229 679/1022/803
f 3933/6068/4257 3005/4576/3359 3007/4578/3361
f 3933/6068/4257 3007/4578/3361 3809/5853/4144
f 1494/2238/1716 3757/5777/4101 2488/3740/2804
f 1494/2238/1716 2124/3184/2422 3757/5777/4101
f 142/214/168 144/216/169 1782/2675/2039
f 3251/4403/3242 1788/2684/2044 4584/7314/3785
f 3701/7315/4048 1043/1578/1215 4585/1577/1214
f 3701/5679/4048 4585/7316/1214 3702/5680/184
f 326/497/390 1096/1656/1275 1095/1654/1274
f 2728/4142/3071 3737/5743/4083 3738/5744/4084
f 2728/4142/3071 1760/2644/2014 3737/5743/4083
f 2728/4142/3071 3738/5744/4084 2729/4143/3072
f 4587/7317/3573 4018/7318/4330 4586/7319/4776
f 4587/7320/3573 4586/7321/4776 2719/7322/3057
f 4587/7323/3573 4120/7324/4331 4018/7325/4330
f 178/266/212 177/265/211 1605/4331/1846
f 1566/2356/1803 4255/6645/3445 4080/6318/4378
f 2910/4439/3270 3320/5068/3677 2911/4440/3271
f 196/297/235 4415/6961/4658 2361/3535/2663
f 196/297/235 199/300/232 4415/6961/4658
f 1841/2767/2107 4588/7326/4777 1839/2768/2108
f 1841/2770/2107 4820/2765/2106 4589/7327/4778
f 1841/2767/2107 4589/7328/4778 4588/7326/4777
f 1740/2615/1988 4590/7329/2176 4591/7330/4779
f 1740/2615/1988 4591/7330/4779 3355/5107/3704
f 4094/6339/4391 1799/2700/2055 1798/2699/2054
f 4094/6339/4391 4592/7331/4780 4095/6340/4392
f 4094/6339/4391 1798/2699/2054 4592/7331/4780
f 4094/6339/4391 4098/6344/4394 1799/2700/2055
f 3112/4735/3460 4557/7332/4762 4593/7333/4781
f 3112/4735/3460 4593/7333/4781 3113/4736/3461
f 4437/7020/1522 3115/4741/3462 2499/3758/2815
f 1855/2791/2124 3676/5635/4024 1856/2792/2125
f 1855/2791/2124 2323/3484/2629 3677/5636/4025
f 1855/2791/2124 3677/5636/4025 3676/5635/4024
f 2972/4525/3324 4594/7334/4782 4595/7335/4783
f 2972/4525/3324 2970/4526/388 4594/7334/4782
f 2972/4525/3324 4595/7335/4783 533/797/630
f 3899/7056/4231 2335/7055/1854 159/7336/189
f 3899/6008/4231 1482/6010/1704 1481/7053/1703
f 1706/2572/1953 1705/2571/1952 4560/7272/2699
f 2398/3592/2701 3614/5535/3967 2399/3593/2702
f 2029/3035/2317 4444/7031/4682 2404/3599/2707
f 2029/3037/2317 855/1312/1014 2452/3678/2762
f 1961/2939/2242 1965/2943/2244 4674/2269/1739
f 1961/2939/2242 4674/2269/1739 1516/2268/1738
f 4145/6433/4427 269/412/318 268/411/317
f 4145/6433/4427 268/411/317 2246/3378/2549
f 4145/6433/4427 2246/3378/2549 3044/4630/3393
f 3626/5553/3978 2517/7337/1363 2518/5554/2836
f 3626/5553/3978 472/696/557 4596/7338/1364
f 3626/5553/3978 4903/2618/1989 472/696/557
f 3626/5553/3978 4596/7338/1364 2517/7337/1363
f 283/7339/334 2693/4065/3026 1346/6540/1558
f 283/7339/334 281/7340/332 3392/5177/3740
f 283/7339/334 3392/5177/3740 2693/4065/3026
f 286/440/338 1785/2679/2041 1784/2678/2040
f 286/440/338 1784/2678/2040 287/441/339
f 4148/6439/4429 4447/7041/4684 1794/7040/2050
f 4148/6439/4429 1794/7040/2050 3640/5585/3992
f 4148/6439/4429 3640/5585/3992 3639/5581/3991
f 4148/6439/4429 4149/6440/4430 4447/7041/4684
f 304/468/361 3156/4810/3505 4151/469/362
f 3457/5263/3800 4793/7043/4672 4795/7278/4766
f 3457/5263/3800 3458/5264/3801 4793/7043/4672
f 3162/5587/3509 4510/7178/4732 1248/7341/1441
f 3162/5587/3509 1125/1695/1306 4510/7178/4732
f 3644/5589/3995 2947/4486/3304 3645/5590/3996
f 3644/7280/3995 862/1321/1021 4564/7281/4767
f 2556/3855/2880 2560/3854/2885 3173/4827/3520
f 1384/2080/1599 1386/2082/1601 1921/2889/2201
f 1531/2288/1756 2427/3635/2734 4597/7342/4784
f 1531/2288/1756 4597/7342/4784 90/135/106
f 1531/2288/1756 4567/3636/2735 2427/3635/2734
f 1075/1628/1252 4598/7343/4785 1685/17/17
f 1075/1628/1252 1076/1629/1253 4598/7343/4785
f 1075/1628/1252 1685/17/17 13/16/16
f 3269/4990/3615 4486/7138/4715 3267/4991/3616
f 3269/4990/3615 3601/5518/3953 4486/7138/4715
f 4599/7344/3621 4573/7295/4772 3602/5519/3954
f 4599/7344/3621 3602/5519/3954 4280/5520/1848
f 4599/7344/3621 3272/7345/3622 4573/7295/4772
f 3995/7346/4080 2808/7347/1467 4600/7348/1465
f 4750/7349/4786 3995/7350/4787 4601/7351/289
f 4053/7352/4356 4630/7353/4358 38/7354/51
f 4053/7355/4356 38/7356/51 4602/7357/4513
f 3206/4877/3550 3204/4875/3548 4603/7358/4788
f 3206/4877/3550 4603/7358/4788 4424/6988/4666
f 3620/6992/3973 3616/7359/924 4604/7360/926
f 3620/6992/3973 4604/7360/926 4427/6993/4668
f 3449/5255/3792 2204/3305/2508 4165/7361/4442
f 3449/5255/3792 3610/5531/3963 2204/3305/2508
f 3449/5255/3792 4165/7361/4442 3451/5257/3794
f 790/1202/938 2250/3384/2551 3220/4892/3565
f 790/1202/938 3220/4892/3565 791/1204/940
f 2256/3391/2557 4534/7362/4750 2257/3392/2558
f 2256/3391/2557 4376/6876/4629 4534/7362/4750
f 2256/3391/2557 3435/5238/3780 4376/6876/4629
f 77/7363/93 3223/4909/3568 2466/7364/2779
f 77/121/93 1739/2614/1987 3223/4902/3568
f 1585/2378/1823 4678/7365/4789 3226/4910/3571
f 1585/2378/1823 1588/2381/1826 4678/7365/4789
f 4605/7366/4790 89/134/105 91/136/107
f 4605/7366/4790 4606/7367/4791 4524/7203/4741
f 4605/7366/4790 4597/7342/4784 4606/7367/4791
f 4605/7366/4790 4524/7203/4741 89/134/105
f 4605/7366/4790 91/136/107 4597/7342/4784
f 94/139/110 1470/2201/1688 95/140/111
f 94/139/110 4703/2820/2150 3514/5363/3864
f 94/139/110 3514/5363/3864 1470/2201/1688
f 100/145/116 4733/147/118 4851/2208/1695
f 105/153/124 4101/6359/4397 3231/4923/3576
f 105/153/124 3231/4923/3576 3365/2826/2155
f 105/153/124 107/155/126 4101/6359/4397
f 1883/2827/2156 3235/4927/3580 1545/2828/1777
f 4248/7368/4448 4895/7369/1585 4834/2327/1781
f 4248/7368/4448 4834/2327/1781 4249/2326/1782
f 3239/4940/3585 2394/3583/2696 2396/3584/2697
f 1263/1880/1458 1265/1882/1460 1624/2445/1866
f 1503/2249/1724 2767/7070/3112 4607/7370/3597
f 1503/2249/1724 4607/7370/3597 1504/2250/1725
f 4609/7371/4792 4610/7372/4793 4608/7373/4794
f 4609/7374/4792 4824/7375/4795 4610/7376/4793
f 4609/7374/4792 3997/6190/4312 4611/7377/4796
f 4609/7371/4792 4608/7373/4794 3997/7378/4312
f 4609/7374/4792 4611/7377/4796 4824/7375/4795
f 3132/4772/1735 3133/4773/3481 948/7379/875
f 3132/2264/1735 948/1121/875 738/1119/873
f 497/742/587 500/738/590 1649/2486/1893
f 4612/7380/4797 514/762/608 516/764/610
f 4612/7380/4797 3391/5174/3738 1532/5172/1757
f 4612/7380/4797 1532/5172/1757 4613/7381/1758
f 4612/7380/4797 516/764/610 2960/4507/3317
f 4612/7380/4797 4613/7381/1758 514/762/608
f 4612/7380/4797 2960/4507/3317 3391/5174/3738
f 2341/3508/2644 2340/3507/2643 2548/3835/2871
f 2341/3508/2644 2545/3832/2868 3599/5516/3951
f 2341/3508/2644 2548/3835/2871 2545/3832/2868
f 2553/3840/2875 2181/3268/2483 2180/3267/2484
f 2553/7382/2875 2965/4516/2877 2181/3266/2483
f 528/792/627 3234/4926/3579 3233/4925/3578
f 528/792/627 3233/4925/3578 529/793/628
f 528/792/627 4595/7383/4783 3234/4926/3579
f 528/792/627 533/801/630 4595/7383/4783
f 536/811/633 1934/2904/2214 4517/6922/4643
f 536/811/633 538/810/637 1934/2904/2214
f 536/805/633 4517/7187/4643 1647/806/634
f 540/815/639 543/818/642 2350/3521/2654
f 540/815/639 2350/3521/2654 1152/1725/1332
f 1555/2336/1789 3356/5113/3707 4019/3525/2658
f 4520/7197/4738 3130/4768/3479 3128/4770/3478
f 4520/7197/4738 3128/4770/3478 4521/7198/4586
f 4520/7197/4738 4522/7199/4739 3130/4768/3479
f 1426/2138/1642 559/841/660 4614/7384/1138
f 1426/2138/1642 2783/4227/3129 559/841/660
f 1431/2144/1648 2106/3161/2404 2520/3791/2839
f 3568/849/665 568/854/670 4461/7075/3921
f 3568/5457/665 3569/5460/3922 4615/7385/666
f 572/871/681 573/870/682 4616/7386/4798
f 572/871/681 2703/4084/3037 3729/2072/1595
f 572/871/681 4616/7386/4798 2703/4084/3037
f 2992/4563/3346 3560/5437/3911 3086/4694/3432
f 582/884/691 581/883/690 2993/4564/3347
f 586/888/695 3498/5327/3847 587/889/696
f 4430/6569/4498 1671/2515/1917 4220/6570/4499
f 4617/7387/4799 4749/2300/1764 4750/7388/4786
f 4617/7389/4799 4618/7390/3067 3736/7391/4082
f 4617/7392/4799 4586/7319/4776 4018/7318/4330
f 4617/7393/4799 3736/7394/4082 4619/7395/1765
f 4617/7387/4799 4619/2301/1765 4749/2300/1764
f 4617/7387/4799 4750/7388/4786 4586/7396/4776
f 4406/3929/2935 1273/1902/1473 1274/1903/1472
f 4406/6947/2935 602/917/717 1273/7397/1473
f 3011/4586/3363 2019/3022/2311 1618/2439/1860
f 2733/4147/3076 814/1229/965 813/1228/964
f 4620/7398/4800 3742/5751/4087 4621/7399/4801
f 4620/7398/4800 4621/7399/4801 637/958/752
f 4620/7398/4800 3743/5752/4088 3742/5751/4087
f 4620/7398/4800 637/958/752 638/959/753
f 4620/7398/4800 638/959/753 3743/5752/4088
f 1089/1647/1268 1091/1650/1270 3272/7400/3622
f 1089/1647/1268 4622/7401/3620 2970/1648/388
f 1089/7402/1268 3272/5002/3622 4622/5000/3620
f 3501/7403/44 4811/7404/3849 4623/7405/1763
f 3501/7406/44 1255/7407/4802 4891/5142/3722
f 3501/7406/44 4891/5142/3722 2961/5141/1392
f 3033/4614/3383 1651/2490/1897 1653/2492/1899
f 3033/4614/3383 3035/4616/3385 1651/2490/1897
f 3033/4614/3383 1653/2492/1899 4471/7094/4699
f 2191/3286/2495 2081/3122/2378 2080/3121/2377
f 3040/4622/3390 1480/2218/410 4231/6590/4510
f 3040/4622/3390 346/4626/413 1480/2218/410
f 4323/6782/4588 4324/6783/4589 4343/6819/4603
f 4323/6782/4588 4343/6819/4603 4371/6869/4625
f 4323/6782/4588 4371/6869/4625 1974/2954/2254
f 1282/7257/1483 1/1/1 4552/7258/4760
f 2923/4453/3281 7/10/10 8/11/11
f 2923/4455/3281 4624/7408/4803 4625/7409/4804
f 2923/4455/3281 2921/4452/3280 4624/7408/4803
f 2923/4453/3281 4625/7410/4804 7/10/10
f 375/561/446 4785/564/449 3692/7411/4040
f 375/561/446 3713/5694/4059 376/562/447
f 375/561/446 3692/7411/4040 3713/5694/4059
f 4379/6883/4631 4113/6379/4408 4626/7412/4805
f 4379/6883/4631 4626/7412/4805 2833/7413/3182
f 4379/6883/4631 2022/3027/2314 4113/6379/4408
f 4379/6883/4631 2833/7413/3182 3716/5696/4061
f 312/2062/372 4061/6291/4364 4627/7414/374
f 4024/6238/3915 4424/6988/4666 2095/3141/2394
f 4024/6238/3915 4425/6989/4667 4424/6988/4666
f 4024/6238/3915 1013/5944/1180 4425/6989/4667
f 406/7415/486 404/5568/483 4864/5570/3985
f 406/605/486 4864/7416/3985 1320/1980/1531
f 4383/4652/3406 412/615/492 3060/4653/3407
f 3922/7417/1379 2118/3172/2414 4821/4659/3410
f 2128/3190/2426 2127/3188/2425 2122/3181/2419
f 2128/3190/2426 3830/5899/908 2127/3188/2425
f 2128/3190/2426 1712/2578/1959 3830/5899/908
f 1718/2584/1965 970/1463/1133 1719/2585/1966
f 1718/2584/1965 1717/2583/1964 3762/5784/4105
f 4550/7250/777 4549/7249/4708 4628/7418/4540
f 4550/989/777 4628/6676/4540 1050/1591/1225
f 1902/2859/2181 2139/3211/2442 1903/2860/2182
f 1341/2016/1553 4091/6335/4389 1342/2017/1554
f 1341/2016/1553 1343/2018/1555 4091/6335/4389
f 4629/7419/4806 4246/6627/4521 984/1479/1148
f 4629/7419/4806 2306/3453/2605 4246/6627/4521
f 4629/7419/4806 2307/3454/2606 2306/3453/2605
f 4629/7419/4806 984/1479/1148 4032/6248/4339
f 4629/7419/4806 4030/6246/4337 2307/3454/2606
f 4629/7419/4806 4032/6248/4339 4030/6246/4337
f 4386/7420/2775 750/1149/892 749/1147/890
f 4386/7420/2775 749/1147/890 2463/4687/2776
f 1460/2191/1679 4146/420/325 4435/3704/2782
f 1460/2191/1679 274/421/326 4146/420/325
f 3797/5838/4132 89/700/105 475/699/560
f 3797/5838/4132 2472/3708/2786 89/700/105
f 3797/5838/4132 3798/5839/4133 2472/3708/2786
f 2167/3249/2469 1307/1955/1516 1308/1958/1517
f 4630/7421/4358 39/71/49 38/70/51
f 4630/7422/4358 4422/7423/4665 39/7424/49
f 4630/6278/4358 4055/6281/4360 4422/6982/4665
f 783/1194/932 780/1190/929 4293/6724/4563
f 783/1194/932 4293/6724/4563 3880/5976/4215
f 1212/1812/1400 2193/3285/2494 1213/1813/1401
f 3811/5859/4145 4837/3194/2429 808/6125/959
f 3811/5859/4145 2131/3195/2430 4837/3194/2429
f 3622/5548/3975 3632/5566/3984 2731/4145/3074
f 3622/5548/3975 3530/5387/3882 2888/4401/3240
f 3622/5548/3975 2888/4401/3240 3632/5566/3984
f 4631/7425/4807 4502/7163/4726 4090/6334/4388
f 4631/7425/4807 3290/5025/3645 3291/5027/3646
f 4631/7425/4807 4632/7426/4808 3290/5025/3645
f 4631/7425/4807 4090/6334/4388 2142/3214/2445
f 4631/7425/4807 3291/5027/3646 4502/7163/4726
f 4631/7425/4807 2142/3214/2445 4633/7427/4809
f 4631/7425/4807 4633/7427/4809 4632/7426/4808
f 2572/3869/2898 3742/5751/4087 1436/2155/1655
f 2572/3869/2898 4621/7399/4801 3742/5751/4087
f 2572/3869/2898 4333/6801/4595 4621/7399/4801
f 2572/3875/2898 2576/3874/2901 3866/7428/4203
f 2572/3869/2898 3866/7429/4203 4333/6801/4595
f 2742/4160/3085 3415/5217/3763 1442/2165/1662
f 4549/7430/4708 4634/7431/4759 4478/7432/4546
f 4602/7357/4513 38/7356/51 40/7433/47
f 4602/7357/4513 40/7433/47 4335/7434/3246
f 4635/7435/4810 3445/5251/3788 1180/1767/1366
f 4635/7435/4810 469/3243/554 3446/5252/3789
f 4635/7435/4810 470/7436/555 469/3243/554
f 4635/7435/4810 3446/5252/3789 3445/5251/3788
f 4635/7435/4810 1180/1767/1366 4596/1768/1364
f 4635/7435/4810 4596/1768/1364 470/7436/555
f 2316/7437/2619 1362/2043/1577 3451/5257/3794
f 2316/7437/2619 4165/7361/4442 4636/7438/2620
f 2316/7437/2619 3451/5257/3794 4165/7361/4442
f 4380/6885/4632 3158/7439/3506 1685/1688/17
f 4380/6886/4632 2589/3905/2918 3159/4813/3507
f 4380/6886/4632 3159/4813/3507 3158/4812/3506
f 4627/7440/374 4166/6468/4363 4638/6471/4443
f 4627/481/374 4637/7441/4811 314/482/375
f 4627/7414/374 4061/6291/4364 4166/7442/4363
f 4627/481/374 4638/7443/4443 4637/7441/4811
f 860/1318/1018 4781/7444/4812 4371/6869/4625
f 860/1318/1018 3646/1320/1020 4781/7444/4812
f 860/1318/1018 4371/6869/4625 4343/6819/4603
f 2773/4217/3119 3469/5275/3812 761/1161/904
f 2773/4217/3119 3827/5893/4164 3469/5275/3812
f 2776/4220/3122 2778/4222/3124 888/1349/1044
f 2776/4220/3122 4327/6788/4592 4639/7445/4813
f 2776/4220/3122 4639/7445/4813 2777/4221/3123
f 2776/4220/3122 888/1349/1044 4327/6788/4592
f 809/5779/960 810/6621/961 3066/4661/3412
f 3959/6117/4279 2413/3613/2720 1640/2471/1884
f 3959/6117/4279 4350/6829/4610 3979/6150/4296
f 3959/6117/4279 3979/6150/4296 2413/3613/2720
f 900/1378/1058 898/1371/1057 3280/5012/3632
f 900/1378/1058 3282/5014/3634 901/7149/1059
f 3475/5284/3819 565/851/667 1578/2370/1815
f 3475/5284/3819 1578/2370/1815 3476/5285/3820
f 4640/2751/2094 3480/5289/3824 3837/5911/4174
f 4640/2751/2094 3837/5911/4174 913/5912/1072
f 4640/7446/2094 913/1389/1072 1112/6841/1292
f 4360/6844/4615 1968/5916/2248 3840/5915/4175
f 4360/6844/4615 3840/5915/4175 4869/7447/1076
f 4391/6911/4639 4392/6910/4640 3107/7448/3454
f 4391/6909/4639 3107/4728/3454 3106/4727/3453
f 3992/6173/4309 2221/3327/2523 2268/3404/2567
f 3992/6173/4309 2222/3328/2524 2221/3327/2523
f 3992/6173/4309 2268/3404/2567 2267/3403/2566
f 3718/5701/4063 4193/6509/4469 4365/6857/4619
f 3718/5703/4063 3053/4643/3402 4193/6753/4469
f 1849/2779/2117 4405/6946/4653 1416/2122/1633
f 1849/2779/2117 1416/2122/1633 935/1416/1095
f 3493/5314/3838 4641/7449/4814 3494/5315/3839
f 3493/5314/3838 3777/5802/4115 4641/7449/4814
f 3493/5314/3838 4194/5319/3842 3777/5802/4115
f 1856/2792/2125 3676/5635/4024 946/1433/1108
f 4275/6689/4547 4116/6385/4410 4277/6690/4548
f 4275/6689/4547 4276/6696/4549 4762/7450/4815
f 4275/6689/4547 4762/7450/4815 4288/6718/4558
f 4275/6689/4547 4288/6718/4558 4116/6385/4410
f 1452/2183/1671 1454/2185/1673 4298/6734/4568
f 1452/2183/1671 4298/6734/4568 4642/7451/4746
f 1452/2183/1671 4642/7451/4746 4500/7159/4725
f 1452/2183/1671 4500/7159/4725 1453/2184/1672
f 3627/5555/3979 4337/6811/4597 4256/6649/4531
f 3627/5555/3979 4256/6649/4531 4258/6651/4533
f 3627/5555/3979 4258/6651/4533 4196/5556/3980
f 3627/5555/3979 4389/6905/4636 4337/6811/4597
f 3627/5555/3979 3137/4780/3486 4389/6905/4636
f 474/7452/559 2691/4063/562 3393/5178/3741
f 4183/6493/4460 670/1010/569 4498/7157/568
f 1878/2821/698 3229/4921/3575 589/5450/699
f 106/154/125 3521/5371/3871 107/155/126
f 106/154/125 108/156/127 677/1020/801
f 111/159/130 1546/2322/1780 4013/6218/4326
f 111/159/130 4013/6218/4326 112/160/131
f 201/302/238 205/7453/243 4845/2629/1999
f 4641/7449/4814 3777/5802/4115 4225/6579/4504
f 4641/7449/4814 4225/6579/4504 3898/6006/4230
f 4641/7449/4814 3898/6006/4230 3494/5315/3839
f 2098/3146/2396 4819/7454/4816 1891/2839/2164
f 2098/3146/2396 2099/3151/2397 4819/7454/4816
f 2827/4297/3174 3490/5307/3834 2824/4298/3175
f 2827/4297/3174 4832/5308/3835 3490/5307/3834
f 2827/4303/3174 2826/4301/3177 4832/7455/3835
f 1534/7131/1762 4878/7130/43 4623/7456/1763
f 700/1061/831 2500/3759/271 2609/3941/2942
f 2610/3942/2943 4214/6558/4493 4643/7457/4817
f 2610/3942/2943 4643/7457/4817 2145/3217/2448
f 2610/3942/2943 910/1385/1068 4214/6558/4493
f 3416/5218/3764 2614/3946/2947 2615/3947/2948
f 3416/5218/3764 986/1481/1150 2614/3946/2947
f 4646/7458/4818 2197/7459/2499 4644/7460/4819
f 4646/7458/4818 4645/7461/3906 4859/7462/4262
f 4646/7463/4818 3504/5341/3852 4645/5430/3906
f 4646/7458/4818 4859/7462/4262 4800/7464/4820
f 4646/7463/4818 4644/7465/4819 3504/5341/3852
f 4646/7458/4818 4800/7464/4820 2197/7459/2499
f 4647/7466/4821 1454/2185/1673 4250/6635/4524
f 4647/7466/4821 4298/6734/4568 1454/2185/1673
f 4647/7466/4821 2620/3960/2957 4299/6735/4569
f 4647/7466/4821 4250/6635/4524 2620/3960/2957
f 4647/7466/4821 4299/6735/4569 4298/6734/4568
f 252/6766/300 3780/5806/4118 253/7467/301
f 252/6766/300 4648/7468/299 727/1108/862
f 2686/5994/3020 4649/7469/4822 1798/2699/2054
f 2686/4058/3020 4314/6767/4580 4649/7470/4822
f 3874/5970/4210 3537/5396/3888 3875/5971/4211
f 3874/5970/4210 3878/5974/4214 2998/4569/3352
f 2760/4198/3105 2762/4200/3107 741/1124/878
f 3785/5399/3889 1692/2556/1941 3538/5400/3890
f 3785/5399/3889 3055/2109/1621 1317/4648/1528
f 3539/5401/3891 4508/7176/4730 4027/6241/2710
f 3539/5401/3891 3540/5402/3892 4508/7176/4730
f 754/1153/896 3696/5674/4043 755/1154/897
f 754/1153/896 1733/2606/1982 4031/6247/4338
f 754/1153/896 4031/6247/4338 3696/5674/4043
f 2647/3992/2982 2646/3991/2981 3789/5822/4124
f 1963/2941/2241 2859/4355/3209 3210/4881/3554
f 1963/2941/2241 3210/4881/3554 1964/2942/2243
f 2525/3797/2844 3625/3683/2767 2526/3798/2845
f 2594/3913/2923 859/1317/1017 4324/6783/4589
f 2594/3913/2923 4650/7471/4823 859/1317/1017
f 2594/3913/2923 2596/3915/2925 4650/7471/4823
f 3612/5533/3965 2295/3441/2595 2864/4361/3213
f 3612/5533/3965 3611/5532/3964 2296/3442/2596
f 3612/5533/3965 2296/3442/2596 2295/3441/2595
f 3426/5229/3773 4624/7408/4803 2921/4452/3280
f 3426/5229/3773 3029/4609/3379 4624/7408/4803
f 570/1655/674 1097/1657/1276 4776/7472/676
f 332/7048/396 4651/7473/400 2324/3487/2632
f 1107/1668/1287 4041/6258/4348 578/880/687
f 2896/4415/3250 2895/4414/3252 4652/7474/3873
f 2899/4418/3255 3950/6097/4270 3884/5986/4218
f 3931/6064/668 3366/5132/3717 1882/6065/2154
f 1136/1708/1317 4304/6742/4574 323/493/386
f 1136/1706/1317 3006/4577/3360 4499/7158/4575
f 1136/1708/1317 4499/6743/4575 4304/6742/4574
f 3935/6071/4259 3937/6073/3624 4653/7475/4000
f 3277/5009/3629 3278/5010/3630 4457/7065/4690
f 3277/5009/3629 4456/7064/4689 4751/6706/4552
f 3277/5009/3629 4457/7065/4690 4456/7064/4689
f 2684/6708/3018 2683/7146/3017 1157/1735/1338
f 4654/7476/4554 4249/2324/1782 1168/1748/1351
f 4654/6713/4554 4284/6714/4555 4249/7477/1782
f 3842/5920/4178 2407/3606/2713 1637/2466/1880
f 3842/5920/4178 3841/5919/4177 2408/3607/2714
f 3842/5920/4178 2408/3607/2714 2407/3606/2713
f 1641/2472/1885 1643/2475/1888 1774/2661/2028
f 4656/3615/2722 1184/1774/1372 3786/1771/1369
f 4656/3615/2722 3786/1771/1369 4655/7478/2652
f 4656/7479/2722 4655/7480/2652 2415/7481/2723
f 2747/4168/3090 2746/4167/3089 4644/7465/4819
f 2747/4168/3090 4644/7465/4819 2199/7482/2502
f 2747/4168/3090 4657/7483/4824 1521/7484/1744
f 2747/4168/3090 1521/7484/1744 1520/4169/1743
f 2747/4168/3090 2199/7482/2502 4657/7483/4824
f 2928/4465/3286 3508/5350/3859 2327/3490/2634
f 2928/4465/3286 2930/4467/3288 3508/5350/3859
f 2928/4465/3286 2327/3490/2634 4658/7485/4825
f 2928/4465/3286 4658/7485/4825 2929/4466/3287
f 2933/4470/3291 85/129/4 2934/4471/3292
f 1975/2955/2255 3880/5977/4215 2595/3914/2924
f 444/650/522 1907/2864/2185 1207/1806/1397
f 4546/7245/4756 4547/7246/4757 4659/7486/2284
f 4546/7245/4756 4659/7486/2284 1946/2918/2228
f 4546/7245/4756 1946/2918/2228 1942/2914/2224
f 1216/1816/1404 3312/5056/3670 1218/1817/1405
f 2415/7487/2723 2348/3517/2651 4660/7488/1255
f 2415/7487/2723 4655/3518/2652 2348/3517/2651
f 2415/7489/2723 4660/7490/1255 2419/4531/2724
f 2434/3643/2742 4210/7491/4490 2233/3644/2533
f 2434/3643/2742 4211/4543/3332 4210/7491/4490
f 1815/2719/2074 3761/5783/4104 3017/4593/3369
f 1815/2719/2074 3017/4593/3369 1816/2720/2075
f 1573/2364/1809 487/723/574 485/721/576
f 1573/2364/1809 485/721/576 484/720/573
f 4661/7492/4826 4662/7493/4827 2792/4237/3139
f 4661/7492/4826 3219/4891/3564 4663/7494/4828
f 4661/7492/4826 4663/7494/4828 4662/7493/4827
f 4661/7492/4826 791/1204/940 3220/4892/3565
f 4661/7492/4826 2792/4237/3139 791/1204/940
f 4661/7492/4826 3220/4892/3565 3219/4891/3564
f 499/739/589 495/732/586 1702/7495/1949
f 3330/5078/3685 4326/6786/4591 335/508/399
f 3330/5078/3685 418/621/497 4326/6786/4591
f 3330/5078/3685 419/622/498 418/621/497
f 3330/5078/3685 335/508/399 3331/5079/3686
f 3336/5084/3690 1711/2577/1958 1710/2576/1957
f 970/1463/1133 973/1466/1136 1719/2585/1966
f 1043/1578/1215 4267/6672/4538 1044/1579/1216
f 4665/7496/4829 4219/6566/4496 4664/7497/4830
f 4665/7498/4829 4666/7499/4482 4432/7006/4674
f 4665/7498/4829 4664/7500/4830 4666/7499/4482
f 4665/7498/4829 4432/7006/4674 4503/7165/4727
f 4665/7496/4829 2710/4094/3046 2709/4093/3045
f 4665/7496/4829 2709/4093/3045 4219/6566/4496
f 4665/7498/4829 4503/7165/4727 2710/7164/3046
f 4245/6626/4520 2613/3945/2946 2614/3946/2947
f 4245/6626/4520 2614/3946/2947 986/1481/1150
f 4245/6626/4520 4244/6625/4519 2613/3945/2946
f 4245/6626/4520 986/1481/1150 985/1480/1149
f 4668/1486/538 4667/7501/4831 2031/3039/2319
f 4668/1486/538 988/1485/1153 4667/7501/4831
f 4668/1486/538 2031/3039/2319 4669/3043/2323
f 4668/7502/538 4669/7503/2323 458/6890/541
f 3908/6023/4240 3691/5664/4039 3351/5103/3701
f 3908/6023/4240 990/1493/1158 3691/5664/4039
f 3908/6023/4240 991/1494/1159 990/1493/1158
f 3845/7504/4180 4519/7190/4736 2469/3705/2783
f 3845/5924/4180 1299/1943/1505 1297/1940/1502
f 3845/7504/4180 4670/7191/4737 4519/7190/4736
f 3845/7505/4180 4209/7506/4489 4670/7507/4737
f 1799/2700/2055 4098/6344/4394 1800/2701/2056
f 3909/3563/2677 2377/3562/2679 4671/7508/4242
f 3909/3559/2677 3912/5720/4077 2375/3560/2678
f 4672/7509/4832 4615/7385/666 3569/5460/3922
f 4672/7510/4832 3569/5459/3922 2813/4277/3162
f 4672/7509/4832 4356/6837/4612 1579/6838/1816
f 4672/7509/4832 1579/6838/1816 4615/7385/666
f 4672/7510/4832 2813/4277/3162 2814/4278/3163
f 4672/7510/4832 2814/4278/3163 4356/7086/4612
f 4228/6587/4507 4796/7511/4649 4264/6668/3038
f 4228/6587/4507 4471/7094/4699 4796/7511/4649
f 1654/2494/1901 1655/2495/354 2650/3995/2985
f 1514/2266/1736 1965/2944/2244 4673/7512/4833
f 1514/2266/1736 4673/7512/4833 1515/2267/1737
f 1514/2266/1736 4674/7513/1739 1965/2944/2244
f 1050/1592/1225 4892/6678/3054 1051/1593/1226
f 4268/6679/4474 4514/4034/3009 2672/4033/3008
f 4268/6679/4474 2672/4033/3008 4111/6377/4406
f 2831/4310/3180 716/1093/850 2584/3894/2910
f 2831/4310/3180 608/1614/723 721/1098/855
f 2831/4310/3180 721/1098/855 716/1093/850
f 4270/7514/4542 1069/7515/1245 4626/7412/4805
f 4270/7514/4542 4626/7412/4805 3889/5993/4223
f 4270/7514/4542 3889/5993/4223 4271/2694/2049
f 4270/6681/4542 1070/1622/1246 1069/1621/1245
f 1006/1511/1171 4675/7516/4834 1007/1512/1172
f 1006/1518/1171 1073/1626/1250 4675/7517/4834
f 4006/6209/4320 4007/6208/4321 4252/6637/4526
f 4006/6206/4320 4366/3654/2747 1467/2198/1686
f 4006/6209/4320 4252/6637/4526 937/1419/1098
f 2441/3659/2750 2349/3520/2653 4676/7518/4835
f 2441/3659/2750 4676/7518/4835 2442/3660/2751
f 1086/3715/1265 2475/3713/2790 3800/5842/4135
f 3297/5033/3652 4297/6732/4567 3298/5034/3653
f 1526/2283/1751 3389/5168/3736 2917/4447/3276
f 2538/3823/2861 2541/3826/2864 1685/6616/17
f 2538/3823/2861 4239/6615/4514 2539/3824/2862
f 2538/3823/2861 1685/6616/17 4239/6615/4514
f 17/22/21 2173/3259/2476 18/23/22
f 4571/38/30 23/33/29 4677/7519/4836
f 4571/38/30 4677/7519/4836 3056/7520/3403
f 4573/7295/4772 4574/7298/4773 3602/5519/3954
f 4573/7295/4772 3272/7345/3622 1091/7296/1270
f 2443/3661/2752 1787/6777/343 4577/3662/2753
f 554/835/654 258/399/307 962/7521/1123
f 554/835/654 961/1451/1122 555/836/655
f 1433/2147/1651 3556/5424/3903 4582/7310/4129
f 1433/2147/1651 4582/7310/4129 1435/2148/1652
f 1433/2147/1651 3744/5753/4089 3556/5424/3903
f 3998/6192/4313 4128/7312/4416 4170/6479/4449
f 3998/6192/4313 1293/5755/1498 4128/7312/4416
f 4678/7522/4789 4040/6256/2815 4005/6204/4318
f 4678/7522/4789 1588/7523/1826 4040/6256/2815
f 4678/7365/4789 1867/2805/2138 3226/4910/3571
f 4678/7522/4789 4005/6204/4318 1867/6203/2138
f 89/700/105 1871/2811/2144 1873/2816/2146
f 89/6303/105 1201/1796/1389 4067/6304/4368
f 89/134/105 1593/2386/1831 583/885/692
f 89/134/105 4252/6637/4526 4007/6208/4321
f 89/6303/105 1873/2814/2146 1746/2625/1995
f 2757/4186/3100 4011/6213/4323 4010/4187/3101
f 2757/4186/3100 2697/4194/3030 1472/2203/1690
f 4679/7524/3522 3780/5806/4118 4680/2746/2090
f 4679/4829/3522 4681/6214/2089 2876/4382/3227
f 4679/7525/3522 253/7526/301 3780/7527/4118
f 4679/7528/3522 4680/7529/2090 4681/7530/2089
f 3812/5857/4146 112/160/131 4012/6216/4324
f 3812/5857/4146 3965/7531/4285 112/160/131
f 4155/6447/4434 4682/7532/4837 3681/5640/4029
f 4155/6447/4434 4154/6446/4433 4682/7532/4837
f 4155/6447/4434 3681/5640/4029 3665/5621/4015
f 4155/6447/4434 3665/5621/4015 3663/5619/4013
f 2484/3736/2800 123/186/147 2485/3737/2801
f 2484/3736/2800 125/188/149 123/186/147
f 2484/3736/2800 2487/3739/2803 125/188/149
f 556/837/656 2982/4547/3336 557/838/657
f 4683/7533/4742 3764/5786/4107 3767/5789/4110
f 4683/7533/4742 3767/5789/4110 4411/7534/4656
f 4683/7533/4742 145/218/170 140/212/167
f 4683/7533/4742 140/212/167 3764/5786/4107
f 2037/3051/2328 147/5489/173 2570/3867/2896
f 2037/3051/2328 2570/3867/2896 2038/3052/2329
f 3133/4773/3481 3134/4774/3482 2503/3764/2818
f 3133/7535/3481 946/1433/1108 948/1435/875
f 3133/4773/3481 2503/3764/2818 2111/3167/2410
f 3133/4773/3481 2111/3167/2410 2110/3166/2409
f 2418/1391/757 4728/3426/2584 117/178/141
f 2418/3620/757 4686/7536/4838 4684/7537/4839
f 2418/1391/757 3651/5599/2300 3650/5598/4001
f 2418/3620/757 1185/1775/1373 1184/1774/1372
f 2418/1391/757 4685/7538/668 4686/7539/4838
f 2418/1391/757 117/178/141 118/181/142
f 2418/3624/757 2417/3623/2726 4066/6300/758
f 2418/1391/757 3652/5600/4002 3275/7540/3626
f 2418/1391/757 4868/3769/2823 4728/3426/2584
f 2418/2479/757 1645/2478/1891 4344/6822/4604
f 2418/1391/757 2906/4434/3266 3651/5599/2300
f 2418/1391/757 3275/7540/3626 4685/7538/668
f 2418/6820/757 4076/6314/4374 3825/5891/4162
f 2418/1391/757 118/181/142 1808/2712/2067
f 2418/3620/757 4684/7537/4839 1185/1775/1373
f 4687/7541/4840 1030/5608/1203 1033/7542/1202
f 4687/7541/4840 2642/3986/2977 3656/5609/4007
f 4687/7541/4840 4688/7543/4841 2643/3987/2978
f 4687/7541/4840 2643/3987/2978 2642/3986/2977
f 4687/7541/4840 3656/5609/4007 1030/5608/1203
f 4687/7541/4840 1033/7542/1202 4688/7543/4841
f 2125/3186/2423 3831/5901/4168 2908/4436/3268
f 1279/1911/1479 4349/6828/4609 1280/1912/1480
f 1279/1911/1479 1278/1909/1478 3474/5281/3816
f 4186/6498/4463 902/1375/1060 4187/6499/4464
f 4186/6498/4463 903/1376/1061 902/1375/1060
f 4186/6498/4463 3324/5072/3680 903/1376/1061
f 4213/6557/4492 4552/7258/4760 3/3/3
f 4213/6557/4492 4689/7544/4842 4214/6558/4493
f 4213/6557/4492 3/3/3 4689/7544/4842
f 362/543/431 8/11/11 6/9/9
f 362/543/431 6/9/9 365/546/434
f 4378/5294/3827 4690/7545/4303 3986/3076/2345
f 4378/6879/3827 4427/6993/4668 4690/7546/4303
f 1510/2258/1732 2621/3962/2959 4465/7080/4693
f 3929/6061/4255 2534/3817/2855 4241/6622/4516
f 3929/6061/4255 4241/6622/4516 442/648/524
f 3929/6062/4255 3182/4840/3530 1897/2847/2171
f 1537/2307/1769 4880/7547/4843 3495/7548/3841
f 1537/2307/1769 1541/2315/1773 4880/7547/4843
f 1537/2307/1769 3495/7548/3841 4416/6963/4660
f 4439/7549/4680 4691/7550/185 3120/4753/3466
f 4439/7549/4680 3118/4748/3464 4440/4424/3259
f 4439/7551/4680 4692/7552/3846 4691/7553/185
f 4439/7549/4680 3120/4753/3466 3118/4748/3464
f 4594/7334/4782 4693/7554/4844 4694/7555/4845
f 4594/7334/4782 4694/7555/4845 4595/7335/4783
f 4594/7334/4782 2970/4526/388 4693/7554/4844
f 2558/3850/2882 2559/3852/2884 1707/2573/1954
f 2558/3850/2882 1916/6453/2196 4157/3851/2883
f 3125/4761/3473 129/195/155 130/196/156
f 3125/4761/3473 130/196/156 615/5952/730
f 4695/1999/1543 562/845/663 561/7556/662
f 4695/7557/1543 561/843/662 4696/5537/3969
f 4695/1999/1543 4696/7558/3969 1392/635/511
f 1333/2000/1544 3623/5549/3976 987/1484/1152
f 4525/7559/4743 3019/4595/3371 3966/6127/4286
f 4525/7559/4743 4697/7274/4764 3019/4595/3371
f 4525/7211/4743 64/101/76 4697/7560/4764
f 1342/2017/1554 4091/6335/4389 4643/7457/4817
f 1342/2017/1554 4643/7457/4817 4689/7544/4842
f 1342/2017/1554 4689/7544/4842 448/655/528
f 4246/6627/4521 2306/3453/2605 4247/6628/4522
f 4246/6627/4521 985/1480/1149 984/1479/1148
f 4216/3889/2905 2675/4041/3012 2582/3892/2908
f 2467/7276/2780 720/1097/854 719/1096/853
f 2467/3702/2780 2466/3698/2779 720/7561/854
f 2467/7276/2780 719/1096/853 4474/7103/4702
f 525/779/621 4489/7142/4718 4428/781/623
f 525/779/621 4490/7143/4719 4489/7142/4718
f 525/779/621 4257/6650/4532 4339/6813/4599
f 525/779/621 4339/6813/4599 4490/7143/4719
f 1366/2048/1579 1365/2047/1580 4315/6768/4581
f 1369/2054/1584 1371/2061/1587 2431/3640/2739
f 1369/2054/1584 4563/7279/3929 4895/2055/1585
f 2900/4419/3256 439/643/519 438/642/518
f 2900/4419/3256 2865/4362/3214 439/643/519
f 2900/4419/3256 438/642/518 1124/1694/1305
f 4698/7562/4687 2068/3101/2363 4294/6726/4564
f 4698/7562/4687 319/489/382 317/486/379
f 4698/7047/4687 4294/6727/4564 3596/5513/3948
f 4698/7562/4687 317/486/379 2068/3101/2363
f 4698/7047/4687 3596/5513/3948 3595/5512/3947
f 4085/6324/4383 4084/6323/4382 1257/1874/1452
f 244/377/292 2907/4435/3267 334/506/398
f 2241/5773/2543 3755/5772/4099 3883/5985/4217
f 2241/5773/2543 3883/5985/4217 3381/5160/3728
f 2241/5773/2543 3381/5160/3728 4530/7221/2544
f 2204/3305/2508 2206/3308/2507 4165/7361/4442
f 2250/3384/2551 2251/3385/2552 4855/4890/3563
f 2922/4454/435 4534/7362/4750 4376/6876/4629
f 2922/547/435 364/545/433 4534/7225/4750
f 4699/4580/3362 3484/5299/3829 3008/4581/2198
f 4699/4580/3362 4846/7563/4846 3484/5299/3829
f 4699/7564/3362 2018/7565/2309 4846/7566/4846
f 4113/6379/4408 2022/3027/2314 1681/2537/1928
f 4113/6379/4408 3889/5993/4223 4626/7412/4805
f 1934/2904/2214 538/810/637 1686/2544/1933
f 1934/2904/2214 1933/2903/2213 4517/6922/4643
f 1938/2909/2219 3286/5018/3638 1939/2910/2220
f 2277/3413/2576 2276/3412/2575 2758/4189/3102
f 2277/3413/2576 2758/4189/3102 4484/7135/2062
f 2905/4432/3263 3575/5468/1779 3574/5467/3926
f 2905/4432/3263 3574/5467/3926 2970/4526/388
f 2905/4432/3263 3371/4431/3262 3575/5468/1779
f 4700/7567/3582 1885/2831/2158 2227/3335/2303
f 4700/7568/3582 2227/7569/2303 3651/7570/2300
f 4700/4931/3582 3651/5599/2300 2906/4434/3266
f 1705/2571/1952 2396/3584/2697 4560/7272/2699
f 3241/4942/3587 1710/2576/1957 1709/2575/1956
f 3241/4942/3587 1709/2575/1956 426/629/505
f 3491/4950/3594 3247/4951/3595 3490/5307/3834
f 2477/3716/2791 4701/7571/2792 2761/4202/3106
f 3259/4972/3605 4002/6200/4316 4039/6255/4346
f 2306/3453/2605 2304/3456/2604 4247/6628/4522
f 3691/5664/4039 632/951/747 3351/5103/3701
f 2631/6666/2968 1876/5119/2148 4702/7572/4847
f 2631/3975/2968 4702/7573/4847 481/705/565
f 2631/6666/2968 4703/7574/2150 1876/5119/2148
f 2631/6666/2968 4887/6664/4536 4703/7574/2150
f 2637/3481/2626 4105/6363/4401 2321/3482/2627
f 2637/3481/2626 2320/3480/2625 4558/7270/1190
f 2637/3481/2626 2203/3301/2505 4105/6363/4401
f 2113/3169/1377 3774/5797/805 4015/6619/4328
f 2113/1782/1377 1189/1781/1376 4704/7575/4848
f 1192/1787/1381 4392/7576/4640 1193/1788/597
f 1192/1787/1381 3108/4729/3455 4392/7576/4640
f 85/129/4 2331/3495/2637 86/130/101
f 85/4/4 1340/2015/1552 447/654/527
f 85/129/4 3984/6159/4301 3705/5683/4051
f 85/129/4 508/756/602 2064/3097/2359
f 85/129/4 1198/1793/1386 2331/3495/2637
f 514/762/608 4068/6305/4369 515/763/609
f 514/762/608 4613/7381/1758 4068/6305/4369
f 4106/6367/4404 4421/2410/1843 548/2411/649
f 4106/6367/4404 548/2411/649 4107/6368/3875
f 228/350/269 2500/352/271 2499/3758/2815
f 228/350/269 2499/3758/2815 3115/4741/3462
f 228/350/269 3115/4741/3462 229/351/270
f 1543/2317/1775 3753/5769/3751 3752/5767/4098
f 1543/2317/1775 3404/5050/3666 3753/5769/3751
f 1543/2317/1775 3752/5767/4098 2079/3120/2376
f 1545/2828/1777 3235/4927/3580 4705/7577/4849
f 1545/5465/1777 4705/7578/4849 3573/5466/3925
f 393/581/466 4396/6921/4645 395/583/468
f 393/6111/466 4072/6310/4372 4396/6920/4645
f 4519/7190/4736 47/79/57 46/78/56
f 4519/7190/4736 46/78/56 2469/3705/2783
f 4255/6645/3445 698/1058/826 4080/6318/4378
f 3980/6152/4298 4706/7579/3399 4082/6321/4380
f 3980/6152/4298 4082/6321/4380 4083/6322/4381
f 1583/2375/1820 3542/2376/1821 2186/3275/2489
f 1587/2380/1825 4707/7580/686 4708/7581/4347
f 1587/2380/1825 4708/7581/4347 1588/2381/1826
f 1587/2380/1825 1590/2383/1828 4707/7580/686
f 4606/7367/4791 4043/6260/4350 4524/7203/4741
f 4606/7367/4791 2427/3635/2734 2426/3633/2733
f 4606/7367/4791 4597/7342/4784 2427/3635/2734
f 4606/7367/4791 2426/3633/2733 4043/6260/4350
f 2381/3567/2683 2382/3568/2684 3670/5628/4019
f 2381/3567/2683 3670/5628/4019 2374/3558/2676
f 1600/2399/1839 1599/2398/1838 4709/7582/4850
f 1600/2399/1839 4709/7582/4850 2384/3570/2686
f 4711/7583/4353 1298/7584/1504 4710/7585/2439
f 4711/7586/4353 4712/7587/4181 1298/7588/1504
f 4711/6267/4353 4710/7589/2439 4048/6268/2436
f 4711/7586/4353 4047/7590/4352 4712/7587/4181
f 1057/1600/1232 600/915/715 3192/4854/3540
f 1057/1600/1232 3192/4854/3540 1058/1601/1233
f 1057/1600/1232 601/916/716 600/915/715
f 1057/1600/1232 1059/1604/1234 601/916/716
f 2755/4183/3096 2223/3329/2525 4713/3330/2526
f 2755/4179/3096 4857/3601/2708 2404/3599/2707
f 2755/4179/3096 4713/7591/2526 4857/3601/2708
f 461/7592/545 4397/6923/4158 465/688/549
f 2412/3612/2719 3295/5031/3650 3293/5029/3648
f 2797/4244/3146 2796/4241/3143 3505/5342/3853
f 2797/4244/3146 3505/5342/3853 4528/7007/4675
f 644/968/762 2234/3355/2538 4714/7593/4754
f 644/968/762 4715/7594/4851 646/970/764
f 1304/1951/1513 2533/3816/2854 2536/3819/2857
f 1304/1951/1513 2534/3817/2855 2533/3816/2854
f 1304/1951/1513 4475/7104/4703 4716/7595/4852
f 1304/1951/1513 2536/3819/2857 1305/1952/1514
f 1304/1951/1513 4716/7595/4852 2534/3817/2855
f 825/7099/979 2208/3310/2511 4747/6592/980
f 2333/3497/2639 4497/7156/4724 4717/7596/3010
f 2333/3497/2639 4717/7596/3010 2334/3498/2640
f 1876/5119/2148 481/712/565 4702/7572/4847
f 1132/1702/1313 1133/1703/1314 2006/2992/2288
f 4304/6742/4574 324/494/387 323/493/386
f 4304/6742/4574 4305/6744/4576 324/494/387
f 4307/6749/3171 4192/6505/4467 3815/5869/4150
f 4307/6749/3171 4718/7597/154 4192/6505/4467
f 2496/3751/2812 4719/7598/4853 2495/3752/2813
f 2496/3754/2812 4720/7599/3696 4719/7600/4853
f 2496/3754/2812 3343/3749/2811 4720/7599/3696
f 4390/6907/4638 4721/7601/4479 4722/7602/4480
f 4390/6907/4638 3291/5026/3646 219/333/259
f 4390/6907/4638 4722/7602/4480 3291/5026/3646
f 154/7603/181 359/540/428 156/4390/182
f 154/232/181 1669/2516/1915 359/7604/428
f 1182/1772/1370 1185/1775/1373 4684/7537/4839
f 1182/1772/1370 4684/7537/4839 2853/4336/3200
f 1325/1989/1537 2929/4466/3287 2326/3489/2633
f 4447/7041/4684 4149/6440/4430 4481/7605/4712
f 4447/7038/4684 4481/7132/4712 3152/4804/3501
f 1927/2896/2208 2374/3558/2676 3594/5511/3946
f 2027/3033/879 856/1313/881 855/1312/1014
f 2512/6774/2829 1213/1813/1401 2193/3285/2494
f 4317/6772/4584 2512/7606/4854 4723/7607/4677
f 1736/2610/891 1737/2612/1985 3907/6021/4239
f 756/1155/898 755/1154/897 4724/7608/4855
f 756/1155/898 4724/7608/4855 3463/5269/3806
f 1147/1720/1328 3200/5820/3546 1145/1718/1326
f 44/76/54 1035/1568/1206 4725/7609/4856
f 44/76/54 4725/7609/4856 2586/3901/2914
f 1562/2349/1798 2451/3676/2763 1020/1538/1187
f 1839/7610/2108 4588/7611/4777 314/482/375
f 1839/2768/2108 4637/7612/4811 4638/7613/4443
f 1839/2768/2108 4638/7613/4443 1840/2769/2109
f 4662/7493/4827 4663/7494/4828 4482/7133/4713
f 4662/7493/4827 2793/4238/3140 2792/4237/3139
f 4662/7493/4827 4482/7133/4713 4301/6739/4571
f 4662/7493/4827 4301/6739/4571 2793/4238/3140
f 4443/7030/4681 2878/4384/3229 4477/7109/4706
f 259/400/303 557/838/657 4537/7229/2591
f 259/400/303 258/399/307 557/838/657
f 259/394/303 2292/3437/2592 255/395/304
f 1965/2944/2244 1964/2942/2243 3211/4882/3555
f 1965/2944/2244 3211/4882/3555 4673/7512/4833
f 4502/7163/4726 3291/5027/3646 4722/6533/4480
f 4726/7614/4206 3142/4789/3492 3869/4788/3491
f 4726/7614/4206 662/1000/784 3142/4789/3492
f 4726/7614/4206 663/1001/785 662/1000/784
f 2890/4405/3244 2891/4406/3245 3148/4800/3497
f 2890/4405/3244 3148/4800/3497 3147/4799/3496
f 1794/2695/2050 1792/2691/908 3640/5582/3992
f 3911/6028/4243 4826/532/420 2380/3566/2682
f 3911/6028/4243 4727/7615/2001 4826/532/420
f 4485/7616/2061 3267/4991/3616 4486/7138/4715
f 4728/7617/2584 4868/7618/2823 4729/7619/4671
f 879/1340/1036 3332/5080/3687 880/1341/1037
f 4730/7620/4857 4664/7621/4830 4731/7622/4497
f 4730/7620/4857 4732/7623/1574 2857/4350/3207
f 4730/7620/4857 172/260/206 4664/7621/4830
f 4730/7620/4857 2857/4350/3207 173/261/207
f 4730/7620/4857 4731/7622/4497 4732/7623/1574
f 4730/7620/4857 173/261/207 172/260/206
f 3764/5786/4107 140/212/167 3765/5787/4108
f 4491/7144/4720 3024/4602/3377 3025/4603/3378
f 4491/7144/4720 3099/4715/3444 4123/6395/4413
f 4491/7144/4720 3025/4603/3378 3100/4717/3446
f 4491/7144/4720 3100/4717/3446 3099/4715/3444
f 3834/7624/4171 4733/7625/118 4352/7626/120
f 3834/7627/4171 3917/7628/4170 4733/7629/118
f 1673/2520/1919 1521/2276/1744 1674/2521/1920
f 4385/6895/4634 4362/5180/3743 121/184/145
f 4385/6895/4634 121/184/145 1488/2230/1709
f 4385/6896/4634 3307/5047/3663 3306/5046/3662
f 4385/6896/4634 4734/7630/4858 4363/6855/4617
f 4385/6896/4634 4363/6855/4617 4362/6854/3743
f 4385/6896/4634 3306/5046/3662 4734/7630/4858
f 2754/7631/3098 3130/4768/3479 4522/7199/4739
f 2754/7631/3098 2753/4769/3097 3130/4768/3479
f 2754/4182/3098 4675/7517/4834 1073/1626/1250
f 2754/7631/3098 4522/7199/4739 4735/7632/4859
f 2754/7631/3098 4735/7632/4859 4675/7516/4834
f 155/5325/183 4691/7633/185 4692/5326/3846
f 495/732/586 4802/6620/4515 1702/7495/1949
f 4164/6464/4441 2001/2985/2281 2000/2984/2280
f 4164/6464/4441 3210/4881/3554 2859/4355/3209
f 3337/5085/3691 4736/7634/2287 4659/5644/2284
f 972/1465/1135 971/1464/1134 2133/3197/2432
f 972/1465/1135 2132/3196/2431 2481/3724/2796
f 972/1465/1135 2133/3197/2432 2132/3196/2431
f 4108/7635/4310 4087/7636/993 4737/7637/994
f 1540/7074/1770 4140/7638/1772 4812/5883/4159
f 909/1384/1067 908/1383/1066 4242/6623/4517
f 909/1384/1067 4242/6623/4517 3077/4677/3423
f 2149/3222/2452 3837/5911/4174 1288/1923/1490
f 4464/7639/4692 4739/7640/4068 4738/7641/1586
f 4464/7642/4692 4738/7643/1586 4895/7644/1585
f 4464/7645/4692 4463/7646/4069 4739/7647/4068
f 920/4691/1080 2040/3057/2331 2035/3046/2326
f 920/4691/1080 2035/3046/2326 2160/3238/2462
f 4337/6811/4597 4389/6905/4636 4338/6812/4598
f 4337/6811/4597 4257/6650/4532 4256/6649/4531
f 1365/2047/1580 2317/3475/2621 3606/5526/3958
f 1365/2047/1580 3606/5526/3958 4315/6768/4581
f 2170/3254/2471 3515/7648/3865 4050/6273/4354
f 2635/3979/2972 486/722/577 2177/3263/2480
f 3034/4615/3384 4740/7649/4860 3035/4616/3385
f 3034/4615/3384 1787/1163/343 4740/7649/4860
f 3034/4615/3384 3036/4617/3386 1787/1163/343
f 4741/7650/3897 4258/7651/4533 3548/7652/622
f 4741/7653/3897 4196/5556/3980 4258/6651/4533
f 3281/5013/3633 1157/1735/1338 2683/7146/3017
f 3281/5013/3633 1158/1736/1339 1157/1735/1338
f 2578/3885/2902 834/1267/988 4497/7654/4724
f 1245/1859/1438 2261/3397/1239 4052/6276/4357
f 2540/3825/2863 3274/6076/3625 4568/7286/4769
f 2540/3825/2863 3198/3822/2860 3274/6076/3625
f 19/24/23 1162/1740/1343 20/25/24
f 19/24/23 2175/3261/2478 1162/1740/1343
f 4476/7107/4705 4381/7108/4633 4677/7519/4836
f 4476/7107/4705 3803/5845/4138 3802/5846/4137
f 4476/7107/4705 4677/7519/4836 3803/5845/4138
f 457/668/540 4805/6474/4445 4742/7655/542
f 646/7656/764 835/4636/991 4743/4635/3396
f 646/970/764 4743/7657/3396 647/971/765
f 646/970/764 4715/7594/4851 4744/7658/4709
f 646/7656/764 4744/7659/4709 835/4636/991
f 4278/6698/4550 2369/3549/2671 1101/1661/1280
f 4278/6698/4550 2987/6699/3342 2988/6565/2912
f 4278/6698/4550 2988/6565/2912 4218/6564/4495
f 4278/6698/4550 4218/6564/4495 2369/3549/2671
f 1108/1670/1288 3405/7660/3752 1109/1671/1289
f 1108/1670/1288 4745/7661/4216 3405/7660/3752
f 1997/7662/2277 3158/4812/3506 1886/3336/2159
f 1997/7662/2277 1886/3336/2159 308/7663/367
f 1997/2981/2277 1685/1688/17 3158/7439/3506
f 1139/1709/1318 2389/3576/2692 1137/1710/1319
f 1139/1709/1318 2390/3577/2297 2389/3576/2692
f 3261/4978/3609 4842/4272/3157 2393/4271/2694
f 3261/4978/3609 3814/6222/4149 3262/4979/3610
f 2726/7664/3066 2725/5109/3064 4746/7665/4078
f 2726/4133/3066 3734/5729/4079 4618/4134/3067
f 987/1484/1152 3623/5549/3976 988/1485/1153
f 3966/7212/4286 2688/7666/3022 2861/4358/3210
f 3966/6127/4286 389/576/461 2688/4060/3022
f 826/1252/981 4747/7667/980 4233/7668/4506
f 826/1252/981 3026/7669/3376 2739/4155/1886
f 826/1252/981 4233/7668/4506 3026/7669/3376
f 3427/5230/668 3436/5239/2341 4822/7670/4861
f 3427/5230/668 4822/7670/4861 4286/6716/4556
f 3746/5756/4091 1455/2186/1674 3174/4828/3521
f 507/755/601 509/757/603 2751/4177/3094
f 507/755/601 2751/4177/3094 2061/3094/2356
f 4178/6487/4455 2806/4260/3156 2805/4259/3155
f 2475/3713/2790 4393/6914/4641 4200/6525/4477
f 2475/3713/2790 4200/6525/4477 3800/5842/4135
f 4428/781/623 4489/7142/4718 4119/6737/4411
f 2767/4210/3112 1785/2679/2041 2084/3125/2381
f 1222/1823/1410 3422/5224/3769 1223/1824/1411
f 1222/1823/1410 3437/5240/3781 3422/5224/3769
f 1231/1840/1422 3757/5777/4101 2124/3184/2422
f 1231/1840/1422 2124/3184/2422 1232/1841/1423
f 3766/5788/4109 1271/1897/1470 2514/3777/2831
f 3766/5788/4109 4748/7671/4862 1271/1897/1470
f 3766/5788/4109 3769/5791/4112 4748/7671/4862
f 2197/3293/2499 4800/7672/4820 3346/3294/2500
f 2197/7459/2499 2199/7673/2502 4644/7460/4819
f 2791/4236/3138 3611/6432/3964 792/1205/941
f 2791/4236/3138 3860/5954/4197 3068/4663/3414
f 2791/4236/3138 2793/4238/3140 3860/5954/4197
f 3166/4820/3513 3168/4822/3515 3664/5620/4014
f 3166/4820/3513 3664/5620/4014 3665/5621/4015
f 4590/7329/2176 1900/7674/2178 4591/7330/4779
f 4497/7654/4724 834/1267/988 2212/3318/2514
f 4497/7654/4724 2212/3318/2514 4717/4035/3010
f 4749/7675/1764 4623/7676/1763 4890/7677/4863
f 4749/7678/1764 4890/7679/4863 4750/7680/4786
f 2500/355/271 4312/354/272 2609/7681/2942
f 4693/7554/4844 2970/4526/388 4535/7227/4751
f 4693/7554/4844 4535/7227/4751 4705/7578/4849
f 4693/7554/4844 4705/7578/4849 4694/7555/4845
f 3937/7682/3624 3652/7683/4002 4653/7684/4000
f 3937/7682/3624 3275/7685/3626 3652/7683/4002
f 4751/6706/4552 4456/7064/4689 4752/7686/4864
f 4751/7687/4552 4752/7688/4864 4753/7689/4865
f 4751/7687/4552 4753/7689/4865 541/7690/640
f 2095/3141/2394 4424/6988/4666 4603/7358/4788
f 2095/3141/2394 4603/7358/4788 2099/3147/2397
f 3761/5783/4104 4300/6738/4570 3017/4593/3369
f 2101/3155/2400 2103/3158/2401 1567/2357/1804
f 565/851/667 567/853/669 1578/2370/1815
f 3708/5686/2129 4754/7691/4287 367/550/438
f 3708/7692/2129 2366/7693/2667 4754/7694/4287
f 4368/7695/2799 4768/7696/4621 4755/7697/3110
f 4368/7698/2799 4755/7699/3110 745/7700/886
f 3949/6095/4269 4855/4890/3563 3950/6096/4270
f 3949/6095/4269 1121/5586/1302 4167/6472/4444
f 1945/2917/2227 4659/7486/2284 1130/1700/1311
f 1945/2917/2227 1946/2918/2228 4659/7486/2284
f 1058/1601/1233 3191/4853/3539 1608/2418/1850
f 1058/1601/1233 3192/4854/3540 3191/4853/3539
f 1949/2923/2231 1028/1554/1199 4756/7701/4866
f 1949/2923/2231 4756/7701/4866 3952/7702/4272
f 4758/7703/4867 4455/7063/4688 1955/2931/2234
f 4758/7704/4867 4759/1832/1418 4757/7705/4868
f 4758/7703/4867 4752/7686/4864 4455/7063/4688
f 4758/7706/4867 1954/7707/1420 4759/7708/1418
f 4758/7704/4867 4757/7705/4868 4752/7688/4864
f 4758/7703/4867 1955/2931/2234 1954/2930/1420
f 725/1104/860 2400/6884/2703 726/1105/861
f 625/942/740 2909/4437/3269 4760/7709/2709
f 1642/2474/1887 2739/2473/1886 3026/4601/3376
f 2416/3622/2725 4066/6300/758 2417/3623/2726
f 340/518/403 2080/3121/2377 341/519/407
f 3818/5874/4153 1505/2252/1726 1504/2251/1725
f 3818/5874/4153 1039/1573/1210 1038/1572/1209
f 2653/3998/2987 4104/6362/4400 3042/4628/3392
f 2653/3998/2987 3042/4628/3392 974/1467/1137
f 3733/7710/265 4746/7665/4078 1900/7674/2178
f 3733/344/265 1900/2855/2178 1901/2856/2175
f 4110/6376/4405 2956/4502/3315 4111/6377/4406
f 4110/6376/4405 2258/6594/2559 4533/7224/4749
f 4110/6376/4405 4533/7224/4749 2956/4502/3315
f 4195/6512/4470 4761/7711/4512 4838/6513/4471
f 4195/7712/4470 4276/6693/4549 4761/7713/4512
f 4195/7712/4470 2927/7714/3284 4762/7715/4815
f 4195/7712/4470 4762/7715/4815 4276/6693/4549
f 2265/3401/2564 2264/3400/2563 3153/4805/3502
f 2265/3401/2564 3153/4805/3502 3109/4730/3456
f 1990/2973/2270 3559/5433/3909 3558/5432/3908
f 1990/2973/2270 3558/5432/3908 3778/5804/4116
f 4598/7343/4785 1076/1629/1253 2347/3515/2650
f 4598/7343/4785 4138/6420/4422 1685/17/17
f 4598/7343/4785 2347/3515/2650 4138/6420/4422
f 2543/3831/2867 2271/3407/2570 3599/5516/3951
f 2543/3831/2867 3599/5516/3951 2545/3832/2868
f 2543/3831/2867 4272/6683/4543 2273/3409/2572
f 2543/3831/2867 4763/7716/4704 4272/6683/4543
f 2543/3831/2867 2273/3409/2572 2271/3407/2570
f 26/37/31 4764/7717/4663 1084/1642/1263
f 26/7718/31 2846/7719/3194 4764/7720/4663
f 26/7721/31 25/30/27 2846/4325/3194
f 1090/1649/1269 1092/1651/1271 32/50/38
f 1090/7297/1269 32/49/38 1410/2115/1626
f 3900/6009/4232 162/246/192 1520/4169/1743
f 3900/6009/4232 1520/4169/1743 4885/7722/1745
f 3900/6009/4232 4885/7722/1745 1482/6010/1704
f 3579/5484/3931 2120/3178/2417 2117/3175/2416
f 3579/5484/3931 2117/3175/2416 504/6048/595
f 964/1455/1125 3335/1457/1127 2289/3429/2587
f 1390/2093/1607 1392/2092/511 4696/5537/3969
f 1390/2093/1607 4696/5537/3969 3615/5536/3968
f 3553/5422/3902 3342/5090/3695 3098/6646/3443
f 3553/5422/3902 1724/2590/1971 3342/5090/3695
f 2761/4202/3106 270/413/319 3905/6018/4237
f 1413/3455/1630 2307/3454/2606 4033/6249/4340
f 1413/3455/1630 4033/6249/4340 1732/2607/1981
f 1413/2119/1630 1732/2605/1981 1415/2121/1632
f 28/44/34 1410/2115/1626 32/49/38
f 4260/6659/4534 293/449/345 80/124/96
f 4260/6659/4534 80/124/96 79/123/95
f 4260/6659/4534 995/1498/1160 293/449/345
f 2313/3470/2616 2314/3471/2617 2330/3494/2636
f 314/482/375 4588/7611/4777 3064/483/376
f 1372/2063/1588 2836/4315/3185 1373/2064/1589
f 1687/2546/1934 1162/1740/1343 1163/1741/1344
f 1687/2546/1934 1163/1741/1344 137/207/162
f 1687/2546/1934 137/207/162 1690/2547/1935
f 1687/2546/1934 20/25/24 1162/1740/1343
f 4547/7246/4757 4548/7247/4758 3828/5897/4167
f 4547/7246/4757 3828/5897/4167 4765/7723/4033
f 1272/1898/1471 1271/1897/1470 4748/7671/4862
f 1272/1898/1471 4748/7671/4862 2605/3931/2936
f 4766/7724/3910 4767/7725/4869 2666/7726/3002
f 4766/7727/3910 3346/3294/2500 4800/7672/4820
f 4766/7728/3910 4800/7729/4820 4767/7730/4869
f 3043/4629/2841 191/288/228 3906/6019/4238
f 3043/4629/2841 3906/6019/4238 3044/4630/3393
f 3043/3793/2841 192/290/229 191/289/228
f 4615/850/666 1579/2371/1816 567/853/669
f 3844/5922/4179 4734/7630/4858 3305/5045/3661
f 3844/5922/4179 4363/6855/4617 4734/7630/4858
f 4746/7665/4078 2725/5109/3064 3355/5107/3704
f 4746/7665/4078 3355/5107/3704 4591/7330/4779
f 4746/7665/4078 4591/7330/4779 1900/7674/2178
f 333/504/397 3507/5347/3857 247/507/294
f 333/504/397 4451/5348/3858 3507/5347/3857
f 4768/7731/4621 1729/2595/1976 3731/5719/4076
f 4768/7731/4621 3731/5719/4076 4755/4206/3110
f 4768/7731/4621 4369/2596/1977 1729/2595/1976
f 1918/2886/2197 1916/2885/2196 4561/3586/2698
f 4769/7732/3477 4521/7198/4586 3128/4770/3478
f 3071/4667/3418 4770/7733/4530 3072/4668/3272
f 3071/4667/3418 3863/5957/4200 4770/7733/4530
f 4771/7734/4035 3796/7735/4131 3686/7736/1235
f 4771/5835/4035 4772/7737/3832 3487/5836/3831
f 2891/4406/3245 4335/4407/3246 40/64/47
f 2891/4406/3245 2945/4482/3303 3148/4800/3497
f 2706/4090/3042 1360/2038/1572 2708/4092/3044
f 1362/2043/1577 3453/5259/3796 3451/5257/3794
f 2591/3910/2920 4340/6815/4600 3938/6074/4260
f 4341/6817/4601 3092/4703/3438 1936/6711/2217
f 859/1317/1017 4650/7471/4823 861/1319/1019
f 712/1088/846 3168/4822/3515 2949/4488/3306
f 712/1088/846 713/1090/847 3168/4822/3515
f 3779/5805/4117 1386/2082/1601 1385/2081/1600
f 3782/5809/4121 4861/7738/4870 1368/2052/1583
f 3782/5809/4121 1368/2052/1583 3722/5706/4067
f 3782/5809/4121 1685/2543/17 4861/7738/4870
f 4452/6457/4438 1338/2013/1551 1337/2012/1550
f 4452/7051/4438 1337/6293/1550 4062/6292/4365
f 550/7739/647 2336/7740/1842 4773/7741/885
f 4493/4338/3201 2345/7742/2648 1183/4339/1371
f 4493/7151/3201 4495/7153/4722 2345/7743/2648
f 4162/6462/2754 2445/4483/2756 1420/2126/1637
f 4162/6462/2754 1420/2126/1637 2855/4348/3206
f 1424/2133/1641 552/7744/652 551/1131/651
f 851/1311/1010 2452/3678/2762 855/1312/1014
f 2455/3682/2766 2526/3798/2845 3625/3683/2767
f 2455/3682/2766 2527/3800/2846 2526/3798/2845
f 1599/2398/1838 3974/6142/4293 4709/7582/4850
f 2053/3081/2347 1445/2173/1667 1444/2172/1666
f 1454/2185/1673 1451/2182/1670 4250/6635/4524
f 1459/7745/1678 2656/7746/2991 4774/7747/1053
f 1459/2190/1678 275/422/327 274/421/326
f 1459/2190/1678 4774/1364/1053 275/422/327
f 1459/7745/1678 4775/7748/4650 2656/7746/2991
f 2691/702/562 476/701/561 1465/4698/1684
f 3801/5843/4136 3800/5842/4135 668/1008/791
f 3801/5843/4136 4182/6491/4459 3802/5844/4137
f 3962/6121/4282 3004/4575/3358 1766/2650/2020
f 3962/6121/4282 4303/6741/4573 3004/4575/3358
f 3962/6121/4282 104/152/123 4303/6741/4573
f 3962/6121/4282 108/156/127 104/152/123
f 3005/4576/3359 4499/7158/4575 3006/4577/3360
f 4777/7749/677 4776/7750/676 4504/7751/4728
f 4777/7752/677 4504/7302/4728 4576/7301/3311
f 2940/4477/3298 693/1048/819 2236/3358/2539
f 2656/7746/2991 4778/7753/2990 4774/7747/1053
f 2656/4003/2991 4775/6943/4650 2657/4004/2992
f 3671/5629/4020 2713/4097/3049 1994/2977/2274
f 3806/5849/4141 3805/5848/4140 4779/7754/4871
f 3806/5849/4141 4779/7754/4871 4780/7755/4872
f 3806/5849/4141 4780/7755/4872 3807/5850/2083
f 4781/7756/4812 3646/5591/1020 3648/5594/3998
f 4781/7756/4812 4375/6873/4628 4371/6874/4625
f 4781/7756/4812 3648/5594/3998 3976/6144/4295
f 4781/7756/4812 3976/6144/4295 4375/6873/4628
f 2013/3003/2296 4049/6272/2691 2390/3004/2297
f 2013/3003/2296 865/1325/1023 4049/6272/2691
f 2013/3003/2296 4487/7139/4716 865/1325/1023
f 2013/3003/2296 2012/3002/2295 4487/7139/4716
f 1615/2436/1239 1614/2435/1857 4055/6281/4360
f 1615/2436/1239 4054/6280/4359 608/923/723
f 1615/2436/1239 4055/6281/4360 4054/6280/4359
f 3012/7757/3364 612/927/727 1331/1997/725
f 3012/7757/3364 1331/1997/725 3013/1169/911
f 3737/5743/4083 1760/2644/2014 1759/2643/2013
f 3057/4649/3404 1780/2672/2036 3428/5231/3774
f 2534/3817/2855 4716/7595/4852 4633/7427/4809
f 2534/3817/2855 4633/7427/4809 4241/6622/4516
f 927/1405/1087 3534/5393/3886 928/1406/1088
f 930/1408/1090 3749/5761/4095 4314/6767/4580
f 2068/3101/2363 2595/3914/2924 4294/6726/4564
f 2068/3101/2363 2070/3103/2365 2595/3914/2924
f 2912/4670/796 2839/4318/797 2838/4317/3187
f 3630/5439/3912 3870/5965/3115 3562/5441/3913
f 3630/5564/3912 2770/4214/3116 3870/4213/3115
f 3630/5564/3912 3629/5563/3982 2770/4214/3116
f 2978/4537/3327 542/4539/641 4753/7689/4865
f 2978/4537/3327 4757/7705/4868 4759/1832/1418
f 2978/4537/3327 4753/7689/4865 4757/7705/4868
f 2978/4537/3327 2774/4218/3120 2979/4538/3328
f 2778/4222/3124 886/1347/1042 888/1349/1044
f 2778/4222/3124 2779/4223/3125 2489/3741/2805
f 3876/5972/4212 4035/6251/4342 3877/5973/4213
f 2984/4549/3338 1280/1913/1480 4349/7758/4609
f 2984/4552/3338 1567/2357/1804 2103/3158/2401
f 2984/4552/3338 1569/2359/1805 1567/2357/1804
f 2984/4549/3338 4349/7758/4609 4351/4550/3339
f 2984/4549/3338 2103/3157/2401 1280/1913/1480
f 568/854/670 4399/6929/4647 4461/7075/3921
f 568/854/670 566/852/668 4400/6930/668
f 568/854/670 4400/6930/668 4399/6929/4647
f 4682/7532/4837 4154/6446/4433 4442/3921/2931
f 4682/7532/4837 2601/3920/2930 3681/5640/4029
f 4682/7532/4837 4442/3921/2931 2601/3920/2930
f 4782/5896/4166 4765/7723/4033 3828/5897/4167
f 4782/7759/4166 3830/5899/908 1712/2578/1959
f 4782/7759/4166 1712/2578/1959 4765/5645/4033
f 2139/3211/2442 4089/6333/4387 1903/2860/2182
f 4091/6335/4389 1343/2018/1555 3256/4969/3602
f 4091/6335/4389 2145/3217/2448 4643/7457/4817
f 4783/7760/1873 370/557/441 367/550/438
f 4783/7760/1873 4754/7691/4287 4784/7761/3642
f 4783/7760/1873 367/550/438 4754/7691/4287
f 4783/2454/1873 1630/2456/1874 370/555/441
f 628/947/744 4785/7762/449 377/6135/448
f 628/947/744 632/952/747 4785/7762/449
f 4468/7083/2473 3848/5932/4185 4011/6213/4323
f 4468/3255/2473 2169/3256/2472 3848/5936/4185
f 673/1014/795 3518/5368/3868 2839/1016/797
f 673/1014/795 3362/5126/3714 3518/5368/3868
f 1475/2211/1698 4469/7087/4696 1476/2212/1699
f 1475/6215/1698 1826/2744/2087 3101/6836/3448
f 1475/6215/1698 3101/6836/3448 4469/7084/4696
f 4686/7539/4838 4685/7538/668 3275/7540/3626
f 4686/7536/4838 2854/7763/3202 2853/4336/3200
f 4686/7764/4838 3197/4861/3543 2854/4341/3202
f 4686/7536/4838 2853/4336/3200 4684/7537/4839
f 4686/7765/4838 3275/7766/3626 3197/7767/3543
f 2640/3984/2975 4740/7649/4860 2641/3985/2976
f 2640/3984/2975 3035/4616/3385 4740/7649/4860
f 2640/3984/2975 4786/7768/4873 3035/4616/3385
f 2640/3984/2975 2643/3987/2978 4786/7768/4873
f 3789/5822/4124 3642/1170/912 766/1167/909
f 3789/5822/4124 2646/3991/2981 3790/5823/4125
f 4104/6362/4400 2382/3568/2684 2383/3569/2685
f 4104/6362/4400 350/530/418 3042/4628/3392
f 4104/6362/4400 2383/3569/2685 350/530/418
f 4105/6363/4401 3610/5531/3963 4581/7308/4775
f 4105/6363/4401 4581/7308/4775 2321/3482/2627
f 1283/1917/1484 4531/7222/4747 3984/6159/4301
f 1283/1917/1484 1284/1918/1485 4531/7222/4747
f 2956/4502/3315 4533/7224/4749 2957/4503/3316
f 2926/4459/1921 647/971/765 4743/7657/3396
f 2680/4048/3014 4473/7102/4701 2681/4052/3015
f 2680/4048/3014 4474/7103/4702 4473/7102/4701
f 733/1114/868 730/1111/865 4787/7769/4874
f 733/1114/868 1668/2511/1914 1667/2510/1913
f 733/1114/868 4787/7769/4874 1668/2511/1914
f 3461/5267/3804 2486/3738/2802 3726/5712/4073
f 3398/5187/3746 3727/5713/4074 96/5188/112
f 3398/5187/3746 2695/4069/3029 1691/2558/1939
f 203/305/240 3409/5206/3756 204/306/241
f 203/305/240 4850/307/242 4788/7770/4875
f 203/305/240 4788/7770/4875 3409/5206/3756
f 3463/5269/3806 3431/5234/3777 3425/5228/668
f 3463/5269/3806 4724/7608/4855 3431/5234/3777
f 1782/2677/2039 3907/6021/4239 1737/2612/1985
f 1782/2677/2039 1737/2612/1985 1784/2678/2040
f 1782/2675/2039 144/216/169 3907/6022/4239
f 1788/2684/2044 4092/2689/2046 4584/7314/3785
f 3640/5582/3992 1792/2691/908 3641/5583/3993
f 1008/1514/1173 2893/4411/3248 4787/7769/4874
f 1008/1519/1173 1005/1509/1170 2894/4410/3249
f 1008/1514/1173 4787/7769/4874 730/1111/865
f 1008/1519/1173 2894/4410/3249 2893/4409/3248
f 4789/6138/4289 4449/7045/4686 3971/6139/4290
f 3522/7771/3872 4789/7772/4876 4652/7773/3873
f 2947/4486/3304 1374/2065/1590 3645/5590/3996
f 1223/1824/1411 4286/6716/4556 1224/1825/1412
f 1233/1842/1424 2908/4436/3268 1811/2715/2070
f 1722/2588/1969 3743/5752/4088 638/959/753
f 1722/2588/1969 3554/5425/3904 3744/5753/4089
f 1722/2588/1969 3744/5753/4089 3743/5752/4088
f 188/281/225 3906/6019/4238 191/288/228
f 2917/4447/3276 3389/5168/3736 2918/4448/3277
f 4790/7774/7 4567/7775/2735 4791/7776/3739
f 4790/7/7 4791/5176/3739 6/9/9
f 3550/5418/3899 3308/5048/3664 684/1034/812
f 4592/7331/4780 4538/7231/4752 4095/6340/4392
f 4592/7331/4780 4649/7469/4822 4538/7231/4752
f 4592/7331/4780 1798/2699/2054 4649/7469/4822
f 4557/7332/4762 1306/1953/1515 4201/6526/4476
f 4557/7332/4762 4201/6526/4476 4593/7333/4781
f 4557/7269/4762 1308/1958/1517 1306/1957/1515
f 3213/4884/3557 2901/4420/3257 3214/4885/3558
f 3858/5949/4194 4445/7036/4683 2970/4523/388
f 4433/7011/4676 4877/6195/4130 4792/7777/2824
f 4433/7011/4676 4000/6196/4315 4877/6195/4130
f 4433/7011/4676 248/7010/295 4000/6196/4315
f 4004/6202/2140 4003/6201/4317 2803/4256/3153
f 4004/2807/2140 2803/4257/3153 2802/4254/3152
f 1874/2815/2145 660/998/782 2577/997/781
f 1874/2813/2145 1748/2627/1997 1747/2626/1996
f 3266/4988/3613 4044/6261/4351 589/5450/699
f 3266/4988/3613 852/1308/1012 4044/6261/4351
f 3566/5453/3918 2813/4277/3162 3569/5459/3922
f 4793/7778/4672 4794/7779/4877 4795/7780/4766
f 4793/7778/4672 4729/7781/4671 4794/7779/4877
f 2287/3427/2585 4370/6867/4623 3182/4840/3530
f 3283/5015/3635 3280/5012/3632 2967/4519/3321
f 3283/5015/3635 2967/4519/3321 4057/6284/203
f 1894/2844/2168 1896/2846/2170 4370/6867/4623
f 3585/5488/3936 2570/3867/2896 147/5489/173
f 3585/5488/3936 3586/5491/3937 1541/2314/1773
f 4431/7005/4673 2552/3841/2876 3325/5073/668
f 4431/7005/4673 4503/7165/4727 4432/7006/4674
f 1921/2889/2201 1386/2082/1601 1924/2892/2204
f 780/1190/929 2836/4315/3185 3598/5515/3950
f 780/1190/929 3598/5515/3950 4293/6724/4563
f 1536/2305/1768 4417/6964/4661 1080/6423/1260
f 4486/7138/4715 3601/5518/3953 3600/5517/3952
f 3602/5519/3954 4574/7298/4773 2848/4328/3196
f 1028/1554/1199 1027/1553/1198 4756/7701/4866
f 4797/7782/4878 794/7783/944 4796/7784/4649
f 4797/7785/4878 4796/7511/4649 4471/7094/4699
f 4797/7786/4878 795/7787/945 794/7788/944
f 4797/7789/4878 3376/7790/1896 795/7791/945
f 4797/7785/4878 4471/7094/4699 1653/2492/1899
f 4797/7785/4878 1653/2492/1899 3376/2489/1896
f 3607/6882/3959 3482/6881/3825 4553/7260/3960
f 4798/7792/4879 4610/7372/4793 3741/7793/4086
f 4798/7792/4879 4799/7794/4880 4608/7373/4794
f 4798/7792/4879 1511/2257/1731 4466/7081/4694
f 4798/7792/4879 3988/6168/4305 4799/7794/4880
f 4798/7792/4879 3741/7793/4086 1511/2257/1731
f 4798/7792/4879 4608/7373/4794 4610/7372/4793
f 4798/7792/4879 4466/7081/4694 3988/6168/4305
f 328/499/392 2867/4372/3220 3254/4371/3219
f 328/499/392 330/501/394 2867/4372/3220
f 1896/2846/2170 1897/2847/2171 3182/4840/3530
f 1896/2846/2170 3182/4840/3530 4370/6867/4623
f 2076/3117/2373 4229/6588/4508 232/358/275
f 4231/6590/4510 1479/2217/133 114/7795/132
f 4231/6590/4510 114/7795/132 3963/6123/4284
f 4231/6590/4510 1480/2218/410 1479/2217/133
f 1441/2162/1659 1440/2161/1658 3434/5237/3779
f 1441/2162/1659 4234/6595/3395 3046/2163/1660
f 1441/2162/1659 3886/5988/4220 4234/6595/3395
f 1441/2162/1659 3434/5237/3779 3886/5988/4220
f 4767/7796/4869 4859/6807/4262 4737/6806/994
f 4767/7725/4869 4087/7797/4881 2666/7726/3002
f 4767/7798/4869 4800/7799/4820 4859/7800/4262
f 4801/7801/1001 3443/5249/3786 3048/6136/3397
f 4801/7801/1001 840/1289/998 3443/5249/3786
f 3507/5354/3857 3509/5353/3860 247/381/294
f 3194/4858/3542 2539/3824/2862 4239/6615/4514
f 3194/4858/3542 3894/6000/3204 3195/4859/3203
f 23/33/29 3803/5845/4138 4677/7519/4836
f 2282/3418/2581 4542/6994/4669 4273/6684/4544
f 2282/3418/2581 4273/6684/4544 2970/1648/388
f 4802/7802/4515 4803/7803/4882 4016/5865/4148
f 4802/7802/4515 4016/5865/4148 1702/2568/1949
f 4191/6504/4466 3243/4945/3590 426/629/505
f 1249/1864/1442 1248/1863/1441 4511/7804/4733
f 1249/1864/1442 4511/7804/4733 1982/2961/2260
f 4804/7805/463 3286/5018/3638 931/1411/1091
f 4804/7805/463 2840/4319/3188 3286/5018/3638
f 4804/7805/463 4070/6307/4370 2840/4319/3188
f 3074/5202/3420 3404/5199/3666 4022/6236/3667
f 3314/7806/3671 4805/6474/4445 4174/6483/4451
f 3314/7806/3671 4174/6483/4451 74/117/87
f 3314/6653/3671 4742/676/542 4805/7807/4445
f 921/1399/1081 3510/5355/3861 922/1400/1082
f 921/4692/1081 3085/4690/3431 3510/5356/3861
f 2178/3264/2481 2722/4126/3060 2729/4143/3072
f 2178/3264/2481 2177/3263/2480 4836/718/575
f 2178/3264/2481 2723/4127/3061 2722/4126/3060
f 2178/3264/2481 4836/718/575 2723/4127/3061
f 4287/6717/4557 4116/6385/4410 4288/6718/4558
f 4287/6717/4557 3919/6042/4249 953/1441/1114
f 4287/6717/4557 953/1441/1114 4116/6385/4410
f 3508/7808/3859 4451/7050/3858 2327/3491/2634
f 509/757/603 3747/5757/4092 2751/4177/3094
f 4199/6523/4475 3851/5937/4187 4593/7809/4781
f 4199/6523/4475 4393/6914/4641 3851/5937/4187
f 4199/6523/4475 4200/6525/4477 4393/6914/4641
f 4199/6523/4475 4593/7809/4781 4201/6524/4476
f 2546/3833/2869 4721/6529/4479 2547/3834/2870
f 2966/4518/3320 2965/3843/2877 2554/3846/2878
f 2966/4518/3320 171/259/205 2968/258/204
f 2693/4065/3026 2692/4064/3025 1346/6540/1558
f 4207/6541/4486 4676/7518/4835 2351/3522/2655
f 4207/6541/4486 543/818/642 544/819/643
f 4207/6541/4486 4208/6542/4487 4676/7518/4835
f 4207/6541/4486 2351/3522/2655 543/818/642
f 4909/6546/4488 4670/7810/4737 4209/6547/4489
f 1289/1924/1491 1290/1925/1492 4625/7410/4804
f 1289/4608/1491 4624/7408/4803 3029/4609/3379
f 1289/4608/1491 4625/7409/4804 4624/7408/4803
f 2987/4556/3342 1380/2075/680 1379/2074/1594
f 4219/6566/4496 2709/4093/3045 2708/4092/3044
f 4219/6566/4496 4731/6567/4497 4664/7497/4830
f 581/883/690 4279/6700/4551 1996/2980/2276
f 581/883/690 1996/2980/2276 2993/4564/3347
f 2382/3568/2684 2780/4224/3126 3670/5628/4019
f 3805/5848/4140 4806/7811/4883 4779/7754/4871
f 3805/5848/4140 3002/4573/3356 4806/7811/4883
f 1137/1710/1319 2389/3576/2692 2388/3574/2690
f 1137/1710/1319 2388/3574/2690 3951/6098/4271
f 1328/1994/1540 1330/1996/1541 2821/4293/3170
f 1332/1998/1542 4639/7445/4813 4321/6778/4585
f 1332/1998/1542 616/931/731 4639/7445/4813
f 4808/4590/3366 4807/7812/4884 4028/7813/4335
f 4808/4590/3366 4760/7709/2709 2909/4437/3269
f 4808/4590/3366 3016/4592/3368 4807/7812/4884
f 4808/7814/3366 4028/6243/4335 4760/3602/2709
f 3106/4727/3453 1176/1756/1359 1172/1752/1355
f 576/876/685 578/880/687 4041/6258/4348
f 576/876/685 4708/6257/4347 4707/877/686
f 576/876/685 4041/6258/4348 4708/6257/4347
f 4505/7173/4729 396/584/469 395/583/468
f 4505/7173/4729 395/583/468 4395/6919/4644
f 4505/7173/4729 1685/2543/17 396/584/469
f 1696/2555/1940 1695/7815/1943 3185/4845/3535
f 1696/2555/1940 3538/5400/3890 1692/2556/1941
f 2436/3647/2744 2970/1648/388 4809/7816/4885
f 2436/3647/2744 4809/7816/4885 2437/3648/1564
f 2345/7743/2648 4495/7153/4722 4516/7186/4423
f 2349/3520/2653 2351/3522/2655 4676/7518/4835
f 2163/3242/2465 3446/5252/3789 469/3243/554
f 2163/3242/2465 3603/5523/3955 1960/2937/2240
f 2458/3686/2770 3793/5827/4128 2459/3687/2771
f 2458/3686/2770 1817/2721/2076 3792/5826/4127
f 2458/3686/2770 1818/2722/2077 1817/2721/2076
f 1738/2613/1986 292/448/344 1865/2803/2136
f 4146/2617/325 1299/1943/1505 4435/7015/2782
f 1747/2626/1996 1746/2625/1995 1873/2814/2146
f 4184/6495/4461 98/143/114 97/142/113
f 4184/6495/4461 97/142/113 3727/6888/4074
f 4184/6495/4461 3727/6888/4074 4381/6887/4633
f 4733/147/118 3917/7817/4170 4851/2208/1695
f 3365/5131/2155 1882/6065/2154 3366/5132/3717
f 112/160/131 3965/7531/4285 114/161/132
f 112/160/131 4013/6218/4326 4012/6216/4324
f 3490/5307/3834 3247/4951/3595 2824/4298/3175
f 4719/7598/4853 2355/1852/1433 1242/1853/1434
f 4719/7598/4853 1242/1853/1434 2495/3752/2813
f 4719/7600/4853 4720/7599/3696 2356/3530/217
f 4719/7600/4853 2356/3530/217 2355/3529/1433
f 3583/7818/3935 4194/5322/3842 4810/5321/3843
f 3583/5486/3935 4810/7819/3843 3586/5490/3937
f 2657/4004/2992 2587/3902/2915 4725/7609/4856
f 2657/4004/2992 4775/6943/4650 2587/3902/2915
f 2657/4004/2992 4725/7609/4856 4862/4005/2993
f 4811/7820/3849 1255/1872/1450 4197/6520/4472
f 4811/7821/3849 4890/7822/4863 4623/7823/1763
f 4811/7824/3849 4197/7093/4472 4891/7092/4698
f 4811/7825/3849 4891/7826/4698 4890/7827/4863
f 3332/5080/3687 2907/4435/3267 880/1341/1037
f 3332/5080/3687 3331/5079/3686 2907/4435/3267
f 2244/3375/2546 4530/3372/2544 1041/1575/1212
f 2244/3375/2546 1041/1575/1212 1039/1573/1210
f 1577/2368/1813 3476/5285/3820 1578/2370/1815
f 3105/4726/3452 2456/3684/2768 4322/6781/4587
f 3305/5045/3661 4734/7630/4858 3306/5046/3662
f 3846/5926/4182 4863/6417/4420 221/335/261
f 3846/5926/4182 3847/5929/4183 4135/6416/1511
f 3822/5881/4157 4812/7828/4159 4140/6425/1772
f 803/1218/954 802/1217/953 965/1456/1126
f 4537/7229/2591 557/838/657 2982/4547/3336
f 4813/7829/4886 3878/5974/4214 3877/5973/4213
f 4813/7829/4886 4814/7830/4887 4266/6673/4539
f 4813/7829/4886 4266/6673/4539 3703/5681/4049
f 4813/7829/4886 3877/5973/4213 4814/7830/4887
f 4813/7829/4886 3703/5681/4049 3878/5974/4214
f 269/412/318 3905/6018/4237 270/413/319
f 4331/6796/2031 3865/5959/4202 4064/7110/4367
f 4147/6437/4195 2343/3510/2646 2342/3509/2645
f 1582/2374/1819 1102/1662/1281 1104/1664/1283
f 1589/2382/1827 2312/3469/2615 4481/7132/4712
f 1484/2227/1705 1485/2226/1707 4815/7831/4888
f 1484/7832/1705 4815/7833/4888 4849/7834/4622
f 4588/7835/4777 4589/7836/4778 3064/4658/376
f 2069/3102/2364 4650/7471/4823 2070/3103/2365
f 2069/3102/2364 861/1319/1019 4650/7471/4823
f 2069/3102/2364 4564/7281/4767 861/1319/1019
f 327/498/391 4198/6521/4473 330/501/394
f 2729/4143/3072 3738/5744/4084 3088/4699/3434
f 4224/6329/4385 4407/3934/2938 2606/3933/2937
f 4224/6576/4385 2388/3574/2690 4407/6948/2938
f 4513/7181/4734 1300/7182/1506 4816/7837/1990
f 4513/7181/4734 4816/7837/1990 4237/7838/2179
f 1903/2860/2182 4089/6333/4387 4722/6533/4480
f 1903/2860/2182 4722/6533/4480 1904/2861/2183
f 2882/4388/3233 4817/7839/3465 4841/4389/186
f 3399/5656/3747 458/6890/541 4669/7503/2323
f 3399/5656/3747 4669/7503/2323 2033/5659/2321
f 3351/5103/3701 632/951/747 631/950/746
f 1556/2340/1790 1557/2339/1791 4873/6906/4637
f 1556/7840/1790 4818/7841/4889 4398/5734/4081
f 1556/2340/1790 4873/6906/4637 4818/7842/4889
f 3613/7843/3966 4830/7844/3318 2961/7845/1392
f 3613/7846/3966 414/7847/493 4830/7848/3318
f 3655/6103/4006 3954/6102/4273 607/922/722
f 3655/6103/4006 607/922/722 1031/1563/1204
f 1035/1568/1206 4459/7068/3611 4725/7609/4856
f 2999/4570/3353 3878/5974/4214 3703/5681/4049
f 2999/4570/3353 2998/4569/3352 3878/5974/4214
f 4531/7222/4747 1284/1918/1485 2363/3537/2664
f 4531/7222/4747 3705/5683/4051 3984/6159/4301
f 2957/4503/3316 3707/5685/4053 2960/4504/3317
f 4473/7102/4701 608/1614/723 4269/6680/4541
f 4473/7102/4701 4269/6680/4541 2681/4052/3015
f 1069/7515/1245 2833/7413/3182 4626/7412/4805
f 3015/4591/3367 3017/4593/3369 4300/6738/4570
f 3015/4591/3367 4300/6738/4570 179/267/213
f 3581/5482/3933 3580/5481/3932 4130/6409/4418
f 3572/5464/3924 2970/4526/388 3574/5467/3926
f 4776/7849/676 1097/7850/1276 3961/7851/4281
f 4776/7852/676 3961/7171/4281 4504/7170/4728
f 4707/7580/686 1590/2383/1828 3946/7202/4266
f 4044/6263/4351 591/894/701 589/892/699
f 4044/6263/4351 742/1126/880 591/894/701
f 225/7853/263 4018/7854/4330 3734/7855/4079
f 1143/4834/1324 4671/7508/4242 2377/3562/2679
f 1143/1716/1324 1142/1715/1323 4671/6026/4242
f 2530/7856/2165 4819/7857/4816 216/327/254
f 2530/2840/2165 1891/2839/2164 4819/7454/4816
f 4308/6751/4578 1688/2548/1936 1690/2550/1935
f 4308/6751/4578 4330/6793/4594 1688/2548/1936
f 4308/6751/4578 137/205/162 135/204/161
f 4308/6751/4578 1690/2550/1935 137/205/162
f 1629/2453/1872 1771/2658/2025 1630/2455/1874
f 3292/5028/3647 1777/2668/2033 1776/2667/2032
f 3292/5028/3647 3294/5030/3649 1777/2668/2033
f 2769/4212/3114 3428/5231/3774 1780/2672/2036
f 2769/4212/3114 1780/2672/2036 1779/2671/2035
f 2769/4212/3114 2048/3070/2339 3428/5231/3774
f 2769/4212/3114 2050/3073/2342 2048/3070/2339
f 3061/2760/2101 3920/4464/3285 4704/2761/2102
f 4820/7858/2106 4821/7859/3410 4589/7860/4778
f 2331/3495/2637 2330/3494/2636 86/130/101
f 2331/3495/2637 1198/1793/1386 1197/1792/1385
f 1201/1796/1389 515/763/609 4067/6304/4368
f 2838/4317/3187 2840/4319/3188 4070/6307/4370
f 3755/5774/4099 1217/1818/1406 1218/1819/1405
f 3755/5774/4099 1218/1819/1405 3312/7861/3670
f 3755/5772/4099 3312/5055/3670 3883/5985/4217
f 3628/5775/3981 4286/6716/4556 4822/7670/4861
f 3628/5775/3981 1224/1825/1412 4286/6716/4556
f 3628/5562/3981 4822/7862/4861 3629/5563/3982
f 1809/2713/2068 4079/6317/4377 4823/7863/4890
f 1809/2713/2068 4823/7863/4890 876/1337/1033
f 1154/256/202 173/261/207 2857/4350/3207
f 3767/5789/4110 3772/5794/3676 4411/7534/4656
f 4081/6320/4379 2828/4304/3178 3559/5433/3909
f 1251/1866/1444 4301/6739/4571 1252/1867/1445
f 4002/6200/4316 4005/6204/4318 4039/6255/4346
f 3848/5936/4185 2169/3256/2472 3114/4733/3459
f 3518/5368/3868 4342/6818/4602 4507/7175/2221
f 3518/5368/3868 3519/5369/3869 4342/6818/4602
f 3518/5368/3868 4507/7175/2221 2839/1016/797
f 115/172/138 4652/5374/3873 2895/7864/3252
f 115/172/138 2895/7864/3252 2815/173/139
f 1496/2240/1718 2777/4221/3123 614/929/729
f 1496/2240/1718 614/929/729 1499/2243/908
f 2886/4397/3238 3529/5386/3881 3439/5243/3644
f 3739/1064/833 4824/7865/4795 701/1065/834
f 3739/5746/833 3741/5750/4086 4824/7375/4795
f 4566/1210/946 796/1211/947 608/923/723
f 4566/7283/946 608/1614/723 3592/5509/3944
f 945/1436/1107 947/1434/1109 1397/2098/1612
f 591/894/701 741/1124/878 592/895/702
f 2233/7866/2533 4210/7867/4490 4911/7868/2534
f 4027/6241/2710 4508/7176/4730 2405/5102/2711
f 984/1479/1148 982/1477/1146 4032/6248/4339
f 4321/6778/4585 4327/6788/4592 3544/5406/3895
f 4321/6778/4585 4639/7445/4813 4327/6788/4592
f 4321/6778/4585 3544/5406/3895 2648/3993/2983
f 3157/1177/917 3807/5850/2083 4780/7755/4872
f 3157/1177/917 4780/7755/4872 772/1178/918
f 3089/4700/3435 4373/6871/4626 493/729/583
f 3089/4700/3435 490/726/580 1373/2064/1589
f 3089/4700/3435 493/729/583 490/726/580
f 3089/4700/3435 787/1198/935 4374/6872/4627
f 3089/4700/3435 4374/6872/4627 4373/6871/4626
f 3556/5428/3903 3555/5427/3905 4582/5828/4129
f 3556/5424/3903 3744/5753/4089 3554/5425/3904
f 3429/5232/3775 3886/5988/4220 3430/5233/3776
f 2876/4382/3227 4681/6214/2089 1477/2213/1700
f 3409/5206/3756 4788/7770/4875 3410/5207/3757
f 4667/7501/4831 988/1485/1153 3624/5550/3977
f 4667/7501/4831 3624/5550/3977 2032/3040/2320
f 4667/7501/4831 2032/3040/2320 2031/3039/2319
f 3689/5692/4038 3713/5694/4059 3692/7411/4040
f 303/467/360 518/767/613 585/887/694
f 4723/7012/4677 2908/4436/3268 3831/5901/4168
f 2518/3789/2836 4844/3788/2837 4551/7255/3485
f 902/1375/1060 901/1374/1059 4187/6499/4464
f 4214/6558/4493 910/1385/1068 4215/6559/4494
f 4214/6558/4493 4689/7544/4842 4643/7457/4817
f 1415/2121/1632 938/1420/1099 935/1416/1095
f 1415/2121/1632 935/1416/1095 1416/2122/1633
f 1415/2121/1632 1732/2605/1981 938/1420/1099
f 39/67/49 4422/7869/4665 3202/7870/3205
f 1097/1657/1276 1098/1658/1277 3961/6120/4281
f 2598/3917/2927 2867/4372/3220 2599/3918/2928
f 3410/5207/3757 4788/7770/4875 3411/5208/3758
f 1358/2036/1570 380/567/452 2858/2039/1573
f 3450/5256/3793 4580/7307/4774 3452/5258/3795
f 3450/5256/3793 1398/2099/1613 4580/7307/4774
f 4827/2630/2000 4845/2629/1999 4825/7871/3130
f 4827/2630/2000 352/7872/421 4826/7873/420
f 4827/2630/2000 4826/7873/420 4727/2631/2001
f 4827/7874/2000 4825/4228/3130 352/2137/421
f 324/494/387 4305/6744/4576 2970/495/388
f 3318/5065/3674 3238/4939/3584 169/254/200
f 4057/6284/203 2967/4519/3321 2968/4520/204
f 183/273/219 636/957/751 3295/5031/3650
f 4828/7875/3818 3982/6153/4299 4187/6499/4464
f 4415/6961/4658 1527/2284/1752 2361/3535/2663
f 7/10/10 4625/7410/4804 3985/6160/4302
f 1189/1781/1376 4889/7876/2835 4704/7575/4848
f 1189/1781/1376 4762/7877/4815 4889/7876/2835
f 1189/6719/1376 4288/6718/4558 4762/7450/4815
f 3484/5299/3829 4872/7878/4891 3485/5300/3830
f 3484/5299/3829 4846/7563/4846 4872/7878/4891
f 4538/7231/4752 4649/7469/4822 4539/7232/4094
f 4538/7231/4752 4829/7879/3335 4095/6340/4392
f 4405/6946/4653 3672/5630/4021 1417/2123/1634
f 4405/6946/4653 1417/2123/1634 1416/2122/1633
f 4405/6946/4653 4404/6945/4652 3672/5630/4021
f 873/7140/1030 3313/116/90 4173/118/89
f 3223/4909/3568 3225/4908/3570 2466/7364/2779
f 4040/6256/2815 4039/6255/4346 4005/6204/4318
f 4040/6256/2815 1588/7523/1826 4708/6257/4347
f 2963/7880/2535 4830/7881/3318 413/7882/490
f 4101/6359/4397 236/362/279 3231/4923/3576
f 4101/6359/4397 107/155/126 2811/4275/3160
f 3523/5375/3874 3726/5712/4073 2485/3737/2801
f 3523/5375/3874 3397/5185/3745 2694/4068/3028
f 4618/4134/3067 3734/5729/4079 4018/6230/4330
f 4618/4134/3067 3356/5738/3707 3736/5737/4082
f 4501/7162/4529 2497/3753/2814 697/7883/828
f 219/333/259 3291/5026/3646 220/334/260
f 1066/1618/1242 2221/3327/2523 1071/1624/1248
f 1066/1618/1242 2268/3404/2567 2221/3327/2523
f 4597/7342/4784 91/136/107 90/135/106
f 3537/5396/3888 3536/5395/3887 3875/5971/4211
f 15/20/20 1689/2549/1937 1401/2103/1616
f 1409/2114/1625 1411/2116/1627 2848/4328/3196
f 1409/2114/1625 2848/4328/3196 4574/7298/4773
f 3696/5674/4043 3698/5676/4045 755/1154/897
f 3696/5674/4043 4031/6247/4338 3697/5675/4044
f 4740/7649/4860 1787/1163/343 2641/3985/2976
f 2649/3994/2984 2648/3993/2983 3544/5406/3895
f 2780/4224/3126 433/637/513 3670/5628/4019
f 4510/7178/4732 1125/1695/1306 438/642/518
f 4510/7178/4732 4511/7179/4733 1248/7341/1441
f 4236/6692/4511 4761/7713/4512 4276/6693/4549
f 835/4636/991 4744/7659/4709 4236/7884/4711
f 4831/7885/3836 4863/6417/4420 2067/7886/2362
f 4831/7885/3836 4832/7887/3835 4863/6417/4420
f 3278/5010/3630 608/923/723 4457/7065/4690
f 3278/5010/3630 1149/1723/1330 608/923/723
f 258/399/307 3093/401/308 962/7521/1123
f 4621/7399/4801 4333/6801/4595 3294/5030/3649
f 4621/7399/4801 3294/5030/3649 637/958/752
f 922/1400/1082 3510/5355/3861 2930/4467/3288
f 4365/6857/4619 4193/6509/4469 3817/5872/4152
f 593/896/703 2762/4200/3107 4701/3717/2792
f 593/896/703 592/895/702 2762/4200/3107
f 4666/6535/4482 4664/7621/4830 4204/6536/4483
f 4666/7499/4482 2551/3839/2874 4432/7006/4674
f 3883/5985/4217 3312/5055/3670 1658/2498/1904
f 1647/806/634 640/7888/756 2975/807/635
f 4659/7486/2284 4833/7889/4528 2385/3571/2687
f 4659/7486/2284 2385/3571/2687 1130/1700/1311
f 2605/3931/2936 4748/7671/4862 1715/2581/1962
f 442/648/524 4241/6622/4516 445/652/525
f 1290/1925/1492 3479/5288/3823 3985/6160/4302
f 1290/1925/1492 3480/5289/3824 3479/5288/3823
f 1290/1925/1492 1288/1923/1490 3480/5289/3824
f 1290/1925/1492 3985/6160/4302 4625/7410/4804
f 4895/5476/1585 3838/5471/3928 4834/7890/1781
f 4465/7080/4693 3987/6167/4304 4466/7081/4694
f 4465/7080/4693 2621/3962/2959 3987/6167/4304
f 4251/6636/4525 4835/7891/4892 4854/3968/2963
f 4251/6636/4525 4854/3968/2963 848/1302/1006
f 4251/6636/4525 3853/5942/4189 4835/7891/4892
f 487/723/574 2724/4128/3062 4836/7892/575
f 487/723/574 1572/2363/1808 2724/4128/3062
f 2006/2995/2288 2008/2997/2291 4303/6741/4573
f 1651/2490/1897 3035/4616/3385 4786/7768/4873
f 1651/2490/1897 4786/7768/4873 1652/2491/1898
f 2650/3995/2985 1655/2495/354 2651/3996/2986
f 2195/2501/1907 347/526/414 891/4625/1047
f 720/7893/854 2466/7364/2779 3225/4908/3570
f 1925/2893/2205 727/1108/862 724/1101/858
f 4396/6921/4645 4395/6919/4644 395/583/468
f 4396/6920/4645 4072/6310/4372 4345/6823/4605
f 96/141/112 3727/6888/4074 97/142/113
f 4317/6772/4584 4723/7607/4677 4548/7247/4758
f 808/1223/959 4837/7894/2429 810/1225/961
f 4838/6513/4471 4761/7711/4512 4237/7895/2179
f 4838/7896/4471 4237/7897/2179 4903/7898/1989
f 4840/3162/2405 4839/7899/2623 4100/6357/4396
f 4840/7900/2405 2108/3478/2407 4839/3477/2623
f 910/1385/1068 911/1386/1069 4215/6559/4494
f 1305/1952/1514 2536/3819/2857 2535/3818/2856
f 3897/6003/3840 4416/6963/4660 3495/7548/3841
f 4817/7901/3465 4691/7902/185 4841/7903/186
f 4817/4754/3465 3120/4753/3466 4691/7550/185
f 4241/6622/4516 4633/7427/4809 2141/3213/2444
f 3445/5251/3788 1179/1765/1365 1180/1767/1366
f 4315/6768/4581 3606/5526/3958 4316/6769/4582
f 2589/3905/2918 4281/6704/2302 3159/4813/3507
f 3168/4822/3515 713/1090/847 3664/5620/4014
f 3177/4835/3526 2377/3562/2679 1929/2088/1606
f 3263/7904/3608 4210/7905/4490 1268/7906/1463
f 3263/7069/3608 1036/1569/1207 4210/7195/4490
f 3263/7907/3608 1268/7908/1463 4842/7909/3157
f 3350/5101/3700 2405/5102/2711 4508/7176/4730
f 4819/7857/4816 2099/3147/2397 4843/7910/4893
f 4819/7857/4816 4843/7910/4893 216/327/254
f 3793/5827/4128 4806/7811/4883 2459/3687/2771
f 3793/5827/4128 4779/7754/4871 4806/7811/4883
f 3793/5827/4128 772/1178/918 4779/7754/4871
f 4373/6871/4626 4375/6873/4628 3975/6143/4294
f 4373/6871/4626 3975/6143/4294 493/729/583
f 2460/3688/2772 1672/2517/1918 1669/2516/1915
f 4376/6876/4629 3435/5238/3780 3438/5241/3782
f 2473/3709/2787 2472/3708/2786 3798/5839/4133
f 3800/5842/4135 4200/6525/4477 668/1008/791
f 2481/3724/2796 2132/3196/2431 3813/5861/4147
f 2481/3725/2796 3813/5860/4147 3007/4578/3361
f 4154/6446/4433 4441/6578/4503 4442/3921/2931
f 4610/7376/4793 4824/7375/4795 3741/5750/4086
f 3134/4774/3482 1515/2267/1737 3824/5887/4161
f 3134/4774/3482 3824/5887/4161 2503/3764/2818
f 2334/3498/2640 4717/7596/3010 4514/7184/3009
f 1208/1807/1398 1207/1806/1397 1907/2864/2185
f 4694/7911/4845 3234/4926/3579 4595/7383/4783
f 4694/7911/4845 3235/4927/3580 3234/4926/3579
f 4694/7911/4845 4705/7577/4849 3235/4927/3580
f 2628/3972/2965 2629/3973/2966 4522/7199/4739
f 3218/4889/3562 4663/7494/4828 3219/4891/3564
f 3218/4889/3562 4167/6472/4444 4483/7134/4714
f 3218/4889/3562 4483/7134/4714 4663/7494/4828
f 1350/2027/1563 4809/7912/4885 4445/7036/4683
f 1350/2027/1563 2437/2029/1564 4809/7912/4885
f 3670/5628/4019 3594/5511/3946 2374/3558/2676
f 1670/2514/1916 3002/4573/3356 4220/6570/4499
f 1670/2514/1916 4220/6570/4499 1671/2515/1917
f 4833/7913/4528 2007/2994/2290 1128/1698/1309
f 4455/7063/4688 4752/7686/4864 4456/7064/4689
f 1163/1741/1344 138/208/163 137/207/162
f 1163/1741/1344 1161/1739/1342 138/208/163
f 1643/2475/1888 1776/2667/2032 1774/2661/2028
f 2873/7914/3224 4500/7159/4725 4642/7451/4746
f 4664/7621/4830 172/260/206 4204/6536/4483
f 71/108/83 2249/3383/2550 72/109/84
f 2258/6594/2559 2257/7226/2558 4533/7224/4749
f 4634/7256/4759 4551/7255/3485 4844/3788/2837
f 4634/7915/4759 4276/7916/4894 4478/7917/4546
f 4634/7915/4759 4844/7918/2837 4276/7916/4894
f 2951/4490/3308 2861/4358/3210 2688/7666/3022
f 2951/4490/3308 2688/7666/3022 2687/5995/3021
f 1076/1629/1253 2348/3519/2651 2347/3515/2650
f 1076/1629/1253 4660/1631/1255 2348/3519/2651
f 1080/6423/1260 4417/6964/4661 1081/7919/1261
f 4764/7717/4663 1804/2705/2060 1084/1642/1263
f 4764/7717/4663 4419/4993/3617 1804/2705/2060
f 1808/2712/2067 118/181/142 2817/180/140
f 2907/4435/3267 3331/5079/3686 334/506/398
f 818/1243/973 977/7236/1141 2073/6792/2370
f 818/1243/973 821/1242/970 977/7236/1141
f 3076/4676/3422 2303/3450/2603 3405/5200/3752
f 3079/4680/3425 4247/6628/4522 2304/3456/2604
f 3079/4681/3425 2304/3451/2604 2942/4479/3300
f 4542/7238/4669 2308/3457/2607 33/51/37
f 4542/6994/4669 33/48/37 4273/6684/4544
f 4067/6304/4368 515/763/609 4068/6305/4369
f 4845/7920/1999 205/309/243 4825/4228/3130
f 4847/7921/4311 4846/7922/4846 2018/3019/2309
f 4847/7923/4311 3997/7378/4312 4846/7924/4846
f 4847/7921/4311 2018/3019/2309 943/1429/1106
f 4847/7921/4311 943/1429/1106 944/1428/1105
f 739/1120/874 4316/6769/4582 3605/5525/3957
f 3503/5340/3851 4645/5430/3906 3504/5341/3852
f 4469/7087/4696 2812/4276/3161 1476/2212/1699
f 2815/173/139 4848/7925/3251 4865/7926/3165
f 2815/173/139 2895/7864/3252 4848/7925/3251
f 4131/6410/3092 4130/6409/4418 3580/5481/3932
f 1501/2245/1722 1499/2243/908 131/191/152
f 3632/5566/3984 2888/4401/3240 2887/4400/3239
f 4649/7470/4822 3749/5761/4095 4539/5760/4094
f 4649/7470/4822 4314/6767/4580 3749/5761/4095
f 4023/6237/4333 3678/5637/4026 2323/3484/2629
f 4023/6237/4333 4580/7307/4774 1395/2096/1610
f 4023/6237/4333 2323/3484/2629 2322/3483/2628
f 2762/4200/3107 592/895/702 741/1124/878
f 2851/4333/3198 4807/7812/4884 3016/4592/3368
f 2851/4334/3198 1411/2116/1627 4807/7927/4884
f 2851/4334/3198 2848/4328/3196 1411/2116/1627
f 2860/4356/3208 53/86/64 4636/3474/2620
f 2198/7928/2501 4815/7929/4888 4657/7483/4824
f 2198/3295/2501 2200/3298/1978 4849/6864/4622
f 2198/7928/2501 4849/7930/4622 4815/7929/4888
f 2198/7928/2501 4657/7483/4824 2199/7482/2502
f 4326/6786/4591 418/621/497 1327/1992/1539
f 4326/6786/4591 4651/509/400 335/508/399
f 2563/3859/2888 3124/4760/3472 2401/3596/2704
f 2563/3859/2888 800/1215/951 3126/4762/3474
f 3623/5549/3976 3624/5550/3977 988/1485/1153
f 4240/2005/1548 4132/6412/4419 1339/2006/1549
f 833/1266/987 2771/4215/3117 1779/2671/2035
f 2893/4411/3248 1668/2511/1914 4787/7769/4874
f 4806/7811/4883 2461/3689/2773 2459/3687/2771
f 4806/7811/4883 3002/4573/3356 2461/3689/2773
f 2642/3986/2977 3468/5274/3811 3656/5609/4007
f 2642/3986/2977 2644/3988/2979 3468/5274/3811
f 919/1397/1079 2931/4468/3289 208/313/246
f 2936/4473/3294 2267/3403/2566 2266/3402/2565
f 2936/4473/3294 2266/3402/2565 2937/4474/3295
f 1307/1955/1516 3693/5670/4041 665/1956/788
f 1014/1527/1182 3888/5992/4222 3852/7931/4188
f 2599/3918/2928 4198/6521/4473 2600/3919/2929
f 2599/3918/2928 2867/4372/3220 330/501/394
f 2599/3918/2928 330/501/394 4198/6521/4473
f 334/506/398 3331/5079/3686 335/508/399
f 3907/6022/4239 144/216/169 145/217/170
f 3352/5104/3702 631/950/746 629/953/745
f 4262/6663/4535 3515/5364/3865 3516/5365/3866
f 4262/6663/4535 3516/5365/3866 4887/6664/4536
f 4262/6665/4535 2632/3976/2969 3515/7648/3865
f 2811/4275/3160 3521/5371/3871 2812/4276/3161
f 2811/4275/3160 107/155/126 3521/5371/3871
f 4296/6730/4566 3299/5039/3654 3298/5038/3653
f 4296/6730/4566 3298/5038/3653 4297/6731/4567
f 3375/5150/3723 4688/7543/4841 1033/7542/1202
f 3375/5150/3723 1652/2491/1898 4688/7543/4841
f 3087/4695/3433 2765/4204/3109 3730/5718/4075
f 3087/4695/3433 1001/1505/1166 2765/4204/3109
f 4509/7932/4731 773/1179/919 769/7933/915
f 4509/7932/4731 4267/6674/4538 4266/6673/4539
f 4509/7932/4731 4814/7830/4887 4035/6251/4342
f 4509/7932/4731 4266/6673/4539 4814/7830/4887
f 4509/7932/4731 4035/6251/4342 773/1179/919
f 3387/5166/3734 3706/5684/4052 2919/4449/3278
f 3387/5166/3734 3388/5167/3735 3706/5684/4052
f 3387/5166/3734 2919/4449/3278 2918/4448/3277
f 3391/5173/3738 2960/4504/3317 3707/5685/4053
f 3888/5992/4222 3887/5990/4221 3852/7931/4188
f 3641/5583/3993 1792/2691/908 1683/2539/1930
f 3641/5583/3993 4226/6583/4505 3642/5584/912
f 3641/5583/3993 1683/2539/1930 4226/6583/4505
f 1688/2548/1936 4330/6793/4594 1689/2549/1937
f 1691/2558/1939 2695/4069/3029 1694/2559/1942
f 1700/2566/1947 2283/3419/2582 2970/1648/388
f 2187/3276/2490 2185/3274/2488 4616/7386/4798
f 2187/3276/2490 4616/7386/4798 1103/1663/1282
f 4709/7582/4850 3974/6142/4293 2384/3570/2686
f 3193/4857/3541 3192/4854/3540 600/915/715
f 3290/5025/3645 4632/7426/4808 648/974/768
f 4333/6801/4595 1777/2668/2033 3294/5030/3649
f 1519/7934/1742 1485/2226/1707 3302/7935/1746
f 1519/7934/1742 4815/7831/4888 1485/2226/1707
f 1519/7936/1742 4657/7483/4824 4815/7929/4888
f 1519/7936/1742 1521/7484/1744 4657/7483/4824
f 4392/7576/4640 3108/4729/3455 3107/4728/3454
f 232/358/275 4229/6588/4508 1881/2824/2153
f 232/358/275 1881/2824/2153 235/361/278
f 3313/116/90 3825/5891/4162 4076/6314/4374
f 4078/6316/4376 1551/2331/1786 420/623/499
f 4078/6316/4376 876/1337/1033 4823/7863/4890
f 4078/6316/4376 4823/7863/4890 4079/6317/4377
f 374/560/445 3048/4637/3397 377/563/448
f 4850/7937/242 1144/4832/1325 4858/5807/4119
f 4850/308/242 202/303/239 1144/1717/1325
f 4850/7937/242 4858/5807/4119 4788/7938/4875
f 1939/2910/2220 3286/5018/3638 2840/4319/3188
f 1939/2910/2220 2841/4320/3189 4507/2911/2221
f 3185/7939/3535 1695/2560/1943 2278/3414/2577
f 2970/495/388 4487/7139/4716 2012/3002/2295
f 2970/4523/388 4445/7036/4683 4809/7912/4885
f 2970/495/388 4305/6744/4576 2903/4429/3264
f 2854/4341/3202 3197/4861/3543 3195/4342/3203
f 4449/7045/4686 3458/5264/3801 3456/5262/3799
f 4449/7045/4686 3456/5262/3799 3971/6139/4290
f 4851/7940/1695 3917/6036/4170 1603/2403/1696
f 3840/7941/4175 4794/7779/4877 4869/7942/1076
f 3840/7941/4175 4563/7943/3929 4795/7780/4766
f 3840/7941/4175 4795/7780/4766 4794/7779/4877
f 3242/4943/3588 4192/6505/4467 4718/7597/154
f 3242/4943/3588 3243/4945/3590 4192/6505/4467
f 1313/1967/1523 1312/1966/1521 4611/7377/4796
f 1313/1967/1523 4611/7377/4796 3997/6190/4312
f 878/1339/1035 4792/3770/2824 1810/2714/2069
f 180/268/214 179/267/213 4300/6738/4570
f 1294/1937/1499 1448/1931/1497 776/7944/922
f 4398/5734/4081 4818/7841/4889 1297/7945/4895
f 3359/5116/3710 3778/5804/4116 3558/5432/3908
f 3359/5116/3710 3719/5702/4064 2939/4476/3297
f 3359/5116/3710 3358/5115/3709 3778/5804/4116
f 3359/5116/3710 3558/5432/3908 3719/5702/4064
f 4494/7152/4721 3892/5998/4226 1685/6616/17
f 3567/5461/3920 4022/5051/3667 234/360/277
f 3573/5466/3925 4705/7578/4849 4535/7227/4751
f 605/920/720 1031/1563/1204 607/922/722
f 3124/4760/3472 1621/2442/1863 2401/3596/2704
f 4673/7512/4833 3824/5887/4161 1515/2267/1737
f 4673/7512/4833 3211/4882/3555 3209/4880/3553
f 4673/7512/4833 3209/4880/3553 3824/5887/4161
f 3796/7946/4131 4852/7947/4646 4853/7948/1236
f 3796/7949/4131 4853/7950/1236 3686/7951/1235
f 3796/7946/4131 4854/7952/2963 4852/7947/4646
f 4807/7927/4884 1411/2116/1627 1408/2113/1624
f 4807/7927/4884 1408/2113/1624 4028/6244/4335
f 4650/7471/4823 2596/3915/2925 2070/3103/2365
f 2251/3386/2552 3884/5986/4218 4855/7953/3563
f 4856/7954/1526 4677/7519/4836 4381/7108/4633
f 4856/7954/1526 3056/7520/3403 4677/7519/4836
f 1485/2226/1707 1486/2228/1708 3302/7935/1746
f 2777/4221/3123 4639/7445/4813 616/931/731
f 2777/4221/3123 616/931/731 614/929/729
f 4770/6647/4530 2914/4444/3273 3072/4442/3272
f 2301/3448/2601 4242/6623/4517 2147/3219/2450
f 470/694/555 4596/7338/1364 472/696/557
f 4050/6273/4354 3515/7648/3865 2632/3976/2969
f 4050/6273/4354 2632/3976/2969 479/707/567
f 2177/3263/2480 486/722/577 4836/718/575
f 2180/3267/2484 903/1376/1061 3324/5072/3680
f 4116/6385/4410 4714/7243/4754 4277/6690/4548
f 1453/2184/1672 4500/7159/4725 3172/4826/3519
f 3851/5937/4187 3113/5938/3461 4593/7809/4781
f 4676/7518/4835 4208/6542/4487 2442/3660/2751
f 2099/3147/2397 4603/7358/4788 4843/7910/4893
f 4097/6343/4393 555/836/655 961/1451/1122
f 4215/6559/4494 3477/5286/3821 194/295/234
f 4215/6559/4494 911/1386/1069 3477/5286/3821
f 4298/6734/4568 4103/7955/4399 4642/7451/4746
f 2713/4097/3049 2993/4564/3347 1994/2977/2274
f 417/620/496 1327/1992/1539 418/621/497
f 3025/4603/3378 3551/5420/3901 3100/4717/3446
f 3025/4605/3378 3023/4599/3375 3551/5429/3901
f 3405/5200/3752 2303/3450/2603 1109/1672/1289
f 3164/4818/3511 4167/6472/4444 1121/5586/1302
f 3164/4818/3511 4483/7134/4714 4167/6472/4444
f 862/1321/1021 861/1319/1019 4564/7281/4767
f 4857/7956/2708 4713/3330/2526 271/414/320
f 2326/3489/2633 2929/4466/3287 4658/7485/4825
f 2326/3489/2633 4658/7485/4825 2327/3490/2634
f 2806/4260/3156 4177/6486/4454 1744/2623/1993
f 4294/6727/4564 3597/5514/3949 3596/5513/3948
f 2072/3110/2369 1401/2103/1616 4330/6793/4594
f 541/7690/640 4753/7689/4865 542/4539/641
f 2724/4129/3062 2723/4127/3061 4836/718/575
f 4663/7494/4828 4483/7134/4714 4482/7133/4713
f 965/1456/1126 802/1217/953 1763/2647/2017
f 3615/5536/3968 4788/7770/4875 4858/7957/4119
f 3615/5536/3968 3411/5208/3758 4788/7770/4875
f 2613/3945/2946 4244/6625/4519 453/661/534
f 2318/3476/2622 3564/5451/3916 4839/3477/2623
f 236/362/279 235/361/278 3231/4923/3576
f 3575/2321/1779 3371/5139/3262 1546/2322/1780
f 4732/7623/1574 2858/4351/1573 2857/4350/3207
f 608/923/723 4054/6280/4359 4056/6282/4361
f 608/1614/723 4056/6283/4361 2261/3397/1239
f 608/1614/723 376/562/447 3711/5690/4056
f 4713/3330/2526 732/1113/867 271/414/320
f 2562/3858/2887 1763/2647/2017 802/1217/953
f 2131/3195/2430 3813/5861/4147 2132/3196/2431
f 2141/3213/2444 4633/7427/4809 2142/3214/2445
f 2105/3160/2403 2894/4410/3249 1005/1509/1170
f 3520/5370/3870 3361/5125/3713 3914/6032/4245
f 2049/3071/2340 2050/3073/2342 2770/4214/3116
f 2049/3071/2340 2770/4214/3116 3629/5563/3982
f 2049/3071/2340 3629/5563/3982 4822/7862/4861
f 2049/3071/2340 4822/7862/4861 3436/3072/2341
f 3836/5910/4173 4400/6930/668 566/852/668
f 3836/5910/4173 3477/5286/3821 911/1386/1069
f 3836/5910/4173 911/1386/1069 906/1381/1064
f 3836/5910/4173 906/1381/1064 4400/6930/668
f 3987/6167/4304 2620/3960/2957 2056/3089/2351
f 3987/6167/4304 3988/6168/4305 4466/7081/4694
f 3987/6167/4304 2621/3962/2959 2620/3960/2957
f 4645/5430/3906 3943/4243/3145 4859/7958/4262
f 3509/5353/3860 4000/7959/4315 248/382/295
f 3509/5353/3860 248/382/295 247/381/294
f 3509/5353/3860 3511/5357/3856 4000/7959/4315
f 4003/6201/4317 4541/7237/4753 2803/4256/3153
f 3004/4575/3358 4303/6741/4573 2008/2997/2291
f 3064/4658/376 4589/7836/4778 4821/4659/3410
f 1312/1966/1521 701/7960/834 4611/7377/4796
f 4142/7961/837 3915/6034/4246 4860/7962/1193
f 4142/7961/837 1911/6875/2189 3915/6034/4246
f 3431/5234/3777 4724/7608/4855 3432/5235/3778
f 2432/3641/2740 4861/7963/4870 1685/1686/17
f 2432/3641/2740 1371/2061/1587 4861/7963/4870
f 2432/3641/2740 2431/3640/2739 1371/2061/1587
f 171/259/205 4204/6536/4483 172/260/206
f 1737/2612/1985 287/441/339 1784/2678/2040
f 3698/5676/4045 3432/5235/3778 4724/7608/4855
f 3698/5676/4045 4724/7608/4855 755/1154/897
f 3698/5676/4045 2505/3766/2820 3432/5235/3778
f 767/1168/910 3642/1170/912 4226/6582/4505
f 4322/6781/4587 2456/3684/2768 2454/3681/2765
f 4322/6781/4587 2454/3681/2765 3621/5547/3974
f 955/1443/1116 3063/4656/3409 3062/4655/3408
f 955/1443/1116 953/1441/1114 3919/6042/4249
f 4330/6793/4594 1401/2103/1616 1689/2549/1937
f 4862/7964/2993 4459/7965/3611 3262/7966/3610
f 4862/4007/2993 3262/7967/3610 2658/4008/2994
f 4862/4005/2993 4725/7609/4856 4459/7068/3611
f 1569/2360/1805 4351/4550/3339 4122/6394/4412
f 2185/3274/2488 2703/4084/3037 4616/7386/4798
f 583/885/692 1593/2386/1831 3948/6093/4268
f 3678/5637/4026 3677/5636/4025 2323/3484/2629
f 596/2842/706 1892/2841/2166 4892/7968/2850
f 4632/7426/4808 652/979/771 648/974/768
f 4632/7426/4808 4633/7427/4809 652/979/771
f 4688/7543/4841 4786/7768/4873 2643/3987/2978
f 4688/7543/4841 1652/2491/1898 4786/7768/4873
f 3852/5941/4188 4835/7891/4892 3853/5942/4189
f 3852/7969/4188 3887/7970/4221 4835/7971/4892
f 4375/6873/4628 3976/6144/4295 3975/6143/4294
f 2216/3322/2518 834/1267/988 831/1263/985
f 2216/3322/2518 2212/3318/2514 834/1267/988
f 2216/3322/2518 831/1263/985 4334/6803/3086
f 4785/7762/449 632/952/747 3692/5669/4040
f 4861/7963/4870 1371/2061/1587 1368/2060/1583
f 428/631/507 426/629/505 1709/2575/1956
f 4748/7671/4862 3769/5791/4112 1715/2581/1962
f 445/652/525 2143/3215/2446 446/653/526
f 2147/3219/2450 4242/6623/4517 908/1383/1066
f 454/662/535 453/661/534 4244/6625/4519
f 3317/3959/2956 4299/6735/4569 2620/3960/2957
f 1649/2486/1893 500/738/590 242/370/287
f 778/1186/925 4690/7972/4303 4604/1187/926
f 778/6161/925 776/7973/922 1448/2171/1497
f 4863/7974/4420 4136/1947/1509 2067/3100/2362
f 4863/6417/4420 4832/7887/3835 222/336/262
f 4863/6417/4420 222/336/262 221/335/261
f 4311/6759/4022 4312/354/272 3673/348/268
f 1027/1553/1198 3952/7702/4272 4756/7701/4866
f 268/411/317 1666/2509/1912 2246/3378/2549
f 4541/7237/4753 1343/2018/1555 1344/2019/1556
f 4541/7237/4753 3256/4969/3602 1343/2018/1555
f 4541/7237/4753 1344/2019/1556 2803/4256/3153
f 2883/4391/3234 2439/3656/2748 2089/3131/2387
f 4864/7975/3985 1323/4394/1534 1320/7976/1531
f 4864/7975/3985 2887/4399/3239 1323/4394/1534
f 297/457/352 3639/5581/3991 298/458/353
f 1117/1684/1298 1119/1687/1299 310/476/369
f 1117/1684/1298 310/476/369 4865/7977/3165
f 1117/1684/1298 4865/7977/3165 4848/4413/3251
f 2560/3854/2885 4156/6450/4435 3173/4827/3520
f 63/100/75 4697/7560/4764 64/101/76
f 63/100/75 3863/6648/4200 4697/7560/4764
f 4069/6306/104 4068/6305/4369 4613/7381/1758
f 4866/148/119 2001/2985/2281 4165/6466/4442
f 4866/7978/119 4165/7361/4442 4352/6833/120
f 1476/2212/1699 2812/4276/3161 3521/5371/3871
f 4369/6866/1977 4849/6864/4622 2200/3298/1978
f 971/1464/1134 4347/6826/4607 2133/3197/2432
f 1557/2339/1791 1558/2341/1792 4338/6812/4598
f 1007/1512/1172 4675/7516/4834 4735/7632/4859
f 1007/1512/1172 4735/7632/4859 1010/1517/1175
f 4568/7286/4769 3274/6076/3625 3938/6074/4260
f 4568/7286/4769 3938/6074/4260 4570/7287/4770
f 4327/6788/4592 888/1349/1044 887/1348/1043
f 891/4625/1047 347/526/414 346/525/413
f 3715/5697/4062 1072/1625/1249 1068/1620/1244
f 653/980/770 4716/7595/4852 4475/7104/4703
f 653/980/770 652/979/771 4716/7595/4852
f 4366/3654/2747 1466/2197/1685 1467/2198/1686
f 2993/4564/3347 1996/2980/2276 1994/2977/2274
f 3971/6139/4290 3456/5262/3799 1685/1686/17
f 4712/7587/4181 4209/7979/4489 4908/7980/4896
f 4712/7587/4181 4047/7590/4352 4209/7979/4489
f 2746/4167/3089 3504/5341/3852 4644/7465/4819
f 2751/4177/3094 3747/5757/4092 925/1403/1085
f 2234/3355/2538 4277/6697/4548 4714/7593/4754
f 2719/7981/3057 4586/7396/4776 4750/7388/4786
f 2719/7982/3057 4750/7983/4786 2721/7984/288
f 3368/5135/3719 1546/2322/1780 3371/5139/3262
f 3368/5135/3719 4013/6218/4326 1546/2322/1780
f 701/7960/834 4824/7375/4795 4611/7377/4796
f 4507/2911/2221 2841/4320/3189 2839/4318/797
f 4752/7688/4864 4757/7705/4868 4753/7689/4865
f 4490/7143/4719 1558/2341/1792 1553/2334/1788
f 4490/7143/4719 4339/6813/4599 1558/2341/1792
f 786/1197/934 4374/6872/4627 787/1198/935
f 795/7985/945 3376/7986/1896 4867/7987/3470
f 795/1209/945 4867/4758/3470 797/1212/948
f 4903/7988/1989 4237/7989/2179 4816/7990/1990
f 4868/7991/2823 4794/7779/4877 4729/7781/4671
f 4868/7992/2823 4869/7993/1076 4794/7994/4877
f 4084/6323/4382 4197/6519/4472 1257/1874/1452
f 2825/4302/3176 1624/2445/1866 4059/6286/3880
f 2078/3119/2375 341/519/407 2080/3121/2377
f 3215/4886/3559 3214/4885/3558 3383/5162/3730
f 1602/2401/1840 1603/2403/1696 3916/6035/4247
f 1602/2401/1840 3916/6035/4247 1911/6875/2189
f 1677/2532/1925 208/313/246 2931/4468/3289
f 1392/635/511 1388/2085/1604 433/637/513
f 4835/7891/4892 4852/7995/4646 4854/3968/2963
f 4835/7891/4892 3887/7996/4221 4852/7995/4646
f 749/1147/890 3083/4688/3429 2463/4687/2776
f 293/449/345 995/1498/1160 991/1494/1159
f 4212/5122/3712 3914/6032/4245 3361/5125/3713
f 2322/3483/2628 2321/3482/2627 4581/7308/4775
f 3597/5514/3949 4293/6724/4563 3598/5515/3950
f 537/812/636 2976/1630/1254 11/14/14
f 3204/4875/3548 4843/7910/4893 4603/7358/4788
f 3204/4875/3548 214/325/255 4843/7910/4893
f 1103/1663/1282 4616/7386/4798 573/870/682
f 1603/2403/1696 3917/6036/4170 3916/6035/4247
f 3954/6102/4273 609/924/724 607/922/722
f 3430/5233/3776 3886/5988/4220 3434/5237/3779
f 1472/2203/1690 2697/4194/3030 2696/2204/1691
f 4870/7997/4500 1822/7998/2081 4871/7999/1223
f 4870/6571/4500 1823/2735/2084 1822/8000/2081
f 114/7795/132 3965/6126/4285 3963/6123/4284
f 4690/7546/4303 4427/6993/4668 4604/7360/926
f 4799/7794/4880 4872/8001/4891 4608/7373/4794
f 4799/7794/4880 3988/6168/4305 3485/8002/3830
f 4799/7794/4880 3485/8002/3830 4872/8001/4891
f 1052/1594/1227 4818/7841/4889 4873/8003/4637
f 1052/1594/1227 1297/7945/4895 4818/7841/4889
f 1052/1594/1227 4873/8003/4637 657/983/774
f 3413/5214/3761 4064/7110/4367 3865/5959/4202
f 4874/8004/4897 4888/8005/4898 4875/8006/4899
f 4874/8004/4897 4876/8007/4900 4883/8008/4901
f 4874/8004/4897 4883/8008/4901 4888/8005/4898
f 4874/8004/4897 4875/8006/4899 4876/8007/4900
f 1550/2330/1785 2820/4292/3169 1551/2331/1786
f 1550/2330/1785 3898/6007/4230 2820/4292/3169
f 3713/5694/4059 3711/5690/4056 376/562/447
f 1072/1625/1249 3716/5698/4061 2833/4312/3182
f 3726/5712/4073 2486/3738/2802 2485/3737/2801
f 3763/5785/4106 1715/2581/1962 3769/5791/4112
f 1733/2606/1982 4033/6249/4340 4031/6247/4338
f 1733/2606/1982 1732/2607/1981 4033/6249/4340
f 2620/3960/2957 4250/6635/4524 2056/3089/2351
f 1374/2065/1590 492/728/582 3645/5590/3996
f 543/818/642 2351/3522/2655 2350/3521/2654
f 2587/3902/2915 2586/3901/2914 4725/7609/4856
f 4165/7361/4442 2206/3308/2507 4352/6833/120
f 4792/3770/2824 4877/8009/4130 1810/2714/2069
f 4723/7607/4677 3831/5900/4168 4548/7247/4758
f 1675/2527/1922 895/1365/1054 4778/4001/2990
f 3118/4748/3464 1048/1588/1224 4440/4424/3259
f 4198/6521/4473 3167/4821/3514 2600/3919/2929
f 4356/7086/4612 2814/4278/3163 2812/4276/3161
f 1273/7397/1473 602/917/717 601/916/716
f 1273/7397/1473 601/916/716 1059/1604/1234
f 4272/6683/4543 4763/7716/4704 4058/2447/1868
f 3950/6097/4270 4855/7953/3563 3884/5986/4218
f 4423/6987/2002 1145/1718/1326 3200/5820/3546
f 2595/3914/2924 2070/3103/2365 2596/3915/2925
f 3559/5433/3909 2828/4304/3178 2737/4151/3080
f 3559/5433/3909 2737/4151/3080 2735/4149/3078
f 4225/6580/4504 2821/4293/3170 2820/4292/3169
f 4225/6580/4504 2820/4292/3169 3898/6007/4230
f 4832/7455/3835 2826/4301/3177 222/5978/262
f 3915/6034/4246 1911/6875/2189 3916/6035/4247
f 3555/5427/3905 3551/5429/3901 3023/4599/3375
f 4878/8010/43 4879/8011/2939 4744/8012/4902
f 4340/6816/4600 1685/1688/17 4570/7289/4770
f 4340/6815/4600 4570/7287/4770 3938/6074/4260
f 3771/5902/4113 893/4627/1049 3041/4623/3391
f 3771/5902/4113 3041/4623/3391 806/1221/957
f 4350/6829/4610 4123/6395/4413 4122/6396/4412
f 3480/5289/3824 1288/1923/1490 3837/5911/4174
f 2658/4009/2994 3262/4979/3610 3814/6222/4149
f 4580/7307/4774 1398/2099/1613 1395/2096/1610
f 4080/6319/4378 698/1053/826 1243/1854/1435
f 4872/8001/4891 4846/7924/4846 4608/7373/4794
f 4058/6285/1868 4763/7105/4704 3526/5382/3877
f 4548/7247/4758 3831/5900/4168 3828/5897/4167
f 4689/7544/4842 3/3/3 448/655/528
f 4880/8013/4843 1541/2314/1773 3586/5491/3937
f 4880/8014/4843 3586/8015/3937 4810/5321/3843
f 4880/8014/4843 4810/5321/3843 3495/5318/3841
f 4881/8016/4903 4876/8017/4900 4882/8018/4904
f 4881/8016/4903 4883/8019/4901 4876/8017/4900
f 4881/8016/4903 4882/8018/4904 4884/8020/4905
f 4881/8016/4903 4884/8020/4905 4883/8019/4901
f 1124/1694/1305 438/642/518 1125/1695/1306
f 3647/5593/3997 3645/5590/3996 492/728/582
f 3647/5593/3997 3976/6144/4295 3648/5594/3998
f 125/188/149 2487/3739/2803 1489/2231/1710
f 4779/7754/4871 772/1178/918 4780/7755/4872
f 1598/8021/1836 1597/4124/1835 4384/4123/3059
f 819/4250/974 3054/4644/972 2800/4251/3150
f 2759/4191/3103 4010/4193/3101 4009/7067/4322
f 4885/8022/1745 1486/2228/1708 1482/2222/1704
f 4885/8022/1745 3302/7935/1746 1486/2228/1708
f 4249/7477/1782 4284/6714/4555 4886/8023/4523
f 3606/5526/3958 3605/5525/3957 4316/6769/4582
f 3516/5366/3866 3514/5363/3864 4887/8024/4536
f 4888/8005/4898 4883/8008/4901 4884/8025/4905
f 4888/8026/4898 4882/8018/4904 4875/8027/4899
f 4888/8026/4898 4884/8020/4905 4882/8018/4904
f 4703/2820/2150 4887/8024/4536 3514/5363/3864
f 306/6746/365 4189/4288/3166 4865/4284/3165
f 306/472/365 4865/7977/3165 310/476/369
f 4814/7830/4887 3877/5973/4213 4035/6251/4342
f 3007/4578/3361 3813/5860/4147 3809/5853/4144
f 4347/6826/4607 2134/3198/2433 2133/3197/2432
f 3735/5735/3053 1051/1593/1226 4892/6678/3054
f 4876/8017/4900 4875/8027/4899 4882/8018/4904
f 4844/8028/2837 4889/8029/2835 4762/8030/4815
f 2261/3397/1239 4056/6283/4361 4052/6276/4357
f 2158/3236/2460 4284/6714/4555 2880/4386/3231
f 2158/3236/2460 2880/4386/3231 264/407/313
f 4425/6989/4667 1013/5944/1180 3854/5943/4190
f 4791/5176/3739 365/546/434 6/9/9
f 4890/8031/4863 4891/8032/4698 4601/8033/289
f 2629/3973/2966 1010/1517/1175 4735/7632/4859
f 2629/3973/2966 4735/7632/4859 4522/7199/4739
f 2721/8034/288 4750/7349/4786 4601/7351/289
f 4716/7595/4852 652/979/771 4633/7427/4809
f 4846/7924/4846 3997/7378/4312 4608/7373/4794
f 895/1368/1054 4774/1367/1053 4778/8035/2990
f 2976/4535/1254 2419/4531/2724 4660/7490/1255
f 4028/6244/4335 1408/2113/1624 1948/2920/2230
f 4830/7848/3318 414/7847/493 413/8036/490
f 3528/5384/3879 222/5978/262 2826/4301/3177
f 4843/7910/4893 214/325/255 216/327/254
f 2787/4232/3134 1800/2701/2056 4098/6344/4394
f 1/1/1 3/3/3 4552/7258/4760
f 2155/3228/2456 4886/3230/2457 2157/3233/2459
f 1839/7610/2108 314/482/375 4637/7441/4811
f 1349/2026/1559 289/3650/337 2437/2029/1564
f 1517/2272/1740 1519/2274/1742 3302/2278/1746
f 2946/4484/380 2947/4486/3304 4565/7282/4409
f 1751/2635/2005 2947/4486/3304 2946/4484/380
f 4279/6700/4551 1995/2979/2275 1996/2980/2276
f 4358/6840/4613 1995/2979/2275 4279/6700/4551
f 3845/7504/4180 2469/3705/2783 3354/8037/4679
f 2469/3705/2783 4435/3704/2782 3354/8037/4679
f 2952/8038/3309 596/8039/706 4892/8040/2850
f 2952/4494/3309 4892/8041/2850 2953/4495/2849
f 4309/6752/4468 3053/4643/3402 3052/4642/971
f 4309/8042/4468 3052/1236/971 4329/6790/4577
f 4893/59/39 3501/61/44 2961/8043/1392
f 4893/8044/39 2961/8045/1392 34/8046/42
f 2094/3136/2391 2442/3660/2751 4208/6542/4487
f 2093/3135/2390 2094/3136/2391 4208/6542/4487
f 1856/2792/2125 946/1433/1108 3133/7535/3481
f 706/2788/841 1856/2792/2125 3133/7535/3481
f 4388/6904/4635 3137/4780/3486 471/992/778
f 4388/6904/4635 471/992/778 657/994/774
f 39/67/49 3202/7870/3205 37/68/50
f 1419/2125/1636 37/2128/50 3202/4347/3205
f 2228/3337/2528 2230/3339/2530 2619/3964/2955
f 1887/2835/2160 2230/3339/2530 2228/3337/2528
f 3577/5478/473 2119/3179/471 2120/3178/2417
f 397/585/470 2119/586/471 3577/590/473
f 4820/7858/2106 4894/8047/1380 4821/7859/3410
f 3922/7417/1379 4821/4659/3410 4894/8048/1380
f 1045/1580/1217 1819/2723/2078 153/231/180
f 1042/1576/1213 1045/1580/1217 153/231/180
f 4248/8049/4448 4896/8050/4447 4895/8051/1585
f 4462/8052/4277 4464/7642/4692 4895/7644/1585
f 4462/7076/4277 4895/8053/1585 4284/6714/4555
f 4895/8054/1585 4896/8055/4447 4898/8056/4906
f 4897/8057/4446 4898/8058/4906 4896/8059/4447
f 4897/6632/4446 4886/6634/4523 4898/8060/4906
f 4284/6714/4555 4898/8061/4906 4886/8023/4523
f 4895/8053/1585 4898/8061/4906 4284/6714/4555
f 4899/4139/3068 4900/8062/4907 4908/4140/3069
f 4899/8063/3068 4905/8064/4908 4900/8065/4907
f 4908/8066/3069 4900/8067/4907 4398/8068/4909
f 1052/1594/1227 1051/1593/1226 1297/7945/4895
f 3735/5735/3053 1297/7945/4895 1051/1593/1226
f 4398/5734/4081 1297/7945/4895 3735/5735/3053
f 1919/2887/2199 4901/8069/4910 928/1406/1088
f 1919/2887/2199 1923/2891/2203 4901/8069/4910
f 1923/2891/2203 929/1407/1089 4901/8069/4910
f 929/1407/1089 928/1406/1088 4901/8069/4910
f 3136/8070/3484 4902/8071/4911 3626/8072/3978
f 3136/8070/3484 4196/8073/3980 4902/8071/4911
f 4838/8074/4471 4902/8071/4911 4196/8073/3980
f 4838/8074/4471 4903/8075/1989 4902/8071/4911
f 3626/8072/3978 4902/8071/4911 4903/8075/1989
f 471/695/556 470/694/555 472/696/557
f 466/689/550 4904/8076/4912 472/696/557
f 466/689/550 471/695/556 4904/8076/4912
f 471/695/556 472/696/557 4904/8076/4912
f 4905/8077/3331 4398/8078/4081 4908/5110/3706
f 3353/4130/3063 4899/4132/3065 4905/8077/3331
f 3353/4130/3063 4905/8077/3331 4908/5110/3706
f 423/626/502 4906/8079/4913 424/627/503
f 423/626/502 2128/3190/2426 4906/8079/4913
f 2128/3190/2426 2122/3181/2419 4906/8079/4913
f 424/627/503 4906/8079/4913 2122/3181/2419
f 4890/8080/4863 4601/7351/289 3995/7350/4787
f 4890/8080/4863 3995/7350/4787 4750/7349/4786
f 1296/8081/1501 4209/7506/4489 3845/7505/4180
f 1296/8082/1501 4712/8083/4181 4908/8084/4896
f 1296/8081/1501 4907/8085/4914 4209/7506/4489
f 1296/8081/1501 4908/8086/4896 4907/8085/4914
f 4209/7979/4489 4907/8087/4914 4908/7980/4896
f 4909/7193/4488 4910/8088/4915 4210/7194/4490
f 4909/8089/4488 4211/8090/4491 4910/8091/4915
f 4910/8091/4915 4211/8090/4491 4911/8092/2534
f 4210/7194/4490 4910/8088/4915 4911/8093/2534
f 3367/5134/3718 3809/5853/4144 3808/5852/4143
f 3367/5134/3718 4912/8094/4916 3809/5853/4144
f 3367/5134/3718 3933/6068/4257 4912/8094/4916
f 3933/6068/4257 3932/6217/4325 4912/8094/4916
f 3809/5853/4144 4912/8094/4916 3932/6217/4325
f 1069/1621/1245 1064/1623/1247 4913/8095/4917
f 1070/1622/1246 4913/8095/4917 1064/1623/1247
f 1065/1617/1241 4913/8095/4917 1070/1622/1246
f 1065/1617/1241 1069/1621/1245 4913/8095/4917
f 3353/5112/3063 1555/2336/1789 1556/2338/1790
f 468/692/553 467/691/552 1556/8096/1790
f 467/691/552 2469/5108/3705 1556/8096/1790
f 1556/8096/1790 2469/5108/3705 4914/8097/4918
f 3353/5105/3063 4914/8097/4918 2469/5108/3705
f 3353/5105/3063 1556/8096/1790 4914/8097/4918
