# Blender 4.4.0
# www.blender.org
mtllib Meshy_AI__0717130859_texture.mtl
o Meshy_AI__0717130859_texture
v 0.188477 -0.009399 0.056396
v 0.194336 -0.009705 -0.073242
v 0.292969 -0.011414 0.145508
v 0.206055 -0.009583 0.163086
v 0.148438 -0.010193 0.120605
v 0.144531 -0.009949 -0.049560
v 0.138672 -0.007019 0.052734
v 0.589844 0.003220 -0.225586
v 0.582031 -0.003540 -0.232422
v 0.582031 0.005295 -0.233398
v 0.566406 0.061523 -0.221680
v 0.578125 0.061035 -0.221680
v 0.570312 0.004333 -0.235352
v -0.394531 -0.093750 0.035645
v -0.396484 -0.102051 0.039795
v -0.392578 -0.103027 0.033203
v -0.392578 -0.097656 0.031982
v -0.394531 -0.088379 0.032227
v -0.412109 -0.089355 0.031738
v -0.412109 -0.097656 0.034424
v 0.443359 0.451172 -0.034180
v 0.449219 0.449219 -0.032959
v 0.451172 0.429688 -0.031982
v 0.441406 0.453125 -0.032715
v 0.449219 0.453125 -0.030640
v 0.457031 0.451172 -0.026733
v 0.562500 -0.162109 0.316406
v 0.562500 -0.178711 0.314453
v 0.574219 -0.176758 0.316406
v 0.574219 -0.159180 0.314453
v 0.255859 -0.039062 0.285156
v 0.562500 -0.043945 0.289062
v 0.250000 -0.164062 0.312500
v -0.562500 -0.094727 -0.014770
v -0.542969 -0.089355 -0.010620
v -0.535156 -0.094727 -0.015564
v -0.554688 -0.099609 -0.017578
v -0.361328 -0.194336 0.160156
v -0.351562 -0.192383 0.163086
v -0.361328 -0.143555 0.160156
v -0.390625 -0.194336 0.130859
v -0.359375 -0.220703 0.161133
v 0.402344 0.443359 -0.004608
v 0.400391 0.441406 -0.002640
v 0.404297 0.443359 -0.008972
v 0.400391 0.445312 -0.006897
v 0.941406 -0.560547 0.187500
v 0.933594 -0.580078 0.184570
v 0.933594 -0.564453 0.042969
v 0.980469 -0.380859 0.206055
v 0.933594 -0.580078 0.196289
v 0.984375 -0.298828 0.224609
v 0.980469 -0.376953 0.228516
v 0.937500 -0.560547 0.198242
v 0.183594 -0.010315 -0.177734
v 0.220703 -0.011414 -0.224609
v 0.199219 -0.017090 -0.168945
v 0.143555 -0.009521 -0.136719
v 0.140625 0.000824 -0.134766
v 0.183594 0.001667 -0.179688
v 0.486328 0.298828 0.117188
v 0.482422 0.298828 0.119141
v 0.482422 0.298828 0.117188
v 0.488281 0.300781 0.113770
v 0.306641 0.086426 -0.227539
v 0.388672 0.085937 -0.218750
v 0.386719 0.085449 -0.229492
v 0.388672 0.079590 -0.232422
v 0.312500 0.078125 -0.231445
v 0.308594 0.060303 -0.234375
v 0.302734 0.056152 -0.234375
v 0.289062 0.084961 -0.228516
v 0.289062 0.086426 -0.217773
v 0.304688 0.086426 -0.216797
v -0.664062 -0.123047 -0.006897
v -0.687500 -0.124023 -0.008423
v -0.687500 -0.125000 -0.007629
v -0.664062 -0.125977 -0.003754
v 0.412109 0.599609 0.016846
v 0.406250 0.599609 0.015442
v 0.408203 0.564453 0.018188
v 0.742188 -0.181641 -0.263672
v 0.882812 -0.185547 -0.208008
v 0.738281 -0.187500 -0.246094
v 0.742188 -0.168945 -0.263672
v 0.882812 -0.179688 -0.221680
v 0.640625 -0.164062 -0.273438
v 0.640625 -0.176758 -0.273438
v 0.507812 -0.412109 0.369141
v 0.492188 -0.548828 0.345703
v 0.181641 -0.421875 0.388672
v 0.144531 -0.548828 0.355469
v -0.194336 -0.414062 0.349609
v 0.511719 -0.388672 0.380859
v 0.108398 -0.349609 0.400391
v 0.578125 0.220703 -0.062500
v 0.582031 0.243164 -0.061768
v 0.582031 0.175781 -0.064453
v 0.574219 0.220703 -0.068848
v 0.574219 0.218750 -0.051514
v 0.578125 0.174805 -0.054932
v 0.574219 0.166016 0.065918
v 0.535156 0.165039 0.095703
v 0.531250 0.162109 0.090332
v 0.570312 0.160156 0.055420
v 0.574219 0.174805 0.067383
v 0.578125 0.166016 0.061523
v -0.496094 -0.136719 0.010193
v -0.550781 -0.135742 0.016235
v -0.550781 -0.137695 0.010437
v -0.449219 -0.135742 0.004425
v -0.449219 -0.135742 0.009583
v -0.498047 -0.135742 0.016480
v -0.498047 -0.137695 0.004639
v 0.341797 0.275391 -0.139648
v 0.345703 0.306641 -0.140625
v 0.412109 0.306641 -0.141602
v 0.332031 0.277344 -0.139648
v 0.410156 0.277344 -0.140625
v 0.707031 -0.006226 0.128906
v 0.695312 0.004272 0.136719
v 0.679688 0.061523 0.125977
v 0.671875 0.061035 0.131836
v 0.699219 -0.007935 0.136719
v 0.703125 0.004272 0.128906
v 0.636719 0.002356 0.175781
v 0.267578 0.225586 -0.064453
v 0.271484 0.271484 -0.063965
v 0.271484 0.224609 -0.069336
v 0.265625 0.176758 -0.068359
v 0.261719 0.176758 -0.063477
v 0.265625 0.224609 -0.056397
v -0.308594 -0.147461 -0.172852
v -0.308594 -0.148438 -0.162109
v -0.236328 -0.149414 -0.170898
v -0.236328 -0.159180 -0.170898
v -0.312500 -0.157227 -0.170898
v -0.310547 -0.128906 -0.162109
v -0.312500 -0.127930 -0.172852
v -0.306641 -0.128906 -0.173828
v 0.433594 0.443359 0.017822
v 0.439453 0.441406 0.016113
v 0.439453 0.443359 0.018555
v 0.429688 0.441406 0.018799
v 0.425781 0.439453 -0.000614
v 0.431641 0.443359 0.019897
v 0.250000 -0.184570 -0.204102
v 0.127930 -0.182617 0.127930
v 0.550781 -0.182617 -0.199219
v 0.255859 -0.183594 -0.041748
v 0.562500 -0.184570 -0.049560
v 0.251953 -0.181641 0.132812
v -0.695312 -0.113281 0.038574
v -0.699219 -0.105469 0.038818
v -0.699219 -0.105957 0.032227
v -0.691406 -0.112305 0.041504
v -0.699219 -0.113770 0.031494
v -0.695312 -0.120117 0.037354
v -0.699219 -0.142578 0.019043
v -0.703125 -0.136719 0.015625
v -0.699219 -0.145508 0.013306
v -0.695312 -0.144531 0.020874
v -0.699219 -0.140625 0.023315
v -0.695312 -0.146484 0.013916
v -0.699219 -0.133789 0.022583
v 0.380859 0.382812 -0.028076
v 0.382812 0.431641 -0.029541
v 0.376953 0.429688 -0.024048
v 0.375000 0.332031 -0.022827
v 0.369141 0.378906 -0.014526
v 0.392578 0.332031 -0.034424
v 0.382812 0.332031 -0.030029
v 0.392578 0.431641 -0.033936
v 0.392578 0.382812 -0.035400
v 0.781250 -0.587891 0.335938
v 0.781250 -0.599609 0.320312
v 0.800781 -0.583984 0.339844
v 0.785156 -0.564453 0.355469
v 0.488281 -0.580078 0.363281
v 0.490234 -0.595703 0.333984
v 0.093750 -0.332031 -0.398438
v 0.507812 -0.341797 -0.400391
v -0.213867 -0.320312 -0.365234
v -0.036621 -0.353516 -0.382812
v 0.106934 -0.298828 -0.386719
v -0.206055 -0.285156 -0.345703
v 0.558594 0.294922 0.046387
v 0.558594 0.263672 -0.042481
v 0.558594 0.292969 0.052002
v 0.554688 0.294922 0.051025
v 0.558594 0.257812 0.045654
v 0.554688 0.296875 0.046387
v -0.421875 -0.072754 0.100098
v -0.357422 -0.026123 0.072266
v -0.421875 -0.072266 0.060059
v -0.433594 -0.083984 0.101074
v -0.427734 -0.084473 0.111816
v -0.363281 -0.029785 0.098145
v -0.433594 -0.085937 0.054688
v 0.484375 0.221680 0.123047
v 0.494141 0.221680 0.122070
v 0.494141 0.181641 0.120117
v 0.484375 0.179688 0.122559
v 0.408203 0.181641 0.125000
v 0.339844 0.221680 0.124512
v 0.482422 0.263672 0.122070
v 0.988281 -0.166992 -0.269531
v 0.960938 -0.177734 -0.289062
v 0.968750 -0.165039 -0.275391
v 0.988281 -0.185547 -0.273438
v 1.000000 -0.166016 -0.261719
v 0.988281 -0.160156 -0.253906
v 0.273438 0.182617 -0.002090
v 0.273438 0.180664 -0.057373
v 0.271484 0.179688 0.056641
v 0.275391 0.172852 -0.000874
v 0.277344 0.242188 -0.014221
v -0.163086 -0.104980 0.171875
v -0.234375 -0.103516 0.161133
v -0.160156 -0.106934 0.163086
v -0.159180 -0.095215 0.169922
v -0.234375 -0.102051 0.170898
v -0.155273 -0.128906 0.171875
v -0.164062 -0.127930 0.171875
v 0.439453 0.599609 -0.005890
v 0.443359 0.599609 -0.007721
v 0.439453 0.599609 -0.007416
v 0.443359 0.595703 -0.004120
v 0.443359 0.599609 -0.002945
v 0.464844 0.033203 0.230469
v 0.464844 0.059570 0.224609
v 0.478516 0.033447 0.228516
v 0.380859 0.033447 0.226562
v 0.445312 0.052490 0.223633
v -0.695312 -0.139648 0.026001
v -0.613281 -0.141602 0.022827
v -0.605469 -0.137695 0.026367
v -0.691406 -0.133789 0.031738
v -0.699219 -0.132812 0.031128
v 0.316406 0.314453 -0.090820
v 0.283203 0.310547 -0.059326
v 0.333984 0.312500 -0.043457
v 0.345703 0.310547 -0.093750
v 0.339844 0.310547 -0.130859
v 0.308594 0.310547 -0.093262
v 0.347656 0.312500 -0.127930
v 0.648438 0.162109 0.028931
v 0.652344 0.162109 -0.110352
v 0.644531 0.164062 -0.113281
v 0.656250 0.162109 0.104980
v 0.652344 0.152344 0.101562
v 0.640625 0.164062 0.029419
v 0.234375 0.166992 -0.197266
v 0.246094 0.171875 -0.191406
v 0.239258 0.166016 -0.203125
v 0.196289 0.163086 -0.160156
v 0.211914 0.171875 -0.151367
v 0.229492 0.150391 -0.203125
v -0.045410 -0.142578 -0.102539
v -0.043701 -0.142578 -0.076172
v -0.051758 -0.142578 -0.110840
v -0.047363 -0.105957 -0.110352
v -0.044922 -0.190430 -0.104004
v -0.044190 -0.106934 -0.102539
v 0.462891 0.451172 0.026489
v 0.458984 0.457031 0.021973
v 0.455078 0.451172 0.031494
v 0.464844 0.457031 0.016846
v 0.455078 0.429688 0.032227
v 0.462891 0.429688 0.026489
v 0.468750 0.451172 0.021240
v -0.417969 -0.106934 0.029907
v -0.410156 -0.108398 0.028809
v -0.417969 -0.103027 0.028809
v -0.417969 -0.110352 0.030884
v -0.408203 -0.111816 0.027466
v -0.447266 -0.103027 0.029785
v -0.449219 -0.106934 0.031738
v -0.550781 -0.131836 -0.021362
v -0.496094 -0.124023 -0.025635
v -0.453125 -0.116699 -0.026245
v -0.449219 -0.122559 -0.024292
v -0.500000 -0.128906 -0.021118
v -0.554688 -0.125000 -0.024292
v -0.498047 -0.116699 -0.027100
v 0.406250 0.466797 0.013245
v 0.408203 0.453125 0.016235
v 0.406250 0.453125 0.013061
v 0.408203 0.525391 0.015503
v 0.898438 -0.166016 -0.077148
v 0.902344 -0.166992 0.101562
v 0.898438 -0.179688 0.098633
v 0.902344 -0.166016 -0.198242
v 0.878906 -0.056641 0.103516
v 0.878906 -0.064941 -0.079590
v 0.898438 -0.179688 -0.077637
v 0.130859 -0.025269 0.283203
v 0.251953 -0.019531 0.269531
v 0.131836 -0.019043 0.273438
v 0.125000 -0.041504 0.291016
v 0.135742 -0.041504 0.291016
v 0.121094 -0.025024 0.279297
v 0.117676 -0.039307 0.287109
v 0.253906 -0.025391 0.283203
v -0.343750 -0.234375 0.072754
v -0.357422 -0.234375 -0.076172
v -0.347656 -0.235352 0.147461
v -0.222656 -0.238281 0.089356
v -0.316406 -0.235352 0.145508
v -0.320312 -0.237305 0.072754
v 0.488281 0.176758 -0.139648
v 0.498047 0.176758 -0.138672
v 0.498047 0.168945 -0.138672
v 0.402344 0.173828 -0.138672
v 0.406250 0.219727 -0.133789
v 0.488281 0.167969 -0.137695
v 0.484375 0.218750 -0.135742
v 0.246094 -0.178711 0.306641
v 0.124512 -0.171875 0.314453
v 0.121582 -0.187500 0.296875
v 0.246094 -0.184570 0.292969
v -0.695312 -0.088379 -0.012207
v -0.699219 -0.095703 -0.014038
v -0.699219 -0.092773 -0.009460
v -0.699219 -0.084473 -0.004791
v -0.671875 -0.083984 -0.007385
v -0.691406 -0.086914 -0.012695
v -0.699219 -0.092773 -0.018677
v -0.703125 -0.127930 0.027100
v -0.703125 -0.130859 0.024536
v -0.703125 -0.124023 0.030518
v -0.691406 -0.119141 0.023193
v -0.691406 -0.122559 0.022705
v 0.378906 0.458984 -0.010620
v 0.380859 0.455078 -0.017456
v 0.373047 0.453125 -0.011047
v 0.375000 0.457031 -0.003525
v 0.375000 0.455078 -0.018066
v 0.707031 -0.007385 -0.054932
v 0.695312 -0.013794 0.051758
v 0.593750 -0.014404 0.047607
v 0.695312 -0.013245 0.125000
v 0.707031 -0.008179 0.054443
v -0.320312 -0.103027 -0.156250
v -0.302734 -0.128906 -0.160156
v -0.304688 -0.105469 -0.157227
v -0.304688 -0.104980 -0.168945
v -0.320312 -0.102539 -0.169922
v -0.067383 -0.237305 -0.103516
v -0.052979 -0.230469 -0.099609
v -0.052002 -0.229492 -0.048828
v -0.066895 -0.236328 -0.058594
v -0.113770 -0.237305 0.068359
v -0.115723 -0.235352 -0.051269
v -0.063965 -0.236328 0.047363
v 0.500000 0.175781 0.129883
v 0.494141 0.176758 0.135742
v 0.492188 0.168945 0.133789
v 0.535156 0.175781 0.094238
v 0.527344 0.223633 0.098633
v 0.496094 0.166992 0.128906
v 0.500000 0.222656 0.126953
v 0.476562 0.053955 -0.225586
v 0.464844 0.034180 -0.230469
v 0.478516 0.073730 -0.222656
v 0.464844 0.056396 -0.225586
v -0.554688 -0.082031 0.017944
v -0.554688 -0.085449 0.024048
v -0.498047 -0.084473 0.025147
v -0.496094 -0.089355 0.029175
v -0.449219 -0.087402 0.028931
v -0.455078 -0.083008 0.022705
v -0.498047 -0.080078 0.019165
v 0.419922 0.332031 0.038330
v 0.406250 0.330078 0.037109
v 0.410156 0.308594 0.037109
v 0.421875 0.310547 0.038330
v 0.429688 0.332031 0.038086
v 0.667969 0.102051 0.023071
v 0.660156 0.153320 -0.109863
v 0.656250 0.166016 -0.121094
v 0.656250 0.167969 -0.113281
v 0.660156 0.154297 -0.048584
v 0.675781 0.102051 -0.123535
v 0.660156 0.153320 -0.122070
v 0.671875 0.103516 -0.109863
v 0.292969 0.247070 0.098633
v 0.294922 0.219727 0.099121
v 0.318359 0.218750 0.131836
v 0.265625 0.246094 0.067383
v 0.320312 0.248047 0.133789
v 0.294922 0.277344 0.098633
v 0.265625 0.275391 0.066406
v -0.480469 -0.180664 -0.166992
v -0.484375 -0.181641 0.155273
v 0.095703 -0.189453 -0.015198
v -0.216797 -0.185547 -0.239258
v -0.214844 -0.185547 -0.009521
v 0.435547 0.453125 -0.040039
v 0.437500 0.458984 -0.035889
v 0.447266 0.453125 -0.038330
v 0.437500 0.431641 -0.040527
v 0.425781 0.457031 -0.036621
v 0.304688 -0.009827 0.233398
v 0.291016 -0.015625 0.219727
v 0.498047 -0.008423 0.232422
v 0.304688 0.004410 0.236328
v 0.236328 -0.009155 0.231445
v 0.496094 0.004059 0.232422
v 0.233398 -0.015015 0.217773
v -0.664062 -0.108398 -0.009705
v -0.691406 -0.108398 -0.012634
v -0.664062 -0.109863 -0.009155
v -0.664062 -0.104980 -0.006775
v -0.687500 -0.104980 -0.010681
v -0.660156 -0.115234 0.007660
v -0.609375 -0.142578 0.016480
v -0.562500 -0.139648 0.020508
v 0.376953 0.219727 -0.124023
v 0.337891 0.255859 -0.122559
v 0.373047 0.271484 -0.123047
v 0.345703 0.296875 -0.123047
v 0.339844 0.294922 -0.121582
v 0.402344 0.250977 -0.123535
v 0.330078 0.220703 -0.121582
v 0.339844 0.221680 -0.124023
v 0.330078 0.250000 -0.121582
v 0.730469 -0.060547 0.236328
v 0.632812 -0.063965 0.242188
v 0.730469 -0.073730 0.246094
v 0.871094 -0.056641 0.214844
v 0.625000 -0.047119 0.229492
v 0.863281 -0.046143 0.197266
v 0.730469 -0.036133 0.194336
v 0.257812 0.221680 -0.060059
v 0.250000 0.167969 -0.065430
v 0.251953 0.166992 -0.056641
v 0.251953 0.175781 -0.003357
v 0.251953 0.174805 -0.067871
v 0.249023 0.173828 -0.056641
v 0.120605 -0.158203 -0.326172
v 0.107910 -0.178711 -0.322266
v 0.109375 -0.158203 -0.322266
v 0.127930 -0.033203 -0.294922
v 0.119141 -0.180664 -0.320312
v 0.251953 -0.180664 -0.316406
v 0.449219 0.603516 -0.002548
v 0.451172 0.580078 -0.000504
v 0.451172 0.580078 -0.003403
v 0.445312 0.599609 -0.006348
v 0.449219 0.599609 0.003723
v 0.441406 0.603516 -0.004242
v 0.445312 0.603516 -0.000277
v -0.412109 -0.102539 0.036865
v -0.392578 -0.108398 0.039551
v -0.392578 -0.108887 0.033447
v -0.449219 -0.135742 -0.013977
v -0.445312 -0.131836 -0.017944
v -0.414062 -0.133789 -0.017334
v -0.480469 -0.131836 -0.018799
v -0.447266 -0.139648 -0.007812
v 0.414062 0.431641 0.037109
v 0.423828 0.425781 0.037598
v 0.423828 0.449219 0.036133
v 0.414062 0.382812 0.037598
v 0.416016 0.449219 0.034424
v 0.404297 0.431641 0.035156
v 0.808594 -0.564453 -0.332031
v 0.792969 -0.583984 -0.335938
v 0.792969 -0.564453 -0.339844
v 0.855469 -0.361328 -0.367188
v 0.925781 -0.560547 -0.216797
v 0.921875 -0.583984 -0.213867
v 0.800781 -0.583984 -0.328125
v 0.132812 -0.010376 0.118164
v 0.144531 -0.015503 0.122070
v 0.133789 -0.009277 0.127930
v 0.131836 -0.000504 0.115234
v 0.132812 -0.010559 0.051758
v -0.210938 -0.292969 0.367188
v -0.490234 -0.292969 0.291016
v -0.482422 -0.371094 0.279297
v -0.208984 -0.205078 0.318359
v -0.217773 -0.324219 0.375000
v -0.205078 -0.324219 0.380859
v 0.466797 0.308594 -0.002258
v 0.423828 0.306641 0.000523
v 0.464844 0.308594 -0.010376
v 0.466797 0.308594 0.004395
v 0.468750 0.310547 -0.011658
v 0.470703 0.310547 -0.002640
v -0.968750 -0.304688 -0.043457
v -0.964844 -0.306641 0.042481
v -0.937500 -0.416016 -0.039795
v -0.937500 -0.414062 -0.047852
v -0.960938 -0.304688 -0.053467
v -0.988281 -0.232422 -0.050781
v -0.992188 -0.230469 -0.042725
v -0.988281 -0.225586 0.003281
v 0.326172 0.273438 0.133789
v 0.333984 0.277344 0.140625
v 0.332031 0.306641 0.133789
v 0.300781 0.304688 0.097656
v 0.585938 -0.006226 -0.223633
v 0.585938 0.059814 -0.211914
v -0.160156 -0.016846 0.089844
v -0.121582 -0.017822 0.071289
v -0.154297 -0.015137 0.022827
v -0.178711 -0.024414 0.102051
v -0.130859 -0.023071 0.101074
v -0.328125 -0.026245 0.104492
v -0.120117 -0.018677 0.094238
v -0.248047 -0.015747 0.083496
v -0.084961 -0.219727 0.134766
v -0.071289 -0.219727 0.124512
v -0.113281 -0.221680 0.159180
v -0.113770 -0.193359 0.158203
v -0.111816 -0.142578 0.159180
v -0.124023 -0.192383 0.163086
v -0.083496 -0.142578 0.131836
v 0.460938 0.332031 -0.026733
v 0.464844 0.310547 -0.019409
v 0.458984 0.310547 -0.027344
v 0.453125 0.332031 -0.032959
v 0.462891 0.378906 -0.027344
v 0.466797 0.332031 -0.019043
v 0.519531 -0.603516 -0.010681
v 0.910156 -0.599609 -0.089355
v 0.886719 -0.599609 0.001915
v 0.910156 -0.599609 0.184570
v 0.527344 -0.603516 -0.265625
v 0.519531 -0.603516 0.255859
v 0.110840 -0.599609 -0.013367
v -0.398438 -0.107422 -0.138672
v -0.423828 -0.107422 -0.113770
v -0.394531 -0.080078 -0.136719
v -0.361328 -0.082520 -0.160156
v -0.363281 -0.107422 -0.161133
v -0.361328 -0.141602 -0.159180
v -0.412109 -0.129883 0.017944
v -0.408203 -0.130859 0.014282
v -0.417969 -0.127930 0.021240
v -0.449219 -0.134766 0.014099
v -0.417969 -0.132812 0.014282
v -0.451172 -0.131836 0.021118
v -0.408203 -0.132812 0.010498
v 0.427734 0.599609 -0.017334
v 0.427734 0.460938 -0.022583
v 0.425781 0.537109 -0.022095
v 0.423828 0.599609 -0.016724
v 0.972656 -0.186523 0.248047
v 0.953125 -0.194336 0.259766
v 0.964844 -0.186523 0.248047
v 0.972656 -0.195312 0.250000
v 0.960938 -0.183594 0.228516
v 0.968750 -0.187500 0.234375
v 0.976562 -0.200195 0.239258
v 0.554688 0.218750 0.057129
v 0.523438 0.218750 0.090332
v 0.554688 0.257812 0.057617
v 0.558594 0.219727 0.054932
v 0.562500 0.177734 0.056396
v 0.554688 0.177734 0.058350
v 0.365234 0.157227 -0.080078
v 0.300781 0.159180 -0.092285
v 0.328125 0.158203 -0.128906
v 0.515625 0.158203 -0.092773
v 0.298828 0.158203 -0.008606
v 0.394531 0.158203 -0.126953
v 0.458984 0.158203 -0.122070
v -0.699219 -0.126953 -0.022461
v -0.699219 -0.119141 -0.023437
v -0.687500 -0.120605 -0.024902
v -0.699219 -0.128906 -0.016846
v -0.699219 -0.124023 -0.016357
v -0.691406 -0.128906 -0.023193
v 0.376953 0.451172 0.006592
v 0.375000 0.427734 0.007782
v 0.380859 0.451172 0.013306
v 0.380859 0.455078 0.005859
v 0.378906 0.451172 -0.001869
v 0.382812 0.453125 0.013428
v 0.699219 -0.193359 -0.187500
v 0.738281 -0.191406 -0.255859
v 0.878906 -0.189453 -0.206055
v 0.550781 -0.193359 -0.047119
v 0.470703 -0.191406 -0.292969
v 0.640625 -0.188477 -0.273438
v -0.083496 -0.192383 0.129883
v -0.052734 -0.218750 0.111328
v -0.051025 -0.191406 0.107422
v -0.052246 -0.143555 0.105957
v 0.566406 0.306641 -0.062256
v 0.562500 0.294922 -0.063477
v 0.523438 0.308594 -0.094238
v 0.566406 0.306641 -0.058106
v 0.574219 0.156250 0.205078
v 0.558594 0.156250 0.206055
v 0.578125 0.108398 0.213867
v 0.585938 0.105957 0.208008
v 0.578125 0.154297 0.198242
v 0.570312 0.167969 0.200195
v -0.416016 -0.076660 -0.000092
v -0.451172 -0.080078 -0.006134
v -0.449219 -0.078613 -0.000113
v -0.416016 -0.078125 -0.006073
v -0.396484 -0.076172 -0.001076
v -0.414062 -0.077637 0.004486
v -0.396484 -0.075195 0.004669
v -0.695312 -0.587891 0.129883
v -0.707031 -0.572266 0.143555
v -0.474609 -0.580078 0.237305
v -0.886719 -0.603516 0.031494
v -0.683594 -0.599609 0.111328
v -0.890625 -0.587891 0.050293
v 0.382812 0.308594 -0.020386
v 0.371094 0.310547 -0.016113
v 0.376953 0.310547 -0.023560
v 0.375000 0.308594 -0.013855
v 0.388672 0.308594 -0.026978
v 0.427734 0.304688 0.000031
v 0.707031 -0.006165 0.118164
v 0.703125 0.005173 0.117676
v 0.159180 0.106445 -0.124512
v 0.150391 0.057861 -0.121582
v 0.152344 0.107422 -0.117676
v 0.165039 0.157227 -0.121582
v 0.198242 0.104980 -0.165039
v 0.155273 0.058350 -0.125977
v 0.163086 0.149414 -0.121582
v -0.392578 -0.128906 -0.020386
v -0.390625 -0.132812 -0.013977
v -0.394531 -0.135742 -0.015320
v -0.394531 -0.132812 -0.020996
v -0.394531 -0.125977 -0.020264
v 0.416016 0.460938 0.018799
v 0.425781 0.457031 0.019165
v 0.416016 0.451172 0.019531
v 0.431641 0.466797 0.018677
v 0.423828 0.464844 0.019653
v 0.103027 -0.298828 -0.398438
v 0.511719 -0.343750 -0.404297
v 0.523438 -0.298828 -0.398438
v -0.206055 -0.326172 -0.382812
v -0.215820 -0.298828 -0.371094
v 0.574219 -0.194336 -0.371094
v 0.091309 -0.211914 -0.378906
v 0.101074 -0.343750 -0.412109
v -0.691406 -0.095703 0.012024
v -0.691406 -0.095703 0.006622
v -0.660156 -0.099121 0.011719
v -0.660156 -0.101074 0.015747
v -0.695312 -0.097168 0.016724
v -0.703125 -0.092773 0.019043
v -0.699219 -0.090332 0.012695
v -1.000000 -0.213867 -0.042236
v -0.996094 -0.202148 -0.040771
v -1.000000 -0.213867 -0.053711
v -1.000000 -0.230469 -0.041504
v -0.996094 -0.205078 0.037598
v -1.000000 -0.212891 0.038086
v 0.292969 0.165039 0.097656
v 0.259766 0.166016 0.068359
v 0.263672 0.160156 0.056641
v 0.316406 0.172852 0.133789
v 0.306641 0.159180 0.096680
v 0.318359 0.163086 0.131836
v 0.291016 0.174805 0.103516
v 0.808594 -0.404297 -0.376953
v 0.490234 -0.560547 -0.365234
v 0.476562 -0.419922 -0.396484
v 0.824219 -0.345703 -0.378906
v 0.843750 -0.339844 -0.378906
v 0.777344 -0.564453 -0.343750
v 0.832031 -0.394531 -0.376953
v -0.392578 -0.110840 0.004578
v -0.394531 -0.079590 0.003708
v -0.394531 -0.080078 0.008240
v -0.392578 -0.122070 -0.021484
v -0.394531 -0.089355 -0.017212
v -0.394531 -0.083496 -0.010010
v -0.390625 -0.108887 -0.024780
v -0.390625 -0.103516 -0.024292
v -0.394531 -0.082031 0.013428
v -0.392578 -0.084961 0.020996
v -0.392578 -0.089355 0.027344
v -0.394531 -0.081055 -0.001808
v -0.390625 -0.120605 0.031982
v -0.392578 -0.125977 0.030151
v -0.394531 -0.114258 0.033447
v -0.390625 -0.098145 -0.024536
v -0.392578 -0.092773 -0.020630
v -0.392578 -0.128906 0.027466
v -0.392578 -0.134766 0.017334
v -0.390625 -0.136719 0.010376
v -0.390625 -0.138672 0.002762
v -0.392578 -0.093262 0.029541
v -0.394531 -0.131836 0.023438
v -0.392578 -0.137695 -0.001862
v -0.390625 -0.135742 -0.008362
v -0.394531 -0.118164 -0.022583
v -0.392578 -0.114258 -0.024658
v -0.206055 -0.211914 0.308594
v -0.211914 -0.204102 0.298828
v 0.096680 -0.208984 0.351562
v 0.113281 -0.302734 0.388672
v -0.207031 -0.287109 0.339844
v 0.096680 -0.217773 0.351562
v -0.492188 -0.211914 0.243164
v 0.478516 0.332031 -0.008301
v 0.478516 0.312500 -0.008972
v 0.474609 0.333984 -0.015991
v 0.476562 0.312500 -0.001160
v 0.482422 0.332031 -0.001015
v 0.478516 0.380859 -0.000507
v 0.498047 0.167969 0.139648
v 0.500000 0.165039 0.133789
v 0.503906 0.174805 0.134766
v 0.496094 0.175781 0.140625
v 0.488281 0.174805 0.140625
v 0.494141 0.161133 0.130859
v 0.490234 0.165039 0.137695
v -0.478516 -0.580078 -0.122070
v -0.667969 -0.580078 0.080566
v -0.445312 -0.576172 0.171875
v -0.203125 -0.572266 0.312500
v -0.208984 -0.576172 0.235352
v -0.667969 -0.580078 0.116699
v -0.209961 -0.572266 0.318359
v 0.406250 0.182617 -0.126953
v 0.335938 0.178711 -0.125000
v 0.486328 0.222656 -0.125000
v 0.484375 0.174805 -0.125000
v 0.490234 0.179688 -0.125000
v 0.406250 0.174805 -0.124512
v 0.960938 -0.184570 0.281250
v 0.984375 -0.169922 0.263672
v 0.972656 -0.172852 0.275391
v 0.875000 -0.291016 0.351562
v 0.968750 -0.292969 0.250000
v 0.570312 -0.195312 0.373047
v 0.851562 -0.292969 0.365234
v 0.984375 -0.186523 0.265625
v 0.251953 0.166992 -0.003891
v 0.259766 0.160156 -0.007355
v 0.261719 0.161133 -0.061768
v 0.253906 0.166016 0.052978
v -0.239258 -0.127930 -0.165039
v -0.165039 -0.105957 -0.166016
v -0.165039 -0.127930 -0.167969
v -0.238281 -0.150391 -0.166016
v -0.306641 -0.150391 -0.166992
v -0.306641 -0.127930 -0.167969
v -0.237305 -0.104980 -0.166016
v 0.445312 0.525391 0.004456
v 0.443359 0.466797 0.009338
v 0.445312 0.455078 0.007233
v 0.443359 0.455078 0.010681
v 0.500000 -0.011475 -0.213867
v 0.574219 -0.010254 -0.168945
v 0.294922 -0.007690 -0.224609
v 0.300781 -0.011475 -0.144531
v 0.292969 -0.011414 -0.213867
v 0.234375 -0.010620 -0.213867
v 0.239258 -0.006714 -0.223633
v -0.691406 -0.102051 0.039307
v -0.671875 -0.094238 0.033203
v -0.695312 -0.099609 0.036377
v -0.625000 -0.099609 0.037842
v -0.710938 -0.206055 0.096191
v -0.687500 -0.208008 -0.149414
v -0.671875 -0.206055 -0.104004
v -0.472656 -0.201172 0.120605
v 0.316406 0.302734 0.079590
v 0.300781 0.300781 0.040039
v 0.347656 0.302734 0.089355
v 0.460938 0.300781 0.082519
v 0.414062 0.298828 0.114746
v 0.339844 0.300781 0.113770
v 0.233398 0.152344 0.198242
v 0.238281 0.161133 0.190430
v 0.199219 0.150391 0.159180
v 0.226562 0.107910 0.202148
v 0.233398 0.108398 0.208984
v 0.241211 0.157227 0.198242
v 0.236328 0.149414 0.200195
v 0.003738 -0.166016 0.086914
v 0.024414 -0.037109 -0.071777
v 0.004486 -0.166016 -0.077637
v 0.020996 -0.036865 0.084473
v 0.004089 -0.164062 0.181641
v 0.006470 -0.181641 -0.076172
v 0.558594 0.322266 -0.057861
v 0.570312 0.316406 -0.003159
v 0.500000 0.328125 -0.042481
v 0.558594 0.322266 -0.003998
v 0.570312 0.314453 -0.061523
v 0.515625 0.324219 -0.089356
v 0.566406 0.316406 -0.066895
v 0.554688 -0.183594 0.294922
v 0.585938 -0.176758 0.308594
v 0.589844 -0.160156 0.308594
v -0.414062 -0.115723 -0.017456
v -0.408203 -0.116699 -0.017822
v -0.417969 -0.120117 -0.016479
v -0.441406 -0.116699 -0.018066
v -0.416016 -0.111816 -0.019897
v -0.408203 -0.111328 -0.018555
v -0.500000 -0.125977 0.034424
v -0.457031 -0.126953 0.032959
v -0.447266 -0.121094 0.035400
v -0.562500 -0.131836 0.031738
v -0.507812 -0.129883 0.032959
v -0.498047 -0.119629 0.036377
v -0.558594 -0.125000 0.035400
v 0.410156 0.603516 -0.011047
v 0.427734 0.603516 -0.000942
v 0.414062 0.603516 -0.013062
v 0.408203 0.599609 -0.015198
v 0.406250 0.599609 -0.012756
v 0.408203 0.603516 -0.007935
v 0.886719 -0.064941 0.195312
v 0.894531 -0.164062 0.206055
v 0.898438 -0.176758 0.204102
v 0.128906 -0.016357 -0.285156
v 0.251953 -0.015503 -0.287109
v 0.128906 -0.010559 -0.275391
v 0.118652 -0.018921 -0.287109
v 0.486328 0.261719 0.123535
v 0.496094 0.259766 0.119629
v 0.478516 0.294922 0.122070
v 0.488281 0.298828 0.121582
v 0.308594 0.077637 -0.222656
v 0.386719 0.078125 -0.225586
v 0.382812 0.056641 -0.227539
v 0.310547 0.056396 -0.227539
v 0.371094 0.308594 0.000067
v 0.367188 0.310547 0.006897
v 0.365234 0.310547 -0.001076
v 0.371094 0.308594 0.005920
v 0.375000 0.308594 -0.007568
v 0.625000 -0.005859 0.171875
v 0.621094 -0.009033 0.168945
v 0.687500 -0.006531 0.132812
v 0.628906 0.002048 0.171875
v -0.114746 -0.020874 -0.096680
v -0.108887 -0.023438 -0.080078
v -0.051270 -0.074219 -0.099609
v -0.142578 -0.017090 -0.084473
v -0.118652 -0.018189 -0.078125
v -0.105957 -0.029785 -0.105957
v -0.120117 -0.026611 -0.108398
v 0.445312 0.560547 0.011230
v 0.441406 0.552734 0.015320
v -0.449219 -0.098145 0.028565
v -0.419922 -0.099121 0.026856
v -0.449219 -0.094238 0.024048
v -0.496094 -0.093750 0.026733
v 0.406250 0.443359 0.009888
v 0.402344 0.443359 0.007782
v 0.406250 0.443359 0.014160
v 0.937500 -0.587891 -0.207031
v 0.906250 -0.599609 -0.200195
v 0.925781 -0.587891 -0.216797
v 0.933594 -0.560547 -0.220703
v 0.937500 -0.591797 -0.194336
v 0.945312 -0.564453 -0.208008
v 0.953125 -0.560547 -0.195312
v 0.249023 -0.016846 0.195312
v 0.539062 -0.018188 0.205078
v 0.165039 -0.013428 0.041504
v 0.496094 0.259766 -0.117188
v 0.515625 0.221680 -0.097168
v 0.554688 0.221680 -0.062500
v 0.496094 0.222656 -0.119629
v 0.554688 0.259766 -0.060059
v 0.550781 0.294922 -0.059815
v 0.492188 0.294922 -0.118164
v 0.490234 0.259766 -0.121582
v 0.464844 0.077637 0.232422
v 0.464844 0.059082 0.236328
v 0.470703 0.086426 0.228516
v 0.386719 0.079590 0.231445
v 0.386719 0.079102 0.224609
v 0.466797 0.078613 0.220703
v -0.554688 -0.081055 0.000441
v -0.498047 -0.079590 -0.001450
v -0.550781 -0.082031 -0.004883
v -0.613281 -0.080566 0.000240
v -0.550781 -0.079590 0.006927
v -0.498047 -0.079102 0.006012
v -0.656250 -0.131836 0.005737
v -0.691406 -0.131836 0.011902
v -0.660156 -0.130859 0.010071
v -0.660156 -0.129883 0.001228
v -0.691406 -0.130859 0.007813
v -0.660156 -0.114258 0.004761
v 0.404297 0.457031 -0.033691
v 0.414062 0.458984 -0.036133
v 0.396484 0.457031 -0.031250
v 0.402344 0.451172 -0.038086
v 0.722656 -0.194336 0.259766
v 0.574219 -0.191406 0.308594
v 0.558594 -0.194336 0.200195
v 0.617188 -0.193359 0.087402
v 0.648438 -0.185547 0.281250
v 0.882812 -0.189453 0.211914
v 0.742188 -0.187500 0.273438
v -0.049316 -0.083984 -0.109863
v -0.044190 -0.085449 -0.101074
v 0.129883 -0.587891 -0.300781
v -0.211914 -0.591797 -0.244141
v -0.212891 -0.583984 -0.314453
v -0.208008 -0.580078 -0.330078
v 0.100098 -0.587891 -0.341797
v 0.134766 -0.583984 -0.359375
v 0.574219 0.219727 0.049805
v 0.574219 0.176758 0.058838
v 0.574219 0.175781 0.050781
v 0.574219 0.223633 0.059814
v 0.570312 0.263672 0.055908
v 0.574219 0.247070 0.048096
v -0.498047 -0.142578 -0.002243
v -0.447266 -0.141602 0.004425
v -0.500000 -0.140625 0.009216
v -0.546875 -0.142578 0.002045
v -0.558594 -0.142578 -0.003418
v -0.445312 -0.141602 -0.001823
v -0.500000 -0.139648 -0.007050
v 0.416016 0.306641 0.141602
v 0.347656 0.304688 0.140625
v 0.337891 0.318359 0.136719
v 0.337891 0.306641 0.139648
v 0.347656 0.318359 0.135742
v 0.343750 0.275391 0.140625
v 0.416016 0.277344 0.139648
v 0.414062 0.318359 0.136719
v 0.648438 0.149414 -0.126953
v 0.613281 0.103516 -0.165039
v 0.605469 0.150391 -0.161133
v 0.656250 0.151367 -0.119629
v 0.660156 0.100586 -0.129883
v 0.648438 0.162109 -0.124023
v 0.656250 0.159180 -0.120117
v 0.269531 0.302734 0.058105
v 0.269531 0.273438 0.054932
v 0.271484 0.273438 0.062988
v 0.273438 0.300781 0.051514
v 0.277344 0.302734 0.063965
v 0.271484 0.306641 0.056641
v -0.306641 -0.146484 0.163086
v -0.241211 -0.126953 0.163086
v -0.308594 -0.125977 0.163086
v -0.237305 -0.148438 0.163086
v -0.308594 -0.125977 0.172852
v -0.308594 -0.145508 0.173828
v 0.435547 0.455078 -0.014526
v 0.427734 0.457031 -0.016968
v 0.433594 0.470703 -0.016480
v 0.433594 0.568359 -0.015747
v 0.433594 0.445312 -0.016968
v 0.429688 0.451172 -0.017456
v 0.441406 0.457031 -0.012878
v 0.437500 0.447266 -0.013916
v 0.275391 -0.019775 0.134766
v 0.194336 -0.015747 0.166016
v 0.503906 -0.014404 0.222656
v 0.558594 -0.015625 0.156250
v -0.996094 -0.229492 0.032227
v -1.000000 -0.228516 -0.041748
v -0.976562 -0.304688 0.040283
v -0.976562 -0.304688 0.051514
v -1.000000 -0.216797 0.047119
v -0.996094 -0.216797 0.035889
v -0.996094 -0.227539 0.047852
v 0.330078 0.306641 -0.134766
v 0.337891 0.318359 -0.138672
v 0.335938 0.304688 -0.138672
v 0.302734 0.318359 -0.095703
v 0.333984 0.318359 -0.132812
v 0.324219 0.273438 -0.132812
v 0.294922 0.277344 -0.098145
v 0.300781 0.304688 -0.098633
v 0.605469 0.146484 0.157227
v 0.648438 0.161133 0.119141
v 0.601562 0.159180 0.158203
v 0.613281 0.104004 0.161133
v 0.660156 0.101074 0.123047
v 0.574219 0.151367 0.197266
v 0.652344 0.151367 0.121582
v -0.157227 -0.142578 -0.160156
v -0.159180 -0.107422 -0.161133
v -0.126953 -0.142578 -0.164062
v -0.132812 -0.193359 -0.164062
v -0.165039 -0.191406 -0.163086
v -0.312500 -0.105469 -0.161133
v -0.318359 -0.139648 -0.162109
v -0.296875 -0.178711 -0.163086
v 0.445312 0.445312 0.012268
v 0.449219 0.457031 0.009216
v 0.447266 0.458984 0.011108
v 0.447266 0.443359 0.008240
v 0.443359 0.443359 0.009827
v 0.441406 0.443359 0.012512
v 0.443359 0.443359 0.015015
v 0.582031 -0.172852 -0.267578
v 0.578125 -0.174805 -0.009399
v 0.984375 -0.164062 0.080566
v 0.984375 -0.163086 -0.076172
v 0.086426 -0.181641 -0.011475
v -0.417969 -0.129883 -0.010010
v -0.417969 -0.131836 -0.007172
v -0.455078 -0.134766 -0.006439
v -0.443359 -0.125000 -0.014160
v -0.416016 -0.125000 -0.014648
v -0.447266 -0.129883 -0.013489
v -0.406250 -0.128906 -0.011841
v 0.416016 0.455078 0.021240
v 0.417969 0.445312 0.021728
v 0.419922 0.457031 0.021484
v 0.412109 0.472656 0.019531
v 0.410156 0.455078 0.019287
v 0.412109 0.445312 0.019653
v 0.984375 -0.300781 -0.241211
v 0.996094 -0.183594 -0.259766
v 0.996094 -0.184570 -0.251953
v 0.984375 -0.375000 -0.228516
v 0.972656 -0.373047 -0.235352
v 0.964844 -0.289062 -0.250000
v 0.984375 -0.298828 -0.225586
v -0.213867 -0.595703 0.308594
v -0.226562 -0.583984 0.341797
v -0.213867 -0.603516 0.244141
v 0.511719 0.171875 -0.079102
v 0.550781 0.172852 -0.062988
v 0.494141 0.171875 -0.116699
v 0.476562 0.169922 -0.096680
v 0.375000 0.159180 0.098144
v 0.332031 0.159180 0.129883
v 0.443359 0.157227 -0.030151
v 0.460938 0.159180 0.100098
v 0.318359 0.158203 0.026245
v 0.402344 0.157227 0.129883
v -0.671875 -0.176758 -0.099609
v -0.687500 -0.177734 0.089356
v 0.400391 0.443359 -0.005341
v 0.398438 0.443359 -0.002914
v 0.394531 0.443359 -0.003464
v 0.394531 0.441406 -0.007690
v 0.402344 0.443359 -0.009277
v 0.914062 -0.591797 0.190430
v 0.921875 -0.583984 0.208008
v 0.789062 -0.587891 0.322266
v 0.800781 -0.595703 0.180664
v 0.914062 -0.591797 0.043213
v 0.038330 -0.040527 -0.185547
v 0.022827 -0.166992 -0.188477
v 0.015747 -0.166016 -0.181641
v 0.041748 -0.026611 -0.181641
v 0.115723 -0.039551 -0.287109
v 0.032471 -0.041016 -0.176758
v 0.037842 -0.028076 -0.175781
v 0.027588 -0.187500 -0.181641
v 0.015625 -0.179688 -0.182617
v 0.022583 -0.182617 -0.187500
v 0.122559 -0.184570 -0.180664
v 0.030151 -0.186523 -0.061768
v 0.015625 -0.182617 -0.064453
v 0.013672 -0.181641 -0.172852
v 0.122559 -0.186523 -0.300781
v 0.582031 0.275391 0.058594
v 0.574219 0.302734 0.056396
v 0.570312 0.302734 0.063477
v 0.574219 0.273438 0.064453
v 0.582031 0.244141 0.060791
v 0.578125 0.271484 0.047852
v 0.582031 0.244141 0.049560
v 0.578125 0.105957 -0.217773
v 0.585938 0.104980 -0.209961
v 0.585938 0.062012 -0.213867
v 0.562500 0.106445 -0.217773
v 0.574219 0.156250 -0.209961
v 0.582031 0.157227 -0.204102
v 0.578125 0.061768 -0.225586
v -0.476562 -0.380859 -0.261719
v -0.214844 -0.402344 -0.345703
v -0.494141 -0.279297 -0.267578
v -0.488281 -0.316406 -0.283203
v 0.394531 0.306641 0.027466
v 0.388672 0.310547 0.028931
v 0.402344 0.308594 0.031494
v 0.388672 0.306641 0.022095
v 0.400391 0.308594 0.034424
v 0.210938 0.161133 0.152344
v 0.294922 0.163086 0.103516
v 0.168945 0.161133 0.108887
v 0.165039 0.158203 0.118164
v -0.304688 -0.106445 0.155273
v -0.238281 -0.105957 0.155273
v -0.302734 -0.105469 0.165039
v -0.320312 -0.102539 0.155273
v -0.318359 -0.101562 0.166992
v -0.318359 -0.128906 0.160156
v 0.433594 0.607422 -0.014221
v 0.423828 0.603516 -0.014710
v 0.429688 0.607422 -0.013977
v 0.435547 0.599609 -0.016235
v 0.310547 0.034912 0.237305
v 0.304688 0.025635 0.238281
v 0.382812 0.034668 0.237305
v 0.382812 0.033203 0.229492
v 0.308594 0.032227 0.229492
v 0.310547 0.057373 0.235352
v 0.304688 0.056397 0.235352
v -0.691406 -0.090332 0.000063
v -0.691406 -0.096680 -0.002075
v -0.691406 -0.093750 0.002563
v -0.687500 -0.091797 -0.003937
v -0.687500 -0.089844 0.007324
v -0.687500 -0.087891 0.006622
v -0.687500 -0.089355 0.000652
v -0.699219 -0.112793 -0.024048
v -0.687500 -0.114746 -0.026977
v -0.703125 -0.117188 -0.018921
v 0.400391 0.599609 0.009949
v 0.400391 0.556641 0.011108
v 0.398438 0.599609 0.005432
v 0.406250 0.603516 0.009216
v 0.406250 0.603516 0.006927
v 0.402344 0.599609 0.012512
v -0.195312 -0.085937 0.162109
v -0.160156 -0.107422 0.160156
v -0.199219 -0.069336 0.148438
v -0.322266 -0.083496 0.162109
v -0.125977 -0.075195 0.155273
v -0.155273 -0.065918 0.143555
v -0.135742 -0.087891 0.163086
v 0.498047 0.246094 -0.141602
v 0.500000 0.275391 -0.134766
v 0.503906 0.246094 -0.135742
v 0.486328 0.245117 -0.141602
v 0.494141 0.273438 -0.141602
v 0.486328 0.219727 -0.140625
v 0.498047 0.220703 -0.140625
v 0.482422 0.081055 0.222656
v 0.480469 0.081543 0.228516
v 0.480469 0.055908 0.225586
v 0.462891 0.079590 0.228516
v 0.455078 0.078125 0.220703
v -0.494141 -0.089355 -0.009460
v -0.451172 -0.087402 -0.003967
v -0.451172 -0.089355 -0.008423
v -0.494141 -0.086914 -0.003647
v -0.488281 -0.093750 -0.013977
v -0.542969 -0.087891 -0.004456
v 0.423828 0.310547 -0.039795
v 0.414062 0.333984 -0.039307
v 0.425781 0.332031 -0.039551
v 0.433594 0.306641 -0.035400
v 0.425781 0.306641 -0.035400
v 0.433594 0.310547 -0.038086
v 0.414062 0.310547 -0.037842
v 0.863281 -0.045898 0.094238
v 0.734375 -0.026611 0.116211
v 0.427734 0.328125 0.094727
v 0.316406 0.326172 0.089844
v 0.345703 0.324219 0.125977
v 0.480469 0.324219 0.126953
v 0.324219 0.332031 0.038330
v 0.511719 0.324219 0.084473
v 0.503906 0.330078 0.034912
v 0.335938 0.332031 -0.047363
v 0.488281 -0.552734 -0.353516
v 0.500000 -0.414062 -0.373047
v 0.769531 -0.552734 -0.332031
v 0.796875 -0.404297 -0.353516
v 0.486328 -0.568359 -0.349609
v -0.664062 -0.111328 0.024170
v -0.664062 -0.114746 0.025269
v -0.664062 -0.107910 0.023193
v -0.691406 -0.104492 0.024658
v -0.894531 -0.568359 -0.037842
v -0.898438 -0.568359 -0.025757
v -0.921875 -0.416016 -0.056396
v -0.890625 -0.576172 -0.034912
v -0.886719 -0.568359 -0.044434
v 0.322266 0.221680 0.126953
v 0.326172 0.220703 0.130859
v 0.324219 0.257812 0.128906
v 0.296875 0.223633 0.095703
v 0.310547 0.250977 0.110840
v 0.316406 0.174805 0.128906
v 0.625000 -0.061035 -0.255859
v 0.593750 -0.160156 -0.318359
v 0.589844 -0.043213 -0.285156
v 0.582031 -0.022949 -0.279297
v 0.636719 -0.061523 -0.246094
v 0.644531 -0.162109 -0.277344
v -0.108398 -0.023682 0.061279
v -0.109375 -0.024292 0.099609
v 0.109375 -0.165039 0.308594
v 0.019653 -0.166016 0.194336
v 0.021484 -0.180664 0.193359
v 0.109375 -0.181641 0.306641
v 0.114746 -0.177734 0.312500
v 0.116211 -0.166016 0.314453
v 0.038574 -0.041016 0.189453
v 0.453125 0.472656 -0.000965
v 0.453125 0.533203 -0.003250
v 0.453125 0.470703 -0.007050
v 0.570312 0.004623 0.233398
v 0.574219 0.061279 0.219727
v 0.494141 -0.007324 0.226562
v 0.570312 -0.005035 0.229492
v 0.496094 0.005081 0.230469
v 0.562500 0.062744 0.218750
v 0.582031 -0.002441 0.229492
v -0.414062 -0.105469 -0.028198
v -0.449219 -0.104004 -0.025635
v -0.412109 -0.097168 -0.028442
v -0.394531 -0.095703 -0.027710
v -0.392578 -0.101562 -0.030029
v -0.396484 -0.108398 -0.030640
v -0.457031 -0.110352 -0.026123
v -0.419922 -0.111816 -0.027588
v -0.554688 -0.132812 0.021851
v -0.554688 -0.130859 0.024170
v -0.609375 -0.128906 0.026489
v 0.398438 0.453125 -0.030640
v 0.396484 0.429688 -0.031982
v 0.392578 0.449219 -0.026367
v 0.400391 0.453125 -0.028076
v 0.408203 0.451172 -0.034180
v 0.392578 0.453125 -0.025269
v 0.406250 0.431641 -0.035156
v 0.851562 -0.310547 0.355469
v 0.859375 -0.318359 0.353516
v 0.832031 -0.306641 0.357422
v 0.933594 -0.190430 0.263672
v 0.843750 -0.359375 0.349609
v 0.832031 -0.349609 0.365234
v 0.033691 -0.018799 0.077637
v 0.035645 -0.017944 -0.069336
v 0.022095 -0.035645 -0.166992
v -0.353516 -0.190430 -0.163086
v -0.353516 -0.141602 -0.164062
v -0.326172 -0.190430 -0.162109
v -0.347656 -0.219727 -0.164062
v -0.359375 -0.219727 -0.162109
v 0.468750 0.332031 0.014770
v 0.464844 0.310547 0.021484
v 0.468750 0.310547 0.013306
v 0.470703 0.332031 0.005707
v 0.470703 0.378906 0.013184
v 0.464844 0.330078 0.022949
v -0.687500 -0.113281 0.024292
v -0.691406 -0.109375 0.025513
v -0.660156 -0.118652 0.022705
v -0.691406 -0.115723 0.024536
v -0.660156 -0.116211 0.022827
v -0.699219 -0.118652 0.031738
v 0.281250 0.324219 -0.058106
v 0.269531 0.318359 -0.064941
v 0.279297 0.326172 -0.004272
v 0.316406 0.324219 -0.093750
v 0.269531 0.316406 -0.057373
v 0.558594 -0.018066 0.271484
v 0.589844 -0.045898 0.283203
v 0.574219 -0.024902 0.281250
v 0.578125 -0.045410 0.287109
v 0.558594 -0.025879 0.281250
v -0.406250 -0.090332 -0.003906
v -0.408203 -0.090332 -0.008423
v -0.410156 -0.087402 -0.004639
v -0.408203 -0.094727 -0.008240
v -0.404297 -0.109375 0.004059
v -0.408203 -0.089844 -0.001472
v -0.190430 -0.412109 -0.347656
v 0.148438 -0.386719 -0.394531
v 0.554688 0.292969 -0.001213
v 0.554688 0.298828 -0.048584
v 0.554688 0.292969 -0.051270
v 0.414062 0.292969 0.121094
v 0.345703 0.296875 0.122070
v 0.414062 0.296875 0.119141
v 0.378906 0.273438 0.125000
v 0.871094 -0.057129 -0.212891
v 0.882812 -0.057861 -0.205078
v 0.867188 -0.070313 -0.214844
v 0.730469 -0.065918 -0.237305
v 0.726562 -0.059815 -0.227539
v 0.867188 -0.047363 -0.197266
v 0.269531 0.275391 0.017212
v 0.267578 0.247070 0.057373
v 0.267578 0.249023 -0.013916
v -0.216797 -0.205078 0.330078
v -0.213867 -0.283203 0.363281
v 0.087891 -0.201172 0.396484
v -0.211914 -0.193359 0.324219
v 0.445312 0.443359 0.000273
v 0.449219 0.447266 -0.000049
v 0.443359 0.443359 0.002960
v 0.443359 0.443359 -0.002960
v 0.447266 0.445312 -0.001595
v -0.687500 -0.107422 -0.017456
v -0.687500 -0.103516 -0.013245
v -0.683594 -0.102539 -0.016479
v -0.683594 -0.107910 -0.019165
v -0.687500 -0.112793 -0.018188
v -0.687500 -0.112305 -0.013794
v -0.687500 -0.583984 0.126953
v -0.886719 -0.595703 0.033936
v -0.683594 -0.595703 0.115234
v -0.466797 -0.576172 0.229492
v -0.468750 -0.560547 0.243164
v -0.886719 -0.587891 0.046631
v -0.699219 -0.568359 0.134766
v 0.316406 0.171875 -0.090332
v 0.279297 0.172852 -0.065430
v 0.332031 0.171875 -0.119141
v 0.308594 0.174805 -0.095215
v 0.369141 0.168945 -0.072266
v 0.695312 -0.005249 0.115723
v 0.699219 0.003288 0.115234
v 0.683594 -0.011047 0.122070
v 0.695312 -0.007507 0.051758
v 0.695312 -0.005707 0.126953
v 0.049316 -0.011292 -0.175781
v 0.046143 -0.012085 -0.066406
v 0.030762 -0.022217 -0.178711
v 0.032959 -0.017578 -0.171875
v 0.255859 -0.007629 -0.243164
v 0.036133 -0.020020 -0.185547
v 0.115234 -0.017822 -0.283203
v -0.043457 -0.143555 0.069824
v -0.043457 -0.190430 -0.075195
v 0.453125 0.455078 0.026611
v -0.408203 -0.102539 0.028565
v -0.408203 -0.108398 0.025757
v -0.406250 -0.104492 0.024902
v -0.410156 -0.098633 0.027222
v -0.419922 -0.142578 -0.111328
v -0.429688 -0.104980 -0.105469
v -0.417969 -0.190430 -0.112305
v -0.425781 -0.142578 -0.103027
v -0.390625 -0.193359 -0.136719
v 0.402344 0.455078 0.010742
v 0.400391 0.445312 0.008423
v 0.402344 0.447266 0.011597
v 0.980469 -0.376953 -0.215820
v 0.980469 -0.371094 -0.077148
v 0.937500 -0.560547 -0.193359
v 0.941406 -0.564453 -0.204102
v 0.484375 0.318359 -0.138672
v 0.490234 0.318359 -0.138672
v 0.490234 0.306641 -0.140625
v 0.482422 0.273438 -0.140625
v 0.480469 0.304688 -0.140625
v 0.412109 0.316406 -0.139648
v 0.292969 0.150391 0.199219
v 0.488281 0.160156 0.195312
v 0.296875 0.163086 0.189453
v 0.238281 0.109375 0.208984
v 0.488281 0.150391 0.200195
v 0.294922 0.108887 0.209961
v -0.968750 -0.234375 -0.058350
v -0.945312 -0.302734 -0.059082
v -0.761719 -0.283203 -0.163086
v -0.726562 -0.216797 -0.162109
v -0.972656 -0.224609 -0.051758
v 0.371094 0.332031 0.014709
v 0.371094 0.312500 0.013672
v 0.376953 0.332031 0.020142
v 0.367188 0.332031 0.006805
v 0.148438 0.161133 0.111816
v 0.151367 0.149414 0.122559
v 0.155273 0.164062 0.119141
v 0.150391 0.162109 0.087891
v 0.145508 0.149414 0.098633
v 0.145508 0.150391 0.115723
v 0.163086 0.169922 0.109863
v 0.460938 0.449219 -0.022705
v 0.462891 0.431641 -0.022461
v 0.464844 0.451172 -0.016113
v 0.455078 0.451172 -0.024536
v 0.460938 0.453125 -0.019409
v 0.578125 -0.170898 0.376953
v 0.582031 -0.167969 0.365234
v 0.088379 -0.189453 0.367188
v 0.968750 -0.165039 0.275391
v 0.988281 -0.162109 0.253906
v 0.582031 -0.179688 0.384766
v -0.445312 -0.110840 -0.018310
v -0.414062 -0.106445 -0.019287
v -0.482422 -0.111816 -0.020874
v -0.443359 -0.106445 -0.018677
v -0.470703 -0.117676 -0.020019
v 0.392578 0.457031 0.026733
v 0.400391 0.457031 0.031006
v 0.468750 0.455078 -0.014465
v 0.462891 0.457031 -0.021118
v 0.390625 0.457031 -0.026489
v 0.425781 0.458984 -0.000748
v 0.376953 0.455078 0.002731
v 0.417969 0.457031 0.036133
v 0.427734 0.457031 0.035156
v 0.435547 0.457031 0.032959
v 0.445312 0.457031 0.030884
v 0.458984 0.455078 -0.025757
v 0.455078 0.457031 -0.030396
v 0.408203 0.458984 0.032227
v 0.378906 0.457031 0.011536
v 0.386719 0.457031 -0.022217
v 0.445312 0.457031 -0.033691
v 0.468750 0.458984 0.011475
v 0.388672 0.457031 0.022461
v 0.470703 0.457031 -0.001511
v 0.470703 0.457031 -0.008545
v 0.382812 0.457031 0.017334
v 0.988281 -0.190430 0.087402
v 1.000000 -0.183594 0.247070
v 0.984375 -0.298828 0.073242
v 0.988281 -0.173828 -0.086914
v 0.980469 -0.298828 -0.084961
v 0.988281 -0.190430 -0.090332
v -0.138672 -0.237305 -0.153320
v -0.138672 -0.236328 -0.084961
v -0.193359 -0.234375 -0.075195
v -0.108398 -0.236328 -0.126953
v -0.130859 -0.231445 -0.163086
v -0.121094 -0.232422 -0.160156
v -0.230469 -0.232422 -0.164062
v -0.223633 -0.238281 -0.150391
v 0.519531 0.174805 0.089844
v 0.519531 0.182617 0.094727
v 0.492188 0.171875 0.117676
v 0.462891 0.035889 -0.239258
v 0.470703 0.055908 -0.234375
v 0.468750 0.024658 -0.240234
v 0.384766 0.034912 -0.230469
v 0.464844 0.035156 -0.229492
v 0.462891 0.058350 -0.237305
v 0.384766 0.034912 -0.238281
v -0.609375 -0.079590 0.005920
v -0.691406 -0.081055 0.006531
v -0.554688 -0.079590 0.013062
v -0.609375 -0.080566 0.012146
v -0.691406 -0.081543 -0.001114
v -0.687500 -0.133789 -0.002472
v -0.687500 -0.134766 -0.009521
v -0.687500 -0.138672 -0.004700
v -0.691406 -0.132812 -0.007782
v -0.691406 -0.129883 -0.000229
v -0.691406 -0.137695 0.003296
v -0.691406 -0.131836 0.003830
v 0.390625 0.332031 0.033203
v 0.400391 0.332031 0.037598
v 0.380859 0.332031 0.027832
v 0.390625 0.382812 0.033203
v 0.392578 0.431641 0.032959
v 0.384766 0.431641 0.029419
v 0.781250 -0.587891 -0.324219
v 0.781250 -0.583984 -0.333984
v 0.022583 -0.191406 0.184570
v 0.005768 -0.179688 0.188477
v 0.007294 -0.181641 0.178711
v 0.023804 -0.192383 0.088379
v 0.257812 -0.194336 0.116699
v 0.115234 -0.191406 0.298828
v 0.101562 -0.183594 0.310547
v 0.011658 -0.181641 0.196289
v 0.578125 0.271484 -0.053955
v 0.574219 0.243164 -0.069336
v 0.582031 0.273438 -0.062988
v 0.578125 0.166016 -0.001953
v 0.578125 0.166992 -0.056152
v 0.582031 0.173828 -0.002808
v 0.578125 0.165039 0.051269
v 0.562500 0.160156 -0.002823
v -0.355469 -0.029297 -0.104004
v -0.312500 -0.027710 -0.105469
v -0.265625 -0.068359 -0.148438
v -0.353516 -0.072266 -0.153320
v -0.320312 -0.084473 -0.162109
v -0.355469 -0.084473 -0.163086
v -0.679688 -0.591797 0.082031
v -0.886719 -0.595703 -0.028320
v -0.675781 -0.595703 -0.086426
v 0.343750 0.220703 -0.131836
v 0.332031 0.174805 -0.135742
v 0.332031 0.220703 -0.131836
v 0.341797 0.250000 -0.135742
v -0.320312 -0.128906 -0.161133
v -0.318359 -0.128906 -0.170898
v -0.320312 -0.151367 -0.160156
v -0.304688 -0.150391 -0.160156
v 0.421875 0.603516 0.014099
v 0.427734 0.599609 0.012939
v 0.419922 0.599609 0.015381
v 0.423828 0.599609 0.016357
v -0.906250 -0.572266 0.028687
v -0.945312 -0.419922 -0.045410
v -0.906250 -0.568359 -0.029297
v -0.898438 -0.583984 -0.028442
v -0.945312 -0.417969 0.044434
v -0.906250 -0.568359 0.043213
v -0.902344 -0.583984 0.029419
v -0.898438 -0.583984 0.040772
v 0.306641 0.174805 0.166016
v 0.243164 0.171875 0.188477
v 0.249023 0.167969 0.198242
v 0.482422 0.174805 0.168945
v 0.500000 0.172852 0.045654
v 0.209961 0.171875 0.144531
v 0.625000 -0.010559 -0.175781
v 0.578125 -0.009705 -0.222656
v 0.632812 -0.005127 -0.177734
v -0.147461 -0.103027 0.166992
v -0.147461 -0.103516 0.155273
v -0.164062 -0.105469 0.154297
v -0.149414 -0.127930 0.168945
v -0.147461 -0.128906 0.162109
v -0.164062 -0.106445 0.164062
v 0.486328 0.024414 0.226562
v 0.486328 0.026123 0.236328
v 0.470703 0.023315 0.226562
v 0.488281 0.054932 0.233398
v -0.427734 -0.079590 -0.100098
v -0.427734 -0.083496 -0.110352
v -0.427734 -0.108398 -0.066406
v -0.414062 -0.133789 0.009216
v -0.406250 -0.134766 0.004028
v -0.414062 -0.134766 0.003387
v 0.408203 0.380859 -0.036865
v 0.414062 0.431641 -0.036621
v 0.937500 -0.564453 0.211914
v 0.820312 -0.568359 0.332031
v 0.812500 -0.587891 0.330078
v 0.937500 -0.587891 0.197266
v 0.949219 -0.564453 0.198242
v 0.988281 -0.380859 0.226562
v 0.925781 -0.587891 0.206055
v 0.863281 -0.373047 0.363281
v 0.149414 -0.010559 -0.121582
v 0.137695 -0.007141 -0.050049
v 0.140625 -0.006592 -0.118652
v 0.142578 -0.006531 -0.126953
v 0.147461 -0.007751 -0.131836
v -0.185547 -0.210938 -0.162109
v -0.285156 -0.206055 -0.163086
v -0.247070 -0.222656 -0.165039
v -0.143555 -0.223633 -0.164062
v 0.554688 0.298828 0.050781
v 0.546875 0.296875 0.000614
v 0.550781 0.298828 0.054443
v 0.523438 0.298828 0.083008
v 0.400391 0.165039 -0.096680
v 0.511719 0.166016 -0.105957
v 0.519531 0.166016 -0.079590
v 0.398438 0.164062 -0.125977
v 0.490234 0.164062 -0.131836
v 0.316406 0.166016 -0.092773
v 0.396484 0.166992 -0.019531
v 0.318359 0.167969 -0.000393
v -0.219727 -0.192383 -0.316406
v -0.220703 -0.203125 -0.328125
v -0.523438 -0.203125 -0.271484
v -0.722656 -0.197266 -0.174805
v -0.507812 -0.183594 -0.230469
v -0.699219 -0.184570 -0.151367
v -0.527344 -0.192383 -0.253906
v 0.394531 0.457031 -0.000456
v 0.396484 0.445312 -0.000118
v 0.392578 0.453125 0.003677
v 0.394531 0.457031 -0.003876
v 0.878906 -0.186523 -0.083496
v 0.898438 -0.178711 -0.199219
v 0.898438 -0.177734 -0.210938
v 0.140625 -0.599609 0.269531
v 0.150391 -0.595703 0.343750
v 0.574219 0.173828 -0.072754
v 0.582031 0.166992 -0.064453
v 0.535156 0.220703 -0.101074
v 0.574219 0.166016 -0.068848
v 0.539062 0.176758 -0.103027
v 0.582031 -0.023926 0.275391
v 0.617188 -0.034668 0.217773
v -0.408203 -0.093262 -0.010986
v -0.416016 -0.093750 -0.012756
v -0.417969 -0.090332 -0.009705
v -0.490234 -0.279297 0.271484
v 0.376953 0.308594 -0.016724
v 0.386719 0.308594 -0.021606
v 0.380859 0.308594 -0.015076
v 0.373047 0.310547 -0.010010
v 0.373047 0.332031 -0.010620
v 0.378906 0.332031 -0.020142
v 0.382812 0.310547 -0.022705
v 0.671875 0.103516 0.119629
v 0.683594 0.061035 0.110840
v 0.656250 0.153320 0.125000
v 0.664062 0.104004 0.126953
v 0.675781 0.104004 0.107422
v 0.660156 0.155273 0.116211
v 0.263672 0.247070 -0.070313
v 0.257812 0.222656 -0.067871
v 0.259766 0.245117 -0.065430
v 0.265625 0.222656 -0.073242
v 0.267578 0.273438 -0.070313
v -0.235352 -0.158203 -0.156250
v -0.162109 -0.158203 -0.169922
v -0.312500 -0.156250 -0.157227
v -0.162109 -0.158203 -0.157227
v 0.427734 0.445312 0.021118
v 0.423828 0.455078 0.021606
v 0.421875 0.443359 0.021484
v 0.423828 0.443359 0.017700
v 0.429688 0.458984 0.022217
v 0.464844 -0.177734 -0.318359
v 0.566406 -0.189453 -0.310547
v 0.503906 -0.154297 -0.316406
v 0.562500 -0.178711 -0.322266
v -0.660156 -0.108887 0.023804
v -0.695312 -0.104980 0.024048
v -0.691406 -0.102051 0.021240
v -0.660156 -0.111816 0.023315
v -0.660156 -0.104980 0.021973
v -0.691406 -0.125977 0.020386
v 0.371094 0.455078 -0.002655
v 0.371094 0.429688 -0.017334
v 0.808594 -0.185547 0.100586
v 0.734375 -0.185547 -0.167969
v 0.738281 -0.186523 0.253906
v 0.558594 -0.182617 0.130859
v 0.882812 -0.185547 0.210938
v 0.882812 -0.185547 0.099121
v -0.145508 -0.087402 -0.162109
v -0.130859 -0.071777 -0.154297
v -0.122559 -0.085449 -0.163086
v -0.123047 -0.104980 -0.162109
v 0.492188 0.316406 0.132812
v 0.496094 0.306641 0.133789
v 0.523438 0.316406 0.092773
v 0.490234 0.318359 0.137695
v 0.558594 0.171875 -0.204102
v 0.570312 0.169922 -0.205078
v 0.558594 0.155273 -0.208984
v 0.488281 0.169922 -0.202148
v 0.488281 0.174805 -0.183594
v 0.562500 0.178711 -0.191406
v -0.451172 -0.080078 0.017456
v -0.419922 -0.081055 0.022339
v -0.416016 -0.078613 0.017700
v -0.451172 -0.078613 0.011963
v -0.498047 -0.080566 0.012817
v -0.382812 -0.236328 -0.116699
v -0.406250 -0.234375 -0.105957
v -0.347656 -0.234375 -0.151367
v -0.398438 -0.235352 0.044922
v -0.398438 -0.229492 -0.129883
v 0.476562 0.169922 0.107910
v 0.361328 0.170898 0.104492
v 0.408203 0.171875 0.118652
v 0.480469 0.171875 0.119141
v 0.496094 0.170898 0.108398
v 0.363281 0.168945 0.046387
v 1.000000 -0.169922 -0.080566
v 1.000000 -0.169922 0.080566
v 0.236328 0.061279 0.218750
v 0.236328 0.003540 0.232422
v 0.283203 0.066895 0.221680
v 0.231445 0.108887 0.213867
v 0.224609 0.107422 0.208984
v 0.240234 0.108887 0.213867
v 0.225586 0.059326 0.213867
v 0.224609 0.003021 0.229492
v 0.435547 0.457031 -0.020142
v 0.433594 0.445312 -0.020264
v 0.429688 0.460938 -0.021362
v 0.427734 0.548828 -0.020630
v 0.433594 0.556641 -0.018433
v 0.429688 0.445312 -0.021240
v 0.468750 0.025635 0.238281
v -0.609375 -0.093262 -0.011230
v -0.613281 -0.096680 -0.013367
v -0.683594 -0.096680 -0.011475
v -0.683594 -0.092285 -0.006531
v -0.605469 -0.088867 -0.005737
v -0.992188 -0.230469 0.035400
v -0.937500 -0.419922 0.040283
v -0.984375 -0.235352 0.044922
v -0.968750 -0.306641 0.048096
v 0.337891 0.296875 -0.118164
v 0.341797 0.300781 -0.113281
v 0.318359 0.298828 -0.086914
v 0.335938 0.294922 -0.118164
v 0.339844 0.298828 -0.118652
v 0.585938 -0.006531 0.235352
v 0.593750 0.003891 0.224609
v 0.621094 0.063232 0.167969
v 0.585938 0.061768 0.213867
v 0.593750 -0.008240 0.225586
v 0.168945 0.169922 -0.045410
v 0.164062 0.169922 -0.111816
v 0.151367 0.162109 -0.104004
v 0.114746 -0.177734 -0.314453
v 0.125000 -0.179688 -0.314453
v 0.107910 -0.180664 -0.310547
v 0.110352 -0.164062 -0.312500
v 0.117188 -0.163086 -0.316406
v 0.125977 -0.164062 -0.318359
v 0.468750 0.449219 -0.008362
v 0.472656 0.431641 -0.000211
v 0.468750 0.449219 -0.001160
v 0.468750 0.429688 0.006561
v 0.470703 0.429688 -0.009033
v 0.570312 -0.201172 -0.261719
v 0.949219 -0.193359 -0.088867
v 0.566406 -0.199219 -0.326172
v 0.964844 -0.182617 -0.235352
v 0.941406 -0.188477 -0.253906
v -0.412109 -0.114746 0.037354
v -0.416016 -0.122070 0.034424
v -0.396484 -0.117188 0.038330
v -0.449219 -0.114258 0.037598
v -0.414062 -0.108398 0.037109
v -0.449219 -0.108887 0.037842
v -0.396484 -0.111816 0.039551
v -0.550781 -0.124023 -0.019775
v -0.546875 -0.117676 -0.021362
v -0.550781 -0.111328 -0.021851
v -0.511719 -0.111816 -0.021851
v 0.410156 0.599609 0.013489
v 0.406250 0.599609 0.010315
v 0.410156 0.576172 0.016113
v 0.406250 0.564453 0.011536
v 0.882812 -0.289062 -0.363281
v 0.855469 -0.335938 -0.384766
v 0.851562 -0.292969 -0.375000
v 0.980469 -0.292969 -0.251953
v 0.878906 -0.324219 -0.369141
v 0.145508 0.058838 0.051025
v 0.147461 0.058350 -0.062500
v 0.138672 -0.000717 -0.053955
v 0.151367 0.106445 0.107422
v 0.146484 0.057373 0.109375
v 0.136719 0.000237 0.052979
v 0.148438 0.107910 0.056152
v 0.152344 0.107422 -0.063477
v -0.357422 -0.230469 0.159180
v -0.349609 -0.230469 0.163086
v -0.328125 -0.220703 0.164062
v -0.349609 -0.221680 0.165039
v -0.330078 -0.230469 0.161133
v 0.449219 0.306641 -0.029053
v 0.441406 0.308594 -0.033447
v 0.443359 0.312500 -0.035645
v 0.451172 0.308594 -0.032471
v 0.457031 0.306641 -0.023926
v -0.960938 -0.304688 0.061523
v -0.968750 -0.304688 0.059082
v -0.929688 -0.417969 0.061035
v -0.141602 -0.160156 -0.158203
v -0.143555 -0.157227 -0.170898
v -0.141602 -0.129883 -0.159180
v 0.451172 0.429688 0.030151
v 0.458984 0.378906 0.026123
v 0.458984 0.332031 0.027344
v 0.462891 0.427734 0.021240
v 0.441406 0.382812 0.034424
v 0.451172 0.332031 0.031982
v -0.550781 -0.085938 0.011963
v -0.550781 -0.086914 0.017090
v -0.550781 -0.085938 0.006622
v -0.351562 -0.105469 -0.162109
v 0.406250 0.603516 0.008850
v 0.404297 0.599609 0.008240
v 0.421875 0.607422 -0.001854
v 0.406250 0.607422 0.005371
v 0.412109 0.603516 0.010681
v 0.886719 -0.066895 -0.190430
v 0.894531 -0.164062 -0.212891
v 0.496094 0.180664 -0.119629
v 0.519531 0.182617 -0.096191
v 0.558594 0.180664 -0.065430
v 0.310547 0.077637 0.231445
v 0.304688 0.085938 0.230469
v 0.384766 0.085938 0.229492
v 0.308594 0.057373 0.226562
v 0.308594 0.078613 0.223633
v -0.695312 -0.083008 0.007660
v -0.687500 -0.081055 0.011841
v -0.699219 -0.082520 0.001724
v -0.664062 -0.128906 0.013794
v -0.687500 -0.131836 0.012268
v -0.691406 -0.129883 0.017090
v -0.664062 -0.126953 0.016480
v -0.664062 -0.130859 0.010437
v 0.386719 0.380859 -0.028076
v 0.388672 0.429688 -0.027588
v 0.777344 -0.568359 0.328125
v 0.781250 -0.552734 0.332031
v 0.792969 -0.552734 0.324219
v 0.494141 -0.564453 0.343750
v 0.785156 -0.568359 0.322266
v 0.777344 -0.572266 0.314453
v 0.490234 -0.576172 0.320312
v 0.494141 -0.568359 0.335938
v 0.013184 -0.166016 -0.170898
v 0.574219 0.300781 0.046875
v 0.574219 0.316406 0.055176
v -0.359375 -0.076172 0.156250
v -0.365234 -0.087891 0.162109
v -0.392578 -0.073730 0.132812
v -0.355469 -0.028564 0.106934
v -0.515625 -0.595703 -0.103027
v -0.474609 -0.587891 -0.209961
v -0.216797 -0.591797 0.002579
v 0.333984 0.174805 0.134766
v 0.408203 0.174805 0.134766
v 0.408203 0.220703 0.132812
v 0.339844 0.219727 0.133789
v 0.322266 0.174805 0.134766
v 0.332031 0.166016 0.131836
v 0.322266 0.167969 0.130859
v 0.882812 -0.166016 -0.225586
v 0.902344 -0.165039 -0.215820
v 0.898438 -0.179688 -0.209961
v 0.886719 -0.182617 -0.219727
v 0.742188 -0.167969 -0.269531
v 0.871094 -0.062500 -0.217773
v 0.886719 -0.062012 -0.207031
v -0.302734 -0.126953 0.166016
v -0.318359 -0.128906 0.167969
v -0.320312 -0.151367 0.168945
v -0.304688 -0.151367 0.166016
v -0.240234 -0.127930 0.164062
v 0.423828 0.453125 -0.018921
v -0.687500 -0.124023 -0.013061
v -0.687500 -0.117676 -0.016846
v -0.683594 -0.124023 -0.016724
v -0.683594 -0.127930 -0.011719
v 0.386719 0.453125 0.017944
v 0.384766 0.451172 0.018921
v 0.390625 0.453125 0.024292
v 0.423828 0.455078 -0.000341
v 0.644531 -0.176758 -0.277344
v 0.746094 -0.182617 -0.267578
v 0.589844 -0.181641 -0.316406
v 0.133789 -0.580078 0.361328
v 0.490234 -0.560547 0.361328
v 0.139648 -0.560547 0.373047
v -0.201172 -0.552734 0.343750
v -0.207031 -0.580078 0.333984
v -0.193359 -0.416016 0.369141
v 0.167969 -0.429688 0.406250
v 0.574219 0.176758 -0.054199
v 0.574219 0.168945 -0.062500
v 0.574219 0.176758 -0.062256
v 0.574219 0.168945 -0.055664
v 0.574219 0.223633 -0.059326
v 0.570312 0.167969 0.050781
v 0.566406 0.166992 -0.001274
v 0.570312 0.219727 -0.000425
v 0.287109 0.064209 0.216797
v 0.292969 0.003777 0.227539
v 0.498047 0.069824 0.219727
v 0.498047 0.114258 0.210938
v -0.394531 -0.139648 0.016113
v -0.394531 -0.136719 0.023315
v -0.416016 -0.133789 0.024658
v -0.392578 -0.142578 0.009155
v -0.414062 -0.137695 0.018433
v 0.466797 0.310547 -0.089356
v 0.416016 0.310547 -0.126953
v 0.484375 0.310547 -0.127930
v 0.480469 0.310547 -0.134766
v 0.416016 0.310547 -0.134766
v 0.886719 -0.051514 0.208008
v 0.871094 -0.062988 0.220703
v 0.886719 -0.062500 0.210938
v 0.875000 -0.043701 0.198242
v 0.875000 -0.053711 0.215820
v 0.890625 -0.061523 0.192383
v 0.890625 -0.056152 0.092285
v 0.269531 0.306641 -0.059570
v 0.271484 0.310547 -0.056152
v 0.287109 0.310547 -0.002380
v 0.277344 0.308594 -0.064453
v 0.084473 -0.209961 -0.396484
v -0.223633 -0.185547 -0.289062
v 0.445312 0.453125 0.002335
v 0.447266 0.445312 0.005981
v 0.490234 -0.010376 -0.235352
v 0.494141 0.002382 -0.237305
v 0.570312 -0.009521 -0.237305
v 0.498047 -0.016113 -0.226562
v 0.302734 -0.011169 -0.235352
v 0.298828 0.002350 -0.237305
v 0.574219 -0.014771 -0.226562
v -0.687500 -0.091797 0.020874
v -0.683594 -0.096680 0.026733
v -0.613281 -0.096680 0.028687
v -0.554688 -0.095215 0.028565
v -0.617188 -0.101074 0.031006
v -0.554688 -0.100098 0.031494
v -0.613281 -0.090820 0.023560
v -0.695312 -0.564453 -0.132812
v -0.486328 -0.371094 -0.285156
v -0.476562 -0.564453 -0.234375
v -0.687500 -0.583984 -0.125000
v -0.894531 -0.568359 -0.051025
v -0.800781 -0.398438 -0.166992
v 0.285156 0.296875 0.059570
v 0.285156 0.298828 0.056396
v 0.191406 0.107910 0.166992
v 0.146484 0.105469 0.125000
v 0.189453 0.060303 0.168945
v 0.229492 0.152344 0.201172
v 0.192383 0.149414 0.159180
v -0.040771 -0.084961 -0.057373
v -0.040527 -0.107422 0.065430
v -0.042480 -0.103027 0.101562
v -0.045166 -0.142578 0.101074
v 0.439453 0.599609 -0.013794
v 0.443359 0.599609 -0.012695
v 0.443359 0.544922 -0.014710
v 0.439453 0.560547 -0.016968
v 0.441406 0.457031 -0.018066
v 0.570312 0.003822 0.238281
v 0.585938 0.005188 0.235352
v 0.574219 0.064453 0.224609
v -0.416016 -0.102539 -0.017578
v -0.408203 -0.103516 -0.017944
v -0.416016 -0.098145 -0.015503
v -0.408203 -0.099609 -0.016968
v -0.447266 -0.102051 -0.017700
v 0.404297 0.441406 -0.012695
v 0.398438 0.445312 -0.010559
v 0.398438 0.443359 -0.013977
v 0.408203 0.441406 -0.015137
v -0.394531 -0.142578 -0.001587
v -0.394531 -0.142578 0.004089
v -0.416016 -0.140625 0.003204
v -0.394531 -0.140625 -0.010193
v -0.412109 -0.139648 -0.005005
v 0.474609 0.275391 0.133789
v 0.480469 0.247070 0.133789
v 0.494141 0.263672 0.133789
v 0.343750 0.250000 0.135742
v 0.482422 0.302734 0.133789
v 0.296875 0.081055 -0.219727
v 0.310547 0.079102 -0.225586
v 0.298828 0.081543 -0.226562
v 0.298828 0.057373 -0.222656
v -0.992188 -0.224609 -0.051758
v -0.988281 -0.223633 -0.039795
v -0.976562 -0.221680 -0.033203
v 0.273438 0.172852 0.060791
v 0.273438 0.173828 0.055664
v 0.271484 0.179688 0.061279
v 0.291016 0.173828 0.081055
v 0.285156 0.171875 0.038086
v 0.503906 -0.591797 -0.040527
v 0.738281 -0.591797 -0.219727
v 0.820312 -0.591797 -0.083984
v 0.910156 -0.591797 -0.083008
v 0.910156 -0.591797 -0.201172
v -0.314453 -0.105957 0.159180
v -0.353516 -0.106934 0.164062
v -0.349609 -0.142578 0.162109
v -0.355469 -0.085937 0.164062
v -0.316406 -0.142578 0.159180
v 0.527344 0.294922 -0.094727
v 0.494141 0.267578 -0.134766
v 0.490234 0.300781 -0.130859
v 0.488281 0.308594 -0.134766
v 0.492188 0.310547 -0.129883
v 0.488281 0.300781 -0.134766
v 0.546875 0.149414 0.201172
v 0.566406 0.151367 0.202148
v 0.566406 0.161133 0.198242
v 0.554688 0.161133 0.195312
v 0.570312 0.103516 0.213867
v 0.402344 0.310547 -0.038818
v 0.414062 0.310547 -0.041260
v 0.423828 0.310547 -0.042481
v 0.425781 0.308594 -0.038330
v 0.402344 0.333984 -0.040527
v 0.414062 0.332031 -0.042236
v 0.416016 0.308594 -0.037598
v 0.871094 -0.045654 0.081543
v 0.245117 0.110352 -0.213867
v 0.287109 0.064941 -0.223633
v 0.233398 0.061035 -0.219727
v 0.248047 0.154297 -0.208008
v 0.246094 0.060791 -0.220703
v 0.234375 0.108887 -0.212891
v -0.148438 -0.129883 -0.162109
v -0.148438 -0.104492 -0.158203
v -0.162109 -0.105469 -0.155273
v -0.238281 -0.104980 -0.158203
v -0.166992 -0.127930 -0.159180
v -0.148438 -0.103027 -0.168945
v 0.427734 0.607422 0.013123
v 0.423828 0.603516 0.014099
v 0.427734 0.599609 0.017456
v 0.431641 0.607422 0.013184
v 0.382812 0.032349 -0.234375
v 0.382812 0.033203 -0.227539
v 0.380859 0.056152 -0.230469
v 0.466797 0.058105 -0.232422
v 0.464844 0.032837 -0.236328
v -0.613281 -0.089355 0.017944
v -0.687500 -0.089355 0.014038
v -0.687500 -0.092285 0.016480
v -0.687500 -0.093750 0.021484
v -0.687500 -0.097656 0.025757
v -0.609375 -0.136719 -0.003525
v -0.609375 -0.134766 -0.009094
v -0.550781 -0.133789 -0.010437
v -0.550781 -0.136719 -0.002808
v -0.687500 -0.138672 0.002167
v -0.609375 -0.138672 0.001076
v 0.341797 0.296875 0.120117
v 0.341797 0.296875 0.122070
v 0.337891 0.294922 0.120605
v 0.335938 0.298828 0.117676
v 0.617188 0.106445 -0.167969
v 0.609375 0.152344 -0.163086
v 0.273438 0.308594 0.052246
v 0.271484 0.300781 -0.052734
v 0.468750 0.429688 -0.015198
v 0.582031 -0.014526 0.224609
v 0.574219 -0.008484 0.236328
v 0.640625 -0.009705 0.175781
v 0.632812 -0.013794 0.170898
v -0.488281 -0.131836 0.028565
v -0.447266 -0.130859 0.029907
v -0.412109 -0.125000 0.032471
v 0.404297 0.457031 -0.017456
v 0.402344 0.443359 -0.016235
v 0.400391 0.457031 -0.014832
v 0.406250 0.445312 -0.018433
v 0.404297 0.470703 -0.017822
v 0.406250 0.457031 -0.020020
v 0.855469 -0.333984 0.390625
v 0.855469 -0.291016 0.373047
v 0.832031 -0.341797 0.386719
v 0.839844 -0.394531 0.378906
v 0.882812 -0.318359 0.367188
v 0.886719 -0.285156 0.361328
v -0.216797 -0.580078 -0.332031
v -0.201172 -0.556641 -0.339844
v -0.474609 -0.576172 -0.225586
v -0.215820 -0.552734 -0.339844
v 0.527344 0.170898 0.042969
v 0.546875 0.172852 0.057861
v 0.554688 0.171875 0.051269
v 0.503906 0.170898 -0.007874
v -0.902344 -0.591797 -0.029053
v -0.902344 -0.591797 0.028687
v -0.910156 -0.572266 0.031982
v -0.886719 -0.599609 -0.029419
v -0.914062 -0.572266 -0.030151
v -0.902344 -0.591797 -0.043945
v 0.500000 0.173828 -0.068848
v 0.306641 0.174805 -0.179688
v 0.302734 0.166992 -0.202148
v 0.227539 0.172852 -0.095215
v 0.570312 -0.008850 0.151367
v 0.578125 -0.008484 0.219727
v -0.141602 -0.129883 -0.171875
v -0.139648 -0.099609 -0.170898
v -0.137695 -0.097656 -0.157227
v -0.162109 -0.104980 -0.171875
v -0.158203 -0.096191 -0.169922
v -0.163086 -0.128906 -0.172852
v 0.451172 0.457031 0.004272
v 0.496094 -0.007629 -0.228516
v -0.429688 -0.106934 0.102539
v -0.429688 -0.107422 0.069336
v -0.425781 -0.142578 0.102051
v -0.425781 -0.105957 0.110840
v -0.406250 -0.132812 -0.007294
v -0.406250 -0.128906 -0.003250
v -0.408203 -0.132812 -0.003098
v -0.417969 -0.134766 -0.000336
v -0.406250 -0.125977 -0.007019
v 0.414062 0.453125 0.039551
v 0.402344 0.451172 0.037109
v 0.402344 0.431641 0.037353
v 0.992188 -0.378906 -0.225586
v 0.988281 -0.380859 -0.214844
v 0.976562 -0.380859 -0.237305
v 0.992188 -0.302734 -0.239258
v 0.992188 -0.296875 -0.224609
v -0.156250 -0.192383 0.160156
v -0.155273 -0.142578 0.159180
v -0.168945 -0.196289 0.161133
v -0.124023 -0.142578 0.162109
v 0.464844 0.332031 -0.030518
v 0.472656 0.333984 -0.023560
v 0.468750 0.312500 -0.024048
v 0.464844 0.312500 -0.030396
v 0.455078 0.332031 -0.037109
v 0.404297 0.165039 0.122559
v 0.476562 0.165039 0.078125
v 0.488281 0.164062 0.124512
v 0.486328 0.166992 0.131836
v 0.404297 0.166992 0.131836
v 0.353516 0.166992 0.077637
v 0.328125 0.164062 0.123047
v 0.394531 0.576172 -0.000288
v 0.394531 0.599609 -0.003082
v 0.398438 0.599609 0.001724
v -0.060791 -0.230469 -0.113770
v -0.085938 -0.217773 -0.137695
v -0.052490 -0.216797 -0.112793
v -0.088867 -0.229492 -0.138672
v -0.052246 -0.227539 -0.108887
v 0.574219 0.219727 0.066406
v 0.578125 0.219727 0.062988
v 0.535156 0.219727 0.098144
v 0.539062 0.175781 0.098633
v 0.539062 0.248047 0.097656
v 0.574219 0.243164 0.064941
v 0.486328 0.053711 -0.235352
v 0.486328 0.025879 -0.228516
v 0.484375 0.056152 -0.223633
v -0.451172 -0.089355 0.020020
v -0.496094 -0.088379 0.021484
v -0.496094 -0.086426 0.016357
v -0.417969 -0.093750 0.023682
v -0.417969 -0.089844 0.019898
v -0.451172 -0.087402 0.016846
v -0.804688 -0.406250 -0.172852
v -0.792969 -0.316406 -0.202148
v -0.498047 -0.281250 -0.294922
v -0.218750 -0.320312 -0.384766
v -0.494141 -0.310547 -0.300781
v 0.375000 0.310547 0.015320
v 0.378906 0.308594 0.013245
v 0.382812 0.308594 0.023437
v 0.376953 0.332031 0.015076
v 0.371094 0.310547 0.006683
v 0.375000 0.308594 0.006073
v 0.384766 0.330078 0.025269
v 0.707031 -0.005615 -0.133789
v 0.703125 0.005157 -0.132812
v 0.671875 0.061035 -0.136719
v 0.683594 0.062500 -0.127930
v 0.703125 0.004761 -0.124512
v 0.691406 0.003891 -0.143555
v -0.412109 -0.130859 0.028931
v -0.394531 -0.132812 0.028320
v 0.445312 0.378906 -0.036865
v 0.435547 0.332031 -0.038818
v 0.435547 0.433594 -0.037354
v 0.425781 0.380859 -0.038818
v 0.425781 0.429688 -0.037354
v 0.160156 -0.568359 0.343750
v 0.141602 -0.564453 0.353516
v 0.159180 -0.572266 0.328125
v -0.691406 -0.112793 -0.012451
v -0.660156 -0.113281 -0.009094
v -0.691406 -0.108398 -0.011902
v -0.691406 -0.116699 -0.011536
v -0.660156 -0.115723 -0.010193
v -0.699219 -0.105957 -0.018799
v -0.699219 -0.112793 -0.019897
v -1.000000 -0.213867 0.051025
v -0.968750 -0.304688 0.064941
v -0.769531 -0.285156 0.185547
v -0.984375 -0.224609 0.070801
v -0.742188 -0.209961 0.187500
v -1.000000 -0.223633 0.052490
v 0.277344 0.173828 -0.062988
v 0.273438 0.173828 -0.058350
v 0.285156 0.171875 -0.066406
v 0.275391 0.180664 -0.062256
v 0.492188 -0.587891 0.332031
v 0.490234 -0.587891 0.255859
v 0.777344 -0.587891 0.332031
v 0.490234 -0.580078 0.349609
v 0.141602 -0.587891 0.349609
v -0.394531 -0.126953 -0.024658
v 0.527344 0.292969 0.090820
v 0.566406 0.259766 0.060791
v 0.562500 0.294922 0.059814
v 0.562500 0.306641 0.057129
v 0.492188 0.298828 0.128906
v 0.535156 0.224609 0.087891
v 0.464844 0.079590 -0.232422
v 0.464844 0.058105 -0.226562
v 0.466797 0.076660 -0.223633
v -0.222656 -0.404297 -0.359375
v -0.494141 -0.294922 -0.289062
v 0.384766 0.306641 0.019165
v -0.240234 -0.128906 0.158203
v -0.298828 -0.127930 0.159180
v 0.423828 0.529297 -0.018311
v 0.427734 0.603516 -0.014343
v 0.384766 0.024536 0.227539
v 0.382812 0.025147 0.238281
v 0.304688 0.024048 0.226562
v 0.287109 0.023926 0.226562
v 0.292969 0.055664 0.235352
v 0.291016 0.026123 0.239258
v -0.691406 -0.097168 -0.004425
v -0.664062 -0.100586 0.001160
v -0.664062 -0.100098 0.004211
v -0.683594 -0.139648 0.008972
v -0.609375 -0.137695 0.006897
v -0.683594 -0.137695 0.014954
v -0.687500 -0.137695 0.012573
v -0.687500 -0.137695 0.008789
v 0.347656 0.326172 -0.127930
v 0.347656 0.318359 -0.137695
v 0.644531 0.164062 0.108398
v 0.656250 0.161133 0.113281
v 0.261719 0.275391 -0.063965
v 0.271484 0.306641 -0.071289
v 0.263672 0.275391 -0.055176
v 0.265625 0.306641 -0.064453
v 0.261719 0.245117 -0.054199
v 0.474609 0.453125 0.005463
v 0.474609 0.429688 0.013061
v 0.478516 0.429688 0.007874
v 0.474609 0.453125 -0.002289
v 0.470703 0.453125 0.013611
v -0.550781 -0.137695 0.002029
v -0.498047 -0.137695 -0.000119
v -0.498047 -0.135742 -0.004150
v -0.550781 -0.138672 0.005798
v -0.447266 -0.136719 -0.000136
v 0.414062 0.451172 0.033691
v 0.404297 0.453125 0.032715
v 0.423828 0.453125 0.033935
v 0.406250 0.453125 0.031494
v 0.957031 -0.294922 -0.235352
v 0.855469 -0.316406 -0.351562
v 0.953125 -0.345703 -0.228516
v 0.968750 -0.296875 -0.229492
v 0.960938 -0.196289 -0.261719
v 0.972656 -0.196289 -0.251953
v 0.139648 0.000961 0.125000
v 0.144531 0.001129 0.130859
v 0.151367 0.058106 0.124023
v 0.146484 0.058594 0.117676
v 0.138672 0.000671 0.115234
v 0.140625 -0.007019 0.125000
v -0.217773 -0.580078 0.333984
v -0.208008 -0.587891 0.320312
v -0.223633 -0.587891 0.318359
v -0.214844 -0.548828 0.343750
v 0.589844 0.173828 -0.150391
v 0.585938 0.173828 -0.062500
v -0.898438 -0.587891 -0.037353
v -0.886719 -0.587891 -0.045654
v -0.902344 -0.568359 -0.041504
v 0.326172 0.177734 0.120605
v 0.333984 0.177734 0.123535
v 0.333984 0.172852 0.120605
v 0.328125 0.223633 0.122070
v 0.304688 0.179688 0.094727
v 0.328125 0.171875 0.116211
v 0.333984 0.221680 0.123535
v 0.582031 -0.177734 -0.322266
v 0.578125 -0.159180 -0.326172
v -0.054688 -0.069824 0.060059
v -0.140625 -0.129883 0.172852
v -0.142578 -0.156250 0.170898
v -0.141602 -0.158203 0.156250
v -0.141602 -0.129883 0.157227
v -0.139648 -0.099121 0.170898
v 0.449219 0.443359 -0.008301
v 0.451172 0.443359 -0.003693
v 0.451172 0.457031 -0.007751
v 0.447266 0.458984 -0.011169
v 0.451172 0.457031 -0.004120
v -0.394531 -0.129883 0.031982
v 0.417969 0.441406 -0.018433
v 0.416016 0.445312 -0.021729
v 0.421875 0.441406 -0.019531
v 0.427734 0.441406 -0.018921
v 0.863281 -0.355469 0.359375
v 0.812500 -0.564453 0.330078
v 0.929688 -0.560547 0.212891
v 0.847656 -0.337891 0.378906
v 0.839844 -0.361328 0.380859
v 0.968750 -0.376953 0.230469
v 0.875000 -0.324219 0.359375
v -0.210938 -0.209961 -0.306641
v -0.210938 -0.203125 -0.296875
v -0.503906 -0.210938 -0.242188
v -0.500000 -0.203125 -0.237305
v 0.478516 0.333984 0.015320
v 0.470703 0.312500 0.022095
v 0.474609 0.310547 0.015137
v 0.474609 0.330078 0.022095
v 0.480469 0.333984 0.007812
v 0.437500 0.164062 -0.137695
v 0.388672 0.165039 -0.138672
v 0.412109 0.173828 -0.143555
v 0.492188 0.166992 -0.140625
v 0.494141 0.161133 -0.132812
v -0.687500 -0.116699 -0.012695
v -0.683594 -0.112305 -0.019043
v -0.683594 -0.117188 -0.018677
v -0.687500 -0.121094 -0.012390
v 0.400391 0.580078 0.005188
v 0.404297 0.599609 0.003769
v 0.707031 -0.007324 -0.124512
v 0.691406 -0.014526 -0.052734
v 0.558594 -0.017700 -0.084961
v 0.695312 -0.013916 -0.128906
v 0.117188 -0.027344 0.291016
v 0.119141 -0.160156 0.322266
v 0.126953 -0.029785 0.292969
v 0.114258 -0.019165 0.281250
v 0.108887 -0.035400 0.287109
v 0.126953 -0.011536 0.275391
v 0.107910 -0.160156 0.320312
v 0.127930 -0.015869 0.285156
v 0.539062 0.246094 -0.100098
v 0.507812 0.220703 -0.132812
v 0.535156 0.275391 -0.099121
v 0.570312 0.273438 -0.068359
v 0.562500 0.065430 0.223633
v 0.562500 0.108887 0.214844
v 0.496094 0.071289 0.224609
v -0.416016 -0.083984 -0.015564
v -0.414062 -0.088867 -0.020264
v -0.445312 -0.090820 -0.019897
v -0.449219 -0.082520 -0.010376
v -0.416016 -0.081055 -0.011047
v -0.398438 -0.081543 -0.014893
v -0.453125 -0.086426 -0.015991
v -0.503906 -0.135742 0.025757
v 0.392578 0.312500 -0.034424
v 0.406250 0.308594 -0.034424
v 0.664062 0.100098 0.013306
v 0.667969 0.100098 -0.111816
v 0.660156 0.152344 -0.111816
v 0.667969 0.099609 0.104004
v 0.675781 0.060303 0.046875
v 0.675781 0.060791 -0.064941
v 0.238281 0.151367 -0.202148
v 0.236328 0.108887 -0.209961
v 0.246094 0.152344 -0.202148
v 0.233398 0.152344 -0.198242
v 0.240234 0.159180 -0.201172
v 0.431641 0.429688 0.038086
v 0.441406 0.429688 0.034180
v 0.441406 0.451172 0.033935
v 0.431641 0.451172 0.035644
v -0.703125 -0.103027 0.030884
v -0.957031 -0.302734 -0.066894
v -0.929688 -0.419922 -0.066406
v -0.941406 -0.417969 -0.057861
v -0.972656 -0.306641 -0.059814
v -0.980469 -0.226562 -0.064941
v 0.279297 0.291016 0.056641
v 0.279297 0.294922 0.053711
v 0.281250 0.292969 0.060791
v 0.194336 0.163086 0.155273
v 0.482422 0.324219 -0.128906
v 0.419922 0.328125 -0.099121
v 0.494141 0.316406 -0.132812
v 0.648438 -0.178711 0.283203
v 0.470703 -0.189453 0.306641
v 0.593750 -0.181641 0.312500
v 0.578125 -0.179688 0.322266
v 0.566406 -0.180664 0.324219
v -0.503906 -0.104492 -0.020508
v -0.550781 -0.106445 -0.020630
v -0.474609 -0.106934 -0.020752
v -0.480469 -0.100098 -0.017822
v 0.410156 0.603516 -0.010681
v 0.408203 0.595703 -0.015198
v 0.408203 0.599609 -0.009827
v 0.416016 0.603516 -0.012634
v 0.410156 0.603516 -0.008606
v 0.412109 0.599609 -0.013184
v 0.964844 -0.197266 0.081543
v 0.968750 -0.195312 -0.090820
v 0.949219 -0.192383 0.073731
v 0.231445 -0.003571 -0.223633
v 0.231445 0.005051 -0.224609
v 0.239258 0.004257 -0.225586
v 0.246094 0.059082 -0.214844
v 0.296875 0.003410 -0.228516
v 0.237305 0.059814 -0.213867
v -0.137695 -0.237305 0.088867
v 0.494141 0.219727 0.138672
v 0.507812 0.221680 0.132812
v 0.498047 0.247070 0.140625
v 0.486328 0.220703 0.137695
v 0.488281 0.246094 0.140625
v -0.609375 -0.129883 -0.014831
v -0.550781 -0.131836 -0.015137
v 0.396484 0.449219 0.029785
v 0.398438 0.453125 0.028198
v 0.390625 0.451172 0.025391
v 0.839844 -0.349609 -0.359375
v 0.835938 -0.388672 -0.349609
v 0.945312 -0.192383 -0.267578
v 0.839844 -0.304688 -0.351562
v 0.820312 -0.341797 -0.363281
v 0.031494 -0.019409 0.179688
v 0.020386 -0.037353 0.174805
v 0.570312 -0.183594 0.371094
v 0.570312 -0.179688 0.359375
v 0.095703 -0.201172 0.376953
v 0.095703 -0.193359 0.361328
v -0.213867 -0.188477 0.292969
v 0.096191 -0.212891 0.382812
v 0.554688 0.296875 -0.002167
v 0.550781 0.300781 -0.051758
v 0.554688 0.298828 -0.057861
v 0.558594 0.296875 -0.054932
v 0.558594 0.164062 0.189453
v 0.484375 0.163086 0.165039
v 0.542969 0.164062 0.102051
v 0.570312 0.161133 0.195312
v 0.589844 0.165039 0.149414
v -0.349609 -0.021118 -0.072754
v -0.351562 -0.021118 -0.093750
v -0.363281 -0.029785 -0.096191
v -0.361328 -0.026245 -0.067383
v -0.341797 -0.019043 0.073242
v -0.330078 -0.017822 -0.082520
v -0.406250 -0.235352 0.101074
v -0.394531 -0.228516 0.126953
v -0.394531 -0.218750 0.131836
v -0.373047 -0.237305 0.113281
v -0.417969 -0.226562 0.110840
v -0.419922 -0.226562 0.060547
v -0.410156 -0.233398 0.052002
v -0.417969 -0.228516 0.099121
v 0.976562 -0.168945 0.257812
v 0.996094 -0.167969 0.257812
v 0.259766 0.169922 -0.055908
v 0.259766 0.176758 -0.055420
v 0.259766 0.169922 -0.062988
v 0.269531 0.166016 -0.058838
v 0.259766 0.175781 -0.000576
v -0.234375 -0.103516 -0.172852
v -0.310547 -0.095703 -0.172852
v -0.235352 -0.094727 -0.170898
v -0.306641 -0.104492 -0.171875
v -0.161133 -0.106934 -0.163086
v -0.235352 -0.105469 -0.161133
v 0.445312 0.529297 -0.003616
v 0.447266 0.580078 0.002075
v 0.304688 0.023560 -0.225586
v 0.384766 0.023315 -0.237305
v 0.384766 0.023071 -0.228516
v 0.289062 0.024292 -0.225586
v 0.289062 0.025513 -0.239258
v 0.306641 0.025513 -0.238281
v -0.683594 -0.101562 0.030640
v -0.617188 -0.105469 0.032715
v -0.683594 -0.105957 0.032227
v -0.687500 -0.102539 0.028198
v -0.691406 -0.129883 0.015869
v -0.699219 -0.137695 0.009338
v 0.408203 0.451172 -0.032227
v 0.640625 -0.176758 0.279297
v 0.738281 -0.179688 0.267578
v 0.742188 -0.167969 0.265625
v 0.644531 -0.164062 0.279297
v 0.636719 -0.183594 0.269531
v -0.194336 -0.568359 -0.318359
v 0.133789 -0.576172 -0.328125
v 0.151367 -0.568359 -0.347656
v -0.194336 -0.564453 -0.326172
v -0.206055 -0.572266 -0.326172
v -0.201172 -0.572266 -0.310547
v 0.566406 0.176758 0.064941
v 0.570312 0.167969 0.058105
v -0.400391 -0.086914 0.137695
v -0.365234 -0.107910 0.160156
v -0.400391 -0.106934 0.135742
v -0.414062 -0.138672 -0.011230
v 0.345703 0.302734 0.134766
v 0.478516 0.308594 0.131836
v 0.482422 0.312500 0.126953
v 0.414062 0.310547 0.121094
v 0.416016 0.308594 0.131836
v 0.347656 0.308594 0.131836
v 0.882812 -0.067871 -0.206055
v 0.878906 -0.056152 -0.196289
v 0.277344 0.273438 0.058838
v 0.279297 0.292969 0.052490
v -0.123535 -0.105469 0.163086
v -0.287109 -0.192383 0.162109
v 0.433594 0.445312 -0.015625
v 0.427734 0.443359 -0.018799
v 0.496094 -0.008972 0.210938
v 0.476562 -0.007019 0.041992
v 0.279297 -0.009644 0.028198
v 0.582031 -0.008057 0.042969
v -0.777344 -0.314453 0.168945
v -0.761719 -0.388672 0.157227
v -0.464844 -0.560547 0.235352
v -0.917969 -0.416016 0.054443
v -0.687500 -0.564453 0.125977
v 0.367188 0.310547 -0.009522
v 0.371094 0.332031 -0.016480
v 0.367188 0.332031 -0.008301
v 0.149414 0.105469 -0.126953
v 0.192383 0.106934 -0.166992
v 0.147461 0.058594 -0.128906
v 0.143555 0.058350 -0.124023
v 0.142578 0.105469 -0.118652
v 0.194336 0.150391 -0.162109
v 0.153320 0.149414 -0.123535
v 0.433594 0.599609 0.008911
v 0.433594 0.595703 0.013916
v 0.437500 0.599609 0.013061
v 0.439453 0.603516 0.006775
v 0.431641 0.572266 0.015564
v 0.562500 -0.039551 -0.292969
v 0.578125 -0.039551 -0.292969
v 0.566406 -0.159180 -0.324219
v 0.574219 -0.020752 -0.287109
v 0.503906 -0.014282 -0.283203
v 0.562500 -0.018189 -0.285156
v 0.500000 -0.033936 -0.292969
v -0.419922 -0.087402 0.015198
v -0.410156 -0.088379 0.017578
v -0.408203 -0.085938 0.013184
v -0.419922 -0.085938 0.008789
v -0.453125 -0.084961 0.011353
v -0.494141 -0.186523 -0.230469
v 0.400391 0.441406 0.008545
v 0.398438 0.441406 0.005493
v 0.404297 0.441406 0.010620
v 0.400391 0.443359 0.012390
v 0.396484 0.443359 0.010132
v 0.929688 -0.587891 -0.191406
v 0.929688 -0.580078 -0.203125
v 0.460938 0.298828 -0.081055
v 0.361328 0.298828 -0.089844
v 0.416016 0.300781 -0.113770
v 0.324219 0.302734 -0.038086
v 0.120117 -0.180664 0.318359
v 0.107910 -0.177734 0.316406
v -0.945312 -0.419922 0.053955
v -0.894531 -0.572266 0.051270
v -0.408203 -0.084473 0.003113
v -0.410156 -0.085938 0.000633
v -0.419922 -0.083984 -0.000364
v -0.406250 -0.088867 0.008240
v -0.406250 -0.088867 0.003876
v -0.419922 -0.083984 0.003479
v -0.410156 -0.084961 0.007813
v -0.158203 -0.095215 -0.154297
v 0.445312 0.599609 0.003555
v 0.445312 0.599609 -0.000645
v 0.443359 0.603516 -0.000157
v 0.439453 0.603516 0.003876
v 0.441406 0.576172 0.007935
v 0.443359 0.599609 0.006958
v 0.421875 0.443359 0.017944
v 0.416016 0.441406 0.017090
v 0.816406 -0.568359 -0.335938
v 0.855469 -0.376953 -0.371094
v 0.808594 -0.587891 -0.332031
v 0.800781 -0.564453 -0.347656
v 0.800781 -0.583984 -0.339844
v 0.144531 -0.016113 0.051270
v 0.145508 -0.015381 -0.050293
v -0.213867 -0.324219 0.361328
v -0.474609 -0.390625 0.263672
v -0.484375 -0.314453 0.285156
v -0.218750 -0.402344 0.345703
v 0.460938 0.306641 -0.018921
v 0.332031 0.163086 0.136719
v 0.402344 0.165039 0.138672
v 0.406250 0.173828 0.140625
v 0.322266 0.165039 0.137695
v 0.333984 0.172852 0.139648
v -0.691406 -0.124023 0.037109
v -0.609375 -0.117676 0.036133
v -0.554688 -0.109863 0.037842
v -0.613281 -0.109863 0.038330
v -0.613281 -0.126953 0.034668
v -0.554688 -0.118652 0.036621
v 0.398438 0.568359 -0.008972
v 0.394531 0.576172 -0.004852
v 0.398438 0.599609 -0.007050
v 0.402344 0.603516 -0.009399
v 0.402344 0.568359 -0.012940
v 0.130859 -0.026001 -0.285156
v 0.122070 -0.041504 -0.291016
v 0.120117 -0.024658 -0.281250
v 0.129883 -0.018555 -0.275391
v 0.134766 -0.040772 -0.291016
v -0.045654 -0.216797 -0.094727
v 0.585938 0.176758 0.142578
v 0.558594 0.178711 0.188477
v 0.574219 0.169922 0.192383
v 0.605469 0.167969 0.156250
v 0.644531 0.174805 0.111816
v 0.574219 0.104492 -0.217773
v 0.582031 0.103516 -0.206055
v -0.408203 -0.094727 0.017700
v -0.406250 -0.091309 0.015503
v -0.408203 -0.092285 0.020996
v -0.423828 -0.215820 -0.102539
v -0.423828 -0.190430 -0.100586
v -0.417969 -0.214844 -0.112793
v 0.412109 0.333984 0.040771
v 0.423828 0.333984 0.041504
v 0.425781 0.382812 0.041260
v 0.416016 0.310547 0.041260
v 0.664062 0.155273 0.099609
v 0.652344 0.167969 -0.052002
v 0.234375 0.165039 0.196289
v 0.236328 0.165039 0.203125
v 0.431641 0.451172 -0.035889
v 0.423828 0.453125 -0.036133
v 0.414062 0.455078 -0.033691
v 0.423828 0.455078 -0.034668
v 0.414062 0.451172 -0.034424
v -0.687500 -0.101074 -0.007629
v -0.664062 -0.102051 -0.003540
v -0.687500 -0.099121 -0.011475
v -0.687500 -0.096680 -0.008606
v -0.730469 -0.206055 -0.168945
v -0.976562 -0.212891 -0.061035
v -0.515625 -0.202148 -0.255859
v -0.722656 -0.197266 -0.163086
v -0.687500 -0.187500 -0.154297
v 0.375000 0.429688 -0.008484
v 0.375000 0.429688 -0.000923
v 0.373047 0.332031 -0.002014
v 0.375000 0.380859 0.007782
v 0.373047 0.378906 -0.010376
v 0.902344 -0.552734 -0.206055
v 0.902344 -0.568359 -0.207031
v 0.910156 -0.552734 -0.202148
v 0.785156 -0.556641 -0.328125
v 0.964844 -0.355469 -0.220703
v 0.531250 0.263672 -0.097168
v 0.558594 0.170898 0.200195
v 0.488281 0.161133 0.201172
v -0.496094 -0.084961 -0.013367
v -0.482422 -0.560547 0.259766
v -0.222656 -0.552734 0.363281
v 0.468750 0.163086 -0.042236
v 0.484375 0.161133 -0.161133
v 0.542969 0.164062 -0.095703
v 0.996094 -0.168945 0.249023
v 0.996094 -0.185547 0.255859
v 0.439453 0.457031 0.018799
v 0.435547 0.468750 0.020019
v 0.435547 0.455078 0.019775
v 0.445312 0.470703 0.014099
v 0.443359 0.457031 0.015076
v 0.566406 -0.160156 -0.320312
v 0.574219 -0.159180 -0.322266
v 0.574219 -0.175781 -0.320312
v 0.562500 -0.178711 -0.318359
v 0.503906 -0.156250 -0.314453
v 0.566406 -0.043945 -0.289062
v 0.578125 -0.044678 -0.291016
v -0.496094 -0.098145 0.030884
v -0.550781 -0.089844 0.023071
v -0.695312 -0.147461 0.005432
v -0.699219 -0.145508 0.006775
v -0.695312 -0.145508 -0.000599
v -0.613281 -0.143555 0.009338
v 0.335938 0.246094 0.139648
v 0.621094 0.062256 -0.168945
v 0.687500 0.003456 -0.137695
v 0.671875 0.061523 -0.131836
v 0.160156 0.157227 0.105469
v 0.158203 0.156250 0.112305
v 0.156250 0.150391 0.104492
v -0.500000 -0.125000 0.028442
v -0.451172 -0.122070 0.029297
v -0.554688 -0.123047 0.031128
v -0.500000 -0.121582 0.030640
v 0.417969 0.599609 -0.018066
v 0.416016 0.603516 -0.014893
v 0.419922 0.603516 -0.013977
v 0.412109 0.560547 -0.020020
v 0.412109 0.599609 -0.016113
v 0.898438 -0.178711 0.218750
v 0.902344 -0.182617 0.204102
v 0.894531 -0.166992 0.224609
v 0.882812 -0.167969 0.234375
v 0.902344 -0.165039 0.205078
v 0.886719 -0.183594 0.229492
v 0.140625 0.000786 -0.125000
v 0.147461 0.057373 -0.114258
v 0.147461 0.000988 -0.131836
v -0.208008 -0.556641 -0.328125
v -0.193359 -0.552734 -0.326172
v 0.457031 0.308594 0.029541
v 0.462891 0.306641 0.024048
v 0.466797 0.310547 0.027344
v 0.458984 0.310547 0.033691
v 0.447266 0.308594 0.033447
v 0.314453 0.163086 -0.132812
v 0.314453 0.172852 -0.134766
v 0.320312 0.166016 -0.137695
v 0.291016 0.165039 -0.098145
v 0.285156 0.174805 -0.102539
v 0.386719 0.453125 0.027832
v -0.195312 -0.552734 0.328125
v -0.211914 -0.552734 0.326172
v -0.193359 -0.568359 0.326172
v -0.208984 -0.568359 0.328125
v 0.562500 0.220703 -0.056641
v 0.562500 0.180664 -0.053955
v 0.558594 0.176758 -0.061768
v 0.558594 0.241211 -0.042481
v 0.558594 0.257812 -0.057129
v 0.523438 0.160156 0.080566
v 0.527344 0.158203 -0.005493
v 0.347656 0.298828 -0.119629
v 0.412109 0.298828 -0.120117
v 0.412109 0.294922 -0.122070
v 0.878906 -0.062012 0.208008
v 0.882812 -0.053467 0.201172
v 0.871094 -0.068359 0.215820
v 0.894531 -0.165039 0.221680
v 0.277344 0.223633 -0.061768
v 0.277344 0.248047 -0.057617
v 0.281250 0.259766 -0.061523
v 0.275391 0.222656 -0.055420
v 0.279297 0.222656 -0.067871
v 0.734375 -0.572266 0.200195
v 0.863281 -0.572266 -0.021606
v 0.503906 -0.576172 -0.019165
v 0.734375 -0.576172 -0.223633
v 0.486328 -0.576172 -0.257812
v 0.488281 -0.576172 0.251953
v 0.119629 -0.580078 -0.030151
v -0.699219 -0.568359 -0.137695
v -0.486328 -0.380859 -0.287109
v -0.898438 -0.576172 -0.058350
v -0.488281 -0.560547 -0.248047
v -0.476562 -0.583984 -0.232422
v -0.687500 -0.583984 -0.125977
v 0.396484 0.306641 0.030395
v 0.380859 0.310547 0.027344
v 0.380859 0.308594 0.018066
v 0.386719 0.310547 0.024536
v 0.695312 -0.007263 -0.139648
v 0.155273 0.105469 0.122559
v 0.156250 0.149414 0.113770
v 0.150391 0.105957 0.115723
v 0.192383 0.058594 0.166016
v 0.196289 0.104492 0.163086
v 0.161133 0.150391 0.120605
v 0.013184 -0.166992 0.172852
v 0.017090 -0.182617 0.084961
v 0.033447 -0.038818 0.081543
v 0.034180 -0.041504 -0.071777
v 0.015869 -0.183594 0.178711
v 0.013794 -0.166992 0.185547
v 0.015015 -0.181641 0.187500
v 0.474609 0.453125 -0.008667
v 0.474609 0.451172 -0.015076
v -0.406250 -0.097656 -0.011719
v -0.410156 -0.096191 -0.014343
v -0.406250 -0.101562 -0.013611
v 0.404297 0.453125 -0.012512
v 0.412109 0.443359 -0.016602
v 0.404297 0.445312 -0.014099
v 0.402344 0.445312 -0.010193
v 0.402344 0.455078 -0.007996
v 0.410156 0.453125 -0.015076
v 0.968750 -0.292969 0.222656
v 0.964844 -0.357422 0.216797
v 0.957031 -0.294922 0.229492
v 0.968750 -0.294922 0.073242
v 0.968750 -0.361328 0.202148
v 0.228516 -0.008240 -0.232422
v 0.222656 0.001099 -0.228516
v 0.345703 0.310547 0.074219
v 0.486328 0.310547 0.074707
v 0.558594 0.308594 0.050049
v 0.550781 0.308594 0.001808
v 0.515625 0.310547 0.085937
v 0.492188 0.065430 -0.224609
v 0.300781 0.109375 -0.215820
v 0.304688 0.153320 -0.207031
v 0.488281 0.159180 -0.207031
v 0.492188 0.112305 -0.215820
v -0.968750 -0.233398 0.052490
v -0.988281 -0.226562 0.043213
v -0.757812 -0.287109 0.166992
v -0.953125 -0.306641 0.053711
v 0.157227 0.163086 -0.121094
v 0.150391 0.159180 -0.114258
v 0.447266 0.451172 0.035400
v 0.433594 0.431641 0.039062
v 0.447266 0.431641 0.037353
v 0.435547 0.453125 0.038330
v -0.554688 -0.110352 0.033936
v -0.554688 -0.104492 0.032471
v -0.498047 -0.108398 0.032227
v -0.451172 -0.112305 0.032715
v -0.498047 -0.112793 0.032715
v -0.498047 -0.103027 0.031982
v 0.400391 0.455078 0.008545
v 0.402344 0.564453 0.009277
v 0.400391 0.468750 0.005768
v 0.972656 -0.203125 -0.094238
v 0.972656 -0.206055 0.079102
v 0.972656 -0.294922 -0.219727
v 0.968750 -0.186523 -0.237305
v 0.976562 -0.196289 -0.242188
v 0.229492 -0.004761 0.224609
v 0.236328 -0.005920 0.225586
v 0.234375 0.003967 0.225586
v 0.226562 0.002754 0.221680
v 0.225586 -0.006470 0.220703
v 0.233398 -0.010193 0.215820
v 0.494141 0.221680 -0.133789
v 0.503906 0.176758 -0.133789
v 0.464844 0.056885 0.231445
v 0.380859 0.079102 0.227539
v 0.310547 0.078125 0.227539
v 0.376953 0.057373 0.230469
v 0.382812 0.032715 0.232422
v 0.462891 0.031982 0.233398
v 0.310547 0.057373 0.231445
v -0.554688 -0.087402 -0.015442
v -0.550781 -0.092285 -0.019287
v -0.605469 -0.095215 -0.020508
v -0.605469 -0.089844 -0.015198
v -0.691406 -0.089844 -0.018677
v -0.609375 -0.085938 -0.010254
v -0.687500 -0.096191 -0.021851
v -0.687500 -0.133789 0.007355
v 0.378906 0.455078 -0.024292
v 0.384766 0.451172 -0.030029
v 0.796875 -0.398438 0.353516
v 0.102051 -0.294922 -0.408203
v 0.578125 -0.181641 -0.380859
v 0.523438 -0.294922 -0.404297
v -0.215820 -0.285156 -0.365234
v 0.515625 -0.341797 -0.414062
v 0.094727 -0.337891 -0.423828
v -0.419922 -0.229492 -0.100586
v -0.423828 -0.214844 -0.059326
v -0.419922 -0.224609 -0.112305
v 0.394531 0.249023 0.124512
v 0.339844 0.263672 0.124023
v 0.333984 0.251953 0.123535
v 0.730469 -0.073731 -0.243164
v 0.625000 -0.065918 -0.246094
v 0.625000 -0.054199 -0.237305
v 0.251953 0.174805 0.052246
v 0.251953 0.166992 0.062988
v 0.253906 0.174805 0.063965
v 0.419922 0.603516 0.013733
v 0.404297 0.603516 -0.006470
v 0.404297 0.607422 -0.002808
v 0.445312 0.603516 0.003113
v 0.437500 0.607422 -0.012207
v 0.408203 0.603516 0.010376
v 0.410156 0.603516 0.013550
v 0.441406 0.603516 0.007355
v 0.441406 0.603516 0.005066
v 0.439453 0.607422 -0.008972
v 0.404297 0.603516 0.003296
v 0.402344 0.607422 -0.000824
v 0.435547 0.603516 0.011780
v 0.417969 0.603516 0.013916
v 0.441406 0.607422 -0.005951
v 0.439453 0.607422 0.008179
v -0.996094 -0.227539 -0.054199
v -0.972656 -0.306641 -0.049316
v -1.000000 -0.214844 -0.043457
v -0.996094 -0.215820 -0.053467
v 0.574219 0.168945 -0.199219
v -0.396484 -0.077148 0.017944
v -0.416016 -0.076660 0.009888
v -0.400391 -0.080566 0.024658
v -0.398438 -0.075684 0.009827
v 0.083984 -0.183594 0.275391
v 0.582031 -0.174805 0.267578
v -0.554688 -0.097656 -0.024292
v -0.496094 -0.100586 -0.023682
v -0.554688 -0.105469 -0.026123
v -0.496094 -0.092773 -0.020386
v -0.605469 -0.101562 -0.024170
v -0.449219 -0.126953 0.025024
v -0.503906 -0.126953 0.028076
v -0.419922 -0.125000 0.024780
v 0.416016 0.599609 -0.016113
v 0.416016 0.548828 -0.018677
v 0.419922 0.568359 -0.017578
v 0.421875 0.470703 -0.019043
v 0.139648 0.000557 -0.117676
v 0.154297 0.128906 -0.105957
v -0.223633 -0.552734 -0.359375
v -0.226562 -0.404297 -0.373047
v -0.231445 -0.583984 -0.335938
v 0.468750 0.308594 0.013000
v 0.476562 0.310547 0.006989
v 0.466797 0.306641 0.018677
v 0.472656 0.308594 0.004547
v 0.318359 0.056152 -0.222656
v 0.310547 0.077148 -0.220703
v 0.384766 0.079590 -0.226562
v 0.910156 -0.568359 -0.192383
v 0.910156 -0.572266 -0.201172
v 0.898438 -0.572266 -0.199219
v 0.914062 -0.548828 -0.189453
v 0.906250 -0.572266 -0.085937
v -0.112793 -0.082031 0.159180
v -0.119629 -0.026855 0.106445
v -0.117676 -0.086426 0.163086
v -0.112305 -0.106934 0.159180
v -0.080566 -0.106934 0.132812
v -0.083008 -0.080078 0.135742
v 0.496094 0.304688 -0.135742
v 0.382812 0.312500 -0.028320
v 0.396484 0.306641 -0.031250
v 0.550781 -0.008240 0.074707
v 0.734375 -0.031494 0.203125
v 0.550781 -0.008667 -0.038574
v 0.742188 -0.021362 0.103516
v 0.229492 0.059082 -0.207031
v 0.229492 0.108398 -0.203125
v 0.243164 0.110352 -0.209961
v 0.416016 0.599609 0.018188
v 0.423828 0.603516 0.019287
v 0.427734 0.529297 0.021606
v 0.296875 0.032349 -0.235352
v 0.296875 0.033203 -0.225586
v 0.298828 0.055908 -0.231445
v 0.312500 0.056885 -0.229492
v 0.314453 0.032471 -0.226562
v 0.308594 0.031860 -0.235352
v -0.695312 -0.087402 0.024414
v -0.699219 -0.093750 0.023926
v -0.699219 -0.091797 0.031250
v -0.699219 -0.097168 0.027832
v -0.691406 -0.098633 0.020386
v -0.157227 -0.025024 -0.105469
v -0.267578 -0.026245 -0.104004
v -0.296875 -0.019898 -0.086426
v -0.116211 -0.219727 -0.160156
v -0.088379 -0.192383 -0.136719
v -0.052734 -0.190430 -0.112305
v 0.566406 0.221680 0.062988
v -0.451172 -0.083984 0.005951
v -0.457031 -0.084961 0.000710
v -0.494141 -0.084961 0.010803
v 0.449219 0.306641 0.028564
v 0.457031 0.306641 0.024780
v 0.458984 0.310547 0.025391
v 0.451172 0.308594 0.031006
v 0.441406 0.306641 0.033447
v 0.871094 -0.054199 -0.088379
v 0.855469 -0.045898 -0.078613
v 0.263672 0.220703 0.070312
v 0.259766 0.173828 0.071777
v -0.148438 -0.152344 0.160156
v -0.171875 -0.151367 0.165039
v -0.167969 -0.151367 0.159180
v -0.153320 -0.153320 0.167969
v 0.433594 0.443359 -0.017334
v 0.429688 0.443359 -0.018555
v 0.515625 -0.343750 0.417969
v 0.804688 -0.406250 0.386719
v 0.106445 -0.300781 0.414062
v 0.100586 -0.339844 0.423828
v 0.494141 -0.419922 0.400391
v 0.531250 -0.294922 0.406250
v 0.324219 0.175781 -0.135742
v 0.324219 0.218750 -0.128906
v 0.324219 0.168945 -0.134766
v 0.318359 0.174805 -0.130859
v 0.464844 0.453125 0.006195
v 0.464844 0.453125 0.013855
v 0.464844 0.451172 0.013611
v 0.466797 0.453125 0.000038
v 0.249023 -0.017456 -0.196289
v 0.554688 -0.018066 -0.062256
v 0.570312 -0.017090 0.080566
v 0.738281 -0.029053 -0.075684
v 0.562500 -0.019775 -0.207031
v 0.867188 -0.328125 -0.359375
v 0.449219 0.333984 -0.039063
v 0.455078 0.310547 -0.036865
v 0.447266 0.310547 -0.040283
v 0.451172 0.382812 -0.037109
v 0.435547 0.332031 -0.042236
v 0.199219 0.160156 0.030640
v 0.394531 0.453125 -0.033691
v 0.404297 0.431641 -0.037842
v 0.742188 -0.183594 0.277344
v -0.120605 -0.192383 -0.161133
v -0.125000 -0.220703 -0.165039
v -0.114746 -0.141602 -0.159180
v 0.570312 0.306641 0.053467
v 0.566406 0.306641 0.049072
v 0.523438 0.306641 0.090332
v 0.500000 0.166016 -0.130859
v 0.531250 0.167969 -0.098145
v -0.404297 -0.234375 -0.048828
v -0.417969 -0.226562 -0.044434
v 0.488281 0.170898 0.195312
v 0.996094 -0.169922 -0.249023
v 0.984375 -0.167969 -0.253906
v 0.996094 -0.169922 -0.259766
v -0.166992 -0.127930 0.166016
v -0.238281 -0.104980 0.163086
v 0.441406 0.468750 -0.012207
v 0.441406 0.458984 -0.010132
v 0.376953 0.310547 -0.009827
v 0.375000 0.308594 -0.002655
v 0.371094 0.310547 -0.002167
v 0.570312 0.316406 0.047852
v 0.562500 0.322266 0.050537
v 0.566406 0.314453 0.060547
v 0.498047 -0.423828 -0.402344
v 0.828125 -0.337891 -0.388672
v 0.812500 -0.406250 -0.388672
v 0.488281 -0.552734 -0.378906
v 0.133789 -0.556641 -0.396484
v 0.142578 -0.419922 -0.417969
v -0.408203 -0.120605 0.024292
v -0.417969 -0.116699 0.028442
v -0.419922 -0.120605 0.026489
v -0.406250 -0.122070 0.019775
v -0.408203 -0.119629 0.022705
v -0.410156 -0.117188 0.026611
v -0.408203 -0.124023 0.021729
v -0.326172 -0.129883 -0.173828
v -0.326172 -0.156250 -0.156250
v -0.326172 -0.129883 -0.156250
v -0.326172 -0.156250 -0.172852
v -0.324219 -0.097656 -0.171875
v 0.406250 0.603516 -0.003723
v 0.402344 0.603516 -0.002533
v 0.404297 0.607422 -0.000572
v 0.400391 0.599609 -0.000460
v 0.406250 0.603516 0.003555
v 0.898438 -0.180664 -0.196289
v 0.906250 -0.164062 -0.196289
v 0.906250 -0.180664 -0.080078
v 0.144531 -0.006592 0.130859
v 0.185547 0.000877 0.173828
v -0.223633 -0.238281 0.147461
v -0.271484 -0.231445 0.160156
v -0.166992 -0.232422 0.161133
v 0.298828 0.057129 0.230469
v 0.298828 0.056397 0.222656
v 0.296875 0.032105 0.234375
v 0.308594 0.031616 0.233398
v 0.296875 0.082031 0.229492
v 0.296875 0.082031 0.220703
v -0.613281 -0.087891 -0.002304
v 0.302734 0.279297 0.094727
v 0.333984 0.300781 0.129883
v 0.333984 0.306641 0.128906
v 0.035645 -0.019165 0.195312
v 0.028931 -0.035644 0.197266
v 0.515625 -0.006409 0.259766
v 0.507812 -0.015991 0.283203
v 0.570312 -0.013061 0.273438
v 0.251953 -0.011169 0.267578
v 0.248047 -0.014404 0.285156
v -0.447266 -0.097656 -0.015198
v -0.507812 -0.099121 -0.018677
v -0.441406 -0.093262 -0.011169
v 0.417969 0.443359 -0.017334
v 0.412109 0.441406 -0.015747
v 0.417969 0.445312 -0.018189
v 0.421875 0.441406 -0.017212
v 0.980469 -0.371094 0.055664
v 0.238281 -0.009827 -0.232422
v 0.486328 0.308594 0.132812
v 0.488281 0.300781 0.132812
v 0.466797 0.085449 -0.218750
v -0.687500 -0.126953 -0.003967
v 0.402344 0.458984 0.013184
v 0.402344 0.445312 0.015747
v 0.406250 0.457031 0.017212
v 0.398438 0.457031 0.010559
v 0.396484 0.470703 0.008606
v 0.570312 0.168945 -0.066406
v 0.570312 0.176758 -0.068359
v 0.566406 0.166016 -0.061035
v -0.554688 -0.137695 0.025635
v -0.500000 -0.139648 0.018921
v 0.482422 0.298828 -0.119629
v 0.318359 0.300781 -0.080566
v 0.734375 -0.061523 0.243164
v 0.625000 -0.045410 0.232422
v 0.628906 -0.062500 0.244141
v 0.734375 -0.070801 0.257812
v 0.273438 0.308594 -0.003220
v 0.283203 0.310547 0.055908
v 0.439453 0.445312 0.012878
v 0.439453 0.445312 0.010010
v 0.439453 0.447266 0.016113
v 0.443359 0.445312 0.011902
v -0.988281 -0.214844 -0.067871
v -0.988281 -0.226562 -0.073242
v 0.277344 0.250000 0.051514
v 0.273438 0.222656 0.052490
v 0.277344 0.271484 0.015137
v -0.114746 -0.236328 0.144531
v -0.066406 -0.234375 0.102051
v -0.079102 -0.229492 0.127930
v -0.127930 -0.233398 0.160156
v -0.151367 -0.237305 0.144531
v -0.115234 -0.231445 0.156250
v 0.523438 0.173828 -0.093262
v 0.554688 0.172852 -0.065430
v 0.249023 -0.029541 0.289062
v 0.503906 -0.032715 0.291016
v 0.562500 -0.020752 0.285156
v -0.498047 -0.081055 -0.004425
v -0.451172 -0.078613 0.005371
v 0.656250 0.168945 0.104980
v 0.660156 0.166992 0.113770
v 0.652344 0.167969 0.045654
v -0.237305 -0.148438 -0.163086
v -0.240234 -0.127930 -0.163086
v -0.164062 -0.150391 -0.164062
v -0.166992 -0.149414 -0.172852
v 0.433594 0.447266 0.018310
v 0.429688 0.451172 0.018433
v 0.427734 0.445312 0.019897
v 0.435547 0.453125 0.016846
v 0.429688 0.445312 0.017212
v 0.960938 -0.181641 -0.279297
v 0.851562 -0.292969 -0.363281
v -0.660156 -0.099609 0.007080
v -0.660156 -0.100098 0.001541
v -0.687500 -0.095703 0.003098
v -0.894531 -0.580078 -0.025513
v -0.894531 -0.580078 0.026856
v -0.878906 -0.580078 -0.029541
v -0.898438 -0.568359 0.028687
v 0.328125 0.249023 0.134766
v 0.722656 -0.043457 -0.193359
v 0.447266 0.568359 -0.008606
v 0.447266 0.552734 -0.010864
v 0.445312 0.599609 -0.009216
v 0.257812 -0.006348 -0.054443
v 0.257812 -0.006836 0.137695
v 0.621094 -0.034668 0.224609
v -0.447266 -0.140625 0.012756
v -0.447266 -0.139648 0.018921
v -0.558594 -0.143555 0.006165
v -0.554688 -0.141602 0.014404
v 0.406250 0.380859 -0.040039
v 0.423828 0.382812 -0.042481
v 0.414062 0.431641 -0.040527
v 0.808594 -0.583984 0.326172
v 0.796875 -0.583984 0.333984
v 0.133789 -0.008972 -0.120605
v 0.133789 0.000420 -0.057129
v 0.133789 -0.000137 -0.126953
v 0.140625 -0.013550 -0.123535
v 0.132812 -0.009583 -0.054443
v 0.134766 -0.009094 -0.131836
v -0.324219 -0.221680 -0.164062
v 0.447266 0.310547 0.038818
v 0.457031 0.332031 0.033203
v 0.447266 0.332031 0.037842
v 0.437500 0.310547 0.040527
v 0.437500 0.306641 0.036377
v 0.257812 0.166016 -0.069824
v -0.980469 -0.221680 0.029419
v 0.310547 0.289062 -0.088867
v 0.306641 0.269531 -0.090332
v 0.582031 0.104004 0.203125
v 0.617188 0.062500 0.164062
v 0.664062 0.060303 0.126953
v 0.255859 0.213867 -0.022217
v 0.578125 -0.182617 -0.289062
v 0.570312 -0.179688 -0.355469
v 0.092773 -0.193359 -0.355469
v -0.215820 -0.189453 -0.287109
v 0.570312 -0.184570 -0.367188
v 0.092285 -0.199219 -0.371094
v 0.449219 0.445312 0.004639
v 0.453125 0.457031 0.000694
v 0.445312 0.445312 0.007629
v 0.447266 0.443359 0.003006
v 0.453125 0.447266 0.001289
v 0.976562 -0.171875 -0.084961
v 0.578125 -0.183594 -0.012939
v -0.498047 -0.113770 0.039307
v -0.498047 -0.107422 0.038574
v -0.408203 -0.120117 -0.016479
v -0.406250 -0.116211 -0.015747
v -0.406250 -0.119629 -0.013306
v -0.406250 -0.124023 -0.013794
v 0.980469 -0.186523 -0.265625
v -0.220703 -0.410156 0.363281
v 0.472656 0.308594 -0.008789
v 0.476562 0.312500 -0.015747
v 0.470703 0.308594 -0.001129
v 0.470703 0.308594 -0.016846
v -0.683594 -0.129883 0.026367
v -0.687500 -0.122070 0.030273
v -0.687500 -0.121582 0.026733
v -0.687500 -0.129883 0.025879
v -0.683594 -0.124023 0.029907
v -0.683594 -0.135742 0.020630
v 0.398438 0.455078 -0.010498
v 0.396484 0.457031 -0.007874
v 0.914062 -0.552734 0.192383
v 0.914062 -0.568359 0.189453
v 0.906250 -0.548828 0.203125
v 0.917969 -0.548828 0.031006
v 0.022583 -0.038086 -0.179688
v 0.027954 -0.036621 -0.190430
v 0.007935 -0.163086 -0.185547
v 0.003540 -0.164062 -0.173828
v 0.015198 -0.168945 0.080566
v 0.014709 -0.168945 -0.072754
v 0.482422 0.306641 0.139648
v 0.494141 0.273438 0.141602
v 0.490234 0.304688 0.139648
v 0.503906 0.273438 0.136719
v 0.609375 0.166992 -0.161133
v -0.353516 -0.021240 0.096191
v -0.679688 -0.599609 -0.108398
v -0.890625 -0.591797 -0.049072
v -0.656250 -0.603516 -0.046875
v -0.679688 -0.603516 -0.061768
v 0.304688 0.170898 0.082031
v 0.225586 0.059082 0.205078
v 0.231445 0.059326 0.211914
v -0.406250 -0.127930 0.013855
v -0.408203 -0.127930 0.018066
v -0.406250 -0.129883 0.009949
v 0.435547 0.453125 -0.033203
v -0.691406 -0.101074 -0.008240
v -0.699219 -0.101562 -0.017212
v -0.691406 -0.105469 -0.009827
v -0.910156 -0.568359 0.047852
v -0.902344 -0.572266 0.056641
v -0.949219 -0.419922 0.060303
v -0.902344 -0.591797 0.045410
v -0.957031 -0.421875 0.042969
v 0.253906 -0.020142 -0.277344
v 0.131836 -0.015259 -0.164062
v 0.263672 -0.015869 -0.042969
v -0.326172 -0.096191 -0.155273
v -0.310547 -0.094238 -0.154297
v 0.437500 0.537109 0.019043
v -0.609375 -0.082031 0.018189
v 0.412109 0.443359 0.017944
v 0.412109 0.451172 0.018066
v 0.996094 -0.380859 0.210938
v 0.992188 -0.292969 -0.086914
v 1.000000 -0.184570 -0.085449
v 0.988281 -0.386719 0.019898
v 0.996094 -0.294922 0.078125
v 0.226562 -0.008606 0.231445
v 0.218750 0.000328 0.221680
v 0.220703 -0.011475 0.222656
v -0.664062 -0.115723 0.025513
v -0.667969 -0.120117 0.022827
v -0.687500 -0.116699 0.026123
v -0.687500 -0.112305 0.027832
v 0.406250 0.583984 -0.009216
v 0.968750 -0.173828 0.289062
v 0.140625 0.057617 -0.115723
v 0.131836 -0.000275 0.051758
v 0.141602 0.058594 -0.062988
v 0.166992 -0.423828 -0.386719
v 0.139648 -0.552734 -0.359375
v 0.578125 0.218750 0.050781
v 0.582031 0.176758 0.062988
v 0.578125 0.174805 0.050049
v 0.734375 -0.070313 -0.246094
v 0.628906 -0.045654 -0.234375
v 0.734375 -0.062500 -0.239258
v 0.265625 0.221680 -0.001762
v 0.265625 0.221680 0.052734
v -0.238281 -0.158203 0.171875
v -0.162109 -0.158203 0.170898
v -0.166016 -0.149414 0.171875
v -0.163086 -0.156250 0.155273
v -0.310547 -0.157227 0.171875
v -0.237305 -0.156250 0.156250
v -0.238281 -0.148438 0.171875
v 0.425781 0.441406 -0.000916
v 0.441406 0.443359 -0.011536
v 0.441406 0.443359 -0.007477
v 0.445312 0.447266 -0.009399
v -0.699219 -0.107910 -0.025391
v -0.671875 -0.106934 -0.023926
v -0.699219 -0.140625 0.004730
v -0.703125 -0.137695 0.000359
v -0.699219 -0.145508 0.001015
v 0.277344 0.324219 0.052246
v 0.273438 0.320312 0.064941
v 0.302734 0.316406 0.095703
v 0.488281 -0.587891 -0.308594
v 0.488281 -0.580078 -0.347656
v -0.125000 -0.220703 0.163086
v -0.143555 -0.220703 0.162109
v 0.558594 0.294922 -0.057129
v 0.523438 0.166016 0.086914
v 0.566406 0.167969 0.062988
v 0.531250 0.166992 0.093750
v 0.562500 0.165039 0.053955
v 0.396484 0.244141 -0.140625
v 0.404297 0.217773 -0.142578
v 0.335938 0.248047 -0.138672
v 0.375000 0.211914 -0.139648
v 0.337891 0.219727 -0.139648
v 0.257812 0.174805 -0.074707
v 0.431641 0.603516 0.012085
v 0.447266 0.051758 -0.226562
v 0.382812 0.056152 -0.222656
v -0.777344 -0.291016 -0.174805
v 0.570312 -0.200195 0.337891
v 0.929688 -0.190430 0.251953
v 0.570312 -0.208984 0.337891
v 0.566406 -0.196289 0.328125
v -0.443359 -0.122559 -0.016968
v -0.462891 -0.120605 -0.018066
v -0.464844 -0.125000 -0.015137
v -0.511719 -0.191406 0.250000
v -0.511719 -0.202148 0.269531
v -0.734375 -0.198242 0.171875
v 0.400391 0.457031 -0.002136
v 0.398438 0.468750 0.001633
v 0.398438 0.447266 0.000652
v 0.398438 0.453125 0.004059
v 0.400391 0.453125 -0.004517
v 0.398438 0.445312 -0.003464
v 0.902344 -0.181641 0.098145
v -0.214844 -0.576172 -0.033447
v -0.210938 -0.576172 -0.246094
v -0.675781 -0.576172 -0.114746
v -0.664062 -0.580078 -0.088379
v -0.464844 -0.572266 -0.211914
v 0.408203 0.173828 0.123047
v -0.699219 -0.083984 0.020508
v -0.691406 -0.083008 0.018066
v -0.695312 -0.083008 0.012634
v -0.679688 -0.164062 -0.099609
v -0.408203 -0.112305 0.026001
v -0.212891 -0.591797 0.246094
v 0.121582 -0.587891 0.265625
v 0.531250 0.175781 -0.100586
v 0.267578 0.273438 -0.055664
v 0.269531 0.300781 -0.059815
v 0.277344 0.302734 -0.065430
v 0.300781 0.273438 -0.097168
v -0.170898 -0.150391 -0.166992
v -0.169922 -0.151367 -0.161133
v -0.237305 -0.150391 -0.159180
v 0.437500 0.445312 0.016235
v 0.285156 -0.018799 -0.175781
v 0.231445 -0.015259 -0.221680
v 0.498047 -0.016357 -0.149414
v 0.279297 -0.019287 -0.076660
v -0.929688 -0.416016 -0.075195
v 0.699219 -0.005066 -0.130859
v 0.691406 -0.005463 -0.138672
v 0.695312 0.003548 -0.131836
v 0.632812 0.002563 -0.178711
v -0.049805 -0.106445 0.105957
v -0.048340 -0.083496 0.105957
v -0.734375 -0.205078 0.164062
v -0.500000 -0.201172 0.251953
v -0.554688 -0.188477 0.223633
v 0.400391 0.441406 0.000648
v 0.304688 0.298828 -0.096680
v 0.333984 0.300781 -0.129883
v 0.225586 0.106445 -0.208008
v 0.192383 0.069336 -0.170898
v 0.466797 0.330078 0.028320
v 0.466797 0.380859 0.027466
v 0.135742 -0.560547 -0.375000
v -0.449219 -0.116211 0.030151
v -0.498047 -0.117188 0.032227
v 0.414062 0.603516 0.011841
v 0.414062 0.599609 0.013916
v 0.988281 -0.174805 0.091309
v 0.486328 0.244141 -0.136719
v 0.500000 0.224609 -0.128906
v -0.609375 -0.082520 -0.004639
v -0.554688 -0.083496 -0.010254
v -0.687500 -0.127930 0.017700
v -0.664062 -0.124023 0.020020
v -0.683594 -0.133789 0.020874
v -0.687500 -0.125000 0.022583
v -0.687500 -0.135742 0.017944
v 0.384766 0.451172 -0.021973
v 0.388672 0.455078 -0.019653
v 0.382812 0.429688 -0.022095
v 0.380859 0.451172 -0.016357
v 0.384766 0.453125 -0.013672
v 0.804688 -0.564453 0.345703
v -0.052002 -0.071289 -0.055420
v -0.042236 -0.084473 0.063965
v 0.500000 0.168945 -0.140625
v 0.503906 0.176758 -0.143555
v 0.507812 0.174805 -0.136719
v 0.490234 0.175781 -0.143555
v 0.500000 0.165039 -0.133789
v -0.328125 -0.018555 0.090820
v -0.683594 -0.591797 -0.111816
v 0.968750 -0.171875 -0.273438
v 0.984375 -0.168945 -0.261719
v -0.318359 -0.152344 0.160156
v 0.026977 -0.189453 0.185547
v 0.136719 -0.184570 -0.037598
v -0.695312 -0.100586 -0.023437
v -0.691406 -0.103027 -0.026001
v 0.318359 0.218750 -0.131836
v 0.320312 0.173828 -0.139648
v -0.396484 -0.085938 -0.021728
v 0.088379 -0.182617 -0.291016
v 0.079590 -0.196289 -0.384766
v 0.578125 -0.166016 -0.363281
v 0.578125 -0.170898 -0.373047
v 0.566406 0.002983 -0.240234
v -0.511719 -0.093750 0.033447
v -0.554688 -0.089355 0.028198
v -0.554688 -0.095215 0.033691
v -0.550781 -0.103516 0.037354
v -0.496094 -0.099121 0.037109
v -0.492188 -0.094238 0.034180
v -0.445312 -0.128906 -0.022461
v -0.412109 -0.128906 -0.022827
v 0.835938 -0.396484 -0.378906
v -0.215820 -0.201172 0.281250
v 0.470703 0.330078 -0.010376
v 0.470703 0.332031 -0.002380
v 0.468750 0.378906 -0.014038
v 0.472656 0.378906 -0.000767
v 0.047119 -0.018921 -0.172852
v -0.044678 -0.215820 0.062256
v -0.043945 -0.214844 -0.051269
v 0.503906 0.245117 0.134766
v 0.566406 0.152344 -0.208008
v 0.574219 0.151367 -0.203125
v -0.414062 -0.084961 0.026367
v -0.396484 -0.083984 0.028809
v -0.357422 -0.230469 -0.160156
v -0.392578 -0.216797 -0.137695
v 0.667969 0.100586 -0.123047
v 0.679688 0.060059 -0.125000
v 0.423828 0.429688 -0.041748
v 0.414062 0.455078 -0.039307
v 0.423828 0.453125 -0.040772
v 0.365234 0.378906 -0.002518
v 0.365234 0.429688 -0.008179
v 0.363281 0.330078 -0.002258
v 0.367188 0.429688 0.000429
v 0.777344 -0.595703 -0.320312
v -0.158203 -0.095215 0.154297
v -0.135742 -0.096191 0.156250
v -0.234375 -0.094727 0.156250
v 0.570312 0.298828 -0.059326
v 0.566406 0.261719 -0.065430
v 0.482422 0.057129 0.231445
v -0.419922 -0.086426 -0.005035
v 0.427734 0.595703 0.015320
v 0.441406 0.537109 0.011597
v 0.507812 -0.039063 -0.287109
v 0.507812 -0.021362 -0.281250
v 0.253906 -0.031738 -0.287109
v 0.257812 -0.123047 -0.308594
v -0.617188 -0.087402 0.006134
v -0.609375 -0.086914 0.003601
v -0.613281 -0.087402 0.011719
v 0.337891 0.308594 0.132812
v 0.341797 0.312500 0.125000
v 0.337891 0.300781 0.133789
v 0.648438 0.166992 -0.127930
v 0.656250 0.152344 -0.129883
v 0.263672 0.304688 0.061279
v 0.269531 0.318359 0.059082
v 0.265625 0.308594 0.053467
v 0.259766 0.273438 0.060059
v 0.269531 0.304688 0.069336
v 0.033935 -0.035400 0.182617
v 0.464844 0.453125 -0.013306
v -0.609375 -0.136719 0.016113
v 0.410156 0.474609 -0.020020
v 0.414062 0.457031 -0.022583
v -0.349609 -0.229492 -0.164062
v 0.546875 0.174805 0.059326
v 0.030518 -0.187500 0.092285
v -0.328125 -0.073730 0.153320
v 0.443359 0.429688 -0.035400
v 0.414062 0.458984 -0.017944
v 0.416016 0.521484 -0.018066
v 0.419922 0.458984 -0.019287
v 0.414062 0.451172 -0.018799
v 0.419922 0.453125 -0.019898
v 0.968750 -0.294922 -0.085937
v 0.490234 0.221680 0.132812
v 0.484375 0.175781 0.135742
v -0.687500 -0.129883 -0.013306
v 0.382812 0.429688 0.020874
v 0.380859 0.380859 0.022339
v 0.781250 -0.560547 -0.353516
v 0.570312 0.257812 -0.059570
v 0.566406 0.298828 -0.052002
v 0.566406 0.300781 0.047607
v 0.574219 0.259766 -0.021851
v 0.566406 0.306641 -0.051270
v -0.423828 -0.214844 0.101074
v -0.423828 -0.189453 0.100586
v -0.423828 -0.191406 0.067871
v -0.425781 -0.213867 0.058838
v -0.417969 -0.217773 0.112305
v 0.480469 0.294922 -0.123047
v 0.878906 -0.166016 0.228516
v -0.308594 -0.105469 -0.163086
v 0.447266 0.599609 0.007080
v -0.664062 -0.121094 0.020508
v -0.660156 -0.124023 0.020630
v 0.878906 -0.180664 0.227539
v 0.494141 -0.576172 -0.316406
v 0.115234 -0.576172 -0.273438
v 0.531250 0.165039 -0.098145
v -0.414062 -0.140625 0.011475
v 0.486328 0.275391 0.138672
v 0.894531 -0.061035 -0.188477
v 0.906250 -0.165039 -0.083008
v 0.886719 -0.055176 -0.082031
v 0.886719 -0.052002 -0.203125
v 0.304688 0.220703 0.092285
v 0.275391 0.223633 0.062988
v 0.273438 0.237305 0.059082
v 0.443359 0.443359 -0.010864
v 0.447266 0.443359 -0.011658
v 0.445312 0.441406 -0.006317
v 0.443359 0.445312 -0.011597
v 0.445312 0.443359 -0.013977
v -0.609375 -0.109375 -0.026001
v -0.558594 -0.111328 -0.026123
v -0.613281 -0.118652 -0.027222
v 0.189453 0.041504 -0.173828
v -0.084473 -0.142578 -0.134766
v -0.081055 -0.105957 -0.136719
v 0.589844 -0.047607 -0.285156
v 0.585938 -0.160156 -0.312500
v -0.406250 -0.100098 0.022339
v -0.410156 -0.094727 0.023438
v -0.406250 -0.097656 0.020508
v -0.519531 -0.192383 -0.244141
v -0.218750 -0.204102 -0.320312
v 0.398438 0.443359 0.004456
v 0.400391 0.443359 0.000056
v 0.400391 0.441406 0.003220
v 0.139648 -0.010803 0.133789
v 0.140625 0.000923 0.132812
v 0.133789 -0.000305 0.125977
v 0.488281 0.298828 -0.118652
v 0.306641 0.086914 0.217773
v 0.289062 0.086426 0.218750
v 0.289062 0.085449 0.229492
v -0.988281 -0.211914 0.061279
v 0.898438 -0.568359 0.191406
v -0.396484 -0.113281 -0.030884
v 0.457031 0.166992 0.032471
v -0.167969 -0.127930 0.163086
v -0.166016 -0.149414 0.162109
v -0.163086 -0.130859 0.162109
v 0.445312 0.470703 -0.015198
v 0.445312 0.457031 -0.014710
v 0.441406 0.445312 -0.015381
v 0.437500 0.445312 -0.017700
v -0.687500 -0.097168 -0.001633
v -0.664062 -0.101562 -0.002014
v 0.337891 0.302734 -0.134766
v 0.347656 0.300781 -0.135742
v 0.335938 0.273438 -0.135742
v 0.341797 0.308594 -0.134766
v 0.617188 0.106445 0.164062
v 0.468750 0.429688 0.020752
v 0.476562 0.380859 0.015869
v -0.500000 -0.122559 -0.019653
v 0.968750 -0.183594 -0.248047
v 0.976562 -0.184570 -0.248047
v -0.279297 -0.218750 0.162109
v -0.166992 -0.219727 0.163086
v 0.458984 0.308594 -0.027466
v 0.453125 0.308594 -0.031982
v 0.324219 0.219727 0.139648
v 0.589844 -0.009155 -0.227539
v 0.585938 -0.006470 -0.237305
v 0.593750 0.003075 -0.228516
v 0.632812 -0.009155 -0.183594
v 0.613281 -0.014893 -0.177734
v 0.100586 -0.162109 0.312500
v 0.009521 -0.165039 0.198242
v -0.500000 -0.109375 -0.026123
v -0.451172 -0.096680 -0.025024
v 0.410156 0.443359 -0.020508
v 0.412109 0.443359 -0.016846
v 0.190430 -0.019165 -0.088379
v 0.144531 -0.015015 -0.131836
v -0.194336 -0.414062 -0.365234
v 0.333984 0.172852 -0.139648
v 0.330078 0.163086 -0.138672
v -0.613281 -0.124023 -0.018677
v -0.613281 -0.117188 -0.019409
v 0.396484 0.564453 0.007873
v 0.394531 0.568359 0.004150
v 0.699219 -0.005310 -0.122559
v 0.687500 -0.010803 -0.125977
v 0.562500 -0.008728 -0.088379
v 0.021729 -0.037109 0.185547
v 0.030151 -0.022217 0.185547
v -0.414062 -0.092773 -0.023682
v -0.613281 -0.131836 0.031982
v 0.406250 0.332031 -0.037109
v 0.398438 0.332031 -0.033691
v 0.404297 0.310547 -0.036865
v 0.644531 0.173828 0.039307
v 0.247070 0.166992 -0.203125
v -0.404297 -0.130859 -0.001015
v 0.425781 0.453125 0.038818
v 0.427734 0.431641 0.040527
v -0.984375 -0.304688 0.057373
v -0.929688 -0.421875 0.074707
v 0.433594 0.599609 0.017090
v 0.478516 0.032227 -0.239258
v 0.933594 -0.564453 -0.073730
v 0.480469 0.273438 -0.136719
v 0.478516 0.300781 -0.135742
v 0.388672 0.085449 0.218750
v -0.664062 -0.122559 0.021240
v 0.527344 -0.302734 0.388672
v 0.816406 -0.343750 0.363281
v 0.519531 -0.337891 0.402344
v 0.047363 -0.011963 0.078125
v 0.160156 -0.412109 -0.410156
v 0.648438 0.173828 -0.116699
v 0.558594 0.128906 -0.212891
v 0.507812 0.070312 -0.217773
v -0.425781 -0.191406 -0.063965
v -0.425781 -0.143555 0.071289
v -0.427734 -0.142578 -0.070312
v 0.314453 0.310547 0.086914
v 0.306641 0.310547 0.091797
v 0.726562 -0.048340 -0.218750
v 0.871094 -0.044678 -0.193359
v 0.875000 -0.051758 -0.213867
v 0.742188 -0.019531 -0.162109
v -0.507812 -0.187500 0.221680
v -0.205078 -0.198242 0.314453
v -0.213867 -0.187500 0.240234
v 0.447266 0.447266 -0.006073
v 0.445312 0.455078 -0.007202
v 0.292969 -0.008301 0.222656
v 0.292969 -0.011475 0.213867
v -0.695312 -0.128906 -0.002487
v -0.660156 -0.126953 -0.003006
v -0.664062 -0.124023 -0.007507
v -0.699219 -0.133789 -0.008606
v -0.695312 -0.132812 0.001999
v -0.703125 -0.137695 -0.007477
v 0.378906 0.453125 0.021362
v 0.376953 0.431641 0.020996
v 0.392578 0.453125 0.034180
v 0.500000 0.310547 -0.045410
v 0.558594 0.308594 -0.054443
v 0.519531 0.308594 -0.088379
v 0.976562 -0.172852 0.074219
v 0.976562 -0.173828 0.083496
v 0.279297 0.181641 -0.067383
v -0.152344 -0.153320 -0.168945
v -0.149414 -0.129883 -0.169922
v -0.149414 -0.151367 -0.162109
v -0.769531 -0.384766 -0.154297
v -0.777344 -0.316406 -0.166992
v -0.679688 -0.560547 -0.123047
v 0.375000 0.308594 0.012146
v 0.375000 0.312500 0.020264
v 0.464844 0.380859 -0.029663
v 0.470703 0.429688 -0.023438
v 0.498047 -0.414062 0.390625
v 0.777344 -0.564453 0.341797
v 0.812500 -0.406250 0.376953
v 0.103516 -0.343750 0.414062
v 0.531250 -0.300781 0.402344
v 0.832031 -0.343750 0.376953
v -0.406250 -0.122559 -0.010376
v 0.402344 0.599609 -0.006348
v 0.400391 0.541016 -0.009522
v 0.400391 0.583984 -0.003143
v 0.408203 0.603516 -0.005585
v 0.225586 0.058594 -0.213867
v 0.519531 0.259766 0.093750
v 0.291016 0.054687 -0.235352
v 0.291016 0.055420 -0.222656
v -0.699219 -0.090332 0.001984
v -0.699219 -0.088867 0.006012
v 0.531250 0.222656 -0.098145
v 0.476562 0.032105 0.237305
v 0.458984 0.054443 0.228516
v -0.500000 -0.084473 0.001068
v -0.769531 -0.281250 0.174805
v -0.781250 -0.308594 0.182617
v -0.808594 -0.400391 0.155273
v 0.406250 0.306641 -0.033447
v 0.417969 0.306641 -0.034912
v 0.464844 0.306641 0.012756
v 0.431641 0.308594 0.034912
v 0.421875 0.306641 0.035644
v 0.460938 0.308594 0.018921
v 0.392578 0.306641 -0.026001
v 0.414062 0.306641 0.034424
v 0.322266 0.250000 -0.128906
v 0.302734 0.222656 -0.104004
v 0.292969 0.176758 -0.098145
v 0.457031 0.451172 0.026489
v 0.449219 0.451172 0.030151
v 0.458984 0.427734 0.025757
v -0.679688 -0.603516 0.067871
v 0.322266 0.173828 0.139648
v 0.333984 0.218750 0.138672
v 0.466797 0.453125 -0.004974
v 0.953125 -0.357422 0.220703
v 0.332031 0.166992 -0.131836
v 0.330078 0.165039 -0.127930
v 0.398438 0.166016 -0.135742
v 0.265625 0.310547 -0.053467
v 0.267578 0.304688 0.048096
v -0.219727 -0.181641 -0.240234
v 0.412109 0.466797 0.017090
v 0.414062 0.525391 0.017700
v 0.421875 0.572266 0.017700
v 0.416016 0.572266 0.017090
v 0.871094 -0.294922 -0.353516
v 0.558594 0.179688 0.000100
v 0.558594 0.218750 -0.000280
v 0.558594 0.172852 -0.057373
v 0.554688 0.174805 -0.000958
v 0.382812 0.079590 0.220703
v 0.310547 0.079590 0.221680
v 0.378906 0.451172 -0.010132
v 0.378906 0.431641 -0.016602
v 0.910156 -0.572266 0.023682
v 0.914062 -0.548828 -0.081055
v 0.113281 -0.034668 -0.294922
v 0.101562 -0.160156 -0.314453
v 0.106934 -0.033447 -0.289062
v 0.535156 0.273438 0.097656
v -0.683594 -0.572266 -0.122559
v -0.882812 -0.580078 -0.040039
v 0.408203 0.306641 0.034180
v 0.402344 0.310547 0.037353
v 0.417969 0.308594 0.038086
v -0.406250 -0.124023 0.016846
v 0.419922 0.599609 -0.016113
v 0.419922 0.603516 -0.013001
v 0.423828 0.599609 -0.015869
v 0.247070 -0.184570 0.275391
v -0.703125 -0.090332 -0.003937
v -0.695312 -0.099121 -0.006226
v -0.988281 -0.208008 0.033936
v -0.980469 -0.211914 0.055908
v -0.980469 -0.206055 -0.040527
v 0.292969 0.064941 -0.214844
v 0.294922 0.131836 -0.207031
v 0.796875 -0.564453 0.339844
v -0.406250 -0.112305 -0.014221
v 0.550781 0.294922 0.056396
v 0.558594 0.259766 0.053711
v -0.308594 -0.104492 0.163086
v -0.730469 -0.197266 0.161133
v 0.158203 0.155273 -0.113770
v 0.168945 0.160156 -0.107910
v 0.031250 -0.041504 -0.165039
v -0.408203 -0.117188 0.024292
v -0.361328 -0.192383 -0.160156
v -0.394531 -0.143555 -0.136719
v 0.964844 -0.367188 -0.208984
v 0.181641 0.002063 0.176758
v 0.182617 -0.009888 0.177734
v -0.458984 -0.591797 0.155273
v 0.480469 0.170898 -0.119629
v 0.492188 0.172852 -0.123047
v 0.402344 0.170898 -0.115234
v -0.691406 -0.093750 0.006256
v -0.687500 -0.089355 0.011719
v -0.910156 -0.576172 -0.046143
v 0.302734 0.261719 0.089844
v 0.275391 0.180664 0.067383
v 0.044434 -0.012817 0.183594
v 0.423828 0.445312 -0.019775
v 0.492188 0.310547 0.128906
v -0.664062 -0.119141 -0.009583
v -0.664062 -0.118164 -0.009583
v 0.882812 -0.166992 -0.222656
v 0.143555 -0.421875 0.414062
v 0.492188 -0.552734 0.378906
v -0.224609 -0.406250 0.369141
v 0.134766 -0.556641 0.394531
v -0.216797 -0.324219 0.380859
v 0.570312 0.267578 0.045898
v 0.427734 0.443359 -0.016602
v 0.408203 0.443359 -0.012146
v 0.441406 0.443359 0.007233
v 0.416016 0.441406 0.017700
v 0.423828 0.445312 0.017212
v 0.412109 0.445312 0.015076
v 0.117188 -0.191406 -0.304688
v 0.253906 -0.191406 -0.296875
v 0.333984 0.316406 0.132812
v 0.574219 -0.012756 -0.273438
v 0.447266 0.443359 -0.003387
v 0.566406 -0.200195 0.257812
v 0.566406 -0.202148 -0.001419
v -0.554688 -0.117188 -0.026245
v 0.988281 -0.184570 0.273438
v 0.992188 -0.165039 0.269531
v 0.976562 -0.292969 0.250000
v 0.988281 -0.296875 0.241211
v 1.000000 -0.166992 0.263672
v 1.000000 -0.181641 0.261719
v 0.294922 0.169922 -0.095703
v 0.267578 0.167969 -0.065430
v -0.593750 -0.123047 -0.018677
v 0.404297 0.443359 0.013000
v 0.406250 0.443359 0.017578
v 0.006378 -0.182617 0.085938
v 0.022095 -0.190430 -0.067383
v 0.570312 0.302734 -0.067383
v 0.574219 0.302734 -0.061279
v 0.527344 0.316406 -0.096191
v -0.396484 -0.077148 -0.007019
v -0.466797 -0.591797 0.211914
v 0.326172 0.176758 -0.122559
v 0.326172 0.175781 -0.119141
v 0.333984 0.171875 -0.122559
v 0.910156 -0.166992 0.095703
v -0.240234 -0.127930 -0.160156
v 0.237305 0.002590 -0.234375
v -0.687500 -0.097168 0.018066
v -0.664062 -0.103516 0.021118
v -0.687500 -0.100098 0.022339
v -0.664062 -0.101074 0.018677
v -0.691406 -0.095215 0.015015
v -0.691406 -0.166016 0.088379
v -0.726562 -0.190430 0.142578
v 0.480469 0.057373 -0.232422
v 0.472656 0.310547 0.006226
v 0.742188 -0.016968 -0.059082
v 0.275391 0.308594 0.061035
v 0.466797 -0.177734 0.318359
v 0.234375 -0.189453 0.304688
v -0.890625 -0.580078 0.036865
v -0.882812 -0.583984 0.032227
v 0.326172 0.218750 -0.138672
v 0.326172 0.249023 -0.138672
v 0.142578 0.105957 -0.110352
v 0.146484 0.151367 -0.100586
v 0.146484 0.149414 -0.114746
v 0.146484 0.122559 -0.064453
v 0.011231 -0.163086 -0.192383
v 0.101074 -0.182617 -0.314453
v 0.012146 -0.181641 -0.190430
v 0.007599 -0.178711 -0.183594
v 0.449219 0.576172 0.003799
v 0.412109 0.324219 0.126953
v -0.054932 -0.070312 0.100586
v -0.044190 -0.083008 0.099609
v 0.445312 0.332031 -0.036133
v -0.984375 -0.308594 0.039307
v -1.000000 -0.229492 0.036621
v -0.984375 -0.304688 -0.043457
v -0.957031 -0.419922 -0.046631
v 0.255859 -0.012085 -0.277344
v 0.253906 -0.032959 -0.294922
v -0.550781 -0.117188 0.032227
v -0.460938 -0.568359 0.228516
v -0.496094 -0.281250 0.291016
v 0.396484 0.443359 0.003998
v -0.082031 -0.081055 -0.138672
v -0.115723 -0.075195 -0.153320
v -0.113281 -0.106445 -0.159180
v -0.114746 -0.085938 -0.161133
v 0.562500 0.160156 -0.203125
v 0.570312 0.160156 -0.204102
v 0.421875 0.458984 -0.023926
v 0.417969 0.457031 -0.022949
v 0.423828 0.472656 -0.023071
v 0.425781 0.443359 -0.022339
v 0.421875 0.445312 -0.022095
v 0.380859 0.453125 -0.001450
v 0.882812 -0.189453 -0.087402
v 0.882812 -0.190430 0.094238
v -0.235352 -0.095215 0.169922
v -0.053955 -0.230469 0.099121
v -0.054932 -0.227539 0.110840
v 0.423828 0.332031 -0.042969
v 0.435547 0.310547 -0.043457
v 0.683594 0.060059 0.047852
v 0.308594 0.285156 0.087402
v 0.165039 0.158203 0.039795
v 0.159180 0.154297 -0.106445
v -0.447266 -0.134766 0.025513
v -0.041504 -0.107422 -0.071777
v 0.492188 0.160156 -0.192383
v 0.292969 0.161133 -0.177734
v 0.241211 0.162109 -0.193359
v 0.226562 0.164062 -0.104492
v 0.492188 0.158203 -0.201172
v 0.296875 0.156250 -0.199219
v 0.103516 -0.302734 0.404297
v 0.484375 0.261719 -0.124512
v 0.582031 -0.179688 0.281250
v -0.164062 -0.128906 -0.163086
v 0.308594 0.034424 -0.228516
v -0.609375 -0.094727 0.034668
v -0.609375 -0.090332 0.029663
v -0.691406 -0.086914 0.027222
v -0.554688 -0.135742 -0.014099
v -0.609375 -0.138672 -0.012939
v -0.593750 -0.132812 -0.018921
v -0.617188 -0.133789 -0.018310
v 0.388672 0.310547 0.032959
v 0.652344 0.151367 -0.005554
v 0.455078 0.453125 -0.034668
v 0.462891 0.453125 -0.029541
v 0.464844 0.431641 -0.029785
v -0.406250 -0.107422 -0.019531
v -0.406250 -0.108398 -0.014587
v -0.406250 -0.104004 -0.015869
v -0.421875 -0.143555 0.110352
v -0.417969 -0.191406 0.108887
v -0.394531 -0.142578 0.132812
v 0.400391 0.468750 -0.006744
v 0.398438 0.525391 -0.002701
v 0.225586 0.002991 -0.219727
v 0.225586 -0.006409 -0.219727
v 0.196289 0.058594 -0.167969
v 0.186523 0.000885 -0.173828
v 0.462891 0.451172 0.019897
v 0.458984 0.453125 0.018188
v -0.318359 -0.151367 -0.170898
v 0.490234 0.300781 -0.114746
v 0.519531 0.296875 -0.087891
v 0.404297 0.564453 -0.015991
v 0.566406 0.296875 0.054932
v 0.570312 0.161133 -0.061279
v -0.609375 -0.143555 0.001007
v 0.355469 0.277344 0.134766
v 0.423828 0.300781 0.133789
v 0.664062 0.103027 -0.132812
v 0.621094 0.062500 -0.172852
v 0.267578 0.224609 0.065918
v 0.265625 0.223633 0.061035
v 0.104492 -0.591797 -0.059570
v -0.687500 -0.118164 0.031738
v 0.283203 0.292969 -0.060303
v 0.283203 0.294922 -0.058106
v 0.279297 0.292969 -0.056641
v 0.277344 0.273438 -0.057129
v 0.683594 -0.011047 0.049560
v 0.699219 -0.007019 -0.055664
v 0.425781 0.310547 0.042480
v 0.427734 0.306641 0.037109
v 0.435547 0.332031 0.040283
v 0.558594 -0.009705 -0.166992
v 0.236328 0.152344 0.206055
v -0.660156 -0.108887 -0.008362
v -0.886719 -0.564453 0.043945
v -0.933594 -0.417969 0.046875
v -0.894531 -0.564453 0.038818
v -0.882812 -0.580078 0.041260
v 0.328125 0.250000 -0.133789
v 0.742188 -0.170898 0.277344
v 0.648438 -0.164062 0.281250
v 0.447266 0.568359 0.007812
v 0.451172 0.470703 0.007385
v 0.449219 0.533203 0.003769
v 0.408203 0.443359 0.013367
v 0.417969 0.443359 0.019287
v -0.310547 -0.157227 0.156250
v -0.324219 -0.156250 0.170898
v -0.326172 -0.156250 0.155273
v 0.333984 0.275391 0.133789
v 0.147461 0.148438 0.045166
v 0.163086 0.168945 0.047607
v -0.044922 -0.190430 0.312500
v -0.221680 -0.182617 0.239258
v -0.406250 -0.130859 0.004974
v 1.000000 -0.294922 0.224609
v 1.000000 -0.184570 0.248047
v -0.221680 -0.595703 -0.304688
v -0.472656 -0.599609 -0.202148
v -0.210938 -0.599609 -0.246094
v 0.562500 0.178711 0.052490
v 0.455078 0.078125 -0.220703
v -0.730469 -0.208984 -0.191406
v -0.769531 -0.283203 -0.188477
v 0.398438 0.441406 0.002457
v 0.781250 -0.576172 -0.324219
v -0.691406 -0.094238 0.011536
v -0.667969 -0.097168 0.012878
v -0.664062 -0.099121 0.015381
v -0.968750 -0.304688 -0.069824
v -0.949219 -0.419922 -0.064453
v 0.439453 0.568359 -0.011475
v 0.441406 0.595703 -0.009522
v 0.566406 -0.040039 0.291016
v 0.566406 -0.160156 0.324219
v 0.582031 -0.160156 0.324219
v 0.582031 -0.038574 0.292969
v -0.546875 -0.085938 0.002213
v -0.496094 -0.084961 0.004150
v 0.953125 -0.560547 0.183594
v 0.941406 -0.587891 0.183594
v 0.515625 0.300781 0.079102
v 0.135742 -0.583984 0.371094
v 0.414062 0.326172 -0.128906
v 0.652344 0.168945 0.120117
v 0.609375 0.152344 0.158203
v 0.562500 -0.208008 -0.337891
v 0.566406 -0.202148 -0.333984
v 0.092773 -0.206055 -0.343750
v 0.090820 -0.214844 -0.347656
v 0.094238 -0.203125 -0.333984
v 0.531250 0.298828 -0.000748
v 0.562500 0.165039 -0.194336
v -0.431641 -0.084473 -0.058350
v -0.423828 -0.073731 -0.064941
v -0.316406 -0.237305 -0.151367
v 0.271484 0.166016 0.057129
v 0.261719 0.167969 0.060791
v 0.261719 0.168945 0.054443
v 0.263672 0.167969 0.000515
v -0.224609 -0.186523 0.285156
v -0.498047 -0.185547 0.222656
v 0.449219 0.466797 0.000460
v 0.445312 0.455078 -0.002106
v 0.464844 0.033691 0.228516
v 0.466797 0.057861 0.224609
v 0.378906 0.057373 0.228516
v -0.613281 -0.101074 -0.017456
v 0.289062 0.298828 -0.050781
v -0.046143 -0.213867 -0.103027
v 0.447266 0.382812 0.037598
v 0.585938 -0.178711 -0.312500
v 0.636719 -0.184570 -0.261719
v 0.558594 -0.185547 -0.296875
v 0.147461 0.059082 0.126953
v -1.000000 -0.228516 -0.056396
v -0.326172 -0.095703 0.155273
v -0.326172 -0.129883 0.172852
v -0.324219 -0.098633 0.171875
v -0.308594 -0.094727 0.153320
v -0.326172 -0.128906 0.156250
v 0.398438 0.306641 -0.031250
v 0.396484 0.310547 -0.033447
v 0.312500 0.035156 -0.238281
v -0.695312 -0.144531 -0.007538
v -0.691406 -0.141602 -0.011719
v -0.699219 -0.143555 -0.005371
v 0.617188 -0.036865 -0.222656
v 0.259766 0.218750 0.051025
v 0.261719 0.244141 0.058838
v 0.257812 0.222656 0.063965
v 0.257812 0.216797 0.017578
v 0.242188 -0.178711 0.314453
v 0.480469 0.431641 -0.000207
v 0.478516 0.429688 -0.007507
v 0.094238 -0.189453 0.281250
v -0.419922 -0.123047 -0.024048
v -0.421875 -0.117188 -0.026489
v -0.410156 -0.121094 -0.026855
v -0.396484 -0.119141 -0.027954
v -0.558594 -0.125000 0.030029
v -0.500000 -0.129883 0.024536
v 0.496094 0.003464 -0.232422
v -0.314453 -0.016724 -0.006927
v 0.441406 0.595703 0.008850
v -0.410156 -0.135742 0.001007
v 0.550781 0.298828 -0.057861
v -0.699219 -0.127930 0.033691
v 0.380859 0.451172 -0.007996
v -0.484375 -0.200195 -0.221680
v -0.208984 -0.199219 -0.233398
v -0.394531 -0.124023 0.035156
v 0.244141 -0.159180 0.318359
v 0.498047 -0.155273 0.318359
v -0.789062 -0.314453 0.205078
v 0.457031 0.455078 0.025269
v 0.476562 -0.178711 -0.316406
v -0.451172 -0.091309 0.031982
v 0.400391 0.576172 0.000196
v 0.496094 0.173828 -0.119141
v 0.460938 0.035400 0.236328
v -0.609375 -0.137695 0.010986
v 0.024414 -0.191406 -0.181641
v 0.578125 0.244141 -0.051025
v 0.574219 0.273438 -0.002060
v 0.400391 0.219727 0.139648
v 0.435547 0.599609 -0.011169
v 0.439453 0.599609 -0.009094
v 0.437500 0.599609 -0.013001
v 0.431641 0.599609 -0.012573
v -0.664062 -0.115723 -0.010315
v 0.402344 0.556641 0.016113
v 0.101562 -0.333984 0.404297
v -0.435547 -0.086426 -0.072754
v 0.435547 0.308594 -0.037842
v 0.279297 0.291016 -0.006195
v 0.281250 0.298828 0.048828
v 0.279297 0.291016 -0.052246
v 0.283203 0.298828 -0.048584
v 0.445312 0.447266 0.009582
v 0.466797 0.453125 -0.022949
v -0.613281 -0.122070 0.031006
v 0.949219 -0.564453 -0.025879
v 0.933594 -0.587891 -0.011352
v 0.515625 -0.006165 -0.261719
v -0.167969 -0.128906 0.158203
v -0.498047 -0.132812 0.020386
v -0.613281 -0.127930 -0.023315
v 0.040283 -0.024292 0.178711
v 0.044434 -0.020264 0.067383
v 0.047852 -0.019165 0.184570
v 0.570312 0.223633 -0.065430
v 0.578125 -0.019897 0.285156
v 0.593750 -0.044189 0.287109
v -0.492188 -0.308594 0.302734
v -0.486328 -0.380859 0.287109
v -0.804688 -0.406250 0.173828
v 0.388672 0.310547 -0.026856
v 0.388672 0.330078 -0.028565
v 0.675781 0.060059 0.120605
v 0.687500 0.003250 0.129883
v 0.691406 0.004318 0.124512
v 0.675781 0.059326 0.108887
v 0.664062 0.100098 0.116211
v 0.781250 -0.587891 -0.341797
v 0.486328 -0.583984 -0.363281
v 0.902344 -0.568359 0.198242
v 0.527344 0.304688 0.095703
v 0.429688 0.310547 0.038086
v 0.441406 0.310547 0.035400
v 0.263672 0.277344 0.049805
v -0.500000 -0.125977 -0.017212
v -0.496094 -0.129883 -0.014343
v -0.466797 -0.595703 0.208008
v 0.554688 0.165039 -0.002243
v 0.318359 0.055664 0.223633
v 0.298828 0.033203 0.225586
v -0.687500 -0.121582 0.023193
v 0.320312 0.166016 -0.129883
v 0.597656 -0.161133 0.314453
v 0.558594 0.219727 0.050293
v 0.476562 0.079102 -0.221680
v 0.462891 0.079590 -0.229492
v 0.441406 0.453125 -0.011902
v 0.441406 0.447266 -0.010681
v -0.609375 -0.104980 -0.020142
v -0.683594 -0.572266 0.123047
v 0.312500 0.221680 -0.104492
v 0.304688 0.180664 -0.094238
v 0.699219 0.002716 0.050293
v 0.237305 0.154297 -0.207031
v 0.410156 0.443359 0.015259
v 0.378906 0.273438 -0.134766
v 0.347656 0.310547 -0.133789
v 0.141602 0.104004 0.114746
v 0.458984 0.429688 -0.027832
v -0.503906 -0.117676 -0.020508
v -0.312500 -0.094727 0.170898
v 0.894531 -0.176758 0.213867
v 0.490234 0.296875 0.117188
v -0.664062 -0.130859 0.006805
v 0.402344 0.382812 0.037598
v 0.769531 -0.568359 -0.328125
v 0.094238 -0.202148 0.337891
v 0.096191 -0.201172 -0.277344
v 0.535156 0.298828 0.042969
v 0.511719 0.300781 0.073730
v -0.476562 -0.603516 -0.126953
v -0.219727 -0.607422 -0.006653
v -0.470703 -0.599609 0.156250
v -0.240234 -0.152344 0.165039
v 0.449219 0.468750 -0.006653
v 0.006012 -0.181641 -0.173828
v 0.515625 -0.304688 -0.384766
v 0.302734 0.111328 0.214844
v 0.492188 0.114258 0.213867
v 0.296875 0.300781 0.036377
v -0.328125 -0.191406 0.161133
v 0.470703 0.085449 -0.230469
v -0.664062 -0.128906 -0.001953
v 0.423828 0.443359 0.019653
v 0.253906 -0.194336 -0.059814
v -0.718750 -0.211914 -0.159180
v 0.574219 0.161133 -0.197266
v 0.498047 -0.016724 0.047119
v 0.267578 -0.019165 0.051514
v 0.414062 0.474609 -0.022949
v 0.984375 -0.298828 0.241211
v 0.131836 -0.599609 -0.277344
v -0.217773 -0.196289 -0.306641
v 0.396484 0.441406 0.007019
v 0.570312 0.300781 -0.052002
v 0.703125 0.004105 0.052979
v 0.250000 -0.159180 -0.322266
v -0.664062 -0.099121 0.007935
v -0.441406 -0.098145 0.035645
v 0.439453 0.332031 0.035156
v 0.447266 0.431641 -0.038330
v 0.570312 -0.005859 -0.232422
v -0.453125 -0.103516 0.038330
v 0.037598 -0.027588 -0.062988
v -0.394531 -0.089844 -0.024780
v 0.186523 -0.007141 0.171875
v 0.304688 0.156250 0.204102
v 0.245117 0.154297 0.206055
v -0.664062 -0.129883 0.003433
v -0.302734 -0.151367 0.159180
v -0.699219 -0.141602 -0.010925
v 0.375000 0.332031 0.007660
v 0.378906 0.429688 0.014343
v 0.574219 0.302734 -0.005493
v 1.000000 -0.166992 0.249023
v 0.470703 0.023437 -0.228516
v -0.593750 -0.102539 0.036865
v 0.394531 0.470703 -0.005890
v 0.396484 0.468750 -0.011047
v 0.371094 0.455078 0.005341
v -0.496094 -0.089355 -0.017090
v 0.660156 0.152344 0.113281
v 0.247070 0.157227 -0.200195
v 0.249023 -0.166992 -0.318359
v 0.225586 0.172852 0.056152
v 0.582031 0.061279 0.207031
v 0.582031 0.004715 0.228516
v 0.589844 0.000572 0.217773
v 0.466797 0.427734 0.013061
v -0.718750 -0.190430 0.140625
v -0.984375 -0.223633 0.060303
v 0.695312 0.002510 -0.122559
v 0.699219 0.003006 -0.062256
v 0.406250 0.462891 -0.012634
v 0.093262 -0.217773 0.404297
v -0.980469 -0.306641 -0.059814
v 0.320312 0.166016 0.125000
v 0.291016 0.167969 0.094727
v 0.273438 0.166992 0.001595
v 0.439453 0.445312 -0.014221
v 0.890625 -0.177734 0.219727
v 0.431641 0.525391 0.016968
v 0.423828 0.525391 0.018921
v -0.660156 -0.127930 0.015198
v 0.132812 -0.583984 -0.373047
v 0.490234 0.131836 -0.209961
v 0.285156 0.300781 0.001663
v -0.490234 -0.174805 0.154297
v -0.500000 -0.135742 -0.013245
v 0.291016 0.054199 0.222656
v -0.235352 -0.095215 -0.156250
v 0.478516 0.081055 -0.227539
v 0.240234 0.059326 0.214844
v 0.421875 0.603516 -0.014221
v 0.314453 0.032837 0.227539
v 0.550781 0.172852 -0.001640
v 0.378906 0.056152 0.223633
v 0.621094 -0.043213 -0.225586
v 0.566406 -0.018921 -0.275391
v 0.488281 0.085449 0.226562
v 0.470703 0.055420 0.234375
v 0.146484 -0.595703 -0.343750
v 0.494141 -0.595703 -0.335938
v -0.691406 -0.121094 -0.009155
v -0.660156 -0.116699 -0.009216
v 0.582031 -0.026489 -0.277344
v 0.574219 -0.027100 -0.285156
v 0.466797 0.085938 0.215820
v 0.488281 0.085938 0.216797
v 0.094238 -0.188477 -0.289062
v -0.687500 -0.112793 0.031738
v -0.683594 -0.118164 0.032715
v -0.687500 -0.107910 0.027344
v -0.683594 -0.106934 0.031494
v -0.734375 -0.218750 0.160156
v -0.730469 -0.211914 0.154297
v -0.215820 -0.200195 -0.277344
v 0.096191 -0.201172 -0.010376
v -0.554688 -0.140625 -0.007294
v -0.613281 -0.142578 -0.005402
v 0.431641 0.599609 -0.013977
v 0.292969 0.222656 -0.102051
v 0.318359 0.247070 -0.132812
v 0.441406 0.595703 0.013489
v 0.443359 0.599609 0.009277
v 0.416016 0.431641 0.040039
v -0.207031 -0.201172 0.235352
v 0.464844 0.306641 -0.021973
v 0.394531 0.529297 -0.004089
v 0.035889 -0.026489 -0.166016
v 0.566406 -0.026367 -0.283203
v -0.406250 -0.088867 0.012024
v -0.660156 -0.105957 -0.007935
v -0.660156 -0.104004 -0.005554
v -0.699219 -0.131836 -0.014954
v -0.691406 -0.125977 -0.005249
v -0.691406 -0.134766 -0.017334
v 0.373047 0.455078 0.012207
v 0.367188 0.429688 0.006775
v 0.371094 0.431641 0.014587
v -0.306641 -0.103516 0.171875
v 0.531250 0.304688 -0.097656
v 0.439453 0.451172 0.031250
v 0.431641 0.453125 0.035156
v 0.447266 0.455078 0.028198
v 0.139648 0.101074 0.063477
v 0.408203 0.537109 -0.014404
v -0.322266 -0.232422 -0.163086
v 0.443359 0.541016 -0.010803
v 0.443359 0.580078 -0.006653
v 0.445312 0.583984 -0.002396
v 0.394531 0.455078 0.007172
v 0.040771 -0.026123 0.189453
v -0.047119 -0.216797 0.102051
v -0.053955 -0.229492 0.047852
v 1.000000 -0.182617 -0.246094
v 1.000000 -0.166016 -0.248047
v 1.000000 -0.184570 -0.263672
v 0.468750 0.451172 0.005524
v 0.248047 -0.185547 -0.294922
v 0.443359 0.310547 -0.036133
v -0.240234 -0.151367 0.158203
v 0.435547 0.441406 -0.016724
v 0.289062 -0.191406 0.289062
v 0.468750 0.457031 0.004150
v 1.000000 -0.186523 0.081055
v 0.114258 -0.576172 0.255859
v -0.605469 -0.085449 0.024414
v 0.394531 0.332031 0.032471
v 0.388672 0.431641 0.026123
v 0.488281 0.296875 -0.121582
v 0.427734 0.572266 0.017212
v -0.613281 -0.116211 0.032471
v 0.562500 0.063965 -0.224609
v 0.585938 0.004715 -0.237305
v 0.675781 0.058350 -0.115234
v 0.281250 0.292969 -0.054199
v 0.488281 -0.568359 -0.341797
v 0.135742 -0.564453 -0.359375
v -0.613281 -0.132812 0.022095
v 0.566406 0.312500 -0.055176
v -0.660156 -0.120605 -0.008911
v 0.441406 0.457031 0.012390
v -0.226562 -0.176758 -0.008118
v 0.400391 0.380859 0.034180
v -0.496094 -0.133789 -0.010010
v 0.394531 0.429688 0.030395
v 0.447266 0.443359 0.000874
v 0.382812 0.078613 -0.218750
v -0.043701 -0.191406 0.066895
v -0.045898 -0.191406 0.100586
v 0.968750 -0.363281 0.010620
v 0.480469 0.316406 0.136719
v -0.613281 -0.110840 -0.020508
v 0.402344 0.474609 0.015076
v 0.578125 0.217773 -0.001244
v 0.261719 0.246094 0.034424
v 0.261719 0.176758 0.066406
v 0.291016 0.176758 0.096191
v 0.259766 0.176758 0.062500
v -0.480469 -0.175781 -0.165039
v 0.414062 0.564453 0.019287
v 0.929688 -0.580078 -0.082031
v 0.929688 -0.583984 0.042236
v -0.468750 -0.560547 -0.226562
v 0.486328 0.054688 0.221680
v 0.294922 0.247070 -0.101074
v -0.660156 -0.101074 0.019165
v 0.439453 0.466797 0.016357
v 0.186523 -0.007080 -0.171875
v 0.140625 0.058594 0.118652
v 0.369141 0.382812 0.011841
v 0.486328 0.300781 -0.114746
v 0.476562 0.429688 -0.015503
v 0.476562 0.378906 -0.015564
v -0.478516 -0.200195 -0.174805
v -0.199219 -0.200195 -0.002289
v 0.511719 0.300781 -0.075195
v 0.246094 -0.179688 -0.314453
v -0.492188 -0.204102 0.208984
v -0.972656 -0.224609 0.051270
v -0.718750 -0.208008 0.136719
v 0.488281 0.085449 -0.215820
v 0.488281 0.084961 -0.228516
v 0.419922 0.521484 0.020996
v 0.425781 0.468750 0.021973
v 0.419922 0.556641 0.020630
v 0.139648 0.057617 0.092285
v 0.515625 0.166016 -0.000511
v 0.439453 0.599609 0.016113
v 0.259766 0.176758 0.053223
v 0.392578 0.470703 0.000096
v 0.326172 0.248047 0.139648
v 0.287109 -0.017090 -0.223633
v 0.094238 -0.200195 0.273438
v -0.683594 -0.111816 0.033203
v -0.316406 -0.236328 -0.059570
v 0.263672 0.166992 0.062988
v 0.138672 -0.007446 0.116699
v 0.707031 0.005051 -0.058594
v 0.683594 -0.011841 -0.054932
v 0.679688 0.060791 -0.113281
v 0.417969 0.552734 -0.021606
v -0.468750 -0.568359 -0.222656
v -0.498047 -0.206055 0.232422
v 0.345703 0.298828 0.119141
v 0.158203 0.146484 -0.062256
v 0.378906 0.380859 0.025757
v 0.400391 0.248047 0.139648
v -0.617188 -0.111816 0.033447
v 0.632812 0.003227 -0.182617
v 0.455078 0.429688 -0.035889
v 0.570312 0.217773 -0.050537
vn -0.0246 -0.9996 0.0103
vn 0.0008 -1.0000 0.0051
vn -0.0090 -1.0000 0.0010
vn 0.0057 -0.9999 -0.0099
vn -0.0277 -0.9995 0.0151
vn -0.0477 -0.9988 0.0146
vn -0.0420 -0.9991 0.0108
vn -0.4042 -0.8463 0.3470
vn 0.2563 0.1906 -0.9476
vn 0.6183 -0.1807 -0.7649
vn 0.3899 -0.4995 -0.7736
vn 0.4102 0.3503 -0.8420
vn -0.0245 0.1271 -0.9916
vn -0.0213 0.1795 -0.9835
vn 0.1319 0.4063 0.9042
vn 0.5672 0.1846 0.8026
vn 0.9890 0.0145 0.1473
vn 0.9966 0.0347 0.0743
vn 0.1600 0.6425 0.7494
vn -0.0273 0.5374 0.8429
vn -0.0604 0.3837 0.9215
vn 0.1655 0.2978 -0.9402
vn 0.2388 0.1112 -0.9647
vn 0.3718 0.7570 -0.5373
vn 0.5509 0.0914 -0.8296
vn 0.4239 0.0882 -0.9014
vn 0.1551 0.9866 -0.0496
vn 0.6887 0.2040 -0.6958
vn -0.0972 0.0736 0.9925
vn 0.1745 -0.6877 0.7047
vn -0.0116 -0.7846 0.6199
vn 0.2615 -0.5105 0.8192
vn 0.2176 0.2102 0.9531
vn 0.1511 0.2917 0.9445
vn -0.0013 0.2247 0.9744
vn 0.1618 -0.2278 0.9602
vn -0.0312 0.6049 -0.7957
vn 0.0238 0.6885 -0.7248
vn -0.0127 0.8188 -0.5739
vn -0.0055 0.6026 -0.7981
vn -0.0151 0.4567 -0.8895
vn -0.0643 0.6262 -0.7770
vn -0.0310 0.6570 -0.7532
vn -0.6187 -0.0032 0.7856
vn -0.1474 0.2207 0.9641
vn -0.5660 -0.0403 0.8235
vn -0.6590 -0.0085 0.7521
vn -0.6352 -0.0634 0.7697
vn -0.2573 0.1387 0.9563
vn -0.1277 -0.9281 -0.3496
vn -0.1006 -0.9948 0.0184
vn -0.0152 -0.5741 -0.8187
vn -0.1460 -0.9833 -0.1086
vn -0.8690 -0.1500 -0.4715
vn -0.6745 -0.5661 -0.4738
vn 0.9755 -0.2196 -0.0108
vn 0.8476 -0.5304 -0.0169
vn 0.9732 -0.2291 -0.0215
vn 0.9843 -0.1762 0.0093
vn 0.7855 -0.5305 0.3187
vn 0.9938 -0.1100 0.0147
vn 0.9285 -0.2072 0.3081
vn 0.7480 -0.2509 0.6144
vn -0.5507 -0.6870 -0.4741
vn -0.6999 -0.4127 -0.5829
vn -0.2988 -0.9336 -0.1977
vn -0.0506 -0.9974 -0.0521
vn -0.4917 -0.6797 -0.5442
vn -0.7111 0.1306 -0.6909
vn -0.7514 0.1126 -0.6502
vn -0.2018 -0.9584 -0.2018
vn 0.0360 -0.6937 -0.7194
vn 0.0153 -0.9976 -0.0674
vn -0.0351 -0.9442 -0.3274
vn -0.6002 -0.2690 -0.7533
vn -0.4023 0.6761 0.6173
vn -0.0219 0.8169 -0.5764
vn 0.0077 0.9995 -0.0304
vn 0.0001 0.9121 -0.4099
vn -0.0094 -0.4438 -0.8961
vn 0.0878 -0.7281 -0.6799
vn 0.6629 0.1688 -0.7295
vn -0.0104 0.1832 -0.9830
vn -0.5752 0.2887 -0.7654
vn -0.7090 0.7036 -0.0477
vn 0.0048 1.0000 0.0009
vn -0.5126 0.5555 0.6548
vn -0.1748 0.6793 0.7127
vn -0.2903 0.7173 0.6334
vn -0.4072 0.6681 0.6227
vn -0.8362 0.0831 0.5421
vn -0.9885 0.1037 0.1105
vn -0.2779 0.0852 0.9568
vn -0.2295 0.1455 0.9624
vn -0.4188 0.1370 0.8977
vn -0.6247 -0.3509 0.6976
vn -0.3204 0.0632 0.9452
vn -0.2141 0.0330 0.9763
vn 0.1374 -0.6891 -0.7115
vn 0.0733 -0.9945 -0.0749
vn 0.0022 -0.9990 -0.0443
vn 0.2060 0.1626 -0.9650
vn 0.2862 -0.4208 -0.8608
vn 0.2075 0.2413 -0.9480
vn 0.2693 -0.6014 -0.7522
vn -0.0566 0.1750 -0.9829
vn -0.0581 0.1972 -0.9786
vn -0.0438 0.1962 -0.9796
vn 0.0786 0.1354 -0.9877
vn 0.1015 0.1996 -0.9746
vn -0.0070 0.2574 -0.9663
vn -0.0563 0.3037 -0.9511
vn 0.9890 -0.0106 0.1473
vn 0.9898 -0.0469 -0.1343
vn 0.9799 -0.1824 0.0810
vn 0.9510 0.0702 -0.3010
vn 0.6745 0.0358 -0.7374
vn 1.0000 -0.0000 0.0001
vn 0.9319 0.0951 0.3499
vn 0.4370 -0.7186 0.5409
vn 0.5425 -0.6114 0.5761
vn 0.2002 -0.9533 0.2263
vn 0.1235 -0.9914 0.0439
vn 0.6367 -0.0684 0.7681
vn 0.8587 -0.4601 0.2260
vn 0.0085 -0.9868 0.1617
vn 0.0078 -0.9208 0.3900
vn 0.0131 -0.9708 0.2396
vn 0.0361 -0.9939 0.1040
vn 0.0339 -0.9916 0.1250
vn 0.0378 -0.9912 0.1266
vn 0.0314 -0.9334 0.3575
vn -0.0127 -0.0317 -0.9994
vn -0.0312 0.0472 -0.9984
vn -0.0521 0.0618 -0.9967
vn -0.3781 0.0631 -0.9236
vn 0.0058 -0.0064 -1.0000
vn -0.3247 0.0562 -0.9441
vn -0.0289 -0.0200 -0.9994
vn 0.6641 0.2005 0.7203
vn 0.9153 -0.1671 0.3665
vn 0.8244 0.3395 0.4528
vn 0.7884 0.2997 0.5373
vn 0.5676 0.2276 0.7912
vn 0.4620 -0.6330 0.6211
vn 0.4443 -0.4904 0.7497
vn 0.6989 0.2327 0.6762
vn -0.8930 0.0763 -0.4436
vn -0.7900 0.0794 -0.6080
vn -0.7685 0.0735 -0.6356
vn -0.7166 0.0697 -0.6940
vn -0.9911 0.0261 -0.1304
vn -0.8404 0.1071 -0.5312
vn 0.2371 0.3622 -0.9014
vn 0.1071 0.6933 -0.7127
vn 0.0103 0.6188 -0.7855
vn -0.0046 -0.8667 -0.4988
vn -0.0142 -0.8117 -0.5839
vn 0.1466 -0.0205 -0.9890
vn 0.0147 -0.0071 -0.9999
vn 0.9967 -0.0513 -0.0624
vn 0.0543 -0.9737 0.2212
vn 0.0859 -0.9883 0.1263
vn 0.4398 -0.1438 0.8865
vn -0.0211 -0.9709 0.2384
vn 0.0879 -0.9903 0.1074
vn 0.2447 -0.1780 0.9531
vn 0.0002 -0.9999 0.0126
vn 0.0391 -0.9992 -0.0027
vn 0.0067 -1.0000 0.0036
vn 0.0055 -0.9999 0.0091
vn 0.0114 -0.9999 -0.0050
vn -0.0015 -1.0000 0.0045
vn -0.0160 -0.9999 -0.0002
vn -0.8321 -0.2150 0.5113
vn -0.6527 0.0610 0.7551
vn -0.8598 -0.4551 -0.2318
vn 0.0108 -0.1408 0.9900
vn -0.9363 -0.0678 -0.3446
vn -0.6412 -0.1262 0.7570
vn -0.7895 -0.5011 0.3543
vn -0.8739 0.4602 -0.1567
vn -0.8293 -0.5586 -0.0179
vn 0.0039 -0.9183 0.3958
vn -0.7791 -0.5359 0.3252
vn 0.0215 -0.9854 0.1689
vn -0.8402 0.4249 -0.3370
vn -0.6364 0.0945 -0.7655
vn -0.5582 0.0122 -0.8296
vn -0.4240 0.0111 -0.9056
vn -0.7045 0.0329 -0.7089
vn -0.7481 -0.0059 -0.6636
vn -0.8434 -0.0311 -0.5364
vn -0.4319 -0.1071 -0.8955
vn -0.4837 -0.0108 -0.8752
vn -0.5479 -0.0108 -0.8365
vn 0.0314 -0.7828 0.6215
vn 0.0435 -0.9924 0.1149
vn 0.2771 -0.5939 0.7553
vn 0.0735 -0.2545 0.9643
vn 0.0350 -0.6970 0.7162
vn 0.0063 -0.9643 0.2649
vn 0.1650 -0.2510 0.9538
vn 0.1498 0.1640 0.9750
vn 0.1240 0.0884 0.9883
vn -0.0405 0.0139 0.9991
vn 0.2082 -0.0906 0.9739
vn 0.0843 -0.3526 0.9320
vn 0.1410 -0.4409 0.8864
vn -0.9935 -0.1117 0.0238
vn -0.9895 -0.1441 0.0147
vn -0.9989 -0.0422 0.0223
vn -0.8180 -0.3281 0.4725
vn -0.9177 -0.0850 -0.3881
vn -0.6681 -0.6017 -0.4376
vn -1.0000 -0.0000 -0.0000
vn -0.3214 -0.9469 0.0116
vn -0.4962 0.8519 0.1675
vn -0.5625 0.8268 0.0068
vn -0.6242 0.7812 0.0074
vn -0.9301 0.3467 -0.1210
vn -0.9895 0.1079 0.0960
vn -0.6041 0.4972 0.6228
vn -0.5809 0.8129 0.0412
vn -0.0249 -0.0163 -0.9996
vn -0.6188 0.0076 -0.7855
vn -0.5725 0.1189 -0.8113
vn -0.0569 0.1057 -0.9928
vn -0.0074 0.0322 -0.9995
vn -0.0007 -0.0075 -1.0000
vn -0.0156 -0.0004 -0.9999
vn 0.4134 0.5308 -0.7398
vn 0.1819 0.3661 -0.9126
vn 0.1187 0.8574 -0.5007
vn 0.6932 -0.1007 -0.7136
vn 0.8317 0.3470 -0.4335
vn -0.0065 0.9998 0.0160
vn 0.9994 -0.0301 0.0161
vn 0.8272 0.1764 0.5335
vn 0.9996 -0.0174 -0.0206
vn 0.9990 0.0285 0.0350
vn 0.5623 0.8119 0.1573
vn 0.9897 -0.1349 0.0478
vn 0.9952 -0.0206 0.0954
vn 0.9982 -0.0573 0.0150
vn -0.1281 -0.6830 0.7191
vn -0.0084 -0.3204 0.9473
vn -0.1307 -0.1203 0.9841
vn 0.0249 0.8245 0.5654
vn -0.0009 -0.6617 0.7498
vn -0.0045 0.0082 1.0000
vn -0.8445 0.0674 0.5313
vn 0.3999 0.8879 -0.2276
vn 0.9246 0.2121 -0.3164
vn 0.3766 0.9069 -0.1890
vn 0.9356 0.1386 -0.3247
vn 0.4990 0.8646 -0.0596
vn 0.3285 0.6555 -0.6801
vn 0.0349 -0.3890 -0.9206
vn 0.0513 -0.1682 -0.9844
vn 0.3607 -0.3530 -0.8633
vn -0.6918 -0.6069 0.3912
vn -0.5904 0.7821 0.1996
vn 0.0088 -0.3825 -0.9239
vn 0.0280 -0.1810 -0.9831
vn -0.0057 -0.7041 0.7101
vn 0.0869 -0.8592 0.5042
vn -0.0075 -0.7133 0.7008
vn 0.0013 -0.5917 0.8061
vn -0.5780 -0.5122 0.6353
vn -0.0249 0.9995 -0.0197
vn -0.0725 0.9973 -0.0089
vn -0.0080 1.0000 -0.0028
vn 0.0265 0.9996 -0.0030
vn -0.4783 0.7685 -0.4249
vn -0.5700 0.6533 -0.4984
vn 0.0295 0.9995 -0.0082
vn 0.7691 0.6390 -0.0072
vn 0.2089 0.9693 -0.1298
vn 0.1709 0.9655 -0.1963
vn 0.9397 0.3415 -0.0180
vn 0.6528 0.7558 -0.0520
vn 0.9728 0.2242 -0.0583
vn 0.1330 0.9872 0.0882
vn -0.3419 0.8417 -0.4180
vn -0.0196 0.9657 -0.2590
vn -0.3226 0.5816 -0.7467
vn -0.5404 0.6711 -0.5075
vn -0.1212 0.9563 -0.2660
vn -0.6063 0.3863 -0.6950
vn 0.9825 -0.0088 -0.1861
vn 0.9975 -0.0615 -0.0361
vn 0.9989 0.0103 -0.0460
vn 0.6394 -0.0371 -0.7680
vn 0.7059 -0.0142 -0.7081
vn 0.9457 -0.0046 -0.3250
vn 0.9917 -0.0281 -0.1257
vn 0.5883 0.2082 0.7814
vn 0.0565 0.9647 0.2573
vn 0.4938 0.2338 0.8376
vn 0.0942 0.9604 0.2623
vn 0.5258 0.0267 0.8502
vn 0.6453 0.0388 0.7629
vn 0.7879 0.1587 0.5950
vn 0.0842 0.2876 0.9540
vn 0.3180 -0.0001 0.9481
vn 0.0396 0.3234 0.9454
vn 0.1003 -0.1606 0.9819
vn 0.4081 -0.1271 0.9040
vn 0.0445 0.3210 0.9460
vn 0.0289 0.2339 0.9718
vn -0.0013 -0.4948 -0.8690
vn -0.0621 -0.7189 -0.6923
vn 0.3194 -0.6040 -0.7302
vn 0.0060 -0.1598 -0.9871
vn 0.0092 -0.3940 -0.9191
vn 0.0364 -0.0364 -0.9987
vn -0.0110 -0.3550 -0.9348
vn -0.5678 0.1669 0.8061
vn -0.5245 -0.0235 0.8511
vn -0.5778 0.2483 0.7775
vn -0.6657 -0.1784 0.7246
vn -0.5585 0.0350 0.8288
vn -0.4390 -0.0087 0.8984
vn -0.6449 0.1765 0.7436
vn 0.9996 0.0244 -0.0114
vn 0.9896 0.1435 -0.0061
vn 0.7664 -0.6424 0.0003
vn 0.9907 0.1353 0.0119
vn 0.9815 0.1907 0.0139
vn 0.6197 0.7841 0.0346
vn 0.6319 -0.7571 0.1660
vn -0.0158 0.7235 0.6902
vn 0.0004 0.9972 0.0753
vn -0.0184 0.9988 0.0460
vn -0.0899 0.2134 0.9728
vn 0.0218 0.2068 0.9781
vn -0.5050 0.7183 0.4786
vn -0.7375 0.1913 0.6476
vn 0.0057 0.6423 0.7664
vn -0.1072 -0.9942 0.0038
vn -0.0159 -0.9998 -0.0086
vn -0.0001 -0.9994 0.0338
vn -0.0217 -0.9993 0.0302
vn -0.0697 -0.9424 0.3272
vn -0.0068 -1.0000 -0.0067
vn -0.1313 -0.9771 0.1672
vn -0.0115 0.0672 -0.9977
vn 0.2899 0.1106 -0.9507
vn 0.3454 -0.4850 -0.8034
vn -0.0260 0.0353 -0.9990
vn -0.0209 0.0205 -0.9996
vn -0.0061 -0.4716 -0.8818
vn 0.0060 0.0485 -0.9988
vn 0.0152 0.0121 0.9998
vn 0.0152 -0.9994 0.0321
vn 0.0149 -0.9830 0.1831
vn -0.4003 0.8372 -0.3726
vn -0.9067 -0.1424 0.3969
vn -0.9138 -0.1575 -0.3743
vn -0.2890 0.8064 -0.5160
vn -0.0230 0.9103 -0.4132
vn -0.0226 0.8873 -0.4606
vn -0.6931 0.4971 -0.5220
vn -0.8068 0.2892 -0.5152
vn -0.8446 0.0960 -0.5267
vn -0.9107 0.3559 -0.2096
vn -0.2359 0.4117 -0.8802
vn -0.2035 0.3166 -0.9265
vn -0.0740 0.9862 -0.1483
vn -0.0451 0.9989 -0.0133
vn -0.0298 0.9845 -0.1731
vn -0.8841 0.3265 -0.3343
vn -0.1332 0.9651 0.2254
vn -0.8333 0.2772 -0.4783
vn 0.1777 -0.9678 0.1782
vn 0.3914 -0.9199 -0.0231
vn 0.7521 -0.6552 0.0711
vn 0.0098 -0.9998 0.0165
vn 0.0710 -0.9972 0.0236
vn 0.8744 -0.4841 0.0316
vn -0.3285 0.2887 0.8993
vn -0.2166 -0.1266 0.9680
vn -0.0090 -0.0449 0.9990
vn 0.0184 0.3167 0.9484
vn -0.6557 0.7534 -0.0497
vn -0.6121 0.7069 0.3544
vn 0.0889 -0.9958 0.0233
vn -0.0086 -0.9999 0.0071
vn 0.0793 -0.9949 -0.0618
vn 0.6180 -0.7860 -0.0146
vn 0.6638 -0.7476 -0.0204
vn 0.0047 -1.0000 -0.0026
vn 0.2904 -0.9417 -0.1700
vn 0.7137 0.0002 0.7005
vn 0.4124 0.0391 0.9102
vn 0.2674 -0.5656 0.7801
vn 0.6929 -0.0032 0.7210
vn 0.7325 0.0630 0.6779
vn 0.5574 -0.6034 0.5703
vn 0.7128 0.0494 0.6997
vn 0.4346 -0.2918 0.8520
vn 0.5827 -0.7208 0.3754
vn -0.4202 -0.7995 -0.4292
vn 0.6501 -0.5972 0.4698
vn 0.5871 -0.1071 0.8024
vn 0.0054 -0.1999 0.9798
vn -0.0878 0.7316 0.6761
vn -0.0211 0.8875 0.4603
vn -0.0092 0.7995 0.6006
vn -0.0041 0.6817 0.7316
vn -0.0131 0.7299 0.6834
vn -0.0067 0.8194 0.5731
vn -0.0740 0.9561 0.2834
vn -0.0380 0.0031 0.9993
vn -0.0450 -0.0870 0.9952
vn -0.1380 -0.0028 0.9904
vn -0.2323 0.0037 0.9726
vn -0.1422 -0.1572 0.9773
vn -0.0229 -0.1101 0.9937
vn 0.1637 0.0102 0.9865
vn 0.9651 0.2554 0.0578
vn 0.9651 0.2316 -0.1220
vn 0.9746 0.2232 -0.0188
vn 0.9732 0.1085 0.2028
vn 0.8222 0.4626 -0.3316
vn 0.8652 0.5012 0.0189
vn 0.8992 0.2478 -0.3607
vn 0.8710 0.2542 -0.4203
vn -0.7534 -0.0053 0.6576
vn -0.7991 0.0959 0.5935
vn -0.7933 0.0492 0.6068
vn -0.7877 0.0840 0.6102
vn -0.7530 0.0445 0.6566
vn -0.7348 0.1063 0.6699
vn -0.7483 0.0363 0.6624
vn 0.0102 0.9999 0.0053
vn 0.0610 0.9958 0.0680
vn 0.0056 1.0000 -0.0052
vn -0.0036 1.0000 -0.0039
vn -0.0191 0.9990 0.0411
vn 0.0054 0.9999 0.0126
vn 0.0256 0.9975 -0.0665
vn 0.1191 0.1710 -0.9780
vn 0.0274 0.9824 -0.1846
vn 0.2808 0.1797 -0.9428
vn 0.2346 0.0054 -0.9721
vn 0.1527 0.0617 -0.9863
vn 0.1302 0.6515 -0.7474
vn -0.2092 0.8206 -0.5318
vn 0.0023 -0.5400 0.8417
vn 0.0011 -0.9910 0.1340
vn -0.0125 -0.6245 0.7809
vn -0.0074 0.1309 0.9914
vn -0.0386 -0.4829 0.8748
vn 0.0005 0.0885 0.9961
vn -0.0372 -0.9930 0.1119
vn -0.4503 -0.3669 0.8140
vn -0.3649 -0.2608 0.8938
vn -0.4783 -0.1677 0.8620
vn -0.4855 -0.5869 0.6480
vn -0.2563 -0.5185 0.8158
vn 0.0018 -0.9833 0.1821
vn 0.0250 -0.9318 0.3620
vn 0.1045 0.0224 0.9943
vn 0.0121 -0.0437 0.9990
vn 0.0124 -0.0252 0.9996
vn 0.0133 -0.0077 0.9999
vn 0.0154 -0.0872 0.9961
vn 0.3567 -0.1017 0.9287
vn 0.6452 -0.0095 0.7639
vn 0.0728 -0.0341 0.9968
vn 0.5726 -0.2188 0.7901
vn 0.0613 0.7997 0.5972
vn 0.2422 0.3677 0.8979
vn 0.1613 0.2241 0.9611
vn 0.1475 0.6388 0.7551
vn 0.2930 0.7607 0.5792
vn 0.1438 0.9749 0.1702
vn 0.0534 0.9723 0.2274
vn -0.9823 0.1753 -0.0665
vn -0.9878 0.1507 0.0394
vn -0.9402 0.0841 -0.3302
vn -0.7691 -0.5380 -0.3451
vn -0.6927 -0.7212 -0.0051
vn -0.9875 0.1574 -0.0026
vn -0.9935 0.1133 0.0093
vn -0.8603 -0.3415 -0.3786
vn 0.0034 0.1551 -0.9879
vn -0.3527 -0.3496 -0.8680
vn -0.3576 0.2081 -0.9104
vn -0.0666 0.3384 -0.9386
vn -0.1662 0.1000 -0.9810
vn -0.0243 0.2758 -0.9609
vn 0.0278 -0.6775 -0.7350
vn -0.0808 -0.6062 -0.7912
vn 0.9029 0.2947 -0.3129
vn 0.9540 0.1372 0.2664
vn 0.8813 0.2878 -0.3747
vn 0.7959 0.1711 -0.5808
vn 0.9314 0.1703 0.3217
vn 0.2244 0.9422 0.2488
vn 0.1160 0.9900 0.0800
vn 0.1460 0.1783 0.9731
vn 0.1596 -0.0239 0.9869
vn 0.9970 0.0146 0.0754
vn -0.0068 -0.8110 -0.5850
vn -0.0085 -0.7692 -0.6390
vn -0.0332 -0.7836 -0.6203
vn -0.0071 -0.7672 -0.6413
vn -0.0026 -0.8567 -0.5158
vn -0.0228 -0.8141 -0.5803
vn -0.0064 -0.8774 -0.4797
vn -0.1220 0.0520 0.9912
vn -0.1713 0.1368 0.9757
vn -0.1555 0.1731 0.9725
vn -0.2644 0.0790 0.9612
vn 0.6579 -0.2761 -0.7006
vn 0.2809 -0.4894 -0.8256
vn 0.4877 -0.2744 -0.8287
vn 0.6887 -0.2487 -0.6811
vn 0.6836 -0.2533 -0.6845
vn 0.6023 -0.5145 -0.6103
vn 0.4070 -0.8007 -0.4395
vn -0.6533 -0.7569 0.0161
vn -0.2297 -0.9591 0.1655
vn -0.0819 -0.9956 0.0463
vn -0.8440 -0.3675 0.3907
vn -0.9954 0.0920 0.0260
vn -0.7471 -0.6646 -0.0076
vn -0.2501 0.4041 0.8799
vn -0.2220 0.4499 0.8650
vn -0.1875 0.0942 0.9777
vn -0.2988 -0.1532 0.9419
vn -0.1410 0.2704 0.9524
vn -0.1637 0.4164 0.8943
vn -0.3435 -0.0026 0.9391
vn -0.1233 0.0493 0.9911
vn 0.1019 -0.9947 -0.0155
vn 0.0278 -0.9996 -0.0048
vn 0.1385 -0.9887 0.0574
vn 0.1104 -0.9871 -0.1159
vn 0.9066 -0.2356 -0.3501
vn 0.9676 -0.2066 -0.1449
vn 0.9615 0.2732 0.0282
vn 0.9649 0.2627 0.0051
vn 0.9676 0.2524 0.0006
vn 0.7735 0.2337 0.5891
vn 0.5004 0.1468 0.8533
vn 0.6330 0.2158 0.7435
vn 0.9702 0.2394 -0.0366
vn 0.6989 -0.7152 -0.0100
vn -0.7298 0.1560 0.6656
vn -0.3684 0.0647 0.9274
vn -0.7382 0.1469 0.6584
vn -0.7188 0.1766 0.6724
vn -0.3802 0.1192 0.9172
vn 0.7418 0.2027 -0.6392
vn 0.5222 -0.6821 -0.5119
vn 0.5062 0.0788 -0.8588
vn 0.6748 -0.3589 -0.6448
vn 0.0092 0.9801 0.1983
vn 0.1585 0.9873 0.0112
vn 0.0105 0.9999 -0.0042
vn 0.0032 0.7385 0.6743
vn -0.0202 0.7493 0.6619
vn 0.0747 0.8037 0.5903
vn 0.1021 0.9689 0.2252
vn -0.1100 0.9832 0.1456
vn 0.4577 0.0352 0.8884
vn 0.6036 0.0641 0.7947
vn 0.6753 -0.0471 0.7361
vn 0.6333 -0.0916 0.7685
vn 0.6253 0.0338 0.7796
vn 0.2049 -0.1098 0.9726
vn 0.5566 -0.0570 0.8288
vn 0.5938 -0.0285 0.8041
vn 0.7260 -0.0438 -0.6863
vn 0.8243 -0.2024 -0.5288
vn 0.6728 -0.1700 -0.7200
vn 0.4717 -0.0239 -0.8815
vn 0.6961 -0.2061 -0.6878
vn 0.8800 -0.0236 -0.4743
vn 0.0002 -1.0000 -0.0000
vn 0.0596 -0.9982 0.0036
vn 0.1896 -0.9817 0.0190
vn 0.0363 -0.9993 0.0079
vn -0.0255 -0.9988 -0.0413
vn 0.0032 -0.9997 -0.0245
vn -0.0021 -0.9999 0.0158
vn 0.0173 -0.9998 -0.0039
vn -0.5993 -0.0042 -0.8005
vn -0.6282 -0.1182 -0.7690
vn -0.7037 -0.0409 -0.7093
vn -0.5284 0.5388 -0.6561
vn -0.5319 0.3256 -0.7817
vn -0.5851 0.0027 -0.8110
vn -0.5340 -0.0152 -0.8454
vn 0.0942 -0.8598 0.5019
vn 0.5398 -0.6620 0.5200
vn 0.1023 -0.7110 0.6957
vn 0.0453 -0.9220 0.3845
vn 0.0781 -0.9164 0.3927
vn 0.0429 -0.8043 0.5927
vn 0.3717 -0.8515 0.3700
vn 0.2605 0.2241 -0.9391
vn -0.0186 -0.0400 -0.9990
vn 0.3030 -0.0038 -0.9530
vn 0.3691 0.1346 -0.9196
vn -0.0448 0.1516 -0.9874
vn -0.0025 0.0390 -0.9992
vn 0.0713 0.0946 -0.9930
vn -0.6461 -0.6949 -0.3159
vn -0.6944 0.0298 -0.7190
vn 0.0213 -0.9659 -0.2582
vn -0.5868 0.2116 -0.7816
vn 0.0327 -0.9993 0.0152
vn -0.6055 -0.7918 0.0804
vn -0.9998 -0.0189 0.0041
vn -0.6800 -0.0105 -0.7331
vn -0.7283 -0.0075 -0.6852
vn -0.7134 -0.0337 -0.6999
vn -0.8741 -0.0508 -0.4831
vn -0.5737 0.0719 -0.8159
vn -0.6857 0.1069 -0.7200
vn -0.0055 -1.0000 -0.0052
vn -0.0837 -0.9963 -0.0178
vn -0.0657 -0.9933 -0.0946
vn 0.0399 -0.9986 -0.0346
vn -0.0026 -1.0000 -0.0005
vn -0.0246 -0.9997 -0.0041
vn -0.0214 -0.9997 -0.0111
vn 0.0085 -0.9881 -0.1536
vn 0.0103 -0.9946 -0.1029
vn -0.5114 -0.2961 -0.8067
vn -0.4873 -0.2213 -0.8448
vn -0.0285 -0.1137 -0.9931
vn -0.9536 -0.0816 0.2898
vn -0.9112 -0.1757 0.3726
vn -0.0367 -0.4549 -0.8898
vn -0.9689 0.2226 0.1081
vn -0.9956 0.0673 0.0659
vn -0.9585 0.0406 0.2823
vn -0.8416 0.1585 0.5164
vn -0.1021 0.9948 0.0052
vn -0.9627 0.2557 -0.0880
vn -0.0730 0.9790 0.1903
vn 0.0088 -0.9999 -0.0080
vn 0.0321 -0.9856 -0.1661
vn 0.0688 -0.9957 -0.0623
vn 0.0417 -0.9982 0.0434
vn 0.0102 -0.9999 0.0008
vn -0.0002 -1.0000 -0.0067
vn 0.0005 -0.9991 -0.0429
vn 0.0441 -0.9903 -0.1317
vn 0.6297 -0.0105 0.7768
vn 0.6274 0.0416 0.7775
vn 0.6270 0.0417 0.7779
vn 0.4338 0.7551 -0.4916
vn 0.6419 0.1072 -0.7592
vn 0.6595 0.7246 -0.2002
vn 0.2290 0.9699 -0.0832
vn 0.8525 0.4880 -0.1873
vn 0.0506 0.9987 0.0037
vn 0.4530 0.2553 0.8542
vn -0.0166 0.2271 0.9737
vn 0.3317 0.1813 0.9258
vn 0.7857 0.1554 0.5988
vn 0.7810 0.2561 0.5696
vn 0.3719 0.5994 0.7088
vn -0.0590 0.9935 -0.0978
vn -0.0372 0.9341 -0.3550
vn -0.0322 0.9924 -0.1191
vn -0.0518 0.9267 -0.3721
vn 0.1628 0.9686 -0.1878
vn -0.0608 0.9981 0.0035
vn 0.1249 0.9909 0.0501
vn -0.2311 -0.8009 0.5524
vn -0.5096 -0.5095 0.6933
vn -0.4268 -0.3908 0.8156
vn -0.2330 -0.7895 0.5678
vn -0.0928 -0.9806 0.1727
vn -0.0805 -0.9701 0.2290
vn -0.2682 -0.7026 0.6591
vn -0.0880 -0.9922 -0.0881
vn -0.8237 -0.2210 -0.5222
vn -0.7160 -0.2777 -0.6405
vn -0.0960 -0.9937 -0.0584
vn -0.1536 -0.9871 -0.0451
vn -0.0346 -0.9989 -0.0324
vn 0.9888 -0.1493 0.0050
vn 0.9412 0.3379 0.0037
vn -0.7079 0.0996 -0.6992
vn -0.7816 0.1283 -0.6105
vn -0.9550 0.1276 -0.2677
vn -0.7077 0.2486 -0.6614
vn -0.7372 0.0928 -0.6692
vn -0.7121 0.1326 -0.6894
vn -0.7288 0.1331 -0.6716
vn 0.9331 0.1831 -0.3095
vn 0.9984 0.0533 0.0166
vn 0.9854 -0.0098 -0.1703
vn 0.1180 -0.7885 -0.6036
vn 0.0842 -0.7199 -0.6889
vn 0.9937 -0.0392 -0.1048
vn 0.0003 0.0919 0.9958
vn -0.2360 -0.0427 0.9708
vn -0.2325 0.0237 0.9723
vn 0.1763 0.0685 0.9820
vn 0.1626 -0.0242 0.9864
vn -0.0804 0.0111 0.9967
vn 0.0561 -0.1455 0.9878
vn 0.0156 0.2486 -0.9685
vn 0.0377 0.0261 -0.9989
vn -0.0429 0.2189 -0.9748
vn 0.0878 0.2778 -0.9566
vn -0.1286 -0.0251 -0.9914
vn -0.1999 0.2765 -0.9400
vn 0.0715 0.2375 -0.9688
vn -0.0587 0.3122 -0.9482
vn -0.2274 -0.9212 -0.3158
vn -0.2602 -0.9632 -0.0670
vn -0.3996 -0.9118 -0.0950
vn -0.3644 -0.8886 -0.2786
vn -0.2115 -0.9544 -0.2108
vn -0.9566 -0.2893 -0.0342
vn -0.9290 -0.1830 -0.3217
vn -0.9792 0.2028 0.0023
vn -0.7205 0.4811 -0.4995
vn -0.8910 0.2768 -0.3599
vn -0.9864 -0.1643 -0.0046
vn -0.5097 0.7619 -0.3997
vn -0.9948 0.1015 -0.0000
vn -0.4770 -0.7670 0.4291
vn -0.5219 -0.6470 0.5558
vn -0.1242 -0.9906 0.0581
vn -0.7693 -0.0579 0.6363
vn -0.5676 -0.0933 0.8180
vn -0.1275 -0.9548 0.2684
vn -0.4853 -0.7970 0.3594
vn 0.0672 -0.1841 -0.9806
vn 0.0518 -0.2710 -0.9612
vn 0.0450 -0.1647 -0.9853
vn 0.0775 0.0220 -0.9967
vn 0.3349 0.0378 -0.9415
vn 0.0782 -0.2423 -0.9670
vn 0.3915 -0.2334 -0.8901
vn 0.9914 0.1300 -0.0147
vn 0.9835 0.1699 0.0621
vn 0.9946 -0.0015 -0.1037
vn 0.8280 -0.1572 -0.5383
vn 0.9729 0.2313 -0.0017
vn 0.9853 0.1412 -0.0959
vn 0.9750 -0.1579 -0.1567
vn 0.9938 -0.0463 -0.1008
vn 0.9750 0.2027 -0.0907
vn 0.9733 0.2265 0.0378
vn 0.9813 0.1704 0.0895
vn 0.9921 0.1216 -0.0320
vn 0.9808 0.1249 0.1496
vn 0.9770 -0.2130 0.0056
vn 0.9827 0.0672 0.1725
vn 0.9815 0.1916 0.0020
vn 0.9454 0.3152 0.0831
vn 0.9739 -0.2119 -0.0817
vn 0.9668 0.0403 0.2525
vn 0.9887 -0.0138 0.1495
vn 0.9832 -0.0919 -0.1579
vn 0.9955 0.0702 0.0637
vn 0.9961 -0.0746 0.0481
vn 0.9908 -0.1317 -0.0319
vn 0.9866 -0.1198 0.1107
vn 0.9196 -0.3812 -0.0953
vn 0.0473 -0.4155 -0.9084
vn 0.0814 -0.9387 -0.3349
vn 0.3468 -0.5137 -0.7848
vn 0.1087 -0.4404 -0.8912
vn 0.1608 -0.3896 -0.9069
vn 0.1424 -0.3906 -0.9095
vn 0.4520 -0.5965 -0.6633
vn 0.9550 -0.0044 -0.2965
vn 0.9696 -0.2089 -0.1277
vn 0.9370 0.0019 -0.3494
vn 0.9291 -0.3559 -0.1006
vn 0.9933 -0.0477 -0.1055
vn 0.9989 0.0465 -0.0103
vn 0.9429 -0.0860 -0.3218
vn 0.3242 -0.4358 0.8396
vn 0.6251 -0.5220 0.5803
vn 0.7350 -0.0239 0.6776
vn 0.3698 0.0270 0.9287
vn 0.0043 -0.0079 1.0000
vn 0.0794 -0.9899 0.1179
vn 0.0156 -0.6499 0.7599
vn -0.0127 0.9998 -0.0124
vn -0.0212 0.9975 0.0676
vn -0.0094 1.0000 0.0005
vn -0.0050 1.0000 -0.0011
vn 0.1242 0.9283 -0.3504
vn 0.0072 0.9944 -0.1055
vn 0.0018 0.9999 -0.0165
vn 0.0431 0.9894 -0.1384
vn 0.0037 -0.0060 1.0000
vn 0.0365 0.0274 0.9990
vn -0.0335 -0.0298 0.9990
vn -0.0066 0.4298 0.9029
vn -0.1292 -0.0006 0.9916
vn 0.0044 0.6765 0.7365
vn 0.3515 0.3129 0.8823
vn 0.5045 0.2977 0.8105
vn 0.1706 0.6208 0.7652
vn 0.6912 -0.0184 0.7224
vn 0.6987 -0.1196 0.7054
vn 0.1048 0.3200 0.9416
vn 0.1592 0.3392 0.9272
vn 0.5359 -0.1599 0.8290
vn -0.4625 -0.8703 0.1692
vn -0.7285 -0.6813 -0.0718
vn -0.1353 -0.9896 -0.0485
vn 0.0025 0.0078 -1.0000
vn -0.0380 0.4113 -0.9107
vn -0.0534 0.0335 -0.9980
vn 0.3455 -0.1919 -0.9186
vn 0.0528 -0.2903 -0.9555
vn 0.0780 -0.0438 -0.9960
vn -0.4030 0.8431 -0.3560
vn 0.7920 0.1554 0.5904
vn 0.8906 0.3035 0.3387
vn 0.9886 -0.1086 0.1039
vn 0.7556 -0.3369 0.5618
vn 0.7351 0.2092 0.6449
vn 0.8730 0.0192 0.4873
vn 0.7904 0.0892 0.6061
vn -0.1649 -0.9512 -0.2606
vn 0.0033 -0.9966 -0.0820
vn -0.0091 -1.0000 0.0026
vn 0.1072 -0.7237 -0.6817
vn 0.1075 -0.5498 -0.8284
vn -0.0079 -0.9998 0.0204
vn -0.0045 -1.0000 -0.0048
vn 0.1493 -0.9684 -0.1999
vn 0.0024 0.3136 0.9496
vn -0.0651 -0.0659 0.9957
vn -0.0079 0.6409 0.7676
vn -0.3010 0.5802 0.7568
vn 0.0143 0.3579 0.9337
vn 0.0307 -0.9995 0.0036
vn 0.0679 -0.9974 -0.0262
vn 0.0948 -0.9938 0.0584
vn 0.0565 -0.9934 0.0995
vn 0.0170 -0.9997 -0.0174
vn 0.0187 -0.9994 -0.0286
vn -0.0157 -0.9989 -0.0443
vn 0.1152 -0.9906 -0.0736
vn 0.0054 -1.0000 0.0017
vn -0.0014 -0.9983 -0.0587
vn 0.0798 -0.9558 -0.2829
vn 0.1233 -0.9736 -0.1923
vn -0.7041 0.2918 0.6474
vn -0.0940 0.9922 0.0819
vn -0.7131 0.3100 0.6288
vn -0.7691 0.1063 0.6302
vn -0.4587 0.1294 0.8791
vn 0.0076 0.4070 0.9134
vn -0.1061 0.2298 0.9674
vn -0.9944 -0.0991 -0.0369
vn -0.9047 0.4237 -0.0441
vn -0.9929 0.1188 0.0076
vn -0.9805 0.1964 -0.0119
vn -0.8812 -0.4687 0.0615
vn -0.9949 0.0966 0.0295
vn -0.7981 -0.5977 -0.0759
vn 0.5459 0.7549 -0.3634
vn 0.7689 0.6196 -0.1576
vn 0.7197 0.4377 0.5389
vn 0.0499 0.9982 -0.0340
vn 0.2608 0.9604 0.0982
vn 0.8507 0.5116 0.1212
vn 0.1050 0.9885 -0.1090
vn 0.3119 0.6852 -0.6582
vn 0.0081 -0.9996 0.0279
vn 0.3571 -0.6692 0.6516
vn 0.4373 0.1623 0.8846
vn 0.0283 -0.3525 -0.9354
vn 0.2583 -0.1813 -0.9489
vn 0.0202 -0.3555 -0.9345
vn 0.0296 -0.2134 -0.9765
vn -0.0023 -0.1453 -0.9894
vn 0.4861 -0.3106 -0.8168
vn 0.0535 -0.3454 0.9369
vn 0.0242 -0.5543 0.8320
vn 0.0124 -0.3454 0.9384
vn -0.0749 -0.4968 0.8646
vn 0.0095 -0.6299 0.7766
vn -0.0331 -0.3720 0.9276
vn 0.0039 -0.3577 0.9338
vn -0.1462 0.9777 -0.1510
vn -0.1429 0.9890 -0.0371
vn -0.1080 0.9691 -0.2215
vn -0.4822 0.2239 -0.8470
vn -0.6700 0.2028 -0.7141
vn -0.0342 0.9862 -0.1622
vn 0.9870 0.1566 0.0368
vn 0.9872 0.1159 0.1096
vn 0.9062 -0.4194 0.0546
vn -0.0109 0.5669 -0.8237
vn 0.0166 0.6155 -0.7880
vn -0.0430 0.9936 -0.1040
vn -0.2021 0.6099 -0.7663
vn -0.1501 -0.0167 -0.9885
vn -0.7014 -0.0563 -0.7106
vn 0.0229 -0.5384 -0.8424
vn 0.0805 -0.0561 -0.9952
vn -0.0002 -0.2245 -0.9745
vn -0.0009 0.1328 -0.9911
vn 0.1077 0.1399 -0.9843
vn -0.1070 -0.9940 -0.0215
vn -0.9025 -0.1792 0.3917
vn -0.9370 -0.3253 0.1271
vn -0.1183 -0.9913 0.0574
vn -0.1046 -0.9941 -0.0285
vn 0.2812 -0.8595 0.4268
vn 0.1651 -0.9035 0.3956
vn 0.4346 -0.6027 0.6692
vn 0.4871 0.2572 0.8346
vn 0.9283 -0.3014 0.2177
vn 0.8169 -0.2404 0.5244
vn 0.1993 0.9772 -0.0732
vn 0.5316 0.8021 -0.2720
vn 0.5782 0.6463 -0.4979
vn 0.6290 0.7772 -0.0175
vn 0.1318 0.9797 -0.1511
vn 0.1934 0.9811 -0.0077
vn 0.1882 0.8711 -0.4536
vn 0.6810 -0.0031 0.7323
vn 0.7356 0.0707 0.6737
vn 0.7430 -0.0221 0.6689
vn 0.8503 -0.0984 0.5171
vn 0.4593 -0.1779 0.8703
vn 0.5980 -0.1223 0.7921
vn 0.0506 0.5899 0.8059
vn 0.0249 0.5074 0.8614
vn 0.0353 0.6762 0.7359
vn 0.0664 0.4599 0.8855
vn 0.0484 0.6921 0.7202
vn -0.1651 -0.9786 0.1231
vn -0.7361 -0.4682 0.4888
vn -0.0660 -0.9370 0.3431
vn -0.9890 -0.1163 0.0911
vn -0.0511 -0.9793 -0.1958
vn 0.6557 -0.5803 -0.4830
vn 0.0487 -0.9975 -0.0517
vn 0.5679 -0.5882 -0.5758
vn 0.6948 -0.2491 -0.6747
vn 0.6342 -0.7699 0.0706
vn 0.8734 -0.2490 -0.4186
vn 0.9580 -0.2866 -0.0089
vn 0.0055 0.9999 0.0132
vn 0.0350 0.9993 0.0149
vn 0.0162 0.9998 0.0099
vn 0.0112 0.9999 0.0030
vn -0.0145 0.9997 0.0186
vn -0.6953 -0.0415 0.7175
vn -0.6838 -0.0353 0.7288
vn -0.6703 -0.0442 0.7408
vn -0.6812 -0.0250 0.7317
vn -0.6785 -0.0606 0.7321
vn -0.6827 -0.1067 0.7228
vn -0.6435 -0.4579 0.6134
vn -0.5360 -0.0365 0.8435
vn -0.1461 -0.8330 0.5336
vn -0.8693 0.1216 0.4791
vn -0.1616 0.5068 0.8468
vn 0.0024 -0.5130 0.8584
vn 0.0003 -0.2362 0.9717
vn -0.0886 -0.0930 0.9917
vn -0.0108 0.9791 -0.2033
vn -0.1144 0.9581 -0.2625
vn -0.0159 0.9675 -0.2525
vn -0.0288 0.9119 -0.4095
vn 0.0108 0.9626 -0.2708
vn 0.0019 0.9979 -0.0655
vn 0.0348 0.9966 0.0751
vn -0.3363 0.9312 0.1406
vn -0.1720 0.9659 -0.1934
vn -0.4002 0.7710 -0.4955
vn -0.3083 0.9014 0.3040
vn -0.2145 0.9671 0.1368
vn -0.9966 -0.0795 0.0230
vn -0.1546 0.9740 -0.1657
vn -0.0100 0.9904 -0.1378
vn -0.0811 0.9808 -0.1772
vn -0.4607 0.2807 -0.8420
vn -0.2383 0.6463 -0.7249
vn 0.0194 -0.9993 0.0320
vn 0.0176 -0.9901 0.1396
vn -0.0012 -0.9999 0.0107
vn 0.1720 -0.4519 0.8753
vn 0.0521 -0.9984 0.0211
vn 0.1614 -0.8261 0.5399
vn 0.7246 0.6884 0.0344
vn 0.8731 0.3920 -0.2898
vn 0.8350 0.4955 -0.2392
vn 0.6334 0.4226 -0.6483
vn 0.0472 -0.9950 -0.0875
vn -0.0060 -0.9996 -0.0281
vn 0.0018 -0.9998 -0.0209
vn -0.0429 -0.9883 -0.1466
vn -0.0593 -0.7654 -0.6408
vn -0.0277 -0.9475 -0.3186
vn 0.9993 0.0070 -0.0369
vn 0.9406 -0.0526 0.3355
vn 0.9998 -0.0081 -0.0208
vn 0.7998 0.0547 0.5978
vn 0.9573 0.1137 0.2657
vn 0.9988 -0.0473 -0.0106
vn 1.0000 0.0068 0.0028
vn -0.0904 -0.9740 -0.2076
vn 0.0140 -0.9969 0.0778
vn 0.0165 -0.9880 0.1538
vn 0.0194 -0.9998 0.0065
vn 0.0107 -0.9667 -0.2555
vn 0.0259 -0.9871 -0.1577
vn -0.0392 0.1939 0.9802
vn -0.0296 -0.0210 0.9993
vn 0.0082 0.0629 0.9980
vn -0.2691 0.5309 0.8035
vn -0.2771 0.0892 0.9567
vn -0.0505 0.5715 0.8191
vn -0.0017 0.5491 0.8358
vn 0.0064 -0.0090 0.9999
vn 0.6094 0.1781 -0.7726
vn 0.6887 0.1811 -0.7020
vn 0.7304 0.1227 -0.6719
vn 0.7266 0.1885 -0.6607
vn 0.5996 0.1982 -0.7754
vn 0.5322 0.6267 -0.5693
vn 0.7062 0.5778 -0.4093
vn -0.9579 0.0934 0.2714
vn -0.9965 0.0840 0.0021
vn -0.7613 0.0954 0.6413
vn -0.9942 0.1064 -0.0162
vn -0.7282 0.1421 0.6705
vn -0.7330 0.6643 0.1461
vn 0.1454 0.2578 0.9552
vn -0.0040 0.0311 0.9995
vn 0.1427 0.0287 0.9893
vn 0.0154 0.3908 0.9204
vn 0.3024 -0.0000 0.9532
vn 0.1497 0.8137 0.5617
vn 0.4424 0.0063 -0.8968
vn 0.3547 -0.0242 -0.9347
vn 0.4350 0.1721 -0.8838
vn 0.3478 -0.2061 -0.9146
vn 0.6438 -0.4718 -0.6024
vn 0.4360 0.0240 -0.8996
vn 0.3067 0.1418 -0.9412
vn 0.1525 -0.2979 -0.9423
vn 0.5485 -0.5077 -0.6644
vn 0.5475 -0.0254 -0.8364
vn -0.0031 -0.9998 0.0198
vn -0.0067 -0.9999 0.0108
vn -0.0807 -0.9938 0.0767
vn 0.0061 -0.9968 0.0791
vn 0.0149 -0.9999 0.0056
vn -0.9749 -0.2198 0.0352
vn -0.9671 -0.2538 -0.0188
vn -0.9638 -0.2665 -0.0084
vn -0.9409 -0.2417 0.2371
vn -0.7986 0.4652 0.3820
vn -0.9718 0.2346 0.0224
vn -0.7911 -0.1873 0.5824
vn -0.7455 0.1688 -0.6447
vn -0.3050 0.4576 -0.8352
vn -0.4628 0.0749 -0.8833
vn -0.5799 0.6040 -0.5467
vn -0.5140 0.7506 -0.4153
vn -0.7491 0.1066 -0.6538
vn -0.7392 0.1027 -0.6656
vn -0.7223 0.1478 -0.6756
vn 0.6623 0.1790 0.7276
vn 0.4939 0.5747 0.6526
vn 0.5019 0.7138 0.4884
vn 0.7091 0.1598 0.6867
vn 0.6311 0.1492 0.7612
vn 0.7602 0.2196 0.6115
vn 0.6326 0.1650 0.7567
vn -0.0070 0.0240 -0.9997
vn -0.0133 -0.0298 -0.9995
vn 0.0354 0.0076 -0.9993
vn -0.0182 0.0243 -0.9995
vn -0.0033 0.0299 -0.9995
vn 0.0082 -0.0107 -0.9999
vn 0.0205 0.0329 -0.9992
vn 0.0069 0.0201 -0.9998
vn 0.7834 -0.2850 0.5524
vn 0.8571 -0.1010 0.5052
vn 0.7480 0.0030 0.6637
vn 0.8731 -0.3014 0.3833
vn 0.2763 -0.9564 -0.0942
vn 0.3362 -0.9366 -0.0983
vn 0.7549 -0.1722 0.6329
vn -0.0210 0.9998 -0.0011
vn 0.3360 0.9382 -0.0834
vn -0.0338 0.9992 -0.0192
vn -0.0100 0.9999 -0.0044
vn 0.0118 0.9999 -0.0006
vn -0.0166 0.9999 -0.0015
vn -0.0254 0.9977 -0.0628
vn 0.0408 -0.7138 -0.6992
vn 0.0300 -0.8936 -0.4478
vn 0.0321 -0.8995 -0.4358
vn 0.0378 -0.4961 -0.8674
vn 0.0053 -0.5341 -0.8454
vn 0.0420 -0.6493 -0.7594
vn 0.3035 -0.6417 -0.7043
vn -0.2444 0.0193 0.9695
vn -0.1459 -0.3047 0.9412
vn -0.1431 0.0110 0.9896
vn -0.3717 0.0089 0.9283
vn -0.3108 -0.2934 0.9041
vn 0.7591 -0.1452 -0.6346
vn 0.5090 -0.1786 -0.8420
vn 0.9957 -0.0834 0.0399
vn 0.8312 -0.2017 -0.5181
vn 0.7062 -0.1801 -0.6847
vn 0.6916 -0.1211 -0.7120
vn 0.9977 -0.0591 0.0319
vn -0.0280 -0.9839 0.1765
vn 0.0002 -0.9989 0.0472
vn -0.1049 -0.9691 0.2234
vn -0.1015 -0.8092 0.5787
vn -0.1296 -0.7818 0.6099
vn -0.0672 -0.9595 0.2736
vn -0.0084 -0.9992 0.0398
vn -0.0453 0.9989 0.0130
vn -0.0405 0.9990 0.0168
vn -0.0956 0.9928 0.0724
vn -0.0180 0.9998 0.0120
vn -0.0405 0.9991 0.0121
vn 0.0083 -1.0000 0.0017
vn -0.0368 -0.9886 0.1463
vn 0.0111 -0.9999 0.0118
vn 0.0075 -0.9896 0.1435
vn 0.0369 0.9916 0.1238
vn -0.0577 0.9983 -0.0129
vn -0.1184 0.9893 -0.0849
vn -0.1158 0.9704 0.2118
vn -0.0759 0.9859 0.1494
vn -0.0554 -0.9985 -0.0000
vn -0.1569 -0.9624 -0.2215
vn -0.8972 -0.3347 0.2881
vn -0.8207 -0.2993 -0.4867
vn -0.1764 -0.9827 0.0564
vn 0.1226 -0.9913 0.0483
vn 0.4569 -0.7767 0.4336
vn 0.0160 -0.9985 0.0528
vn -0.0040 -0.9999 0.0096
vn 0.7361 -0.6760 -0.0333
vn 0.2929 -0.9380 -0.1853
vn -0.7860 0.1361 -0.6030
vn -0.7999 0.1174 -0.5886
vn -0.8553 0.1221 -0.5036
vn -0.6856 0.5127 -0.5168
vn -0.7880 0.1629 -0.5938
vn -0.9442 0.1593 -0.2884
vn -0.8355 0.4639 -0.2945
vn -0.0405 -0.9991 -0.0085
vn -0.8434 -0.2556 -0.4726
vn -0.5849 -0.6873 -0.4306
vn 0.0143 -0.9999 0.0070
vn -0.1815 -0.9750 0.1285
vn -0.7066 -0.7061 -0.0461
vn -0.9092 -0.4163 -0.0056
vn -0.0175 -0.9993 -0.0334
vn 0.9667 0.1436 0.2120
vn 0.9841 0.1772 0.0151
vn 0.6241 0.1901 0.7579
vn 0.6176 0.1024 0.7798
vn 0.8930 -0.0464 0.4476
vn 0.9826 0.1642 -0.0869
vn 0.9991 -0.0026 -0.0428
vn 0.3864 0.1515 -0.9098
vn 0.7964 0.1235 -0.5920
vn 0.8135 0.1312 -0.5666
vn -0.0102 0.1714 -0.9852
vn 0.1247 0.2020 -0.9714
vn 0.0081 0.1539 -0.9880
vn 0.7780 0.2342 -0.5830
vn 0.5587 0.2075 -0.8030
vn 0.1085 -0.0323 0.9936
vn 0.3255 -0.2695 0.9063
vn 0.3850 0.2804 0.8793
vn 0.2985 0.1992 0.9334
vn 0.3940 -0.3435 0.8525
vn 0.6309 -0.0359 0.7751
vn 0.0544 -0.8497 0.5244
vn 0.2421 -0.3333 0.9112
vn -0.3315 -0.5754 0.7477
vn -0.0218 -0.9976 0.0662
vn 0.1412 -0.9887 0.0496
vn -0.0887 0.9926 0.0828
vn -0.0256 0.9997 0.0032
vn -0.0450 0.9990 -0.0035
vn -0.4303 0.7841 0.4473
vn 0.0177 0.2341 -0.9721
vn -0.3449 0.8751 -0.3395
vn -0.0804 -0.1216 -0.9893
vn 0.0672 0.5733 0.8166
vn -0.7925 0.1479 -0.5917
vn -0.3082 0.6034 0.7355
vn -0.4340 -0.1061 -0.8947
vn -0.3383 0.9363 0.0944
vn 0.1636 0.9085 -0.3846
vn -0.3518 0.8923 -0.2830
vn 0.3032 0.3155 -0.8992
vn 0.1254 0.8826 0.4532
vn 0.0088 -0.5930 0.8052
vn -0.0005 0.7496 0.6619
vn 0.0174 0.3836 0.9233
vn 0.1012 0.2495 0.9631
vn 0.9792 0.0295 0.2009
vn 0.0024 0.1299 0.9915
vn -0.8227 0.5435 -0.1669
vn -0.3966 -0.8764 0.2733
vn -0.3992 -0.8532 0.3356
vn -0.1362 0.8852 -0.4447
vn -0.8679 0.4558 0.1972
vn -0.0362 0.9993 0.0068
vn -0.0296 0.9729 -0.2294
vn -0.2602 0.1386 -0.9555
vn -0.0321 0.0885 -0.9956
vn -0.8462 0.1888 0.4983
vn -0.8924 -0.1186 0.4354
vn -0.7201 -0.0810 0.6891
vn -0.8395 0.1883 0.5097
vn -0.9668 -0.0371 0.2528
vn -0.1709 0.9790 0.1109
vn -0.1869 0.9799 0.0699
vn -0.4281 0.7753 0.4643
vn -0.0039 0.2437 0.9698
vn 0.0265 -0.0929 0.9953
vn -0.0133 -0.0409 0.9991
vn 0.0068 0.7034 0.7108
vn -0.1359 0.1974 0.9708
vn -0.0053 0.6783 0.7348
vn -0.0152 0.7080 0.7060
vn -0.0262 0.1330 0.9908
vn 0.3402 0.0178 -0.9402
vn 0.7179 0.1058 -0.6881
vn 0.7039 0.0818 -0.7056
vn -0.0096 -0.0009 -1.0000
vn 0.2976 0.0530 -0.9532
vn 0.0080 0.0335 -0.9994
vn 0.2912 0.0567 -0.9550
vn 0.1673 -0.4149 -0.8943
vn 0.8077 0.4151 -0.4186
vn 0.5276 0.2930 0.7974
vn 0.5793 0.3454 -0.7383
vn -0.0224 0.4475 0.8940
vn 0.0552 0.8102 -0.5836
vn -0.0648 0.6532 -0.7544
vn -0.0126 0.9015 -0.4327
vn 0.0058 0.7664 -0.6424
vn 0.0121 0.9060 -0.4231
vn -0.0122 0.9508 -0.3097
vn -0.0182 -0.1474 -0.9889
vn -0.1256 0.0097 -0.9920
vn 0.0423 0.0055 -0.9991
vn 0.1333 -0.9839 -0.1193
vn -0.0142 -0.9890 -0.1474
vn 0.1868 -0.1270 -0.9742
vn -0.1714 -0.1735 -0.9698
vn 0.2032 0.9791 -0.0049
vn 0.3734 0.9253 0.0655
vn 0.0940 0.9955 0.0132
vn 0.0290 0.9960 0.0850
vn -0.0941 0.9861 0.1369
vn -0.0316 0.9774 0.2093
vn -0.1065 0.9302 0.3514
vn 0.0692 0.9757 0.2080
vn -0.0519 0.9982 0.0284
vn 0.1290 0.9823 0.1358
vn -0.0653 0.9979 0.0040
vn 0.0408 0.9990 0.0163
vn -0.0513 0.1543 0.9867
vn -0.0473 0.1578 0.9863
vn 0.0168 -0.0011 0.9999
vn -0.0934 0.1798 0.9793
vn -0.0722 0.1565 0.9850
vn -0.0435 0.4192 0.9069
vn -0.4802 -0.3978 -0.7818
vn -0.4284 -0.1906 -0.8833
vn -0.4186 -0.3413 -0.8416
vn -0.1102 -0.8207 -0.5607
vn -0.3394 -0.4796 -0.8092
vn 0.6973 0.2427 0.6745
vn 0.9633 0.2614 0.0610
vn 0.5065 0.1595 0.8474
vn 0.6048 0.6723 0.4269
vn 0.4039 0.2625 0.8763
vn -0.6987 0.0892 0.7098
vn -0.4999 0.0443 0.8649
vn -0.7148 0.1611 0.6805
vn -0.7710 0.0473 0.6351
vn -0.7384 0.1037 0.6663
vn -0.7823 -0.1147 0.6122
vn -0.7671 -0.0018 0.6415
vn 0.6480 0.2650 -0.7141
vn 0.6196 0.1936 -0.7606
vn 0.5722 0.3510 -0.7412
vn 0.7194 0.5430 -0.4332
vn 0.1834 0.3839 -0.9050
vn 0.2328 0.2446 -0.9413
vn 0.6155 0.7881 0.0055
vn 0.5904 0.7614 0.2678
vn -0.7738 0.1201 0.6220
vn -0.7841 0.1137 0.6102
vn -0.7486 -0.3000 0.5912
vn -0.5923 -0.6406 0.4887
vn -0.1604 -0.5405 0.8259
vn -0.3308 0.1735 0.9276
vn -0.7740 0.1466 0.6160
vn 0.8630 0.4841 -0.1441
vn 0.9171 0.1197 -0.3802
vn 0.9641 0.1383 0.2268
vn 0.9826 0.1051 0.1529
vn 0.8993 -0.1899 -0.3940
vn 0.3054 -0.0120 0.9521
vn 0.6568 0.0091 0.7540
vn 0.4673 0.1696 0.8677
vn -0.0034 -0.8184 0.5746
vn 0.0075 -0.8850 0.4655
vn -0.0123 0.0683 0.9976
vn -0.0511 0.2012 0.9782
vn 0.4986 -0.5219 0.6921
vn -0.0706 0.0637 -0.9955
vn -0.0441 0.1168 -0.9922
vn -0.0627 0.2892 -0.9552
vn 0.1561 0.2978 -0.9418
vn 0.1851 0.1843 -0.9653
vn 0.1155 0.0275 -0.9929
vn -0.0176 0.0589 -0.9981
vn -0.0721 -0.0580 -0.9957
vn 0.0049 -0.8237 0.5670
vn -0.0223 -0.8086 0.5880
vn 0.0076 -0.7402 0.6724
vn 0.0117 -0.7734 0.6338
vn -0.0146 -0.6585 0.7525
vn -0.4120 0.1797 -0.8933
vn -0.4042 0.0245 -0.9143
vn -0.5252 0.1851 -0.8306
vn 0.0731 0.9903 -0.1185
vn -0.1894 0.2033 -0.9606
vn -0.0140 0.9793 -0.2020
vn -0.2697 0.0440 -0.9619
vn -0.3207 -0.3491 -0.8805
vn -0.7631 0.1602 -0.6262
vn -0.1243 -0.4441 -0.8873
vn -0.1395 -0.5978 -0.7894
vn -0.7203 0.2623 -0.6422
vn -0.2572 0.1796 -0.9495
vn -0.7289 0.6816 -0.0638
vn -0.6512 0.7547 0.0798
vn -0.9790 0.2032 0.0146
vn -0.1296 0.0044 -0.9916
vn -0.0411 0.0033 -0.9992
vn 0.0042 0.0051 -1.0000
vn -0.0198 0.0369 -0.9991
vn -0.4888 -0.0454 -0.8712
vn -0.5844 -0.0279 -0.8110
vn 0.9425 -0.0272 0.3331
vn 0.8195 -0.1883 0.5412
vn 0.9083 -0.1401 0.3941
vn 0.9880 -0.0081 0.1543
vn 0.9030 -0.1268 0.4105
vn 0.7558 0.0050 0.6548
vn -0.2426 0.1066 -0.9642
vn -0.2677 -0.1119 -0.9570
vn -0.2879 0.4819 -0.8276
vn -0.3127 0.3856 -0.8681
vn -0.4159 0.1388 -0.8988
vn -0.9278 0.3727 -0.0184
vn -0.1750 0.9817 -0.0752
vn -0.6023 0.6571 -0.4532
vn -0.3297 0.9441 -0.0063
vn -0.1062 0.9868 -0.1227
vn -0.6571 0.7538 0.0088
vn 0.2498 0.4646 0.8496
vn 0.1965 0.9083 0.3694
vn 0.0403 0.9925 0.1157
vn 0.5519 0.2736 0.7878
vn 0.2490 0.3088 0.9180
vn -0.0001 0.4469 0.8946
vn 0.7076 0.4627 -0.5341
vn 0.4693 0.8523 -0.2311
vn 0.2677 0.8686 -0.4170
vn 0.9809 0.1398 -0.1350
vn 0.9955 0.0850 -0.0412
vn 0.9490 0.3082 -0.0665
vn 0.1077 0.1897 0.9759
vn -0.6330 -0.7742 0.0039
vn -0.9938 -0.0927 -0.0608
vn 0.1323 -0.2761 -0.9520
vn -0.2196 -0.4702 -0.8548
vn -0.0057 -0.6549 -0.7557
vn -0.0346 -0.0214 -0.9992
vn 0.1085 0.6834 -0.7219
vn 0.7182 0.4932 -0.4909
vn 0.2454 0.1853 -0.9516
vn 0.1115 0.6419 -0.7587
vn 0.0612 0.8863 -0.4590
vn 0.1105 0.9841 -0.1391
vn -0.9941 0.1068 0.0179
vn -0.9965 0.0775 0.0307
vn -0.9981 0.0606 0.0110
vn -0.1488 0.3189 0.9360
vn 0.0043 0.5156 0.8568
vn -0.1677 0.4135 0.8949
vn -0.0799 0.2892 0.9539
vn -0.2590 0.2549 0.9316
vn -0.1209 0.6972 0.7066
vn -0.5467 0.6472 0.5313
vn 0.2394 -0.9706 0.0262
vn 0.9961 -0.0633 0.0622
vn 0.2431 -0.9672 0.0740
vn 0.2481 -0.9598 -0.1312
vn 0.9079 -0.2549 -0.3329
vn -0.7165 0.2298 -0.6586
vn -0.7011 0.5210 -0.4869
vn -0.0545 0.6019 -0.7967
vn -0.0400 0.3423 -0.9387
vn -0.8154 -0.0289 -0.5782
vn -0.3288 -0.1757 0.9279
vn -0.2803 -0.6814 0.6761
vn -0.0723 -0.9898 0.1227
vn -0.0707 -0.9814 0.1784
vn -0.2909 -0.5964 0.7481
vn -0.4758 -0.4646 0.7468
vn -0.2980 -0.6182 0.7273
vn -0.4170 -0.3414 0.8424
vn 0.0766 0.9945 0.0709
vn 0.4869 0.7088 0.5103
vn 0.1093 0.9588 0.2620
vn 0.0579 0.9964 0.0618
vn 0.5402 0.6866 0.4865
vn 0.0066 0.9998 0.0173
vn 0.7754 -0.6313 0.0134
vn 0.9140 0.0110 0.4056
vn 0.8897 -0.3602 0.2806
vn 0.2491 -0.9610 -0.1199
vn 0.5296 -0.8403 0.1159
vn 0.8163 -0.3589 0.4527
vn -0.0498 0.9986 -0.0187
vn -0.0619 0.9981 0.0026
vn -0.0194 0.9998 -0.0082
vn -0.7551 0.6047 -0.2533
vn -0.6249 0.7807 -0.0016
vn -0.0535 0.9976 -0.0443
vn -0.5957 0.6627 -0.4538
vn -0.4714 0.7988 -0.3739
vn 0.9956 -0.0760 -0.0555
vn 0.9991 -0.0413 0.0092
vn 0.9992 -0.0011 0.0390
vn 0.1208 0.9724 0.1994
vn 0.2911 0.1900 0.9376
vn 0.9386 -0.2107 0.2732
vn 0.9706 -0.0773 0.2280
vn 0.3258 0.5358 0.7790
vn -0.7207 -0.0641 -0.6903
vn -0.9816 -0.1040 -0.1604
vn -0.7566 -0.0095 -0.6538
vn -0.9855 -0.0552 -0.1605
vn -0.6618 0.0335 -0.7489
vn -0.7908 -0.2016 0.5780
vn 0.9838 -0.1723 0.0498
vn 0.9851 -0.1715 0.0106
vn 0.9718 -0.2336 0.0324
vn 0.9321 -0.2664 -0.2454
vn -0.0441 0.0824 -0.9956
vn 0.0063 0.6006 -0.7995
vn 0.4166 0.4641 -0.7817
vn 0.1174 0.0709 -0.9906
vn -0.0135 0.0315 -0.9994
vn 0.0340 0.4879 -0.8722
vn -0.0362 0.3578 0.9331
vn 0.2858 0.8855 0.3663
vn -0.0074 0.8875 0.4607
vn -0.0170 0.1843 0.9827
vn 0.0245 0.2100 0.9774
vn -0.0082 0.2983 0.9544
vn 0.1338 -0.5079 0.8510
vn 0.3830 0.0520 0.9223
vn 0.4869 0.0269 0.8730
vn 0.1513 -0.8954 0.4187
vn 0.1349 -0.4934 0.8593
vn -0.0732 -0.9653 0.2507
vn -0.8149 -0.0059 0.5796
vn -0.7952 -0.1662 0.5832
vn -0.8143 0.0046 0.5804
vn -0.8705 -0.0091 0.4921
vn -0.9357 0.0047 0.3528
vn -0.7945 0.5947 0.1226
vn -0.6719 0.1817 0.7180
vn -0.4448 0.7652 0.4655
vn -0.7978 0.6028 0.0063
vn -0.9894 0.1415 -0.0334
vn -0.9507 0.1268 0.2831
vn -0.1323 0.9910 0.0204
vn 0.7796 0.1867 -0.5978
vn 0.8372 0.0767 -0.5414
vn 0.7802 0.1486 -0.6076
vn 0.8828 0.1785 -0.4346
vn 0.0942 0.9917 -0.0871
vn 0.0447 0.9772 -0.2078
vn 0.0298 0.7860 0.6174
vn -0.0350 0.9987 -0.0368
vn 0.0785 0.9787 0.1899
vn 0.1031 0.8844 0.4551
vn -0.0172 0.9998 -0.0103
vn 0.1056 0.3203 0.9414
vn 0.0186 -0.0212 -0.9996
vn -0.0252 0.1762 -0.9840
vn -0.0006 -0.0910 -0.9959
vn 0.0316 0.0937 -0.9951
vn 0.0493 -0.1537 -0.9869
vn -0.0744 0.9920 0.1020
vn -0.1598 0.9851 0.0634
vn 0.1612 0.9828 -0.0900
vn 0.1325 0.9858 -0.1031
vn -0.1278 0.9792 -0.1578
vn 0.0105 0.9985 -0.0540
vn -0.0844 0.9963 0.0173
vn 0.0358 0.9710 0.2366
vn 0.0888 0.9708 0.2229
vn 0.0347 0.9827 0.1819
vn 0.1656 0.9723 0.1647
vn 0.4896 0.8592 -0.1488
vn 0.1622 0.9855 -0.0506
vn -0.0526 0.9738 0.2214
vn -0.0918 0.9918 -0.0890
vn -0.1414 0.9899 -0.0054
vn 0.1452 0.9832 -0.1110
vn 0.5598 0.8002 0.2153
vn -0.1128 0.9860 0.1232
vn 0.1562 0.9876 0.0171
vn 0.1245 0.9799 -0.1556
vn -0.1017 0.9897 0.1011
vn 0.9986 -0.0460 -0.0262
vn 0.9980 -0.0574 -0.0263
vn 0.9980 -0.0588 -0.0229
vn 0.8675 0.4756 0.1459
vn 0.6700 0.7412 0.0423
vn 0.9989 -0.0462 -0.0074
vn 0.9973 -0.0689 0.0244
vn 0.0103 -0.9982 -0.0586
vn -0.0067 -1.0000 -0.0034
vn -0.0066 -0.9992 0.0385
vn 0.0462 -0.9976 -0.0514
vn 0.0529 -0.5704 -0.8197
vn 0.3137 -0.8433 -0.4365
vn 0.0003 -0.5931 -0.8051
vn 0.0066 -0.9997 -0.0240
vn -0.6790 0.2701 -0.6827
vn -0.7174 0.0593 -0.6942
vn -0.4164 0.7581 -0.5020
vn -0.0721 0.7905 -0.6082
vn 0.1059 0.1636 -0.9808
vn 0.0939 -0.5151 -0.8520
vn -0.0069 0.4545 -0.8907
vn -0.1162 0.3353 -0.9349
vn -0.7948 0.1113 -0.5966
vn -0.0168 0.5693 -0.8219
vn -0.0478 0.9988 -0.0093
vn -0.0319 0.9989 0.0332
vn -0.0113 0.9812 0.1924
vn -0.0073 0.9883 0.1525
vn -0.0262 0.9741 -0.2244
vn -0.9143 -0.3544 -0.1959
vn -0.0403 -0.7311 -0.6811
vn -0.0328 -0.9436 -0.3294
vn -0.9448 0.2051 -0.2555
vn -0.2257 0.8916 0.3926
vn -0.9578 -0.2875 -0.0000
vn -0.3159 0.8565 0.4082
vn -0.4375 0.0089 0.8992
vn -0.4144 0.0065 0.9101
vn -0.3271 -0.0031 0.9450
vn -0.8120 0.0769 0.5786
vn -0.4045 -0.0345 0.9139
vn -0.5745 -0.1482 0.8050
vn -0.2696 -0.0352 0.9623
vn -0.5799 0.0436 0.8135
vn 0.0059 -0.9960 -0.0890
vn 0.0326 -0.6530 -0.7566
vn -0.0599 -0.9976 0.0341
vn -0.8776 -0.4148 0.2401
vn -0.7240 -0.6897 0.0082
vn -0.2921 -0.9301 0.2227
vn -0.0056 -0.9999 0.0090
vn -0.0166 -0.9978 0.0649
vn -0.5702 -0.6733 0.4708
vn -0.7231 -0.4039 0.5604
vn 0.9644 0.2215 0.1442
vn 0.6405 0.0146 -0.7678
vn 0.9158 0.1467 -0.3740
vn 0.6418 -0.7663 -0.0317
vn 0.9441 -0.1307 0.3027
vn 1.0000 -0.0002 -0.0000
vn 0.8868 -0.4616 0.0227
vn 0.2779 -0.9598 0.0386
vn -0.1838 0.5457 -0.8176
vn -0.0399 0.4826 -0.8750
vn -0.2582 0.7373 -0.6243
vn -0.0094 0.7686 -0.6396
vn -0.0652 0.6705 -0.7390
vn 0.0074 0.2647 -0.9643
vn 0.0060 -1.0000 0.0046
vn 0.0031 -1.0000 -0.0012
vn 0.0121 -0.9999 0.0003
vn -0.0324 -0.9991 -0.0282
vn -0.0039 -0.9999 -0.0163
vn -0.0313 0.0423 -0.9986
vn -0.0324 -0.0202 -0.9993
vn -0.1232 0.0103 -0.9923
vn -0.0066 -0.0809 -0.9967
vn -0.4588 -0.0157 -0.8884
vn -0.8268 -0.2833 0.4860
vn -0.5261 -0.1148 0.8427
vn 0.3480 0.8526 0.3899
vn 0.1592 0.8310 0.5331
vn -0.1902 0.1083 0.9758
vn 0.1006 0.1299 0.9864
vn -0.0777 0.9282 0.3640
vn -0.9652 -0.2616 0.0028
vn -0.9672 -0.2521 -0.0321
vn -0.9546 -0.2791 -0.1043
vn -0.8527 -0.5221 -0.0155
vn -0.9670 -0.2548 0.0049
vn -0.9058 -0.2759 0.3215
vn -0.7489 -0.6627 -0.0000
vn -0.7021 -0.5583 0.4421
vn 0.0475 0.9899 0.1336
vn -0.1270 0.9796 0.1558
vn 0.2201 0.8181 0.5313
vn -0.0133 0.9994 0.0314
vn 0.0056 0.9999 -0.0085
vn -0.0360 0.9990 0.0277
vn -0.0768 0.9956 0.0538
vn 0.2935 -0.8650 -0.4070
vn 0.1110 -0.9903 0.0839
vn 0.0294 -0.9946 -0.0995
vn 0.7309 -0.1922 0.6549
vn 0.6708 0.5160 -0.5327
vn 0.4091 -0.0145 -0.9124
vn -0.0103 0.2789 -0.9603
vn 0.2113 0.0135 0.9773
vn 0.5946 0.5738 0.5633
vn 0.9012 0.1456 -0.4082
vn 0.5201 0.0822 -0.8502
vn 0.9627 -0.2671 -0.0429
vn 0.4796 -0.4318 0.7639
vn 0.0062 -0.9904 0.1383
vn 0.6080 0.1045 0.7870
vn 0.9952 0.0127 -0.0969
vn -0.7196 0.6822 -0.1295
vn -0.6074 0.5704 -0.5529
vn -0.9803 0.0413 0.1930
vn -0.9913 -0.1275 -0.0316
vn 0.0569 -0.9764 0.2084
vn 0.4279 -0.8820 0.1974
vn 0.0239 -0.9990 0.0383
vn -0.2272 0.0142 -0.9737
vn -0.0159 -0.0291 -0.9995
vn -0.2970 0.0217 -0.9546
vn -0.4226 0.0461 -0.9051
vn -0.1052 0.0371 -0.9938
vn 0.6998 -0.2719 0.6606
vn 0.6841 -0.2679 0.6784
vn 0.5325 -0.6708 0.5162
vn 0.6568 -0.6485 0.3848
vn 0.8579 -0.2722 0.4358
vn 0.7510 -0.2148 0.6243
vn 0.4114 -0.8247 0.3882
vn 0.7008 -0.2615 0.6637
vn -0.0492 -0.9987 -0.0127
vn -0.8203 -0.5717 -0.0146
vn -0.8812 -0.4706 -0.0456
vn -0.8020 -0.4388 -0.4052
vn -0.4680 -0.7644 -0.4434
vn -0.0025 0.0356 -0.9994
vn 0.0015 0.0559 -0.9984
vn 0.0042 0.0719 -0.9974
vn -0.0120 0.0143 -0.9998
vn -0.0925 -0.9957 0.0095
vn -0.0604 -0.9980 0.0204
vn -0.0150 -0.9994 0.0300
vn -0.1426 -0.9897 -0.0139
vn -0.0117 -0.9996 0.0264
vn -0.7085 -0.2439 -0.6622
vn -0.6450 -0.6243 -0.4406
vn -0.0008 -0.9996 0.0268
vn 0.0308 -0.9995 0.0044
vn -0.0024 -1.0000 0.0061
vn -0.0089 -0.9997 -0.0231
vn 0.0145 -0.9989 -0.0454
vn -0.1594 -0.9872 -0.0115
vn -0.0145 -0.9997 0.0189
vn -0.0070 -1.0000 -0.0033
vn -0.0475 0.8937 -0.4461
vn -0.0898 0.8893 -0.4485
vn -0.1881 0.4252 -0.8853
vn -0.5111 0.5449 -0.6647
vn -0.1362 0.8880 -0.4391
vn 0.0019 0.9755 -0.2199
vn -0.0523 0.9289 -0.3667
vn -0.9808 -0.1160 -0.1565
vn -0.9063 -0.4173 -0.0669
vn -0.9893 -0.0697 0.1286
vn -0.9623 -0.0049 -0.2720
vn -0.9675 0.2124 0.1368
vn 0.1799 -0.9752 -0.1286
vn 0.5669 -0.8238 -0.0050
vn 0.7512 -0.3752 -0.5430
vn 0.0253 -0.9997 -0.0074
vn 0.6525 0.0369 -0.7569
vn 0.8480 -0.4941 -0.1919
vn 0.6810 0.0327 -0.7315
vn 0.4539 -0.6444 -0.6154
vn 0.7025 -0.0678 -0.7084
vn 0.0928 0.9259 0.3662
vn 0.4930 0.6146 -0.6158
vn 0.0046 0.6350 -0.7725
vn 0.1074 0.7552 -0.6466
vn 0.3255 -0.2662 -0.9073
vn 0.6170 -0.5093 -0.5999
vn 0.6114 -0.2336 -0.7561
vn 0.0049 -0.0178 -0.9998
vn 0.2223 -0.5854 -0.7797
vn -0.8029 -0.1712 -0.5710
vn -0.1119 -0.9931 0.0350
vn -0.0757 -0.9914 0.1063
vn -0.9673 -0.1379 -0.2130
vn -0.9429 -0.0016 -0.3332
vn -0.7713 0.0027 -0.6365
vn -0.6335 -0.2058 -0.7459
vn 0.8726 0.2108 0.4406
vn 0.9556 0.2920 0.0393
vn 0.6262 0.1920 0.7556
vn 0.6079 0.1755 0.7744
vn 0.9723 0.2333 -0.0160
vn 0.9283 0.2159 0.3028
vn -0.7060 0.0714 -0.7046
vn -0.8946 -0.0006 -0.4468
vn -0.9738 0.1010 -0.2036
vn -0.7448 0.0965 -0.6603
vn -0.6969 0.0515 -0.7153
vn -0.7092 0.0957 -0.6985
vn -0.0051 -0.9989 0.0472
vn -0.0049 -0.8821 -0.4710
vn -0.0234 -0.9973 0.0698
vn -0.0209 -0.9998 -0.0000
vn 0.0585 -0.2423 0.9684
vn -0.0244 -0.0423 0.9988
vn 0.5824 -0.5383 0.6091
vn 0.0637 -0.9335 0.3528
vn 0.1888 -0.0125 0.9819
vn -0.0024 -0.2166 -0.9763
vn 0.0132 -0.9285 -0.3711
vn -0.0033 0.1772 -0.9842
vn -0.0546 -0.2201 -0.9740
vn -0.3767 -0.3450 -0.8597
vn -0.2238 -0.4311 -0.8741
vn -0.2320 -0.3512 -0.9071
vn -0.3855 -0.0548 -0.9211
vn -0.4405 -0.3945 -0.8064
vn -0.1741 0.6792 -0.7130
vn -0.9915 0.0309 -0.1262
vn -0.9407 0.3389 -0.0166
vn -0.8273 0.0609 -0.5584
vn -0.0066 -1.0000 0.0009
vn -0.0111 -0.9999 0.0027
vn -0.0031 -0.9997 0.0261
vn -0.0059 -1.0000 -0.0020
vn 0.0647 -0.9976 0.0242
vn 0.2858 -0.9578 0.0311
vn -0.0086 0.3268 -0.9450
vn 0.0005 0.6741 -0.7386
vn 0.0199 0.2334 -0.9722
vn 0.0832 0.0021 -0.9965
vn 0.5199 0.7722 0.3652
vn 0.7574 0.2591 0.5994
vn 0.5141 0.6839 0.5176
vn 0.2999 0.5206 0.7994
vn -0.0492 0.7771 -0.6275
vn 0.2380 0.5835 -0.7764
vn -0.0226 0.2164 -0.9760
vn -0.0159 0.8455 -0.5337
vn -0.0172 0.9990 -0.0406
vn 0.0374 0.9990 -0.0264
vn -0.0217 0.9557 0.2936
vn -0.0527 0.8238 0.5644
vn -0.0535 0.9455 0.3212
vn -0.0356 0.9864 0.1602
vn -0.0272 0.9964 0.0807
vn -0.1479 -0.9786 -0.1433
vn -0.2917 -0.9542 -0.0660
vn -0.2369 -0.9664 -0.0996
vn -0.1380 -0.9260 -0.3514
vn -0.0666 -0.9964 -0.0529
vn -0.4222 -0.7496 -0.5097
vn 0.0058 0.9987 -0.0507
vn 0.0106 0.9987 -0.0492
vn 0.0076 0.9853 -0.1706
vn -0.0196 0.8511 -0.5246
vn -0.0748 0.9961 -0.0469
vn -0.0157 0.9996 -0.0250
vn 0.0034 0.9998 -0.0202
vn 0.8773 0.4720 0.0870
vn 0.8407 0.5319 0.1014
vn -0.1790 0.1706 0.9689
vn -0.0849 0.1846 0.9791
vn -0.0258 0.2022 0.9790
vn -0.3630 0.1466 0.9202
vn -0.7459 0.0971 0.6589
vn -0.0337 0.1501 0.9881
vn -0.7390 0.1474 0.6574
vn -0.5050 0.2054 0.8383
vn 0.4731 0.0299 -0.8805
vn 0.3942 -0.1488 -0.9069
vn 0.3121 0.0066 -0.9500
vn 0.3396 -0.0503 -0.9392
vn 0.3246 -0.1205 -0.9381
vn 0.1952 -0.2047 -0.9592
vn 0.3027 0.0284 -0.9527
vn 0.0319 -0.3529 0.9351
vn -0.0579 0.6650 -0.7446
vn -0.0479 0.8377 -0.5440
vn -0.0405 0.8918 -0.4507
vn 0.9594 0.2810 -0.0242
vn 0.9669 0.2508 -0.0463
vn 0.6295 0.1347 -0.7653
vn 0.7144 0.1883 -0.6740
vn 0.5062 -0.7915 0.3424
vn 0.0269 -0.9967 0.0772
vn 0.4943 -0.7632 0.4162
vn 0.7395 -0.2424 0.6280
vn 0.2955 -0.8174 0.4946
vn 0.7169 0.1404 0.6829
vn 0.4421 0.2139 0.8711
vn 0.4683 -0.3204 0.8234
vn 0.7080 0.1931 0.6792
vn 0.7674 0.1538 0.6225
vn 0.7174 -0.2160 0.6623
vn -0.1065 0.9943 0.0026
vn -0.0459 0.9988 0.0167
vn -0.1618 0.9847 -0.0645
vn -0.6091 0.7931 -0.0051
vn -0.1855 0.9826 0.0095
vn -0.2310 -0.4316 -0.8720
vn 0.0032 -0.7892 -0.6142
vn -0.7313 -0.4154 -0.5409
vn -0.7877 0.1433 -0.5992
vn -0.2124 0.1962 -0.9573
vn -0.0058 0.1499 -0.9887
vn 0.9951 0.0800 0.0582
vn 0.9541 0.1281 -0.2709
vn 0.9516 0.2013 -0.2322
vn 0.9335 -0.0660 0.3524
vn 0.9973 0.0462 -0.0567
vn 0.9679 0.2000 0.1521
vn 0.0176 -0.9998 -0.0099
vn -0.0035 -1.0000 0.0016
vn 0.0409 -0.9588 0.2811
vn -0.0104 -0.9959 -0.0900
vn 0.0110 -0.9999 -0.0029
vn 0.0161 -0.9998 0.0128
vn 0.0332 -0.9989 -0.0339
vn 0.0218 -0.9950 0.0976
vn -0.0214 -0.1904 0.9815
vn -0.0039 -0.4282 0.9037
vn 0.1146 -0.3314 0.9365
vn 0.0170 -0.1893 0.9818
vn -0.0212 0.0229 0.9995
vn 0.0147 -0.0408 0.9991
vn 0.0667 -0.1243 0.9900
vn 0.0769 -0.1672 -0.9829
vn 0.0035 -0.1765 -0.9843
vn -0.0038 -0.4085 -0.9128
vn -0.0330 -0.1626 -0.9861
vn -0.0154 0.0308 -0.9994
vn 0.0666 -0.3172 -0.9460
vn -0.1422 -0.0364 -0.9892
vn -0.6080 0.1275 0.7837
vn -0.6230 0.0908 0.7769
vn -0.5481 -0.0163 0.8363
vn -0.4769 0.0159 0.8788
vn 0.6589 -0.0061 -0.7522
vn 0.3708 -0.0150 -0.9286
vn 0.0930 0.4672 -0.8792
vn 0.7399 -0.1415 -0.6577
vn 0.7333 -0.1620 -0.6604
vn -0.9936 0.1105 -0.0245
vn -0.9925 0.1222 -0.0108
vn -0.9902 0.1384 -0.0178
vn -0.9956 0.0894 0.0281
vn -0.9972 0.0749 0.0035
vn -0.9913 0.1302 0.0201
vn -0.9896 0.0637 0.1293
vn -0.9943 0.1044 -0.0194
vn -0.3294 -0.6600 0.6752
vn -0.3390 -0.8658 0.3680
vn 0.0518 0.0015 0.9987
vn 0.0228 -0.7176 0.6961
vn -0.0518 -0.9872 -0.1509
vn 0.0713 -0.9814 -0.1781
vn 0.2716 -0.1708 -0.9471
vn 0.4269 -0.2099 -0.8796
vn 0.0779 -0.9938 -0.0792
vn -0.4928 -0.1340 0.8598
vn -0.4875 -0.1147 0.8656
vn -0.5025 -0.1819 0.8452
vn -0.6504 0.3430 0.6778
vn -0.4945 -0.1301 0.8594
vn 0.5811 -0.7929 -0.1831
vn 0.4878 -0.2164 -0.8457
vn 0.9964 -0.0668 -0.0518
vn 0.6195 0.0165 0.7848
vn 0.4322 0.0041 0.9018
vn 0.3694 0.0213 0.9290
vn 0.5570 -0.0131 0.8304
vn 0.7650 0.0414 0.6426
vn 0.6365 -0.0050 0.7713
vn 0.3957 0.0155 0.9182
vn -0.0179 0.9944 0.1043
vn 0.0195 0.9944 0.1038
vn 0.0090 0.9875 0.1576
vn -0.0193 0.9442 0.3289
vn -0.0164 0.9515 0.3072
vn -0.0189 0.9998 0.0090
vn 0.0075 0.9893 0.1459
vn 0.0154 0.0177 -0.9997
vn -0.7609 0.0761 0.6444
vn -0.8767 0.1314 0.4627
vn -0.5003 0.8658 -0.0000
vn -0.4368 0.7880 0.4338
vn 0.9791 0.2022 -0.0209
vn 0.8448 0.1505 -0.5135
vn -0.7186 -0.0215 0.6951
vn -0.6554 -0.0165 0.7551
vn -0.6587 -0.0455 0.7511
vn 0.2683 -0.2358 0.9340
vn -0.0108 0.6862 0.7273
vn 0.0058 0.8845 0.4665
vn 0.0914 0.1441 0.9853
vn 0.0869 -0.4960 0.8639
vn -0.6885 0.6891 0.2262
vn -0.0280 0.9818 0.1877
vn -0.6916 0.6982 0.1848
vn -0.3651 0.8045 -0.4686
vn -0.2692 0.8435 -0.4647
vn -0.3596 0.7566 -0.5461
vn -0.4463 0.6598 -0.6046
vn -0.4001 0.8719 -0.2824
vn -0.5679 0.1596 -0.8075
vn -0.5700 0.0672 -0.8189
vn -0.0419 0.7925 -0.6085
vn -0.0650 0.1619 -0.9847
vn -0.6313 0.2760 -0.7247
vn -0.0326 0.4971 -0.8671
vn -0.6149 0.5346 -0.5798
vn -0.0232 0.9996 -0.0165
vn -0.0024 0.9944 -0.1058
vn -0.0071 0.9177 -0.3972
vn -0.9920 0.1250 -0.0156
vn 0.9909 0.1308 -0.0330
vn 0.8545 0.4544 0.2517
vn 0.4967 -0.8605 -0.1136
vn -0.2228 0.6915 0.6871
vn -0.1064 0.0962 0.9897
vn 0.0186 0.6775 0.7353
vn -0.4803 0.2629 0.8368
vn -0.4789 0.6570 0.5822
vn -0.1372 0.8026 0.5805
vn -0.3318 -0.9136 -0.2352
vn 0.0025 -1.0000 0.0056
vn 0.0036 -0.0094 0.9999
vn -0.0052 -0.0408 0.9992
vn 0.0034 0.0047 1.0000
vn -0.0239 -0.0104 0.9997
vn -0.2733 0.0329 0.9614
vn -0.0117 -0.6246 0.7808
vn -0.3118 -0.6427 0.6998
vn 0.3431 0.0599 -0.9374
vn 0.8249 0.1063 -0.5552
vn 0.7049 -0.5808 -0.4071
vn 0.3006 -0.4831 -0.8224
vn 0.2134 0.1448 -0.9662
vn 0.2580 0.1965 -0.9459
vn 0.6658 0.1584 -0.7291
vn 0.0532 0.0253 0.9983
vn -0.4360 0.0339 0.8993
vn -0.3512 -0.1465 0.9248
vn -0.3075 -0.9085 0.2832
vn 0.0028 0.0204 0.9998
vn -0.0137 0.2514 0.9678
vn 0.3086 0.1598 -0.9377
vn -0.7891 -0.4821 -0.3807
vn -0.6619 -0.4878 -0.5691
vn -0.0636 -0.2970 -0.9528
vn -0.8306 0.5503 -0.0850
vn -0.9276 0.2753 -0.2525
vn -0.0908 0.9938 0.0649
vn -0.7931 0.1766 0.5829
vn -0.0791 0.9932 0.0860
vn -0.0391 0.9989 0.0272
vn 0.3295 -0.3381 -0.8815
vn 0.1731 -0.5777 -0.7977
vn 0.4571 -0.5580 -0.6926
vn -0.0608 -0.4804 0.8749
vn 0.0272 -0.6864 0.7268
vn 0.0485 -0.2607 0.9642
vn -0.0966 -0.1984 0.9753
vn -0.0724 -0.5232 0.8492
vn -0.0291 -0.2459 0.9689
vn -0.1086 -0.1823 0.9772
vn 0.9996 0.0296 -0.0006
vn 0.8823 -0.3761 -0.2829
vn 0.9364 0.0211 -0.3503
vn 0.6572 -0.7416 -0.1344
vn 0.8528 -0.3242 0.4095
vn 0.9989 0.0176 -0.0434
vn 0.7261 -0.6874 -0.0172
vn 0.9716 0.1185 0.2047
vn 0.0209 0.1694 0.9853
vn -0.0391 0.2237 0.9739
vn -0.0220 0.1704 0.9851
vn -0.0174 0.1131 0.9934
vn 0.1445 -0.8847 0.4433
vn 0.1233 -0.8416 0.5259
vn -0.0087 -0.8364 0.5480
vn 0.1601 -0.9459 0.2822
vn 0.0194 -0.8761 0.4817
vn 0.0131 0.9998 0.0154
vn 0.0239 0.9997 0.0022
vn 0.0169 0.9998 0.0057
vn -0.4478 0.6602 -0.6030
vn 0.0116 0.8373 -0.5467
vn 0.7555 0.6416 0.1328
vn 0.3120 0.1719 0.9344
vn 0.8522 0.1420 0.5036
vn 0.1675 0.9725 0.1616
vn 0.1011 0.7813 0.6160
vn 0.9866 0.1543 0.0528
vn 0.6702 0.6813 -0.2945
vn -0.7324 0.5196 -0.4400
vn -0.4191 0.9078 0.0141
vn -0.0325 0.9994 0.0098
vn -0.5803 0.5909 -0.5604
vn 0.0493 0.5541 -0.8310
vn -0.1961 0.4047 -0.8932
vn -0.0173 0.9899 -0.1407
vn 0.9949 0.0382 0.0934
vn 0.9917 0.1214 -0.0415
vn 0.8832 -0.4669 0.0446
vn 0.9329 -0.2288 0.2780
vn -0.0004 -0.4546 -0.8907
vn -0.0092 0.1570 -0.9876
vn -0.0058 -0.4811 -0.8767
vn 0.0071 -0.9945 -0.1049
vn -0.0125 -0.6177 -0.7863
vn -0.0182 0.1298 -0.9914
vn 0.0353 -0.9955 -0.0875
vn -0.0744 0.5768 0.8135
vn -0.0432 0.8447 0.5334
vn -0.0307 0.6487 0.7604
vn -0.0051 0.6479 0.7617
vn -0.0227 0.8073 0.5897
vn 0.0029 0.4418 0.8971
vn -0.0070 0.3763 0.9265
vn -0.3464 -0.3531 -0.8691
vn -0.3239 -0.2422 -0.9146
vn -0.5234 -0.4178 -0.7426
vn -0.2954 -0.6333 -0.7153
vn -0.4371 -0.3385 -0.8333
vn -0.4126 -0.2278 -0.8820
vn -0.3384 -0.6959 -0.6335
vn 0.4518 -0.8051 -0.3844
vn 0.1858 -0.9795 -0.0775
vn -0.7220 0.1168 0.6820
vn -0.7210 0.0631 0.6901
vn -0.7351 0.1084 0.6693
vn -0.7345 0.2146 0.6438
vn -0.6971 0.2192 0.6827
vn 0.9993 0.0054 -0.0366
vn 0.9747 0.2209 0.0335
vn 0.9661 0.0045 0.2580
vn 0.9399 0.3029 0.1578
vn 0.2964 0.0571 -0.9534
vn 0.6413 0.0910 -0.7619
vn 0.6002 0.0952 -0.7942
vn 0.1360 -0.0208 0.9905
vn 0.3144 0.2685 0.9105
vn -0.0067 0.3527 -0.9357
vn 0.2535 0.3802 -0.8895
vn -0.0060 0.4901 -0.8717
vn 0.2908 0.4583 -0.8399
vn 0.0232 0.3967 -0.9177
vn 0.0347 0.9926 0.1164
vn -0.2226 -0.9639 0.1459
vn -0.7951 -0.3074 -0.5228
vn -0.8306 -0.2908 -0.4749
vn 0.0314 -0.9276 -0.3723
vn 0.0734 -0.9843 -0.1605
vn 0.0108 -0.9999 -0.0000
vn -0.0255 -0.9995 -0.0169
vn 0.1927 -0.9152 -0.3539
vn -0.0202 -0.9920 -0.1245
vn -0.0058 0.0032 1.0000
vn -0.0239 -0.0004 0.9997
vn 0.0347 0.0038 0.9994
vn -0.0561 0.1115 0.9922
vn 0.0759 0.1588 0.9844
vn 0.0113 -0.0331 0.9994
vn 0.3362 0.0130 0.9417
vn -0.3340 0.3006 0.8934
vn -0.1664 0.5076 0.8454
vn -0.3728 0.8900 -0.2624
vn -0.6719 0.2694 -0.6899
vn -0.4536 -0.0963 0.8860
vn 0.3084 -0.7748 0.5519
vn 0.5133 -0.8566 -0.0516
vn 0.3678 0.8934 -0.2579
vn 0.5127 0.8584 0.0163
vn 0.9223 -0.0174 -0.3860
vn 0.6649 0.2999 -0.6841
vn 0.6466 -0.1251 -0.7525
vn 0.4719 0.4471 -0.7599
vn 0.0781 0.9820 -0.1718
vn 0.0506 0.9987 0.0011
vn 0.0071 -0.9999 -0.0080
vn 0.0021 -1.0000 -0.0079
vn -0.0038 -0.9999 -0.0149
vn 0.1759 -0.9640 0.1992
vn 0.0360 -0.9986 -0.0396
vn -0.0131 -0.0342 0.9993
vn 0.0398 0.0561 0.9976
vn 0.0070 0.0179 0.9998
vn 0.6939 0.1121 -0.7113
vn 0.6689 0.2184 -0.7105
vn 0.6454 0.0786 -0.7598
vn 0.4334 -0.1839 -0.8822
vn 0.3562 0.3775 -0.8547
vn 0.6783 0.3798 -0.6290
vn -0.0200 0.2961 0.9550
vn 0.3005 0.2553 0.9190
vn 0.0412 0.5874 0.8083
vn -0.0281 0.5868 0.8093
vn 0.1451 0.1994 0.9691
vn -0.5391 -0.4537 -0.7096
vn 0.1918 -0.7906 -0.5815
vn -0.2600 -0.1821 -0.9483
vn -0.0879 -0.2233 -0.9708
vn -0.0043 -0.9884 -0.1519
vn -0.1224 0.0042 -0.9925
vn -0.0297 -0.9886 -0.1476
vn 0.2435 0.9699 0.0040
vn 0.0813 0.9946 0.0645
vn 0.7245 0.6797 -0.1147
vn -0.0804 0.1197 -0.9895
vn -0.0126 0.1707 -0.9852
vn -0.0144 0.1932 -0.9811
vn -0.0907 0.1822 -0.9791
vn -0.3117 0.1897 -0.9310
vn -0.0177 0.1890 -0.9818
vn -0.2087 0.1559 -0.9655
vn -0.2993 0.9488 0.1013
vn -0.3225 0.9121 0.2533
vn 0.6384 0.5589 0.5292
vn 0.8468 0.1312 0.5154
vn 0.0048 -0.1080 0.9941
vn 0.1509 0.4321 -0.8891
vn -0.2857 0.7823 -0.5535
vn -0.4593 0.8883 -0.0000
vn 0.6524 0.2280 0.7227
vn 0.2358 0.0859 0.9680
vn -0.4345 0.8504 0.2968
vn -0.0118 -0.1057 -0.9943
vn -0.5079 -0.6643 0.5484
vn 0.7545 -0.4373 -0.4894
vn -0.0172 0.1693 -0.9854
vn -0.0154 0.1520 -0.9883
vn -0.0425 -0.0316 -0.9986
vn 0.0163 0.9602 0.2789
vn -0.0387 0.9607 0.2748
vn -0.8265 0.5216 0.2116
vn -0.9675 0.0782 0.2404
vn -0.8266 0.3285 0.4570
vn 0.0150 -0.9584 -0.2850
vn -0.0302 -0.8716 -0.4893
vn 0.0096 -0.9120 -0.4100
vn 0.0081 -0.9492 -0.3147
vn -0.0099 -0.9894 -0.1448
vn 0.0041 -0.9924 -0.1231
vn 0.1444 -0.8258 -0.5451
vn 0.0717 -0.0766 -0.9945
vn 0.7070 -0.1170 -0.6974
vn 0.6914 -0.3108 -0.6523
vn 0.0773 -0.8277 -0.5558
vn 0.6839 0.1455 -0.7149
vn 0.7273 0.1931 -0.6586
vn -0.8953 0.4454 0.0097
vn -0.9931 0.1132 0.0319
vn 0.9431 -0.0151 -0.3323
vn 0.0563 -0.9933 0.1008
vn -0.0140 -0.6911 0.7227
vn 0.1601 -0.9871 -0.0098
vn 0.0302 -0.7418 0.6699
vn 0.0162 -0.6717 0.7406
vn -0.0230 -0.5201 0.8538
vn -0.6239 -0.0203 -0.7812
vn -0.4768 -0.1594 -0.8645
vn -0.6983 0.0008 -0.7158
vn -0.4986 -0.3242 -0.8039
vn -0.5151 0.1215 -0.8485
vn -0.4433 0.0050 -0.8964
vn 0.4246 -0.0357 0.9047
vn 0.1553 0.2986 0.9417
vn 0.0913 0.1054 0.9902
vn 0.4750 -0.2477 0.8444
vn 0.7535 -0.1371 0.6430
vn 0.7035 -0.0237 0.7103
vn -0.2848 -0.6103 -0.7392
vn -0.1086 -0.2320 -0.9666
vn -0.3421 -0.1556 -0.9267
vn -0.0531 0.9986 -0.0036
vn -0.1140 0.9884 -0.1001
vn -0.3103 0.9505 -0.0167
vn -0.1510 0.9772 0.1494
vn -0.7897 -0.6133 0.0188
vn -0.7207 -0.6931 -0.0157
vn -0.9529 -0.3020 0.0267
vn -0.0466 -0.9971 -0.0605
vn -0.9518 -0.3013 -0.0580
vn -0.6415 -0.6969 -0.3207
vn 0.0881 0.9914 -0.0968
vn -0.0029 0.9999 0.0138
vn 0.0425 0.8413 -0.5389
vn -0.0101 -0.9999 -0.0045
vn 0.0544 -0.9954 0.0784
vn 0.5262 -0.0178 -0.8502
vn 0.4626 0.5669 -0.6816
vn 0.9640 0.2405 -0.1138
vn -0.1496 -0.1089 -0.9827
vn 0.0336 0.8720 -0.4883
vn -0.3171 0.0210 -0.9482
vn 0.9299 -0.0779 0.3595
vn 0.9023 0.0451 0.4287
vn -0.0150 -0.7121 -0.7019
vn -0.9901 -0.1230 0.0683
vn -0.9934 -0.1104 0.0304
vn -0.9970 -0.0769 -0.0052
vn -0.9935 -0.0653 0.0931
vn -0.7780 -0.0948 0.6211
vn 0.3521 -0.8725 -0.3387
vn 0.9686 -0.0475 -0.2441
vn 0.3171 -0.9252 -0.2086
vn 0.0531 -0.9874 -0.1492
vn 0.9977 -0.0507 -0.0452
vn -0.1093 0.1452 0.9833
vn -0.0990 0.2602 0.9605
vn -0.2785 0.1988 0.9396
vn -0.2779 0.0064 0.9606
vn -0.0983 0.0448 0.9942
vn 0.8522 -0.2013 -0.4829
vn 0.9885 -0.1508 -0.0079
vn 0.7183 -0.2163 -0.6613
vn 0.9082 -0.1176 -0.4016
vn 0.9984 -0.0556 0.0053
vn -0.0597 0.0248 0.9979
vn -0.0101 0.0201 0.9997
vn 0.0168 0.0508 0.9986
vn 0.1429 0.0700 0.9873
vn -0.0011 0.0063 1.0000
vn 0.0771 -0.0458 0.9960
vn 0.6366 -0.0060 -0.7712
vn 0.6175 0.0205 -0.7863
vn 0.7895 -0.0050 -0.6137
vn 0.7364 -0.2095 -0.6433
vn 0.6338 -0.2035 -0.7463
vn 0.4856 0.0092 -0.8741
vn -0.0060 -0.9999 0.0096
vn -0.0063 -0.9999 -0.0137
vn 0.0216 -0.9991 0.0376
vn -0.0064 -0.8278 0.5610
vn 0.0043 -0.7761 0.6306
vn -0.0082 -0.9992 -0.0381
vn 0.0006 -1.0000 0.0015
vn -0.9990 0.0308 0.0319
vn -0.9130 -0.3896 -0.1208
vn -0.9998 0.0209 0.0047
vn -0.9282 0.1563 -0.3378
vn -0.9594 0.1400 0.2450
vn -0.7422 0.3357 0.5800
vn 0.5538 -0.4960 -0.6689
vn 0.5950 -0.0119 -0.8036
vn 0.6589 -0.0885 -0.7470
vn 0.4087 -0.7366 -0.5390
vn 0.7568 -0.5515 -0.3509
vn 0.6505 0.0185 0.7593
vn 0.8603 0.0177 0.5094
vn 0.7114 0.0066 0.7028
vn 0.6775 -0.0393 0.7344
vn 0.7086 0.0039 0.7056
vn 0.6505 0.0466 0.7580
vn 0.5914 0.0352 -0.8056
vn 0.6990 -0.0660 -0.7120
vn 0.7928 -0.3257 -0.5153
vn 0.9912 -0.0677 0.1141
vn 0.0213 0.7767 0.6295
vn 0.0652 0.8307 0.5529
vn 0.0117 0.6173 0.7866
vn 0.0296 0.7971 0.6032
vn 0.0176 0.8927 0.4503
vn -0.5147 -0.0883 -0.8528
vn -0.4277 -0.1885 -0.8840
vn -0.2860 0.0350 -0.9576
vn -0.2522 0.3684 -0.8948
vn -0.1964 0.1754 -0.9647
vn -0.2296 0.0311 -0.9728
vn -0.3338 -0.1633 -0.9284
vn -0.8107 -0.1013 0.5766
vn -0.1241 -0.9908 -0.0543
vn -0.6646 -0.1855 0.7238
vn -0.9034 0.0260 0.4280
vn -0.9742 -0.0421 0.2219
vn -0.0872 -0.9959 0.0252
vn -0.7044 0.0015 0.7098
vn 0.6965 0.4703 -0.5420
vn 0.8018 -0.2114 -0.5589
vn 0.7148 0.1350 -0.6862
vn 0.5767 0.2431 -0.7799
vn 0.9441 0.2846 -0.1665
vn 0.9440 0.3291 -0.0228
vn -0.0321 -0.6970 0.7164
vn 0.2156 -0.7874 0.5775
vn 0.2108 0.0502 -0.9762
vn 0.1514 -0.0046 -0.9885
vn 0.1024 0.0341 -0.9942
vn -0.0420 0.0188 -0.9989
vn -0.0345 0.9492 -0.3127
vn 0.0628 0.9916 -0.1135
vn 0.1498 0.4655 -0.8723
vn -0.2972 -0.0600 0.9529
vn -0.3549 -0.1939 0.9146
vn -0.2774 -0.2770 0.9199
vn -0.2361 0.4314 0.8707
vn -0.2836 0.1033 0.9533
vn -0.9225 0.0264 0.3850
vn -0.8027 0.2275 0.5512
vn -0.6428 0.2547 0.7224
vn -0.7362 0.6072 0.2988
vn -0.8661 0.3213 0.3830
vn -0.5154 -0.1235 0.8480
vn -0.7407 0.4015 0.5387
vn -0.2021 0.4369 0.8765
vn -0.4299 0.8630 0.2653
vn -0.7985 -0.1376 0.5860
vn 0.7381 0.3824 0.5559
vn 0.8909 -0.0114 0.4541
vn 0.0015 -0.9969 0.0785
vn -0.0057 -0.9999 0.0142
vn 0.0252 -0.7582 0.6515
vn 0.0303 -0.6867 0.7263
vn 0.2110 -0.9477 0.2393
vn 0.2498 -0.4361 -0.8645
vn 0.3388 -0.1739 -0.9247
vn 0.6821 0.0861 0.7262
vn 0.6204 0.0553 0.7823
vn 0.6697 0.1107 0.7343
vn 0.5660 0.4520 0.6895
vn 0.7588 0.2544 0.5996
vn 0.7299 0.1254 0.6720
vn 0.6883 0.0658 0.7224
vn -0.3089 -0.1794 -0.9340
vn -0.1125 0.1271 -0.9855
vn -0.0675 -0.4783 -0.8756
vn -0.2871 0.4706 -0.8343
vn -0.3721 0.1657 -0.9133
vn -0.3018 0.0302 -0.9529
vn -0.3146 -0.1625 -0.9352
vn -0.1973 -0.9395 0.2801
vn -0.0099 -0.0724 -0.9973
vn 0.1236 0.1462 -0.9815
vn 0.2926 0.1206 -0.9486
vn 0.8693 0.1155 -0.4806
vn -0.4105 0.4132 0.8128
vn 0.5312 -0.3415 -0.7754
vn -0.0050 -0.9966 0.0827
vn -0.0011 -0.6815 0.7318
vn 0.0056 -0.9909 0.1342
vn -0.7388 -0.5949 0.3166
vn -0.4122 0.1198 0.9032
vn -0.7786 -0.0298 0.6268
vn -0.3574 -0.8684 0.3438
vn -0.4848 -0.8500 0.2063
vn -0.4474 -0.8383 0.3117
vn 0.0015 -0.9963 0.0854
vn -0.0003 -0.9989 0.0473
vn 0.0754 -0.9926 0.0956
vn -0.0037 -0.9580 0.2867
vn -0.7785 -0.6277 0.0001
vn -0.8149 -0.5426 0.2038
vn -0.0580 0.9783 -0.1988
vn -0.0016 0.4551 -0.8904
vn 0.0136 0.9999 0.0082
vn 0.7504 0.6181 0.2343
vn -0.9643 0.0885 -0.2495
vn -0.6868 0.1393 -0.7134
vn -0.9964 0.0836 0.0171
vn -0.9722 0.1328 -0.1927
vn -0.9942 0.1064 0.0130
vn 0.9159 0.1935 0.3517
vn 0.8110 0.1003 0.5764
vn 0.8774 0.2798 0.3896
vn 0.9392 0.3321 0.0878
vn 0.8625 0.4821 0.1537
vn -0.0114 -0.9742 -0.2253
vn 0.0018 -0.9852 -0.1715
vn -0.0320 -0.9165 -0.3988
vn -0.0000 -1.0000 -0.0000
vn 0.0428 -0.9880 -0.1485
vn -0.0145 0.9856 0.1683
vn -0.2999 0.1482 0.9424
vn -0.1570 0.9723 0.1733
vn 0.0557 0.9884 0.1410
vn -0.7292 0.1841 0.6590
vn -0.7020 0.1099 0.7037
vn -0.7211 0.2252 0.6552
vn -0.7235 0.1621 0.6710
vn -0.7142 0.1280 0.6881
vn -0.6967 0.1791 0.6947
vn -0.8938 0.1360 0.4274
vn -0.7149 0.1585 0.6810
vn -0.7264 0.1289 0.6751
vn -0.9720 0.1254 0.1988
vn -0.9955 0.0888 0.0334
vn -0.8263 -0.4406 0.3508
vn -0.3159 -0.5547 0.7697
vn -0.0039 -0.9941 0.1081
vn 0.0063 -0.9094 0.4160
vn -0.0395 -0.9907 0.1300
vn -0.3339 -0.2091 0.9191
vn 0.0551 0.9984 -0.0148
vn -0.0003 1.0000 0.0036
vn -0.7492 -0.5324 -0.3941
vn -0.2503 -0.7294 -0.6367
vn -0.7790 -0.2582 -0.5715
vn 0.7111 0.0370 -0.7022
vn 0.0570 0.0717 -0.9958
vn 0.0217 0.8471 -0.5310
vn 0.7727 -0.0200 -0.6345
vn 0.4959 0.1857 -0.8483
vn 0.1467 0.9731 -0.1774
vn 0.2489 0.0045 -0.9685
vn 0.1660 -0.3663 -0.9156
vn 0.3343 0.2220 -0.9159
vn 0.6747 0.7380 0.0116
vn 0.8383 -0.0294 0.5445
vn 0.3362 -0.3164 0.8870
vn 0.7852 -0.6193 0.0018
vn 0.9968 -0.0692 0.0400
vn 0.6058 0.1589 0.7796
vn 0.8684 -0.0694 -0.4911
vn 0.8090 -0.2816 -0.5159
vn 0.7827 0.0979 -0.6146
vn 0.9662 0.0179 -0.2571
vn 0.9257 -0.3346 -0.1765
vn 0.0676 -0.5813 0.8109
vn -0.3401 -0.8335 -0.4355
vn -0.1884 -0.9692 -0.1589
vn -0.0963 -0.2653 -0.9593
vn 0.6559 -0.6014 -0.4562
vn -0.3758 -0.4565 -0.8065
vn 0.7088 -0.2447 0.6616
vn 0.6722 -0.2639 0.6917
vn 0.7158 -0.2494 0.6522
vn 0.4335 0.0858 0.8970
vn 0.5016 -0.2413 0.8308
vn 0.7275 -0.2095 0.6533
vn 0.7469 -0.1066 0.6564
vn 0.1746 -0.4542 0.8736
vn 0.1259 -0.4244 0.8967
vn 0.0584 -0.9275 0.3692
vn 0.4371 -0.8082 0.3946
vn 0.9191 -0.0483 0.3911
vn 0.8163 -0.3204 0.4806
vn 0.8864 -0.3293 0.3254
vn 0.7556 0.0006 0.6550
vn 0.8972 -0.1154 0.4262
vn 0.9813 -0.0018 0.1923
vn -0.0088 -0.8055 -0.5925
vn 0.0058 -0.7027 -0.7114
vn -0.0174 -0.0496 -0.9986
vn 0.0101 -0.5466 -0.8373
vn 0.0795 -0.9570 -0.2789
vn -0.3224 0.1769 0.9299
vn -0.1078 0.0428 -0.9932
vn -0.0275 -0.1861 -0.9822
vn -0.9577 -0.0269 0.2864
vn -0.9585 0.1675 0.2306
vn 0.7476 -0.6641 0.0017
vn 0.0190 -0.9998 -0.0028
vn 0.0722 -0.9961 -0.0501
vn -0.3072 0.2854 0.9078
vn 0.0016 0.1652 0.9863
vn 0.0218 0.2358 0.9716
vn -0.6035 0.5667 0.5609
vn -0.7220 0.2119 0.6586
vn -0.0441 0.9973 0.0586
vn -0.4999 0.1813 0.8469
vn -0.0194 0.8479 0.5298
vn 0.6922 0.0432 -0.7205
vn 0.7344 0.0440 -0.6773
vn 0.6766 0.1047 -0.7289
vn 0.6348 0.0865 -0.7679
vn -0.0575 0.1800 0.9820
vn -0.0081 0.2122 0.9772
vn 0.0237 0.2314 0.9726
vn 0.0461 0.1846 0.9817
vn -0.0521 0.7512 -0.6580
vn -0.0945 0.6995 -0.7083
vn -0.0323 0.6658 -0.7454
vn -0.0323 0.8449 -0.5339
vn -0.0639 0.8564 -0.5124
vn 0.1081 0.8141 -0.5706
vn -0.0265 0.7263 -0.6868
vn 0.0147 -0.7807 0.6247
vn -0.4409 -0.2163 -0.8711
vn 0.0184 -0.9007 -0.4340
vn 0.9724 0.2330 0.0115
vn 0.9790 0.1999 0.0396
vn 0.9585 0.2715 0.0875
vn 0.9696 0.2429 -0.0304
vn 0.9455 0.3256 -0.0045
vn 0.9476 0.3189 -0.0177
vn -0.4630 0.1734 -0.8692
vn -0.4719 0.1232 -0.8730
vn -0.7149 0.0754 -0.6951
vn -0.0127 0.2008 -0.9796
vn -0.6073 0.3652 -0.7055
vn -0.2856 0.6127 -0.7369
vn 0.2191 0.0312 0.9752
vn 0.3797 0.0215 0.9249
vn 0.3090 0.1607 0.9374
vn 0.0566 0.1529 0.9866
vn -0.9682 0.1396 -0.2074
vn -0.5035 0.0216 -0.8637
vn -0.5930 -0.1881 -0.7829
vn -0.7550 -0.2323 -0.6132
vn -0.5215 0.3563 -0.7753
vn -0.7374 -0.1955 -0.6466
vn -0.3948 -0.0265 -0.9184
vn 0.9304 -0.2571 -0.2614
vn 0.7628 -0.5457 -0.3469
vn 0.7000 -0.2884 -0.6533
vn -0.5144 0.6856 0.5151
vn 0.1143 0.9805 -0.1601
vn 0.0878 0.9182 -0.3864
vn 0.0393 0.9970 -0.0668
vn 0.3621 0.6003 -0.7131
vn 0.6475 0.5197 -0.5574
vn 0.2116 -0.1592 0.9643
vn -0.0066 -0.9865 0.1637
vn 0.4762 -0.3482 0.8075
vn 0.3832 -0.4099 0.8277
vn -0.0341 -0.5188 0.8542
vn -0.0169 0.2453 -0.9693
vn 0.0067 0.5009 -0.8655
vn -0.0058 0.1955 -0.9807
vn -0.0107 0.2878 -0.9576
vn -0.0044 0.4500 -0.8930
vn -0.6578 0.4515 -0.6030
vn -0.5972 0.0520 -0.8004
vn -0.7970 0.2466 -0.5514
vn -0.4121 0.7712 -0.4852
vn -0.4178 0.8943 -0.1601
vn -0.3215 0.5697 -0.7564
vn -0.4639 -0.8784 0.1146
vn -0.9954 -0.0940 0.0197
vn -0.5203 -0.8400 -0.1537
vn 0.0193 -0.9996 0.0205
vn -0.0722 -0.0902 -0.9933
vn -0.2970 -0.4202 -0.8574
vn -0.5048 0.1909 -0.8418
vn -0.0335 0.1241 -0.9917
vn -0.0253 0.0939 -0.9953
vn -0.3213 0.1508 -0.9349
vn 0.0021 -0.9999 -0.0102
vn 0.1608 -0.0070 0.9870
vn 0.6934 -0.0016 0.7206
vn 0.2575 -0.0278 0.9659
vn 0.0104 -0.0000 0.9999
vn 0.0001 -0.0121 0.9999
vn -0.0576 -0.6698 -0.7403
vn 0.0037 -0.6949 -0.7191
vn -0.5059 0.1713 0.8454
vn -0.0712 0.9860 0.1508
vn -0.6554 0.1531 0.7396
vn -0.6018 0.1229 0.7891
vn -0.5064 0.1026 0.8562
vn -0.2235 0.1735 0.9592
vn -0.7013 0.2606 0.6635
vn -0.1295 -0.4990 0.8569
vn -0.1018 -0.4747 0.8742
vn -0.0837 0.1504 0.9851
vn -0.7524 0.6587 -0.0015
vn -0.9820 0.1885 0.0078
vn 0.2239 0.6839 0.6944
vn 0.0474 0.7179 0.6946
vn -0.0235 0.9965 0.0802
vn -0.0014 0.9313 0.3643
vn 0.0341 0.7392 0.6726
vn 0.1424 0.9653 0.2187
vn 0.0290 0.3399 0.9400
vn -0.0507 -0.9984 -0.0238
vn -0.5784 -0.5650 0.5884
vn -0.9395 -0.3322 0.0830
vn -0.0130 0.9988 0.0464
vn -0.0038 0.9998 0.0212
vn -0.0045 1.0000 -0.0019
vn 0.3930 0.8620 0.3201
vn 0.0505 0.9976 0.0478
vn -0.3132 0.9470 -0.0709
vn -0.1527 0.9354 -0.3191
vn -0.5678 0.7847 -0.2486
vn -0.4953 0.8666 0.0602
vn -0.2167 0.9762 0.0021
vn -0.1444 0.9656 -0.2160
vn -0.1560 -0.9856 0.0646
vn -0.4343 -0.7750 0.4591
vn -0.6300 -0.0978 0.7704
vn -0.0714 -0.9942 0.0799
vn -0.5563 -0.6444 0.5247
vn -0.7728 -0.6347 -0.0012
vn -0.4048 -0.9127 -0.0567
vn -0.7589 -0.6505 0.0295
vn -0.0212 0.9997 0.0088
vn 0.6881 0.4004 0.6052
vn -0.7963 -0.6047 0.0136
vn -0.9887 0.0347 -0.1456
vn -0.7673 -0.4789 -0.4265
vn -0.3824 -0.9239 -0.0110
vn -0.5981 -0.7889 -0.1412
vn -0.9399 -0.1843 -0.2874
vn -0.0011 -0.6700 -0.7424
vn -0.0268 0.6975 -0.7161
vn 0.0130 0.8957 -0.4444
vn 0.1196 -0.8144 -0.5678
vn -0.1109 -0.6095 -0.7850
vn -0.0012 -0.3613 -0.9325
vn 0.9848 -0.0112 0.1731
vn 0.9569 -0.2117 0.1990
vn -0.0182 -0.9941 -0.1070
vn -0.0114 -0.6828 -0.7305
vn 0.0042 -0.9982 -0.0594
vn -0.9802 -0.1975 -0.0165
vn -0.5016 -0.4518 -0.7378
vn 0.0002 -0.4676 -0.8840
vn -0.0407 0.4670 0.8833
vn -0.0070 0.2433 0.9699
vn -0.0278 0.1939 0.9806
vn -0.7656 0.2726 0.5827
vn -0.2141 0.8482 -0.4845
vn -0.8614 0.4192 -0.2867
vn -0.1578 0.9841 -0.0812
vn 0.1847 -0.5946 0.7825
vn 0.1827 -0.4965 0.8486
vn 0.1488 0.2406 0.9592
vn 0.4097 0.2649 0.8729
vn -0.0048 -0.9981 0.0621
vn 0.0246 0.9058 0.4230
vn 0.0825 0.9891 0.1220
vn 0.0199 0.9372 0.3482
vn 0.0535 0.7185 0.6934
vn 0.2456 0.6972 0.6735
vn 0.0182 0.9972 0.0725
vn 0.6442 -0.0455 0.7635
vn 0.7343 -0.5907 0.3344
vn -0.5941 0.4035 0.6958
vn -0.5585 -0.0969 0.8239
vn -0.6369 -0.1169 0.7620
vn -0.0193 -0.8976 -0.4405
vn 0.0629 0.7624 0.6441
vn -0.0848 0.1133 0.9899
vn -0.0102 0.4567 0.8896
vn -0.0025 0.9991 0.0430
vn 0.0518 0.9964 0.0667
vn 0.2153 0.8352 0.5061
vn 0.7198 0.1409 -0.6797
vn 0.7286 0.6833 0.0469
vn 0.9206 -0.0784 -0.3825
vn 0.9916 -0.1290 0.0045
vn -0.0104 -0.0367 0.9993
vn -0.0003 0.0429 0.9991
vn 0.1439 -0.9521 -0.2697
vn 0.2927 -0.1294 -0.9474
vn -0.0045 -0.9999 -0.0100
vn 0.0097 -0.9999 0.0025
vn -0.0102 -0.9999 -0.0029
vn 0.4911 0.2302 -0.8401
vn 0.2632 0.2265 -0.9378
vn 0.5075 0.5341 -0.6761
vn 0.4714 0.1958 -0.8599
vn 0.4201 0.2878 -0.8606
vn -0.8705 -0.2950 -0.3940
vn -0.8678 -0.0197 -0.4966
vn -0.9029 0.0052 -0.4299
vn -0.6947 0.0927 -0.7133
vn -0.7236 0.0928 -0.6839
vn -0.6956 0.1100 -0.7100
vn -0.8398 0.1105 -0.5316
vn -0.9046 0.0794 -0.4189
vn -0.7041 0.1437 -0.6954
vn -0.7049 0.1645 -0.6900
vn -0.3195 0.8100 0.4918
vn 0.1750 0.8890 0.4232
vn 0.2408 0.1793 0.9539
vn 0.3895 -0.0078 0.9210
vn 0.6303 0.2825 0.7231
vn 0.2335 0.5874 0.7749
vn 0.0577 0.2830 -0.9574
vn 0.5031 0.3965 -0.7679
vn -0.0940 0.2029 -0.9747
vn 0.3559 0.4380 -0.8255
vn 0.0107 0.7582 -0.6519
vn 0.0181 0.7459 -0.6658
vn 0.1622 0.3078 -0.9375
vn 0.0118 0.9350 0.3545
vn 0.2849 0.7604 0.5837
vn 0.1589 0.9357 0.3149
vn 0.0113 0.9675 0.2525
vn 0.0188 0.9599 0.2799
vn -0.0304 0.9909 -0.1311
vn -0.0393 0.9650 -0.2594
vn -0.1053 -0.9857 0.1315
vn -0.0721 -0.9959 0.0555
vn 0.0357 -0.9240 0.3808
vn -0.6274 -0.2587 0.7345
vn -0.6919 -0.1464 0.7069
vn 0.6770 -0.7360 -0.0001
vn 0.7386 -0.6544 -0.1621
vn 0.8616 -0.5060 -0.0408
vn 0.0243 -0.9992 -0.0308
vn -0.0616 -0.9704 0.2335
vn -0.2150 -0.9574 0.1926
vn -0.0112 -0.9999 0.0075
vn 0.0507 -0.9986 -0.0159
vn 0.0437 -0.9974 0.0573
vn -0.0880 -0.9946 -0.0557
vn 0.0155 -0.4819 0.8761
vn -0.0345 -0.1096 0.9934
vn -0.3251 -0.4418 0.8361
vn -0.6835 -0.2072 0.6999
vn -0.3982 -0.1775 0.9000
vn 0.3646 0.9276 -0.0812
vn 0.3940 0.8078 -0.4385
vn 0.0028 0.9356 -0.3529
vn 0.9654 0.2574 0.0420
vn 0.9551 0.1725 -0.2410
vn -0.0004 0.9961 0.0879
vn 0.2067 0.9581 0.1983
vn 0.0458 0.9960 -0.0773
vn 0.8548 0.1467 0.4978
vn 0.9461 0.1221 -0.3001
vn 0.3507 0.8913 -0.2875
vn 0.3183 0.9307 0.1800
vn 0.6859 -0.0524 0.7258
vn 0.1596 -0.9467 0.2797
vn -0.0628 -0.9651 0.2541
vn 0.6682 -0.2779 -0.6901
vn 0.6893 -0.2544 -0.6784
vn 0.3516 -0.8509 -0.3904
vn 0.4493 -0.2592 -0.8550
vn 0.2772 -0.5945 -0.7548
vn -0.0696 -0.9976 0.0030
vn 0.1216 0.0316 -0.9921
vn 0.0858 -0.0465 -0.9952
vn 0.2502 0.1510 -0.9564
vn 0.1623 -0.9861 0.0351
vn -0.0103 -0.4694 0.8829
vn -0.0013 -0.5472 0.8370
vn -0.0071 -0.0389 0.9992
vn -0.2798 -0.5144 0.8106
vn -0.0122 -0.0158 0.9998
vn 0.0410 -0.1968 0.9796
vn 0.0094 -0.3489 0.9371
vn 0.0178 -0.3122 0.9499
vn -0.0107 -0.0321 0.9994
vn -0.0126 -0.1995 0.9798
vn -0.7434 0.0760 -0.6645
vn -0.6555 0.1903 -0.7309
vn -0.6165 0.1695 -0.7689
vn -0.7116 0.1235 -0.6916
vn -0.8348 0.1405 -0.5324
vn -0.0186 0.5667 -0.8237
vn -0.2716 0.2271 -0.9352
vn -0.5479 0.6984 -0.4605
vn -0.0198 0.9941 -0.1066
vn 0.0004 0.2310 -0.9729
vn -0.1365 0.4554 -0.8797
vn 0.9558 -0.2917 -0.0357
vn 0.0246 0.9997 0.0012
vn 0.0120 0.9801 0.1980
vn 0.4879 0.8022 0.3442
vn 0.4777 0.7276 0.4923
vn 0.0470 0.9988 0.0110
vn 0.4233 0.1780 -0.8883
vn 0.7932 0.1622 -0.5870
vn 0.9726 0.1702 0.1581
vn 0.9267 0.0571 0.3716
vn 0.5098 0.6343 0.5812
vn -0.9869 -0.0727 -0.1439
vn -0.9933 -0.0418 -0.1080
vn -0.7094 0.0273 -0.7043
vn -0.1613 0.0156 0.9868
vn 0.0047 0.0149 0.9999
vn -0.0071 -0.0606 0.9981
vn -0.1860 -0.1212 0.9751
vn 0.9621 0.2711 -0.0304
vn 0.7959 0.6019 0.0654
vn -0.6274 0.5744 0.5258
vn -0.2634 0.6258 0.7342
vn -0.0197 0.6039 -0.7968
vn 0.5760 0.6209 -0.5318
vn 0.1671 0.1827 -0.9689
vn -0.2518 0.9652 -0.0710
vn -0.1146 0.1088 -0.9874
vn -0.2952 -0.6917 0.6591
vn -0.4782 -0.7349 0.4810
vn -0.8843 0.2621 -0.3863
vn -0.6371 0.4704 -0.6106
vn -0.3241 0.7545 -0.5707
vn -0.0356 0.6838 -0.7288
vn -0.4596 0.4992 -0.7346
vn -0.1288 0.7687 -0.6266
vn -0.9751 0.0931 -0.2015
vn -0.9959 0.0209 0.0876
vn -0.9684 0.0355 0.2469
vn -0.9675 -0.0092 -0.2526
vn -0.7027 0.2545 0.6644
vn -0.6695 0.3147 0.6728
vn -0.8510 0.2588 0.4570
vn -0.6116 0.2677 0.7445
vn -0.6780 0.2232 0.7003
vn 0.6904 0.0662 -0.7204
vn -0.0419 0.6158 0.7868
vn -0.0071 0.2955 0.9553
vn -0.0264 0.8314 -0.5551
vn -0.0715 0.9052 -0.4189
vn -0.2444 -0.1800 0.9528
vn -0.3124 -0.2215 0.9238
vn -0.3587 -0.3526 0.8643
vn -0.0063 1.0000 -0.0038
vn -0.0062 0.9997 -0.0216
vn 0.0010 1.0000 -0.0008
vn -0.0126 0.9999 0.0006
vn 0.3867 0.9209 -0.0481
vn 0.8988 -0.1507 0.4118
vn 0.5172 0.0024 0.8559
vn 0.3416 -0.0153 0.9397
vn 0.2778 -0.0436 0.9597
vn 0.6983 -0.0240 0.7154
vn -0.1052 0.2148 -0.9710
vn 0.4050 0.1927 -0.8938
vn 0.2439 -0.5619 -0.7904
vn -0.0348 -0.4458 -0.8945
vn -0.0072 0.2070 -0.9783
vn -0.0850 0.2208 -0.9716
vn 0.0946 0.2669 -0.9591
vn -0.0087 0.8244 0.5659
vn 0.0202 -0.9991 -0.0382
vn -0.8821 -0.4684 -0.0499
vn 0.0164 -0.9793 -0.2016
vn -0.0012 -0.9990 -0.0455
vn 0.0588 -0.9945 0.0862
vn -0.0067 -0.0234 0.9997
vn 0.6363 0.2264 -0.7375
vn 0.6178 0.2573 -0.7431
vn 0.5917 0.2297 -0.7727
vn -0.6375 0.7695 -0.0394
vn -0.7083 0.6725 0.2147
vn -0.4004 0.9008 0.1681
vn -0.9063 0.4113 -0.0971
vn -0.0095 -0.9948 0.1018
vn 0.1458 -0.4205 0.8955
vn 0.0387 -0.6304 0.7753
vn 0.0467 -0.4432 0.8952
vn 0.1315 -0.4131 0.9012
vn 0.0099 -0.3230 0.9463
vn 0.0188 -0.5383 0.8426
vn -0.1862 0.7050 -0.6843
vn -0.0805 0.9409 -0.3290
vn 0.0388 0.9367 -0.3479
vn -0.0972 0.5555 -0.8258
vn -0.3109 0.1087 -0.9442
vn 0.7891 -0.3800 0.4826
vn 0.8212 -0.5684 0.0507
vn 0.7371 0.1379 0.6616
vn 0.2957 0.1234 0.9473
vn 0.9856 0.1073 0.1304
vn 0.2721 -0.6954 0.6652
vn -0.8858 0.1460 -0.4405
vn -0.9923 0.1156 -0.0447
vn -0.7188 0.1189 -0.6850
vn 0.3208 0.1260 0.9387
vn 0.0992 0.1517 0.9834
vn 0.2920 0.3979 0.8697
vn 0.0160 -0.9784 0.2061
vn 0.0645 -0.9775 0.2007
vn 0.6593 -0.2604 0.7053
vn 0.4776 -0.1725 0.8615
vn 0.1306 -0.9861 0.1031
vn -0.5814 -0.6677 -0.4650
vn -0.7318 0.0857 -0.6761
vn -0.2669 -0.4602 -0.8467
vn -0.4515 -0.8141 -0.3653
vn -0.6950 -0.4307 -0.5757
vn -0.2433 0.6288 0.7385
vn 0.0873 0.1482 -0.9851
vn 0.3144 0.1638 -0.9351
vn 0.0633 0.4349 -0.8983
vn 0.3021 0.3896 -0.8700
vn -0.9941 -0.0549 0.0939
vn -0.9684 0.2472 -0.0325
vn -0.9982 -0.0094 -0.0599
vn -0.9363 0.1125 0.3327
vn -0.9877 -0.1248 -0.0938
vn -0.9789 -0.0699 0.1921
vn 0.0287 -0.9990 0.0352
vn 0.0286 -0.9996 -0.0059
vn -0.0696 -0.3046 0.9499
vn 0.2226 -0.4960 0.8393
vn -0.0019 -0.8374 0.5466
vn -0.0740 -0.8934 0.4431
vn 0.8662 0.2181 0.4497
vn 0.6272 0.7778 0.0400
vn 0.2507 0.1412 0.9577
vn 0.7686 0.1424 0.6237
vn 0.9556 -0.0307 0.2931
vn 0.9952 -0.0425 0.0884
vn 0.8754 -0.2043 0.4381
vn 0.7611 -0.1199 0.6374
vn -0.0077 1.0000 -0.0011
vn -0.0160 0.9999 -0.0032
vn 0.0003 1.0000 -0.0095
vn -0.0127 0.9998 0.0182
vn -0.0034 1.0000 0.0051
vn -0.0071 1.0000 0.0022
vn -0.0069 0.9999 -0.0076
vn -0.3470 -0.3673 -0.8630
vn -0.4332 -0.3607 -0.8260
vn -0.3117 -0.5746 -0.7568
vn -0.3206 -0.7688 -0.5533
vn -0.2496 -0.7613 -0.5984
vn -0.1176 -0.9930 0.0122
vn -0.4411 -0.8779 0.1864
vn -0.6590 -0.6483 0.3814
vn -0.6023 -0.2350 0.7629
vn -0.0764 -0.9407 0.3304
vn 0.5386 -0.3166 -0.7808
vn -0.7171 0.1037 0.6892
vn -0.9109 0.1568 0.3816
vn -0.9545 0.1105 0.2769
vn -0.7227 0.1392 0.6769
vn -0.7400 0.0990 0.6653
vn -0.7080 0.1538 0.6893
vn -0.9931 0.1165 -0.0111
vn -0.9970 -0.0173 0.0755
vn -0.8619 -0.5044 0.0517
vn -0.9626 0.2570 -0.0860
vn -0.9754 0.2166 0.0399
vn -0.7119 -0.7020 -0.0198
vn -0.9868 0.1521 0.0556
vn -0.8805 -0.3239 0.3462
vn 0.9392 0.3068 -0.1542
vn 0.8762 0.2804 -0.3921
vn 0.9474 0.3089 -0.0841
vn 0.2149 0.6234 -0.7518
vn 0.9799 0.0973 -0.1741
vn -0.6098 0.1231 -0.7830
vn -0.3686 -0.0459 -0.9285
vn -0.5821 -0.2584 -0.7710
vn -0.8569 -0.1898 -0.4792
vn -0.9021 -0.0438 -0.4294
vn -0.7152 -0.0029 -0.6989
vn -0.5372 0.0301 -0.8429
vn -0.9932 0.0676 -0.0945
vn -0.7114 0.2252 -0.6657
vn -0.7443 0.1560 -0.6493
vn -0.9995 0.0313 0.0041
vn -0.9787 0.2045 -0.0196
vn -0.3303 -0.3947 -0.8574
vn -0.7184 0.1722 -0.6739
vn -0.0128 0.9998 -0.0141
vn -0.0069 1.0000 0.0029
vn 0.1214 0.9919 -0.0383
vn 0.0426 0.9987 0.0264
vn 0.0392 0.9992 -0.0106
vn 0.0986 0.9944 0.0390
vn -0.0052 0.1846 -0.9828
vn -0.0097 0.2042 -0.9789
vn -0.0274 0.2559 -0.9663
vn -0.0068 0.2302 -0.9731
vn 0.3114 0.1728 -0.9344
vn 0.6098 -0.6848 -0.3990
vn 0.0472 -0.8513 -0.5226
vn -0.2103 -0.8488 -0.4850
vn 0.4748 0.1227 -0.8715
vn -0.6246 0.5012 -0.5989
vn -0.7942 0.5498 -0.2588
vn 0.2859 0.2216 0.9323
vn 0.1720 0.0202 0.9849
vn 0.3213 0.0306 0.9465
vn 0.1851 0.2415 0.9526
vn 0.0553 0.0818 0.9951
vn 0.0060 0.0219 0.9997
vn 0.0447 -0.0569 0.9974
vn 0.0035 0.2228 0.9749
vn 0.0270 -0.1078 0.9938
vn 0.0134 0.0840 0.9964
vn -0.8754 0.0485 0.4810
vn -0.9193 0.0649 0.3883
vn -0.9997 -0.0158 -0.0181
vn -0.9988 0.0490 -0.0006
vn -0.9995 0.0233 -0.0202
vn -0.8322 -0.5515 -0.0579
vn -0.9994 -0.0273 0.0200
vn -0.3727 -0.3928 0.8407
vn -0.0170 -0.4911 0.8709
vn -0.0932 0.1706 0.9809
vn -0.7336 0.1235 0.6682
vn -0.3751 -0.8794 0.2931
vn -0.0396 -0.9977 0.0542
vn 0.4336 0.0595 -0.8992
vn 0.7438 0.0097 -0.6683
vn 0.0265 0.1097 0.9936
vn -0.0114 0.1178 0.9930
vn -0.0079 0.4032 0.9151
vn 0.0257 0.4099 0.9118
vn 0.0283 0.1062 0.9939
vn 0.0054 -0.1590 0.9873
vn -0.1037 0.7222 -0.6839
vn -0.0201 0.7131 -0.7008
vn -0.0158 0.6678 -0.7442
vn -0.0086 0.5923 -0.8057
vn 0.0008 0.7197 -0.6943
vn -0.0109 0.8425 -0.5387
vn 0.0090 0.5605 -0.8281
vn -0.3040 0.9389 0.1614
vn -0.6967 0.2836 -0.6589
vn -0.4571 0.2366 -0.8574
vn -0.0692 0.1920 -0.9790
vn 0.0348 0.2593 -0.9652
vn 0.0814 0.2112 -0.9741
vn 0.0896 0.2667 -0.9596
vn -0.1652 0.3478 -0.9229
vn 0.0421 0.0204 -0.9989
vn -0.0519 0.2067 -0.9770
vn -0.7056 -0.7086 0.0072
vn -0.9626 -0.2692 -0.0297
vn -0.6929 -0.5280 -0.4910
vn 0.0804 -0.1358 -0.9875
vn -0.0139 0.0672 -0.9976
vn 0.4728 -0.3803 -0.7949
vn 0.1198 0.2806 -0.9523
vn 0.4319 0.3003 -0.8505
vn 0.3349 0.7122 -0.6170
vn -0.9884 0.1500 0.0241
vn -0.9773 0.2019 -0.0649
vn -0.9316 0.1050 0.3479
vn -0.9603 0.0439 0.2756
vn -0.8164 -0.4877 0.3093
vn -0.0062 0.9805 0.1967
vn -0.0087 0.8755 -0.4831
vn -0.1093 0.8133 -0.5714
vn 0.2101 0.9674 0.1414
vn 0.1742 0.9314 -0.3197
vn -0.1524 0.9746 0.1640
vn -0.0718 0.9713 0.2269
vn 0.7258 0.5608 -0.3983
vn 0.1905 0.9541 0.2311
vn 0.2962 0.9389 -0.1751
vn -0.1344 0.9511 0.2783
vn 0.2352 0.9434 0.2338
vn 0.2058 0.9660 0.1563
vn -0.1792 0.8661 -0.4666
vn -0.0776 0.9282 0.3638
vn 0.4408 0.7858 0.4338
vn -0.8330 -0.2002 -0.5158
vn -0.9608 -0.2733 -0.0464
vn -0.7547 0.6560 -0.0098
vn -0.5824 0.5565 -0.5926
vn 0.6545 0.5790 -0.4862
vn 0.1969 0.9360 0.2918
vn -0.0497 0.9963 0.0702
vn 0.1244 0.8198 0.5590
vn 0.1756 0.9826 0.0600
vn 0.0018 0.9996 0.0287
vn -0.0242 0.9929 0.1165
vn -0.0041 0.4536 -0.8912
vn 0.0194 0.3670 -0.9300
vn 0.0011 0.1780 -0.9840
vn 0.0125 0.5603 -0.8282
vn 0.0734 0.2974 -0.9519
vn -0.0747 -0.5739 0.8155
vn -0.1941 0.3047 -0.9324
vn -0.1941 0.0304 -0.9805
vn 0.0840 0.0298 -0.9960
vn -0.4029 0.0101 -0.9152
vn -0.4457 0.0753 -0.8920
vn 0.1486 0.0744 -0.9861
vn -0.9925 0.1210 -0.0178
vn -0.9937 0.1125 -0.0006
vn -0.1960 -0.1778 -0.9644
vn -0.2395 -0.1282 -0.9624
vn -0.1006 -0.1465 -0.9841
vn -0.1844 -0.4228 -0.8873
vn -0.1501 -0.7379 -0.6580
vn 0.1604 -0.9848 -0.0668
vn 0.9195 -0.3681 0.1382
vn 0.2081 -0.9777 -0.0284
vn 0.1509 -0.9886 -0.0000
vn -0.0176 -0.1311 0.9912
vn -0.1421 0.9367 -0.3200
vn 0.1368 0.8525 0.5045
vn -0.8239 0.0352 0.5656
vn -0.8262 0.5626 -0.0281
vn -0.8558 0.3812 0.3498
vn -0.0221 0.9997 0.0091
vn -0.9618 0.2734 0.0147
vn -0.4868 0.8735 0.0039
vn 0.4934 0.4430 0.7485
vn 0.1934 0.7020 0.6854
vn 0.1664 0.1869 0.9682
vn 0.5427 -0.0018 0.8400
vn 0.6527 -0.0339 0.7568
vn 0.5360 0.4949 0.6839
vn 0.7665 0.1529 -0.6238
vn 0.5982 0.2683 -0.7551
vn -0.4739 -0.8407 -0.2621
vn -0.5830 -0.2164 -0.7831
vn 0.0987 0.9937 0.0538
vn 0.0547 0.9693 0.2399
vn 0.0819 0.9966 0.0082
vn 0.0443 0.9990 0.0095
vn -0.0289 0.1732 -0.9845
vn -0.7352 0.1303 -0.6652
vn -0.2177 0.1517 0.9642
vn -0.0546 -0.0899 0.9944
vn -0.0714 0.0257 0.9971
vn -0.0224 0.1408 0.9898
vn -0.2957 0.3408 -0.8924
vn 0.0784 0.2308 -0.9698
vn -0.4108 -0.2566 0.8749
vn -0.4895 0.1834 -0.8525
vn 0.0110 -0.3953 0.9185
vn -0.8022 -0.5969 -0.0141
vn -0.3436 0.5266 0.7776
vn -0.2910 0.6008 0.7446
vn -0.9655 -0.0134 -0.2599
vn -0.0032 -0.5941 -0.8044
vn 0.0647 0.7297 -0.6807
vn -0.0121 0.7940 -0.6078
vn -0.0062 0.9915 -0.1298
vn 0.5722 -0.0081 -0.8201
vn 0.5940 0.0121 -0.8044
vn 0.5971 0.0175 -0.8020
vn 0.6178 0.0593 0.7841
vn -0.0002 0.9985 0.0543
vn -0.0094 0.9627 -0.2704
vn -0.0163 0.9998 0.0092
vn 0.0548 -0.9954 0.0783
vn 0.1406 -0.9899 -0.0171
vn 0.5737 -0.1510 0.8050
vn 0.4953 -0.1464 0.8563
vn -0.0514 -0.9851 0.1639
vn 0.6253 0.7803 0.0090
vn -0.6726 0.1000 0.7332
vn -0.6243 0.0656 0.7785
vn 0.6449 -0.5065 -0.5723
vn -0.2204 -0.3435 0.9129
vn 0.7266 -0.5115 -0.4587
vn 0.0417 -0.2030 0.9783
vn -0.2144 -0.9282 -0.3042
vn -0.1661 -0.9350 0.3135
vn 0.3771 -0.8927 -0.2466
vn 0.0450 -0.0151 0.9989
vn 0.0916 -0.1807 0.9793
vn 0.0816 0.0381 0.9959
vn 0.0455 -0.1796 0.9827
vn 0.0506 0.1689 0.9843
vn -0.3464 0.0993 -0.9328
vn -0.6802 0.0544 -0.7310
vn -0.2014 -0.5068 -0.8382
vn -0.7599 0.0694 -0.6463
vn 0.1100 0.9936 0.0240
vn 0.0976 0.9942 0.0442
vn 0.9404 0.2255 0.2544
vn 0.5680 0.7697 0.2915
vn 0.1453 0.9894 0.0072
vn 0.0075 0.9998 -0.0207
vn 0.0119 0.9995 -0.0279
vn 0.0712 0.9955 -0.0625
vn 0.2107 0.9770 -0.0322
vn -0.0156 -0.6546 -0.7558
vn 0.0235 -0.8520 -0.5230
vn 0.7337 -0.0457 -0.6779
vn 0.2706 0.0244 -0.9624
vn 0.4614 -0.2247 -0.8583
vn 0.2683 -0.1654 -0.9490
vn 0.1948 0.0276 -0.9805
vn 0.1801 0.0208 -0.9834
vn -0.0582 0.9982 -0.0160
vn -0.2827 0.6643 -0.6919
vn -0.3166 0.0399 -0.9477
vn 0.1899 -0.2314 0.9542
vn 0.5022 0.0043 -0.8647
vn 0.1662 -0.0130 -0.9860
vn 0.5641 -0.0229 -0.8254
vn 0.8319 0.3945 0.3903
vn 0.3837 0.9234 -0.0116
vn 0.4618 -0.8062 -0.3697
vn 0.5004 -0.7103 -0.4950
vn -0.7197 -0.6792 -0.1436
vn -0.0158 0.8589 0.5119
vn 0.9390 0.3400 0.0515
vn -0.0269 0.9995 0.0135
vn 0.6335 0.3922 -0.6670
vn -0.1352 -0.0143 0.9907
vn 0.6798 -0.4526 -0.5771
vn -0.0880 -0.9954 -0.0368
vn -0.0836 -0.9887 -0.1246
vn -0.9990 -0.0398 -0.0191
vn 0.3151 0.9491 -0.0014
vn 0.6376 0.6573 -0.4017
vn 0.4163 0.7215 0.5532
vn 0.0510 -0.1524 -0.9870
vn 0.0746 0.0322 -0.9967
vn 0.0825 -0.1758 -0.9810
vn 0.0605 -0.2466 -0.9672
vn 0.9738 0.0120 0.2272
vn 0.0857 -0.3500 0.9328
vn 0.1347 -0.4436 0.8861
vn 0.8021 0.1049 0.5878
vn 0.9487 0.1318 0.2873
vn 0.3479 -0.3261 0.8790
vn 0.5377 -0.2529 0.8043
vn -0.8704 0.0282 -0.4915
vn -0.9112 -0.4117 0.0133
vn -0.9989 0.0228 -0.0414
vn -0.4179 -0.3008 -0.8573
vn -0.7562 0.1875 -0.6269
vn -0.2362 0.4613 -0.8552
vn -0.1694 0.7213 -0.6716
vn -0.3832 0.9110 -0.1522
vn -0.9635 0.0975 0.2493
vn -0.4934 0.8220 0.2842
vn 0.5724 -0.8192 -0.0341
vn 0.9991 0.0263 -0.0331
vn 0.9118 -0.3832 -0.1477
vn -0.6067 -0.5367 0.5865
vn -0.7400 0.1326 0.6594
vn -0.0054 -0.9964 0.0849
vn -0.0154 -0.6390 0.7690
vn -0.0351 -0.9824 0.1837
vn 0.0668 -0.7216 0.6890
vn -0.5862 0.0460 0.8089
vn -0.6085 0.2359 -0.7577
vn -0.8233 -0.3285 0.4629
vn 0.0104 -0.1157 0.9932
vn -0.2128 0.3728 0.9032
vn -0.7345 0.1221 -0.6675
vn -0.0312 0.9540 -0.2983
vn -0.7577 0.1191 0.6417
vn -0.7602 0.1489 0.6324
vn -0.7338 0.2606 0.6274
vn -0.5099 0.7440 0.4319
vn -0.7593 0.1763 0.6265
vn 0.0054 0.9988 0.0478
vn 0.0090 0.6741 0.7386
vn 0.2501 0.9669 0.0500
vn -0.0046 0.9996 0.0265
vn 0.0029 0.8062 0.5916
vn 0.0152 0.5744 -0.8184
vn 0.0338 0.6739 -0.7381
vn -0.0373 -0.9653 -0.2586
vn -0.0750 -0.9915 -0.1065
vn -0.1925 -0.2479 -0.9495
vn 0.0017 -1.0000 0.0029
vn 0.9914 -0.1224 -0.0454
vn 0.9693 -0.2458 0.0079
vn -0.1662 -0.0866 -0.9823
vn -0.2893 -0.5370 -0.7924
vn 0.4644 0.2240 0.8568
vn 0.2793 0.4020 0.8720
vn 0.0107 0.9999 0.0112
vn -0.2953 0.8510 0.4343
vn -0.7182 0.0113 0.6957
vn -0.6641 -0.0929 0.7418
vn -0.5214 0.0224 0.8530
vn -0.7614 -0.3905 0.5174
vn -0.6989 0.0192 0.7150
vn -0.7177 -0.1027 0.6888
vn 0.5653 -0.4821 -0.6694
vn 0.6556 0.0247 -0.7547
vn 0.0755 -0.9961 -0.0452
vn 0.0175 -0.8328 0.5533
vn 0.0036 -0.9616 0.2746
vn -0.2021 -0.8440 0.4968
vn 0.0305 -0.9987 0.0411
vn 0.0568 0.7985 0.5993
vn 0.2908 0.7028 0.6492
vn 0.1868 0.3783 0.9066
vn 0.1626 0.2569 0.9527
vn -0.5038 0.8636 0.0166
vn -0.0457 0.9989 0.0088
vn 0.2227 -0.9662 0.1298
vn -0.0626 -0.9687 0.2403
vn 0.0739 -0.9541 0.2901
vn 0.3168 -0.4740 0.8216
vn 0.7431 -0.2030 0.6377
vn -0.5881 0.7400 -0.3265
vn -0.6042 0.5048 -0.6165
vn -0.4543 -0.0770 -0.8875
vn 0.9974 -0.0624 0.0361
vn 0.9953 -0.0560 -0.0786
vn 0.9990 -0.0432 0.0109
vn 0.1771 -0.9839 -0.0224
vn 0.1862 -0.9744 0.1256
vn 0.4590 -0.7050 0.5407
vn 0.0508 -0.7749 0.6301
vn 0.4996 -0.5187 0.6938
vn -0.6194 0.4249 0.6602
vn -0.6023 0.4022 0.6895
vn 0.0034 0.2320 0.9727
vn 0.0227 0.2593 0.9655
vn 0.0212 0.5018 0.8647
vn -0.0236 0.9989 -0.0415
vn 0.6640 0.7459 -0.0529
vn 0.8160 0.5217 0.2489
vn 0.7239 0.6895 -0.0223
vn -0.0093 0.3665 -0.9304
vn -0.0016 0.0298 -0.9996
vn -0.1245 0.2399 -0.9628
vn -0.0946 0.6061 -0.7897
vn 0.3022 -0.1063 0.9473
vn 0.2549 0.1199 0.9595
vn 0.8585 -0.2833 0.4274
vn 0.3637 -0.0079 0.9315
vn 0.0495 -0.9609 0.2724
vn 0.1770 0.3533 -0.9186
vn 0.1302 0.4347 -0.8911
vn -0.4442 -0.8955 0.0293
vn -0.4443 -0.8158 0.3703
vn -0.2398 -0.9672 0.0843
vn 0.6987 0.7127 0.0621
vn 0.4605 0.8877 -0.0000
vn 0.0006 0.9996 0.0297
vn 0.9656 0.2583 -0.0294
vn -0.6009 0.1997 0.7740
vn 0.0960 0.9694 -0.2261
vn 0.2275 0.9351 -0.2718
vn 0.8168 0.1673 -0.5521
vn 0.9240 0.1601 -0.3472
vn -0.0075 0.9999 0.0125
vn 0.6074 0.7101 0.3562
vn 0.0018 -0.9942 0.1071
vn 0.0206 -0.9006 0.4341
vn 0.0240 -0.9967 0.0774
vn 0.0174 -0.9704 0.2410
vn -0.2174 0.0423 -0.9752
vn -0.1733 0.0387 -0.9841
vn -0.0481 0.0355 -0.9982
vn 0.5900 -0.5591 0.5826
vn 0.2503 -0.5008 0.8286
vn -0.9654 -0.2601 -0.0167
vn -0.9929 0.1192 -0.0057
vn -0.9873 0.1169 -0.1078
vn -0.2231 -0.9748 -0.0051
vn -0.8443 -0.5357 -0.0091
vn -0.7784 -0.3970 -0.4863
vn -0.0044 0.0054 -1.0000
vn 0.3446 -0.1495 0.9268
vn 0.4446 0.0216 0.8955
vn 0.2971 0.0173 0.9547
vn 0.1732 -0.1361 0.9754
vn 0.1164 -0.9849 0.1284
vn -0.4326 -0.7592 -0.4863
vn 0.1044 -0.9939 -0.0359
vn 0.1001 -0.9812 -0.1652
vn 0.7260 -0.2572 0.6378
vn 0.7540 -0.1359 0.6427
vn 0.7567 0.1358 0.6395
vn 0.7027 0.2006 0.6827
vn 0.6222 0.2047 0.7556
vn 0.0975 0.9744 -0.2028
vn -0.0242 0.9997 0.0069
vn -0.0221 0.9990 -0.0387
vn -0.0353 0.9674 -0.2510
vn -0.0057 0.9971 -0.0765
vn 0.0534 0.7642 -0.6428
vn -0.0678 0.8722 -0.4844
vn 0.7967 -0.2790 0.5362
vn 0.9862 -0.0200 0.1644
vn 0.1886 -0.9790 0.0779
vn 0.2120 -0.9304 0.2990
vn 0.9587 -0.2782 0.0597
vn 0.1415 0.9890 0.0437
vn -0.0264 0.9996 -0.0056
vn 0.0101 -0.1895 0.9818
vn 0.0438 0.1309 0.9904
vn 0.2456 -0.3854 -0.8895
vn 0.9804 -0.0340 -0.1941
vn 0.9887 -0.0689 -0.1333
vn 0.4924 -0.3506 -0.7966
vn 0.6568 -0.1131 -0.7456
vn -0.3083 -0.1368 0.9414
vn 0.1760 -0.9843 -0.0090
vn 0.8723 -0.1917 -0.4499
vn 0.1900 -0.9817 0.0107
vn 0.2184 -0.9758 -0.0138
vn -0.0280 -0.6169 0.7866
vn -0.8417 -0.3657 0.3972
vn -0.8049 0.3119 -0.5049
vn -0.8982 -0.3500 0.2660
vn -0.0023 -0.4517 0.8922
vn 0.0026 -0.8130 0.5823
vn -0.9191 -0.0496 -0.3909
vn -0.8199 0.0272 -0.5719
vn -0.9612 0.2623 -0.0855
vn -0.8523 0.5204 -0.0523
vn -0.7120 0.2618 -0.6515
vn -0.9642 0.2651 0.0018
vn -0.9477 0.1623 -0.2748
vn -0.7902 0.1654 -0.5901
vn -0.9116 0.1142 -0.3949
vn -0.9933 0.1105 -0.0329
vn -0.9917 0.1279 0.0149
vn 0.5365 0.2003 0.8198
vn -0.1418 0.1440 0.9794
vn 0.1472 -0.1332 0.9801
vn 0.7222 0.1062 0.6834
vn 0.5108 0.6958 -0.5049
vn -0.3122 0.9419 0.1242
vn -0.0941 -0.9650 -0.2449
vn -0.2026 -0.7904 -0.5781
vn -0.1926 -0.9580 -0.2123
vn 0.0013 -1.0000 -0.0074
vn -0.0186 -0.9996 -0.0221
vn -0.7618 0.1336 0.6339
vn -0.5648 0.1364 0.8139
vn 0.9810 -0.1489 0.1241
vn 0.4171 -0.6544 0.6307
vn 0.9829 -0.1732 0.0628
vn -0.2579 0.7222 -0.6418
vn -0.3086 -0.6455 0.6987
vn -0.9552 -0.2122 0.2063
vn -0.3016 -0.3751 0.8766
vn -0.8953 -0.2848 0.3424
vn -0.4338 -0.2275 0.8718
vn -0.7092 -0.2092 0.6733
vn -0.7085 -0.5981 0.3746
vn -0.9597 -0.2723 0.0693
vn -0.2689 0.8670 -0.4195
vn -0.0177 0.9998 -0.0094
vn -0.7640 0.6305 -0.1372
vn -0.0125 0.9993 -0.0345
vn 0.0199 0.9312 0.3640
vn 0.5762 -0.7597 0.3015
vn -0.3449 0.0106 0.9386
vn 0.9974 -0.0725 -0.0049
vn 0.9991 -0.0336 -0.0256
vn 0.9903 -0.1386 -0.0053
vn 0.9985 -0.0544 -0.0105
vn 0.9880 -0.1543 0.0086
vn -0.4035 -0.4319 0.8066
vn -0.7713 0.1095 0.6270
vn -0.4474 -0.8124 0.3738
vn -0.7597 -0.1175 -0.6396
vn -0.4042 0.4794 -0.7790
vn -0.2944 0.2863 -0.9118
vn -0.1891 -0.0469 -0.9808
vn -0.6963 0.0526 -0.7158
vn 0.3649 0.3395 0.8670
vn -0.9947 0.1007 -0.0197
vn -0.9966 -0.0829 -0.0015
vn -0.9966 0.0825 -0.0013
vn -0.0539 0.1795 0.9823
vn 0.9984 -0.0462 -0.0317
vn 0.9899 -0.0039 0.1417
vn 0.9996 0.0275 -0.0001
vn 0.9999 -0.0119 0.0017
vn 0.1078 0.3055 -0.9461
vn 0.3549 0.7641 -0.5387
vn 0.0916 0.7466 -0.6589
vn -0.9928 0.1178 0.0211
vn -0.9967 0.0814 -0.0014
vn -0.0027 -0.9073 0.4206
vn 0.0125 -0.8361 0.5484
vn -0.1883 0.3587 0.9143
vn -0.0120 -0.9923 -0.1234
vn -0.0275 -0.8393 0.5430
vn -0.0006 -0.9965 -0.0834
vn 0.0212 0.6268 0.7789
vn -0.1334 -0.9683 -0.2113
vn 0.5882 0.0667 -0.8059
vn 0.2869 -0.5500 -0.7843
vn 0.2961 -0.9510 -0.0893
vn -0.3259 -0.0663 -0.9431
vn -0.0062 0.1231 -0.9924
vn -0.9261 0.2286 0.3001
vn -0.9341 0.2019 0.2945
vn -0.7277 -0.6859 -0.0000
vn -0.4757 0.8784 0.0466
vn -0.4887 0.7355 0.4693
vn -0.5565 0.6256 0.5468
vn -0.0019 -0.9994 -0.0343
vn 0.0164 -0.8567 -0.5156
vn -0.8419 -0.0403 0.5382
vn 0.0203 -0.9997 0.0095
vn 0.3535 -0.8507 0.3890
vn 0.4443 -0.7758 0.4480
vn -0.0169 -0.9998 -0.0041
vn 0.0331 -0.9993 0.0167
vn -0.6977 0.7112 -0.0855
vn -0.0165 0.0135 -0.9998
vn -0.0115 0.0391 -0.9992
vn -0.0461 0.0197 -0.9987
vn -0.0233 0.0057 -0.9997
vn -0.7084 0.1510 -0.6895
vn 0.2827 0.8239 0.4912
vn 0.0362 -0.2088 0.9773
vn 0.0223 -0.1926 0.9810
vn -0.0792 -0.6230 -0.7782
vn 0.0053 -0.9919 -0.1272
vn -0.0814 -0.4808 -0.8730
vn 0.0131 -0.9989 -0.0449
vn 0.0368 -0.4624 -0.8859
vn 0.0519 -0.4765 -0.8776
vn 0.0380 -0.4592 -0.8875
vn -0.1187 0.8539 0.5067
vn -0.0535 0.9904 0.1278
vn -0.0757 0.9747 0.2105
vn -0.9752 -0.0034 -0.2213
vn -0.9602 0.2792 -0.0098
vn -0.9898 -0.1420 -0.0110
vn -0.9956 -0.0343 -0.0868
vn -0.9945 0.0367 0.0980
vn -0.9416 -0.0433 -0.3339
vn -0.8901 -0.2571 -0.3763
vn 0.5562 -0.8267 0.0855
vn 0.0474 -0.9955 -0.0822
vn 0.0046 0.9998 0.0211
vn 0.0365 0.9905 0.1328
vn 0.0046 0.9998 0.0198
vn -0.0154 0.9709 0.2390
vn -0.0087 0.5083 -0.8612
vn -0.1087 -0.9836 -0.1439
vn -0.1614 -0.6996 -0.6961
vn -0.6457 0.7424 0.1785
vn -0.0143 0.9239 0.3823
vn -0.6043 0.7962 -0.0286
vn -0.2153 0.8429 0.4932
vn -0.2215 0.9695 0.1049
vn -0.0976 0.9616 -0.2564
vn 0.9830 -0.0106 0.1834
vn 0.0051 -0.9999 0.0116
vn 0.0024 -1.0000 0.0026
vn 0.6993 0.0257 -0.7144
vn -0.9973 0.0715 -0.0165
vn -0.9001 0.0597 -0.4315
vn -0.7256 0.1116 -0.6790
vn -0.7594 0.1210 -0.6392
vn 0.0959 -0.9950 0.0276
vn 0.0093 -0.2883 0.9575
vn 0.5438 -0.3700 0.7533
vn 0.0054 -0.9997 -0.0245
vn -0.0142 -0.9999 -0.0099
vn 0.0699 -0.8845 -0.4612
vn 0.0109 -0.9998 -0.0195
vn -0.5892 -0.1842 -0.7867
vn 0.8664 -0.2547 -0.4295
vn 0.5243 -0.4424 -0.7276
vn 0.8246 0.3895 -0.4103
vn 0.6358 -0.0519 0.7701
vn 0.6631 0.1221 0.7385
vn -0.5590 0.7765 0.2907
vn -0.4197 0.4157 0.8069
vn -0.2395 -0.9109 -0.3361
vn -0.7259 0.2146 -0.6535
vn -0.7376 0.2698 -0.6190
vn -0.5370 0.1502 -0.8301
vn -0.7431 0.0966 -0.6622
vn 0.5470 0.0084 0.8371
vn 0.6176 -0.0019 0.7865
vn 0.3214 0.0088 0.9469
vn 0.0952 -0.3424 -0.9347
vn 0.0468 -0.3383 0.9399
vn 0.0748 -0.2384 0.9683
vn -0.1850 0.8889 0.4192
vn -0.1703 0.1379 0.9757
vn 0.0093 -0.0388 -0.9992
vn 0.7152 0.0468 -0.6973
vn -0.0167 0.8929 -0.4500
vn -0.3656 0.8204 -0.4397
vn -0.3632 0.7375 -0.5694
vn -0.8873 -0.4001 0.2296
vn -0.4429 0.4925 -0.7492
vn -0.5119 -0.4881 0.7069
vn -0.6395 0.2565 -0.7248
vn -0.0950 0.9908 -0.0960
vn -0.7585 0.1156 -0.6413
vn -0.8428 0.2626 -0.4698
vn -0.1911 0.9651 0.1791
vn 0.4222 -0.2537 0.8703
vn 0.3453 -0.5895 -0.7302
vn 0.4648 0.0335 -0.8848
vn 0.7421 -0.2024 -0.6390
vn 0.0005 0.0020 -1.0000
vn 0.4592 -0.8051 -0.3754
vn -0.0323 0.9945 0.0998
vn -0.1055 -0.9521 -0.2871
vn 0.0943 0.8658 -0.4914
vn 0.4505 0.3149 -0.8354
vn -0.7428 -0.6696 -0.0016
vn -0.0288 -0.9993 0.0247
vn -0.0595 -0.9928 0.1043
vn -0.4768 0.3975 -0.7840
vn 0.0045 0.2993 -0.9541
vn -0.7635 0.0857 -0.6401
vn -0.7214 0.0562 -0.6902
vn -0.3802 0.0392 -0.9241
vn 0.1071 0.7656 -0.6344
vn -0.0365 0.9993 0.0009
vn 0.0823 0.7301 -0.6784
vn -0.0010 0.1779 -0.9840
vn -0.0184 0.5816 0.8133
vn -0.0037 0.7110 0.7031
vn 0.0036 0.5430 0.8397
vn -0.0140 0.2898 0.9570
vn -0.1130 0.3950 0.9117
vn -0.0238 0.6397 0.7682
vn -0.0049 -0.8461 -0.5331
vn -0.0302 -0.6100 -0.7918
vn 0.4602 -0.2584 -0.8494
vn 0.3867 -0.8876 -0.2502
vn 0.0266 -0.9985 -0.0480
vn 0.9697 -0.0141 -0.2441
vn 0.9995 -0.0117 -0.0296
vn -0.0060 0.0443 0.9990
vn 0.9475 0.3184 0.0278
vn -0.1301 0.9908 -0.0371
vn 0.9739 -0.2225 -0.0439
vn 0.9513 -0.3011 -0.0664
vn 0.7309 -0.6761 0.0927
vn 0.7255 -0.0228 0.6879
vn 0.0434 0.2044 -0.9779
vn 0.7698 0.1997 -0.6063
vn -0.0495 0.7362 0.6750
vn 0.2084 0.7166 0.6656
vn -0.5875 -0.0097 -0.8092
vn -0.4724 -0.5905 -0.6543
vn -0.4503 -0.1231 0.8844
vn 0.8917 0.2682 0.3646
vn 0.8648 0.2308 -0.4459
vn 0.9565 0.2749 -0.0976
vn -0.1219 0.0498 -0.9913
vn -0.9978 -0.0643 0.0178
vn -0.9994 0.0021 -0.0346
vn -0.9899 0.0164 0.1405
vn 0.0274 -0.9889 -0.1458
vn 0.0149 0.9999 0.0009
vn 0.6878 0.6883 0.2306
vn 0.0019 0.9997 0.0227
vn 0.9164 0.0983 -0.3880
vn 0.6682 0.0652 -0.7412
vn 0.4702 -0.5035 0.7248
vn 0.0139 0.8634 -0.5044
vn 0.2510 -0.0498 0.9667
vn 0.3419 0.0819 0.9362
vn 0.2906 0.1285 0.9482
vn -0.0545 0.2788 -0.9588
vn -0.0048 0.4925 -0.8703
vn 0.0079 0.2168 -0.9762
vn -0.0884 0.9960 -0.0088
vn -0.3030 0.5653 0.7672
vn -0.0215 0.9988 0.0448
vn -0.1958 0.0218 0.9804
vn 0.3878 0.7794 -0.4920
vn 0.6118 0.1906 -0.7677
vn -0.9071 0.1698 0.3851
vn -0.8380 0.5234 0.1542
vn -0.9172 0.2309 -0.3247
vn -0.9922 0.0352 0.1195
vn -0.7091 0.1719 0.6838
vn -0.9783 0.1868 0.0899
vn 0.1296 0.9904 -0.0477
vn 0.0465 -0.9248 0.3777
vn -0.4527 0.0353 -0.8910
vn -0.6300 -0.1643 -0.7590
vn -0.3064 -0.3334 -0.8916
vn -0.2961 -0.0200 -0.9549
vn -0.0930 -0.6410 -0.7619
vn -0.0409 -0.9984 -0.0387
vn -0.3994 0.8390 -0.3696
vn 0.3068 0.0546 -0.9502
vn -0.4382 0.0188 -0.8987
vn -0.1215 0.0175 -0.9924
vn -0.3975 -0.0500 -0.9162
vn -0.1007 -0.0021 -0.9949
vn 0.0679 0.0254 0.9974
vn -0.0071 -0.0185 0.9998
vn -0.0788 0.8073 0.5848
vn -0.0506 -0.5390 -0.8408
vn -0.7689 0.0770 0.6347
vn -0.7310 0.2455 0.6366
vn 0.1120 -0.2642 -0.9579
vn 0.0128 -0.9997 -0.0197
vn 0.9876 0.1546 -0.0258
vn 0.9970 0.0570 -0.0526
vn 0.9841 0.0957 -0.1495
vn 0.7241 0.6705 -0.1615
vn 0.9914 0.1308 0.0075
vn -0.9864 -0.1404 0.0849
vn -0.9785 -0.0280 0.2041
vn -0.9995 0.0001 0.0303
vn -0.9669 -0.1816 0.1793
vn -0.7361 0.0344 0.6760
vn 0.2461 0.1560 0.9566
vn 0.1550 -0.1818 -0.9710
vn 0.7349 0.1461 0.6622
vn -0.3744 0.2596 -0.8902
vn -0.4182 0.3910 -0.8199
vn 0.2089 -0.7308 0.6499
vn -0.0149 0.9918 0.1267
vn -0.0045 0.9999 0.0099
vn 0.4227 -0.7777 -0.4653
vn -0.0142 -0.9851 0.1713
vn -0.0467 0.0736 0.9962
vn 0.9848 0.1727 -0.0184
vn 0.9963 0.0630 0.0584
vn 0.6036 0.7921 -0.0910
vn 0.7900 -0.0580 -0.6103
vn 0.6694 -0.0511 -0.7411
vn -0.1584 -0.8435 -0.5133
vn 0.7950 -0.2572 -0.5494
vn 0.1315 -0.9889 -0.0685
vn -0.3625 -0.5317 -0.7654
vn -0.1878 -0.9745 -0.1225
vn 0.0148 -0.9999 -0.0003
vn -0.0295 0.1302 -0.9910
vn 0.0032 0.0445 -0.9990
vn 0.0165 -0.0800 -0.9967
vn -0.7322 0.1778 -0.6575
vn 0.5945 -0.0347 -0.8033
vn 0.6028 -0.0525 -0.7962
vn 0.7092 0.1968 -0.6770
vn 0.6574 0.1815 -0.7313
vn 0.9576 0.1703 0.2324
vn 0.3513 0.6084 0.7117
vn 0.9531 0.3002 0.0392
vn -0.1899 0.4708 -0.8616
vn -0.9638 -0.1496 0.2209
vn -0.2676 -0.9625 -0.0438
vn -0.0932 -0.9944 0.0493
vn -0.6744 -0.3606 0.6443
vn -0.7124 0.1633 0.6825
vn -0.8552 0.1509 0.4958
vn -0.2295 -0.7787 0.5840
vn 0.0056 0.9996 0.0283
vn -0.6918 0.7198 0.0578
vn -0.7982 0.2044 0.5666
vn -0.1923 0.9500 0.2459
vn -0.0175 0.9998 -0.0085
vn 0.0743 -0.2128 -0.9743
vn -0.0356 -0.0102 0.9993
vn -0.0600 0.6193 0.7829
vn -0.9786 -0.0047 0.2058
vn 0.7419 -0.1829 -0.6450
vn 0.7657 -0.0209 -0.6428
vn 0.2911 -0.4860 -0.8241
vn 0.4836 -0.2386 -0.8421
vn -0.2531 -0.8374 0.4845
vn -0.3828 -0.7887 0.4811
vn -0.6832 0.1472 -0.7152
vn -0.7688 0.1134 -0.6293
vn -0.0000 0.0222 -0.9998
vn -0.1092 0.0145 -0.9939
vn -0.3227 0.5072 -0.7992
vn 0.7000 0.1861 0.6895
vn 0.7791 0.0579 0.6242
vn 0.0416 -0.5456 -0.8370
vn 0.0701 -0.3854 -0.9201
vn -0.1263 0.0887 0.9880
vn 0.0649 -0.9653 0.2531
vn -0.6754 -0.5069 0.5357
vn 0.0026 -0.0436 0.9990
vn 0.0013 -0.0219 0.9998
vn 0.0507 -0.9738 -0.2215
vn -0.0243 -0.9858 -0.1663
vn -0.5106 0.0267 0.8594
vn 0.4316 -0.8132 -0.3905
vn 0.3779 -0.4554 -0.8061
vn 0.7513 -0.1349 -0.6461
vn 0.5525 -0.4491 -0.7022
vn 0.0435 -0.9801 -0.1937
vn -0.7638 0.1098 0.6360
vn -0.8057 0.0922 0.5852
vn 0.9044 0.0750 -0.4201
vn 0.0170 0.2313 -0.9727
vn -0.0508 0.4454 -0.8939
vn -0.3216 -0.3094 -0.8949
vn -0.1020 -0.9775 -0.1845
vn -0.0375 -0.9993 0.0001
vn -0.1240 -0.9886 -0.0852
vn -0.1307 -0.1832 -0.9743
vn -0.0862 -0.1091 -0.9903
vn -0.0324 -0.0273 -0.9991
vn -0.0055 -0.7151 -0.6990
vn -0.0168 -0.3906 -0.9204
vn 0.6230 -0.7822 -0.0059
vn 0.1440 -0.9781 -0.1505
vn -0.9313 0.1539 0.3303
vn -0.7821 0.5792 0.2298
vn -0.0809 0.6779 -0.7307
vn 0.0310 -0.6038 0.7966
vn -0.3456 -0.1098 -0.9319
vn 0.0548 0.9985 -0.0027
vn 0.0082 0.5768 -0.8169
vn 0.9741 -0.2042 -0.0972
vn 0.0858 0.1189 0.9892
vn -0.8709 -0.1964 0.4506
vn -0.5401 -0.1776 0.8227
vn 0.1394 0.1182 0.9832
vn 0.0489 0.7326 0.6789
vn 0.0657 0.0812 -0.9945
vn 0.0583 0.1012 -0.9932
vn 0.0010 0.9992 -0.0407
vn -0.3801 0.1315 -0.9156
vn -0.0347 -0.4247 -0.9047
vn -0.1014 0.1979 -0.9750
vn -0.0520 -0.0011 -0.9986
vn -0.1888 0.9710 0.1465
vn 0.2082 0.8850 -0.4164
vn -0.0192 0.1400 -0.9900
vn -0.0326 0.1852 -0.9822
vn -0.9952 -0.0961 -0.0162
vn -0.9971 -0.0557 -0.0513
vn -0.0253 0.9997 -0.0074
vn -0.4249 0.8323 0.3560
vn 0.0679 0.8924 -0.4461
vn 0.1969 0.9748 -0.1046
vn 0.0800 0.8181 -0.5695
vn 0.3042 0.9456 -0.1153
vn 0.1697 0.9760 -0.1361
vn 0.0922 0.9753 -0.2007
vn 0.9509 -0.2209 -0.2168
vn 0.8854 -0.1826 -0.4276
vn -0.0084 -0.5900 0.8074
vn 0.0050 -0.9988 0.0492
vn -0.2192 0.7981 0.5613
vn -0.2915 0.7048 0.6468
vn -0.4614 0.5203 0.7186
vn -0.2869 0.5966 0.7495
vn -0.8350 0.5375 -0.1180
vn -0.2248 0.9240 0.3094
vn -0.9362 0.3480 -0.0491
vn -0.7072 0.2649 0.6555
vn -0.7067 0.1124 0.6985
vn -0.1409 0.7127 0.6871
vn -0.0212 0.9998 -0.0042
vn -0.0278 0.9994 -0.0212
vn 0.7367 0.0485 0.6745
vn 0.6019 0.1243 -0.7889
vn 0.3814 -0.0214 -0.9242
vn 0.2330 -0.3311 0.9144
vn 0.3942 0.2593 0.8817
vn 0.3600 0.2733 0.8920
vn -0.1370 -0.9851 0.1040
vn -0.8295 -0.1743 0.5307
vn 0.7142 0.0128 -0.6998
vn 0.7733 0.0023 -0.6341
vn 0.0526 -0.1512 0.9871
vn 0.0556 -0.2453 0.9678
vn 0.0567 -0.1727 0.9833
vn 0.0257 -0.0665 0.9975
vn 0.0434 0.1174 0.9921
vn 0.0621 -0.0171 0.9979
vn 0.9972 -0.0522 -0.0527
vn -0.7702 -0.2116 -0.6017
vn -0.7717 0.3679 -0.5188
vn -0.9668 0.0456 -0.2515
vn -0.3519 0.8627 -0.3632
vn -0.7441 0.1467 -0.6518
vn -0.7198 -0.0813 -0.6894
vn -0.6609 0.1348 -0.7383
vn -0.9998 -0.0191 0.0026
vn -0.7068 -0.5819 0.4022
vn -0.9372 -0.3332 -0.1028
vn 0.6636 0.0383 -0.7471
vn -0.2743 0.0965 0.9568
vn 0.0948 0.9843 -0.1489
vn -0.6096 -0.2480 0.7529
vn -0.2374 0.2184 0.9465
vn -0.0351 -0.9992 0.0192
vn -0.1734 -0.9847 0.0165
vn -0.0141 -0.9899 -0.1411
vn 0.0906 -0.9951 0.0392
vn 0.0245 -0.9873 0.1568
vn 0.1036 -0.9867 0.1256
vn 0.3338 -0.7685 -0.5459
vn 0.1134 -0.9914 0.0657
vn -0.0978 -0.9927 0.0709
vn -0.7561 0.0461 -0.6529
vn -0.7595 0.0187 -0.6503
vn 0.5888 0.0997 0.8021
vn 0.4045 0.1044 0.9086
vn -0.0027 -0.9999 0.0106
vn -0.1914 -0.0093 0.9815
vn -0.0000 -0.0000 1.0000
vn 0.1666 0.9859 -0.0179
vn -0.7304 0.2299 -0.6432
vn -0.0252 -0.8213 -0.5699
vn -0.0549 -0.9977 -0.0386
vn -0.0255 -0.7532 -0.6573
vn -0.9522 0.3045 0.0224
vn -0.9821 0.1881 0.0025
vn -0.0198 0.9993 -0.0304
vn -0.0687 0.0420 0.9968
vn 0.7002 -0.0852 -0.7088
vn -0.9961 0.0878 0.0048
vn -0.6067 0.7944 -0.0304
vn -0.5194 0.8470 -0.1136
vn -0.0046 0.1812 -0.9834
vn 0.0099 -0.0814 -0.9966
vn 0.0276 0.1713 -0.9848
vn -0.0100 -0.1279 -0.9917
vn -0.8639 0.1504 -0.4807
vn -0.9460 0.2264 -0.2322
vn -0.7329 0.6723 0.1037
vn -0.9499 0.3117 0.0250
vn -0.4193 0.2325 -0.8776
vn -0.7877 0.1339 -0.6013
vn -0.7770 0.1830 -0.6023
vn 0.7358 0.2511 0.6289
vn 0.7143 0.1564 0.6822
vn 0.2998 0.6034 0.7390
vn 0.1824 0.8634 0.4705
vn 0.3732 0.7398 0.5598
vn 0.0189 -0.9817 0.1896
vn -0.2806 -0.2713 0.9207
vn -0.0241 -0.9854 0.1683
vn 0.9790 -0.1434 0.1446
vn 0.0243 0.1680 -0.9855
vn -0.1019 0.8332 -0.5435
vn 0.1977 0.0646 -0.9781
vn -0.8430 -0.4455 0.3016
vn -0.2897 -0.8240 0.4869
vn -0.3750 0.5766 0.7258
vn -0.0162 0.1647 -0.9862
vn 0.0035 0.2402 -0.9707
vn 0.3091 -0.2576 0.9155
vn 0.9764 0.0163 -0.2154
vn -0.6988 -0.1200 -0.7051
vn -0.9059 -0.0284 -0.4226
vn 0.1159 -0.6146 0.7803
vn -0.4057 0.5714 0.7134
vn -0.9756 0.2035 -0.0824
vn -0.1403 0.9893 -0.0407
vn -0.9868 0.1608 0.0169
vn 0.9706 -0.1085 0.2149
vn -0.9727 0.2300 0.0321
vn -0.9959 0.0903 -0.0097
vn -0.7468 0.1565 0.6464
vn -0.5494 -0.6722 0.4962
vn -0.0024 0.9759 0.2181
vn -0.2504 0.7331 0.6323
vn 0.0044 0.9953 0.0964
vn -0.3596 -0.9310 0.0622
vn -0.7810 0.6121 0.1240
vn -0.7281 -0.2552 -0.6362
vn -0.0661 0.9976 0.0181
vn 0.0650 -0.0586 -0.9962
vn 0.5553 0.7030 0.4444
vn -0.3885 0.1263 0.9128
vn 0.3299 0.1043 -0.9383
vn 0.0550 -0.1663 0.9845
vn 0.0507 -0.2026 0.9779
vn -0.1735 -0.0869 0.9810
vn -0.0193 -0.2250 0.9742
vn -0.0655 0.2462 0.9670
vn 0.9888 0.1428 0.0435
vn 0.3012 -0.9426 -0.1441
vn -0.2255 -0.9738 0.0286
vn 0.1032 -0.9344 0.3409
vn -0.0129 -0.9990 0.0426
vn -0.3152 -0.9486 0.0288
vn 0.5462 -0.8304 -0.1100
vn -0.2014 -0.9444 -0.2599
vn -0.0325 -0.9982 -0.0510
vn -0.0069 -0.9999 -0.0120
vn -0.6506 0.5407 0.5333
vn 0.0468 0.9456 -0.3218
vn 0.1975 -0.9646 0.1748
vn 0.0122 -0.9999 0.0108
vn 0.0248 -0.8833 -0.4682
vn 0.0041 -1.0000 -0.0033
vn 0.0005 -1.0000 0.0017
vn 0.0022 -0.1477 -0.9890
vn 0.6008 -0.1924 0.7759
vn 0.4275 0.6406 0.6378
vn 0.7481 -0.1116 0.6542
vn 0.7187 -0.1741 0.6732
vn 0.8843 0.3062 0.3526
vn 0.8698 -0.1404 0.4730
vn -0.5118 -0.6432 -0.5695
vn -0.2495 -0.8362 -0.4884
vn 0.0011 -0.9501 0.3120
vn -0.3801 -0.2823 0.8808
vn -0.1906 -0.9529 -0.2357
vn 0.6454 0.1275 -0.7531
vn 0.9044 0.2191 -0.3662
vn 0.1817 0.8980 -0.4008
vn 0.4086 0.0143 0.9126
vn 0.7916 0.0923 0.6041
vn 0.0134 0.8045 0.5938
vn 0.9955 0.0941 0.0114
vn 0.0027 -0.0497 0.9988
vn -0.3445 -0.8063 -0.4807
vn -0.4758 -0.5792 -0.6620
vn -0.2968 -0.5037 -0.8113
vn -0.4889 -0.7271 -0.4819
vn -0.3100 -0.8905 -0.3330
vn -0.1286 0.9905 0.0489
vn 0.9829 -0.1669 0.0774
vn -0.3160 0.9124 0.2599
vn -0.0308 -0.3603 0.9323
vn 0.1175 -0.8702 0.4784
vn 0.6657 0.4699 -0.5798
vn 0.0222 0.9978 -0.0629
vn -0.2395 0.0303 -0.9704
vn -0.9973 0.0648 0.0357
vn -0.9889 0.1483 0.0119
vn -0.9618 0.1458 -0.2317
vn -0.9965 0.0829 -0.0078
vn -0.7958 0.1076 -0.5959
vn -0.7413 -0.3835 -0.5508
vn -0.5923 -0.6887 -0.4182
vn -0.8665 -0.3661 -0.3394
vn 0.9009 -0.0115 0.4338
vn 0.8675 0.1151 0.4840
vn 0.6276 0.7047 0.3310
vn 0.8816 0.4636 0.0885
vn 0.3217 -0.0300 -0.9464
vn -0.9755 -0.2198 -0.0010
vn -0.9866 -0.1627 0.0156
vn -0.9743 -0.2211 -0.0421
vn -0.9642 -0.2617 -0.0418
vn 0.0082 0.9677 -0.2521
vn 0.0023 -0.2227 0.9749
vn 0.1060 0.7965 -0.5953
vn -0.2093 0.2773 0.9377
vn -0.9277 -0.3732 -0.0003
vn 0.5247 0.4475 -0.7241
vn 0.3417 0.6415 -0.6869
vn 0.5574 -0.0517 -0.8286
vn 0.4411 0.2253 -0.8687
vn -0.0673 0.5807 -0.8114
vn 0.3333 0.6667 -0.6667
vn -0.2676 -0.1130 -0.9569
vn -0.1117 -0.0015 -0.9937
vn -0.5412 -0.3764 -0.7519
vn -0.0528 0.0938 0.9942
vn -0.0727 0.9617 -0.2643
vn 0.0053 0.8995 0.4369
vn 0.6845 -0.7280 0.0388
vn 0.5786 -0.6179 0.5324
vn -0.0116 0.0079 -0.9999
vn 0.0930 -0.1824 -0.9788
vn 0.9471 0.3208 -0.0081
vn 0.7167 -0.1235 -0.6864
vn -0.7540 0.6569 0.0025
vn 0.0259 -0.7691 0.6386
vn -0.0225 0.9933 -0.1135
vn -0.0204 0.9945 -0.1026
vn 0.1831 0.6794 -0.7106
vn 0.0331 0.9713 -0.2356
vn -0.0205 0.6692 -0.7428
vn -0.0269 -0.0277 0.9993
vn -0.0207 0.9998 -0.0057
vn -0.1337 0.0528 -0.9896
vn 0.0828 0.6599 -0.7468
vn -0.0394 0.5897 0.8067
vn 0.0897 -0.6944 -0.7140
vn 0.0142 -0.8286 -0.5597
vn 0.0813 -0.7959 -0.5999
vn 0.0052 -0.6751 -0.7377
vn 0.1376 -0.5137 -0.8468
vn 0.4830 0.1913 -0.8545
vn 0.7553 0.1502 -0.6380
vn 0.4226 0.0709 -0.9035
vn 0.4340 0.0359 -0.9002
vn 0.9904 -0.0646 -0.1223
vn 0.9875 0.0753 -0.1385
vn -0.7101 -0.0992 0.6971
vn -0.6574 -0.0162 0.7534
vn -0.6221 -0.0994 0.7766
vn -0.7454 0.1760 -0.6429
vn -0.6441 -0.4896 -0.5877
vn -0.7419 0.1376 -0.6562
vn -0.7330 0.1468 -0.6642
vn 0.0707 0.3550 0.9322
vn 0.8170 0.1458 0.5579
vn 0.1768 0.9836 -0.0367
vn -0.1110 -0.4014 -0.9092
vn 0.0927 -0.9812 0.1694
vn 0.4915 -0.6361 0.5948
vn 0.9760 0.0557 0.2105
vn 0.6105 0.1618 -0.7753
vn 0.6217 0.2172 -0.7526
vn -0.9749 0.1902 0.1158
vn -0.8348 -0.0113 0.5504
vn -0.9842 0.1752 0.0271
vn -0.9660 0.1073 0.2354
vn -0.8093 -0.1596 0.5654
vn 0.6823 -0.2175 0.6980
vn 0.3865 -0.8769 0.2859
vn 0.8964 -0.2420 0.3713
vn 0.9927 -0.0482 0.1105
vn 0.0752 -0.9890 0.1275
vn 0.6562 -0.7403 0.1464
vn 0.0493 -0.1345 0.9897
vn -0.0733 -0.9817 0.1759
vn 0.1609 0.0152 0.9869
vn -0.2225 0.1962 0.9550
vn -0.3738 -0.2790 0.8845
vn 0.3857 0.1558 -0.9094
vn 0.5125 0.1705 -0.8416
vn 0.7568 0.2401 -0.6080
vn 0.3153 0.5180 -0.7951
vn -0.4408 -0.1068 -0.8912
vn 0.1107 0.2217 0.9688
vn 0.4267 0.2868 0.8577
vn -0.2353 -0.2281 0.9448
vn -0.6724 -0.2166 0.7078
vn -0.7046 -0.7045 0.0851
vn -0.2489 0.0715 0.9659
vn -0.9841 0.1713 -0.0463
vn -0.0017 0.9951 0.0989
vn 0.0134 0.9998 0.0165
vn 0.9740 -0.1079 0.1993
vn 0.9974 -0.0343 0.0635
vn 0.9999 -0.0134 -0.0101
vn -0.0413 -0.9808 -0.1908
vn -0.0103 -0.9986 -0.0527
vn 0.0045 -0.9996 -0.0288
vn 0.0608 -0.9574 -0.2823
vn 0.0101 -0.8558 -0.5172
vn -0.9952 0.0711 0.0671
vn 0.0333 -0.0183 0.9993
vn -0.1553 -0.9845 -0.0812
vn -0.4289 0.7713 0.4703
vn 0.5267 0.8185 -0.2293
vn -0.3836 -0.8955 -0.2256
vn -0.4381 -0.8984 -0.0320
vn -0.4573 -0.8669 -0.1985
vn -0.5275 0.0175 -0.8494
vn -0.7458 -0.2291 -0.6255
vn 0.4573 0.4558 -0.7636
vn -0.0179 0.3313 0.9434
vn -0.0492 0.7144 0.6981
vn -0.0256 0.2094 0.9775
vn 0.1718 0.2057 0.9634
vn 0.1035 0.4656 0.8789
vn -0.0203 0.9861 -0.1652
vn 0.9714 -0.2376 0.0044
vn 0.7294 -0.6840 -0.0101
vn 0.5177 0.5170 0.6817
vn 0.6474 0.2081 0.7332
vn -0.0983 -0.7298 0.6766
vn -0.0548 -0.4156 0.9079
vn -0.0283 -0.8853 0.4641
vn 0.0115 -0.9929 0.1180
vn -0.0033 0.9992 -0.0400
vn -0.9528 0.3035 0.0118
vn -0.6058 -0.7502 0.2651
vn -0.2071 -0.9781 0.0211
vn -0.8281 -0.5565 0.0668
vn -0.1234 -0.9917 0.0360
vn -0.0821 0.6910 0.7182
vn -0.0902 0.1376 0.9864
vn 0.0154 0.1192 0.9928
vn 0.1051 -0.9931 0.0520
vn 0.9756 -0.0912 -0.1996
vn 0.3362 -0.7759 -0.5338
vn 0.0047 -0.9994 -0.0352
vn 0.0054 -0.9977 -0.0680
vn -0.7298 0.0951 0.6770
vn -0.9316 -0.1774 -0.3172
vn -0.9507 0.2914 0.1061
vn -0.7119 0.0055 0.7023
vn -0.6234 0.5940 0.5085
vn -0.0251 0.9993 0.0266
vn -0.9990 -0.0242 0.0363
vn -0.4993 -0.1194 -0.8582
vn 0.1771 0.3377 -0.9244
vn 0.0143 -0.9262 -0.3768
vn -0.0001 -0.7227 -0.6912
vn -0.6668 -0.7038 -0.2449
vn 0.0267 -0.9548 -0.2960
vn -0.9971 0.0730 0.0213
vn -0.9923 0.1174 0.0392
vn 0.0116 -0.3824 0.9239
vn 0.9977 0.0673 -0.0000
vn 0.9814 0.0197 -0.1907
vn -0.1723 -0.3887 -0.9051
vn -0.0554 -0.2237 -0.9731
vn -0.0599 -0.2880 -0.9558
vn -0.0009 -0.6530 0.7574
vn -0.0243 -0.8005 0.5988
vn -0.0233 0.1599 -0.9869
vn -0.0011 0.1465 -0.9892
vn -0.0034 1.0000 -0.0012
vn 0.2267 -0.9217 -0.3148
vn -0.1721 -0.9660 0.1930
vn -0.4359 -0.2475 0.8653
vn -0.0964 0.9949 -0.0308
vn 0.0066 -0.9951 0.0989
vn 0.0080 -0.9999 0.0138
vn 0.1588 -0.4427 0.8825
vn -0.3189 0.7915 0.5214
vn 0.1560 0.9876 0.0169
vn -0.0004 -0.4761 -0.8794
vn -0.0109 0.5724 0.8199
vn -0.9930 0.1046 0.0548
vn -0.6560 0.3261 0.6807
vn -0.2244 0.4638 0.8571
vn -0.0582 -0.9982 -0.0144
vn 0.9969 0.0670 -0.0424
vn -0.0002 0.0066 1.0000
vn 0.0058 -0.0156 0.9999
vn 0.2492 0.8805 -0.4032
vn 0.3630 0.8519 -0.3776
vn 0.4574 0.8773 -0.1451
vn -0.5015 0.0369 0.8644
vn 0.1135 -0.9849 -0.1309
vn 0.9903 -0.1385 0.0130
vn 0.6423 -0.7664 -0.0120
vn 0.9942 -0.1059 -0.0167
vn 0.7700 -0.6367 0.0413
vn 0.7766 -0.2758 0.5665
vn 0.0345 0.2393 0.9703
vn 0.9503 0.3094 -0.0347
vn 0.9908 -0.0574 0.1223
vn 0.8725 0.2432 -0.4238
vn 0.0173 -0.4009 0.9160
vn 0.8752 -0.4785 -0.0707
vn 0.5922 -0.8000 -0.0962
vn 0.0113 0.9977 -0.0670
vn 0.0378 -0.0918 -0.9951
vn -0.8127 0.5827 0.0026
vn -0.5248 0.8022 0.2846
vn -0.0819 0.9960 0.0360
vn 0.0200 0.9994 -0.0278
vn 0.6898 0.0567 -0.7217
vn 0.6809 0.3114 0.6629
vn -0.3433 0.3833 0.8574
vn -0.6276 -0.1514 -0.7637
vn -0.5788 -0.0208 -0.8152
vn 0.8096 0.2684 0.5221
vn 0.7246 0.1818 0.6648
vn 0.9487 0.3088 0.0676
vn 0.9101 0.1788 0.3739
vn 0.0591 -0.5988 -0.7987
vn 0.0323 -0.7272 -0.6857
vn -0.5019 0.7204 -0.4786
vn 0.1932 -0.1030 0.9757
vn 0.2845 -0.0719 0.9560
vn 0.0091 0.6699 -0.7424
vn -0.9960 0.0836 -0.0303
vn 0.2588 0.1392 0.9558
vn 0.1031 -0.9944 -0.0249
vn -0.1490 -0.2945 -0.9440
vn -0.3155 0.6131 -0.7243
vn -0.6063 -0.6626 -0.4398
vn 0.5397 0.1511 0.8282
vn -0.9992 -0.0317 0.0232
vn 0.0610 0.2551 0.9650
vn 0.3526 0.5749 0.7384
vn 0.7890 0.6115 -0.0595
vn 0.0064 0.3610 -0.9325
vn 0.2567 0.7467 -0.6136
vn 0.7415 -0.0840 0.6657
vn 0.7325 0.0473 0.6791
vn -0.3330 0.1443 -0.9318
vn 0.6403 0.1299 0.7570
vn -0.1690 -0.9785 0.1182
vn 0.0071 -0.0203 -0.9998
vn -0.0068 0.3129 -0.9498
vn -0.9926 0.0854 0.0866
vn -0.0189 0.6974 0.7165
vn 0.8182 -0.3474 0.4581
vn -0.4112 0.8724 0.2643
vn -0.0003 0.9934 0.1148
vn 0.0169 -0.9999 -0.0024
vn -0.0024 -1.0000 -0.0047
vn -0.0014 -0.9975 0.0708
vn -0.6351 -0.6392 0.4338
vn 0.9503 0.1055 -0.2931
vn -0.8786 -0.4773 -0.0161
vn -0.0776 -0.4262 0.9013
vn -0.0347 0.1870 0.9817
vn 0.0672 -0.9977 0.0047
vn 0.0342 0.0431 0.9985
vn 0.5434 0.1515 0.8257
vn -0.3595 0.8012 0.4784
vn -0.1442 -0.9779 0.1513
vn 0.6675 0.4076 -0.6232
vn 0.0186 -0.9998 0.0104
vn 0.7899 -0.1592 0.5922
vn -0.0813 0.8861 -0.4563
vn -0.9252 -0.1704 0.3392
vn 0.9601 0.2714 0.0670
vn -0.4930 -0.8699 0.0175
vn 0.0141 0.4374 0.8991
vn 0.2664 0.0112 0.9638
vn -0.0128 -0.5650 -0.8250
vn -0.9205 0.3883 0.0433
vn 0.0714 0.6022 -0.7951
vn -0.3767 -0.8556 0.3551
vn -0.5073 -0.6647 0.5485
vn 0.0052 0.2451 0.9695
vn -0.3574 0.8952 0.2663
vn 0.9083 0.4131 0.0663
vn -0.6631 0.1018 0.7416
vn -0.0205 -0.2878 -0.9575
vn -0.5343 -0.4929 -0.6868
vn -0.9897 0.0497 -0.1341
vn -0.0821 -0.5274 -0.8457
vn -0.9795 0.0561 0.1933
vn 0.9937 0.1117 -0.0118
vn 0.7252 0.6885 -0.0124
vn 0.0275 -0.9938 -0.1081
vn -0.9545 -0.0204 -0.2974
vn -0.9216 0.3819 0.0694
vn 0.9764 0.1869 0.1079
vn 0.0432 0.4521 -0.8909
vn 0.0966 -0.1430 -0.9850
vn 0.7799 0.1845 0.5981
vn -0.7797 0.0674 -0.6226
vn 0.9200 0.0652 0.3864
vn -0.8479 -0.2061 -0.4885
vn -0.3605 -0.8845 0.2960
vn -0.5368 -0.7838 0.3121
vn -0.6207 -0.7780 -0.0971
vn 0.4288 -0.9034 -0.0000
vn 0.6531 -0.4302 0.6232
vn 0.5997 0.2404 0.7632
vn -0.3952 0.7482 -0.5330
vn 0.0958 -0.9954 0.0075
vn -0.9885 0.0251 0.1490
vn 0.0111 0.9999 -0.0003
vn -0.0967 0.1547 0.9832
vn -0.0849 0.8651 -0.4943
vn 0.0075 -0.4080 -0.9130
vn 0.5063 0.1325 0.8521
vn 0.1069 0.1571 0.9818
vn 0.0079 -0.9740 -0.2263
vn -0.3007 0.3675 0.8800
vn -0.2628 0.3543 0.8974
vn 0.7102 0.6978 -0.0935
vn 0.0809 0.7474 -0.6594
vn -0.0042 0.9991 -0.0420
vn 0.5972 0.8021 -0.0054
vn -0.7015 0.1802 0.6896
vn -0.0109 -0.2551 0.9669
vn -0.6282 0.1166 0.7693
vn 0.0043 0.1842 0.9829
vn 0.9936 -0.0223 0.1108
vn 0.0180 -0.8557 -0.5172
vn 0.0660 -0.9976 -0.0211
vn 0.1381 -0.9809 -0.1367
vn -0.7647 0.6444 -0.0042
vn -0.0102 0.4794 -0.8775
vn 0.9747 0.2221 0.0262
vn 0.2729 -0.2174 -0.9371
vn -0.3307 -0.4040 0.8529
vn -0.3962 -0.8417 0.3667
vn -0.8478 0.3035 0.4349
vn -0.9636 0.0573 0.2610
vn -0.8276 0.0458 0.5595
vn 0.2830 -0.3317 0.8999
vn -0.0541 0.9840 0.1699
vn 0.1284 0.9838 0.1250
vn -0.1289 0.9655 0.2264
vn -0.9927 0.1202 -0.0107
vn -0.0019 -0.2429 0.9700
vn -0.0123 -0.7594 -0.6505
vn -0.8049 -0.0757 0.5886
vn -0.6935 0.4416 0.5692
vn 0.9632 -0.1853 0.1946
vn 0.9983 -0.0591 0.0018
vn 0.9491 0.3149 0.0068
vn 0.8534 -0.1423 -0.5014
vn -0.9979 0.0572 -0.0311
vn 0.0451 -0.9891 -0.1401
vn 0.9998 -0.0142 -0.0144
vn 0.6944 0.0996 -0.7127
vn 0.5455 -0.8077 0.2236
vn -0.0163 0.9885 0.1504
vn 0.2100 0.5595 0.8018
vn -0.2666 0.5191 0.8121
vn -0.0029 1.0000 -0.0066
vn -0.3170 0.0171 0.9483
vn 0.2531 -0.9645 0.0755
vn 0.0023 0.5213 0.8534
vn 0.0771 -0.0448 -0.9960
vn -0.9932 0.1159 0.0060
vn -0.1574 0.0527 0.9861
vn 0.9586 0.2026 -0.2002
vn -0.4137 -0.8983 -0.1478
vn -0.6460 -0.4862 -0.5885
vn -0.9853 0.0815 0.1501
vn 0.6323 0.2889 -0.7188
vn 0.8740 0.0455 -0.4838
vn -0.9960 0.0894 -0.0043
vn -0.7486 -0.6627 0.0203
vt 0.848742 0.309375
vt 0.871750 0.309817
vt 0.854617 0.327747
vt 0.679616 0.868943
vt 0.665878 0.875587
vt 0.661717 0.856984
vt 0.676037 0.853926
vt 0.685650 0.858921
vt 0.867063 0.300000
vt 0.849378 0.298738
vt 0.689684 0.866599
vt 0.520269 0.846692
vt 0.518281 0.847496
vt 0.519246 0.845339
vt 0.525200 0.856400
vt 0.113050 0.821213
vt 0.103458 0.812032
vt 0.107156 0.810509
vt 0.521993 0.845210
vt 0.528873 0.854099
vt 0.118708 0.537646
vt 0.119987 0.539157
vt 0.117824 0.540824
vt 0.117496 0.540010
vt 0.117899 0.537047
vt 0.119152 0.531134
vt 0.120384 0.532604
vt 0.358041 0.026567
vt 0.356540 0.026391
vt 0.356165 0.025778
vt 0.313975 0.175626
vt 0.319637 0.178150
vt 0.317650 0.179336
vt 0.311320 0.174532
vt 0.313769 0.174476
vt 0.316274 0.174092
vt 0.358847 0.031112
vt 0.260952 0.453599
vt 0.209908 0.469225
vt 0.259191 0.451750
vt 0.261060 0.451033
vt 0.263076 0.452857
vt 0.349626 0.861233
vt 0.338193 0.839065
vt 0.381479 0.824750
vt 0.279837 0.465842
vt 0.211383 0.471286
vt 0.395847 0.844407
vt 0.098570 0.993344
vt 0.087254 0.991648
vt 0.103433 0.992058
vt 0.105195 0.993972
vt 0.100354 0.994863
vt 0.086227 0.992548
vt 0.086120 0.994005
vt 0.403767 0.748980
vt 0.403132 0.751636
vt 0.390689 0.746980
vt 0.404559 0.738085
vt 0.410590 0.749699
vt 0.410755 0.752240
vt 0.110168 0.304203
vt 0.104229 0.304324
vt 0.110590 0.303534
vt 0.109660 0.305166
vt 0.110796 0.304948
vt 0.111314 0.304226
vt 0.158068 0.391616
vt 0.157250 0.388141
vt 0.174142 0.387090
vt 0.159809 0.423779
vt 0.155739 0.388690
vt 0.157676 0.438416
vt 0.155656 0.425342
vt 0.156371 0.391727
vt 0.597789 0.905638
vt 0.607995 0.907284
vt 0.608632 0.909710
vt 0.597404 0.909277
vt 0.587657 0.903378
vt 0.587411 0.901333
vt 0.598589 0.903383
vt 0.937442 0.769968
vt 0.936153 0.770354
vt 0.936029 0.769878
vt 0.938455 0.769228
vt 0.938527 0.770552
vt 0.937816 0.770967
vt 0.974756 0.225346
vt 0.977823 0.245040
vt 0.975629 0.244989
vt 0.974011 0.245321
vt 0.972661 0.227297
vt 0.966518 0.224718
vt 0.964934 0.223306
vt 0.972342 0.221498
vt 0.976582 0.219750
vt 0.977058 0.224064
vt 0.440564 0.518982
vt 0.442537 0.523146
vt 0.442178 0.523227
vt 0.439438 0.519427
vt 0.441328 0.518052
vt 0.433669 0.516851
vt 0.914798 0.296861
vt 0.920069 0.304418
vt 0.918758 0.305167
vt 0.313913 0.001650
vt 0.315785 0.003550
vt 0.312194 0.021531
vt 0.312194 0.001521
vt 0.916150 0.296208
vt 0.912577 0.295770
vt 0.826321 0.505532
vt 0.805359 0.501498
vt 0.826538 0.502525
vt 0.826127 0.507523
vt 0.805588 0.503418
vt 0.840008 0.509885
vt 0.840396 0.507506
vt 0.113241 0.722337
vt 0.101845 0.670089
vt 0.128302 0.674250
vt 0.678511 0.327288
vt 0.675680 0.298999
vt 0.741958 0.301284
vt 0.142097 0.725014
vt 0.097269 0.734652
vt 0.096489 0.670338
vt 0.696936 0.336959
vt 0.036357 0.201258
vt 0.029753 0.198923
vt 0.030860 0.196256
vt 0.046369 0.207732
vt 0.034971 0.202905
vt 0.038237 0.199343
vt 0.049903 0.206684
vt 0.085299 0.845185
vt 0.073685 0.847125
vt 0.073539 0.845093
vt 0.086122 0.842140
vt 0.085600 0.847401
vt 0.086685 0.844875
vt 0.115779 0.968584
vt 0.102415 0.969640
vt 0.102460 0.968153
vt 0.307172 0.585772
vt 0.296250 0.587532
vt 0.296015 0.586100
vt 0.115351 0.967197
vt 0.307578 0.583967
vt 0.115254 0.970115
vt 0.307657 0.587569
vt 0.471950 0.884002
vt 0.468294 0.874695
vt 0.475942 0.861389
vt 0.469660 0.885105
vt 0.473352 0.892915
vt 0.471101 0.893781
vt 0.482051 0.871329
vt 0.198651 0.967241
vt 0.200704 0.969523
vt 0.199063 0.969198
vt 0.703739 0.054365
vt 0.696039 0.065160
vt 0.693675 0.063963
vt 0.200563 0.967947
vt 0.199379 0.954450
vt 0.705899 0.055663
vt 0.688696 0.046962
vt 0.197342 0.953749
vt 0.405333 0.243418
vt 0.408355 0.254277
vt 0.403600 0.243781
vt 0.838020 0.365285
vt 0.837425 0.366730
vt 0.822729 0.364179
vt 0.408713 0.243500
vt 0.823123 0.363071
vt 0.838491 0.363396
vt 0.985269 0.144053
vt 0.983267 0.142429
vt 0.985859 0.128194
vt 0.987872 0.128366
vt 0.987178 0.144305
vt 0.979411 0.143139
vt 0.979431 0.146565
vt 0.979232 0.145448
vt 0.755871 0.952084
vt 0.755251 0.953510
vt 0.754915 0.952912
vt 0.756529 0.951466
vt 0.759529 0.956261
vt 0.755714 0.951280
vt 0.855166 0.738029
vt 0.824950 0.736927
vt 0.844226 0.717305
vt 0.886931 0.733754
vt 0.445427 0.861233
vt 0.424191 0.855301
vt 0.437505 0.835374
vt 0.888474 0.463814
vt 0.852504 0.494393
vt 0.845703 0.475137
vt 0.894518 0.485484
vt 0.183451 0.416410
vt 0.233447 0.400150
vt 0.196071 0.440195
vt 0.241373 0.974203
vt 0.239630 0.973380
vt 0.240253 0.971907
vt 0.240748 0.975309
vt 0.242156 0.972413
vt 0.243026 0.974382
vt 0.250951 0.974789
vt 0.250993 0.972784
vt 0.252521 0.974386
vt 0.251015 0.976035
vt 0.249823 0.975008
vt 0.252666 0.975370
vt 0.249043 0.972965
vt 0.328712 0.949849
vt 0.323664 0.957551
vt 0.321801 0.955303
vt 0.325814 0.959576
vt 0.624253 0.984279
vt 0.628869 0.973015
vt 0.629680 0.984851
vt 0.620834 0.983449
vt 0.624032 0.971418
vt 0.626439 0.972220
vt 0.114831 0.044352
vt 0.114831 0.057416
vt 0.111381 0.045274
vt 0.622255 0.991381
vt 0.621476 0.254005
vt 0.624873 0.254909
vt 0.620786 0.257715
vt 0.616716 0.255679
vt 0.605903 0.205870
vt 0.612842 0.205585
vt 0.691049 0.426185
vt 0.705733 0.429157
vt 0.683262 0.431499
vt 0.635542 0.420442
vt 0.165880 0.128403
vt 0.108584 0.167263
vt 0.135590 0.140698
vt 0.686410 0.417908
vt 0.168718 0.140998
vt 0.116841 0.172542
vt 0.894723 0.610462
vt 0.894317 0.621413
vt 0.881664 0.627089
vt 0.895317 0.621046
vt 0.894502 0.608824
vt 0.895606 0.608775
vt 0.886227 0.608252
vt 0.895831 0.610284
vt 0.888629 0.091177
vt 0.894376 0.070618
vt 0.898745 0.090456
vt 0.900384 0.094924
vt 0.374599 0.720375
vt 0.378841 0.720096
vt 0.378318 0.722680
vt 0.887945 0.072779
vt 0.379989 0.709760
vt 0.359045 0.731565
vt 0.884470 0.580147
vt 0.885362 0.582543
vt 0.874288 0.581194
vt 0.873711 0.578440
vt 0.876503 0.561455
vt 0.890151 0.548727
vt 0.895562 0.578809
vt 0.474671 0.647115
vt 0.471123 0.643538
vt 0.473584 0.644095
vt 0.472664 0.648459
vt 0.475745 0.648781
vt 0.476824 0.646686
vt 0.133987 0.830747
vt 0.131674 0.843187
vt 0.130392 0.843115
vt 0.132631 0.819368
vt 0.137083 0.830876
vt 0.122795 0.843482
vt 0.123762 0.824507
vt 0.119081 0.836901
vt 0.912290 0.943854
vt 0.911485 0.960312
vt 0.909346 0.945216
vt 0.915185 0.942778
vt 0.914282 0.961039
vt 0.904463 0.939982
vt 0.904553 0.941440
vt 0.357574 0.005693
vt 0.357346 0.006646
vt 0.357153 0.005764
vt 0.358341 0.007248
vt 0.357054 0.001258
vt 0.358595 0.006160
vt 0.496765 0.509610
vt 0.491961 0.508479
vt 0.496068 0.507646
vt 0.497588 0.507315
vt 0.497569 0.509726
vt 0.494858 0.521582
vt 0.492367 0.511734
vt 0.249471 0.976629
vt 0.250933 0.996177
vt 0.248487 0.997303
vt 0.247174 0.976733
vt 0.246937 0.974659
vt 0.402274 0.274750
vt 0.410355 0.266761
vt 0.415026 0.281921
vt 0.400197 0.282743
vt 0.392222 0.278687
vt 0.401764 0.271754
vt 0.392995 0.282259
vt 0.653902 0.800700
vt 0.672370 0.819052
vt 0.670410 0.820564
vt 0.659832 0.804218
vt 0.646167 0.781298
vt 0.648861 0.781116
vt 0.650972 0.802369
vt 0.617204 0.012636
vt 0.618492 0.015981
vt 0.615510 0.013644
vt 0.609555 0.873717
vt 0.598802 0.873826
vt 0.600102 0.870597
vt 0.614088 0.009139
vt 0.629671 0.008419
vt 0.609104 0.877135
vt 0.544126 0.895802
vt 0.548788 0.896440
vt 0.547806 0.904909
vt 0.542285 0.895527
vt 0.543534 0.889149
vt 0.542716 0.904212
vt 0.545002 0.889509
vt 0.680353 0.020895
vt 0.679907 0.022854
vt 0.677917 0.020860
vt 0.682004 0.023038
vt 0.678098 0.015463
vt 0.680716 0.015637
vt 0.682315 0.021070
vt 0.693378 0.155756
vt 0.693227 0.157690
vt 0.692308 0.155631
vt 0.694295 0.155823
vt 0.693984 0.158267
vt 0.693204 0.148770
vt 0.694428 0.148386
vt 0.160696 0.990718
vt 0.159718 0.992320
vt 0.147346 0.992583
vt 0.093301 0.511876
vt 0.095007 0.523192
vt 0.093580 0.524139
vt 0.091668 0.511078
vt 0.095196 0.511491
vt 0.146435 0.990753
vt 0.160254 0.988892
vt 0.638615 0.026330
vt 0.638748 0.050239
vt 0.637286 0.023486
vt 0.638453 0.022982
vt 0.041607 0.536762
vt 0.044091 0.540221
vt 0.039642 0.536917
vt 0.299039 0.023923
vt 0.297397 0.012086
vt 0.299039 0.003870
vt 0.044639 0.539874
vt 0.050239 0.519040
vt 0.313136 0.377680
vt 0.300187 0.393627
vt 0.297077 0.391932
vt 0.794474 0.490974
vt 0.801095 0.503870
vt 0.787519 0.517433
vt 0.319871 0.407743
vt 0.330418 0.386959
vt 0.310766 0.376148
vt 0.796463 0.489208
vt 0.396721 0.813161
vt 0.380009 0.819398
vt 0.396015 0.811389
vt 0.398771 0.815484
vt 0.397219 0.816370
vt 0.398315 0.812012
vt 0.399558 0.814289
vt 0.380708 0.822154
vt 0.436219 0.742096
vt 0.431762 0.737011
vt 0.453344 0.711011
vt 0.947292 0.599973
vt 0.956926 0.638450
vt 0.946314 0.634166
vt 0.417326 0.751146
vt 0.966495 0.417020
vt 0.947727 0.444970
vt 0.947727 0.400213
vt 0.423356 0.755971
vt 0.806087 0.128236
vt 0.785230 0.122849
vt 0.806580 0.112394
vt 0.821729 0.424404
vt 0.821345 0.426610
vt 0.819543 0.425849
vt 0.821768 0.402687
vt 0.834365 0.406222
vt 0.819505 0.423582
vt 0.832531 0.426263
vt 0.398320 0.846038
vt 0.411831 0.833218
vt 0.414934 0.835379
vt 0.400336 0.847421
vt 0.208975 0.466688
vt 0.460599 0.041612
vt 0.462274 0.043400
vt 0.460907 0.043306
vt 0.458453 0.041985
vt 0.458839 0.036620
vt 0.460643 0.040695
vt 0.462671 0.042410
vt 0.246514 0.972828
vt 0.247724 0.972991
vt 0.245160 0.972864
vt 0.245235 0.970281
vt 0.246245 0.970053
vt 0.319657 0.965429
vt 0.307143 0.968179
vt 0.319068 0.963187
vt 0.321777 0.965360
vt 0.320811 0.967481
vt 0.320685 0.963426
vt 0.988026 0.564480
vt 0.976881 0.573435
vt 0.974445 0.571878
vt 0.210894 0.980345
vt 0.220255 0.966286
vt 0.229662 0.980744
vt 0.202597 0.968975
vt 0.208384 0.981238
vt 0.212083 0.991730
vt 0.865661 0.464432
vt 0.860310 0.465798
vt 0.860095 0.462022
vt 0.865485 0.462049
vt 0.868410 0.463269
vt 0.868224 0.466501
vt 0.549133 0.915416
vt 0.548645 0.924153
vt 0.540839 0.914157
vt 0.542326 0.911639
vt 0.551414 0.912813
vt 0.748752 0.152055
vt 0.761250 0.125411
vt 0.759469 0.151368
vt 0.745374 0.149653
vt 0.750071 0.129051
vt 0.733654 0.187008
vt 0.735534 0.186268
vt 0.736111 0.188051
vt 0.722687 0.192605
vt 0.720925 0.179668
vt 0.734860 0.188993
vt 0.730460 0.175909
vt 0.964945 0.725173
vt 0.959356 0.727945
vt 0.958529 0.724095
vt 0.965318 0.723057
vt 0.969923 0.724418
vt 0.965610 0.727985
vt 0.160550 0.970211
vt 0.146696 0.972023
vt 0.146692 0.970322
vt 0.161011 0.968666
vt 0.117047 0.511078
vt 0.119347 0.511251
vt 0.119165 0.523193
vt 0.116938 0.521845
vt 0.160556 0.972016
vt 0.115144 0.511207
vt 0.384311 0.953543
vt 0.397333 0.965519
vt 0.389025 0.963885
vt 0.380705 0.954721
vt 0.377626 0.947710
vt 0.380460 0.947525
vt 0.386157 0.951175
vt 0.721670 0.119426
vt 0.706045 0.111276
vt 0.708513 0.091200
vt 0.731139 0.107885
vt 0.828109 0.306697
vt 0.826520 0.303077
vt 0.828348 0.303174
vt 0.841519 0.310470
vt 0.821664 0.317493
vt 0.825449 0.305909
vt 0.824890 0.317873
vt 0.006029 0.865699
vt 0.007819 0.856533
vt 0.015967 0.860216
vt 0.015903 0.869135
vt 0.400952 0.903063
vt 0.411377 0.905242
vt 0.400364 0.909830
vt 0.390345 0.898450
vt 0.401300 0.893589
vt 0.411562 0.897817
vt 0.516566 0.168658
vt 0.516566 0.087024
vt 0.571763 0.135220
vt 0.858841 0.940180
vt 0.788321 0.902836
vt 0.858841 0.858545
vt 0.338734 0.936972
vt 0.385163 0.984555
vt 0.338734 0.985634
vt 0.163211 0.342498
vt 0.196102 0.313443
vt 0.197052 0.374397
vt 0.952141 0.370809
vt 0.919945 0.340279
vt 0.952141 0.295421
vt 0.129031 0.316989
vt 0.671573 0.327091
vt 0.671236 0.328976
vt 0.668606 0.327927
vt 0.667329 0.322470
vt 0.670115 0.321374
vt 0.674633 0.326859
vt 0.674350 0.328371
vt 0.172125 0.882291
vt 0.173375 0.885439
vt 0.144514 0.878244
vt 0.172957 0.879498
vt 0.182041 0.885113
vt 0.145188 0.875508
vt 0.181862 0.887562
vt 0.644349 0.326856
vt 0.642995 0.330770
vt 0.644044 0.326688
vt 0.645177 0.327049
vt 0.644182 0.331096
vt 0.646539 0.323994
vt 0.132309 0.954279
vt 0.133316 0.952752
vt 0.144685 0.954254
vt 0.252461 0.995696
vt 0.134206 0.955567
vt 0.184148 0.855569
vt 0.189677 0.846054
vt 0.199545 0.849393
vt 0.818316 0.033480
vt 0.813261 0.025295
vt 0.821694 0.023539
vt 0.822738 0.024726
vt 0.805813 0.028722
vt 0.178256 0.851606
vt 0.180886 0.850109
vt 0.181571 0.855519
vt 0.819386 0.035881
vt 0.297655 0.440811
vt 0.287058 0.453621
vt 0.295048 0.440140
vt 0.309822 0.420291
vt 0.290054 0.456126
vt 0.312889 0.421288
vt 0.305583 0.442344
vt 0.026300 0.301493
vt 0.012966 0.297490
vt 0.027174 0.298694
vt 0.370809 0.458199
vt 0.369248 0.460063
vt 0.369117 0.457992
vt 0.011016 0.306617
vt 0.020811 0.313815
vt 0.370771 0.460868
vt 0.370586 0.445995
vt 0.002392 0.311001
vt 0.000806 0.301488
vt 0.002392 0.301334
vt 0.292880 0.833459
vt 0.297497 0.835948
vt 0.293495 0.835853
vt 0.256996 0.820755
vt 0.289954 0.813599
vt 0.267347 0.842568
vt 0.297806 0.833538
vt 0.296171 0.813220
vt 0.511863 0.530119
vt 0.516278 0.532386
vt 0.515803 0.533061
vt 0.512027 0.531465
vt 0.512930 0.529429
vt 0.510192 0.529681
vt 0.511258 0.529354
vt 0.001861 0.990667
vt 0.001871 0.986319
vt 0.003042 0.990995
vt 0.118192 0.541787
vt 0.002722 0.992534
vt 0.121141 0.533481
vt 0.024321 0.983242
vt 0.025025 0.985770
vt 0.020994 0.991708
vt 0.028528 0.978974
vt 0.027465 0.972888
vt 0.028878 0.974157
vt 0.022708 0.983213
vt 0.978440 0.798491
vt 0.980659 0.796581
vt 0.985148 0.801658
vt 0.978933 0.787999
vt 0.982522 0.801793
vt 0.975338 0.799435
vt 0.304905 0.682884
vt 0.308336 0.685344
vt 0.305832 0.685930
vt 0.276941 0.678922
vt 0.303857 0.661137
vt 0.307247 0.662042
vt 0.308173 0.682783
vt 0.198411 0.899999
vt 0.196971 0.909860
vt 0.196299 0.900156
vt 0.198365 0.898809
vt 0.200331 0.899427
vt 0.199403 0.908867
vt 0.624346 0.878794
vt 0.660279 0.954533
vt 0.634429 0.952914
vt 0.613981 0.954533
vt 0.750807 0.797331
vt 0.742411 0.852976
vt 0.733352 0.793531
vt 0.769315 0.748141
vt 0.756656 0.797216
vt 0.756483 0.799694
vt 0.650319 0.878045
vt 0.389094 0.934779
vt 0.377839 0.937511
vt 0.388687 0.932910
vt 0.389082 0.936328
vt 0.389771 0.932697
vt 0.390252 0.934633
vt 0.225342 0.169810
vt 0.198857 0.158024
vt 0.229372 0.143801
vt 0.231971 0.144937
vt 0.229974 0.171051
vt 0.218956 0.185098
vt 0.216693 0.184355
vt 0.202472 0.179936
vt 0.390862 0.889615
vt 0.388812 0.887112
vt 0.392532 0.878797
vt 0.402750 0.884116
vt 0.388504 0.897561
vt 0.116530 0.818760
vt 0.110054 0.808148
vt 0.517382 0.845727
vt 0.523277 0.857442
vt 0.508157 0.854176
vt 0.507220 0.853033
vt 0.778114 0.052023
vt 0.761610 0.047671
vt 0.778397 0.037392
vt 0.782228 0.055601
vt 0.768167 0.055633
vt 0.814052 0.059576
vt 0.763417 0.052338
vt 0.797266 0.052677
vt 0.551442 0.497275
vt 0.556994 0.502116
vt 0.551153 0.508771
vt 0.559513 0.497836
vt 0.561860 0.499763
vt 0.549762 0.496146
vt 0.554600 0.493354
vt 0.763665 0.096097
vt 0.764580 0.085081
vt 0.766148 0.096195
vt 0.756059 0.084251
vt 0.392671 0.927816
vt 0.389133 0.930985
vt 0.387731 0.929326
vt 0.391386 0.925391
vt 0.403935 0.928997
vt 0.394177 0.930168
vt 0.355438 0.657864
vt 0.407611 0.689111
vt 0.405323 0.700948
vt 0.671044 0.220015
vt 0.667663 0.291494
vt 0.642735 0.282612
vt 0.332135 0.592345
vt 0.372059 0.633680
vt 0.630314 0.210997
vt 0.671044 0.142899
vt 0.305983 0.617306
vt 0.219445 0.597137
vt 0.211247 0.601164
vt 0.215826 0.588979
vt 0.225934 0.594649
vt 0.229738 0.604133
vt 0.223477 0.606800
vt 0.215593 0.610251
vt 0.286066 0.585412
vt 0.285123 0.586301
vt 0.286728 0.584362
vt 0.295733 0.585012
vt 0.287943 0.586082
vt 0.295851 0.583341
vt 0.285567 0.587124
vt 0.353348 0.449392
vt 0.354063 0.433347
vt 0.353927 0.446379
vt 0.354037 0.468894
vt 0.167891 0.075259
vt 0.170359 0.078242
vt 0.169389 0.088233
vt 0.089384 0.250115
vt 0.090908 0.269743
vt 0.089732 0.266774
vt 0.167891 0.088516
vt 0.165743 0.287687
vt 0.167462 0.271113
vt 0.167462 0.291862
vt 0.051965 0.592723
vt 0.053796 0.595599
vt 0.051493 0.593806
vt 0.053342 0.592137
vt 0.048740 0.593031
vt 0.050470 0.591681
vt 0.053286 0.590521
vt 0.877941 0.602199
vt 0.882316 0.592817
vt 0.887521 0.604873
vt 0.878032 0.604009
vt 0.870769 0.600655
vt 0.870681 0.597632
vt 0.046680 0.267980
vt 0.039595 0.284047
vt 0.031492 0.274414
vt 0.046153 0.228288
vt 0.059988 0.248551
vt 0.071889 0.279401
vt 0.062029 0.285389
vt 0.035058 0.258317
vt 0.039603 0.244007
vt 0.470758 0.043760
vt 0.469299 0.043082
vt 0.470920 0.040039
vt 0.470968 0.045610
vt 0.469795 0.045230
vt 0.472333 0.042206
vt 0.972573 0.809973
vt 0.968061 0.811963
vt 0.968251 0.809243
vt 0.973181 0.808084
vt 0.973721 0.810345
vt 0.972603 0.812292
vt 0.973838 0.808171
vt 0.840540 0.132392
vt 0.848290 0.139692
vt 0.836493 0.156866
vt 0.821467 0.159517
vt 0.807745 0.118154
vt 0.826009 0.107702
vt 0.866437 0.106422
vt 0.856008 0.128536
vt 0.754858 0.095021
vt 0.747292 0.083675
vt 0.564904 0.502430
vt 0.562360 0.506636
vt 0.557018 0.513257
vt 0.842951 0.459547
vt 0.840954 0.457306
vt 0.848632 0.448910
vt 0.844692 0.461291
vt 0.842493 0.460478
vt 0.849572 0.450374
vt 0.658364 0.067789
vt 0.653959 0.067597
vt 0.661159 0.058821
vt 0.663767 0.059276
vt 0.660410 0.069221
vt 0.656555 0.070591
vt 0.110187 0.531421
vt 0.108651 0.522885
vt 0.110399 0.523359
vt 0.108526 0.531623
vt 0.109820 0.535948
vt 0.111492 0.531774
vt 0.111215 0.535947
vt 0.464906 0.368002
vt 0.486300 0.314381
vt 0.472397 0.373161
vt 0.475951 0.311635
vt 0.447584 0.415440
vt 0.457006 0.364800
vt 0.454716 0.416011
vt 0.630113 0.966277
vt 0.631875 0.968240
vt 0.629721 0.967825
vt 0.632298 0.967016
vt 0.627928 0.965913
vt 0.633514 0.956033
vt 0.201609 0.971080
vt 0.199757 0.971117
vt 0.887195 0.280293
vt 0.884070 0.289185
vt 0.885293 0.278524
vt 0.891090 0.272564
vt 0.898465 0.285101
vt 0.885249 0.289690
vt 0.890119 0.273769
vt 0.018001 0.997602
vt 0.008452 0.999988
vt 0.016808 0.996738
vt 0.018024 0.995626
vt 0.019029 0.996567
vt 0.017963 0.998168
vt 0.040043 0.539780
vt 0.023552 0.535314
vt 0.040626 0.538868
vt 0.221759 0.202177
vt 0.222510 0.200722
vt 0.224149 0.203290
vt 0.043852 0.541734
vt 0.042153 0.541988
vt 0.316144 0.185308
vt 0.318178 0.185816
vt 0.316144 0.200954
vt 0.327630 0.022422
vt 0.330139 0.037865
vt 0.327630 0.038277
vt 0.259274 0.789595
vt 0.267810 0.732942
vt 0.269092 0.790234
vt 0.259752 0.730480
vt 0.235373 0.229358
vt 0.243571 0.297876
vt 0.236978 0.301088
vt 0.240829 0.724726
vt 0.214869 0.234721
vt 0.241705 0.791856
vt 0.245394 0.227059
vt 0.454684 0.047419
vt 0.455572 0.047024
vt 0.457029 0.051601
vt 0.455889 0.052813
vt 0.453840 0.047239
vt 0.453521 0.045127
vt 0.454897 0.044410
vt 0.466364 0.508467
vt 0.466093 0.510979
vt 0.460633 0.510227
vt 0.464672 0.505649
vt 0.492615 0.501359
vt 0.491365 0.499784
vt 0.347380 0.197564
vt 0.353264 0.201239
vt 0.352823 0.203335
vt 0.013988 0.833262
vt 0.018444 0.844870
vt 0.011873 0.838037
vt 0.017659 0.831279
vt 0.020098 0.841823
vt 0.348030 0.195874
vt 0.345150 0.198256
vt 0.284179 0.687476
vt 0.306846 0.732199
vt 0.281758 0.737677
vt 0.272387 0.687350
vt 0.272450 0.683851
vt 0.306633 0.688748
vt 0.282847 0.684101
vt 0.106303 0.545448
vt 0.110569 0.537226
vt 0.111611 0.537549
vt 0.018110 0.998853
vt 0.018303 0.999486
vt 0.104901 0.537706
vt 0.107172 0.537181
vt 0.100196 0.539859
vt 0.101273 0.539566
vt 0.113104 0.537601
vt 0.115079 0.537807
vt 0.116406 0.538432
vt 0.109186 0.537317
vt 0.005300 0.992135
vt 0.006428 0.992088
vt 0.003977 0.992406
vt 0.102021 0.538662
vt 0.103733 0.538273
vt 0.007263 0.992103
vt 0.009957 0.992868
vt 0.011579 0.993787
vt 0.013484 0.994323
vt 0.116606 0.539404
vt 0.008403 0.992336
vt 0.014439 0.994950
vt 0.015628 0.995946
vt 0.098500 0.540821
vt 0.099111 0.540259
vt 0.761178 0.336193
vt 0.762454 0.338029
vt 0.707268 0.362782
vt 0.700720 0.346299
vt 0.755798 0.323276
vt 0.706841 0.361362
vt 0.938284 0.884452
vt 0.959318 0.885019
vt 0.930647 0.959907
vt 0.935164 0.886185
vt 0.955394 0.032468
vt 0.951133 0.033226
vt 0.955174 0.029474
vt 0.951196 0.035159
vt 0.955339 0.035119
vt 0.964889 0.036452
vt 0.963648 0.029405
vt 0.060318 0.851590
vt 0.061468 0.850425
vt 0.062241 0.853132
vt 0.059700 0.853465
vt 0.057651 0.852940
vt 0.060476 0.848473
vt 0.058822 0.850282
vt 0.257618 0.003965
vt 0.319419 0.036955
vt 0.244085 0.052554
vt 0.337316 0.937146
vt 0.269144 0.976064
vt 0.269144 0.905316
vt 0.228988 0.046492
vt 0.758096 0.227659
vt 0.735208 0.270900
vt 0.729267 0.259148
vt 0.784679 0.206925
vt 0.736942 0.271051
vt 0.715781 0.218817
vt 0.189755 0.835375
vt 0.177071 0.842527
vt 0.211738 0.832258
vt 0.203634 0.824209
vt 0.205747 0.824240
vt 0.188257 0.833065
vt 0.141643 0.455036
vt 0.144466 0.458902
vt 0.140982 0.457424
vt 0.128225 0.436757
vt 0.151393 0.438956
vt 0.076742 0.449728
vt 0.123522 0.435762
vt 0.147361 0.456792
vt 0.355840 0.212916
vt 0.345150 0.209442
vt 0.009569 0.091844
vt 0.009569 0.102870
vt 0.007792 0.092721
vt 0.368828 0.446455
vt 0.366339 0.458682
vt 0.359943 0.445257
vt 0.356854 0.436641
vt 0.354694 0.203444
vt 0.974742 0.174667
vt 0.978780 0.188878
vt 0.973007 0.188809
vt 0.968712 0.173142
vt 0.970996 0.162539
vt 0.976014 0.163140
vt 0.981077 0.174965
vt 0.497601 0.641140
vt 0.496277 0.625997
vt 0.497591 0.612873
vt 0.188993 0.452184
vt 0.188736 0.480765
vt 0.188030 0.470541
vt 0.167780 0.253393
vt 0.169854 0.235327
vt 0.168531 0.255978
vt 0.003142 0.287874
vt 0.003461 0.285016
vt 0.007177 0.301432
vt 0.002346 0.285162
vt 0.001705 0.285697
vt 0.525563 0.790303
vt 0.518359 0.829128
vt 0.507350 0.841483
vt 0.544369 0.785460
vt 0.542939 0.795984
vt 0.492647 0.836482
vt 0.512289 0.789354
vt 0.527603 0.779314
vt 0.907511 0.318773
vt 0.900132 0.312161
vt 0.902341 0.311479
vt 0.238225 0.975153
vt 0.238194 0.994412
vt 0.234972 0.979917
vt 0.237695 0.973651
vt 0.235209 0.991395
vt 0.125190 0.948150
vt 0.074262 0.961711
vt 0.074262 0.885260
vt 0.133970 0.939367
vt 0.898662 0.142850
vt 0.948585 0.147250
vt 0.919336 0.212916
vt 0.899903 0.131222
vt 0.496127 0.969467
vt 0.557409 0.921885
vt 0.547083 0.982922
vt 0.881146 0.017995
vt 0.873865 0.024748
vt 0.863454 0.024434
vt 0.877873 0.000564
vt 0.915485 0.783690
vt 0.925822 0.762631
vt 0.922193 0.775385
vt 0.882417 0.022393
vt 0.894296 0.017347
vt 0.683888 0.826189
vt 0.684832 0.825044
vt 0.690271 0.830549
vt 0.680660 0.831616
vt 0.679358 0.830796
vt 0.683207 0.825216
vt 0.683095 0.826338
vt 0.301835 0.913864
vt 0.271503 0.895429
vt 0.301781 0.889130
vt 0.794557 0.576016
vt 0.779207 0.596189
vt 0.763770 0.584247
vt 0.798690 0.573301
vt 0.804687 0.584381
vt 0.306304 0.890234
vt 0.790070 0.554117
vt 0.009272 0.192136
vt 0.006986 0.180362
vt 0.012052 0.192452
vt 0.868477 0.867983
vt 0.883808 0.871066
vt 0.869267 0.881800
vt 0.011763 0.194432
vt 0.879037 0.859258
vt 0.866076 0.865551
vt 0.010362 0.195337
vt 0.865918 0.882207
vt 0.256571 0.449310
vt 0.262540 0.449306
vt 0.264970 0.451018
vt 0.287623 0.596870
vt 0.286159 0.595975
vt 0.288603 0.595860
vt 0.294205 0.597781
vt 0.287826 0.598161
vt 0.285842 0.597074
vt 0.009623 0.966671
vt 0.010353 0.976340
vt 0.007610 0.977889
vt 0.011569 0.964731
vt 0.159874 0.958793
vt 0.144631 0.957654
vt 0.157946 0.957831
vt 0.160397 0.960395
vt 0.145633 0.959513
vt 0.007499 0.966455
vt 0.922245 0.312589
vt 0.924970 0.308611
vt 0.923354 0.312592
vt 0.922084 0.313972
vt 0.921245 0.313987
vt 0.921326 0.312110
vt 0.311217 0.415084
vt 0.297446 0.406874
vt 0.295334 0.405216
vt 0.263959 0.843974
vt 0.253439 0.823633
vt 0.262282 0.845236
vt 0.265308 0.846192
vt 0.895019 0.582177
vt 0.893862 0.585805
vt 0.901407 0.582041
vt 0.903975 0.586635
vt 0.970354 0.228239
vt 0.972179 0.244829
vt 0.965841 0.244652
vt 0.965926 0.226362
vt 0.635942 0.967305
vt 0.637260 0.968879
vt 0.635562 0.968775
vt 0.637435 0.967601
vt 0.633897 0.966638
vt 0.842576 0.944007
vt 0.843459 0.944286
vt 0.842754 0.959397
vt 0.841787 0.958971
vt 0.611677 0.843363
vt 0.618962 0.837526
vt 0.612164 0.844182
vt 0.600982 0.842671
vt 0.610818 0.842273
vt 0.542538 0.868923
vt 0.545677 0.883363
vt 0.541471 0.871484
vt 0.733138 0.024762
vt 0.728736 0.033395
vt 0.713438 0.041330
vt 0.778346 0.013915
vt 0.736886 0.026579
vt 0.768887 0.010155
vt 0.771049 0.012513
vt 0.010546 0.182157
vt 0.011962 0.160983
vt 0.011962 0.184208
vt 0.521525 0.526070
vt 0.519838 0.528088
vt 0.513764 0.526603
vt 0.009239 0.178091
vt 0.513787 0.525617
vt 0.172247 0.275011
vt 0.171075 0.287078
vt 0.171075 0.270903
vt 0.691835 0.148162
vt 0.691203 0.155101
vt 0.690144 0.148115
vt 0.692904 0.136626
vt 0.691074 0.136562
vt 0.304645 0.004914
vt 0.305168 0.006160
vt 0.304197 0.005657
vt 0.305579 0.004874
vt 0.301656 0.001132
vt 0.305381 0.004465
vt 0.418051 0.680132
vt 0.410317 0.676768
vt 0.417390 0.678495
vt 0.422656 0.678226
vt 0.416814 0.681192
vt 0.422781 0.680748
vt 0.423458 0.682733
vt 0.377976 0.806659
vt 0.336372 0.820411
vt 0.327387 0.799796
vt 0.376853 0.771079
vt 0.394204 0.779566
vt 0.220018 0.835645
vt 0.217900 0.822082
vt 0.223703 0.810733
vt 0.213599 0.829719
vt 0.229645 0.823427
vt 0.239945 0.827707
vt 0.225043 0.842091
vt 0.218673 0.837004
vt 0.780995 0.953883
vt 0.776600 0.952312
vt 0.783078 0.952719
vt 0.781541 0.966017
vt 0.780173 0.965958
vt 0.778913 0.954740
vt 0.146695 0.976462
vt 0.160496 0.977078
vt 0.147644 0.977780
vt 0.133360 0.977733
vt 0.132439 0.976450
vt 0.147649 0.974847
vt 0.160519 0.975259
vt 0.251526 0.964228
vt 0.250991 0.970370
vt 0.250265 0.964526
vt 0.252789 0.964169
vt 0.252296 0.970344
vt 0.248954 0.959418
vt 0.312547 0.958883
vt 0.309638 0.958570
vt 0.314828 0.959303
vt 0.310069 0.957190
vt 0.313782 0.957059
vt 0.733041 0.485391
vt 0.723860 0.465395
vt 0.741125 0.460812
vt 0.761492 0.470982
vt 0.724985 0.476891
vt 0.742918 0.509026
vt 0.729411 0.488584
vt 0.719074 0.050171
vt 0.715044 0.050945
vt 0.103018 0.044832
vt 0.105262 0.052631
vt 0.100901 0.046000
vt 0.543960 0.885242
vt 0.545721 0.885742
vt 0.319469 0.229613
vt 0.332453 0.221867
vt 0.321333 0.299568
vt 0.307505 0.298463
vt 0.303957 0.292272
vt 0.320714 0.786804
vt 0.317364 0.782575
vt 0.326321 0.782697
vt 0.315038 0.224255
vt 0.703824 0.188397
vt 0.709693 0.198255
vt 0.708351 0.200570
vt 0.706324 0.186622
vt 0.701168 0.178101
vt 0.694394 0.195740
vt 0.698735 0.183147
vt 0.026369 0.972476
vt 0.019679 0.982171
vt 0.023374 0.970720
vt 0.160136 0.948401
vt 0.159700 0.951235
vt 0.148271 0.949591
vt 0.145452 0.948194
vt 0.020921 0.983203
vt 0.159658 0.947032
vt 0.925639 0.919230
vt 0.908448 0.927129
vt 0.908069 0.919594
vt 0.389145 0.876063
vt 0.392716 0.874687
vt 0.390743 0.877850
vt 0.908435 0.916315
vt 0.391906 0.872030
vt 0.386506 0.886346
vt 0.372826 0.879102
vt 0.377599 0.868788
vt 0.107929 0.771398
vt 0.111016 0.789481
vt 0.099895 0.783377
vt 0.109119 0.769014
vt 0.119684 0.777297
vt 0.105435 0.768873
vt 0.107071 0.767989
vt 0.438666 0.259802
vt 0.438128 0.251274
vt 0.440506 0.251145
vt 0.436906 0.258922
vt 0.441434 0.259958
vt 0.438394 0.260836
vt 0.900112 0.976905
vt 0.904312 0.962343
vt 0.905337 0.976815
vt 0.898336 0.961376
vt 0.905253 0.979660
vt 0.897448 0.978512
vt 0.235527 0.205853
vt 0.236232 0.205228
vt 0.237116 0.208346
vt 0.232372 0.224878
vt 0.233666 0.207298
vt 0.234747 0.203638
vt 0.235597 0.204415
vt 0.234665 0.205796
vt 0.234017 0.204886
vt 0.234589 0.204043
vt 0.175363 0.900159
vt 0.176740 0.913864
vt 0.188702 0.894423
vt 0.143192 0.880953
vt 0.132918 0.892858
vt 0.522694 0.661779
vt 0.515244 0.639154
vt 0.538980 0.657299
vt 0.540115 0.660957
vt 0.521774 0.666158
vt 0.519935 0.663583
vt 0.524427 0.666568
vt 0.465197 0.877004
vt 0.465032 0.873504
vt 0.466786 0.876747
vt 0.453580 0.878734
vt 0.463462 0.873790
vt 0.467705 0.887412
vt 0.457360 0.890689
vt 0.455780 0.882604
vt 0.633976 0.766546
vt 0.643731 0.777878
vt 0.631560 0.768758
vt 0.640769 0.757577
vt 0.653836 0.765437
vt 0.623659 0.759160
vt 0.645681 0.775699
vt 0.520602 0.892283
vt 0.520731 0.887249
vt 0.525985 0.893046
vt 0.523691 0.901857
vt 0.518050 0.900729
vt 0.493539 0.884693
vt 0.492258 0.890738
vt 0.495084 0.895330
vt 0.753899 0.954849
vt 0.751064 0.955222
vt 0.750542 0.954184
vt 0.754111 0.956032
vt 0.754876 0.955373
vt 0.755002 0.954574
vt 0.754419 0.954166
vt 0.495007 0.587234
vt 0.494123 0.657827
vt 0.464946 0.581014
vt 0.004661 0.000210
vt 0.106945 0.000210
vt 0.082025 0.044258
vt 0.508367 0.538049
vt 0.504651 0.295823
vt 0.561428 0.336292
vt 0.557170 0.358605
vt 0.514002 0.269988
vt 0.457253 0.286381
vt 0.289098 0.592589
vt 0.289101 0.591584
vt 0.297693 0.591207
vt 0.294877 0.595213
vt 0.288375 0.594373
vt 0.296279 0.594153
vt 0.286356 0.592742
vt 0.647857 0.013702
vt 0.645690 0.015748
vt 0.647181 0.012972
vt 0.651010 0.010770
vt 0.649734 0.014363
vt 0.647083 0.015898
vt 0.263722 0.654929
vt 0.245694 0.658945
vt 0.245769 0.657851
vt 0.275335 0.654150
vt 0.275049 0.655903
vt 0.262072 0.658414
vt 0.263704 0.652540
vt 0.282232 0.510774
vt 0.299864 0.576935
vt 0.285829 0.578940
vt 0.280174 0.576177
vt 0.276267 0.508236
vt 0.300941 0.471806
vt 0.293456 0.511427
vt 0.204151 0.809946
vt 0.210402 0.801848
vt 0.205796 0.820238
vt 0.198674 0.817826
vt 0.191673 0.795553
vt 0.088516 0.266730
vt 0.034648 0.830853
vt 0.023470 0.840505
vt 0.066625 0.810970
vt 0.056339 0.836997
vt 0.016092 0.821242
vt 0.039606 0.841206
vt 0.895347 0.815009
vt 0.944964 0.799569
vt 0.944964 0.877979
vt 0.925826 0.475854
vt 0.925826 0.560998
vt 0.898282 0.516372
vt 0.758215 0.694389
vt 0.767933 0.742029
vt 0.690102 0.738265
vt 0.684524 0.714347
vt 0.749642 0.679291
vt 0.210524 0.499821
vt 0.196473 0.507171
vt 0.196473 0.446451
vt 0.650202 0.022489
vt 0.650603 0.021780
vt 0.651568 0.021863
vt 0.643417 0.022618
vt 0.651404 0.022832
vt 0.650100 0.023683
vt 0.154230 0.385138
vt 0.153206 0.387866
vt 0.125321 0.382170
vt 0.141108 0.371149
vt 0.172212 0.381864
vt 0.170233 0.378941
vt 0.876990 0.671752
vt 0.869529 0.692854
vt 0.867177 0.691117
vt 0.878547 0.668942
vt 0.902318 0.680494
vt 0.871685 0.669781
vt 0.874593 0.667800
vt 0.866825 0.696693
vt 0.866847 0.693795
vt 0.868573 0.695747
vt 0.870246 0.713604
vt 0.844730 0.693638
vt 0.845555 0.690170
vt 0.864850 0.692589
vt 0.891877 0.712125
vt 0.093588 0.871875
vt 0.094472 0.878140
vt 0.092377 0.878525
vt 0.090895 0.872106
vt 0.091300 0.864943
vt 0.096597 0.870950
vt 0.094213 0.864125
vt 0.794766 0.301909
vt 0.796851 0.303325
vt 0.791738 0.311247
vt 0.791876 0.299853
vt 0.800608 0.291968
vt 0.786204 0.307637
vt 0.802659 0.292844
vt 0.788765 0.310156
vt 0.058402 0.199903
vt 0.066727 0.213912
vt 0.051916 0.194977
vt 0.096905 0.153000
vt 0.009569 0.605256
vt 0.000649 0.528126
vt 0.009569 0.524756
vt 0.321481 0.001458
vt 0.331379 0.001622
vt 0.348530 0.069377
vt 0.926351 0.574674
vt 0.942572 0.500635
vt 0.942572 0.578940
vt 0.086973 0.522872
vt 0.088516 0.522403
vt 0.086528 0.524235
vt 0.373931 0.946557
vt 0.375472 0.946611
vt 0.372946 0.945942
vt 0.375340 0.947675
vt 0.085500 0.523238
vt 0.691252 0.828157
vt 0.690354 0.816207
vt 0.699631 0.833339
vt 0.698121 0.834006
vt 0.175311 0.987566
vt 0.186601 0.977323
vt 0.175973 0.990418
vt 0.175246 0.981521
vt 0.173553 0.985870
vt 0.174074 0.984327
vt 0.171301 0.988523
vt 0.506690 0.530661
vt 0.507505 0.527137
vt 0.507570 0.530875
vt 0.926653 0.310794
vt 0.926567 0.312497
vt 0.925682 0.311801
vt 0.183158 0.473418
vt 0.184268 0.475261
vt 0.181479 0.475099
vt 0.507973 0.532647
vt 0.769746 0.977237
vt 0.768678 0.978071
vt 0.769543 0.965723
vt 0.770748 0.965833
vt 0.771000 0.976719
vt 0.774453 0.978590
vt 0.775314 0.979776
vt 0.648675 0.333153
vt 0.647490 0.331851
vt 0.649273 0.331777
vt 0.647322 0.333994
vt 0.650761 0.333103
vt 0.650313 0.334088
vt 0.648762 0.334584
vt 0.467890 0.042953
vt 0.469601 0.039924
vt 0.468347 0.044448
vt 0.221333 0.228831
vt 0.224880 0.223157
vt 0.227270 0.223920
vt 0.220510 0.228261
vt 0.917718 0.306343
vt 0.919291 0.307204
vt 0.919299 0.307777
vt 0.917877 0.305870
vt 0.917541 0.307173
vt 0.136362 0.041942
vt 0.135817 0.051381
vt 0.134988 0.041987
vt 0.783513 0.074673
vt 0.808821 0.081752
vt 0.775467 0.078543
vt 0.784826 0.070104
vt 0.811025 0.077030
vt 0.768421 0.069831
vt 0.775669 0.067636
vt 0.770608 0.073745
vt 0.014524 0.225861
vt 0.008363 0.222265
vt 0.015521 0.223648
vt 0.012838 0.228867
vt 0.007680 0.224664
vt 0.019685 0.230923
vt 0.020987 0.227893
vt 0.489090 0.505115
vt 0.488350 0.509348
vt 0.921203 0.561659
vt 0.920206 0.562309
vt 0.916218 0.559867
vt 0.492544 0.505930
vt 0.920676 0.566107
vt 0.922441 0.567361
vt 0.115309 0.992465
vt 0.116601 0.994392
vt 0.679120 0.136324
vt 0.680896 0.147254
vt 0.679387 0.147336
vt 0.680882 0.136637
vt 0.677579 0.137810
vt 0.103522 0.990519
vt 0.115398 0.990934
vt 0.379531 0.927107
vt 0.381245 0.921541
vt 0.383751 0.922730
vt 0.380849 0.928701
vt 0.379147 0.928709
vt 0.381582 0.927527
vt 0.377442 0.927107
vt 0.324437 0.416159
vt 0.344257 0.419822
vt 0.319872 0.441090
vt 0.401611 0.852531
vt 0.406708 0.874977
vt 0.395044 0.870413
vt 0.904454 0.905167
vt 0.908784 0.913366
vt 0.891243 0.914278
vt 0.419499 0.870926
vt 0.882555 0.903880
vt 0.440745 0.864974
vt 0.884002 0.890982
vt 0.925826 0.867305
vt 0.925826 0.912482
vt 0.627398 0.470581
vt 0.634305 0.443892
vt 0.680839 0.470520
vt 0.587070 0.461562
vt 0.590030 0.436699
vt 0.626760 0.473423
vt 0.656132 0.325678
vt 0.656511 0.325287
vt 0.655551 0.326023
vt 0.657693 0.330433
vt 0.656678 0.330653
vt 0.247870 0.110175
vt 0.244373 0.109443
vt 0.237349 0.144977
vt 0.248072 0.107831
vt 0.250742 0.110235
vt 0.773736 0.169098
vt 0.772274 0.169367
vt 0.771114 0.159594
vt 0.464055 0.244855
vt 0.461744 0.252601
vt 0.456599 0.248062
vt 0.782537 0.169321
vt 0.786007 0.182368
vt 0.780576 0.165050
vt 0.777159 0.180829
vt 0.875907 0.139506
vt 0.866016 0.125648
vt 0.881300 0.134631
vt 0.884134 0.136341
vt 0.874889 0.141502
vt 0.860544 0.132451
vt 0.755062 0.049268
vt 0.761536 0.054523
vt 0.413548 0.830678
vt 0.431077 0.815192
vt 0.432261 0.817232
vt 0.415336 0.832043
vt 0.413868 0.832657
vt 0.412470 0.831702
vt 0.414999 0.801348
vt 0.200545 0.292577
vt 0.200954 0.299616
vt 0.198103 0.301432
vt 0.197565 0.292117
vt 0.200954 0.281001
vt 0.143539 0.026315
vt 0.138011 0.016020
vt 0.138650 0.014596
vt 0.197509 0.301321
vt 0.201776 0.273114
vt 0.203347 0.257012
vt 0.203347 0.282293
vt 0.622434 0.834338
vt 0.620774 0.835346
vt 0.614548 0.832210
vt 0.633266 0.838957
vt 0.622663 0.836990
vt 0.633428 0.836309
vt 0.630320 0.724602
vt 0.630950 0.737602
vt 0.627954 0.737008
vt 0.621121 0.836631
vt 0.627189 0.822707
vt 0.098564 0.532308
vt 0.098585 0.523665
vt 0.100786 0.532574
vt 0.101665 0.536943
vt 0.100704 0.537818
vt 0.099120 0.537477
vt 0.096657 0.521961
vt 0.097035 0.531296
vt 0.101423 0.971154
vt 0.115217 0.971302
vt 0.101404 0.971891
vt 0.087172 0.970820
vt 0.088084 0.972275
vt 0.977484 0.820698
vt 0.971656 0.823157
vt 0.975261 0.819874
vt 0.978424 0.820069
vt 0.980127 0.821838
vt 0.976280 0.819178
vt 0.974846 0.824724
vt 0.075747 0.615088
vt 0.076687 0.613373
vt 0.075479 0.618773
vt 0.052589 0.598961
vt 0.084765 0.614079
vt 0.083102 0.617394
vt 0.775434 0.600760
vt 0.266712 0.894941
vt 0.272173 0.878058
vt 0.257980 0.913864
vt 0.486806 0.900071
vt 0.486012 0.891408
vt 0.489622 0.896664
vt 0.487635 0.919929
vt 0.485522 0.919809
vt 0.484656 0.897802
vt 0.483934 0.888784
vt 0.393836 0.939767
vt 0.389128 0.940676
vt 0.390225 0.938561
vt 0.394428 0.936970
vt 0.402988 0.942680
vt 0.392730 0.941860
vt 0.243339 0.969646
vt 0.242000 0.970100
vt 0.244531 0.964939
vt 0.244245 0.970395
vt 0.243942 0.964614
vt 0.243463 0.972699
vt 0.443602 0.879543
vt 0.444866 0.884106
vt 0.430398 0.881867
vt 0.452872 0.874291
vt 0.442916 0.884230
vt 0.335164 0.835784
vt 0.333638 0.835187
vt 0.336747 0.832996
vt 0.331434 0.836736
vt 0.282458 0.465759
vt 0.281074 0.463926
vt 0.282200 0.462354
vt 0.335866 0.839174
vt 0.337515 0.835295
vt 0.682119 0.159431
vt 0.680828 0.158787
vt 0.681583 0.157940
vt 0.282044 0.600373
vt 0.282678 0.599524
vt 0.283019 0.600910
vt 0.280348 0.593572
vt 0.682729 0.159074
vt 0.688421 0.162677
vt 0.104002 0.145952
vt 0.147572 0.095886
vt 0.251310 0.813960
vt 0.241441 0.820207
vt 0.238072 0.819887
vt 0.899274 0.630375
vt 0.232154 0.814434
vt 0.923074 0.777241
vt 0.917179 0.789464
vt 0.922336 0.776316
vt 0.936008 0.771770
vt 0.900886 0.020943
vt 0.894698 0.024772
vt 0.885888 0.022907
vt 0.001681 0.176632
vt 0.004785 0.160261
vt 0.004785 0.186601
vt 0.803483 0.520259
vt 0.801794 0.519516
vt 0.804842 0.519245
vt 0.824253 0.524417
vt 0.823872 0.526057
vt 0.802469 0.522473
vt 0.428652 0.252371
vt 0.438220 0.244488
vt 0.420036 0.246236
vt 0.927809 0.291826
vt 0.920354 0.214387
vt 0.949749 0.292389
vt 0.203044 0.512150
vt 0.223104 0.573518
vt 0.206288 0.576104
vt 0.924413 0.293059
vt 0.202043 0.574540
vt 0.201062 0.512699
vt 0.219248 0.512085
vt 0.004386 0.281314
vt 0.004790 0.282501
vt 0.003519 0.281306
vt 0.002152 0.277298
vt 0.004978 0.280758
vt 0.005150 0.281893
vt 0.642300 0.331625
vt 0.643906 0.331822
vt 0.643033 0.332719
vt 0.641805 0.332315
vt 0.641329 0.330869
vt 0.641899 0.329823
vt 0.650020 0.639740
vt 0.601755 0.628044
vt 0.652001 0.634511
vt 0.703827 0.650844
vt 0.702004 0.657291
vt 0.601954 0.631594
vt 0.645608 0.645511
vt 0.164053 0.839181
vt 0.156639 0.842973
vt 0.155635 0.840517
vt 0.173120 0.840495
vt 0.165246 0.842615
vt 0.169877 0.824230
vt 0.842254 0.963111
vt 0.840536 0.976240
vt 0.840946 0.962677
vt 0.844157 0.961604
vt 0.841834 0.976901
vt 0.842435 0.961092
vt 0.265042 0.873752
vt 0.263552 0.893395
vt 0.228741 0.870774
vt 0.269255 0.875165
vt 0.268142 0.876419
vt 0.246956 0.832198
vt 0.268508 0.873288
vt 0.265232 0.847742
vt 0.550440 0.890337
vt 0.725565 0.153831
vt 0.728645 0.122231
vt 0.738951 0.123806
vt 0.735948 0.154560
vt 0.718023 0.152186
vt 0.675367 0.031100
vt 0.677920 0.022506
vt 0.691692 0.157792
vt 0.693076 0.158683
vt 0.691444 0.158818
vt 0.690686 0.157268
vt 0.207805 0.592832
vt 0.215287 0.586412
vt 0.197038 0.598180
vt 0.206717 0.590526
vt 0.200093 0.606890
vt 0.305630 0.007788
vt 0.304287 0.006293
vt 0.637467 0.021553
vt 0.638748 0.020575
vt 0.276073 0.652571
vt 0.279070 0.637699
vt 0.304302 0.657045
vt 0.304323 0.658605
vt 0.886708 0.842062
vt 0.886215 0.845716
vt 0.884571 0.845950
vt 0.882295 0.843917
vt 0.904425 0.833671
vt 0.904499 0.841220
vt 0.884616 0.834293
vt 0.000180 0.228810
vt 0.005900 0.227636
vt 0.000201 0.246038
vt 0.904689 0.843772
vt 0.676288 0.822283
vt 0.678158 0.820478
vt 0.554761 0.756717
vt 0.601650 0.757004
vt 0.555465 0.762004
vt 0.678787 0.830254
vt 0.556270 0.744070
vt 0.602238 0.753866
vt 0.671077 0.826685
vt 0.294344 0.192764
vt 0.224867 0.187133
vt 0.235774 0.172565
vt 0.219694 0.189814
vt 0.337033 0.514775
vt 0.351670 0.502017
vt 0.351670 0.574155
vt 0.292067 0.173421
vt 0.335635 0.516844
vt 0.672732 0.186289
vt 0.674633 0.184669
vt 0.674633 0.255978
vt 0.639725 0.974308
vt 0.638963 0.969334
vt 0.642057 0.974270
vt 0.640768 0.986550
vt 0.637188 0.974300
vt 0.212682 0.876322
vt 0.210543 0.876837
vt 0.211282 0.875079
vt 0.216707 0.877112
vt 0.214361 0.878708
vt 0.211826 0.877642
vt 0.212790 0.873930
vt 0.317724 0.173553
vt 0.322552 0.174599
vt 0.320735 0.176480
vt 0.319016 0.171702
vt 0.315918 0.173399
vt 0.317691 0.172192
vt 0.533125 0.247332
vt 0.530790 0.250486
vt 0.467943 0.241497
vt 0.881375 0.836114
vt 0.916624 0.767888
vt 0.921041 0.770109
vt 0.564523 0.310138
vt 0.564579 0.314701
vt 0.535372 0.246834
vt 0.522169 0.168263
vt 0.294592 0.599611
vt 0.286916 0.599181
vt 0.303526 0.601522
vt 0.293928 0.600773
vt 0.300908 0.599182
vt 0.317448 0.976155
vt 0.315428 0.977232
vt 0.330758 0.504778
vt 0.332897 0.494821
vt 0.334886 0.495754
vt 0.316429 0.960578
vt 0.683758 0.023508
vt 0.674407 0.337316
vt 0.320459 0.969341
vt 0.310049 0.978191
vt 0.307138 0.977785
vt 0.673120 0.023227
vt 0.675513 0.022720
vt 0.665432 0.331468
vt 0.666669 0.330400
vt 0.313006 0.977322
vt 0.320174 0.971862
vt 0.317466 0.961735
vt 0.669147 0.329524
vt 0.326691 0.496218
vt 0.327843 0.494889
vt 0.318386 0.975054
vt 0.329355 0.494557
vt 0.331198 0.494543
vt 0.319491 0.973564
vt 0.336304 0.496372
vt 0.306245 0.958703
vt 0.671081 0.023439
vt 0.161508 0.466923
vt 0.151802 0.457965
vt 0.173727 0.445169
vt 0.180214 0.485509
vt 0.156397 0.468999
vt 0.193777 0.446751
vt 0.238360 0.623830
vt 0.241109 0.642049
vt 0.236414 0.644528
vt 0.263591 0.637946
vt 0.522913 0.912191
vt 0.535052 0.921853
vt 0.527736 0.928486
vt 0.530384 0.913901
vt 0.523257 0.909101
vt 0.525047 0.909454
vt 0.507577 0.917410
vt 0.513885 0.924349
vt 0.871614 0.589052
vt 0.874604 0.588899
vt 0.871029 0.582255
vt 0.958354 0.261112
vt 0.965634 0.267208
vt 0.956061 0.262635
vt 0.959716 0.244806
vt 0.960852 0.260795
vt 0.966314 0.265197
vt 0.957411 0.244031
vt 0.455612 0.021357
vt 0.454374 0.040890
vt 0.452624 0.020801
vt 0.133394 0.975050
vt 0.146704 0.973352
vt 0.133396 0.973517
vt 0.458183 0.022845
vt 0.456050 0.040219
vt 0.439303 0.525194
vt 0.440877 0.525859
vt 0.439290 0.526239
vt 0.440765 0.524900
vt 0.439008 0.524069
vt 0.437405 0.525441
vt 0.437648 0.524341
vt 0.948524 0.065554
vt 0.936718 0.055918
vt 0.939144 0.055254
vt 0.935738 0.058192
vt 0.314653 0.994163
vt 0.315870 0.983993
vt 0.317034 0.984150
vt 0.951370 0.063930
vt 0.952311 0.075080
vt 0.948467 0.076554
vt 0.946143 0.067156
vt 0.310777 0.688015
vt 0.309450 0.688212
vt 0.810875 0.582920
vt 0.807641 0.584677
vt 0.807014 0.582648
vt 0.804585 0.571763
vt 0.849272 0.582641
vt 0.830482 0.604127
vt 0.824895 0.602979
vt 0.809166 0.585847
vt 0.023367 0.194092
vt 0.028442 0.201479
vt 0.021988 0.196518
vt 0.096600 0.836122
vt 0.106124 0.830968
vt 0.107357 0.833200
vt 0.098309 0.838266
vt 0.088458 0.843323
vt 0.093743 0.831624
vt 0.233280 0.603205
vt 0.230268 0.605764
vt 0.243461 0.590317
vt 0.251720 0.597272
vt 0.251169 0.616205
vt 0.499959 0.865897
vt 0.492667 0.879975
vt 0.486497 0.878888
vt 0.513753 0.858409
vt 0.649803 0.623969
vt 0.675332 0.560037
vt 0.706929 0.627090
vt 0.595998 0.610776
vt 0.634405 0.576368
vt 0.836430 0.390628
vt 0.824313 0.385618
vt 0.836648 0.387571
vt 0.844059 0.391813
vt 0.975105 0.155067
vt 0.976767 0.158916
vt 0.972054 0.159378
vt 0.967749 0.160017
vt 0.855160 0.463078
vt 0.983241 0.157874
vt 0.283316 0.004417
vt 0.281578 0.004174
vt 0.284077 0.000373
vt 0.283311 0.005409
vt 0.282321 0.005073
vt 0.284222 0.004726
vt 0.594140 0.629211
vt 0.554785 0.625060
vt 0.587865 0.612755
vt 0.592137 0.612034
vt 0.565839 0.653040
vt 0.594786 0.633721
vt 0.596895 0.627914
vt 0.598459 0.630894
vt 0.201878 0.857001
vt 0.197400 0.864556
vt 0.194790 0.864104
vt 0.590510 0.094293
vt 0.631269 0.081058
vt 0.650520 0.113231
vt 0.217281 0.866010
vt 0.205098 0.868556
vt 0.580351 0.084835
vt 0.588066 0.131577
vt 0.506918 0.851204
vt 0.195268 0.970565
vt 0.185234 0.949228
vt 0.200954 0.980849
vt 0.517286 0.844088
vt 0.194296 0.969117
vt 0.979138 0.645925
vt 0.970444 0.645555
vt 0.976599 0.643810
vt 0.977238 0.640718
vt 0.172619 0.575870
vt 0.177520 0.578012
vt 0.177239 0.580950
vt 0.979634 0.641894
vt 0.177820 0.571896
vt 0.357677 0.010661
vt 0.356500 0.006934
vt 0.768100 0.948906
vt 0.769315 0.949984
vt 0.767329 0.951691
vt 0.775063 0.948950
vt 0.775375 0.947553
vt 0.220596 0.582564
vt 0.220757 0.585312
vt 0.215585 0.576864
vt 0.209692 0.578301
vt 0.287383 0.587243
vt 0.285839 0.588503
vt 0.287815 0.588606
vt 0.971956 0.833261
vt 0.381399 0.911302
vt 0.386095 0.912183
vt 0.379176 0.921408
vt 0.377949 0.920673
vt 0.384298 0.901185
vt 0.377717 0.900710
vt 0.976713 0.826046
vt 0.631887 0.287894
vt 0.619760 0.262118
vt 0.622215 0.260196
vt 0.636881 0.286884
vt 0.631946 0.291913
vt 0.605287 0.308360
vt 0.636551 0.283953
vt 0.589817 0.279938
vt 0.879821 0.301147
vt 0.867222 0.298537
vt 0.879277 0.299416
vt 0.880709 0.299717
vt 0.881775 0.300337
vt 0.514040 0.904095
vt 0.500585 0.915695
vt 0.505010 0.916761
vt 0.521021 0.907613
vt 0.896391 0.609091
vt 0.897147 0.619964
vt 0.900002 0.611405
vt 0.904118 0.602084
vt 0.905531 0.603025
vt 0.897163 0.607801
vt 0.903190 0.600089
vt 0.808787 0.400532
vt 0.813381 0.429447
vt 0.808292 0.430943
vt 0.817139 0.400300
vt 0.817717 0.423545
vt 0.813492 0.378551
vt 0.790609 0.407697
vt 0.779064 0.381541
vt 0.346975 0.079106
vt 0.413506 0.077775
vt 0.413865 0.081133
vt 0.925826 0.052233
vt 0.921555 0.055023
vt 0.921555 0.001131
vt 0.349923 0.073055
vt 0.348609 0.083240
vt 0.936453 0.119616
vt 0.936453 0.065153
vt 0.944964 0.068568
vt 0.842095 0.937709
vt 0.819435 0.980849
vt 0.835823 0.933201
vt 0.654449 0.020755
vt 0.651603 0.020900
vt 0.653592 0.019451
vt 0.654749 0.021671
vt 0.657309 0.020708
vt 0.799805 0.487705
vt 0.802374 0.501589
vt 0.803205 0.502981
vt 0.329983 0.507806
vt 0.348082 0.577194
vt 0.623705 0.147005
vt 0.610684 0.150036
vt 0.045350 0.210101
vt 0.047818 0.209234
vt 0.028760 0.215498
vt 0.047270 0.211304
vt 0.040349 0.219712
vt 0.285079 0.465008
vt 0.325212 0.825890
vt 0.292302 0.458193
vt 0.283682 0.600558
vt 0.286002 0.601799
vt 0.680081 0.156298
vt 0.285493 0.602615
vt 0.231596 0.196038
vt 0.310832 0.192928
vt 0.305742 0.199980
vt 0.009569 0.624236
vt 0.000639 0.626786
vt 0.000639 0.550108
vt 0.961710 0.571826
vt 0.961710 0.638748
vt 0.945280 0.578645
vt 0.299320 0.217602
vt 0.949539 0.959686
vt 0.959318 0.958401
vt 0.077000 0.523431
vt 0.075899 0.521585
vt 0.077396 0.522467
vt 0.078198 0.524457
vt 0.075896 0.529063
vt 0.073194 0.527972
vt 0.075577 0.522632
vt 0.690673 0.074805
vt 0.698896 0.068533
vt 0.682106 0.083289
vt 0.688581 0.073179
vt 0.692841 0.077246
vt 0.683409 0.085020
vt 0.448989 0.901897
vt 0.448631 0.907634
vt 0.447218 0.902514
vt 0.459654 0.898861
vt 0.451053 0.907142
vt 0.448370 0.895519
vt 0.990418 0.127676
vt 0.987569 0.112230
vt 0.989553 0.145457
vt 0.990162 0.111401
vt 0.756324 0.950481
vt 0.756689 0.948733
vt 0.757589 0.950033
vt 0.757570 0.950626
vt 0.755008 0.948745
vt 0.872680 0.106319
vt 0.865405 0.118714
vt 0.879006 0.079638
vt 0.881390 0.079328
vt 0.874835 0.115215
vt 0.867444 0.119536
vt 0.242230 0.963802
vt 0.240481 0.970054
vt 0.239469 0.969160
vt 0.242771 0.964185
vt 0.241542 0.963456
vt 0.247813 0.970498
vt 0.327830 0.965395
vt 0.321967 0.967723
vt 0.326376 0.962386
vt 0.801822 0.463814
vt 0.825036 0.493331
vt 0.277324 0.395878
vt 0.277549 0.426102
vt 0.245051 0.425661
vt 0.292495 0.406100
vt 0.291101 0.373181
vt 0.291743 0.391287
vt 0.523550 0.883974
vt 0.527641 0.880402
vt 0.527760 0.883853
vt 0.527177 0.887531
vt 0.888131 0.916225
vt 0.885867 0.917722
vt 0.879338 0.906581
vt 0.889027 0.917354
vt 0.807821 0.280057
vt 0.807604 0.282758
vt 0.803908 0.280453
vt 0.807145 0.264657
vt 0.811500 0.264425
vt 0.811153 0.280708
vt 0.115333 0.522866
vt 0.116228 0.530379
vt 0.115035 0.531556
vt 0.113863 0.522940
vt 0.113686 0.511194
vt 0.186029 0.610829
vt 0.173450 0.595978
vt 0.185640 0.604351
vt 0.187376 0.622002
vt 0.152728 0.584735
vt 0.190704 0.608177
vt 0.478590 0.927476
vt 0.476834 0.924062
vt 0.486694 0.924043
vt 0.868597 0.576564
vt 0.867963 0.550942
vt 0.872146 0.561446
vt 0.871523 0.577597
vt 0.869748 0.583384
vt 0.853391 0.580211
vt 0.849486 0.554157
vt 0.490636 0.661242
vt 0.566954 0.339940
vt 0.508367 0.668334
vt 0.187548 0.876981
vt 0.182944 0.883309
vt 0.180930 0.872211
vt 0.191343 0.872011
vt 0.192496 0.872879
vt 0.190139 0.871203
vt 0.189300 0.878175
vt 0.184547 0.884370
vt 0.443204 0.045631
vt 0.447363 0.021662
vt 0.446600 0.046814
vt 0.444814 0.046775
vt 0.444126 0.049490
vt 0.342636 0.477901
vt 0.343341 0.482242
vt 0.342114 0.477908
vt 0.181479 0.504778
vt 0.182857 0.486114
vt 0.184745 0.484694
vt 0.443116 0.049449
vt 0.344493 0.455080
vt 0.186601 0.483981
vt 0.769221 0.952268
vt 0.642400 0.351670
vt 0.641508 0.350349
vt 0.644762 0.333579
vt 0.646257 0.334236
vt 0.645265 0.351453
vt 0.088320 0.990007
vt 0.193427 0.173883
vt 0.206181 0.131257
vt 0.190498 0.170677
vt 0.196956 0.156637
vt 0.824068 0.024222
vt 0.823017 0.021285
vt 0.832204 0.025334
vt 0.824088 0.025094
vt 0.823348 0.023474
vt 0.129995 0.875285
vt 0.132129 0.873939
vt 0.132090 0.876183
vt 0.674174 0.038453
vt 0.679637 0.057347
vt 0.666815 0.049787
vt 0.130274 0.877641
vt 0.121523 0.882047
vt 0.124004 0.870965
vt 0.580552 0.860562
vt 0.577801 0.838578
vt 0.594599 0.861813
vt 0.588938 0.869424
vt 0.585004 0.870011
vt 0.568251 0.853102
vt 0.895064 0.709563
vt 0.896181 0.710966
vt 0.893613 0.709088
vt 0.895663 0.706706
vt 0.896984 0.707108
vt 0.898294 0.708162
vt 0.324350 0.170639
vt 0.323546 0.172962
vt 0.320623 0.169957
vt 0.123416 0.313870
vt 0.121323 0.313502
vt 0.123300 0.301241
vt 0.321210 0.168221
vt 0.325355 0.169045
vt 0.125723 0.313281
vt 0.618261 0.380573
vt 0.692339 0.388823
vt 0.692140 0.398171
vt 0.556979 0.384768
vt 0.615860 0.353499
vt 0.623084 0.387669
vt 0.564756 0.399210
vt 0.569031 0.400492
vt 0.004367 0.985946
vt 0.006378 0.985286
vt 0.004454 0.989934
vt 0.005321 0.976418
vt 0.003102 0.985545
vt 0.003675 0.976886
vt 0.003636 0.989912
vt 0.103695 0.957840
vt 0.114308 0.958542
vt 0.102722 0.959418
vt 0.101876 0.999597
vt 0.085774 0.998138
vt 0.101056 0.997974
vt 0.092267 0.959101
vt 0.110518 0.998873
vt 0.112501 0.956964
vt 0.090381 0.999987
vt 0.285743 0.014354
vt 0.285710 0.005940
vt 0.286954 0.005719
vt 0.297988 0.000944
vt 0.284224 0.011800
vt 0.502286 0.212150
vt 0.499858 0.205309
vt 0.503068 0.212031
vt 0.497228 0.234447
vt 0.449645 0.642236
vt 0.441389 0.642552
vt 0.446732 0.638071
vt 0.460955 0.660717
vt 0.444997 0.645788
vt 0.853542 0.284905
vt 0.873667 0.285863
vt 0.868307 0.297274
vt 0.698691 0.857178
vt 0.697837 0.843240
vt 0.703576 0.848785
vt 0.694200 0.850590
vt 0.690558 0.866847
vt 0.854417 0.275099
vt 0.875986 0.276164
vt 0.849537 0.297131
vt 0.413001 0.752082
vt 0.413284 0.750044
vt 0.814147 0.109134
vt 0.809672 0.106885
vt 0.814225 0.107177
vt 0.813385 0.112637
vt 0.809878 0.109133
vt 0.384517 0.929509
vt 0.382790 0.928691
vt 0.384261 0.927530
vt 0.385500 0.928592
vt 0.386366 0.930251
vt 0.543779 0.666393
vt 0.542232 0.664106
vt 0.572630 0.661065
vt 0.577916 0.706929
vt 0.525190 0.672140
vt 0.989025 0.107424
vt 0.985679 0.108903
vt 0.978254 0.104807
vt 0.234759 0.381112
vt 0.234891 0.368840
vt 0.240690 0.379202
vt 0.401668 0.947520
vt 0.392185 0.944019
vt 0.230700 0.369903
vt 0.232375 0.369587
vt 0.397925 0.954349
vt 0.390856 0.946124
vt 0.230700 0.382770
vt 0.101848 0.986358
vt 0.085635 0.986914
vt 0.086656 0.985608
vt 0.101910 0.985090
vt 0.115172 0.985870
vt 0.101778 0.987655
vt 0.115587 0.987287
vt 0.486584 0.884426
vt 0.484434 0.882697
vt 0.499281 0.204070
vt 0.500787 0.205668
vt 0.497228 0.200131
vt 0.499572 0.203652
vt 0.287078 0.003992
vt 0.285846 0.004796
vt 0.498315 0.204115
vt 0.799987 0.517958
vt 0.803130 0.505232
vt 0.207423 0.822503
vt 0.211642 0.814637
vt 0.214575 0.802912
vt 0.780289 0.977889
vt 0.781310 0.979276
vt 0.782808 0.966853
vt 0.775104 0.977434
vt 0.779152 0.976840
vt 0.455261 0.042607
vt 0.453206 0.040476
vt 0.456919 0.042396
vt 0.433314 0.520828
vt 0.434765 0.524825
vt 0.433248 0.525185
vt 0.432294 0.521139
vt 0.434632 0.520380
vt 0.372350 0.910245
vt 0.970575 0.821103
vt 0.964820 0.826853
vt 0.121389 0.622624
vt 0.118776 0.622469
vt 0.118159 0.619085
vt 0.130700 0.671465
vt 0.121272 0.619915
vt 0.123119 0.621174
vt 0.134648 0.667367
vt 0.132031 0.669999
vt 0.864928 0.688111
vt 0.096885 0.877564
vt 0.095151 0.880689
vt 0.049541 0.209504
vt 0.049423 0.212669
vt 0.057400 0.201946
vt 0.373454 0.744719
vt 0.375902 0.747845
vt 0.368512 0.750250
vt 0.376861 0.744876
vt 0.373788 0.733985
vt 0.358625 0.736227
vt 0.662750 0.532786
vt 0.339259 0.374397
vt 0.313869 0.362363
vt 0.408028 0.948430
vt 0.471286 0.898468
vt 0.471286 0.971280
vt 0.368986 0.318523
vt 0.770975 0.182545
vt 0.755516 0.186906
vt 0.753096 0.172592
vt 0.768732 0.169654
vt 0.774503 0.181257
vt 0.772714 0.185010
vt 0.775319 0.183368
vt 0.840137 0.159684
vt 0.838668 0.162031
vt 0.836725 0.160340
vt 0.837961 0.158652
vt 0.851933 0.142577
vt 0.853173 0.167744
vt 0.850510 0.170450
vt 0.172551 0.978682
vt 0.171229 0.983951
vt 0.168191 0.985590
vt 0.165835 0.984970
vt 0.172993 0.966989
vt 0.182717 0.975824
vt 0.236255 0.204215
vt 0.443566 0.523750
vt 0.444913 0.523799
vt 0.444187 0.525511
vt 0.443918 0.523153
vt 0.442842 0.524554
vt 0.974799 0.806886
vt 0.974007 0.806506
vt 0.975776 0.805102
vt 0.985634 0.812235
vt 0.857994 0.130636
vt 0.849783 0.141818
vt 0.863610 0.123696
vt 0.019450 0.359975
vt 0.019716 0.354008
vt 0.073771 0.376790
vt 0.787380 0.867242
vt 0.797001 0.806408
vt 0.802257 0.806660
vt 0.018323 0.387325
vt 0.772331 0.804532
vt 0.762903 0.868410
vt 0.791529 0.866760
vt 0.808121 0.448371
vt 0.808462 0.445764
vt 0.809992 0.447450
vt 0.802643 0.456904
vt 0.807093 0.446194
vt 0.821164 0.453915
vt 0.700125 0.217450
vt 0.711306 0.201743
vt 0.818095 0.455067
vt 0.708232 0.212648
vt 0.811026 0.464247
vt 0.637100 0.823671
vt 0.640224 0.816207
vt 0.668511 0.832965
vt 0.662960 0.841130
vt 0.612945 0.733571
vt 0.607443 0.744950
vt 0.011088 0.991857
vt 0.009251 0.991409
vt 0.010754 0.986139
vt 0.012669 0.992850
vt 0.012799 0.986731
vt 0.384994 0.293403
vt 0.390052 0.300235
vt 0.687286 0.990031
vt 0.697436 0.976487
vt 0.699236 0.987380
vt 0.382818 0.293647
vt 0.697032 0.990060
vt 0.686527 0.992283
vt 0.721885 0.524893
vt 0.721359 0.520858
vt 0.723059 0.523658
vt 0.718596 0.524568
vt 0.720340 0.522204
vt 0.724257 0.526717
vt 0.727519 0.539804
vt 0.410673 0.262506
vt 0.412120 0.264125
vt 0.424874 0.267916
vt 0.408655 0.264531
vt 0.478597 0.078133
vt 0.480177 0.081759
vt 0.411429 0.072112
vt 0.004740 0.284206
vt 0.006198 0.284232
vt 0.006436 0.287129
vt 0.003308 0.282647
vt 0.559210 0.069280
vt 0.562319 0.070755
vt 0.555864 0.089436
vt 0.556237 0.070777
vt 0.566893 0.021783
vt 0.570517 0.021415
vt 0.552647 0.089940
vt 0.658547 0.350809
vt 0.654077 0.333072
vt 0.655765 0.333998
vt 0.086866 0.980719
vt 0.101101 0.981565
vt 0.086792 0.982611
vt 0.660087 0.349988
vt 0.085960 0.979477
vt 0.101152 0.980181
vt 0.656511 0.351082
vt 0.615505 0.565734
vt 0.592543 0.506021
vt 0.654281 0.526222
vt 0.622912 0.567829
vt 0.587503 0.605392
vt 0.554732 0.572820
vt 0.658338 0.528867
vt 0.868173 0.031261
vt 0.866925 0.030864
vt 0.200068 0.877184
vt 0.208176 0.882863
vt 0.197237 0.883231
vt 0.195355 0.867585
vt 0.203162 0.872433
vt 0.313393 0.179005
vt 0.313393 0.198562
vt 0.309888 0.179877
vt 0.720708 0.122469
vt 0.737968 0.075302
vt 0.738567 0.069204
vt 0.745869 0.074664
vt 0.745450 0.083275
vt 0.713438 0.148626
vt 0.729051 0.115434
vt 0.512279 0.539089
vt 0.509047 0.532463
vt 0.511125 0.532644
vt 0.516005 0.540724
vt 0.163946 0.071330
vt 0.165070 0.075380
vt 0.163946 0.098085
vt 0.185448 0.475286
vt 0.133906 0.872816
vt 0.664820 0.036602
vt 0.662815 0.048870
vt 0.126683 0.870578
vt 0.286867 0.600139
vt 0.285110 0.598812
vt 0.286340 0.600941
vt 0.284829 0.599641
vt 0.294355 0.602089
vt 0.789464 0.739125
vt 0.772170 0.744010
vt 0.772170 0.669106
vt 0.966495 0.835162
vt 0.966495 0.892333
vt 0.949967 0.839895
vt 0.649742 0.024711
vt 0.651636 0.024000
vt 0.651345 0.024811
vt 0.649012 0.025582
vt 0.015174 0.993773
vt 0.013966 0.992976
vt 0.016425 0.988620
vt 0.016753 0.994720
vt 0.017858 0.990144
vt 0.725576 0.600322
vt 0.731454 0.621778
vt 0.722806 0.629179
vt 0.727061 0.593957
vt 0.737827 0.604791
vt 0.733163 0.160023
vt 0.733826 0.168326
vt 0.728889 0.165839
vt 0.765145 0.161235
vt 0.726545 0.156653
vt 0.969017 0.769291
vt 0.970864 0.768128
vt 0.970329 0.771433
vt 0.968364 0.769955
vt 0.966372 0.767301
vt 0.217741 0.186276
vt 0.215196 0.185877
vt 0.213694 0.188587
vt 0.133653 0.816341
vt 0.134009 0.817462
vt 0.131817 0.817940
vt 0.130682 0.815496
vt 0.132975 0.804441
vt 0.134102 0.808752
vt 0.137965 0.805841
vt 0.138363 0.821211
vt 0.325502 0.665295
vt 0.346184 0.711605
vt 0.321214 0.688884
vt 0.170239 0.350403
vt 0.113963 0.329901
vt 0.180768 0.363533
vt 0.309951 0.662034
vt 0.317347 0.652283
vt 0.379388 0.755971
vt 0.381167 0.747946
vt 0.390002 0.750154
vt 0.818172 0.078260
vt 0.808455 0.089713
vt 0.815786 0.090340
vt 0.850559 0.435579
vt 0.846730 0.446009
vt 0.843209 0.431644
vt 0.699584 0.991762
vt 0.698407 0.991978
vt 0.698682 0.989914
vt 0.700155 0.988986
vt 0.713931 0.988312
vt 0.850745 0.434620
vt 0.616722 0.756671
vt 0.621618 0.757973
vt 0.620822 0.760291
vt 0.617993 0.760344
vt 0.626357 0.747048
vt 0.620834 0.964456
vt 0.623253 0.965521
vt 0.621530 0.970684
vt 0.936118 0.027407
vt 0.938219 0.027167
vt 0.938194 0.028642
vt 0.936517 0.021542
vt 0.938904 0.021571
vt 0.936221 0.028655
vt 0.934233 0.028181
vt 0.724114 0.542003
vt 0.695319 0.525429
vt 0.721831 0.560998
vt 0.600718 0.012411
vt 0.598045 0.026440
vt 0.587210 0.021085
vt 0.613158 0.885237
vt 0.613455 0.894130
vt 0.611184 0.893929
vt 0.611803 0.015031
vt 0.611447 0.885532
vt 0.588029 0.010522
vt 0.602459 0.006620
vt 0.981556 0.192226
vt 0.983241 0.174629
vt 0.974022 0.196170
vt 0.977518 0.192469
vt 0.867877 0.434527
vt 0.867142 0.449143
vt 0.862399 0.435168
vt 0.976814 0.191099
vt 0.861678 0.430880
vt 0.925284 0.304998
vt 0.923683 0.305076
vt 0.054350 0.550232
vt 0.053262 0.549126
vt 0.054423 0.548243
vt 0.055457 0.550215
vt 0.923683 0.303917
vt 0.926244 0.305127
vt 0.980340 0.532289
vt 0.982240 0.532312
vt 0.982581 0.550018
vt 0.979778 0.512571
vt 0.973605 0.534333
vt 0.970786 0.514050
vt 0.978075 0.513020
vt 0.655254 0.351279
vt 0.652330 0.333336
vt 0.653133 0.332743
vt 0.654298 0.332530
vt 0.655532 0.332331
vt 0.088317 0.964193
vt 0.088367 0.962759
vt 0.102627 0.962865
vt 0.102558 0.964852
vt 0.440924 0.545314
vt 0.437549 0.526243
vt 0.439120 0.545245
vt 0.442809 0.545313
vt 0.088275 0.965409
vt 0.885139 0.023632
vt 0.885883 0.023633
vt 0.885656 0.024972
vt 0.883751 0.024520
vt 0.885392 0.022498
vt 0.807641 0.308349
vt 0.812243 0.298755
vt 0.436968 0.260905
vt 0.414203 0.262026
vt 0.127738 0.301124
vt 0.127445 0.313445
vt 0.131959 0.878624
vt 0.133609 0.876022
vt 0.122005 0.885304
vt 0.122885 0.887295
vt 0.013662 0.969892
vt 0.011437 0.978927
vt 0.006998 0.986420
vt 0.653151 0.026570
vt 0.650630 0.025781
vt 0.653901 0.025373
vt 0.650308 0.026608
vt 0.655222 0.028090
vt 0.652819 0.027284
vt 0.581145 0.279444
vt 0.573712 0.281856
vt 0.580749 0.275272
vt 0.590448 0.273915
vt 0.581148 0.286002
vt 0.576123 0.288151
vt 0.303873 0.296975
vt 0.297114 0.287902
vt 0.309686 0.360776
vt 0.306033 0.360219
vt 0.296926 0.295063
vt 0.861073 0.595042
vt 0.866548 0.596386
vt 0.865811 0.599454
vt 0.858312 0.606674
vt 0.850528 0.596163
vt 0.431985 0.425585
vt 0.448275 0.420473
vt 0.451477 0.425275
vt 0.430221 0.421113
vt 0.433294 0.431481
vt 0.428230 0.426182
vt 0.811791 0.223130
vt 0.837618 0.266712
vt 0.619756 0.031758
vt 0.806374 0.222316
vt 0.808870 0.209404
vt 0.643533 0.014005
vt 0.829262 0.205056
vt 0.619662 0.851326
vt 0.602404 0.850727
vt 0.620772 0.838957
vt 0.977116 0.107219
vt 0.969919 0.107987
vt 0.968013 0.105852
vt 0.971101 0.112022
vt 0.969090 0.111277
vt 0.978204 0.111374
vt 0.751302 0.956916
vt 0.747584 0.955935
vt 0.526881 0.830839
vt 0.384430 0.720939
vt 0.385513 0.713207
vt 0.394905 0.715532
vt 0.393474 0.723037
vt 0.383850 0.723425
vt 0.286405 0.591275
vt 0.285231 0.590952
vt 0.286510 0.590247
vt 0.288946 0.589561
vt 0.285157 0.592300
vt 0.311061 0.979517
vt 0.307731 0.979193
vt 0.314531 0.979610
vt 0.313545 0.984137
vt 0.310488 0.984642
vt 0.451227 0.670284
vt 0.451429 0.671737
vt 0.449787 0.668129
vt 0.461341 0.663663
vt 0.463496 0.665183
vt 0.773151 0.096883
vt 0.774082 0.086088
vt 0.775814 0.098023
vt 0.765757 0.102345
vt 0.767293 0.085382
vt 0.769778 0.102743
vt 0.952049 0.024998
vt 0.960979 0.021799
vt 0.954981 0.026550
vt 0.949034 0.029612
vt 0.947750 0.028484
vt 0.950616 0.022395
vt 0.756264 0.192237
vt 0.737129 0.201349
vt 0.736565 0.190517
vt 0.737480 0.188670
vt 0.756691 0.189055
vt 0.768400 0.202200
vt 0.774276 0.187458
vt 0.221590 0.223227
vt 0.219052 0.227807
vt 0.220436 0.223238
vt 0.218947 0.214777
vt 0.219502 0.203827
vt 0.223464 0.222622
vt 0.219838 0.228031
vt 0.539042 0.911291
vt 0.532798 0.907981
vt 0.540192 0.908680
vt 0.532014 0.909992
vt 0.540799 0.910809
vt 0.087750 0.859690
vt 0.089052 0.859173
vt 0.074980 0.862358
vt 0.074393 0.850346
vt 0.076939 0.869056
vt 0.088908 0.865566
vt 0.963577 0.270337
vt 0.975591 0.269755
vt 0.953540 0.269600
vt 0.964864 0.272724
vt 0.688340 0.147574
vt 0.689036 0.136575
vt 0.687344 0.136488
vt 0.689385 0.155443
vt 0.687886 0.155379
vt 0.687242 0.147579
vt 0.332287 0.508605
vt 0.388035 0.458388
vt 0.384611 0.482542
vt 0.341686 0.209328
vt 0.341686 0.128004
vt 0.351670 0.132807
vt 0.356494 0.106330
vt 0.355359 0.100045
vt 0.417525 0.108555
vt 0.862072 0.966495
vt 0.862072 0.893833
vt 0.869106 0.964430
vt 0.357183 0.121589
vt 0.192312 0.211683
vt 0.209328 0.215898
vt 0.192312 0.296647
vt 0.082872 0.525178
vt 0.083061 0.523925
vt 0.084983 0.524452
vt 0.082244 0.531172
vt 0.081148 0.525231
vt 0.081478 0.524066
vt 0.084753 0.529661
vt 0.966292 0.581600
vt 0.967587 0.581967
vt 0.965838 0.584138
vt 0.813390 0.338925
vt 0.814668 0.324402
vt 0.818275 0.326065
vt 0.814782 0.339495
vt 0.966786 0.580416
vt 0.810053 0.337423
vt 0.008938 0.986754
vt 0.007950 0.991040
vt 0.390518 0.914555
vt 0.386450 0.923236
vt 0.351572 0.043062
vt 0.354167 0.031049
vt 0.358121 0.042967
vt 0.981057 0.837310
vt 0.979784 0.827296
vt 0.351572 0.031695
vt 0.670710 0.294254
vt 0.669288 0.291334
vt 0.146904 0.720716
vt 0.145210 0.724005
vt 0.674314 0.296067
vt 0.150720 0.719409
vt 0.465927 0.046310
vt 0.465092 0.052021
vt 0.464736 0.045939
vt 0.466980 0.046704
vt 0.465756 0.052011
vt 0.465338 0.043898
vt 0.467066 0.044233
vt 0.500712 0.493106
vt 0.499392 0.497211
vt 0.494630 0.497848
vt 0.490752 0.476355
vt 0.535707 0.436794
vt 0.036715 0.296647
vt 0.096964 0.272657
vt 0.106070 0.291225
vt 0.106724 0.296621
vt 0.494098 0.495804
vt 0.544252 0.544252
vt 0.155542 0.844337
vt 0.156270 0.843522
vt 0.007177 0.305960
vt 0.004449 0.320570
vt 0.004449 0.303448
vt 0.156894 0.846638
vt 0.155520 0.846854
vt 0.077250 0.369881
vt 0.081063 0.358385
vt 0.122681 0.383157
vt 0.075117 0.372729
vt 0.021866 0.351014
vt 0.019496 0.997730
vt 0.020498 0.998806
vt 0.712539 0.164697
vt 0.704829 0.177991
vt 0.701408 0.169910
vt 0.699874 0.167281
vt 0.711854 0.161367
vt 0.724327 0.158739
vt 0.717684 0.180466
vt 0.974417 0.263803
vt 0.966855 0.261971
vt 0.971600 0.261827
vt 0.976480 0.264985
vt 0.160541 0.973565
vt 0.940180 0.595251
vt 0.940180 0.673437
vt 0.922522 0.601264
vt 0.258763 0.362503
vt 0.262613 0.305250
vt 0.240690 0.362352
vt 0.529959 0.560349
vt 0.084660 0.523430
vt 0.081752 0.513316
vt 0.372350 0.945737
vt 0.978860 0.623034
vt 0.972279 0.623102
vt 0.972639 0.609088
vt 0.980849 0.623500
vt 0.066985 0.221174
vt 0.066985 0.246408
vt 0.064394 0.231272
vt 0.125785 0.048102
vt 0.127897 0.047952
vt 0.129185 0.069377
vt 0.296783 0.180020
vt 0.301152 0.184616
vt 0.300170 0.184443
vt 0.299289 0.185317
vt 0.127144 0.041238
vt 0.298905 0.172458
vt 0.766990 0.965821
vt 0.768209 0.965568
vt 0.766990 0.978810
vt 0.767020 0.981497
vt 0.774897 0.981375
vt 0.769067 0.980159
vt 0.646637 0.331770
vt 0.647266 0.327243
vt 0.648148 0.327096
vt 0.435835 0.527062
vt 0.437572 0.545459
vt 0.436370 0.545501
vt 0.434133 0.527222
vt 0.434965 0.526193
vt 0.435909 0.525899
vt 0.463803 0.869501
vt 0.466203 0.871661
vt 0.643051 0.781440
vt 0.645735 0.779150
vt 0.446008 0.895321
vt 0.447267 0.886604
vt 0.443581 0.895391
vt 0.445060 0.887210
vt 0.443872 0.902914
vt 0.686308 0.022347
vt 0.685086 0.015947
vt 0.686594 0.016097
vt 0.327739 0.493248
vt 0.329739 0.493235
vt 0.327809 0.487351
vt 0.684234 0.021982
vt 0.326274 0.494647
vt 0.115394 0.966041
vt 0.102519 0.966052
vt 0.115433 0.964951
vt 0.307609 0.589019
vt 0.307703 0.590242
vt 0.102496 0.966999
vt 0.296004 0.588853
vt 0.982404 0.802575
vt 0.979434 0.802641
vt 0.985552 0.802831
vt 0.980121 0.803171
vt 0.561230 0.417499
vt 0.582647 0.423426
vt 0.559203 0.426251
vt 0.559367 0.416831
vt 0.566649 0.403691
vt 0.564391 0.403699
vt 0.688073 0.856708
vt 0.687293 0.856149
vt 0.692372 0.848362
vt 0.693363 0.849404
vt 0.688558 0.858189
vt 0.686996 0.857785
vt 0.802701 0.798394
vt 0.805059 0.806637
vt 0.807037 0.750611
vt 0.811137 0.749810
vt 0.805455 0.796626
vt 0.796887 0.798941
vt 0.819878 0.287826
vt 0.839807 0.286175
vt 0.863626 0.265716
vt 0.592189 0.609416
vt 0.593919 0.605964
vt 0.587057 0.609007
vt 0.877813 0.542450
vt 0.877275 0.544928
vt 0.874780 0.545586
vt 0.887865 0.536412
vt 0.891788 0.545097
vt 0.871296 0.537027
vt 0.874232 0.543844
vt 0.864370 0.535615
vt 0.890304 0.547044
vt 0.865212 0.122608
vt 0.867446 0.123664
vt 0.740918 0.062579
vt 0.903443 0.936428
vt 0.896419 0.937720
vt 0.893174 0.934827
vt 0.902801 0.932908
vt 0.913332 0.938274
vt 0.752675 0.960860
vt 0.755140 0.960482
vt 0.753125 0.962923
vt 0.752107 0.959852
vt 0.754648 0.959384
vt 0.134223 0.015299
vt 0.134798 0.014667
vt 0.134447 0.015831
vt 0.006919 0.990804
vt 0.645550 0.027470
vt 0.646591 0.026988
vt 0.648097 0.028016
vt 0.342049 0.484561
vt 0.342512 0.483170
vt 0.344493 0.488032
vt 0.646343 0.028491
vt 0.644767 0.028674
vt 0.129047 0.425561
vt 0.127170 0.388447
vt 0.153919 0.391675
vt 0.124444 0.428364
vt 0.124118 0.424305
vt 0.154205 0.425038
vt 0.129390 0.431180
vt 0.127632 0.192015
vt 0.176502 0.163308
vt 0.129604 0.193794
vt 0.072793 0.231280
vt 0.074455 0.233000
vt 0.955201 0.040016
vt 0.950542 0.041140
vt 0.950920 0.039196
vt 0.953953 0.041857
vt 0.964016 0.044103
vt 0.955640 0.037654
vt 0.033672 0.247359
vt 0.031466 0.258359
vt 0.028752 0.251844
vt 0.035484 0.234545
vt 0.037822 0.234229
vt 0.640471 0.330280
vt 0.641072 0.329142
vt 0.446313 0.524320
vt 0.445482 0.524896
vt 0.639870 0.328696
vt 0.640938 0.331829
vt 0.503943 0.209211
vt 0.501977 0.205847
vt 0.968396 0.580883
vt 0.504501 0.112439
vt 0.483209 0.083539
vt 0.518257 0.080185
vt 0.982424 0.592543
vt 0.969026 0.582973
vt 0.806135 0.620734
vt 0.824727 0.608313
vt 0.807289 0.622002
vt 0.803927 0.620380
vt 0.806192 0.618612
vt 0.803030 0.622778
vt 0.823685 0.606618
vt 0.804905 0.623121
vt 0.022546 0.212364
vt 0.022438 0.224548
vt 0.014763 0.210471
vt 0.020435 0.199544
vt 0.139359 0.861123
vt 0.659955 0.048427
vt 0.657032 0.058399
vt 0.640581 0.058479
vt 0.660649 0.035052
vt 0.644670 0.048035
vt 0.149419 0.862441
vt 0.105343 0.531540
vt 0.103616 0.532074
vt 0.103347 0.524512
vt 0.107316 0.523675
vt 0.106889 0.531536
vt 0.105950 0.535685
vt 0.105400 0.522597
vt 0.158836 0.955548
vt 0.162677 0.956581
vt 0.625419 0.966769
vt 0.934507 0.029329
vt 0.623889 0.964127
vt 0.669675 0.788319
vt 0.692957 0.803954
vt 0.681633 0.813999
vt 0.657809 0.769024
vt 0.673237 0.774594
vt 0.692739 0.790502
vt 0.590304 0.832744
vt 0.585936 0.825749
vt 0.587546 0.824845
vt 0.589180 0.833741
vt 0.591420 0.832288
vt 0.590863 0.834133
vt 0.316583 0.151727
vt 0.319152 0.153464
vt 0.315794 0.157043
vt 0.239581 0.366888
vt 0.241624 0.367411
vt 0.313106 0.155868
vt 0.314528 0.150255
vt 0.237271 0.367772
vt 0.239000 0.971613
vt 0.527499 0.617814
vt 0.553918 0.616585
vt 0.553500 0.620746
vt 0.504878 0.556766
vt 0.528720 0.624499
vt 0.511752 0.628162
vt 0.867318 0.034019
vt 0.866249 0.032922
vt 0.868769 0.032978
vt 0.204285 0.871026
vt 0.886935 0.848597
vt 0.904475 0.847529
vt 0.903453 0.855278
vt 0.875524 0.857297
vt 0.883376 0.847399
vt 0.721385 0.476630
vt 0.722899 0.445921
vt 0.719974 0.467758
vt 0.719058 0.465070
vt 0.718950 0.462793
vt 0.304904 0.608672
vt 0.302064 0.605233
vt 0.302037 0.602959
vt 0.112561 0.997223
vt 0.101157 0.996754
vt 0.111733 0.995770
vt 0.119616 0.998403
vt 0.118353 0.996487
vt 0.229634 0.470418
vt 0.230259 0.472348
vt 0.228937 0.471387
vt 0.303824 0.185131
vt 0.301833 0.186601
vt 0.302990 0.184505
vt 0.229215 0.470252
vt 0.228924 0.467351
vt 0.230722 0.470987
vt 0.040818 0.581164
vt 0.043548 0.578898
vt 0.028364 0.558130
vt 0.538060 0.373682
vt 0.554730 0.388361
vt 0.033508 0.589553
vt 0.016974 0.571593
vt 0.903844 0.309731
vt 0.901960 0.309998
vt 0.902958 0.308413
vt 0.909750 0.317374
vt 0.563142 0.797893
vt 0.578836 0.818999
vt 0.557951 0.807597
vt 0.906650 0.298675
vt 0.907978 0.299520
vt 0.766809 0.121404
vt 0.763830 0.159089
vt 0.059817 0.864744
vt 0.063706 0.864922
vt 0.061108 0.871576
vt 0.057824 0.865103
vt 0.058289 0.871708
vt 0.444844 0.545204
vt 0.088425 0.960926
vt 0.102671 0.961628
vt 0.976679 0.803252
vt 0.977972 0.804046
vt 0.975404 0.804632
vt 0.971029 0.803100
vt 0.972166 0.801283
vt 0.584245 0.429117
vt 0.582791 0.435343
vt 0.569021 0.402977
vt 0.585409 0.420932
vt 0.590849 0.425399
vt 0.788484 0.604995
vt 0.789656 0.601526
vt 0.002256 0.438843
vt 0.074671 0.452346
vt 0.072451 0.455510
vt 0.724317 0.847908
vt 0.728354 0.791025
vt 0.731823 0.793851
vt 0.980849 0.324960
vt 0.978117 0.325109
vt 0.965557 0.277052
vt 0.003588 0.437283
vt 0.726560 0.848538
vt 0.001129 0.443180
vt 0.248574 0.818293
vt 0.243630 0.824091
vt 0.241324 0.826786
vt 0.239526 0.822701
vt 0.618708 0.762208
vt 0.601015 0.765854
vt 0.617724 0.782391
vt 0.621836 0.760925
vt 0.628512 0.771284
vt 0.249142 0.583818
vt 0.246156 0.588187
vt 0.242069 0.586652
vt 0.930871 0.065854
vt 0.929730 0.069177
vt 0.893840 0.066300
vt 0.252327 0.589628
vt 0.244668 0.579829
vt 0.933003 0.060682
vt 0.417420 0.729982
vt 0.413676 0.737505
vt 0.410968 0.737913
vt 0.419904 0.739190
vt 0.413410 0.729794
vt 0.417517 0.718476
vt 0.421568 0.717924
vt 0.425046 0.718412
vt 0.414756 0.727411
vt 0.140194 0.460030
vt 0.147384 0.459955
vt 0.476346 0.953023
vt 0.474568 0.952866
vt 0.476178 0.951085
vt 0.478822 0.951552
vt 0.477540 0.971007
vt 0.475306 0.970712
vt 0.970482 0.127684
vt 0.970045 0.143985
vt 0.968601 0.128033
vt 0.971874 0.143004
vt 0.973015 0.113421
vt 0.973049 0.127889
vt 0.242648 0.012469
vt 0.240975 0.023923
vt 0.239457 0.011596
vt 0.241869 0.001514
vt 0.244016 0.002326
vt 0.952926 0.223980
vt 0.954058 0.243035
vt 0.952000 0.243715
vt 0.954130 0.219339
vt 0.956295 0.221670
vt 0.956111 0.225143
vt 0.656946 0.333711
vt 0.661627 0.350413
vt 0.657818 0.333409
vt 0.656639 0.332147
vt 0.249578 0.970664
vt 0.252666 0.972324
vt 0.980635 0.821171
vt 0.268952 0.441491
vt 0.279155 0.428626
vt 0.281017 0.430124
vt 0.271089 0.443046
vt 0.267116 0.439879
vt 0.076281 0.121249
vt 0.103636 0.055530
vt 0.108336 0.057484
vt 0.078254 0.122470
vt 0.075850 0.124210
vt 0.073641 0.121380
vt 0.712114 0.197408
vt 0.711667 0.200264
vt 0.377714 0.733341
vt 0.381778 0.744834
vt 0.382759 0.733052
vt 0.019398 0.990674
vt 0.741628 0.603445
vt 0.748441 0.612354
vt 0.729056 0.593455
vt 0.729372 0.591393
vt 0.743754 0.600961
vt 0.751733 0.608720
vt 0.474081 0.274695
vt 0.459447 0.273314
vt 0.460759 0.271339
vt 0.802145 0.518164
vt 0.800401 0.519740
vt 0.867342 0.039352
vt 0.866073 0.033998
vt 0.768004 0.077339
vt 0.801445 0.100054
vt 0.234395 0.202763
vt 0.235059 0.203118
vt 0.632410 0.872627
vt 0.632366 0.841873
vt 0.471185 0.815830
vt 0.480642 0.779314
vt 0.467335 0.835575
vt 0.616199 0.871904
vt 0.545448 0.519132
vt 0.525618 0.519132
vt 0.536447 0.438418
vt 0.782287 0.870887
vt 0.782287 0.947356
vt 0.763394 0.942950
vt 0.179201 0.087868
vt 0.148132 0.024589
vt 0.190567 0.001823
vt 0.199370 0.123851
vt 0.164710 0.103907
vt 0.219300 0.052571
vt 0.633594 0.968595
vt 0.630687 0.973368
vt 0.632893 0.973794
vt 0.587513 0.882918
vt 0.599002 0.883858
vt 0.587605 0.891073
vt 0.586311 0.891030
vt 0.585395 0.882734
vt 0.598702 0.876053
vt 0.587424 0.875253
vt 0.278752 0.003063
vt 0.279822 0.002329
vt 0.279439 0.004472
vt 0.027255 0.306849
vt 0.028708 0.313957
vt 0.025737 0.322962
vt 0.277705 0.002153
vt 0.278758 0.000929
vt 0.025737 0.307806
vt 0.277705 0.010281
vt 0.883859 0.131031
vt 0.882645 0.132942
vt 0.868446 0.122148
vt 0.510204 0.780743
vt 0.514938 0.777213
vt 0.513925 0.782287
vt 0.498903 0.768532
vt 0.512439 0.775324
vt 0.889125 0.123890
vt 0.495808 0.773372
vt 0.686443 0.154918
vt 0.687049 0.157157
vt 0.685720 0.157478
vt 0.684652 0.154946
vt 0.685574 0.146968
vt 0.209305 0.371494
vt 0.961313 0.896867
vt 0.976988 0.899287
vt 0.961313 0.947357
vt 0.886074 0.525009
vt 0.649171 0.018963
vt 0.649798 0.019719
vt 0.648295 0.018491
vt 0.649540 0.017882
vt 0.650491 0.018530
vt 0.308378 0.659445
vt 0.306823 0.660144
vt 0.313999 0.650241
vt 0.429264 0.959495
vt 0.440186 0.963896
vt 0.416136 0.965182
vt 0.818196 0.000564
vt 0.826223 0.016589
vt 0.812925 0.012052
vt 0.945770 0.715515
vt 0.950980 0.711666
vt 0.954533 0.723624
vt 0.841215 0.015748
vt 0.954388 0.742532
vt 0.915485 0.722034
vt 0.827548 0.606468
vt 0.836148 0.624500
vt 0.825849 0.604750
vt 0.567788 0.655555
vt 0.597886 0.635516
vt 0.683343 0.157680
vt 0.682521 0.157606
vt 0.682292 0.155015
vt 0.684859 0.158537
vt 0.683898 0.158806
vt 0.683245 0.154942
vt 0.684369 0.157278
vt 0.965963 0.110287
vt 0.360428 0.005990
vt 0.359334 0.006355
vt 0.359513 0.005420
vt 0.360345 0.004429
vt 0.363632 0.009593
vt 0.360883 0.009835
vt 0.361295 0.005352
vt 0.644237 0.017125
vt 0.645590 0.017143
vt 0.644478 0.016155
vt 0.643793 0.017270
vt 0.410732 0.659889
vt 0.435732 0.647943
vt 0.407268 0.660001
vt 0.409601 0.656673
vt 0.407031 0.657954
vt 0.557753 0.911074
vt 0.557675 0.908560
vt 0.572597 0.907347
vt 0.561367 0.933003
vt 0.757488 0.312411
vt 0.784679 0.340013
vt 0.354063 0.732048
vt 0.333520 0.660998
vt 0.354063 0.659391
vt 0.699782 0.338732
vt 0.746607 0.301455
vt 0.782067 0.276590
vt 0.387468 0.931202
vt 0.022981 0.843227
vt 0.038631 0.845140
vt 0.038629 0.848239
vt 0.020737 0.843730
vt 0.022531 0.846677
vt 0.240712 0.995036
vt 0.243801 0.975587
vt 0.242638 0.995009
vt 0.133430 0.961165
vt 0.146720 0.963211
vt 0.132465 0.963131
vt 0.132391 0.958872
vt 0.146631 0.961056
vt 0.916609 0.321059
vt 0.915803 0.318830
vt 0.918787 0.313532
vt 0.920087 0.313019
vt 0.918570 0.321591
vt 0.229242 0.007014
vt 0.230851 0.007154
vt 0.229895 0.026315
vt 0.226265 0.014369
vt 0.912577 0.330139
vt 0.905522 0.678651
vt 0.903492 0.681681
vt 0.903264 0.677747
vt 0.904725 0.675811
vt 0.905847 0.681959
vt 0.925561 0.685139
vt 0.543707 0.909093
vt 0.662267 0.083789
vt 0.652374 0.073691
vt 0.657633 0.072436
vt 0.667601 0.079491
vt 0.678739 0.088915
vt 0.099274 0.803301
vt 0.102410 0.800760
vt 0.688113 0.158498
vt 0.686883 0.158361
vt 0.688380 0.157610
vt 0.190054 0.598121
vt 0.195635 0.595219
vt 0.191469 0.600737
vt 0.942328 0.054562
vt 0.944846 0.053118
vt 0.956730 0.060000
vt 0.938408 0.049462
vt 0.685459 0.088047
vt 0.700111 0.115273
vt 0.842140 0.305314
vt 0.196449 0.866039
vt 0.195401 0.865811
vt 0.351647 0.026338
vt 0.351666 0.025792
vt 0.353553 0.026701
vt 0.985019 0.822094
vt 0.982711 0.821311
vt 0.985634 0.821512
vt 0.981663 0.822339
vt 0.645328 0.331479
vt 0.646003 0.327169
vt 0.644855 0.332440
vt 0.645751 0.332714
vt 0.753715 0.763689
vt 0.751835 0.766737
vt 0.689207 0.744727
vt 0.220093 0.634139
vt 0.199368 0.688987
vt 0.217529 0.631915
vt 0.958496 0.274933
vt 0.961710 0.328055
vt 0.958496 0.330139
vt 0.764057 0.757264
vt 0.929435 0.479354
vt 0.935395 0.487005
vt 0.929435 0.535878
vt 0.968389 0.814173
vt 0.074245 0.547840
vt 0.077873 0.530372
vt 0.080944 0.539379
vt 0.071522 0.536864
vt 0.960864 0.806844
vt 0.960012 0.815112
vt 0.562558 0.457420
vt 0.563343 0.460907
vt 0.561281 0.457578
vt 0.584457 0.461957
vt 0.557448 0.426521
vt 0.838507 0.444499
vt 0.712739 0.984704
vt 0.652965 0.070851
vt 0.634196 0.069529
vt 0.105749 0.512063
vt 0.108700 0.511477
vt 0.288639 0.469019
vt 0.294426 0.470599
vt 0.269452 0.507386
vt 0.254184 0.468201
vt 0.533312 0.331982
vt 0.509052 0.411532
vt 0.606348 0.820564
vt 0.558059 0.788968
vt 0.056199 0.758409
vt 0.066213 0.789631
vt 0.000482 0.792262
vt 0.004774 0.736992
vt 0.076656 0.769641
vt 0.093912 0.736992
vt 0.148592 0.460506
vt 0.150406 0.456878
vt 0.752091 0.952505
vt 0.754013 0.948172
vt 0.753719 0.951028
vt 0.748828 0.952183
vt 0.752075 0.940673
vt 0.751839 0.953348
vt 0.852105 0.512924
vt 0.850938 0.512934
vt 0.851264 0.510894
vt 0.853034 0.510599
vt 0.861324 0.514580
vt 0.850168 0.531844
vt 0.848539 0.531140
vt 0.115365 0.981241
vt 0.115304 0.982710
vt 0.101976 0.983470
vt 0.254575 0.974749
vt 0.254005 0.973826
vt 0.255953 0.974461
vt 0.256867 0.995730
vt 0.254743 0.995034
vt 0.386270 0.896840
vt 0.119284 0.796030
vt 0.140549 0.790026
vt 0.129298 0.807422
vt 0.128534 0.781877
vt 0.700071 0.835214
vt 0.699113 0.835231
vt 0.708418 0.832571
vt 0.700161 0.836825
vt 0.129887 0.313758
vt 0.724603 0.415815
vt 0.774447 0.455530
vt 0.754949 0.410167
vt 0.700186 0.136089
vt 0.699997 0.149401
vt 0.698621 0.148598
vt 0.700948 0.135408
vt 0.114718 0.974404
vt 0.101335 0.974455
vt 0.113719 0.973612
vt 0.699289 0.136057
vt 0.114666 0.975392
vt 0.924800 0.313509
vt 0.923973 0.312708
vt 0.924740 0.312121
vt 0.923180 0.313849
vt 0.925950 0.312707
vt 0.171331 0.088112
vt 0.172247 0.079465
vt 0.235916 0.000899
vt 0.234855 0.008021
vt 0.234720 0.001005
vt 0.739415 0.511943
vt 0.741672 0.513796
vt 0.736494 0.512725
vt 0.734898 0.510669
vt 0.738953 0.515501
vt 0.738440 0.509239
vt 0.880764 0.298417
vt 0.882676 0.288613
vt 0.882420 0.299049
vt 0.077919 0.127088
vt 0.080482 0.124443
vt 0.026069 0.162986
vt 0.946784 0.043346
vt 0.948028 0.041721
vt 0.949314 0.042618
vt 0.947557 0.044290
vt 0.944542 0.044817
vt 0.938248 0.038281
vt 0.028900 0.276921
vt 0.026016 0.276907
vt 0.027644 0.275088
vt 0.035923 0.286204
vt 0.030757 0.287173
vt 0.319501 0.976859
vt 0.736293 0.276302
vt 0.739373 0.275066
vt 0.734486 0.273842
vt 0.737408 0.272961
vt 0.224551 0.808543
vt 0.214307 0.799711
vt 0.229617 0.797013
vt 0.214179 0.801596
vt 0.229797 0.813487
vt 0.229784 0.820545
vt 0.072170 0.841937
vt 0.085437 0.826393
vt 0.808712 0.017850
vt 0.793031 0.016598
vt 0.821594 0.022400
vt 0.809624 0.016543
vt 0.404427 0.990418
vt 0.415410 0.968416
vt 0.405304 0.990328
vt 0.310089 0.417347
vt 0.312080 0.416729
vt 0.308468 0.419096
vt 0.296302 0.408880
vt 0.162156 0.855596
vt 0.837048 0.050121
vt 0.839098 0.044742
vt 0.838832 0.050680
vt 0.835310 0.049897
vt 0.838037 0.041508
vt 0.160213 0.856449
vt 0.163809 0.854147
vt 0.173664 0.634134
vt 0.136848 0.618557
vt 0.142093 0.573719
vt 0.607981 0.505494
vt 0.552723 0.481209
vt 0.588137 0.478085
vt 0.626779 0.484211
vt 0.668780 0.517936
vt 0.144208 0.663017
vt 0.199758 0.700928
vt 0.386263 0.397539
vt 0.332287 0.406146
vt 0.424813 0.430883
vt 0.350760 0.357787
vt 0.354484 0.349165
vt 0.388418 0.390678
vt 0.642618 0.966172
vt 0.644885 0.964929
vt 0.644341 0.966567
vt 0.642110 0.967884
vt 0.640722 0.966651
vt 0.932215 0.048640
vt 0.933957 0.048818
vt 0.930409 0.047768
vt 0.967457 0.583859
vt 0.695403 0.841464
vt 0.698738 0.836236
vt 0.696579 0.842479
vt 0.684718 0.842638
vt 0.687461 0.836277
vt 0.697619 0.835228
vt 0.433210 0.812315
vt 0.446534 0.811122
vt 0.446106 0.813800
vt 0.419390 0.787160
vt 0.438557 0.779109
vt 0.434557 0.816162
vt 0.432423 0.813998
vt 0.433416 0.816334
vt 0.331401 0.493306
vt 0.333117 0.493171
vt 0.283304 0.599298
vt 0.284731 0.600427
vt 0.283694 0.598720
vt 0.110870 0.307586
vt 0.107916 0.307184
vt 0.109574 0.306331
vt 0.110259 0.305636
vt 0.112071 0.307065
vt 0.112255 0.309515
vt 0.109892 0.308717
vt 0.070570 0.586877
vt 0.082972 0.585305
vt 0.071308 0.588957
vt 0.069035 0.570338
vt 0.083975 0.583183
vt 0.609793 0.906943
vt 0.609031 0.904787
vt 0.447571 0.300235
vt 0.445068 0.279621
vt 0.737177 0.576096
vt 0.722806 0.565189
vt 0.724418 0.558324
vt 0.727264 0.943600
vt 0.713294 0.971102
vt 0.683288 0.943600
vt 0.729991 0.551643
vt 0.760756 0.599382
vt 0.727634 0.577721
vt 0.590727 0.074967
vt 0.578666 0.072963
vt 0.771208 0.235695
vt 0.803076 0.222771
vt 0.804463 0.264722
vt 0.609163 0.029591
vt 0.785889 0.279482
vt 0.184848 0.169952
vt 0.190993 0.173692
vt 0.186550 0.173254
vt 0.366024 0.220093
vt 0.298843 0.220093
vt 0.159411 0.110848
vt 0.192765 0.152709
vt 0.148132 0.212501
vt 0.588504 0.872221
vt 0.586430 0.872217
vt 0.675632 0.020868
vt 0.671855 0.016197
vt 0.675570 0.016037
vt 0.672682 0.021619
vt 0.114991 0.978699
vt 0.101237 0.977617
vt 0.115035 0.977624
vt 0.101188 0.979086
vt 0.695844 0.136272
vt 0.695953 0.148084
vt 0.696999 0.136285
vt 0.694348 0.136232
vt 0.114938 0.980006
vt 0.305008 0.008143
vt 0.306216 0.010798
vt 0.013017 0.581332
vt 0.013017 0.553069
vt 0.014354 0.577783
vt 0.551800 0.392501
vt 0.534736 0.385588
vt 0.557789 0.416239
vt 0.547498 0.413558
vt 0.563987 0.399951
vt 0.563406 0.402627
vt 0.671740 0.845552
vt 0.670774 0.845296
vt 0.671679 0.843928
vt 0.672807 0.844898
vt 0.672241 0.846236
vt 0.670848 0.847155
vt 0.832933 0.428988
vt 0.820913 0.428290
vt 0.913316 0.578635
vt 0.917896 0.565942
vt 0.917839 0.577825
vt 0.917115 0.588282
vt 0.913316 0.591685
vt 0.499994 0.523374
vt 0.496436 0.522226
vt 0.914044 0.566258
vt 0.496570 0.534422
vt 0.134254 0.980876
vt 0.146628 0.980693
vt 0.147541 0.982228
vt 0.134210 0.982713
vt 0.464705 0.020541
vt 0.462200 0.040746
vt 0.461820 0.021582
vt 0.464081 0.040146
vt 0.467043 0.020527
vt 0.133328 0.979332
vt 0.436172 0.524565
vt 0.319765 0.961669
vt 0.318921 0.959596
vt 0.092462 0.622045
vt 0.390306 0.545085
vt 0.446437 0.585690
vt 0.426232 0.590542
vt 0.484827 0.099728
vt 0.416796 0.100022
vt 0.418126 0.592922
vt 0.381931 0.548811
vt 0.484051 0.109513
vt 0.403116 0.534426
vt 0.251189 0.819322
vt 0.186658 0.599320
vt 0.185940 0.588094
vt 0.189059 0.601414
vt 0.901341 0.544531
vt 0.897920 0.559662
vt 0.891788 0.030436
vt 0.892065 0.034731
vt 0.901902 0.025349
vt 0.897894 0.544497
vt 0.825052 0.522961
vt 0.838950 0.527676
vt 0.838239 0.530008
vt 0.016757 0.327121
vt 0.005476 0.324206
vt 0.015832 0.329944
vt 0.004259 0.327460
vt 0.356102 0.203312
vt 0.354632 0.201840
vt 0.355038 0.200636
vt 0.001850 0.291281
vt 0.356455 0.212184
vt 0.922581 0.305295
vt 0.920115 0.312132
vt 0.919380 0.310913
vt 0.511717 0.528766
vt 0.508574 0.530912
vt 0.919579 0.306786
vt 0.919968 0.305893
vt 0.511877 0.527546
vt 0.511447 0.527924
vt 0.509169 0.530532
vt 0.919066 0.308780
vt 0.918723 0.310465
vt 0.927387 0.305837
vt 0.928463 0.306778
vt 0.922035 0.305329
vt 0.509757 0.530232
vt 0.511299 0.526847
vt 0.513447 0.634800
vt 0.529256 0.627858
vt 0.512919 0.640457
vt 0.511610 0.635221
vt 0.805986 0.287599
vt 0.114438 0.535932
vt 0.113051 0.531238
vt 0.116362 0.535235
vt 0.112526 0.535567
vt 0.904397 0.760232
vt 0.919410 0.745487
vt 0.865047 0.827631
vt 0.146547 0.983991
vt 0.160792 0.984887
vt 0.146515 0.985943
vt 0.160835 0.982823
vt 0.134199 0.984495
vt 0.294620 0.582132
vt 0.308609 0.580181
vt 0.286503 0.583499
vt 0.697921 0.156712
vt 0.234447 0.482341
vt 0.231921 0.470992
vt 0.303824 0.174448
vt 0.303549 0.183252
vt 0.302600 0.177767
vt 0.135070 0.300600
vt 0.138549 0.302411
vt 0.135135 0.302453
vt 0.230578 0.484935
vt 0.145931 0.301918
vt 0.297116 0.163858
vt 0.879536 0.298042
vt 0.883170 0.275757
vt 0.417915 0.158132
vt 0.354180 0.160459
vt 0.416307 0.126567
vt 0.495209 0.126515
vt 0.494064 0.155891
vt 0.411675 0.165989
vt 0.949275 0.038817
vt 0.950994 0.037148
vt 0.948857 0.040286
vt 0.950000 0.036549
vt 0.966954 0.763142
vt 0.967627 0.552584
vt 0.966705 0.535094
vt 0.968876 0.552367
vt 0.965167 0.536226
vt 0.963412 0.552625
vt 0.968796 0.807118
vt 0.561319 0.462050
vt 0.562110 0.461172
vt 0.563163 0.465291
vt 0.559146 0.458147
vt 0.552582 0.469310
vt 0.765904 0.072026
vt 0.764108 0.055460
vt 0.767185 0.073085
vt 0.765400 0.077419
vt 0.756468 0.076558
vt 0.757735 0.070851
vt 0.002167 0.219477
vt 0.007377 0.208547
vt 0.626091 0.964878
vt 0.627893 0.967559
vt 0.933086 0.030008
vt 0.676879 0.504664
vt 0.704057 0.507881
vt 0.695516 0.544124
vt 0.673874 0.547988
vt 0.490514 0.976064
vt 0.490514 0.938667
vt 0.504778 0.949226
vt 0.909321 0.290022
vt 0.910390 0.290505
vt 0.905005 0.297812
vt 0.907744 0.289132
vt 0.584993 0.826674
vt 0.921104 0.304022
vt 0.192108 0.453231
vt 0.193777 0.465273
vt 0.193491 0.488032
vt 0.192108 0.472442
vt 0.916743 0.293862
vt 0.053262 0.532700
vt 0.983241 0.552625
vt 0.974999 0.550493
vt 0.960089 0.770753
vt 0.961945 0.767971
vt 0.964911 0.771703
vt 0.965533 0.775110
vt 0.961031 0.764203
vt 0.958529 0.766167
vt 0.452479 0.045464
vt 0.450790 0.044113
vt 0.236634 0.970441
vt 0.236056 0.972079
vt 0.234385 0.971186
vt 0.237420 0.971183
vt 0.453335 0.047792
vt 0.238453 0.969035
vt 0.917633 0.313135
vt 0.218947 0.229662
vt 0.534923 0.864950
vt 0.777850 0.008108
vt 0.281847 0.622002
vt 0.260683 0.604131
vt 0.258037 0.595821
vt 0.288274 0.620018
vt 0.539739 0.869517
vt 0.526102 0.907272
vt 0.533048 0.903093
vt 0.540708 0.903910
vt 0.708887 0.186193
vt 0.683990 0.147337
vt 0.682495 0.145873
vt 0.683793 0.136266
vt 0.685704 0.136804
vt 0.385501 0.943048
vt 0.387243 0.941731
vt 0.388241 0.942068
vt 0.386142 0.943616
vt 0.383809 0.944547
vt 0.788756 0.521461
vt 0.766908 0.528530
vt 0.788870 0.525463
vt 0.410704 0.911267
vt 0.000180 0.339709
vt 0.003917 0.329877
vt 0.015120 0.332289
vt 0.001640 0.836375
vt 0.181759 0.580266
vt 0.186601 0.582257
vt 0.186388 0.583725
vt 0.182329 0.578941
vt 0.343910 0.484012
vt 0.344313 0.484102
vt 0.343080 0.483374
vt 0.561599 0.224645
vt 0.589823 0.267434
vt 0.543003 0.163967
vt 0.551900 0.160173
vt 0.575165 0.216788
vt 0.552926 0.230300
vt 0.824985 0.383945
vt 0.836389 0.385254
vt 0.823209 0.383547
vt 0.824867 0.382200
vt 0.320297 0.165773
vt 0.320625 0.163838
vt 0.321102 0.163880
vt 0.321243 0.166177
vt 0.320271 0.167425
vt 0.309673 0.165154
vt 0.881201 0.355323
vt 0.894531 0.440524
vt 0.857191 0.426756
vt 0.336120 0.471286
vt 0.313962 0.465592
vt 0.821349 0.552625
vt 0.803575 0.539665
vt 0.836294 0.541685
vt 0.917887 0.362916
vt 0.344493 0.443514
vt 0.846549 0.342003
vt 0.116020 0.962049
vt 0.115964 0.963467
vt 0.270787 0.678657
vt 0.949002 0.021664
vt 0.945198 0.027537
vt 0.943529 0.026932
vt 0.955171 0.012511
vt 0.945245 0.020598
vt 0.908148 0.227675
vt 0.898409 0.266009
vt 0.896527 0.245087
vt 0.708489 0.827982
vt 0.316104 0.958230
vt 0.362810 0.014435
vt 0.365600 0.014273
vt 0.366024 0.019054
vt 0.362810 0.019782
vt 0.727216 0.488079
vt 0.525929 0.902004
vt 0.524292 0.906889
vt 0.528328 0.893213
vt 0.697410 0.165800
vt 0.697605 0.168386
vt 0.695988 0.167845
vt 0.686508 0.164030
vt 0.724444 0.578547
vt 0.817796 0.426558
vt 0.814067 0.435004
vt 0.181433 0.585980
vt 0.217701 0.000218
vt 0.217701 0.026315
vt 0.213701 0.001576
vt 0.437931 0.708217
vt 0.633437 0.072756
vt 0.243308 0.657928
vt 0.241867 0.660428
vt 0.243802 0.659203
vt 0.353681 0.199970
vt 0.180787 0.955370
vt 0.170845 0.953582
vt 0.183422 0.572947
vt 0.186601 0.554959
vt 0.980231 0.020834
vt 0.985634 0.043062
vt 0.979551 0.018745
vt 0.980007 0.018902
vt 0.078502 0.523313
vt 0.079851 0.523800
vt 0.079600 0.525009
vt 0.869064 0.895847
vt 0.866528 0.895266
vt 0.095435 0.883102
vt 0.092877 0.881305
vt 0.097161 0.881157
vt 0.867787 0.899013
vt 0.405368 0.599854
vt 0.439608 0.638177
vt 0.429318 0.642343
vt 0.386735 0.612321
vt 0.350559 0.577191
vt 0.372724 0.561991
vt 0.696002 0.159269
vt 0.695874 0.156409
vt 0.696928 0.156283
vt 0.695404 0.160302
vt 0.695276 0.159602
vt 0.695325 0.158416
vt 0.696800 0.159498
vt 0.282650 0.584867
vt 0.283728 0.584891
vt 0.283202 0.585867
vt 0.981056 0.150336
vt 0.989526 0.149110
vt 0.980169 0.153108
vt 0.986443 0.147183
vt 0.971962 0.147351
vt 0.227134 0.469231
vt 0.227955 0.470022
vt 0.226773 0.470231
vt 0.500235 0.202402
vt 0.501449 0.203761
vt 0.502269 0.205126
vt 0.500010 0.203356
vt 0.834888 0.160538
vt 0.835799 0.162865
vt 0.821758 0.164105
vt 0.686393 0.857145
vt 0.679921 0.850945
vt 0.786502 0.110276
vt 0.797168 0.108186
vt 0.770788 0.109592
vt 0.774563 0.105844
vt 0.493348 0.535760
vt 0.490260 0.535878
vt 0.492697 0.533687
vt 0.494286 0.532445
vt 0.914603 0.595686
vt 0.915927 0.591462
vt 0.916709 0.591821
vt 0.917841 0.593577
vt 0.646475 0.349092
vt 0.451303 0.255739
vt 0.459202 0.268195
vt 0.458116 0.269817
vt 0.790520 0.606434
vt 0.792343 0.604096
vt 0.818237 0.679857
vt 0.822689 0.677874
vt 0.822050 0.688074
vt 0.784916 0.688239
vt 0.808136 0.641290
vt 0.811306 0.639949
vt 0.301991 0.607541
vt 0.293516 0.603451
vt 0.304917 0.610040
vt 0.291599 0.604152
vt 0.677938 0.149691
vt 0.106539 0.307940
vt 0.107601 0.306824
vt 0.106848 0.308400
vt 0.105555 0.308133
vt 0.180483 0.426962
vt 0.187912 0.384851
vt 0.611972 0.905279
vt 0.611005 0.907919
vt 0.725966 0.592919
vt 0.727660 0.592154
vt 0.724932 0.591766
vt 0.725386 0.157700
vt 0.978457 0.264736
vt 0.440879 0.523339
vt 0.652510 0.015182
vt 0.649218 0.016950
vt 0.651103 0.014622
vt 0.654280 0.011535
vt 0.652862 0.016901
vt 0.665063 0.002247
vt 0.655352 0.016261
vt 0.793866 0.868410
vt 0.809053 0.444746
vt 0.810903 0.446170
vt 0.807449 0.443466
vt 0.146561 0.955624
vt 0.159734 0.953608
vt 0.801942 0.004962
vt 0.833473 0.024143
vt 0.708889 0.501065
vt 0.696156 0.486903
vt 0.699301 0.485190
vt 0.710716 0.498956
vt 0.424707 0.263952
vt 0.438710 0.263965
vt 0.000881 0.282469
vt 0.000055 0.282783
vt 0.001470 0.281919
vt 0.000290 0.283394
vt 0.001570 0.283028
vt 0.767933 0.906298
vt 0.766020 0.914057
vt 0.716638 0.852786
vt 0.456022 0.513181
vt 0.381997 0.512921
vt 0.451798 0.508986
vt 0.721001 0.849235
vt 0.865939 0.046205
vt 0.868181 0.049278
vt 0.865290 0.053827
vt 0.849704 0.048436
vt 0.857874 0.040091
vt 0.762850 0.108921
vt 0.558018 0.491491
vt 0.566917 0.498461
vt 0.561843 0.497460
vt 0.554315 0.490143
vt 0.555860 0.485352
vt 0.555833 0.491982
vt 0.576548 0.497071
vt 0.209361 0.812085
vt 0.211894 0.802282
vt 0.814292 0.639205
vt 0.825999 0.676706
vt 0.824054 0.685733
vt 0.160477 0.977884
vt 0.109714 0.511441
vt 0.111916 0.511334
vt 0.111976 0.522905
vt 0.682735 0.091201
vt 0.682351 0.088166
vt 0.688674 0.100840
vt 0.984172 0.128324
vt 0.978823 0.128927
vt 0.983166 0.114472
vt 0.985384 0.113573
vt 0.224501 0.198007
vt 0.223471 0.199128
vt 0.222836 0.197420
vt 0.226043 0.197904
vt 0.225154 0.199581
vt 0.223894 0.197147
vt 0.244371 0.664963
vt 0.264341 0.681747
vt 0.457728 0.051239
vt 0.459242 0.051263
vt 0.463304 0.055023
vt 0.457073 0.046857
vt 0.245501 0.106752
vt 0.232027 0.101231
vt 0.248669 0.103977
vt 0.229624 0.103728
vt 0.768935 0.160726
vt 0.820583 0.530326
vt 0.837531 0.532618
vt 0.516597 0.535470
vt 0.517665 0.538529
vt 0.511837 0.532084
vt 0.068686 0.251193
vt 0.068686 0.225909
vt 0.069377 0.247172
vt 0.547610 0.689003
vt 0.535834 0.715722
vt 0.465083 0.689003
vt 0.759194 0.640147
vt 0.787175 0.642234
vt 0.694068 0.487694
vt 0.815143 0.698556
vt 0.485404 0.878352
vt 0.020516 0.968483
vt 0.017826 0.980535
vt 0.016030 0.979296
vt 0.016954 0.967675
vt 0.145421 0.950623
vt 0.146408 0.952667
vt 0.935876 0.010982
vt 0.935817 0.000707
vt 0.941860 0.011928
vt 0.933138 0.010468
vt 0.930409 0.001272
vt 0.521525 0.509563
vt 0.513665 0.495666
vt 0.514509 0.493780
vt 0.127322 0.385167
vt 0.125162 0.384870
vt 0.584145 0.903035
vt 0.573285 0.901039
vt 0.585497 0.901430
vt 0.584757 0.904558
vt 0.573075 0.903803
vt 0.586040 0.902947
vt 0.491785 0.920501
vt 0.945060 0.046063
vt 0.951688 0.047375
vt 0.949395 0.049271
vt 0.942944 0.047316
vt 0.942099 0.045815
vt 0.356854 0.464945
vt 0.367286 0.460818
vt 0.364719 0.470484
vt 0.193323 0.177658
vt 0.697653 0.350268
vt 0.708125 0.421362
vt 0.697653 0.423440
vt 0.169633 0.230659
vt 0.152778 0.219329
vt 0.831528 0.029389
vt 0.829753 0.035021
vt 0.629824 0.749250
vt 0.646001 0.748326
vt 0.659197 0.756074
vt 0.012955 0.295421
vt 0.446621 0.908072
vt 0.436494 0.910637
vt 0.235625 0.791033
vt 0.228022 0.719550
vt 0.237032 0.723893
vt 0.898960 0.445237
vt 0.901903 0.502386
vt 0.887271 0.448194
vt 0.239016 0.724912
vt 0.238983 0.791339
vt 0.901903 0.444546
vt 0.221898 0.789459
vt 0.753885 0.957031
vt 0.751770 0.958355
vt 0.754722 0.956198
vt 0.754624 0.957503
vt 0.753557 0.958303
vt 0.233052 0.644134
vt 0.198813 0.707874
vt 0.005701 0.966015
vt 0.003986 0.965628
vt 0.286411 0.595163
vt 0.285268 0.595631
vt 0.285335 0.594649
vt 0.286046 0.593932
vt 0.246090 0.661394
vt 0.772069 0.796938
vt 0.949485 0.033401
vt 0.950603 0.031660
vt 0.949275 0.035332
vt 0.948731 0.031601
vt 0.430341 0.527104
vt 0.428511 0.525747
vt 0.428981 0.524706
vt 0.430594 0.526169
vt 0.428699 0.526888
vt 0.432471 0.527214
vt 0.430093 0.545694
vt 0.653819 0.023859
vt 0.654273 0.022962
vt 0.119270 0.589227
vt 0.122076 0.589324
vt 0.118744 0.591031
vt 0.125936 0.569070
vt 0.272907 0.875453
vt 0.272283 0.873168
vt 0.298910 0.870347
vt 0.299288 0.872688
vt 0.828472 0.678838
vt 0.847191 0.687039
vt 0.466501 0.808831
vt 0.827729 0.694377
vt 0.886749 0.919723
vt 0.891371 0.920156
vt 0.883135 0.926980
vt 0.064734 0.885156
vt 0.064593 0.877493
vt 0.066813 0.885004
vt 0.061535 0.878024
vt 0.815733 0.294232
vt 0.888220 0.069467
vt 0.391960 0.384184
vt 0.425429 0.424247
vt 0.360495 0.342403
vt 0.404691 0.368161
vt 0.404383 0.375935
vt 0.864995 0.538167
vt 0.677978 0.837993
vt 0.676616 0.837279
vt 0.284263 0.586655
vt 0.284454 0.585676
vt 0.284676 0.587420
vt 0.354705 0.025840
vt 0.306081 0.173004
vt 0.309476 0.174038
vt 0.462110 0.045808
vt 0.464059 0.043675
vt 0.463574 0.045831
vt 0.456748 0.423919
vt 0.458797 0.420840
vt 0.478088 0.451196
vt 0.452766 0.419010
vt 0.472555 0.454897
vt 0.921416 0.663742
vt 0.925826 0.681618
vt 0.915115 0.444648
vt 0.894999 0.656483
vt 0.915480 0.638188
vt 0.967821 0.148478
vt 0.966489 0.145185
vt 0.056333 0.519527
vt 0.056681 0.534508
vt 0.763148 0.934237
vt 0.133391 0.972005
vt 0.046674 0.542588
vt 0.045993 0.543342
vt 0.044290 0.541406
vt 0.624965 0.350923
vt 0.601797 0.334039
vt 0.607220 0.311296
vt 0.472384 0.677193
vt 0.488437 0.662708
vt 0.633494 0.327586
vt 0.491066 0.686987
vt 0.454924 0.699205
vt 0.183347 0.885674
vt 0.185481 0.885720
vt 0.184264 0.887008
vt 0.428539 0.519653
vt 0.429531 0.520698
vt 0.427900 0.524376
vt 0.426693 0.524324
vt 0.656647 0.325161
vt 0.658522 0.330276
vt 0.228432 0.474666
vt 0.566865 0.309894
vt 0.584498 0.890983
vt 0.557732 0.906132
vt 0.574374 0.890055
vt 0.679968 0.442759
vt 0.139603 0.080788
vt 0.113011 0.063312
vt 0.092088 0.857800
vt 0.087546 0.847497
vt 0.090158 0.845783
vt 0.103928 0.851742
vt 0.899243 0.020862
vt 0.864962 0.151449
vt 0.877742 0.143308
vt 0.866026 0.152824
vt 0.841330 0.351040
vt 0.824022 0.361567
vt 0.829250 0.349051
vt 0.421501 0.239317
vt 0.436754 0.238861
vt 0.846096 0.338488
vt 0.893033 0.960666
vt 0.895034 0.942021
vt 0.896659 0.943531
vt 0.891614 0.941925
vt 0.893933 0.978790
vt 0.889147 0.961498
vt 0.895800 0.961264
vt 0.233964 0.202976
vt 0.232372 0.199793
vt 0.234205 0.203649
vt 0.233641 0.203221
vt 0.006982 0.279891
vt 0.005975 0.280172
vt 0.007056 0.281330
vt 0.466742 0.042918
vt 0.468103 0.036575
vt 0.254097 0.972624
vt 0.255369 0.971933
vt 0.255461 0.973674
vt 0.416365 0.883931
vt 0.412886 0.885270
vt 0.404304 0.880399
vt 0.316263 0.730533
vt 0.310613 0.731808
vt 0.552779 0.492117
vt 0.550790 0.489443
vt 0.238331 0.822868
vt 0.725500 0.196920
vt 0.713109 0.200074
vt 0.724170 0.194568
vt 0.721791 0.215791
vt 0.714168 0.203023
vt 0.225659 0.574619
vt 0.008458 0.251447
vt 0.016206 0.251195
vt 0.005257 0.266443
vt 0.016456 0.258826
vt 0.012976 0.267765
vt 0.027882 0.296540
vt 0.015168 0.293329
vt 0.370653 0.462927
vt 0.367398 0.471286
vt 0.280842 0.003129
vt 0.960054 0.747724
vt 0.964348 0.732364
vt 0.967243 0.747746
vt 0.199368 0.614563
vt 0.901983 0.614686
vt 0.131577 0.300427
vt 0.131577 0.313781
vt 0.056064 0.661777
vt 0.050820 0.600240
vt 0.057664 0.661725
vt 0.061958 0.738271
vt 0.054132 0.662260
vt 0.294855 0.596243
vt 0.299307 0.597813
vt 0.299815 0.596107
vt 0.914618 0.213857
vt 0.504778 0.586706
vt 0.504778 0.660279
vt 0.497312 0.589336
vt 0.944470 0.395805
vt 0.966495 0.341857
vt 0.949006 0.398778
vt 0.914618 0.288607
vt 0.909079 0.218166
vt 0.901755 0.220093
vt 0.901755 0.161204
vt 0.167719 0.296647
vt 0.302650 0.009794
vt 0.305095 0.011648
vt 0.306054 0.023923
vt 0.302524 0.007429
vt 0.303747 0.008425
vt 0.301691 0.009158
vt 0.301500 0.007385
vt 0.301498 0.012297
vt 0.756537 0.524755
vt 0.759090 0.518945
vt 0.000349 0.152829
vt 0.013560 0.098398
vt 0.057471 0.116852
vt 0.290603 0.078157
vt 0.286529 0.070998
vt 0.338156 0.054006
vt 0.021408 0.159825
vt 0.873898 0.561681
vt 0.907248 0.724847
vt 0.910592 0.720693
vt 0.452536 0.043524
vt 0.451938 0.042149
vt 0.453984 0.042475
vt 0.450039 0.043838
vt 0.757841 0.932597
vt 0.680025 0.912183
vt 0.697041 0.866584
vt 0.708072 0.856063
vt 0.694025 0.158791
vt 0.818316 0.794751
vt 0.809056 0.866295
vt 0.816660 0.436211
vt 0.411201 0.254241
vt 0.410583 0.260965
vt 0.407924 0.262288
vt 0.396931 0.259643
vt 0.854600 0.448736
vt 0.855072 0.435264
vt 0.856616 0.435844
vt 0.968465 0.189331
vt 0.855805 0.449181
vt 0.966949 0.171759
vt 0.225726 0.197222
vt 0.224079 0.192438
vt 0.606154 0.921817
vt 0.586308 0.928688
vt 0.552469 0.014591
vt 0.566397 0.002976
vt 0.564489 0.017136
vt 0.536797 0.067133
vt 0.527622 0.009058
vt 0.430863 0.466573
vt 0.183642 0.953926
vt 0.182449 0.950531
vt 0.184211 0.952243
vt 0.141996 0.787752
vt 0.194396 0.970299
vt 0.181791 0.951947
vt 0.747640 0.075595
vt 0.747884 0.070600
vt 0.358847 0.564586
vt 0.354846 0.548839
vt 0.358847 0.499899
vt 0.931495 0.202329
vt 0.952141 0.145030
vt 0.952141 0.215308
vt 0.008373 0.067265
vt 0.000560 0.143539
vt 0.004577 0.051731
vt 0.652354 0.877038
vt 0.649808 0.020941
vt 0.400105 0.267746
vt 0.391616 0.274032
vt 0.609543 0.884323
vt 0.599552 0.890537
vt 0.952804 0.044534
vt 0.962948 0.048479
vt 0.960393 0.054723
vt 0.311848 0.782912
vt 0.697102 0.148679
vt 0.697953 0.136396
vt 0.285274 0.004768
vt 0.284781 0.005830
vt 0.224465 0.625071
vt 0.838852 0.427839
vt 0.833272 0.431220
vt 0.459030 0.022769
vt 0.146666 0.979115
vt 0.431954 0.525110
vt 0.431333 0.521026
vt 0.432255 0.526758
vt 0.430447 0.524782
vt 0.433468 0.526383
vt 0.973801 0.817845
vt 0.975349 0.817548
vt 0.969060 0.818884
vt 0.973219 0.816213
vt 0.974463 0.815816
vt 0.617748 0.259197
vt 0.021531 0.162400
vt 0.020954 0.184208
vt 0.018308 0.162400
vt 0.109008 0.881129
vt 0.109527 0.883852
vt 0.035331 0.231592
vt 0.033412 0.229941
vt 0.034967 0.228264
vt 0.033062 0.233284
vt 0.037088 0.231363
vt 0.885389 0.071220
vt 0.887066 0.062960
vt 0.627206 0.571133
vt 0.243147 0.664034
vt 0.243043 0.660941
vt 0.165728 0.989258
vt 0.248801 0.206099
vt 0.433603 0.818696
vt 0.445614 0.816910
vt 0.459542 0.832295
vt 0.465018 0.042353
vt 0.466015 0.041059
vt 0.014407 0.284653
vt 0.013230 0.273787
vt 0.025568 0.274750
vt 0.104000 0.536163
vt 0.000427 0.341903
vt 0.016746 0.347415
vt 0.000427 0.435401
vt 0.406264 0.532527
vt 0.450388 0.584758
vt 0.448609 0.585190
vt 0.476081 0.058126
vt 0.748059 0.958629
vt 0.559284 0.089047
vt 0.157199 0.967201
vt 0.146690 0.968935
vt 0.146687 0.966981
vt 0.147665 0.964764
vt 0.160986 0.965583
vt 0.161949 0.966958
vt 0.026215 0.986937
vt 0.022111 0.993556
vt 0.432111 0.645946
vt 0.927641 0.961711
vt 0.764076 0.340599
vt 0.930720 0.887757
vt 0.394166 0.932520
vt 0.394515 0.934811
vt 0.403802 0.934927
vt 0.403584 0.938731
vt 0.085999 0.978329
vt 0.662671 0.349514
vt 0.086050 0.976776
vt 0.206553 0.981653
vt 0.879657 0.666549
vt 0.741706 0.149858
vt 0.744152 0.125290
vt 0.551428 0.909804
vt 0.747454 0.128727
vt 0.063341 0.870804
vt 0.090059 0.796187
vt 0.091974 0.794629
vt 0.117659 0.531324
vt 0.117071 0.536480
vt 0.478171 0.919454
vt 0.485640 0.921841
vt 0.479712 0.902302
vt 0.194615 0.609104
vt 0.376988 0.953275
vt 0.373625 0.949866
vt 0.121980 0.772441
vt 0.136064 0.770800
vt 0.131502 0.777416
vt 0.120997 0.775055
vt 0.109249 0.766686
vt 0.130416 0.779909
vt 0.513898 0.491491
vt 0.504872 0.493622
vt 0.504774 0.491750
vt 0.673422 0.320455
vt 0.674633 0.309493
vt 0.521525 0.478427
vt 0.508630 0.629769
vt 0.633500 0.985310
vt 0.630006 0.992535
vt 0.634754 0.973535
vt 0.638629 0.992810
vt 0.337316 0.964555
vt 0.328027 0.968148
vt 0.401488 0.655012
vt 0.918649 0.941516
vt 0.917199 0.936408
vt 0.918644 0.961266
vt 0.840582 0.459817
vt 0.832753 0.455353
vt 0.917274 0.561655
vt 0.681160 0.155242
vt 0.177031 0.253579
vt 0.175489 0.253585
vt 0.174502 0.242382
vt 0.281039 0.005295
vt 0.278798 0.010684
vt 0.176885 0.244890
vt 0.937582 0.382765
vt 0.932934 0.381500
vt 0.858201 0.533885
vt 0.894928 0.516976
vt 0.918894 0.445680
vt 0.942572 0.450951
vt 0.942572 0.368294
vt 0.087502 0.987636
vt 0.649846 0.349947
vt 0.648501 0.351670
vt 0.652417 0.350871
vt 0.458794 0.270777
vt 0.456624 0.272536
vt 0.460187 0.268906
vt 0.825073 0.301201
vt 0.823553 0.305278
vt 0.413490 0.890429
vt 0.414334 0.886560
vt 0.415541 0.889810
vt 0.413972 0.898765
vt 0.411093 0.889543
vt 0.415283 0.799847
vt 0.319012 0.170742
vt 0.088168 0.969108
vt 0.235469 0.024575
vt 0.233361 0.025423
vt 0.232656 0.007545
vt 0.654690 0.029928
vt 0.653943 0.031100
vt 0.651450 0.028882
vt 0.236839 0.024607
vt 0.172793 0.609776
vt 0.487194 0.921647
vt 0.503452 0.937166
vt 0.477072 0.933522
vt 0.867915 0.596415
vt 0.824950 0.705336
vt 0.353990 0.741087
vt 0.883415 0.064528
vt 0.880869 0.043547
vt 0.812578 0.074314
vt 0.356452 0.031565
vt 0.109754 0.310725
vt 0.114831 0.322962
vt 0.108387 0.312055
vt 0.108540 0.308844
vt 0.108170 0.310241
vt 0.065527 0.555259
vt 0.775868 0.157979
vt 0.733209 0.175270
vt 0.737984 0.186254
vt 0.451268 0.021496
vt 0.449808 0.020527
vt 0.442408 0.525436
vt 0.969880 0.804893
vt 0.963545 0.799304
vt 0.408298 0.653408
vt 0.402744 0.849151
vt 0.839950 0.461905
vt 0.826991 0.465305
vt 0.830721 0.456563
vt 0.674596 0.180889
vt 0.675440 0.177255
vt 0.695701 0.169765
vt 0.684023 0.187197
vt 0.842071 0.462099
vt 0.411201 0.726472
vt 0.404886 0.725896
vt 0.407661 0.717664
vt 0.413970 0.716488
vt 0.411316 0.729789
vt 0.203069 0.856449
vt 0.221385 0.844279
vt 0.294629 0.410947
vt 0.474823 0.950294
vt 0.974036 0.142195
vt 0.513055 0.528677
vt 0.245699 0.965149
vt 0.246946 0.964759
vt 0.292931 0.409392
vt 0.682103 0.481895
vt 0.627522 0.478013
vt 0.682092 0.488867
vt 0.679226 0.476152
vt 0.089905 0.052874
vt 0.062740 0.225204
vt 0.043403 0.223276
vt 0.014257 0.987796
vt 0.059414 0.878546
vt 0.040981 0.879488
vt 0.890631 0.928218
vt 0.059503 0.883428
vt 0.845224 0.173748
vt 0.822996 0.166885
vt 0.842025 0.189662
vt 0.850872 0.171375
vt 0.121939 0.820213
vt 0.119316 0.814867
vt 0.870855 0.051474
vt 0.876690 0.042054
vt 0.879933 0.051018
vt 0.119624 0.823463
vt 0.756560 0.960827
vt 0.755650 0.961123
vt 0.755940 0.959753
vt 0.756747 0.961327
vt 0.756147 0.961746
vt 0.045685 0.298411
vt 0.023172 0.337355
vt 0.133216 0.986413
vt 0.145543 0.987354
vt 0.132212 0.988648
vt 0.471719 0.021506
vt 0.473964 0.022285
vt 0.469408 0.020746
vt 0.200623 0.954684
vt 0.599079 0.895633
vt 0.535148 0.894439
vt 0.535945 0.888456
vt 0.846660 0.530503
vt 0.848727 0.512705
vt 0.690145 0.158641
vt 0.689307 0.157272
vt 0.689336 0.158550
vt 0.220136 0.371864
vt 0.216948 0.373237
vt 0.213738 0.307093
vt 0.303243 0.006546
vt 0.302207 0.006367
vt 0.303096 0.006019
vt 0.197309 0.898282
vt 0.198796 0.897048
vt 0.199639 0.898014
vt 0.416810 0.967139
vt 0.415572 0.965672
vt 0.783163 0.979151
vt 0.782255 0.982301
vt 0.780866 0.981229
vt 0.753634 0.937787
vt 0.683059 0.929768
vt 0.681988 0.937787
vt 0.334383 0.957518
vt 0.123970 0.591735
vt 0.098066 0.538049
vt 0.773394 0.298078
vt 0.176862 0.791948
vt 0.153506 0.807644
vt 0.904089 0.944938
vt 0.898978 0.944794
vt 0.902635 0.943654
vt 0.755259 0.963818
vt 0.754492 0.966280
vt 0.754425 0.963093
vt 0.763148 0.983241
vt 0.446451 0.049868
vt 0.445362 0.049683
vt 0.447363 0.050357
vt 0.459203 0.046702
vt 0.460514 0.051103
vt 0.132192 0.950973
vt 0.390657 0.274557
vt 0.385959 0.256967
vt 0.388924 0.278659
vt 0.386218 0.266020
vt 0.391068 0.279209
vt 0.675492 0.066368
vt 0.682855 0.015739
vt 0.686594 0.003247
vt 0.308073 0.595438
vt 0.307936 0.596792
vt 0.282331 0.011953
vt 0.565697 0.400898
vt 0.565087 0.401493
vt 0.799119 0.105564
vt 0.774873 0.103068
vt 0.945612 0.029643
vt 0.944106 0.029012
vt 0.018281 0.860870
vt 0.553080 0.094182
vt 0.555889 0.093517
vt 0.557727 0.096938
vt 0.547284 0.108835
vt 0.540107 0.099926
vt 0.822803 0.604858
vt 0.806463 0.587590
vt 0.359068 0.009816
vt 0.099928 0.511957
vt 0.097191 0.511116
vt 0.159804 0.987089
vt 0.102398 0.512111
vt 0.100705 0.522940
vt 0.649016 0.027201
vt 0.648155 0.026363
vt 0.582973 0.913888
vt 0.586705 0.904479
vt 0.264648 0.296275
vt 0.266867 0.220027
vt 0.025969 0.271168
vt 0.028469 0.272758
vt 0.446661 0.543941
vt 0.448565 0.543995
vt 0.320939 0.013565
vt 0.319699 0.030586
vt 0.319530 0.014782
vt 0.322962 0.013198
vt 0.181054 0.949177
vt 0.170941 0.935292
vt 0.495353 0.861233
vt 0.200954 0.916543
vt 0.791039 0.602364
vt 0.789553 0.604925
vt 0.493044 0.505000
vt 0.102302 0.532050
vt 0.132348 0.957514
vt 0.069645 0.522475
vt 0.071653 0.519041
vt 0.070576 0.524037
vt 0.375396 0.927249
vt 0.685870 0.104566
vt 0.615245 0.015644
vt 0.612917 0.029725
vt 0.285296 0.589916
vt 0.670363 0.022214
vt 0.306920 0.984191
vt 0.670299 0.016453
vt 0.485799 0.479239
vt 0.484840 0.444871
vt 0.055949 0.548205
vt 0.978040 0.509653
vt 0.134338 0.970274
vt 0.133384 0.968531
vt 0.306216 0.003532
vt 0.283719 0.623830
vt 0.312459 0.647642
vt 0.696551 0.992811
vt 0.845857 0.428465
vt 0.851599 0.432725
vt 0.784679 0.966188
vt 0.430822 0.520843
vt 0.077825 0.669406
vt 0.082395 0.620480
vt 0.085421 0.670445
vt 0.757156 0.593123
vt 0.774552 0.603281
vt 0.246178 0.911292
vt 0.304196 0.222515
vt 0.286675 0.784125
vt 0.706315 0.126036
vt 0.680116 0.131577
vt 0.089698 0.818500
vt 0.090932 0.801366
vt 0.539156 0.849353
vt 0.191037 0.587495
vt 0.202691 0.583354
vt 0.932285 0.119554
vt 0.898978 0.121965
vt 0.897247 0.109928
vt 0.901679 0.127491
vt 0.933003 0.107094
vt 0.931552 0.125580
vt 0.447048 0.270281
vt 0.448116 0.267101
vt 0.462445 0.282724
vt 0.868415 0.155084
vt 0.854525 0.171341
vt 0.853624 0.169012
vt 0.880276 0.144522
vt 0.889941 0.152599
vt 0.868815 0.164246
vt 0.913121 0.333859
vt 0.186163 0.290373
vt 0.191385 0.212393
vt 0.191385 0.294255
vt 0.965557 0.325355
vt 0.173163 0.286283
vt 0.006216 0.281791
vt 0.007177 0.283150
vt 0.662502 0.843361
vt 0.662235 0.844983
vt 0.255649 0.969716
vt 0.253760 0.963580
vt 0.255221 0.963101
vt 0.256594 0.968948
vt 0.257571 0.970877
vt 0.254062 0.970417
vt 0.256988 0.971508
vt 0.321119 0.974487
vt 0.326552 0.974960
vt 0.034108 0.297111
vt 0.035885 0.303206
vt 0.032982 0.302586
vt 0.317854 0.978592
vt 0.031925 0.296645
vt 0.243696 0.380378
vt 0.248091 0.365694
vt 0.258370 0.380378
vt 0.675528 0.173673
vt 0.724228 0.983908
vt 0.712549 0.982788
vt 0.155020 0.471550
vt 0.153696 0.470698
vt 0.157933 0.845975
vt 0.970362 0.195004
vt 0.973004 0.193222
vt 0.857350 0.432405
vt 0.855686 0.431510
vt 0.727994 0.949254
vt 0.287246 0.146626
vt 0.354062 0.116896
vt 0.290193 0.164983
vt 0.293544 0.084694
vt 0.639026 0.967301
vt 0.640437 0.968945
vt 0.097709 0.301833
vt 0.099549 0.314953
vt 0.097827 0.314492
vt 0.971280 0.026096
vt 0.069720 0.404868
vt 0.121099 0.387248
vt 0.121091 0.416155
vt 0.008544 0.406985
vt 0.072245 0.427831
vt 0.121793 0.426954
vt 0.285188 0.593575
vt 0.160445 0.961987
vt 0.160473 0.963541
vt 0.501868 0.202055
vt 0.512678 0.203578
vt 0.504731 0.204421
vt 0.226569 0.471297
vt 0.228436 0.470211
vt 0.227921 0.484283
vt 0.609356 0.893865
vt 0.892151 0.593811
vt 0.964571 0.220083
vt 0.966341 0.216599
vt 0.457517 0.044232
vt 0.456199 0.044215
vt 0.917278 0.308007
vt 0.828356 0.441045
vt 0.913476 0.562248
vt 0.916155 0.565393
vt 0.682829 0.135408
vt 0.114054 0.989599
vt 0.710517 0.544605
vt 0.710517 0.632767
vt 0.691871 0.549637
vt 0.767933 0.612817
vt 0.727233 0.659827
vt 0.725165 0.654130
vt 0.746364 0.672515
vt 0.718111 0.633687
vt 0.074906 0.520526
vt 0.375291 0.928604
vt 0.377528 0.928695
vt 0.388787 0.938482
vt 0.381651 0.945452
vt 0.379488 0.946009
vt 0.374094 0.928971
vt 0.388021 0.940116
vt 0.373044 0.929793
vt 0.377832 0.946218
vt 0.844004 0.386191
vt 0.836663 0.376965
vt 0.821407 0.373627
vt 0.321569 0.155357
vt 0.319982 0.159767
vt 0.318029 0.158264
vt 0.323221 0.157003
vt 0.442945 0.365788
vt 0.020015 0.846886
vt 0.020971 0.860879
vt 0.319983 0.168651
vt 0.506416 0.495586
vt 0.082711 0.587123
vt 0.821846 0.385003
vt 0.820762 0.384075
vt 0.819657 0.401428
vt 0.442172 0.886343
vt 0.417143 0.890539
vt 0.409985 0.061795
vt 0.150716 0.035985
vt 0.897089 0.100712
vt 0.931404 0.098528
vt 0.289470 0.016746
vt 0.287854 0.016690
vt 0.289470 0.001597
vt 0.295260 0.011514
vt 0.295329 0.001348
vt 0.296668 0.001386
vt 0.291965 0.010983
vt 0.264743 0.678303
vt 0.855092 0.618113
vt 0.862371 0.609319
vt 0.871576 0.614456
vt 0.212482 0.799518
vt 0.859998 0.607563
vt 0.219552 0.792894
vt 0.919854 0.578843
vt 0.922317 0.590392
vt 0.918279 0.589378
vt 0.923433 0.579980
vt 0.968729 0.816832
vt 0.972671 0.814702
vt 0.061129 0.540227
vt 0.059150 0.537547
vt 0.131562 0.570294
vt 0.128089 0.555259
vt 0.546665 0.477833
vt 0.546489 0.467277
vt 0.268708 0.845181
vt 0.294318 0.837995
vt 0.268580 0.847078
vt 0.079056 0.882385
vt 0.077726 0.875165
vt 0.291608 0.081650
vt 0.250335 0.106564
vt 0.339788 0.057794
vt 0.936156 0.048118
vt 0.935965 0.049995
vt 0.938055 0.047947
vt 0.283518 0.586493
vt 0.302703 0.183531
vt 0.302360 0.184591
vt 0.301880 0.183845
vt 0.207726 0.463489
vt 0.459389 0.043606
vt 0.461050 0.045306
vt 0.516414 0.664917
vt 0.522116 0.671847
vt 0.508067 0.637049
vt 0.684151 0.707201
vt 0.572201 0.825094
vt 0.579255 0.835836
vt 0.124187 0.388110
vt 0.284635 0.596306
vt 0.896659 0.606778
vt 0.887314 0.606247
vt 0.908319 0.560714
vt 0.910287 0.975521
vt 0.762317 0.652123
vt 0.749103 0.674061
vt 0.577473 0.100066
vt 0.582015 0.088823
vt 0.577473 0.148323
vt 0.000560 0.062968
vt 0.889328 0.271786
vt 0.890415 0.270023
vt 0.910182 0.280671
vt 0.864957 0.669489
vt 0.682094 0.003460
vt 0.694887 0.159242
vt 0.204097 0.615415
vt 0.476834 0.889625
vt 0.556265 0.427784
vt 0.535746 0.427429
vt 0.192336 0.890772
vt 0.190861 0.892229
vt 0.821172 0.748241
vt 0.859542 0.781625
vt 0.201941 0.823146
vt 0.204955 0.822629
vt 0.185337 0.830967
vt 0.650427 0.331218
vt 0.651938 0.332816
vt 0.428644 0.430446
vt 0.892088 0.532457
vt 0.873777 0.527846
vt 0.788119 0.607613
vt 0.107698 0.310910
vt 0.107961 0.313919
vt 0.102658 0.322962
vt 0.235369 0.202968
vt 0.105726 0.309340
vt 0.727347 0.590217
vt 0.643205 0.325099
vt 0.643221 0.325352
vt 0.805176 0.505077
vt 0.570461 0.158590
vt 0.599284 0.207738
vt 0.246429 0.578940
vt 0.243237 0.509664
vt 0.272946 0.575235
vt 0.596423 0.149715
vt 0.230711 0.573113
vt 0.226182 0.507652
vt 0.696337 0.178904
vt 0.234967 0.201764
vt 0.234595 0.202115
vt 0.108602 0.305853
vt 0.301434 0.006414
vt 0.002334 0.281651
vt 0.050239 0.550232
vt 0.046256 0.545173
vt 0.046536 0.544464
vt 0.045597 0.545663
vt 0.222656 0.196710
vt 0.305685 0.003495
vt 0.302128 0.813499
vt 0.302065 0.837289
vt 0.340905 0.851676
vt 0.874476 0.077714
vt 0.833461 0.066325
vt 0.393606 0.875655
vt 0.886125 0.137320
vt 0.517819 0.776853
vt 0.519875 0.782273
vt 0.516526 0.773452
vt 0.755297 0.959033
vt 0.042591 0.659045
vt 0.058522 0.738511
vt 0.046792 0.739225
vt 0.000359 0.734560
vt 0.011405 0.646382
vt 0.146473 0.988793
vt 0.570033 0.314490
vt 0.567418 0.315430
vt 0.588304 0.309891
vt 0.589759 0.311879
vt 0.568105 0.317467
vt 0.570574 0.317981
vt 0.477612 0.949567
vt 0.475828 0.948527
vt 0.479490 0.935608
vt 0.475660 0.939305
vt 0.815090 0.369524
vt 0.818019 0.374065
vt 0.447870 0.547840
vt 0.648280 0.017617
vt 0.648122 0.016605
vt 0.794844 0.552413
vt 0.323364 0.908463
vt 0.310300 0.890598
vt 0.013640 0.197288
vt 0.014409 0.195360
vt 0.005728 0.205954
vt 0.108322 0.536033
vt 0.705577 0.646274
vt 0.803338 0.750812
vt 0.174527 0.843640
vt 0.172446 0.843687
vt 0.174904 0.840684
vt 0.751194 0.525754
vt 0.755488 0.548039
vt 0.861297 0.449712
vt 0.646074 0.013480
vt 0.644802 0.011240
vt 0.756572 0.946857
vt 0.573254 0.005863
vt 0.570038 0.005540
vt 0.653877 0.331144
vt 0.654749 0.326518
vt 0.655303 0.330899
vt 0.653891 0.326730
vt 0.652811 0.331637
vt 0.678234 0.251193
vt 0.678234 0.189923
vt 0.693771 0.242417
vt 0.947559 0.839702
vt 0.947559 0.780781
vt 0.964103 0.784434
vt 0.372307 0.492438
vt 0.380378 0.492996
vt 0.372307 0.555017
vt 0.970466 0.510856
vt 0.115230 0.984536
vt 0.390390 0.936726
vt 0.868472 0.178623
vt 0.440102 0.261390
vt 0.719973 0.444962
vt 0.720033 0.408273
vt 0.229795 0.099721
vt 0.231862 0.097790
vt 0.013326 0.270999
vt 0.005207 0.268971
vt 0.583777 0.882367
vt 0.583917 0.873964
vt 0.585832 0.875218
vt 0.577053 0.876534
vt 0.298850 0.868875
vt 0.298563 0.838407
vt 0.302508 0.868205
vt 0.301834 0.869990
vt 0.196247 0.300375
vt 0.517249 0.531175
vt 0.518503 0.529665
vt 0.194998 0.298559
vt 0.088237 0.966845
vt 0.925464 0.915213
vt 0.381143 0.867350
vt 0.748396 0.067243
vt 0.746261 0.070291
vt 0.388898 0.924339
vt 0.479574 0.481042
vt 0.488767 0.496883
vt 0.453849 0.491680
vt 0.444525 0.466649
vt 0.438627 0.744341
vt 0.440905 0.741579
vt 0.251457 0.824826
vt 0.437205 0.749088
vt 0.358847 0.776174
vt 0.102240 0.975933
vt 0.766860 0.241686
vt 0.768808 0.243565
vt 0.941681 0.217545
vt 0.966495 0.409086
vt 0.651065 0.020070
vt 0.536293 0.883908
vt 0.529984 0.881879
vt 0.528967 0.887936
vt 0.529174 0.884108
vt 0.087831 0.794429
vt 0.089725 0.793888
vt 0.355275 0.166832
vt 0.160377 0.060616
vt 0.161905 0.060266
vt 0.160279 0.064017
vt 0.160159 0.056649
vt 0.161333 0.057272
vt 0.339924 0.478932
vt 0.341895 0.481975
vt 0.089384 0.270332
vt 0.849272 0.663554
vt 0.973444 0.812364
vt 0.782287 0.518876
vt 0.807745 0.174573
vt 0.916004 0.961912
vt 0.567801 0.501448
vt 0.565691 0.501023
vt 0.941408 0.021595
vt 0.940706 0.026973
vt 0.710467 0.078093
vt 0.877063 0.032930
vt 0.888387 0.042117
vt 0.888664 0.246081
vt 0.888712 0.269870
vt 0.878722 0.236902
vt 0.013875 0.978648
vt 0.100429 0.052631
vt 0.023325 0.811098
vt 0.070587 0.797415
vt 0.584680 0.843167
vt 0.581768 0.840046
vt 0.591428 0.835367
vt 0.602863 0.848192
vt 0.071390 0.799852
vt 0.026320 0.817266
vt 0.006468 0.416527
vt 0.749739 0.854525
vt 0.217675 0.838570
vt 0.073910 0.474023
vt 0.978114 0.113313
vt 0.960354 0.228541
vt 0.232253 0.995264
vt 0.230739 0.994852
vt 0.234330 0.973555
vt 0.137045 0.943445
vt 0.146499 0.945129
vt 0.133173 0.945344
vt 0.136874 0.992810
vt 0.264199 0.997595
vt 0.261001 0.995313
vt 0.263112 0.993082
vt 0.147286 0.943117
vt 0.132164 0.991094
vt 0.265547 0.994066
vt 0.645375 0.971612
vt 0.644021 0.973073
vt 0.933601 0.050934
vt 0.106086 0.765531
vt 0.121594 0.752705
vt 0.103878 0.765887
vt 0.856877 0.659497
vt 0.666576 0.328927
vt 0.664658 0.330337
vt 0.662029 0.324847
vt 0.664728 0.323098
vt 0.285316 0.597897
vt 0.284333 0.597244
vt 0.284104 0.598304
vt 0.393123 0.725400
vt 0.404747 0.728767
vt 0.391694 0.735330
vt 0.228686 0.499994
vt 0.226569 0.487831
vt 0.514348 0.205511
vt 0.771783 0.539124
vt 0.808364 0.179561
vt 0.901708 0.308109
vt 0.900761 0.309790
vt 0.896709 0.293360
vt 0.891890 0.303336
vt 0.592283 0.075790
vt 0.320695 0.161962
vt 0.319559 0.162341
vt 0.972379 0.160938
vt 0.415027 0.964156
vt 0.414347 0.965041
vt 0.227934 0.843110
vt 0.404427 0.949794
vt 0.235092 0.837921
vt 0.919955 0.322438
vt 0.698725 0.170402
vt 0.099336 0.820791
vt 0.369176 0.752539
vt 0.133113 0.948981
vt 0.466047 0.265991
vt 0.478463 0.271625
vt 0.818840 0.315592
vt 0.802670 0.316862
vt 0.439044 0.239204
vt 0.440482 0.239421
vt 0.847002 0.336516
vt 0.834869 0.336085
vt 0.835377 0.334714
vt 0.847570 0.335282
vt 0.373799 0.236629
vt 0.866018 0.856184
vt 0.427525 0.525678
vt 0.839918 0.032579
vt 0.840572 0.032093
vt 0.840955 0.033385
vt 0.840137 0.038367
vt 0.844533 0.977369
vt 0.839818 0.987843
vt 0.862473 0.973612
vt 0.863626 0.988026
vt 0.158667 0.919626
vt 0.166992 0.937097
vt 0.940330 0.048536
vt 0.940091 0.046807
vt 0.947170 0.051431
vt 0.578940 0.740386
vt 0.524399 0.746850
vt 0.194155 0.866965
vt 0.392864 0.905346
vt 0.463799 0.051810
vt 0.224931 0.100127
vt 0.204344 0.129693
vt 0.226304 0.102201
vt 0.229103 0.097564
vt 0.844040 0.388193
vt 0.724286 0.488801
vt 0.716757 0.476882
vt 0.002392 0.196601
vt 0.001795 0.205739
vt 0.000638 0.180513
vt 0.740299 0.960451
vt 0.047021 0.544842
vt 0.045412 0.543590
vt 0.201318 0.908004
vt 0.890736 0.980844
vt 0.895818 0.982172
vt 0.891878 0.984500
vt 0.462225 0.260370
vt 0.560441 0.853546
vt 0.563894 0.861345
vt 0.220414 0.884313
vt 0.221289 0.874916
vt 0.168850 0.571615
vt 0.191944 0.513370
vt 0.187932 0.549580
vt 0.187137 0.509498
vt 0.145968 0.499344
vt 0.865047 0.738521
vt 0.120291 0.550577
vt 0.284952 0.588501
vt 0.591052 0.314780
vt 0.571631 0.319782
vt 0.411115 0.173340
vt 0.346975 0.188445
vt 0.353637 0.173915
vt 0.412419 0.185929
vt 0.489572 0.171164
vt 0.489271 0.164035
vt 0.870441 0.602013
vt 0.971461 0.730331
vt 0.961711 0.058961
vt 0.946072 0.114164
vt 0.940787 0.112235
vt 0.887549 0.954849
vt 0.961711 0.129185
vt 0.650128 0.020413
vt 0.581767 0.464740
vt 0.707776 0.057583
vt 0.935225 0.366446
vt 0.651811 0.331526
vt 0.651493 0.327170
vt 0.652560 0.326827
vt 0.441717 0.492799
vt 0.438259 0.466681
vt 0.478463 0.040808
vt 0.477684 0.047846
vt 0.477574 0.033750
vt 0.478463 0.012640
vt 0.129185 0.041991
vt 0.827053 0.686422
vt 0.825055 0.688601
vt 0.692963 0.471830
vt 0.689613 0.462293
vt 0.714057 0.461579
vt 0.713888 0.464376
vt 0.828051 0.689330
vt 0.693669 0.474392
vt 0.102671 0.988777
vt 0.115036 0.988881
vt 0.632846 0.294170
vt 0.638617 0.288420
vt 0.945124 0.761987
vt 0.911472 0.605417
vt 0.947904 0.779062
vt 0.603856 0.148753
vt 0.469585 0.856289
vt 0.473247 0.859520
vt 0.461189 0.852531
vt 0.680003 0.086272
vt 0.670286 0.076263
vt 0.692339 0.400185
vt 0.623803 0.389766
vt 0.623324 0.388820
vt 0.177969 0.164869
vt 0.133149 0.196473
vt 0.692820 0.402054
vt 0.179424 0.166377
vt 0.900014 0.621187
vt 0.252389 0.820930
vt 0.087504 0.792116
vt 0.928922 0.092553
vt 0.930380 0.089056
vt 0.946314 0.657886
vt 0.157618 0.282395
vt 0.156368 0.283739
vt 0.155790 0.282600
vt 0.490425 0.983241
vt 0.480390 0.971190
vt 0.157437 0.281222
vt 0.165070 0.270042
vt 0.165070 0.294255
vt 0.481044 0.001688
vt 0.492817 0.003596
vt 0.481044 0.074162
vt 0.982627 0.014681
vt 0.979913 0.017310
vt 0.985634 0.003654
vt 0.771743 0.954678
vt 0.775365 0.954328
vt 0.775547 0.966745
vt 0.639993 0.350270
vt 0.557409 0.985634
vt 0.842237 0.029412
vt 0.542310 0.908377
vt 0.675023 0.003870
vt 0.849390 0.510118
vt 0.841189 0.504917
vt 0.853661 0.507441
vt 0.204202 0.889207
vt 0.459556 0.507297
vt 0.917420 0.987319
vt 0.904903 0.984118
vt 0.913575 0.983030
vt 0.918649 0.980758
vt 0.903491 0.988026
vt 0.881056 0.845277
vt 0.072490 0.518253
vt 0.073667 0.519490
vt 0.073055 0.520266
vt 0.957991 0.226993
vt 0.257460 0.974037
vt 0.258577 0.974308
vt 0.256851 0.973165
vt 0.258755 0.994987
vt 0.533524 0.766843
vt 0.416091 0.911472
vt 0.414162 0.905770
vt 0.424825 0.911283
vt 0.412792 0.910911
vt 0.008220 0.316379
vt 0.838437 0.620406
vt 0.330154 0.487947
vt 0.331179 0.475844
vt 0.332416 0.487701
vt 0.001346 0.457867
vt 0.090569 0.508616
vt 0.001129 0.525113
vt 0.096203 0.535782
vt 0.091870 0.525607
vt 0.095071 0.532297
vt 0.095865 0.531352
vt 0.022897 0.995308
vt 0.097090 0.539222
vt 0.100400 0.973882
vt 0.114703 0.972523
vt 0.307977 0.581509
vt 0.532929 0.836202
vt 0.548681 0.857127
vt 0.384220 0.257679
vt 0.813717 0.034660
vt 0.267653 0.577773
vt 0.188321 0.485862
vt 0.188993 0.486913
vt 0.188187 0.488032
vt 0.444430 0.733424
vt 0.286701 0.589130
vt 0.311168 0.155123
vt 0.241508 0.827979
vt 0.753202 0.224878
vt 0.245222 0.974240
vt 0.245083 0.994820
vt 0.973337 0.814217
vt 0.884899 0.133627
vt 0.078837 0.235875
vt 0.131837 0.207558
vt 0.081371 0.245088
vt 0.952141 0.136322
vt 0.950296 0.131222
vt 0.648317 0.982823
vt 0.005689 0.990611
vt 0.340398 0.482302
vt 0.713248 0.409580
vt 0.716748 0.409327
vt 0.714986 0.450426
vt 0.172247 0.264416
vt 0.529297 0.426489
vt 0.092904 0.263078
vt 0.319231 0.160355
vt 0.864922 0.509843
vt 0.120463 0.522771
vt 0.120687 0.512002
vt 0.981530 0.161066
vt 0.373251 0.001253
vt 0.373662 0.016746
vt 0.371155 0.015890
vt 0.375593 0.000993
vt 0.370316 0.008895
vt 0.549762 0.484900
vt 0.206324 0.821122
vt 0.770462 0.953657
vt 0.088207 0.967839
vt 0.305866 0.867726
vt 0.116997 0.857397
vt 0.108426 0.872083
vt 0.430011 0.702386
vt 0.928052 0.129185
vt 0.036546 0.863281
vt 0.036360 0.872029
vt 0.020961 0.868553
vt 0.355973 0.005081
vt 0.356730 0.005859
vt 0.355656 0.005546
vt 0.355421 0.004192
vt 0.643399 0.325828
vt 0.134376 0.051495
vt 0.093048 0.735691
vt 0.084254 0.734933
vt 0.875048 0.624961
vt 0.932659 0.093306
vt 0.940181 0.028579
vt 0.852677 0.034598
vt 0.864689 0.031885
vt 0.841897 0.034004
vt 0.843106 0.031526
vt 0.002421 0.283239
vt 0.234576 0.997595
vt 0.179749 0.950297
vt 0.166421 0.939430
vt 0.137226 0.936004
vt 0.335645 0.494518
vt 0.663472 0.331806
vt 0.087079 0.974242
vt 0.664691 0.306647
vt 0.418666 0.700947
vt 0.413115 0.700288
vt 0.665734 0.300676
vt 0.504031 0.764306
vt 0.970355 0.640302
vt 0.964037 0.641054
vt 0.521525 0.555017
vt 0.134402 0.012470
vt 0.143539 0.000090
vt 0.307565 0.582689
vt 0.476071 0.022957
vt 0.505851 0.206610
vt 0.375593 0.015015
vt 0.413460 0.798200
vt 0.415762 0.784427
vt 0.411503 0.798738
vt 0.163904 0.722053
vt 0.669537 0.278337
vt 0.822260 0.452345
vt 0.690714 0.475858
vt 0.695391 0.476114
vt 0.339709 0.208131
vt 0.332601 0.206463
vt 0.339709 0.132085
vt 0.703644 0.765669
vt 0.722479 0.762135
vt 0.722479 0.837310
vt 0.497411 0.105254
vt 0.519132 0.183044
vt 0.497411 0.196170
vt 0.949375 0.218503
vt 0.208550 0.484696
vt 0.155500 0.042384
vt 0.155500 0.127989
vt 0.138165 0.047390
vt 0.074553 0.521711
vt 0.071882 0.525135
vt 0.662075 0.758365
vt 0.672063 0.748423
vt 0.673072 0.749769
vt 0.664256 0.760756
vt 0.655466 0.766698
vt 0.404629 0.654561
vt 0.381602 0.615279
vt 0.122577 0.591782
vt 0.877183 0.909030
vt 0.381839 0.946641
vt 0.384328 0.945451
vt 0.160898 0.980269
vt 0.160863 0.981669
vt 0.434510 0.545512
vt 0.416873 0.898167
vt 0.002749 0.976038
vt 0.115132 0.960822
vt 0.115185 0.959801
vt 0.307229 0.593849
vt 0.464521 0.309578
vt 0.711878 0.215079
vt 0.704184 0.224878
vt 0.488350 0.530991
vt 0.491849 0.533080
vt 0.429735 0.524324
vt 0.822308 0.382132
vt 0.714634 0.467333
vt 0.877694 0.605425
vt 0.971243 0.724741
vt 0.972158 0.723009
vt 0.973612 0.727830
vt 0.980079 0.018496
vt 0.980319 0.017980
vt 0.638768 0.350915
vt 0.222950 0.050448
vt 0.193700 0.000201
vt 0.823265 0.045878
vt 0.170960 0.852723
vt 0.165208 0.844824
vt 0.820888 0.988026
vt 0.685690 0.764691
vt 0.704537 0.780168
vt 0.675591 0.751483
vt 0.617217 0.882911
vt 0.606307 0.000836
vt 0.613196 0.011424
vt 0.513012 0.527686
vt 0.000638 0.203797
vt 0.646925 0.017373
vt 0.227270 0.025806
vt 0.220201 0.026315
vt 0.220201 0.000068
vt 0.371758 0.298694
vt 0.379452 0.274485
vt 0.390348 0.282493
vt 0.382261 0.493619
vt 0.209465 0.884439
vt 0.325355 0.200954
vt 0.413870 0.927847
vt 0.063969 0.738178
vt 0.308609 0.598377
vt 0.913630 0.980011
vt 0.295072 0.406550
vt 0.903903 0.588937
vt 0.964591 0.516138
vt 0.435737 0.520033
vt 0.311766 0.994487
vt 0.584942 0.466398
vt 0.964109 0.102870
vt 0.964109 0.053014
vt 0.973672 0.099615
vt 0.708274 0.364828
vt 0.766611 0.347525
vt 0.044670 0.544688
vt 0.331823 0.903529
vt 0.607648 0.922639
vt 0.607648 0.978457
vt 0.559812 0.971569
vt 0.133889 0.257351
vt 0.164991 0.239444
vt 0.170601 0.262557
vt 0.950935 0.753421
vt 0.943790 0.760494
vt 0.387925 0.232475
vt 0.980849 0.435036
vt 0.980849 0.507171
vt 0.916243 0.466919
vt 0.373444 0.329830
vt 0.448628 0.311058
vt 0.167266 0.967887
vt 0.979586 0.017632
vt 0.977786 0.015329
vt 0.980177 0.017732
vt 0.302349 0.871812
vt 0.632498 0.409606
vt 0.031100 0.975735
vt 0.182240 0.865712
vt 0.153239 0.855550
vt 0.862193 0.025404
vt 0.810189 0.100503
vt 0.815264 0.101168
vt 0.118755 0.059808
vt 0.118755 0.054205
vt 0.121891 0.059217
vt 0.438506 0.519801
vt 0.045052 0.544035
vt 0.782287 0.404443
vt 0.837764 0.559336
vt 0.207919 0.247605
vt 0.132714 0.930940
vt 0.090690 0.792098
vt 0.487327 0.059344
vt 0.138019 0.913864
vt 0.123771 0.910866
vt 0.495666 0.000836
vt 0.650708 0.029542
vt 0.162677 0.064683
vt 0.154668 0.438447
vt 0.485380 0.184982
vt 0.476584 0.240428
vt 0.209108 0.305853
vt 0.980849 0.905315
vt 0.650567 0.019482
vt 0.015273 0.192660
vt 0.718555 0.066046
vt 0.868410 0.449772
vt 0.423598 0.779485
vt 0.649223 0.327025
vt 0.122515 0.525221
vt 0.388008 0.948985
vt 0.117617 0.055023
vt 0.120107 0.042655
vt 0.122008 0.043732
vt 0.117617 0.041939
vt 0.948156 0.001960
vt 0.960243 0.008142
vt 0.520742 0.843621
vt 0.124400 0.523132
vt 0.424712 0.768521
vt 0.844500 0.642912
vt 0.860156 0.656433
vt 0.102896 0.536695
vt 0.086729 0.984022
vt 0.679161 0.852052
vt 0.415061 0.965939
vt 0.187526 0.860721
vt 0.193209 0.865898
vt 0.594537 0.056247
vt 0.436718 0.519840
vt 0.467376 0.254550
vt 0.821553 0.327196
vt 0.451908 0.240086
vt 0.835821 0.333728
vt 0.851664 0.325669
vt 0.964037 0.607542
vt 0.967281 0.609002
vt 0.964849 0.621949
vt 0.965531 0.604705
vt 0.257928 0.972640
vt 0.259279 0.970912
vt 0.260099 0.973128
vt 0.080398 0.530691
vt 0.088516 0.538457
vt 0.088149 0.547762
vt 0.027901 0.182700
vt 0.119021 0.877609
vt 0.109583 0.878159
vt 0.017059 0.181737
vt 0.567928 0.319618
vt 0.952000 0.266307
vt 0.133381 0.966911
vt 0.137198 0.964969
vt 0.828040 0.300842
vt 0.558102 0.514348
vt 0.097709 0.320570
vt 0.337316 0.494731
vt 0.337255 0.488757
vt 0.656575 0.023570
vt 0.655922 0.025537
vt 0.321849 0.969872
vt 0.310420 0.469188
vt 0.104002 0.512076
vt 0.647676 0.777504
vt 0.589603 0.834670
vt 0.668460 0.003672
vt 0.896331 0.506962
vt 0.464226 0.251959
vt 0.863626 0.203297
vt 0.612932 0.833268
vt 0.633679 0.725516
vt 0.634348 0.739438
vt 0.469009 0.895363
vt 0.645162 0.726925
vt 0.323901 0.158168
vt 0.117330 0.312780
vt 0.119574 0.312954
vt 0.116257 0.317586
vt 0.119251 0.300590
vt 0.280526 0.011365
vt 0.583725 0.147191
vt 0.681642 0.704311
vt 0.143128 0.785518
vt 0.150716 0.776529
vt 0.135070 0.315786
vt 0.525855 0.167851
vt 0.447506 0.492146
vt 0.789435 0.195023
vt 0.777129 0.183622
vt 0.787203 0.186344
vt 0.154827 0.282706
vt 0.765703 0.373589
vt 0.776972 0.373255
vt 0.765441 0.389298
vt 0.150121 0.285267
vt 0.447065 0.051041
vt 0.446036 0.050480
vt 0.294329 0.407563
vt 0.226276 0.203010
vt 0.227270 0.217701
vt 0.021423 0.319778
vt 0.021531 0.334924
vt 0.019450 0.334924
vt 0.895319 0.327747
vt 0.248760 0.964449
vt 0.344887 0.581037
vt 0.073683 0.807298
vt 0.122127 0.511135
vt 0.854100 0.030027
vt 0.957854 0.569371
vt 0.944001 0.499061
vt 0.961711 0.499061
vt 0.069377 0.980849
vt 0.008809 0.960332
vt 0.069377 0.908041
vt 0.086975 0.995230
vt 0.602078 0.682685
vt 0.585565 0.701887
vt 0.678591 0.706929
vt 0.159654 0.942713
vt 0.159651 0.945250
vt 0.850813 0.402219
vt 0.774766 0.983241
vt 0.965963 0.127998
vt 0.963920 0.512478
vt 0.675275 0.836418
vt 0.302016 0.184536
vt 0.493291 0.531296
vt 0.326274 0.475382
vt 0.201395 0.789866
vt 0.490074 0.521606
vt 0.926553 0.348295
vt 0.847004 0.536751
vt 0.307147 0.957209
vt 0.782344 0.949752
vt 0.775756 0.951321
vt 0.658931 0.736593
vt 0.911472 0.279406
vt 0.342189 0.586620
vt 0.378112 0.620035
vt 0.468370 0.047317
vt 0.466063 0.052123
vt 0.937734 0.362693
vt 0.938912 0.365298
vt 0.846882 0.533996
vt 0.848529 0.533946
vt 0.784405 0.952599
vt 0.162677 0.227270
vt 0.159444 0.226112
vt 0.162677 0.221713
vt 0.202950 0.304254
vt 0.152530 0.307125
vt 0.211289 0.234071
vt 0.426480 0.525352
vt 0.427323 0.526679
vt 0.425817 0.524045
vt 0.425143 0.525328
vt 0.425990 0.526288
vt 0.739618 0.116494
vt 0.027519 0.822956
vt 0.327678 0.139417
vt 0.330139 0.140029
vt 0.327678 0.203347
vt 0.943440 0.581384
vt 0.365914 0.031100
vt 0.956235 0.184208
vt 0.956235 0.127724
vt 0.966495 0.183857
vt 0.690749 0.353499
vt 0.146433 0.947165
vt 0.132164 0.947383
vt 0.354713 0.003151
vt 0.355115 0.004307
vt 0.886606 0.627565
vt 0.855134 0.642885
vt 0.464411 0.901743
vt 0.005522 0.271575
vt 0.929796 0.306188
vt 0.930588 0.304676
vt 0.930610 0.305495
vt 0.306245 0.995203
vt 0.667829 0.016008
vt 0.818172 0.948170
vt 0.786455 0.976064
vt 0.786455 0.904533
vt 0.664088 0.892908
vt 0.686594 0.962176
vt 0.663973 0.966495
vt 0.315630 0.920343
vt 0.370809 0.869896
vt 0.370809 0.947356
vt 0.492817 0.236839
vt 0.480799 0.235670
vt 0.492817 0.162841
vt 0.947113 0.030708
vt 0.665063 0.027614
vt 0.871119 0.666376
vt 0.937925 0.367140
vt 0.685729 0.158290
vt 0.965811 0.622859
vt 0.462974 0.051670
vt 0.462090 0.051635
vt 0.471687 0.046469
vt 0.470121 0.047950
vt 0.473895 0.045204
vt 0.321641 0.971802
vt 0.327337 0.970278
vt 0.326624 0.972749
vt 0.779543 0.478981
vt 0.912160 0.976888
vt 0.872752 0.855689
vt 0.164152 0.494536
vt 0.314864 0.157511
vt 0.312723 0.156318
vt 0.316803 0.159017
vt 0.560117 0.873244
vt 0.215261 0.890629
vt 0.115086 0.976549
vt 0.087034 0.975710
vt 0.167102 0.229662
vt 0.165137 0.210658
vt 0.167462 0.211856
vt 0.492039 0.922503
vt 0.000580 0.660279
vt 0.000580 0.647125
vt 0.002346 0.631528
vt 0.354713 0.019139
vt 0.002392 0.650292
vt 0.239457 0.001450
vt 0.240856 0.000686
vt 0.653211 0.018385
vt 0.412851 0.799952
vt 0.572772 0.506709
vt 0.566319 0.503782
vt 0.576226 0.504913
vt 0.475214 0.652157
vt 0.477175 0.649792
vt 0.473718 0.650391
vt 0.885427 0.263422
vt 0.119245 0.318178
vt 0.896323 0.501024
vt 0.119616 0.957454
vt 0.941952 0.028474
vt 0.095693 0.299497
vt 0.095693 0.318178
vt 0.088234 0.303737
vt 0.165728 0.967250
vt 0.169965 0.952112
vt 0.444665 0.050665
vt 0.445399 0.055023
vt 0.847418 0.616158
vt 0.841342 0.960078
vt 0.685286 0.024108
vt 0.306462 0.604656
vt 0.112335 0.305912
vt 0.166423 0.208414
vt 0.167462 0.207795
vt 0.572074 0.340598
vt 0.581312 0.361387
vt 0.000349 0.000073
vt 0.051473 0.029476
vt 0.229082 0.995052
vt 0.087203 0.529161
vt 0.374411 0.964884
vt 0.381240 0.976064
vt 0.381223 0.259024
vt 0.361206 0.004280
vt 0.223189 0.843141
vt 0.294021 0.000766
vt 0.171447 0.243283
vt 0.427577 0.545737
vt 0.426201 0.545283
vt 0.575371 0.090689
vt 0.559072 0.094125
vt 0.782424 0.321912
vt 0.703361 0.792966
vt 0.840133 0.615968
vt 0.841533 0.032914
vt 0.627530 0.475232
vt 0.680376 0.473503
vt 0.432275 0.545103
vt 0.119616 0.885156
vt 0.467450 0.052901
vt 0.466709 0.052564
vt 0.227270 0.200223
vt 0.117476 0.748232
vt 0.188993 0.712339
vt 0.188993 0.789464
vt 0.209215 0.956926
vt 0.231121 0.882348
vt 0.260762 0.956926
vt 0.383245 0.964622
vt 0.307251 0.591942
vt 0.388390 0.974166
vt 0.972005 0.791717
vt 0.384363 0.975145
vt 0.754907 0.957987
vt 0.974326 0.747885
vt 0.568874 0.510326
vt 0.563530 0.507603
vt 0.001206 0.220786
vt 0.310402 0.156255
vt 0.796641 0.181461
vt 0.083846 0.561552
vt 0.919886 0.707149
vt 0.891405 0.917488
vt 0.085912 0.996577
vt 0.449755 0.543986
vt 0.136362 0.069377
vt 0.315571 0.021504
vt 0.044074 0.190142
vt 0.421522 0.905306
vt 0.966495 0.650470
vt 0.966495 0.720087
vt 0.926357 0.690981
vt 0.154413 0.281621
vt 0.145238 0.281371
vt 0.155168 0.281570
vt 0.352558 0.058162
vt 0.819435 0.927483
vt 0.148324 0.129185
vt 0.146528 0.116895
vt 0.148324 0.106159
vt 0.644986 0.002711
vt 0.062792 0.529474
vt 0.186516 0.372557
vt 0.322106 0.636231
vt 0.341122 0.060332
vt 0.828934 0.344493
vt 0.972539 0.571699
vt 0.219881 0.229458
vt 0.160154 0.221591
vt 0.161404 0.213624
vt 0.010801 0.287563
vt 0.455121 0.053393
vt 0.801842 0.371462
vt 0.169854 0.253544
vt 0.177031 0.228379
vt 0.890762 0.305157
vt 0.056808 0.549676
vt 0.057416 0.548297
vt 0.205401 0.890838
vt 0.335314 0.972406
vt 0.234911 0.843183
vt 0.796301 0.329230
vt 0.334619 0.488153
vt 0.336533 0.476006
vt 0.001861 0.965706
vt 0.000447 0.949749
vt 0.000447 0.864926
vt 0.064592 0.908349
vt 0.110344 0.062161
vt 0.243835 0.832980
vt 0.566053 0.363632
vt 0.507092 0.672328
vt 0.637329 0.350083
vt 0.397930 0.014055
vt 0.462878 0.000423
vt 0.912818 0.717755
vt 0.897118 0.505500
vt 0.657924 0.332624
vt 0.346479 0.424831
vt 0.351670 0.426798
vt 0.346479 0.488032
vt 0.196170 0.674633
vt 0.190291 0.615415
vt 0.196170 0.614961
vt 0.368416 0.496715
vt 0.363066 0.564586
vt 0.363066 0.495235
vt 0.976093 0.272547
vt 0.122008 0.054647
vt 0.146588 0.108034
vt 0.178818 0.242129
vt 0.179424 0.228431
vt 0.179424 0.251193
vt 0.208211 0.894456
vt 0.466017 0.813365
vt 0.793420 0.443620
vt 0.790246 0.433669
vt 0.928807 0.304687
vt 0.526309 0.230050
vt 0.521162 0.236839
vt 0.521162 0.176774
vt 0.648008 0.992584
vt 0.460873 0.983241
vt 0.322962 0.031100
vt 0.018520 0.868399
vt 0.617217 0.913179
vt 0.981656 0.936972
vt 0.983241 0.983241
vt 0.938778 0.983241
vt 0.659241 0.331399
vt 0.516240 0.947357
vt 0.802819 0.156838
vt 0.795316 0.184138
vt 0.962541 0.008939
vt 0.976064 0.747047
vt 0.687355 0.858880
vt 0.325288 0.639352
vt 0.197342 0.997595
vt 0.739171 0.079620
vt 0.482165 0.858037
vt 0.739225 0.099221
vt 0.219431 0.910322
vt 0.487623 0.969117
vt 0.349278 0.001458
vt 0.236839 0.009221
vt 0.160159 0.083731
vt 0.024011 0.161802
vt 0.912326 0.055397
vt 0.462095 0.574155
vt 0.462095 0.514132
vt 0.483248 0.520296
vt 0.222279 0.197025
vt 0.870714 0.188453
vt 0.899510 0.234447
vt 0.857623 0.196264
vt 0.899510 0.149214
vt 0.524947 0.420588
vt 0.531094 0.348197
vt 0.531094 0.421047
vt 0.915887 0.787806
vt 0.721283 0.848529
vt 0.031925 0.315785
vt 0.372959 0.892869
vt 0.965197 0.595764
vt 0.573075 0.099670
vt 0.240944 0.962883
vt 0.849486 0.615094
vt 0.189905 0.783748
vt 0.947357 0.571195
vt 0.944989 0.571763
vt 0.944989 0.515210
vt 0.425143 0.544888
vt 0.965197 0.556944
vt 0.785134 0.323492
vt 0.549952 0.110572
vt 0.570378 0.106275
vt 0.968845 0.598079
vt 0.966663 0.595827
vt 0.102870 0.313751
vt 0.828242 0.195635
vt 0.683384 0.196864
vt 0.231331 0.469923
vt 0.855102 0.197366
s 1
usemtl Material
f 1/1/1 2/2/2 2503/3/3
f 1/4/1 2503/5/3 3/6/4
f 1/4/1 3/6/4 4/7/5
f 1/4/1 4/7/5 5/8/6
f 1/1/1 6/9/7 2/2/2
f 1/1/1 7/10/8 6/9/7
f 1/4/1 5/8/6 7/11/8
f 10/12/9 8/13/10 9/14/11
f 10/12/9 12/15/12 8/13/10
f 10/16/9 11/17/13 12/18/12
f 10/12/9 13/19/14 11/20/13
f 10/12/9 9/14/11 13/19/14
f 14/21/15 15/22/16 16/23/17
f 14/21/15 17/24/18 18/25/19
f 14/21/15 18/25/19 19/26/20
f 14/21/15 19/26/20 20/27/21
f 14/21/15 16/23/17 17/24/18
f 14/21/15 20/27/21 15/22/16
f 22/28/22 21/29/23 24/30/24
f 22/31/22 4184/32/25 23/33/26
f 22/31/22 24/34/24 25/35/27
f 22/31/22 26/36/28 4184/32/25
f 22/31/22 25/35/27 26/36/28
f 22/28/22 23/37/26 21/29/23
f 27/38/29 318/39/30 28/40/31
f 27/38/29 29/41/32 30/42/33
f 27/43/29 32/44/34 31/45/35
f 27/38/29 30/42/33 32/46/34
f 27/38/29 33/47/36 318/39/30
f 27/38/29 28/40/31 29/41/32
f 27/43/29 31/45/35 33/48/36
f 34/49/37 1684/50/38 35/51/39
f 34/49/37 36/52/40 37/53/41
f 34/49/37 1685/54/42 1684/50/38
f 34/49/37 4056/55/43 1685/54/42
f 34/49/37 35/51/39 36/52/40
f 34/49/37 37/53/41 4056/55/43
f 38/56/44 39/57/45 40/58/46
f 38/56/44 41/59/47 42/60/48
f 38/56/44 42/60/48 1753/61/49
f 38/56/44 40/58/46 41/59/47
f 38/56/44 1753/61/49 39/57/45
f 43/62/50 3299/63/51 44/64/52
f 43/62/50 45/65/53 3299/63/51
f 43/62/50 46/66/54 45/65/53
f 43/62/50 44/64/52 3345/67/55
f 43/62/50 3345/67/55 46/66/54
f 47/68/56 48/69/57 49/70/58
f 47/68/56 49/70/58 50/71/59
f 47/68/56 51/72/60 48/69/57
f 47/68/56 52/73/61 53/74/62
f 47/68/56 54/75/63 51/72/60
f 47/68/56 53/74/62 54/75/63
f 47/68/56 50/71/59 52/73/61
f 55/76/64 56/77/65 3370/78/66
f 55/76/64 57/79/67 58/80/68
f 55/76/64 3370/78/66 57/79/67
f 55/76/64 59/81/69 60/82/70
f 55/76/64 58/80/68 59/81/69
f 55/76/64 60/82/70 56/77/65
f 61/83/71 62/84/72 63/85/73
f 61/83/71 64/86/74 4188/87/75
f 61/83/71 4188/87/75 832/88/76
f 61/83/71 63/85/73 64/86/74
f 61/83/71 832/88/76 62/84/72
f 65/89/77 66/90/78 67/91/79
f 65/89/77 68/92/80 69/93/81
f 65/89/77 69/93/81 70/94/82
f 65/89/77 71/95/83 72/96/84
f 65/89/77 67/91/79 68/92/80
f 65/89/77 70/94/82 71/95/83
f 65/89/77 73/97/85 74/98/86
f 65/89/77 72/96/84 73/97/85
f 65/89/77 74/98/86 66/90/78
f 75/99/87 76/100/88 77/101/89
f 75/99/87 77/101/89 78/102/90
f 75/99/87 3807/103/91 76/100/88
f 75/99/87 78/102/90 416/104/92
f 75/99/87 416/104/92 3807/103/91
f 81/105/93 79/106/94 80/107/95
f 81/108/93 4120/109/96 1021/110/97
f 81/108/93 1021/110/97 4387/111/98
f 81/105/93 4387/112/98 79/106/94
f 81/105/93 80/107/95 4120/113/96
f 82/114/99 83/115/100 84/116/101
f 82/114/99 85/117/102 86/118/103
f 82/114/99 87/119/104 85/117/102
f 82/114/99 84/116/101 88/120/105
f 82/114/99 86/118/103 83/115/100
f 82/114/99 88/120/105 87/119/104
f 91/121/106 89/122/107 90/123/108
f 91/124/106 92/125/109 93/126/110
f 91/121/106 90/123/108 92/127/109
f 91/121/106 95/128/111 94/129/112
f 91/124/106 93/126/110 95/130/111
f 91/121/106 94/129/112 89/122/107
f 96/131/113 97/132/114 4112/133/115
f 96/131/113 98/134/116 99/135/117
f 96/131/113 100/136/118 101/137/119
f 96/131/113 101/137/119 98/134/116
f 96/131/113 99/135/117 97/132/114
f 96/131/113 4112/133/115 100/136/118
f 102/138/120 103/139/121 104/140/122
f 102/138/120 104/140/122 105/141/123
f 102/138/120 106/142/124 103/139/121
f 102/138/120 105/141/123 107/143/125
f 102/138/120 107/143/125 106/142/124
f 108/144/126 109/145/127 110/146/128
f 108/147/126 111/148/129 112/149/130
f 108/144/126 110/146/128 114/150/131
f 108/147/126 112/149/130 113/151/132
f 108/144/126 113/152/132 109/145/127
f 108/147/126 114/153/131 111/148/129
f 115/154/133 116/155/134 117/156/135
f 115/154/133 118/157/136 116/155/134
f 115/154/133 3322/158/137 3870/159/138
f 115/154/133 119/160/139 3322/158/137
f 115/154/133 3870/159/138 118/157/136
f 115/154/133 117/156/135 119/160/139
f 121/161/140 120/162/141 125/163/142
f 121/164/140 122/165/143 123/166/144
f 121/161/140 124/167/145 120/162/141
f 121/161/140 2036/168/146 124/167/145
f 121/164/140 125/169/142 122/165/143
f 121/164/140 123/166/144 126/170/147
f 121/161/140 126/171/147 2036/168/146
f 127/172/148 128/173/149 129/174/150
f 127/175/148 129/176/150 130/177/151
f 127/172/148 132/178/152 128/173/149
f 127/175/148 131/179/153 132/180/152
f 127/175/148 130/177/151 131/179/153
f 133/181/154 134/182/155 135/183/156
f 133/181/154 136/184/157 137/185/158
f 133/181/154 138/186/159 134/182/155
f 133/181/154 139/187/160 140/188/161
f 133/181/154 140/188/161 138/186/159
f 133/181/154 137/185/158 139/187/160
f 133/181/154 135/183/156 136/184/157
f 141/189/162 142/190/163 143/191/164
f 141/189/162 144/192/165 145/193/166
f 141/189/162 143/191/164 146/194/167
f 141/189/162 145/193/166 142/190/163
f 141/189/162 146/194/167 144/192/165
f 150/195/168 148/196/169 3424/197/170
f 150/195/168 3424/197/170 147/198/171
f 150/199/168 152/200/172 148/201/169
f 150/202/168 149/203/173 151/204/174
f 150/202/168 147/205/171 149/203/173
f 150/206/168 151/207/174 152/208/172
f 153/209/175 154/210/176 155/211/177
f 153/209/175 156/212/178 154/210/176
f 153/209/175 157/213/179 158/214/180
f 153/209/175 158/214/180 156/212/178
f 153/209/175 155/211/177 157/213/179
f 159/215/181 160/216/182 161/217/183
f 159/215/181 162/218/184 163/219/185
f 159/215/181 161/217/183 164/220/186
f 159/215/181 164/220/186 162/218/184
f 159/215/181 165/221/187 160/216/182
f 159/215/181 163/219/185 165/221/187
f 166/222/188 167/223/189 173/224/190
f 166/222/188 168/225/191 167/223/189
f 166/226/188 169/227/192 170/228/193
f 166/226/188 174/229/194 171/230/195
f 166/226/188 172/231/196 169/227/192
f 166/232/188 173/233/190 174/234/194
f 166/226/188 170/228/193 168/235/191
f 166/226/188 171/230/195 172/231/196
f 175/236/197 176/237/198 177/238/199
f 175/236/197 177/238/199 178/239/200
f 175/236/197 179/240/201 180/241/202
f 175/236/197 180/241/202 176/237/198
f 175/236/197 178/239/200 179/240/201
f 181/242/203 184/243/204 1279/244/205
f 181/242/203 1279/244/205 182/245/206
f 181/246/203 183/247/207 184/248/204
f 181/242/203 182/245/206 185/249/208
f 181/246/203 185/250/208 186/251/209
f 181/246/203 186/251/209 183/247/207
f 187/252/210 1280/253/211 188/254/212
f 187/252/210 2419/255/213 1280/253/211
f 187/252/210 189/256/214 190/257/215
f 187/252/210 188/254/212 191/258/216
f 187/252/210 192/259/217 2419/255/213
f 187/252/210 191/258/216 189/256/214
f 187/252/210 190/257/215 192/259/217
f 193/260/218 194/261/219 195/262/220
f 193/260/218 195/262/220 199/263/221
f 193/264/218 196/265/222 197/266/223
f 193/260/218 198/267/224 194/261/219
f 193/264/218 199/268/221 196/265/222
f 193/264/218 197/266/223 198/269/224
f 200/270/225 201/271/226 202/272/227
f 200/270/225 202/272/227 203/273/228
f 200/270/225 204/274/229 205/275/230
f 200/270/225 206/276/231 201/271/226
f 200/270/225 205/275/230 206/276/231
f 200/270/225 203/273/228 204/274/229
f 207/277/232 208/278/233 209/279/234
f 207/277/232 210/280/235 208/278/233
f 207/277/232 211/281/236 210/280/235
f 207/277/232 212/282/237 211/281/236
f 207/277/232 209/279/234 212/282/237
f 213/283/238 2179/284/239 214/285/240
f 213/283/238 215/286/241 216/287/242
f 213/283/238 214/285/240 2736/288/243
f 213/283/238 216/287/242 2179/284/239
f 213/283/238 3115/289/244 215/286/241
f 213/283/238 217/290/245 3115/289/244
f 213/283/238 2736/288/243 217/290/245
f 218/291/246 219/292/247 220/293/248
f 218/291/246 221/294/249 222/295/250
f 218/291/246 223/296/251 221/294/249
f 218/291/246 220/293/248 224/297/252
f 218/291/246 222/295/250 219/292/247
f 218/291/246 224/297/252 223/296/251
f 225/298/253 226/299/254 227/300/255
f 225/298/253 228/301/256 226/299/254
f 225/298/253 1778/302/257 229/303/258
f 225/298/253 229/303/258 228/301/256
f 225/298/253 227/300/255 1778/302/257
f 230/304/259 231/305/260 232/306/261
f 230/304/259 3713/307/262 2834/308/263
f 230/304/259 232/306/261 3713/307/262
f 230/304/259 2834/308/263 233/309/264
f 230/304/259 234/310/265 231/305/260
f 230/304/259 233/309/264 234/310/265
f 235/311/266 236/312/267 237/313/268
f 235/311/266 238/314/269 239/315/270
f 235/311/266 239/315/270 163/219/185
f 235/311/266 162/218/184 236/312/267
f 235/311/266 237/313/268 238/314/269
f 235/311/266 163/219/185 162/218/184
f 240/316/271 241/317/272 242/318/273
f 240/316/271 242/318/273 243/319/274
f 240/316/271 244/320/275 245/321/276
f 240/316/271 243/319/274 246/322/277
f 240/316/271 246/322/277 244/320/275
f 240/316/271 245/321/276 241/317/272
f 247/323/278 248/324/279 249/325/280
f 247/323/278 3938/326/281 248/324/279
f 247/323/278 250/327/282 251/328/283
f 247/323/278 251/328/283 3938/326/281
f 247/323/278 252/329/284 250/327/282
f 247/323/278 249/325/280 252/329/284
f 253/330/285 254/331/286 255/332/287
f 253/333/285 256/334/288 257/335/289
f 253/330/285 255/332/287 258/336/290
f 253/330/285 257/337/289 254/331/286
f 253/333/285 258/338/290 256/334/288
f 259/339/291 260/340/292 1336/341/293
f 259/339/291 261/342/294 262/343/295
f 259/339/291 1336/341/293 263/344/296
f 259/339/291 264/345/297 260/340/292
f 259/339/291 262/343/295 264/345/297
f 259/339/291 263/344/296 261/342/294
f 265/346/298 266/347/299 267/348/300
f 265/346/298 268/349/301 266/347/299
f 265/346/298 269/350/302 270/351/303
f 265/346/298 270/351/303 271/352/304
f 265/346/298 267/348/300 269/350/302
f 265/346/298 271/352/304 268/349/301
f 272/353/305 273/354/306 274/355/307
f 272/353/305 275/356/308 276/357/309
f 272/353/305 276/357/309 273/354/306
f 272/353/305 277/358/310 278/359/311
f 272/353/305 274/355/307 277/358/310
f 272/353/305 278/359/311 275/356/308
f 280/360/312 283/361/313 279/362/314
f 280/363/312 281/364/315 282/365/316
f 280/363/312 282/365/316 283/366/313
f 280/363/312 285/367/317 281/364/315
f 280/360/312 284/368/318 285/369/317
f 280/360/312 279/362/314 284/368/318
f 286/370/319 1736/371/320 1347/372/321
f 286/370/319 1347/372/321 288/373/322
f 286/374/319 287/375/323 3744/376/324
f 286/377/319 289/378/325 1736/379/320
f 286/374/319 288/380/322 287/375/323
f 286/374/319 3744/376/324 289/381/325
f 290/382/326 291/383/327 292/384/328
f 290/385/326 293/386/329 295/387/330
f 290/382/326 294/388/331 291/383/327
f 290/382/326 295/389/330 294/388/331
f 290/382/326 292/384/328 296/390/332
f 290/385/326 296/391/332 293/386/329
f 297/392/333 298/393/334 299/394/335
f 297/392/333 300/395/336 301/396/337
f 297/392/333 299/394/335 302/397/338
f 297/392/333 302/397/338 303/398/339
f 297/392/333 301/396/337 304/399/340
f 297/392/333 304/399/340 298/393/334
f 297/392/333 303/398/339 300/395/336
f 310/400/341 305/401/342 306/402/343
f 310/403/341 306/404/343 4422/405/344
f 310/400/341 307/406/345 305/401/342
f 310/407/341 4422/408/344 308/409/346
f 310/400/341 309/410/347 307/406/345
f 310/411/341 308/412/346 309/413/347
f 311/414/348 312/415/349 313/416/350
f 311/414/348 314/417/351 315/418/352
f 311/414/348 316/419/353 314/417/351
f 311/414/348 317/420/354 312/415/349
f 311/414/348 313/416/350 316/419/353
f 311/414/348 315/418/352 317/420/354
f 318/421/30 319/422/355 320/423/356
f 318/421/30 320/423/356 321/424/357
f 318/39/30 321/425/357 28/40/31
f 318/421/30 33/48/36 319/422/355
f 322/426/358 323/427/359 324/428/360
f 322/426/358 324/428/360 325/429/361
f 322/426/358 326/430/362 327/431/363
f 322/426/358 327/431/363 328/432/364
f 322/426/358 325/429/361 326/430/362
f 322/426/358 328/432/364 323/427/359
f 329/433/365 330/434/366 239/315/270
f 329/433/365 239/315/270 331/435/367
f 329/433/365 332/436/368 333/437/369
f 329/433/365 333/437/369 330/434/366
f 329/433/365 331/435/367 332/436/368
f 334/438/370 1403/439/371 335/440/372
f 334/438/370 336/441/373 337/442/374
f 334/438/370 337/442/374 1403/439/371
f 334/438/370 338/443/375 336/441/373
f 334/438/370 335/440/372 338/443/375
f 340/444/376 2315/445/377 339/446/378
f 340/447/376 341/448/379 2315/449/377
f 340/447/376 342/450/380 341/448/379
f 340/447/376 343/451/381 342/450/380
f 340/447/376 339/452/378 343/451/381
f 344/453/382 1493/454/383 345/455/384
f 344/453/382 345/455/384 346/456/385
f 344/453/382 346/456/385 347/457/386
f 344/453/382 347/457/386 348/458/387
f 344/453/382 348/458/387 1493/454/383
f 352/459/388 354/460/389 349/461/390
f 352/459/388 350/462/391 351/463/392
f 352/464/388 353/465/393 354/466/389
f 352/464/388 351/467/392 355/468/394
f 352/459/388 349/461/390 350/462/391
f 352/464/388 355/468/394 353/465/393
f 356/469/395 357/470/396 358/471/397
f 356/469/395 359/472/398 360/473/399
f 356/469/395 361/474/400 359/472/398
f 356/469/395 358/471/397 361/474/400
f 356/469/395 362/475/401 357/470/396
f 356/469/395 360/473/399 362/475/401
f 363/476/402 364/477/403 3640/478/404
f 363/476/402 3640/478/404 3861/479/405
f 363/476/402 365/480/406 366/481/407
f 363/476/402 366/481/407 364/477/403
f 363/476/402 3861/479/405 365/480/406
f 369/482/408 367/483/409 368/484/410
f 369/482/408 368/484/410 370/485/411
f 369/486/408 370/487/411 371/488/412
f 369/486/408 371/488/412 372/489/413
f 369/482/408 373/490/414 367/483/409
f 369/486/408 372/489/413 373/491/414
f 374/492/415 463/493/416 465/494/417
f 374/492/415 375/495/418 376/496/419
f 374/492/415 465/494/417 375/495/418
f 374/492/415 376/496/419 377/497/420
f 374/492/415 377/497/420 378/498/421
f 374/492/415 378/498/421 463/493/416
f 380/499/422 383/500/423 379/501/424
f 380/499/422 379/501/424 386/502/425
f 380/503/422 381/504/426 382/505/427
f 380/503/422 382/505/427 383/506/423
f 380/503/422 384/507/428 385/508/429
f 380/503/422 386/509/425 384/507/428
f 380/503/422 385/508/429 381/504/426
f 387/510/430 388/511/431 389/512/432
f 387/510/430 389/512/432 391/513/433
f 387/514/430 390/515/434 388/516/431
f 387/514/430 391/517/433 392/518/435
f 387/514/430 392/518/435 393/519/436
f 387/514/430 393/519/436 390/515/434
f 398/520/437 395/521/438 3665/522/439
f 398/523/437 394/524/440 395/525/438
f 398/526/437 4084/527/441 396/528/442
f 398/529/437 397/530/443 394/531/440
f 398/532/437 3665/533/439 4084/534/441
f 398/529/437 396/535/442 397/530/443
f 399/536/444 400/537/445 401/538/446
f 399/536/444 4226/539/447 402/540/448
f 399/536/444 3463/541/449 403/542/450
f 399/536/444 403/542/450 400/537/445
f 399/536/444 402/540/448 3463/541/449
f 399/536/444 401/538/446 4226/539/447
f 404/543/451 405/544/452 406/545/453
f 404/543/451 407/546/454 408/547/455
f 404/543/451 406/545/453 409/548/456
f 404/543/451 409/548/456 407/546/454
f 404/543/451 410/549/457 405/544/452
f 404/543/451 408/547/455 410/549/457
f 411/550/458 412/551/459 413/552/460
f 411/550/458 414/553/461 415/554/462
f 411/550/458 416/555/92 414/553/461
f 411/550/458 415/554/462 412/551/459
f 411/550/458 413/552/460 416/555/92
f 236/556/267 417/557/463 418/558/464
f 236/312/267 162/218/184 417/559/463
f 236/556/267 418/558/464 237/560/268
f 420/561/465 419/562/466 424/563/467
f 420/564/465 421/565/468 422/566/469
f 420/564/465 422/566/469 423/567/470
f 420/564/465 424/568/467 421/565/468
f 420/561/465 425/569/471 426/570/472
f 420/561/465 427/571/473 425/569/471
f 420/564/465 423/567/470 427/572/473
f 420/561/465 426/570/472 419/562/466
f 428/573/474 429/574/475 430/575/476
f 428/573/474 430/575/476 431/576/477
f 428/573/474 432/577/478 429/574/475
f 428/573/474 431/576/477 433/578/479
f 428/573/474 433/578/479 434/579/480
f 428/573/474 434/579/480 432/577/478
f 440/580/481 435/581/482 439/582/483
f 440/583/481 436/584/484 437/585/485
f 440/580/481 3187/586/486 435/581/482
f 440/580/481 438/587/487 3187/586/486
f 440/583/481 439/588/483 436/584/484
f 440/583/481 437/585/485 744/589/488
f 440/590/481 744/591/488 438/592/487
f 441/593/489 442/594/490 443/595/491
f 441/593/489 3889/596/492 4222/597/493
f 441/593/489 443/595/491 444/598/494
f 441/593/489 445/599/495 442/594/490
f 441/593/489 4222/597/493 446/600/496
f 441/593/489 444/598/494 3889/596/492
f 441/593/489 446/600/496 445/599/495
f 447/601/497 448/602/498 449/603/499
f 447/601/497 449/603/499 450/604/500
f 447/601/497 451/605/501 448/602/498
f 447/601/497 452/606/502 453/607/503
f 447/601/497 453/607/503 451/605/501
f 447/601/497 450/604/500 452/606/502
f 15/608/16 454/609/504 455/610/505
f 15/22/16 456/611/506 16/23/17
f 15/608/16 455/610/505 456/612/506
f 15/22/16 20/27/21 454/613/504
f 457/614/507 458/615/508 459/616/509
f 457/614/507 460/617/510 458/615/508
f 457/614/507 929/618/511 4274/619/512
f 457/614/507 461/620/513 929/618/511
f 457/614/507 4274/619/512 460/617/510
f 457/614/507 459/616/509 461/620/513
f 462/621/514 463/622/416 464/623/515
f 462/621/514 465/624/417 463/622/416
f 462/621/514 466/625/516 467/626/517
f 462/621/514 467/626/517 465/624/417
f 462/621/514 464/623/515 466/625/516
f 468/627/518 469/628/519 470/629/520
f 468/627/518 471/630/521 472/631/522
f 468/627/518 472/631/522 473/632/523
f 468/627/518 474/633/524 469/628/519
f 468/627/518 470/629/520 471/630/521
f 468/627/518 473/632/523 474/633/524
f 475/634/525 2574/635/526 476/636/527
f 475/634/525 477/637/528 478/638/529
f 475/634/525 479/639/530 2574/635/526
f 475/634/525 476/636/527 477/637/528
f 475/634/525 478/638/529 479/639/530
f 480/640/531 3381/641/532 481/642/533
f 480/640/531 481/642/533 482/643/534
f 480/644/531 3925/645/535 483/646/536
f 480/644/531 482/647/534 484/648/537
f 480/644/531 485/649/538 3925/645/535
f 480/644/531 484/648/537 485/649/538
f 480/640/531 483/650/536 3381/641/532
f 486/651/539 487/652/540 488/653/541
f 486/651/539 489/654/542 487/652/540
f 486/651/539 488/653/541 490/655/543
f 486/651/539 491/656/544 489/654/542
f 486/651/539 490/655/543 491/656/544
f 492/657/545 493/658/546 494/659/547
f 492/657/545 495/660/548 496/661/549
f 492/657/545 494/659/547 495/660/548
f 492/657/545 496/661/549 497/662/550
f 492/657/545 498/663/551 499/664/552
f 492/657/545 497/662/550 498/663/551
f 492/657/545 499/664/552 493/658/546
f 500/665/553 501/666/554 502/667/555
f 500/665/553 503/668/556 392/518/435
f 500/665/553 502/667/555 503/668/556
f 500/665/553 4418/669/557 501/666/554
f 500/665/553 391/517/433 4418/669/557
f 500/665/553 392/518/435 391/517/433
f 8/670/10 12/18/12 505/671/558
f 8/13/10 504/672/559 9/14/11
f 8/13/10 505/673/558 3377/674/560
f 8/13/10 1517/675/561 504/672/559
f 8/13/10 3377/674/560 1517/675/561
f 506/676/562 507/677/563 508/678/564
f 506/676/562 509/679/565 510/680/566
f 506/676/562 511/681/567 509/679/565
f 506/676/562 510/680/566 512/682/568
f 506/676/562 512/682/568 507/677/563
f 506/676/562 508/678/564 513/683/569
f 506/676/562 513/683/569 511/681/567
f 517/684/570 589/685/571 520/686/572
f 517/684/570 514/687/573 515/688/574
f 517/684/570 519/689/575 516/690/576
f 517/684/570 516/690/576 514/687/573
f 517/691/570 518/692/577 519/693/575
f 517/684/570 515/688/574 589/685/571
f 517/691/570 520/694/572 518/692/577
f 521/695/578 522/696/579 523/697/580
f 521/695/578 524/698/581 525/699/582
f 521/695/578 526/700/583 522/696/579
f 521/695/578 523/697/580 524/698/581
f 521/695/578 525/699/582 526/700/583
f 527/701/584 528/702/585 529/703/586
f 527/704/584 529/705/586 530/706/587
f 527/701/584 4217/707/588 531/708/589
f 527/704/584 532/709/590 533/710/591
f 527/701/584 533/711/591 4217/707/588
f 527/704/584 530/706/587 532/709/590
f 527/701/584 531/708/589 528/702/585
f 534/712/592 3791/713/593 535/714/594
f 534/712/592 535/714/594 536/715/595
f 534/712/592 537/716/596 538/717/597
f 534/712/592 536/715/595 537/716/596
f 534/712/592 538/717/597 539/718/598
f 534/712/592 539/718/598 3791/713/593
f 540/719/599 541/720/600 542/721/601
f 540/719/599 543/722/602 544/723/603
f 540/719/599 542/721/601 545/724/604
f 540/719/599 545/724/604 543/722/602
f 540/719/599 546/725/605 541/720/600
f 540/719/599 544/723/603 546/725/605
f 549/726/606 547/727/607 1680/728/608
f 549/726/606 1680/728/608 548/729/609
f 549/730/606 4428/731/610 550/732/611
f 549/733/606 548/734/609 3902/735/612
f 549/730/606 550/732/611 547/736/607
f 549/737/606 3902/738/612 4428/739/610
f 551/740/613 552/741/614 553/742/615
f 551/740/613 554/743/616 552/741/614
f 551/740/613 553/742/615 555/744/617
f 551/740/613 555/744/617 556/745/618
f 551/740/613 557/746/619 554/743/616
f 551/740/613 556/745/618 557/746/619
f 558/747/620 559/748/621 560/749/622
f 558/747/620 561/750/623 562/751/624
f 558/747/620 562/751/624 563/752/625
f 558/747/620 560/749/622 561/750/623
f 558/747/620 563/752/625 559/748/621
f 564/753/626 565/754/627 566/755/628
f 564/753/626 567/756/629 1040/757/630
f 564/753/626 1042/758/631 568/759/632
f 564/753/626 1040/757/630 1042/758/631
f 564/753/626 566/755/628 569/760/633
f 564/753/626 570/761/634 567/756/629
f 564/753/626 569/760/633 570/761/634
f 564/753/626 568/759/632 565/754/627
f 571/762/635 572/763/636 573/764/637
f 571/762/635 574/765/638 575/766/639
f 571/762/635 576/767/640 574/765/638
f 571/762/635 575/766/639 572/763/636
f 571/762/635 573/764/637 576/767/640
f 577/768/641 2639/769/642 578/770/643
f 577/768/641 578/770/643 579/771/644
f 577/768/641 580/772/645 581/773/646
f 577/768/641 581/773/646 2639/769/642
f 577/768/641 579/771/644 582/774/647
f 577/768/641 582/774/647 580/772/645
f 583/775/648 584/776/649 585/777/650
f 583/775/648 3906/778/651 905/779/652
f 583/775/648 586/780/653 587/781/654
f 583/775/648 587/781/654 588/782/655
f 583/775/648 588/782/655 584/776/649
f 583/775/648 585/777/650 3906/778/651
f 583/775/648 905/779/652 586/780/653
f 589/783/571 592/784/656 520/694/572
f 589/685/571 515/688/574 590/785/657
f 589/685/571 590/785/657 591/786/658
f 589/685/571 591/786/658 592/787/656
f 593/788/659 594/789/660 595/790/661
f 593/788/659 3680/791/662 596/792/663
f 593/788/659 595/790/661 3681/793/664
f 593/788/659 596/792/663 594/789/660
f 593/788/659 3681/793/664 3680/791/662
f 597/794/665 598/795/666 599/796/667
f 597/794/665 600/797/668 601/798/669
f 597/794/665 601/798/669 602/799/670
f 597/794/665 602/799/670 598/795/666
f 597/794/665 599/796/667 600/797/668
f 603/800/671 604/801/672 605/802/673
f 603/800/671 606/803/674 604/801/672
f 603/800/671 607/804/675 606/803/674
f 603/800/671 608/805/676 609/806/677
f 603/800/671 605/802/673 608/805/676
f 603/800/671 609/806/677 607/804/675
f 610/807/678 2652/808/679 611/809/680
f 610/807/678 612/810/681 2652/808/679
f 610/807/678 613/811/682 614/812/683
f 610/807/678 611/809/680 615/813/684
f 610/807/678 614/812/683 612/810/681
f 610/807/678 615/813/684 613/811/682
f 616/814/685 617/815/686 618/816/687
f 616/814/685 619/817/688 617/815/686
f 616/814/685 620/818/689 621/819/690
f 616/814/685 618/816/687 620/818/689
f 616/814/685 621/819/690 619/817/688
f 120/162/141 622/820/691 623/821/692
f 120/162/141 124/167/145 342/450/380
f 120/162/141 623/821/692 125/163/142
f 120/162/141 342/450/380 622/820/691
f 624/822/693 625/823/694 626/824/695
f 624/822/693 627/825/696 628/826/697
f 624/822/693 628/826/697 629/827/698
f 624/822/693 630/828/699 627/825/696
f 624/822/693 629/827/698 625/823/694
f 624/822/693 626/824/695 630/828/699
f 631/829/700 676/830/701 632/831/702
f 631/829/700 632/831/702 633/832/703
f 631/829/700 633/832/703 634/833/704
f 631/829/700 634/833/704 635/834/705
f 631/829/700 635/834/705 676/830/701
f 640/835/706 3745/836/707 636/837/708
f 640/838/706 637/839/709 639/840/710
f 640/835/706 638/841/711 637/842/709
f 640/843/706 639/844/710 4268/845/712
f 640/835/706 636/837/708 638/841/711
f 640/846/706 4268/847/712 3745/848/707
f 641/849/713 642/850/714 648/851/715
f 641/849/713 643/852/716 642/850/714
f 641/853/713 644/854/717 645/855/718
f 641/849/713 646/856/719 643/852/716
f 641/853/713 645/855/718 647/857/720
f 641/849/713 647/858/720 646/856/719
f 641/853/713 648/859/715 644/854/717
f 649/860/721 650/861/722 651/862/723
f 649/860/721 652/863/724 653/864/725
f 649/860/721 651/862/723 652/863/724
f 649/860/721 654/865/726 655/866/727
f 649/860/721 653/864/725 654/865/726
f 649/860/721 655/866/727 650/861/722
f 656/867/728 657/868/729 658/869/730
f 656/867/728 658/869/730 659/870/731
f 656/867/728 660/871/732 657/868/729
f 656/867/728 661/872/733 660/871/732
f 656/867/728 659/870/731 661/872/733
f 662/873/734 663/874/735 664/875/736
f 662/876/734 665/877/737 668/878/738
f 662/876/734 666/879/739 667/880/740
f 662/873/734 668/881/738 663/874/735
f 662/876/734 667/880/740 665/877/737
f 662/873/734 664/875/736 666/882/739
f 669/883/741 670/884/742 671/885/743
f 669/883/741 672/886/744 673/887/745
f 669/883/741 674/888/746 670/884/742
f 669/883/741 673/887/745 675/889/747
f 669/883/741 671/885/743 672/886/744
f 669/883/741 675/889/747 674/888/746
f 676/890/701 677/891/748 678/892/749
f 676/830/701 679/893/750 701/894/751
f 676/890/701 17/24/18 16/23/17
f 676/890/701 680/895/752 681/896/753
f 676/890/701 682/897/754 683/898/755
f 676/890/701 678/892/749 684/899/756
f 676/890/701 685/900/757 686/901/758
f 676/890/701 687/902/759 677/891/748
f 676/830/701 688/903/760 689/904/761
f 676/830/701 690/905/762 688/903/760
f 676/830/701 456/612/506 690/905/762
f 676/890/701 683/898/755 691/906/763
f 676/890/701 691/906/763 692/907/764
f 676/830/701 689/904/761 693/908/765
f 676/890/701 692/907/764 680/895/752
f 676/830/701 694/909/766 695/910/767
f 676/830/701 695/910/767 696/911/768
f 676/830/701 635/834/705 679/893/750
f 676/890/701 681/896/753 687/902/759
f 676/890/701 686/901/758 697/912/769
f 676/830/701 693/908/765 698/913/770
f 676/830/701 696/911/768 699/914/771
f 676/830/701 700/915/772 632/831/702
f 676/890/701 16/23/17 456/611/506
f 676/890/701 684/899/756 685/900/757
f 676/890/701 701/916/751 702/917/773
f 676/890/701 697/912/769 17/24/18
f 676/890/701 702/917/773 682/897/754
f 676/830/701 699/914/771 700/915/772
f 676/830/701 698/913/770 694/909/766
f 703/918/774 704/919/775 705/920/776
f 703/918/774 706/921/777 707/922/778
f 703/918/774 705/920/776 708/923/779
f 703/924/774 707/925/778 709/926/780
f 703/918/774 708/923/779 706/921/777
f 703/924/774 709/926/780 704/927/775
f 710/928/781 711/929/782 712/930/783
f 710/928/781 713/931/784 711/929/782
f 710/928/781 714/932/785 713/931/784
f 710/928/781 715/933/786 714/932/785
f 710/928/781 712/930/783 4400/934/787
f 710/928/781 4400/934/787 715/933/786
f 716/935/788 717/936/789 718/937/790
f 716/935/788 719/938/791 720/939/792
f 716/935/788 721/940/793 717/936/789
f 716/935/788 718/937/790 719/938/791
f 716/935/788 722/941/794 721/940/793
f 716/935/788 720/939/792 722/941/794
f 725/942/795 723/943/796 724/944/797
f 725/945/795 3347/946/798 723/947/796
f 725/942/795 724/944/797 728/948/799
f 725/949/795 726/950/800 727/951/801
f 725/949/795 728/952/799 729/953/802
f 725/949/795 729/953/802 726/950/800
f 725/949/795 727/951/801 3347/954/798
f 730/955/803 419/562/466 731/956/804
f 730/955/803 732/957/805 419/562/466
f 730/955/803 733/958/806 734/959/807
f 730/955/803 731/956/804 735/960/808
f 730/955/803 734/959/807 732/957/805
f 730/955/803 735/960/808 733/958/806
f 736/961/809 737/962/810 738/963/811
f 736/961/809 739/964/812 740/965/813
f 736/961/809 741/966/814 742/967/815
f 736/961/809 742/967/815 739/964/812
f 736/961/809 738/963/811 741/966/814
f 736/961/809 743/968/816 737/962/810
f 736/961/809 740/965/813 743/968/816
f 745/969/817 1042/970/631 664/875/736
f 745/971/817 747/972/818 744/973/488
f 745/974/817 746/975/819 568/976/632
f 745/974/817 437/585/485 746/975/819
f 745/974/817 568/976/632 1042/977/631
f 745/974/817 744/589/488 437/585/485
f 745/969/817 664/875/736 747/978/818
f 748/979/820 749/980/821 750/981/822
f 748/979/820 751/982/823 752/983/824
f 748/979/820 753/984/825 754/985/826
f 748/979/820 752/983/824 753/984/825
f 748/979/820 754/985/826 749/980/821
f 748/979/820 750/981/822 751/982/823
f 756/986/827 755/987/828 2565/988/829
f 756/989/827 2565/990/829 3477/991/830
f 756/992/827 3477/993/830 4368/994/831
f 756/995/827 757/996/832 755/997/828
f 756/995/827 758/998/833 757/996/832
f 756/995/827 4368/999/831 758/998/833
f 763/1000/834 759/1001/835 760/1002/836
f 763/1000/834 765/1003/837 761/1004/838
f 763/1000/834 760/1002/836 3624/1005/839
f 763/1000/834 3624/1005/839 762/1006/840
f 763/1000/834 761/1004/838 759/1001/835
f 763/1000/834 762/1006/840 764/1007/841
f 763/1008/834 764/1009/841 765/1010/837
f 766/1011/842 154/210/176 156/212/178
f 766/1011/842 156/212/178 2589/1012/843
f 766/1011/842 767/1013/844 768/1014/845
f 766/1011/842 769/1015/846 767/1013/844
f 766/1011/842 2589/1012/843 769/1015/846
f 766/1011/842 768/1014/845 154/210/176
f 772/1016/847 770/1017/848 1958/1018/849
f 772/1016/847 1958/1018/849 771/1019/850
f 772/1020/847 4401/1021/851 773/1022/852
f 772/1020/847 771/1023/850 4401/1021/851
f 772/1024/847 773/1025/852 770/1026/848
f 776/1027/853 774/1028/854 775/1029/855
f 776/1027/853 775/1029/855 777/1030/856
f 776/1031/853 777/1032/856 778/1033/857
f 776/1027/853 779/1034/858 774/1028/854
f 776/1027/853 778/1035/857 779/1034/858
f 780/1036/859 781/1037/860 782/1038/861
f 780/1036/859 783/1039/862 784/1040/863
f 780/1036/859 785/1041/864 781/1037/860
f 780/1036/859 784/1040/863 786/1042/865
f 780/1036/859 782/1038/861 783/1039/862
f 780/1036/859 786/1042/865 785/1041/864
f 787/1043/866 788/1044/867 789/1045/868
f 787/1046/866 790/1047/869 788/1048/867
f 787/1046/866 3841/1049/870 791/1050/871
f 787/1043/866 789/1045/868 792/1051/872
f 787/1046/866 791/1050/871 790/1047/869
f 787/1046/866 792/1052/872 3841/1049/870
f 793/1053/873 794/1054/874 4366/1055/875
f 793/1056/873 795/1057/876 796/1058/877
f 793/1053/873 4366/1055/875 797/1059/878
f 793/1056/873 798/1060/879 795/1057/876
f 793/1056/873 799/1061/880 798/1060/879
f 793/1053/873 797/1059/878 799/1062/880
f 793/1056/873 796/1058/877 794/1063/874
f 29/41/32 800/1064/881 801/1065/882
f 29/41/32 28/40/31 800/1064/881
f 29/41/32 802/1066/883 30/42/33
f 29/41/32 801/1065/882 802/1066/883
f 803/1067/884 804/1068/885 805/1069/886
f 803/1067/884 805/1069/886 806/1070/887
f 803/1067/884 806/1070/887 807/1071/888
f 803/1067/884 807/1071/888 808/1072/889
f 803/1067/884 808/1072/889 804/1068/885
f 809/1073/890 810/1074/891 811/1075/892
f 809/1073/890 813/1076/893 810/1074/891
f 809/1077/890 812/1078/894 813/1079/893
f 809/1077/890 814/1080/895 815/1081/896
f 809/1077/890 815/1081/896 812/1078/894
f 809/1073/890 811/1075/892 814/1082/895
f 816/1083/897 817/1084/898 818/1085/899
f 816/1083/897 819/1086/900 820/1087/901
f 816/1083/897 821/1088/902 817/1084/898
f 816/1083/897 818/1085/899 819/1086/900
f 816/1083/897 820/1087/901 821/1088/902
f 291/383/327 822/1089/903 823/1090/904
f 291/383/327 294/388/331 822/1089/903
f 291/383/327 823/1090/904 824/1091/905
f 291/383/327 824/1091/905 292/384/328
f 825/1092/906 826/1093/907 3889/596/492
f 825/1092/906 3889/596/492 444/598/494
f 825/1092/906 827/1094/908 826/1093/907
f 825/1092/906 444/598/494 828/1095/909
f 825/1092/906 828/1095/909 827/1094/908
f 829/1096/910 830/1097/911 201/271/226
f 829/1096/910 201/271/226 206/276/231
f 829/1096/910 831/1098/912 832/1099/76
f 829/1096/910 832/1099/76 830/1097/911
f 829/1096/910 206/276/231 831/1098/912
f 833/1100/913 834/1101/914 835/1102/915
f 833/1100/913 69/93/81 834/1101/914
f 833/1100/913 835/1102/915 836/1103/916
f 833/1100/913 70/94/82 69/93/81
f 833/1100/913 836/1103/916 70/94/82
f 837/1104/917 838/1105/918 839/1106/919
f 837/1104/917 840/1107/920 838/1105/918
f 837/1104/917 839/1106/919 841/1108/921
f 837/1104/917 841/1108/921 621/819/690
f 837/1104/917 621/819/690 840/1107/920
f 842/1109/922 843/1110/923 844/1111/924
f 842/1109/922 844/1111/924 4149/1112/925
f 842/1113/922 4253/1114/926 843/1115/923
f 842/1113/922 4149/1116/925 845/1117/927
f 842/1113/922 845/1117/927 4253/1114/926
f 846/1118/928 848/1119/929 851/1120/930
f 846/1121/928 847/1122/931 848/1123/929
f 846/1121/928 849/1124/932 850/1125/933
f 846/1121/928 850/1125/933 847/1122/931
f 846/1121/928 851/1126/930 852/1127/934
f 846/1121/928 852/1127/934 849/1124/932
f 854/1128/935 2662/1129/936 853/1130/937
f 854/1131/935 853/1132/937 4309/1133/938
f 854/1128/935 3261/1134/939 2662/1129/936
f 854/1131/935 4309/1133/938 4415/1135/940
f 854/1136/935 4415/1137/940 3261/1138/939
f 855/1139/941 856/1140/942 857/1141/943
f 855/1139/941 2671/1142/944 277/358/310
f 855/1139/941 277/358/310 856/1140/942
f 855/1139/941 857/1141/943 858/1143/945
f 855/1139/941 858/1143/945 2671/1142/944
f 859/1144/946 1349/1145/947 860/1146/948
f 859/1144/946 861/1147/949 1349/1145/947
f 859/1144/946 3299/1148/51 3993/1149/950
f 859/1144/946 860/1146/948 3299/1148/51
f 859/1144/946 3993/1149/950 861/1147/949
f 862/1150/951 863/1151/952 864/1152/953
f 862/1150/951 864/1152/953 865/1153/954
f 862/1150/951 866/1154/955 863/1151/952
f 862/1150/951 865/1153/954 867/1155/956
f 862/1150/951 868/1156/957 866/1154/955
f 862/1150/951 867/1155/956 868/1156/957
f 869/1157/958 298/393/334 870/1158/959
f 869/1157/958 2992/1159/960 3258/1160/961
f 869/1157/958 299/394/335 298/393/334
f 869/1157/958 871/1161/962 299/394/335
f 869/1157/958 3258/1160/961 871/1161/962
f 869/1157/958 870/1158/959 2992/1159/960
f 872/1162/963 873/1163/964 874/1164/965
f 872/1162/963 875/1165/966 873/1163/964
f 872/1162/963 874/1164/965 876/1166/967
f 872/1162/963 876/1166/967 877/1167/968
f 872/1162/963 878/1168/969 879/1169/970
f 872/1162/963 879/1169/970 875/1165/966
f 872/1162/963 877/1167/968 878/1168/969
f 880/1170/971 881/1171/972 882/1172/973
f 880/1170/971 883/1173/974 884/1174/975
f 880/1170/971 884/1174/975 885/1175/976
f 880/1170/971 885/1175/976 881/1171/972
f 880/1170/971 882/1172/973 883/1173/974
f 886/1176/977 887/1177/978 888/1178/979
f 886/1176/977 3398/1179/980 889/1180/981
f 886/1176/977 890/1181/982 891/1182/983
f 886/1176/977 888/1178/979 3398/1179/980
f 886/1176/977 889/1180/981 890/1181/982
f 886/1176/977 891/1182/983 887/1177/978
f 892/1183/984 893/1184/985 894/1185/986
f 892/1183/984 895/1186/987 896/1187/988
f 892/1183/984 896/1187/988 893/1184/985
f 892/1183/984 894/1185/986 897/1188/989
f 892/1183/984 897/1188/989 895/1186/987
f 898/1189/990 1403/439/371 899/1190/991
f 898/1189/990 900/1191/992 1403/439/371
f 898/1189/990 3462/1192/993 901/1193/994
f 898/1189/990 899/1190/991 3462/1192/993
f 898/1189/990 901/1193/994 900/1191/992
f 902/1194/995 903/1195/996 904/1196/997
f 902/1194/995 904/1196/997 905/1197/652
f 902/1194/995 906/1198/998 903/1195/996
f 902/1194/995 907/1199/999 908/1200/1000
f 902/1194/995 908/1200/1000 906/1198/998
f 902/1194/995 905/1197/652 907/1199/999
f 848/1123/929 847/1122/931 3411/1201/1001
f 848/1123/929 3411/1201/1001 1921/1202/1002
f 848/1203/929 1921/1204/1002 910/1205/1003
f 848/1119/929 909/1206/1004 851/1120/930
f 848/1119/929 910/1207/1003 909/1206/1004
f 915/1208/1005 911/1209/1006 912/1210/1007
f 915/1208/1005 913/1211/1008 914/1212/1009
f 915/1213/1005 916/1214/1010 911/1215/1006
f 915/1208/1005 912/1210/1007 913/1211/1008
f 915/1208/1005 914/1212/1009 916/1216/1010
f 917/1217/1011 918/1218/1012 919/1219/1013
f 917/1217/1011 920/1220/1014 918/1218/1012
f 917/1217/1011 921/1221/1015 920/1220/1014
f 917/1217/1011 919/1219/1013 1864/1222/1016
f 917/1217/1011 1864/1222/1016 922/1223/1017
f 917/1217/1011 922/1223/1017 921/1221/1015
f 923/1224/1018 924/1225/1019 925/1226/1020
f 923/1227/1018 925/1228/1020 926/1229/1021
f 923/1227/1018 926/1229/1021 927/1230/1022
f 923/1224/1018 928/1231/1023 924/1225/1019
f 923/1227/1018 927/1230/1022 929/1232/511
f 923/1224/1018 929/618/511 461/620/513
f 923/1224/1018 461/620/513 928/1231/1023
f 931/1233/1024 936/1234/1025 930/1235/1026
f 931/1236/1024 932/1237/1027 933/1238/1028
f 931/1233/1024 930/1235/1026 937/1239/1029
f 931/1236/1024 934/1240/1030 932/1237/1027
f 931/1236/1024 935/1241/1031 936/1242/1025
f 931/1236/1024 933/1238/1028 935/1241/1031
f 931/1236/1024 937/1243/1029 934/1240/1030
f 938/1244/1032 939/1245/1033 940/1246/1034
f 938/1244/1032 941/1247/1035 942/1248/1036
f 938/1244/1032 940/1246/1034 943/1249/1037
f 938/1244/1032 944/1250/1038 941/1247/1035
f 938/1244/1032 943/1249/1037 944/1250/1038
f 938/1244/1032 942/1248/1036 939/1245/1033
f 945/1251/1039 946/1252/1040 947/1253/1041
f 945/1251/1039 948/1254/1042 946/1252/1040
f 945/1251/1039 949/1255/1043 950/1256/1044
f 945/1251/1039 947/1253/1041 949/1255/1043
f 945/1251/1039 950/1256/1044 948/1254/1042
f 951/1257/1045 952/1258/1046 953/1259/1047
f 951/1257/1045 954/1260/1048 952/1258/1046
f 951/1257/1045 953/1259/1047 955/1261/1049
f 951/1257/1045 955/1261/1049 956/1262/1050
f 951/1257/1045 956/1262/1050 954/1260/1048
f 957/1263/1051 958/1264/1052 959/1265/1053
f 957/1263/1051 960/1266/1054 3021/1267/1055
f 957/1263/1051 961/1268/1056 962/1269/1057
f 957/1263/1051 3021/1267/1055 963/1270/1058
f 957/1263/1051 959/1265/1053 960/1266/1054
f 957/1263/1051 4172/1271/1059 964/1272/1060
f 957/1263/1051 964/1272/1060 961/1268/1056
f 957/1263/1051 962/1269/1057 958/1264/1052
f 957/1263/1051 963/1270/1058 4172/1271/1059
f 965/1273/1061 405/544/452 410/549/457
f 965/1273/1061 2574/635/526 4214/1274/1062
f 965/1273/1061 966/1275/1063 476/636/527
f 965/1273/1061 476/636/527 2574/635/526
f 965/1273/1061 967/1276/1064 405/544/452
f 965/1273/1061 410/549/457 966/1275/1063
f 965/1273/1061 4214/1274/1062 968/1277/1065
f 965/1273/1061 968/1277/1065 967/1276/1064
f 969/1278/1066 970/1279/1067 971/1280/1068
f 969/1278/1066 971/1280/1068 972/1281/1069
f 969/1278/1066 973/1282/1070 974/1283/1071
f 969/1278/1066 975/1284/1072 973/1282/1070
f 969/1278/1066 972/1281/1069 975/1284/1072
f 969/1278/1066 974/1283/1071 970/1279/1067
f 976/1285/1073 977/1286/1074 978/1287/1075
f 976/1285/1073 979/1288/1076 980/1289/1077
f 976/1285/1073 981/1290/1078 982/1291/1079
f 976/1285/1073 980/1289/1077 977/1286/1074
f 976/1285/1073 983/1292/1080 979/1288/1076
f 976/1285/1073 978/1287/1075 981/1290/1078
f 976/1285/1073 982/1291/1079 983/1292/1080
f 984/1293/1081 985/1294/1082 986/1295/1083
f 984/1293/1081 987/1296/1084 988/1297/1085
f 984/1293/1081 989/1298/1086 987/1296/1084
f 984/1293/1081 986/1295/1083 989/1298/1086
f 984/1293/1081 988/1297/1085 990/1299/1087
f 984/1293/1081 990/1299/1087 985/1294/1082
f 991/1300/1088 992/1301/1089 993/1302/1090
f 991/1300/1088 994/1303/1091 995/1304/1092
f 991/1300/1088 993/1302/1090 994/1303/1091
f 991/1300/1088 996/1305/1093 992/1301/1089
f 991/1300/1088 997/1306/1094 996/1305/1093
f 991/1300/1088 995/1304/1092 998/1307/1095
f 991/1300/1088 998/1307/1095 997/1306/1094
f 999/1308/1096 1000/1309/1097 1001/1310/1098
f 999/1308/1096 1002/1311/1099 1000/1309/1097
f 999/1308/1096 1003/1312/1100 1002/1311/1099
f 999/1308/1096 1004/1313/1101 1003/1312/1100
f 999/1308/1096 1005/1314/1102 1004/1313/1101
f 999/1308/1096 1001/1310/1098 1005/1314/1102
f 1007/1315/1103 1009/1316/1104 1006/1317/1105
f 1007/1318/1103 3430/1319/1106 1010/1320/1107
f 1007/1315/1103 1006/1317/1105 3430/1321/1106
f 1007/1322/1103 1008/1323/1108 1009/1324/1104
f 1007/1322/1103 2891/1325/1109 1008/1323/1108
f 1007/1322/1103 1010/1326/1107 2891/1325/1109
f 1011/1327/1110 1012/1328/1111 1013/1329/1112
f 1011/1327/1110 1014/1330/1113 1015/1331/1114
f 1011/1327/1110 1016/1332/1115 1014/1330/1113
f 1011/1327/1110 1015/1331/1114 1017/1333/1116
f 1011/1327/1110 1013/1329/1112 1016/1332/1115
f 1011/1327/1110 1017/1333/1116 1012/1328/1111
f 1018/1334/1117 1019/1335/1118 1020/1336/1119
f 1018/1334/1117 1021/1337/97 1022/1338/1120
f 1018/1334/1117 1020/1336/1119 1021/1337/97
f 1018/1334/1117 1023/1339/1121 1019/1335/1118
f 1018/1334/1117 1022/1338/1120 1023/1339/1121
f 1024/1340/1122 1025/1341/1123 1026/1342/1124
f 1024/1340/1122 1027/1343/1125 1028/1344/1126
f 1024/1340/1122 1028/1344/1126 1029/1345/1127
f 1024/1340/1122 1029/1345/1127 1025/1341/1123
f 1024/1340/1122 1026/1342/1124 1030/1346/1128
f 1024/1340/1122 1030/1346/1128 1027/1343/1125
f 1031/1347/1129 1579/1348/1130 1580/1349/1131
f 1031/1347/1129 1580/1349/1131 4031/1350/1132
f 1031/1347/1129 1032/1351/1133 4162/1352/1134
f 1031/1347/1129 4031/1350/1132 1032/1351/1133
f 1031/1347/1129 4162/1352/1134 1033/1353/1135
f 1031/1347/1129 1033/1353/1135 1579/1348/1130
f 1034/1354/1136 1035/1355/1137 1036/1356/1138
f 1034/1354/1136 1037/1357/1139 2060/1358/1140
f 1034/1354/1136 2060/1358/1140 1035/1355/1137
f 1034/1354/1136 1036/1356/1138 1037/1357/1139
f 1038/1359/1141 1042/758/631 1040/757/630
f 1038/1360/1141 1039/1361/1142 666/879/739
f 1038/1360/1141 1040/1362/630 1041/1363/1143
f 1038/1360/1141 666/879/739 1042/1364/631
f 1038/1360/1141 1043/1365/1144 1039/1361/1142
f 1038/1360/1141 1041/1363/1143 1043/1365/1144
f 1045/1366/1145 395/1367/438 394/1368/440
f 1045/1369/1145 394/1370/440 1044/1371/1146
f 1045/1372/1145 1044/1373/1146 3777/1374/1147
f 1045/1372/1145 3775/1375/1148 4255/1376/1149
f 1045/1372/1145 3777/1374/1147 3775/1375/1148
f 1045/1377/1145 4255/1378/1149 395/1379/438
f 1046/1380/1150 1047/1381/1151 1048/1382/1152
f 1046/1380/1150 145/1383/166 1047/1381/1151
f 1046/1380/1150 1048/1382/1152 1049/1384/1153
f 1046/1380/1150 1049/1384/1153 1050/1385/1154
f 1046/1380/1150 1050/1385/1154 145/1383/166
f 1051/1386/1155 48/69/57 51/72/60
f 1051/1386/1155 51/72/60 1052/1387/1156
f 1051/1386/1155 1052/1387/1156 1053/1388/1157
f 1051/1386/1155 1053/1388/1157 1054/1389/1158
f 1051/1386/1155 4389/1390/1159 48/69/57
f 1051/1386/1155 1054/1389/1158 1055/1391/1160
f 1051/1386/1155 1055/1391/1160 4389/1390/1159
f 1056/1392/1161 1057/1393/1162 1058/1394/1163
f 1056/1392/1161 1059/1395/1164 1060/1396/1165
f 1056/1392/1161 1058/1394/1163 1061/1397/1166
f 1056/1392/1161 1061/1397/1166 1062/1398/1167
f 1056/1392/1161 1062/1398/1167 1059/1395/1164
f 1056/1392/1161 1060/1396/1165 1057/1393/1162
f 1063/1399/1168 1064/1400/1169 1065/1401/1170
f 1063/1399/1168 1066/1402/1171 1067/1403/1172
f 1063/1399/1168 1068/1404/1173 1069/1405/1174
f 1063/1399/1168 1070/1406/1175 1066/1402/1171
f 1063/1399/1168 1069/1405/1174 1064/1400/1169
f 1063/1399/1168 1067/1403/1172 1068/1404/1173
f 1063/1399/1168 1065/1401/1170 1070/1406/1175
f 1071/1407/1176 1072/1408/1177 1073/1409/1178
f 1071/1407/1176 1074/1410/1179 1075/1411/1180
f 1071/1407/1176 1073/1409/1178 1074/1410/1179
f 1071/1407/1176 1076/1412/1181 1072/1408/1177
f 1071/1407/1176 1077/1413/1182 1076/1412/1181
f 1071/1407/1176 1075/1411/1180 1077/1413/1182
f 1078/1414/1183 1079/1415/1184 1080/1416/1185
f 1078/1414/1183 1081/1417/1186 1082/1418/1187
f 1078/1414/1183 4359/1419/1188 1081/1417/1186
f 1078/1414/1183 1083/1420/1189 1079/1415/1184
f 1078/1414/1183 1082/1418/1187 1083/1420/1189
f 1078/1414/1183 1084/1421/1190 4359/1419/1188
f 1078/1414/1183 1080/1416/1185 1084/1421/1190
f 677/891/748 687/902/759 607/804/675
f 677/891/748 607/804/675 609/806/677
f 677/891/748 609/806/677 678/892/749
f 1088/1422/1191 183/247/207 1087/1423/1192
f 1088/1422/1191 1085/1424/1193 1086/1425/1194
f 1088/1426/1191 1368/1427/1195 3689/1428/1196
f 1088/1429/1191 1087/1430/1192 1368/1431/1195
f 1088/1422/1191 1086/1425/1194 183/247/207
f 1088/1432/1191 3689/1433/1196 1085/1434/1193
f 1089/1435/1197 1093/1436/1198 1090/1437/1199
f 1089/1438/1197 487/652/540 1091/1439/1200
f 1089/1438/1197 1092/1440/1201 487/652/540
f 1089/1438/1197 1091/1439/1200 1093/1441/1198
f 1089/1435/1197 1090/1437/1199 1092/1442/1201
f 1094/1443/1202 1095/1444/1203 1096/1445/1204
f 1094/1443/1202 781/1037/860 1095/1444/1203
f 1094/1443/1202 1097/1446/1205 782/1038/861
f 1094/1443/1202 782/1038/861 781/1037/860
f 1094/1443/1202 1096/1445/1204 1097/1446/1205
f 1098/1447/1206 1099/1448/1207 2201/1449/1208
f 1098/1447/1206 1100/1450/1209 1099/1448/1207
f 1098/1447/1206 1101/1451/1210 1102/1452/1211
f 1098/1447/1206 2201/1449/1208 1103/1453/1212
f 1098/1447/1206 1103/1453/1212 1101/1451/1210
f 1098/1447/1206 1102/1452/1211 1100/1450/1209
f 1106/1454/1213 817/1455/898 1104/1456/1214
f 1106/1457/1213 547/1458/607 1105/1459/1215
f 1106/1457/1213 1105/1459/1215 817/1084/898
f 1106/1460/1213 1107/1461/1216 547/1462/607
f 1106/1454/1213 1104/1456/1214 1107/1463/1216
f 1108/1464/1217 1109/1465/1218 1110/1466/1219
f 1108/1464/1217 1111/1467/1220 1112/1468/1221
f 1108/1464/1217 1110/1466/1219 1111/1467/1220
f 1108/1464/1217 1112/1468/1221 1113/1469/1222
f 1108/1464/1217 1113/1469/1222 1114/1470/1223
f 1108/1464/1217 1114/1470/1223 1109/1465/1218
f 1115/1471/1224 1116/1472/1225 1117/1473/1226
f 1115/1471/1224 1118/1474/1227 1116/1472/1225
f 1115/1471/1224 1119/1475/1228 1120/1476/1229
f 1115/1471/1224 1117/1473/1226 1119/1475/1228
f 1115/1471/1224 1121/1477/1230 1118/1474/1227
f 1115/1471/1224 1120/1476/1229 1121/1477/1230
f 572/763/636 1122/1478/1231 1123/1479/1232
f 572/763/636 1123/1479/1232 573/764/637
f 572/763/636 1124/1480/1233 1122/1478/1231
f 572/763/636 575/766/639 1124/1480/1233
f 1125/1481/1234 3620/1482/1235 1126/1483/1236
f 1125/1481/1234 1127/1484/1237 3620/1482/1235
f 1125/1485/1234 1128/1486/1238 1129/1487/1239
f 1125/1485/1234 1130/1488/1240 1128/1486/1238
f 1125/1485/1234 1129/1487/1239 1127/1489/1237
f 1125/1490/1234 1126/1491/1236 1130/1492/1240
f 1131/1493/1241 1969/1494/1242 1132/1495/1243
f 1131/1493/1241 1133/1496/1244 1134/1497/1245
f 1131/1493/1241 1135/1498/1246 1136/1499/1247
f 1131/1493/1241 1136/1499/1247 1133/1496/1244
f 1131/1493/1241 1132/1495/1243 1137/1500/1248
f 1131/1493/1241 1134/1497/1245 1969/1494/1242
f 1131/1493/1241 1137/1500/1248 1135/1498/1246
f 1138/1501/1249 1139/1502/1250 1140/1503/1251
f 1138/1501/1249 1141/1504/1252 1142/1505/1253
f 1138/1501/1249 1143/1506/1254 1141/1504/1252
f 1138/1501/1249 1140/1503/1251 1144/1507/1255
f 1138/1501/1249 1142/1505/1253 1139/1502/1250
f 1138/1501/1249 1144/1507/1255 1143/1506/1254
f 1145/1508/1256 231/305/260 1149/1509/1257
f 1145/1510/1256 1146/1511/1258 1147/1512/1259
f 1145/1508/1256 1147/1513/1259 231/305/260
f 1145/1510/1256 1148/1514/1260 1146/1511/1258
f 1145/1510/1256 1149/1515/1257 1148/1514/1260
f 1150/1516/1261 1154/1517/1262 35/51/39
f 1150/1518/1261 1151/1519/1263 1152/1520/1264
f 1150/1518/1261 1153/1521/1265 1151/1519/1263
f 1150/1518/1261 1152/1520/1264 1154/1522/1262
f 1150/1516/1261 35/51/39 1155/1523/1266
f 1150/1516/1261 1155/1523/1266 1153/1524/1265
f 1156/1525/1267 1157/1526/1268 1158/1527/1269
f 1156/1525/1267 1159/1528/1270 1160/1529/1271
f 1156/1525/1267 1158/1527/1269 1161/1530/1272
f 1156/1525/1267 1160/1529/1271 1162/1531/1273
f 1156/1525/1267 1162/1531/1273 1157/1526/1268
f 1156/1525/1267 1161/1530/1272 1159/1528/1270
f 1163/1532/1274 294/388/331 2967/1533/1275
f 1163/1532/1274 1164/1534/1276 433/578/479
f 1163/1532/1274 2967/1533/1275 1164/1534/1276
f 1163/1532/1274 433/578/479 294/388/331
f 1165/1535/1277 1166/1536/1278 1167/1537/1279
f 1165/1538/1277 3880/1539/1280 1168/1540/1281
f 1165/1535/1277 1169/1541/1282 1166/1536/1278
f 1165/1538/1277 1168/1540/1281 1170/1542/1283
f 1165/1535/1277 1172/1543/1284 1169/1541/1282
f 1165/1538/1277 1171/1544/1285 1172/1545/1284
f 1165/1538/1277 1170/1542/1283 1171/1544/1285
f 1165/1538/1277 1167/1546/1279 3880/1539/1280
f 1173/1547/1286 1174/1548/1287 3283/1549/1288
f 1173/1547/1286 1175/1550/1289 1176/1551/1290
f 1173/1547/1286 1177/1552/1291 1175/1550/1289
f 1173/1547/1286 3283/1549/1288 1177/1552/1291
f 1173/1547/1286 1176/1551/1290 1174/1548/1287
f 1178/1553/1292 416/555/92 1179/1554/1293
f 1178/1553/1292 1180/1555/1294 416/555/92
f 1178/1553/1292 4298/1556/1295 1181/1557/1296
f 1178/1553/1292 1179/1554/1293 4298/1556/1295
f 1178/1553/1292 1181/1557/1296 1180/1555/1294
f 1182/1558/1297 495/660/548 1183/1559/1298
f 1182/1558/1297 1184/1560/1299 495/660/548
f 1182/1558/1297 1183/1559/1298 1185/1561/1300
f 1182/1558/1297 1186/1562/1301 1184/1560/1299
f 1182/1558/1297 1185/1561/1300 1186/1562/1301
f 1187/1563/1302 1188/1564/1303 1189/1565/1304
f 1187/1566/1302 1189/1567/1304 1191/1568/1305
f 1187/1563/1302 1190/1569/1306 4384/1570/1307
f 1187/1563/1302 1191/1571/1305 1190/1569/1306
f 1187/1563/1302 1192/1572/1308 1188/1564/1303
f 1187/1563/1302 4384/1570/1307 1192/1572/1308
f 1193/1573/1309 1194/1574/1310 1195/1575/1311
f 1193/1573/1309 1196/1576/1312 1197/1577/1313
f 1193/1573/1309 1197/1577/1313 1198/1578/1314
f 1193/1573/1309 1195/1575/1311 1196/1576/1312
f 1193/1573/1309 1198/1578/1314 1194/1574/1310
f 507/677/563 1199/1579/1315 850/1125/933
f 507/677/563 850/1125/933 508/678/564
f 507/677/563 1200/1580/1316 1199/1579/1315
f 507/677/563 512/682/568 1200/1580/1316
f 1201/1581/1317 1202/1582/1318 1203/1583/1319
f 1201/1581/1317 1204/1584/1320 1205/1585/1321
f 1201/1581/1317 1206/1586/1322 303/398/339
f 1201/1581/1317 1205/1585/1321 1206/1586/1322
f 1201/1581/1317 1207/1587/1323 1202/1582/1318
f 1201/1581/1317 1203/1583/1319 1204/1584/1320
f 1201/1581/1317 303/398/339 1207/1587/1323
f 1209/1588/1324 3153/1589/1325 449/1590/499
f 1209/1588/1324 3992/1591/1326 1208/1592/1327
f 1209/1593/1324 1208/1594/1327 1210/1595/1328
f 1209/1588/1324 448/1596/498 3992/1591/1326
f 1209/1588/1324 449/1590/499 448/1596/498
f 1209/1597/1324 1210/1598/1328 3153/1599/1325
f 1211/1600/1329 4252/1601/1330 1212/1602/1331
f 1211/1600/1329 1213/1603/1332 1214/1604/1333
f 1211/1600/1329 1215/1605/1334 1213/1603/1332
f 1211/1606/1329 1212/1607/1331 1216/1608/1335
f 1211/1600/1329 1217/1609/1336 4252/1601/1330
f 1211/1600/1329 1214/1604/1333 1217/1609/1336
f 1211/1600/1329 1216/1610/1335 1215/1605/1334
f 1218/1611/1337 1219/1612/1338 1220/1613/1339
f 1218/1611/1337 1221/1614/1340 1222/1615/1341
f 1218/1611/1337 1222/1615/1341 1223/1616/1342
f 1218/1611/1337 1220/1613/1339 1221/1614/1340
f 1218/1611/1337 1224/1617/1343 1219/1612/1338
f 1218/1611/1337 1223/1616/1342 1225/1618/1344
f 1218/1611/1337 1225/1618/1344 1224/1617/1343
f 1226/1619/1345 109/145/127 113/152/132
f 1226/1619/1345 4135/1620/1346 1227/1621/1347
f 1226/1619/1345 4365/1622/1348 109/145/127
f 1226/1619/1345 1228/1623/1349 4365/1622/1348
f 1226/1619/1345 1227/1621/1347 1228/1623/1349
f 1226/1619/1345 113/152/132 4135/1620/1346
f 1229/1624/1350 1230/1625/1351 1231/1626/1352
f 1229/1624/1350 1232/1627/1353 1233/1628/1354
f 1229/1624/1350 1234/1629/1355 1232/1627/1353
f 1229/1624/1350 1231/1626/1352 1234/1629/1355
f 1229/1624/1350 1235/1630/1356 1230/1625/1351
f 1229/1624/1350 1233/1628/1354 1235/1630/1356
f 1236/1631/1357 552/741/614 1237/1632/1358
f 1236/1631/1357 1238/1633/1359 1239/1634/1360
f 1236/1631/1357 1240/1635/1361 1241/1636/1362
f 1236/1631/1357 1241/1636/1362 1238/1633/1359
f 1236/1631/1357 1237/1632/1358 1240/1635/1361
f 1236/1631/1357 1239/1634/1360 552/741/614
f 788/1048/867 790/1047/869 1242/1637/1363
f 788/1044/867 1243/1638/1364 1244/1639/1365
f 788/1044/867 1242/1640/1363 1243/1638/1364
f 788/1044/867 1244/1639/1365 789/1045/868
f 1245/1641/1366 1246/1642/1367 1247/1643/1368
f 1245/1641/1366 1247/1643/1368 1248/1644/1369
f 1245/1641/1366 1248/1644/1369 1249/1645/1370
f 1245/1641/1366 3790/1646/1371 539/1647/598
f 1245/1641/1366 1249/1645/1370 3790/1646/1371
f 1245/1641/1366 539/1647/598 1246/1642/1367
f 1250/1648/1372 1251/1649/1373 1252/1650/1374
f 1250/1648/1372 1253/1651/1375 1254/1652/1376
f 1250/1648/1372 1252/1650/1374 1253/1651/1375
f 1250/1648/1372 1255/1653/1377 1251/1649/1373
f 1250/1648/1372 1254/1652/1376 1255/1653/1377
f 1256/1654/1378 157/213/179 1257/1655/1379
f 1256/1654/1378 1258/1656/1380 1259/1657/1381
f 1256/1654/1378 1257/1655/1379 1260/1658/1382
f 1256/1654/1378 1260/1658/1382 1258/1656/1380
f 1256/1654/1378 1261/1659/1383 157/213/179
f 1256/1654/1378 1259/1657/1381 1261/1659/1383
f 1262/1660/1384 979/1288/1076 1263/1661/1385
f 1262/1660/1384 1169/1541/1282 1172/1543/1284
f 1262/1660/1384 1264/1662/1386 1169/1541/1282
f 1262/1660/1384 1265/1663/1387 979/1288/1076
f 1262/1660/1384 1266/1664/1388 1264/1662/1386
f 1262/1660/1384 1172/1543/1284 1265/1663/1387
f 1262/1660/1384 1263/1661/1385 1266/1664/1388
f 1269/1665/1389 1586/1666/1390 1267/1667/1391
f 1269/1665/1389 1268/1668/1392 1586/1666/1390
f 1269/1669/1389 1270/1670/1393 1268/1671/1392
f 1269/1665/1389 32/44/34 1270/1672/1393
f 1269/1665/1389 1271/1673/1394 32/44/34
f 1269/1665/1389 1267/1667/1391 1271/1673/1394
f 1272/1674/1395 1273/1675/1396 1274/1676/1397
f 1272/1677/1395 1275/1678/1398 1273/1679/1396
f 1272/1677/1395 1276/1680/1399 1275/1678/1398
f 1272/1674/1395 1277/1681/1400 1276/1682/1399
f 1272/1674/1395 1274/1676/1397 1277/1681/1400
f 184/248/204 183/247/207 1086/1425/1194
f 184/248/204 1278/1683/1401 1279/1684/205
f 184/248/204 1086/1425/1194 1278/1683/1401
f 1280/1685/211 1281/1686/1402 1282/1687/1403
f 1280/253/211 2419/255/213 1281/1688/1402
f 1280/1685/211 1282/1687/1403 188/1689/212
f 1283/1690/1404 1284/1691/1405 1285/1692/1406
f 1283/1690/1404 62/84/72 831/1693/912
f 1283/1694/1404 1286/1695/1407 1284/1696/1405
f 1283/1697/1404 831/1698/912 1286/1699/1407
f 1283/1690/1404 1285/1692/1406 62/84/72
f 1287/1700/1408 1288/1701/1409 1289/1702/1410
f 1287/1700/1408 1290/1703/1411 1291/1704/1412
f 1287/1700/1408 1292/1705/1413 1288/1701/1409
f 1287/1700/1408 1291/1704/1412 1292/1705/1413
f 1287/1700/1408 1289/1702/1410 1290/1703/1411
f 946/1252/1040 948/1254/1042 1293/1706/1414
f 946/1252/1040 1294/1707/1415 947/1253/1041
f 946/1252/1040 1293/1706/1414 1295/1708/1416
f 1296/1709/1417 3338/1710/1418 1297/1711/1419
f 1296/1712/1417 2978/1713/1420 4260/1714/1421
f 1296/1709/1417 1299/1715/1422 3338/1710/1418
f 1296/1712/1417 1298/1716/1423 1299/1717/1422
f 1296/1712/1417 1297/1718/1419 2978/1713/1420
f 1296/1712/1417 4260/1714/1421 1298/1716/1423
f 1300/1719/1424 1301/1720/1425 1302/1721/1426
f 1300/1719/1424 3299/1722/51 1303/1723/1427
f 1300/1719/1424 1304/1724/1428 1301/1720/1425
f 1300/1719/1424 1302/1721/1426 3299/1722/51
f 1300/1719/1424 1303/1723/1427 1304/1724/1428
f 405/544/452 967/1276/1064 406/545/453
f 1305/1725/1429 412/551/459 1306/1726/1430
f 1305/1725/1429 1306/1726/1430 1307/1727/1431
f 1305/1725/1429 1308/1728/1432 1309/1729/1433
f 1305/1725/1429 1307/1727/1431 1308/1728/1432
f 1305/1725/1429 1310/1730/1434 412/551/459
f 1305/1725/1429 1309/1729/1433 1310/1730/1434
f 1311/1731/1435 1312/1732/1436 1313/1733/1437
f 1311/1731/1435 1314/1734/1438 1315/1735/1439
f 1311/1731/1435 1313/1733/1437 1314/1734/1438
f 1311/1731/1435 1316/1736/1440 1312/1732/1436
f 1311/1731/1435 1317/1737/1441 1316/1736/1440
f 1311/1731/1435 1315/1735/1439 1317/1737/1441
f 1318/1738/1442 1319/1739/1443 2180/1740/1444
f 1318/1738/1442 1320/1741/1445 1321/1742/1446
f 1318/1738/1442 2180/1740/1444 1322/1743/1447
f 1318/1738/1442 1322/1743/1447 1320/1741/1445
f 1318/1738/1442 1321/1742/1446 1319/1739/1443
f 1323/1744/1448 4178/1745/1449 1324/1746/1450
f 1323/1744/1448 1325/1747/1451 1326/1748/1452
f 1323/1744/1448 1324/1746/1450 1327/1749/1453
f 1323/1744/1448 1326/1748/1452 4178/1745/1449
f 1323/1744/1448 1327/1749/1453 1325/1747/1451
f 1328/1750/1454 1329/1751/1455 3156/1752/1456
f 1328/1750/1454 1330/1753/1457 1331/1754/1458
f 1328/1750/1454 3156/1752/1456 1332/1755/1459
f 1328/1750/1454 1333/1756/1460 1330/1753/1457
f 1328/1750/1454 827/1094/908 1334/1757/1461
f 1328/1750/1454 1334/1757/1461 1333/1756/1460
f 1328/1750/1454 1331/1754/1458 1329/1751/1455
f 1328/1750/1454 1332/1755/1459 827/1094/908
f 260/340/292 264/345/297 3918/1758/1462
f 260/1759/292 1335/1760/1463 4375/1761/1464
f 260/1759/292 4375/1761/1464 1336/1762/293
f 260/1759/292 3918/1763/1462 1335/1760/1463
f 266/347/299 1403/1764/371 1337/1765/1465
f 266/347/299 268/349/301 1403/1764/371
f 266/347/299 1337/1765/1465 267/348/300
f 1338/1766/1466 273/354/306 1339/1767/1467
f 1338/1766/1466 856/1140/942 274/355/307
f 1338/1766/1466 1339/1767/1467 1340/1768/1468
f 1338/1766/1466 274/355/307 273/354/306
f 1338/1766/1466 1341/1769/1469 856/1140/942
f 1338/1766/1466 1340/1768/1468 1341/1769/1469
f 1342/1770/1470 1343/1771/1471 535/714/594
f 1342/1770/1470 1344/1772/1472 1345/1773/1473
f 1342/1770/1470 3791/713/593 1346/1774/1474
f 1342/1770/1470 535/714/594 3791/713/593
f 1342/1770/1470 1345/1773/1473 1343/1771/1471
f 1342/1770/1470 1346/1774/1474 1344/1772/1472
f 1349/1145/947 1347/1775/321 1348/1776/1475
f 1349/1777/947 861/1778/949 288/373/322
f 1349/1145/947 1348/1776/1475 860/1146/948
f 1349/1777/947 288/373/322 1347/372/321
f 1350/1779/1476 1351/1780/1477 1352/1781/1478
f 1350/1779/1476 1027/1343/1125 1030/1346/1128
f 1350/1779/1476 1353/1782/1479 1027/1343/1125
f 1350/1779/1476 1352/1781/1478 1353/1782/1479
f 1350/1779/1476 1030/1346/1128 1351/1780/1477
f 1358/1783/1480 1354/1784/1481 1355/1785/1482
f 1358/1783/1480 1355/1785/1482 1356/1786/1483
f 1358/1783/1480 119/1787/139 117/1788/135
f 1358/1783/1480 1356/1786/1483 1357/1789/1484
f 1358/1790/1480 1357/1791/1484 119/1792/139
f 1358/1783/1480 1359/1793/1485 1354/1784/1481
f 1358/1783/1480 117/1788/135 1359/1793/1485
f 1360/1794/1486 1362/1795/1487 785/1041/864
f 1360/1796/1486 1361/1797/1488 1362/1798/1487
f 1360/1794/1486 785/1041/864 1363/1799/1489
f 1360/1796/1486 1365/1800/1490 1364/1801/1491
f 1360/1794/1486 1363/1799/1489 1365/1802/1490
f 1360/1796/1486 1364/1801/1491 1361/1797/1488
f 1369/1803/1492 1366/1804/1493 1367/1805/1494
f 1369/1803/1492 1370/1806/1495 1366/1804/1493
f 1369/1807/1492 1368/1808/1195 2296/1809/1496
f 1369/1803/1492 1367/1805/1494 1368/1810/1195
f 1369/1807/1492 2296/1809/1496 4211/1811/1497
f 1369/1812/1492 4211/1813/1497 1370/1814/1495
f 1371/1815/1498 838/1105/918 1372/1816/1499
f 1371/1815/1498 1373/1817/1500 4397/1818/1501
f 1371/1815/1498 4397/1818/1501 1374/1819/1502
f 1371/1815/1498 1372/1816/1499 1373/1817/1500
f 1371/1815/1498 1374/1819/1502 838/1105/918
f 1375/1820/1503 1376/1821/1504 1377/1822/1505
f 1375/1820/1503 1378/1823/1506 1379/1824/1507
f 1375/1820/1503 1380/1825/1508 1376/1821/1504
f 1375/1820/1503 1377/1822/1505 1381/1826/1509
f 1375/1820/1503 1381/1826/1509 1378/1823/1506
f 1375/1820/1503 1379/1824/1507 1380/1825/1508
f 1382/1827/1510 2033/1828/1511 1383/1829/1512
f 1382/1827/1510 1383/1829/1512 26/36/28
f 1382/1827/1510 1384/1830/1513 2033/1828/1511
f 1382/1827/1510 1385/1831/1514 1386/1832/1515
f 1382/1827/1510 26/36/28 1385/1831/1514
f 1382/1827/1510 1386/1832/1515 1384/1830/1513
f 1387/1833/1516 1388/1834/1517 1389/1835/1518
f 1387/1836/1516 1389/1837/1518 1298/1838/1423
f 1387/1833/1516 1390/1839/1519 1391/1840/1520
f 1387/1833/1516 1392/1841/1521 1390/1839/1519
f 1387/1833/1516 1298/1842/1423 1392/1841/1521
f 1387/1833/1516 1391/1840/1520 1388/1834/1517
f 1393/1843/1522 1394/1844/1523 807/1071/888
f 1393/1843/1522 1395/1845/1524 1396/1846/1525
f 1393/1843/1522 806/1070/887 1397/1847/1526
f 1393/1843/1522 807/1071/888 806/1070/887
f 1393/1843/1522 1397/1847/1526 1395/1845/1524
f 1393/1843/1522 1396/1846/1525 1394/1844/1523
f 1403/439/371 1398/1848/1527 1399/1849/1528
f 1403/1850/371 1400/1851/1529 1401/1852/1530
f 1403/439/371 900/1191/992 1402/1853/1531
f 1403/1764/371 268/349/301 1415/1854/1532
f 1403/1855/371 400/537/445 403/542/450
f 1403/439/371 337/442/374 1404/1856/1533
f 1403/439/371 1405/1857/1534 1406/1858/1535
f 1403/1764/371 1407/1859/1536 1408/1860/1537
f 1403/1855/371 1409/1861/1538 1410/1862/1539
f 1403/439/371 1411/1863/1540 1405/1857/1534
f 1403/439/371 1404/1856/1533 1412/1864/1541
f 1403/439/371 1413/1865/1542 335/440/372
f 1403/1855/371 1410/1862/1539 1414/1866/1543
f 1403/1850/371 1415/1867/1532 4350/1868/1544
f 1403/439/371 1416/1869/1545 1398/1848/1527
f 1403/439/371 1399/1849/1528 1411/1863/1540
f 1403/1764/371 1408/1860/1537 1337/1765/1465
f 1403/1850/371 4350/1868/1544 1417/1870/1546
f 1403/1850/371 1418/1871/1547 1400/1851/1529
f 1403/439/371 1412/1864/1541 1419/1872/1548
f 1403/1850/371 1401/1852/1530 1409/1873/1538
f 1403/439/371 403/1874/450 899/1190/991
f 1403/439/371 1419/1872/1548 1416/1869/1545
f 1403/1855/371 1414/1866/1543 400/537/445
f 1403/1764/371 1406/1875/1535 1407/1859/1536
f 1403/1850/371 1417/1870/1546 1418/1871/1547
f 1403/439/371 1402/1853/1531 1413/1865/1542
f 1420/1876/1549 1421/1877/1550 1422/1878/1551
f 1420/1876/1549 1423/1879/1552 3395/1880/1553
f 1420/1876/1549 1422/1878/1551 1424/1881/1554
f 1420/1882/1549 1425/1883/1555 1423/1884/1552
f 1420/1876/1549 3395/1880/1553 1421/1877/1550
f 1420/1882/1549 1424/1885/1554 1425/1883/1555
f 1426/1886/1556 1427/1887/1557 1428/1888/1558
f 1426/1886/1556 1429/1889/1559 1427/1887/1557
f 1426/1886/1556 1430/1890/1560 1431/1891/1561
f 1426/1886/1556 1432/1892/1562 1430/1890/1560
f 1426/1886/1556 1433/1893/1563 1432/1892/1562
f 1426/1886/1556 1428/1888/1558 1433/1893/1563
f 1426/1886/1556 1431/1891/1561 1429/1889/1559
f 1434/1894/1564 202/272/227 1435/1895/1565
f 1434/1894/1564 1435/1895/1565 563/752/625
f 1434/1894/1564 563/752/625 1436/1896/1566
f 1434/1894/1564 1436/1896/1566 202/272/227
f 1437/1897/1567 1438/1898/1568 1439/1899/1569
f 1437/1897/1567 1440/1900/1570 1441/1901/1571
f 1437/1897/1567 1442/1902/1572 1438/1898/1568
f 1437/1897/1567 1443/1903/1573 1440/1900/1570
f 1437/1897/1567 1439/1899/1569 1443/1903/1573
f 1437/1897/1567 1441/1901/1571 1442/1902/1572
f 1444/1904/1574 1445/1905/1575 1447/1906/1576
f 1444/1907/1574 1446/1908/1577 890/1181/982
f 1444/1907/1574 1447/1909/1576 1446/1908/1577
f 1444/1907/1574 890/1181/982 889/1180/981
f 1444/1904/1574 889/1910/981 1448/1911/1578
f 1444/1904/1574 1448/1911/1578 1445/1905/1575
f 1449/1912/1579 1450/1913/1580 1451/1914/1581
f 1449/1912/1579 1452/1915/1582 1450/1913/1580
f 1449/1912/1579 1453/1916/1583 1452/1915/1582
f 1449/1912/1579 1451/1914/1581 1454/1917/1584
f 1449/1912/1579 1454/1917/1584 1455/1918/1585
f 1449/1912/1579 1455/1918/1585 1453/1916/1583
f 1459/1919/1586 1456/1920/1587 1457/1921/1588
f 1459/1919/1586 1458/1922/1589 1456/1920/1587
f 1459/1923/1586 1460/1924/1590 1461/1925/1591
f 1459/1919/1586 1457/1921/1588 4190/1926/1592
f 1459/1919/1586 4190/1926/1592 1460/1927/1590
f 1459/1919/1586 1461/1928/1591 4433/1929/1593
f 1459/1919/1586 4433/1929/1593 1458/1922/1589
f 469/628/519 1462/1930/1594 1463/1931/1595
f 469/628/519 1463/1931/1595 674/888/746
f 469/628/519 474/633/524 1462/1930/1594
f 469/628/519 674/888/746 470/629/520
f 1464/1932/1596 1465/1933/1597 1466/1934/1598
f 1464/1932/1596 1466/1934/1598 1467/1935/1599
f 1464/1932/1596 1468/1936/1600 1469/1937/1601
f 1464/1932/1596 1470/1938/1602 1471/1939/1603
f 1464/1932/1596 1467/1935/1599 1468/1936/1600
f 1464/1932/1596 1471/1939/1603 1465/1933/1597
f 1464/1932/1596 1469/1937/1601 1470/1938/1602
f 97/132/114 1472/1940/1604 4112/133/115
f 97/132/114 99/135/117 1473/1941/1605
f 97/132/114 1474/1942/1606 1472/1940/1604
f 97/132/114 1473/1941/1605 1474/1942/1606
f 1475/1943/1607 1476/1944/1608 101/1945/119
f 1475/1943/1607 1477/1946/1609 1478/1947/1610
f 1475/1943/1607 1479/1948/1611 1476/1944/1608
f 1475/1943/1607 1478/1947/1610 105/141/123
f 1475/1943/1607 101/1945/119 1477/1946/1609
f 1475/1943/1607 105/141/123 1479/1948/1611
f 1483/1949/1612 1485/1950/1613 537/716/596
f 1483/1949/1612 537/716/596 1480/1951/1614
f 1483/1949/1612 1481/1952/1615 1482/1953/1616
f 1483/1949/1612 1480/1951/1614 1481/1952/1615
f 1483/1954/1612 1484/1955/1617 1485/1956/1613
f 1483/1954/1612 1482/1957/1616 1484/1955/1617
f 1486/1958/1618 1816/1959/1619 3795/1960/1620
f 1486/1958/1618 1312/1732/1436 1487/1961/1621
f 1486/1958/1618 1488/1962/1622 1816/1959/1619
f 1486/1958/1618 1487/1961/1621 1488/1962/1622
f 1486/1958/1618 1313/1733/1437 1312/1732/1436
f 1486/1958/1618 3795/1960/1620 1313/1733/1437
f 1489/1963/1623 1490/1964/1624 1491/1965/1625
f 1489/1963/1623 1492/1966/1626 315/418/352
f 1489/1963/1623 314/417/351 1490/1964/1624
f 1489/1963/1623 1491/1965/1625 1492/1966/1626
f 1489/1963/1623 315/418/352 314/417/351
f 1493/1967/383 1494/1968/1627 1495/1969/1628
f 1493/1967/383 1495/1969/1628 1496/1970/1629
f 1493/454/383 1496/1971/1629 345/455/384
f 1493/1967/383 348/1972/387 1494/1968/1627
f 1497/1973/1630 1498/1974/1631 1778/1975/257
f 1497/1973/1630 1499/1976/1632 1500/1977/1633
f 1497/1973/1630 1778/1975/257 2878/1978/1634
f 1497/1973/1630 2878/1978/1634 1499/1976/1632
f 1497/1973/1630 1500/1977/1633 1498/1974/1631
f 1501/1979/1635 1502/1980/1636 1503/1981/1637
f 1501/1979/1635 1503/1981/1637 1504/1982/1638
f 1501/1979/1635 1505/1983/1639 1502/1980/1636
f 1501/1979/1635 1506/1984/1640 1505/1983/1639
f 1501/1979/1635 1507/1985/1641 1508/1986/1642
f 1501/1979/1635 1504/1982/1638 1507/1985/1641
f 1501/1979/1635 1508/1986/1642 1506/1984/1640
f 1509/1987/1643 1510/1988/1644 1511/1989/1645
f 1509/1990/1643 1512/1991/1646 1513/1992/1647
f 1509/1987/1643 4250/1993/1648 1514/1994/1649
f 1509/1987/1643 1514/1994/1649 1510/1988/1644
f 1509/1990/1643 1511/1995/1645 1512/1991/1646
f 1509/1990/1643 1513/1992/1647 4250/1996/1648
f 1515/1997/1650 504/672/559 1517/675/561
f 1515/1998/1650 3623/1999/1651 760/2000/836
f 1515/1997/1650 760/1002/836 1516/2001/1652
f 1515/1998/1650 1517/2002/561 3623/1999/1651
f 1515/1997/1650 1516/2001/1652 504/672/559
f 509/679/565 511/681/567 1133/1496/1244
f 509/679/565 1133/1496/1244 1136/1499/1247
f 509/679/565 1136/1499/1247 510/680/566
f 1518/2003/1653 1522/2004/1654 1519/2005/1655
f 1518/2003/1653 1519/2005/1655 1520/2006/1656
f 1518/2007/1653 1521/2008/1657 1522/2009/1654
f 1518/2003/1653 1520/2006/1656 1523/2010/1658
f 1518/2007/1653 1523/2011/1658 1521/2008/1657
f 226/299/254 228/301/256 4335/2012/1659
f 226/299/254 4335/2012/1659 4021/2013/1660
f 226/299/254 4021/2013/1660 227/300/255
f 1524/2014/1661 1525/2015/1662 1526/2016/1663
f 1524/2014/1661 1527/2017/1664 1525/2015/1662
f 1524/2014/1661 4391/2018/1665 1527/2017/1664
f 1343/1771/1471 1528/2019/1666 1529/2020/1667
f 1343/1771/1471 4122/2021/1668 1528/2019/1666
f 1343/1771/1471 1345/1773/1473 1530/2022/1669
f 1343/1771/1471 1530/2022/1669 4122/2021/1668
f 1343/1771/1471 1529/2020/1667 535/714/594
f 1531/2023/1670 543/722/602 112/149/130
f 1531/2023/1670 1532/2024/1671 546/725/605
f 1531/2023/1670 1533/2025/1672 1532/2024/1671
f 1531/2023/1670 546/725/605 544/723/603
f 1531/2023/1670 544/723/603 543/722/602
f 1531/2023/1670 112/149/130 1533/2025/1672
f 1534/2026/1673 1230/1625/1351 1235/1630/1356
f 1534/2027/1673 2160/2028/1674 1157/1526/1268
f 1534/2027/1673 1157/1526/1268 3629/2029/1675
f 1534/2027/1673 3629/2029/1675 3630/2030/1676
f 1534/2027/1673 1535/2031/1677 2160/2028/1674
f 1534/2027/1673 3630/2030/1676 1230/2032/1351
f 1534/2026/1673 1235/1630/1356 1535/2033/1677
f 1536/2034/1678 1537/2035/1679 1538/2036/1680
f 1536/2034/1678 1539/2037/1681 1540/2038/1682
f 1536/2034/1678 1540/2038/1682 1541/2039/1683
f 1536/2034/1678 1542/2040/1684 1539/2037/1681
f 1536/2034/1678 1541/2039/1683 1543/2041/1685
f 1536/2034/1678 1538/2036/1680 1542/2040/1684
f 1536/2034/1678 1543/2041/1685 1537/2035/1679
f 1544/2042/1686 1545/2043/1687 1546/2044/1688
f 1544/2042/1686 2/2/2 6/9/7
f 1544/2042/1686 1547/2045/1689 1548/2046/1690
f 1544/2042/1686 1548/2046/1690 764/1009/841
f 1544/2042/1686 6/9/7 1545/2043/1687
f 1544/2042/1686 1546/2044/1688 1547/2045/1689
f 1544/2042/1686 764/1009/841 2/2/2
f 1549/2047/1691 1550/2048/1692 998/1307/1095
f 1549/2047/1691 1551/2049/1693 1550/2048/1692
f 1549/2047/1691 994/1303/1091 1552/2050/1694
f 1549/2047/1691 995/1304/1092 994/1303/1091
f 1549/2047/1691 1552/2050/1694 1551/2049/1693
f 1549/2047/1691 998/1307/1095 995/1304/1092
f 1553/2051/1695 1554/2052/1696 192/259/217
f 1553/2051/1695 4194/2053/1697 1554/2052/1696
f 1553/2051/1695 192/259/217 190/257/215
f 1553/2051/1695 4030/2054/1698 4195/2055/1699
f 1553/2051/1695 1555/2056/1700 1556/2057/1701
f 1553/2051/1695 4195/2055/1699 4194/2053/1697
f 1553/2051/1695 190/257/215 1555/2056/1700
f 1553/2051/1695 1556/2057/1701 4030/2054/1698
f 1557/2058/1702 1558/2059/1703 1559/2060/1704
f 1557/2058/1702 1560/2061/1705 1561/2062/1706
f 1557/2058/1702 1562/2063/1707 1560/2061/1705
f 1557/2058/1702 1559/2060/1704 1563/2064/1708
f 1557/2058/1702 1563/2064/1708 1564/2065/1709
f 1557/2058/1702 1561/2062/1706 1558/2059/1703
f 1557/2058/1702 1564/2065/1709 1562/2063/1707
f 1571/2066/1710 1565/2067/1711 1566/2068/1712
f 1571/2069/1710 1567/2070/1713 1568/2071/1714
f 1571/2066/1710 1569/2072/1715 1565/2067/1711
f 1571/2066/1710 1566/2068/1712 1567/2073/1713
f 1571/2074/1710 1568/2075/1714 1570/2076/1716
f 1571/2077/1710 1570/2078/1716 1569/2079/1715
f 1572/2080/1717 1573/2081/1718 1574/2082/1719
f 1572/2080/1717 1575/2083/1720 1048/1382/1152
f 1572/2080/1717 1574/2082/1719 4417/2084/1721
f 1572/2080/1717 4417/2084/1721 1575/2083/1720
f 1572/2080/1717 1048/1382/1152 1573/2081/1718
f 83/115/100 1576/2085/1722 84/116/101
f 83/115/100 1577/2086/1723 1576/2085/1722
f 83/115/100 86/118/103 1578/2087/1724
f 83/115/100 1578/2087/1724 1577/2086/1723
f 1579/1348/1130 4197/2088/1725 533/2089/591
f 1579/2090/1130 532/709/590 1580/2091/1131
f 1579/2090/1130 533/710/591 532/709/590
f 1579/1348/1130 1033/1353/1135 4197/2088/1725
f 1581/2092/1726 98/134/116 1582/2093/1727
f 1581/2092/1726 1583/2094/1728 99/135/117
f 1581/2092/1726 1584/2095/1729 1585/2096/1730
f 1581/2092/1726 99/135/117 98/134/116
f 1581/2092/1726 1582/2093/1727 1584/2095/1729
f 1581/2092/1726 1585/2096/1730 1583/2094/1728
f 1586/2097/1390 1268/1671/1392 432/577/478
f 1586/1666/1390 1587/2098/1731 1267/1667/1391
f 1586/2097/1390 432/577/478 1587/2099/1731
f 1273/1679/1396 1588/2100/1732 1589/2101/1733
f 1273/1679/1396 1275/1678/1398 1588/2100/1732
f 1273/1675/1396 1590/2102/1734 1274/1676/1397
f 1273/1679/1396 1589/2101/1733 1590/2103/1734
f 1591/2104/1735 2505/2105/1736 2799/2106/1737
f 1591/2107/1735 2578/2108/1738 2505/2109/1736
f 1591/2110/1735 4300/2111/1739 709/2112/780
f 1591/2104/1735 2799/2106/1737 4300/2113/1739
f 1591/2114/1735 707/925/778 2578/2115/1738
f 1591/2114/1735 709/926/780 707/925/778
f 1592/2116/1740 1593/2117/1741 1594/2118/1742
f 1592/2116/1740 1595/2119/1743 1596/2120/1744
f 1592/2116/1740 1597/2121/1745 1598/2122/1746
f 1592/2116/1740 1594/2118/1742 1595/2119/1743
f 1592/2116/1740 1598/2122/1746 1593/2117/1741
f 1592/2116/1740 1596/2120/1744 1597/2121/1745
f 1599/2123/1747 122/165/143 1600/2124/1748
f 1599/2123/1747 1601/2125/1749 1602/2126/1750
f 1599/2123/1747 1600/2124/1748 1603/2127/1751
f 1599/2123/1747 1602/2126/1750 122/165/143
f 1599/2123/1747 1603/2127/1751 1604/2128/1752
f 1599/2123/1747 1604/2128/1752 1601/2125/1749
f 1605/2129/1753 1606/2130/1754 1607/2131/1755
f 1605/2129/1753 4392/2132/1756 1608/2133/1757
f 1605/2129/1753 1607/2131/1755 1609/2134/1758
f 1605/2129/1753 1609/2134/1758 982/1291/1079
f 1605/2129/1753 982/1291/1079 4392/2132/1756
f 1605/2129/1753 1608/2133/1757 1606/2130/1754
f 1610/2135/1759 136/184/157 1611/2136/1760
f 1610/2135/1759 1612/2137/1761 136/184/157
f 1610/2135/1759 1611/2136/1760 1613/2138/1762
f 1614/2139/1763 1615/2140/1764 1616/2141/1765
f 1614/2139/1763 144/192/165 146/194/167
f 1614/2139/1763 1616/2141/1765 1617/2142/1766
f 1614/2139/1763 1617/2142/1766 144/192/165
f 1614/2139/1763 146/194/167 1618/2143/1767
f 1614/2139/1763 1618/2143/1767 1615/2140/1764
f 1619/2144/1768 1620/2145/1769 446/2146/496
f 1619/2144/1768 4222/2147/493 1621/2148/1770
f 1619/2144/1768 1621/2148/1770 1622/2149/1771
f 1619/2144/1768 1622/2149/1771 1620/2145/1769
f 1619/2144/1768 446/2146/496 4222/2147/493
f 1623/2150/1772 1624/2151/1773 1625/2152/1774
f 1623/2150/1772 1626/2153/1775 1624/2151/1773
f 1623/2150/1772 1625/2152/1774 1627/2154/1776
f 1623/2150/1772 897/1188/989 1626/2153/1775
f 1623/2150/1772 1627/2154/1776 897/1188/989
f 330/434/366 333/437/369 1628/2155/1777
f 330/434/366 165/221/187 163/219/185
f 330/434/366 1628/2155/1777 165/221/187
f 330/434/366 163/219/185 239/315/270
f 336/441/373 3465/2156/1778 1629/2157/1779
f 336/441/373 1630/2158/1780 3465/2156/1778
f 336/441/373 338/443/375 1630/2158/1780
f 336/441/373 1629/2157/1779 337/442/374
f 1631/2159/1781 1632/2160/1782 1576/2085/1722
f 1631/2161/1781 1633/2162/1783 1634/2163/1784
f 1631/2161/1781 1635/2164/1785 1633/2162/1783
f 1631/2161/1781 1576/2165/1722 1636/2166/1786
f 1631/2159/1781 151/204/174 1632/2160/1782
f 1631/2161/1781 1636/2166/1786 1635/2164/1785
f 1631/2161/1781 1634/2163/1784 151/207/174
f 1637/2167/1787 992/1301/1089 1484/1955/1617
f 1637/2167/1787 1638/2168/1788 1639/2169/1789
f 1637/2167/1787 1639/2169/1789 1640/2170/1790
f 1637/2167/1787 1640/2170/1790 992/1301/1089
f 1637/2167/1787 1484/1955/1617 1482/1957/1616
f 1637/2167/1787 1482/1957/1616 1638/2168/1788
f 1641/2171/1791 1642/2172/1792 1643/2173/1793
f 1641/2171/1791 1168/1540/1281 1644/2174/1794
f 1641/2171/1791 1644/2174/1794 1642/2172/1792
f 1641/2171/1791 1170/1542/1283 1168/1540/1281
f 1641/2171/1791 1643/2173/1793 1170/1542/1283
f 1645/2175/1795 1646/2176/1796 1647/2177/1797
f 1645/2175/1795 1648/2178/1798 1649/2179/1799
f 1645/2175/1795 1647/2177/1797 1648/2178/1798
f 1645/2175/1795 1649/2179/1799 1650/2180/1800
f 1645/2175/1795 1650/2180/1800 1646/2176/1796
f 1651/2181/1801 1652/2182/1802 1653/2183/1803
f 1651/2181/1801 373/491/414 372/489/413
f 1651/2181/1801 1654/2184/1804 1655/2185/1805
f 1651/2181/1801 1655/2185/1805 373/491/414
f 1651/2181/1801 1653/2183/1803 1654/2184/1804
f 1651/2181/1801 372/489/413 1652/2182/1802
f 1656/2186/1806 3013/2187/1807 1657/2188/1808
f 1656/2186/1806 1658/2189/1809 1659/2190/1810
f 1656/2186/1806 1657/2188/1808 1660/2191/1811
f 1656/2192/1806 1660/2193/1811 1658/2194/1809
f 1656/2186/1806 1659/2190/1810 3013/2187/1807
f 1661/2195/1812 1662/2196/1813 1663/2197/1814
f 1661/2195/1812 1664/2198/1815 1436/1896/1566
f 1661/2195/1812 1665/2199/1816 3577/2200/1817
f 1661/2195/1812 3577/2200/1817 1666/2201/1818
f 1661/2195/1812 1663/2197/1814 1664/2198/1815
f 1661/2195/1812 1666/2201/1818 1662/2196/1813
f 1661/2195/1812 1436/1896/1566 1665/2199/1816
f 1009/1316/1104 212/282/237 1006/1317/1105
f 1009/1316/1104 1667/2202/1819 212/282/237
f 1009/1324/1104 1008/1323/1108 1668/2203/1820
f 1009/1316/1104 1668/2204/1820 1667/2202/1819
f 1669/2205/1821 1670/2206/1822 1671/2207/1823
f 1669/2205/1821 1672/2208/1824 1673/2209/1825
f 1669/2205/1821 1671/2207/1823 1674/2210/1826
f 1669/2205/1821 1674/2210/1826 1672/2208/1824
f 1669/2205/1821 1673/2209/1825 1675/2211/1827
f 1669/2205/1821 1676/2212/1828 1670/2206/1822
f 1669/2205/1821 1675/2211/1827 1676/2212/1828
f 1679/2213/1829 1928/2214/1830 1929/2215/1831
f 1679/2213/1829 1929/2215/1831 1677/2216/1832
f 1679/2213/1829 1677/2216/1832 1678/2217/1833
f 1679/2218/1829 1682/2219/1834 548/2220/609
f 1679/2221/1829 1680/2222/608 1681/2223/1835
f 1679/2213/1829 1678/2217/1833 1682/2224/1834
f 1679/2218/1829 548/2220/609 1680/2225/608
f 1679/2221/1829 1681/2223/1835 1928/2226/1830
f 1525/2015/1662 1527/2017/1664 1683/2227/1836
f 1525/2015/1662 1683/2227/1836 1526/2016/1663
f 1684/2228/38 1685/2229/42 1686/2230/1837
f 1684/2228/38 1687/2231/1838 1688/2232/1839
f 1684/50/38 1688/2233/1839 35/51/39
f 1684/2228/38 1686/2230/1837 1687/2231/1838
f 493/658/546 499/664/552 1689/2234/1840
f 493/658/546 1690/2235/1841 494/659/547
f 493/658/546 1689/2234/1840 1691/2236/1842
f 493/658/546 1691/2236/1842 1692/2237/1843
f 493/658/546 1692/2237/1843 1690/2235/1841
f 1693/2238/1844 1694/2239/1845 1695/2240/1846
f 1693/2238/1844 1696/2241/1847 1697/2242/1848
f 1693/2238/1844 1695/2240/1846 1696/2241/1847
f 1693/2238/1844 1697/2242/1848 1694/2239/1845
f 1699/2243/1849 1931/2244/1850 1698/2245/1851
f 1699/2246/1849 1700/2247/1852 1701/2248/1853
f 1699/2243/1849 1698/2245/1851 1702/2249/1854
f 1699/2243/1849 1702/2249/1854 126/2250/147
f 1699/2243/1849 1701/2251/1853 1931/2244/1850
f 1699/2246/1849 126/170/147 1700/2247/1852
f 1703/2252/1855 4250/2253/1648 2070/2254/1856
f 1703/2252/1855 1704/2255/1857 1705/2256/1858
f 1703/2252/1855 4000/2257/1859 4250/2253/1648
f 1703/2252/1855 2070/2254/1856 1704/2255/1857
f 1703/2252/1855 1705/2256/1858 4000/2257/1859
f 1706/2258/1860 1707/2259/1861 1070/1406/1175
f 1706/2258/1860 1070/1406/1175 1708/2260/1862
f 1706/2258/1860 1708/2260/1862 1709/2261/1863
f 1706/2258/1860 1709/2261/1863 1710/2262/1864
f 1706/2258/1860 1711/2263/1865 1707/2259/1861
f 1706/2258/1860 1710/2262/1864 1711/2263/1865
f 1713/2264/1866 1716/2265/1867 1712/2266/1868
f 1713/2267/1866 1715/2268/1869 3448/2269/1870
f 1713/2264/1866 1714/2270/1871 1715/2271/1869
f 1713/2264/1866 1712/2266/1868 1714/2270/1871
f 1713/2267/1866 3448/2269/1870 1716/2272/1867
f 1717/2273/1872 4193/2274/1873 4039/2275/1874
f 1717/2273/1872 1718/2276/1875 3828/2277/1876
f 1717/2273/1872 4039/2275/1874 1719/2278/1877
f 1717/2273/1872 3828/2277/1876 4193/2274/1873
f 1717/2273/1872 1720/2279/1878 1718/2276/1875
f 1717/2273/1872 1719/2278/1877 1721/2280/1879
f 1717/2273/1872 1721/2280/1879 1720/2279/1878
f 1722/2281/1880 1723/2282/1881 1724/2283/1882
f 1722/2281/1880 1725/2284/1883 811/1075/892
f 1722/2281/1880 1726/2285/1884 1727/2286/1885
f 1722/2281/1880 1727/2286/1885 1725/2284/1883
f 1722/2281/1880 1728/2287/1886 1726/2285/1884
f 1722/2281/1880 1724/2283/1882 1728/2287/1886
f 1722/2281/1880 811/1075/892 1723/2282/1881
f 1730/2288/1887 4185/2289/1888 1729/2290/1889
f 1730/2291/1887 3619/2292/1890 1731/2293/1891
f 1730/2288/1887 1729/2290/1889 3838/2294/1892
f 1730/2291/1887 1731/2293/1891 1732/2295/1893
f 1730/2288/1887 1732/2296/1893 4185/2289/1888
f 1730/2291/1887 3838/2297/1892 3619/2292/1890
f 1736/2298/320 1733/2299/1894 1734/2300/1895
f 1736/379/320 289/378/325 1735/2301/1896
f 1736/2298/320 1735/2302/1896 1733/2299/1894
f 1736/2303/320 1734/2304/1895 2814/2305/1897
f 1736/2303/320 2814/2305/1897 1347/2306/321
f 1737/2307/1898 1738/2308/1899 1739/2309/1900
f 1737/2307/1898 208/278/233 210/280/235
f 1737/2307/1898 210/280/235 1740/2310/1901
f 1737/2307/1898 1741/2311/1902 1738/2308/1899
f 1737/2307/1898 1739/2309/1900 208/278/233
f 1737/2307/1898 1740/2310/1901 1741/2311/1902
f 1742/2312/1903 1743/2313/1904 1744/2314/1905
f 1742/2315/1903 1745/2316/1906 1748/2317/1907
f 1742/2315/1903 1746/2318/1908 1745/2316/1906
f 1742/2315/1903 1747/2319/1909 1746/2318/1908
f 1742/2312/1903 1748/2320/1907 1749/2321/1910
f 1742/2312/1903 1749/2321/1910 1743/2313/1904
f 1742/2312/1903 1744/2314/1905 1747/2322/1909
f 1751/2323/1911 1750/2324/1912 307/406/345
f 1751/2325/1911 1752/2326/1913 1753/2327/49
f 1751/2325/1911 307/2328/345 1754/2329/1914
f 1751/2325/1911 1754/2329/1914 1752/2326/1913
f 1751/2323/1911 42/60/48 1750/2324/1912
f 1751/2323/1911 1753/61/49 42/60/48
f 1755/2330/1915 487/652/540 1756/2331/1916
f 1755/2330/1915 1757/2332/1917 1758/2333/1918
f 1755/2330/1915 1758/2333/1918 1759/2334/1919
f 1755/2330/1915 1759/2334/1919 487/652/540
f 1755/2330/1915 1756/2331/1916 1757/2332/1917
f 1760/2335/1920 1761/2336/1921 1762/2337/1922
f 1760/2335/1920 3716/2338/1923 4256/2339/1924
f 1760/2335/1920 975/1284/1072 1761/2336/1921
f 1760/2335/1920 1762/2337/1922 3716/2338/1923
f 1760/2335/1920 4256/2339/1924 975/1284/1072
f 1763/2340/1925 1611/2136/1760 1764/2341/1926
f 1763/2340/1925 1613/2138/1762 1611/2136/1760
f 1763/2340/1925 1764/2341/1926 1765/2342/1927
f 1767/2343/1928 1766/2344/1929 1770/2345/1930
f 1767/2346/1928 1768/2347/1931 1255/1653/1377
f 1767/2343/1928 1769/2348/1932 3732/2349/1933
f 1767/2346/1928 1770/2350/1930 1771/2351/1934
f 1767/2346/1928 1255/1653/1377 1254/1652/1376
f 1767/2343/1928 3732/2349/1933 1766/2344/1929
f 1767/2346/1928 1771/2351/1934 1768/2347/1931
f 1767/2343/1928 1254/2352/1376 1769/2348/1932
f 642/850/714 643/852/716 672/886/744
f 642/850/714 672/886/744 671/885/743
f 642/850/714 671/885/743 648/851/715
f 1772/2353/1935 3482/2354/1936 3484/2355/1937
f 1772/2353/1935 1773/2356/1938 2133/2357/1939
f 1772/2353/1935 1774/2358/1940 3482/2354/1936
f 1772/2353/1935 2960/2359/1941 1774/2358/1940
f 1772/2353/1935 2133/2357/1939 2960/2359/1941
f 1772/2353/1935 3484/2355/1937 1773/2356/1938
f 1246/1642/1367 1775/2360/1942 997/1306/1094
f 1246/1642/1367 538/2361/597 1775/2360/1942
f 1246/1642/1367 997/1306/1094 998/1307/1095
f 1246/1642/1367 539/1647/598 538/2361/597
f 1246/1642/1367 998/1307/1095 1247/1643/1368
f 1776/2362/1943 1777/2363/1944 1734/2304/1895
f 1776/2362/1943 1778/2364/257 1779/2365/1945
f 1776/2366/1943 1780/2367/1946 1778/1975/257
f 1776/2362/1943 1779/2365/1945 1777/2363/1944
f 1776/2362/1943 1734/2304/1895 1780/2368/1946
f 293/386/329 296/391/332 1577/2086/1723
f 293/386/329 1577/2086/1723 1578/2087/1724
f 293/386/329 1781/2369/1947 295/387/330
f 293/386/329 1782/2370/1948 1781/2369/1947
f 293/386/329 1578/2087/1724 1782/2370/1948
f 873/1163/964 875/1165/966 1783/2371/1949
f 873/1163/964 1784/2372/1950 1785/2373/1951
f 873/1163/964 1783/2371/1949 1784/2372/1950
f 873/1163/964 1785/2373/1951 874/1164/965
f 1786/2374/1952 1787/2375/1953 1114/1470/1223
f 1786/2374/1952 1788/2376/1954 1787/2375/1953
f 1786/2374/1952 1789/2377/1955 1790/2378/1956
f 1786/2374/1952 883/1173/974 1788/2376/1954
f 1786/2374/1952 1113/1469/1222 1789/2377/1955
f 1786/2374/1952 1114/1470/1223 1113/1469/1222
f 1786/2374/1952 1790/2378/1956 883/1173/974
f 1445/1905/1575 1791/2379/1957 1792/2380/1958
f 1445/1905/1575 1792/2380/1958 1447/1906/1576
f 1445/1905/1575 1793/2381/1959 1791/2379/1957
f 1445/1905/1575 1448/1911/1578 1793/2381/1959
f 1794/2382/1960 1795/2383/1961 1796/2384/1962
f 1794/2382/1960 1796/2384/1962 1797/2385/1963
f 1794/2382/1960 416/104/92 1798/2386/1964
f 1794/2382/1960 1798/2386/1964 1795/2383/1961
f 1794/2382/1960 1797/2385/1963 416/104/92
f 1230/2032/1351 3630/2030/1676 1799/2387/1965
f 1230/1625/1351 1800/2388/1966 1231/1626/1352
f 1230/1625/1351 1799/2389/1965 1800/2388/1966
f 1801/2390/1967 1802/2391/1968 1803/2392/1969
f 1801/2390/1967 1804/2393/1970 1802/2391/1968
f 1801/2390/1967 1805/2394/1971 1806/2395/1972
f 1801/2390/1967 1807/2396/1973 1808/2397/1974
f 1801/2390/1967 1803/2392/1969 1805/2394/1971
f 1801/2390/1967 1808/2397/1974 1804/2393/1970
f 1801/2390/1967 1806/2395/1972 1807/2396/1973
f 1064/1400/1169 1057/1393/1162 1065/1401/1170
f 1064/1400/1169 1809/2398/1975 1058/1394/1163
f 1064/1400/1169 1058/1394/1163 1057/1393/1162
f 1064/1400/1169 1069/1405/1174 1809/2398/1975
f 1072/1408/1177 1076/1412/1181 1810/2399/1976
f 1072/1408/1177 1810/2399/1976 1811/2400/1977
f 1072/1408/1177 1811/2400/1977 1073/1409/1178
f 1476/2401/1608 3961/2402/1978 1582/2093/1727
f 1476/2401/1608 1479/2403/1611 3961/2402/1978
f 1476/2401/1608 1582/2093/1727 101/137/119
f 1812/2404/1979 1972/2405/1980 3503/2406/1981
f 1812/2404/1979 1813/2407/1982 1972/2405/1980
f 1812/2404/1979 1814/2408/1983 1813/2407/1982
f 1812/2404/1979 1815/2409/1984 1814/2408/1983
f 1812/2404/1979 3503/2406/1981 1815/2409/1984
f 1816/1959/1619 1488/1962/1622 1817/2410/1985
f 1816/2411/1619 1817/2412/1985 913/1211/1008
f 1816/2411/1619 913/1211/1008 912/1210/1007
f 1816/2413/1619 1818/2414/1986 3795/2415/1620
f 1816/2411/1619 912/1210/1007 1818/2416/1986
f 1819/2417/1987 1820/2418/1988 1821/2419/1989
f 1819/2417/1987 1822/2420/1990 1823/2421/1991
f 1819/2417/1987 1824/2422/1992 1820/2418/1988
f 1819/2417/1987 1823/2421/1991 1825/2423/1993
f 1819/2417/1987 1825/2423/1993 1824/2422/1992
f 1819/2417/1987 1821/2419/1989 1822/2420/1990
f 1826/2424/1994 1827/2425/1995 1828/2426/1996
f 1826/2424/1994 1829/2427/1997 1830/2428/1998
f 1826/2424/1994 1831/2429/1999 1832/2430/2000
f 1826/2424/1994 1832/2430/2000 1827/2425/1995
f 1826/2424/1994 1828/2426/1996 1829/2427/1997
f 1826/2424/1994 1830/2428/1998 1831/2429/1999
f 1833/2431/2001 1834/2432/2002 1835/2433/2003
f 1833/2431/2001 1835/2433/2003 1836/2434/2004
f 1833/2431/2001 1100/1450/1209 1834/2432/2002
f 1833/2431/2001 1837/2435/2005 3020/2436/2006
f 1833/2431/2001 1836/2434/2004 1837/2435/2005
f 1833/2431/2001 3020/2436/2006 1100/1450/1209
f 958/1264/1052 1838/2437/2007 959/1265/1053
f 958/1264/1052 962/1269/1057 1838/2437/2007
f 1839/2438/2008 1840/2439/2009 1841/2440/2010
f 1839/2438/2008 76/100/88 2311/2441/2011
f 1839/2438/2008 77/101/89 76/100/88
f 1839/2438/2008 1841/2440/2010 1842/2442/2012
f 1839/2438/2008 1842/2442/2012 77/101/89
f 1839/2438/2008 2311/2441/2011 1840/2439/2009
f 1843/2443/2013 579/771/644 1844/2444/2014
f 1843/2443/2013 1845/2445/2015 1846/2446/2016
f 1843/2443/2013 1846/2446/2016 582/774/647
f 1843/2443/2013 582/774/647 579/771/644
f 1843/2443/2013 1844/2444/2014 1845/2445/2015
f 1847/2447/2017 1194/1574/1310 1198/1578/1314
f 1847/2447/2017 584/776/649 588/782/655
f 1847/2447/2017 1848/2448/2018 584/776/649
f 1847/2447/2017 588/782/655 1849/2449/2019
f 1847/2447/2017 1198/1578/1314 1848/2448/2018
f 1847/2447/2017 1849/2449/2019 1194/1574/1310
f 1852/2450/2020 1850/2451/2021 1851/2452/2022
f 1852/2453/2020 1853/2454/2023 1854/2455/2024
f 1852/2450/2020 1851/2452/2022 1856/2456/2025
f 1852/2453/2020 1855/2457/2026 1853/2454/2023
f 1852/2453/2020 1856/2458/2025 1855/2457/2026
f 1852/2453/2020 1854/2455/2024 1850/2459/2021
f 1857/2460/2027 1858/2461/2028 1859/2462/2029
f 1857/2460/2027 1863/2463/2030 1860/2464/2031
f 1857/2460/2027 1859/2462/2029 1861/2465/2032
f 1857/2466/2027 919/1219/1013 1862/2467/2033
f 1857/2460/2027 1861/2465/2032 4438/2468/2034
f 1857/2466/2027 1864/1222/1016 919/1219/1013
f 1857/2466/2027 1862/2467/2033 1863/2469/2030
f 1857/2460/2027 4438/2468/2034 1864/2470/1016
f 1857/2460/2027 1860/2464/2031 1858/2461/2028
f 1867/2471/2035 1215/1605/1334 1216/1610/1335
f 1867/2471/2035 1868/2472/2036 1865/2473/2037
f 1867/2471/2035 1865/2473/2037 1866/2474/2038
f 1867/2471/2035 1866/2474/2038 1215/1605/1334
f 1867/2475/2035 1216/1608/1335 1868/2476/2036
f 1869/2477/2039 1870/2478/2040 1871/2479/2041
f 1869/2477/2039 1872/2480/2042 695/910/767
f 1869/2477/2039 1871/2479/2041 1873/2481/2043
f 1869/2477/2039 694/909/766 1870/2478/2040
f 1869/2477/2039 695/910/767 694/909/766
f 1869/2477/2039 1873/2481/2043 1872/2480/2042
f 1875/2482/2044 243/319/274 1874/2483/2045
f 1875/2484/2044 1874/2485/2045 1876/2486/2046
f 1875/2482/2044 1878/2487/2047 246/322/277
f 1875/2484/2044 1877/2488/2048 1878/2489/2047
f 1875/2484/2044 1876/2486/2046 1877/2488/2048
f 1875/2482/2044 246/322/277 243/319/274
f 1879/2490/2049 1880/2491/2050 1881/2492/2051
f 1879/2490/2049 1882/2493/2052 1883/2494/2053
f 1879/2490/2049 1884/2495/2054 1885/2496/2055
f 1879/2490/2049 1881/2492/2051 1884/2495/2054
f 1879/2490/2049 1885/2496/2055 1882/2493/2052
f 1879/2490/2049 1883/2494/2053 1880/2491/2050
f 241/317/272 1886/2497/2056 1887/2498/2057
f 241/317/272 1888/2499/2058 242/318/273
f 241/317/272 1889/2500/2059 1886/2497/2056
f 241/317/272 1887/2498/2057 1888/2499/2058
f 241/317/272 245/321/276 1889/2500/2059
f 1565/2067/1711 3431/2501/2060 1890/2502/2061
f 1565/2067/1711 1569/2072/1715 1891/2503/2062
f 1565/2067/1711 1891/2503/2062 3431/2501/2060
f 1565/2067/1711 1890/2502/2061 1566/2068/1712
f 1892/2504/2063 1301/1720/1425 4052/2505/2064
f 1892/2504/2063 4051/2506/2065 757/996/832
f 1892/2504/2063 1893/2507/2066 1301/1720/1425
f 1892/2504/2063 757/996/832 1893/2507/2066
f 1892/2504/2063 4052/2505/2064 4051/2506/2065
f 1894/2508/2067 1895/2509/2068 1896/2510/2069
f 1894/2508/2067 1897/2511/2070 1898/2512/2071
f 1894/2508/2067 1898/2512/2071 1899/2513/2072
f 1894/2508/2067 1896/2510/2069 1900/2514/2073
f 1894/2508/2067 1899/2513/2072 1895/2509/2068
f 1894/2508/2067 1900/2514/2073 1897/2511/2070
f 1903/2515/2074 1901/2516/2075 1902/2517/2076
f 1903/2518/2074 1904/2519/2077 1907/2520/2078
f 1903/2515/2074 1902/2517/2076 1905/2521/2079
f 1903/2518/2074 1905/2522/2079 1906/2523/2080
f 1903/2515/2074 1907/2524/2078 1901/2516/2075
f 1903/2518/2074 1906/2523/2080 1904/2519/2077
f 1908/2525/2081 1909/2526/2082 1910/2527/2083
f 1908/2525/2081 1911/2528/2084 1912/2529/2085
f 1908/2525/2081 1913/2530/2086 1909/2526/2082
f 1908/2525/2081 2055/2531/2087 1911/2528/2084
f 1908/2525/2081 1912/2529/2085 1913/2530/2086
f 1908/2525/2081 1910/2527/2083 2055/2531/2087
f 774/1028/854 1914/2532/2088 1915/2533/2089
f 774/1028/854 1915/2533/2089 775/1029/855
f 774/1028/854 779/1034/858 1914/2532/2088
f 1916/2534/2090 1376/1821/1504 1917/2535/2091
f 1916/2534/2090 1918/2536/2092 1673/2209/1825
f 1916/2534/2090 1919/2537/2093 1920/2538/2094
f 1916/2534/2090 1917/2535/2091 1918/2536/2092
f 1916/2534/2090 1920/2538/2094 1376/1821/1504
f 1916/2534/2090 1673/2209/1825 1919/2537/2093
f 1922/2539/2095 1921/2540/1002 3412/2541/2096
f 1922/2542/2095 1335/1760/1463 3918/1763/1462
f 1922/2543/2095 3412/2544/2096 1923/2545/2097
f 1922/2543/2095 1923/2545/2097 1924/2546/2098
f 1922/2542/2095 3918/1763/1462 1921/2547/1002
f 1922/2542/2095 1924/2548/2098 1335/1760/1463
f 1928/2549/1830 1925/2550/2099 1926/2551/2100
f 1928/2549/1830 1926/2551/2100 1927/2552/2101
f 1928/2553/1830 1927/2554/2101 1929/2555/1831
f 1928/2226/1830 1681/2223/1835 1925/2556/2099
f 1931/2244/1850 1930/2557/2102 1698/2245/1851
f 1931/2558/1850 1701/2248/1853 1932/2559/2103
f 1931/2244/1850 1932/2560/2103 1930/2557/2102
f 1933/2561/2104 1394/1844/1523 1396/1846/1525
f 1933/2561/2104 1934/2562/2105 1394/1844/1523
f 1933/2561/2104 1935/2563/2106 1936/2564/2107
f 1933/2561/2104 1936/2564/2107 1934/2562/2105
f 1933/2561/2104 1937/2565/2108 1935/2563/2106
f 1933/2561/2104 1396/1846/1525 1937/2565/2108
f 395/2566/438 3663/2567/2109 3665/2568/439
f 395/2569/438 4255/2570/1149 3663/2571/2109
f 1938/2572/2110 1939/2573/2111 1940/2574/2112
f 1938/2572/2110 145/1383/166 1050/1385/1154
f 1938/2572/2110 1940/2574/2112 1941/2575/2113
f 1938/2572/2110 1941/2575/2113 145/1383/166
f 1938/2572/2110 1050/1385/1154 1939/2573/2111
f 48/69/57 4389/1390/1159 49/70/58
f 1942/2576/2114 1943/2577/2115 1944/2578/2116
f 1942/2576/2114 1945/2579/2117 699/914/771
f 1942/2576/2114 1946/2580/2118 1945/2579/2117
f 1942/2576/2114 696/911/768 1943/2577/2115
f 1942/2576/2114 1944/2578/2116 1946/2580/2118
f 1942/2576/2114 699/914/771 696/911/768
f 1947/2581/2119 3963/2582/2120 1950/2583/2121
f 1947/2581/2119 1951/2584/2122 3964/2585/2123
f 1947/2586/2119 1948/2587/2124 1949/2588/2125
f 1947/2586/2119 1950/2589/2121 1948/2587/2124
f 1947/2581/2119 3964/2585/2123 3963/2582/2120
f 1947/2586/2119 1949/2588/2125 1951/2590/2122
f 1952/2591/2126 2914/2592/2127 1953/2593/2128
f 1952/2591/2126 1954/2594/2129 1955/2595/2130
f 1952/2591/2126 1955/2595/2130 2914/2592/2127
f 1952/2591/2126 1953/2593/2128 1954/2594/2129
f 1956/2596/2131 1957/2597/2132 498/663/551
f 1956/2596/2131 1958/2598/849 1957/2597/2132
f 1956/2596/2131 1366/1804/1493 1370/1806/1495
f 1956/2596/2131 498/663/551 497/662/550
f 1956/2596/2131 497/662/550 1366/1804/1493
f 1956/2596/2131 1370/1806/1495 1958/2598/849
f 1959/2599/2133 1960/2600/2134 215/286/241
f 1959/2599/2133 215/286/241 1961/2601/2135
f 1959/2599/2133 1961/2601/2135 3803/2602/2136
f 1959/2599/2133 2266/2603/2137 1962/2604/2138
f 1959/2599/2133 3241/2605/2139 1963/2606/2140
f 1959/2599/2133 1963/2606/2140 1960/2600/2134
f 1959/2599/2133 3803/2602/2136 2266/2603/2137
f 1959/2599/2133 1962/2604/2138 3241/2605/2139
f 1966/2607/2141 1964/2608/2142 1965/2609/2143
f 1966/2610/2141 1054/1389/1158 1964/2611/2142
f 1966/2610/2141 1967/2612/2144 1054/1389/1158
f 1966/2607/2141 1968/2613/2145 1967/2614/2144
f 1966/2607/2141 1965/2609/2143 1968/2613/2145
f 1969/2615/1242 1972/2405/1980 1970/2616/2146
f 1969/2615/1242 1970/2616/2146 1971/2617/2147
f 1969/1494/1242 1134/1497/1245 1972/2618/1980
f 1969/1494/1242 1973/2619/2148 1132/1495/1243
f 1969/1494/1242 1971/2620/2147 1973/2619/2148
f 1976/2621/2149 1974/2622/2150 1975/2623/2151
f 1976/2624/2149 1979/2625/2152 1977/2626/2153
f 1976/2624/2149 1978/2627/2154 1974/2628/2150
f 1976/2621/2149 1975/2623/2151 1979/2629/2152
f 1976/2624/2149 1977/2626/2153 1978/2627/2154
f 1980/2630/2155 1981/2631/2156 1982/2632/2157
f 1980/2630/2155 1983/2633/2158 1364/1801/1491
f 1980/2630/2155 1984/2634/2159 1981/2631/2156
f 1980/2630/2155 1868/2476/2036 1984/2634/2159
f 1980/2630/2155 1364/1801/1491 1868/2476/2036
f 1980/2630/2155 1982/2632/2157 1983/2633/2158
f 1986/2635/2160 1985/2636/2161 1989/2637/2162
f 1986/2638/2160 1987/2639/2163 1988/2640/2164
f 1986/2638/2160 1989/2641/2162 1990/2642/2165
f 1986/2638/2160 1990/2642/2165 1987/2639/2163
f 1986/2638/2160 1988/2640/2164 1991/2643/2166
f 1986/2638/2160 1991/2643/2166 1985/2644/2161
f 1992/2645/2167 2933/2646/2168 1882/2493/2052
f 1992/2645/2167 1882/2493/2052 1885/2496/2055
f 1992/2645/2167 1885/2496/2055 3541/2647/2169
f 1993/2648/2170 2793/2649/2171 1994/2650/2172
f 1993/2651/2170 1997/2652/2173 1995/2653/2174
f 1993/2648/2170 1996/2654/2175 2793/2649/2171
f 1993/2651/2170 1995/2653/2174 1998/2655/2176
f 1993/2648/2170 1994/2650/2172 1997/2656/2173
f 1993/2648/2170 1998/2657/2176 1996/2654/2175
f 2001/2658/2177 749/980/821 2002/2659/2178
f 2001/2658/2177 1999/2660/2179 2000/2661/2180
f 2001/2662/2177 2002/2663/2178 2003/2664/2181
f 2001/2658/2177 2004/2665/2182 749/980/821
f 2001/2662/2177 2003/2664/2181 1999/2666/2179
f 2001/2658/2177 2000/2661/2180 2004/2665/2182
f 2005/2667/2183 817/1084/898 2006/2668/2184
f 2005/2669/2183 2938/2670/2185 2007/2671/2186
f 2005/2669/2183 2007/2671/2186 2008/2672/2187
f 2005/2667/2183 2006/2668/2184 2938/2673/2185
f 2005/2667/2183 2008/2674/2187 817/1084/898
f 2009/2675/2188 2010/2676/2189 2945/2677/2190
f 2009/2675/2188 364/2678/403 2010/2676/2189
f 2009/2675/2188 2011/2679/2191 2012/2680/2192
f 2009/2675/2188 2012/2680/2192 2013/2681/2193
f 2009/2675/2188 2013/2681/2193 364/2678/403
f 2009/2675/2188 2945/2677/2190 2011/2679/2191
f 1901/2516/2075 1907/2524/2078 2014/2682/2194
f 1901/2516/2075 2015/2683/2195 2016/2684/2196
f 1901/2516/2075 2016/2684/2196 2017/2685/2197
f 1901/2516/2075 2014/2682/2194 2015/2683/2195
f 1901/2516/2075 2018/2686/2198 1902/2517/2076
f 1901/2516/2075 2017/2685/2197 2018/2686/2198
f 2019/2687/2199 2020/2688/2200 2021/2689/2201
f 2019/2687/2199 2021/2689/2201 2022/2690/2202
f 2019/2691/2199 2023/2692/2203 1451/1914/1581
f 2019/2691/2199 2024/2693/2204 2023/2692/2203
f 2019/2691/2199 1451/1914/1581 2020/2694/2200
f 2019/2687/2199 2022/2690/2202 2024/2695/2204
f 2025/2696/2205 1284/1696/1405 2026/2697/2206
f 2025/2696/2205 2027/2698/2207 2028/2699/2208
f 2025/2696/2205 779/1034/858 4431/2700/2209
f 2025/2696/2205 2026/2697/2206 2027/2698/2207
f 2025/2696/2205 2028/2699/2208 779/1034/858
f 2025/2696/2205 4431/2700/2209 1284/1696/1405
f 1079/1415/1184 2029/2701/2210 1080/1416/1185
f 1079/1415/1184 1083/1420/1189 2030/2702/2211
f 1079/1415/1184 2030/2702/2211 2029/2701/2210
f 948/1254/1042 2031/2703/2212 2032/2704/2213
f 948/1254/1042 950/1256/1044 2031/2703/2212
f 948/1254/1042 2032/2704/2213 1293/1706/1414
f 319/422/355 300/395/336 1206/1586/1322
f 319/422/355 33/48/36 301/396/337
f 319/422/355 301/396/337 300/395/336
f 319/422/355 1206/1586/1322 1205/1585/1321
f 319/422/355 1205/1585/1321 320/423/356
f 1716/2265/1867 2033/1828/1511 1384/1830/1513
f 1716/2265/1867 1384/1830/1513 1712/2266/1868
f 1716/2272/1867 3447/2705/2214 2033/2706/1511
f 1716/2272/1867 3448/2269/1870 3447/2705/2214
f 2034/2707/2215 2035/2708/2216 967/1276/1064
f 2034/2707/2215 2036/2709/146 1702/2249/1854
f 2034/2707/2215 1698/2245/1851 2035/2708/2216
f 2034/2707/2215 1702/2249/1854 1698/2245/1851
f 2034/2707/2215 967/1276/1064 968/1277/1065
f 2034/2707/2215 968/1277/1065 2037/2710/2217
f 2034/2707/2215 2037/2710/2217 2036/2709/146
f 810/1074/891 813/1076/893 2038/2711/2218
f 810/1074/891 1723/2282/1881 811/1075/892
f 810/1074/891 2038/2711/2218 2039/2712/2219
f 810/1074/891 2040/2713/2220 1723/2282/1881
f 810/1074/891 2039/2712/2219 2040/2713/2220
f 2041/2714/2221 2042/2715/2222 2043/2716/2223
f 2041/2714/2221 2044/2717/2224 2042/2715/2222
f 2041/2714/2221 2045/2718/2225 2046/2719/2226
f 2041/2714/2221 2046/2719/2226 2044/2717/2224
f 2041/2714/2221 2043/2716/2223 2045/2718/2225
f 2047/2720/2227 2048/2721/2228 2049/2722/2229
f 2047/2720/2227 2050/2723/2230 1543/2041/1685
f 2047/2720/2227 2051/2724/2231 2052/2725/2232
f 2047/2720/2227 2052/2725/2232 2048/2721/2228
f 2047/2720/2227 1543/2041/1685 2051/2724/2231
f 2047/2720/2227 2049/2722/2229 2050/2723/2230
f 1545/2043/1687 1747/2322/1909 1744/2314/1905
f 1545/2043/1687 6/9/7 7/10/8
f 1545/2043/1687 7/10/8 1747/2322/1909
f 1545/2043/1687 1744/2314/1905 1546/2044/1688
f 2053/2726/2233 2054/2727/2234 914/1212/1009
f 2053/2726/2233 913/1211/1008 2055/2728/2087
f 2053/2726/2233 914/1212/1009 913/1211/1008
f 2053/2726/2233 2055/2728/2087 1910/2729/2083
f 2053/2726/2233 1910/2729/2083 2056/2730/2235
f 2053/2726/2233 2056/2730/2235 2054/2727/2234
f 2057/2731/2236 1665/2199/1816 2058/2732/2237
f 2057/2731/2236 3577/2200/1817 1665/2199/1816
f 2057/2731/2236 2059/2733/2238 4281/2734/2239
f 2057/2731/2236 2058/2732/2237 2059/2733/2238
f 2057/2731/2236 2060/2735/1140 3577/2200/1817
f 2057/2731/2236 4281/2734/2239 2060/2735/1140
f 2061/2736/2240 2062/2737/2241 2063/2738/2242
f 2061/2736/2240 2064/2739/2243 2062/2737/2241
f 2061/2736/2240 2065/2740/2244 2066/2741/2245
f 2061/2736/2240 2066/2741/2245 2064/2739/2243
f 2061/2736/2240 2063/2738/2242 2065/2740/2244
f 2068/2742/2246 2067/2743/2247 1649/2179/1799
f 2068/2744/2246 254/331/286 257/337/289
f 2068/2742/2246 1648/2178/1798 2069/2745/2248
f 2068/2742/2246 2069/2745/2248 254/2746/286
f 2068/2744/2246 257/337/289 2070/2747/1856
f 2068/2742/2246 2070/2748/1856 2067/2743/2247
f 2068/2742/2246 1649/2179/1799 1648/2178/1798
f 843/1115/923 2071/2749/2249 1325/2750/1451
f 843/1110/923 1325/1747/1451 844/1111/924
f 843/1115/923 4253/1114/926 2072/2751/2250
f 843/1115/923 2072/2751/2250 2071/2749/2249
f 2073/2752/2251 2074/2753/2252 2075/2754/2253
f 2073/2752/2251 2076/2755/2254 2077/2756/2255
f 2073/2752/2251 1765/2342/1927 1764/2341/1926
f 2073/2752/2251 2078/2757/2256 2076/2755/2254
f 2073/2752/2251 1764/2341/1926 2078/2757/2256
f 2073/2752/2251 2075/2754/2253 1765/2342/1927
f 2073/2752/2251 2077/2756/2255 2074/2753/2252
f 1000/1309/1097 1002/1311/1099 2079/2758/2257
f 1000/1309/1097 2079/2758/2257 3991/2759/2258
f 1000/1309/1097 3991/2759/2258 1001/1310/1098
f 759/1001/835 2080/2760/2259 1516/2001/1652
f 759/1001/835 761/1004/838 2080/2760/2259
f 759/1001/835 1516/2001/1652 760/1002/836
f 2081/2761/2260 2082/2762/2261 3655/2763/2262
f 2081/2761/2260 2083/2764/2263 2084/2765/2264
f 2081/2761/2260 2084/2765/2264 196/265/222
f 2081/2761/2260 196/265/222 2082/2762/2261
f 2081/2761/2260 3655/2763/2262 2083/2764/2263
f 2085/2766/2265 2086/2767/2266 2087/2768/2267
f 2085/2766/2265 1012/1328/1111 1017/1333/1116
f 2085/2766/2265 2087/2768/2267 2088/2769/2268
f 2085/2766/2265 2089/2770/2269 2086/2767/2266
f 2085/2766/2265 2088/2769/2268 1012/1328/1111
f 2085/2766/2265 1017/1333/1116 2089/2770/2269
f 2090/2771/2270 3635/2772/2271 1406/1858/1535
f 2090/2771/2270 1405/1857/1534 2091/2773/2272
f 2090/2771/2270 2091/2773/2272 2092/2774/2273
f 2090/2771/2270 4311/2775/2274 3635/2772/2271
f 2090/2771/2270 2092/2774/2273 4311/2775/2274
f 2090/2771/2270 1406/1858/1535 1405/1857/1534
f 2093/2776/2275 2094/2777/2276 867/1155/956
f 2093/2776/2275 2095/2778/2277 2096/2779/2278
f 2093/2776/2275 865/1153/954 2095/2778/2277
f 2093/2776/2275 2097/2780/2279 2094/2777/2276
f 2093/2776/2275 2096/2779/2278 2097/2780/2279
f 2093/2776/2275 867/1155/956 865/1153/954
f 2098/2781/2280 2099/2782/2281 2100/2783/2282
f 2098/2781/2280 3313/2784/2283 519/693/575
f 2098/2781/2280 2101/2785/2284 2099/2782/2281
f 2098/2781/2280 3314/2786/2285 3313/2784/2283
f 2098/2781/2280 2100/2783/2282 3314/2786/2285
f 2098/2781/2280 519/693/575 2101/2785/2284
f 2102/2787/2286 3693/2788/2287 2103/2789/2288
f 2102/2787/2286 2103/2789/2288 2104/2790/2289
f 2102/2787/2286 2104/2790/2289 2105/2791/2290
f 2102/2787/2286 2106/2792/2291 3693/2788/2287
f 2102/2787/2286 2105/2791/2290 2106/2792/2291
f 2107/2793/2292 2108/2794/2293 2109/2795/2294
f 2107/2793/2292 2110/2796/2295 2111/2797/2296
f 2107/2793/2292 2112/2798/2297 2108/2794/2293
f 2107/2793/2292 2113/2799/2298 2112/2798/2297
f 2107/2793/2292 2111/2797/2296 2113/2799/2298
f 2107/2793/2292 2109/2795/2294 2110/2796/2295
f 2114/2800/2299 2115/2801/2300 2593/2802/2301
f 2114/2800/2299 2593/2802/2301 4314/2803/2302
f 2114/2800/2299 4417/2804/1721 3621/2805/2303
f 2114/2800/2299 2116/2806/2304 2115/2801/2300
f 2114/2800/2299 3621/2805/2303 2116/2806/2304
f 2114/2800/2299 4314/2803/2302 4417/2804/1721
f 2117/2807/2305 2118/2808/2306 2119/2809/2307
f 2117/2807/2305 2120/2810/2308 2118/2808/2306
f 2117/2807/2305 2119/2809/2307 2121/2811/2309
f 2117/2807/2305 349/461/390 2120/2810/2308
f 2117/2807/2305 2121/2811/2309 349/461/390
f 2122/2812/2310 106/142/124 2123/2813/2311
f 2122/2812/2310 2124/2814/2312 2125/2815/2313
f 2122/2812/2310 2126/2816/2314 2124/2814/2312
f 2122/2812/2310 2123/2813/2311 2127/2817/2315
f 2122/2812/2310 2125/2815/2313 106/142/124
f 2122/2812/2310 2127/2817/2315 2126/2816/2314
f 2128/2818/2316 1438/1898/1568 4409/2819/2317
f 2128/2818/2316 2129/2820/2318 1439/1899/1569
f 2128/2818/2316 4409/2819/2317 2130/2821/2319
f 2128/2818/2316 2130/2821/2319 2129/2820/2318
f 2128/2818/2316 1439/1899/1569 1438/1898/1568
f 2131/2822/2320 2132/2823/2321 857/1141/943
f 2131/2822/2320 2133/2824/1939 2132/2823/2321
f 2131/2822/2320 857/1141/943 2134/2825/2322
f 2131/2822/2320 2135/2826/2323 2136/2827/2324
f 2131/2822/2320 2134/2825/2322 2135/2826/2323
f 2131/2822/2320 2136/2827/2324 2133/2824/1939
f 2141/2828/2325 2137/2829/2326 2138/2830/2327
f 2141/2831/2325 2138/2832/2327 4012/2833/2328
f 2141/2834/2325 2139/2835/2329 2140/2836/2330
f 2141/2837/2325 4012/2838/2328 2139/2839/2329
f 2141/2834/2325 2140/2836/2330 2746/2840/2331
f 2141/2841/2325 2746/2842/2331 2137/2843/2326
f 2142/2844/2332 2143/2845/2333 2144/2846/2334
f 2142/2844/2332 2145/2847/2335 2146/2848/2336
f 2142/2844/2332 2146/2848/2336 2147/2849/2337
f 2142/2844/2332 2147/2849/2337 2143/2845/2333
f 2142/2844/2332 2148/2850/2338 2145/2847/2335
f 2142/2844/2332 2144/2846/2334 2148/2850/2338
f 2150/2851/2339 2149/2852/2340 2154/2853/2341
f 2150/2854/2339 2151/2855/2342 2152/2856/2343
f 2150/2854/2339 2152/2856/2343 2153/2857/2344
f 2150/2851/2339 2153/2858/2344 2149/2852/2340
f 2150/2854/2339 2154/2859/2341 2151/2855/2342
f 1870/2478/2040 2155/2860/2345 1871/2479/2041
f 1870/2478/2040 694/909/766 698/913/770
f 1870/2478/2040 2156/2861/2346 2155/2860/2345
f 1870/2478/2040 698/913/770 2156/2861/2346
f 2160/2028/1674 2157/2862/2347 2158/2863/2348
f 2160/2028/1674 1158/1527/1269 1157/1526/1268
f 2160/2864/1674 2159/2865/2349 2157/2866/2347
f 2160/2867/1674 1535/2033/1677 2161/2868/2350
f 2160/2028/1674 2158/2863/2348 1158/1527/1269
f 2160/2864/1674 2161/2869/2350 2159/2865/2349
f 2162/2870/2351 2164/2871/2352 726/950/800
f 2162/2872/2351 2163/2873/2353 1804/2393/1970
f 2162/2872/2351 1804/2393/1970 1808/2397/1974
f 2162/2870/2351 726/950/800 2163/2874/2353
f 2162/2872/2351 1808/2397/1974 2164/2875/2352
f 2165/2876/2354 2166/2877/2355 2167/2878/2356
f 2165/2876/2354 2168/2879/2357 2169/2880/2358
f 2165/2876/2354 2167/2878/2356 2170/2881/2359
f 2165/2876/2354 2170/2881/2359 2171/2882/2360
f 2165/2876/2354 2171/2882/2360 2168/2879/2357
f 2165/2876/2354 2169/2880/2358 2166/2877/2355
f 2175/2883/2361 3574/2884/2362 2172/2885/2363
f 2175/2883/2361 2173/2886/2364 2174/2887/2365
f 2175/2888/2361 2174/2889/2365 2176/2890/2366
f 2175/2888/2361 2176/2890/2366 3339/2891/2367
f 2175/2883/2361 2177/2892/2368 2173/2886/2364
f 2175/2883/2361 2172/2885/2363 2177/2892/2368
f 2175/2883/2361 3339/2893/2367 3574/2884/2362
f 2179/2894/239 2180/1740/1444 2178/2895/2369
f 2179/2896/239 216/2897/242 2180/2898/1444
f 2179/2894/239 2178/2895/2369 2181/2899/2370
f 2179/2894/239 2181/2899/2370 214/2900/240
f 2182/2901/2371 2183/2902/2372 1053/1388/1157
f 2182/2901/2371 1053/1388/1157 2184/2903/2373
f 2182/2901/2371 2184/2903/2373 2185/2904/2374
f 2182/2901/2371 2186/2905/2375 2183/2902/2372
f 2182/2901/2371 2185/2904/2374 2186/2905/2375
f 679/893/750 2187/2906/2376 4088/2907/2377
f 679/893/750 4088/2907/2377 701/894/751
f 679/893/750 635/834/705 2187/2906/2376
f 2188/2908/2378 2189/2909/2379 2190/2910/2380
f 2188/2908/2378 2191/2911/2381 3010/2912/2382
f 2188/2908/2378 2192/2913/2383 2193/2914/2384
f 2188/2908/2378 3010/2912/2382 2192/2913/2383
f 2188/2908/2378 2190/2910/2380 2191/2911/2381
f 2188/2908/2378 2193/2914/2384 2189/2909/2379
f 2194/2915/2385 2195/2916/2386 2196/2917/2387
f 2194/2915/2385 68/92/80 67/91/79
f 2194/2915/2385 67/91/79 4207/2918/2388
f 2194/2915/2385 2196/2917/2387 68/92/80
f 2194/2915/2385 1442/1902/1572 2195/2916/2386
f 2194/2915/2385 4207/2918/2388 1442/1902/1572
f 1446/1908/1577 367/483/409 373/490/414
f 1446/1908/1577 1447/1909/1576 367/483/409
f 1446/1908/1577 373/490/414 1655/2919/1805
f 1446/1908/1577 1655/2919/1805 890/1181/982
f 1909/2920/2082 3329/2921/2389 2198/2922/2390
f 1909/2923/2082 2197/2924/2391 1910/2729/2083
f 1909/2923/2082 2198/2925/2390 2197/2924/2391
f 1909/2526/2082 1913/2530/2086 3329/2926/2389
f 2199/2927/2392 2143/2845/2333 487/2928/540
f 2199/2929/2392 487/652/540 1092/1440/1201
f 2199/2927/2392 1092/1442/1201 2144/2846/2334
f 2199/2927/2392 2144/2846/2334 2143/2845/2333
f 1099/1448/1207 1100/1450/1209 3020/2436/2006
f 1099/2930/1207 2200/2931/2393 2201/2932/1208
f 1099/2930/1207 1520/2006/1656 2200/2931/2393
f 1099/2930/1207 3020/2933/2006 1520/2006/1656
f 960/2934/1054 959/2935/1053 2202/2936/2394
f 960/2937/1054 4020/2938/2395 3021/2939/1055
f 960/2940/1054 2203/2941/2396 4306/2942/2397
f 960/2940/1054 4306/2942/2397 4117/2943/2398
f 960/2937/1054 4117/2944/2398 4020/2938/2395
f 960/2940/1054 2202/2945/2394 2203/2941/2396
f 1109/1465/1218 2204/2946/2399 2205/2947/2400
f 1109/1465/1218 2206/2948/2401 2204/2946/2399
f 1109/1465/1218 2207/2949/2402 2206/2948/2401
f 1109/1465/1218 2208/2950/2403 2209/2951/2404
f 1109/1465/1218 2205/2947/2400 1110/1466/1219
f 1109/1465/1218 1114/1470/1223 2208/2950/2403
f 1109/1465/1218 2209/2951/2404 2207/2949/2402
f 1116/1472/1225 1118/1474/1227 2210/2952/2405
f 1116/1472/1225 2211/2953/2406 2212/2954/2407
f 1116/1472/1225 2212/2954/2407 1117/1473/1226
f 1116/1472/1225 2210/2952/2405 2211/2953/2406
f 2213/2955/2408 2023/2692/2203 2024/2693/2204
f 2213/2955/2408 2214/2956/2409 4110/2957/2410
f 2213/2955/2408 2215/2958/2411 2216/2959/2412
f 2213/2955/2408 2217/2960/2413 2023/2692/2203
f 2213/2955/2408 4110/2957/2410 2215/2958/2411
f 2213/2955/2408 2216/2959/2412 2217/2960/2413
f 2213/2955/2408 2024/2693/2204 2214/2956/2409
f 977/1286/1074 116/155/134 978/1287/1075
f 977/1286/1074 2218/2961/2414 2219/2962/2415
f 977/1286/1074 2219/2962/2415 116/155/134
f 977/1286/1074 980/1289/1077 2218/2961/2414
f 985/1294/1082 2220/2963/2416 986/1295/1083
f 985/1294/1082 2221/2964/2417 2220/2963/2416
f 985/1294/1082 990/1299/1087 2221/2964/2417
f 2222/2965/2418 2223/2966/2419 1609/2134/1758
f 2222/2965/2418 2224/2967/2420 2225/2968/2421
f 2222/2965/2418 2225/2968/2421 2223/2966/2419
f 2222/2965/2418 1607/2131/1755 2226/2969/2422
f 2222/2965/2418 1609/2134/1758 1607/2131/1755
f 2222/2965/2418 2226/2969/2422 2224/2967/2420
f 2227/2970/2423 2228/2971/2424 2229/2972/2425
f 2227/2973/2423 2230/2974/2426 1417/1870/1546
f 2227/2973/2423 2229/2975/2425 2230/2974/2426
f 2227/2970/2423 2231/2976/2427 2228/2971/2424
f 2227/2973/2423 4350/1868/1544 2231/2977/2427
f 2227/2973/2423 1417/1870/1546 4350/1868/1544
f 2233/2978/2428 2232/2979/2429 2234/2980/2430
f 2233/2981/2428 2234/2982/2430 1013/1329/1112
f 2233/2978/2428 2235/2983/2431 2232/2979/2429
f 2233/2981/2428 2236/2984/2432 114/153/131
f 2233/2981/2428 1013/1329/1112 2236/2984/2432
f 2233/2978/2428 114/150/131 2235/2983/2431
f 2237/2985/2433 2238/2986/2434 466/625/516
f 2237/2985/2433 2239/2987/2435 1846/2446/2016
f 2237/2985/2433 466/625/516 2239/2987/2435
f 2237/2985/2433 2240/2988/2436 2238/2986/2434
f 2237/2985/2433 1846/2446/2016 2240/2988/2436
f 2241/2989/2437 2242/2990/2438 2243/2991/2439
f 2241/2989/2437 2243/2991/2439 2244/2992/2440
f 2241/2989/2437 2245/2993/2441 2242/2990/2438
f 2241/2989/2437 2244/2992/2440 2246/2994/2442
f 2241/2989/2437 2246/2994/2442 2245/2993/2441
f 2247/2995/2443 2248/2996/2444 2249/2997/2445
f 2247/2995/2443 2250/2998/2446 2251/2999/2447
f 2247/2995/2443 2252/3000/2448 2248/2996/2444
f 2247/2995/2443 2249/2997/2445 2250/2998/2446
f 2247/2995/2443 2251/2999/2447 2252/3000/2448
f 2253/3001/2449 2254/3002/2450 1854/2455/2024
f 2253/3001/2449 1314/3003/1438 3847/3004/2451
f 2253/3001/2449 3847/3004/2451 2255/3005/2452
f 2253/3001/2449 2256/3006/2453 1314/3003/1438
f 2253/3001/2449 1854/2455/2024 2256/3006/2453
f 2253/3001/2449 2255/3005/2452 2254/3002/2450
f 2067/2743/2247 2257/3007/2454 1650/2180/1800
f 2067/2743/2247 2258/3008/2455 2257/3007/2454
f 2067/2743/2247 2070/2748/1856 1513/3009/1647
f 2067/2743/2247 1513/3009/1647 2258/3008/2455
f 2067/2743/2247 1650/2180/1800 1649/2179/1799
f 2259/3010/2456 2260/3011/2457 1487/1961/1621
f 2259/3010/2456 1503/1981/1637 2261/3012/2458
f 2259/3010/2456 2261/3012/2458 1912/2529/2085
f 2259/3010/2456 1487/1961/1621 1504/1982/1638
f 2259/3010/2456 1504/1982/1638 1503/1981/1637
f 2259/3010/2456 1912/2529/2085 2260/3011/2457
f 2262/3013/2459 2263/3014/2460 2264/3015/2461
f 2262/3013/2459 3543/3016/2462 2265/3017/2463
f 2262/3013/2459 2266/3018/2137 3543/3016/2462
f 2262/3013/2459 2267/3019/2464 1962/3020/2138
f 2262/3013/2459 2265/3017/2463 2268/3021/2465
f 2262/3013/2459 2268/3021/2465 2263/3014/2460
f 2262/3013/2459 1962/3020/2138 2266/3018/2137
f 2262/3013/2459 2264/3015/2461 2267/3019/2464
f 1194/1574/1310 2269/3022/2466 2270/3023/2467
f 1194/1574/1310 1849/2449/2019 2269/3022/2466
f 1194/1574/1310 2270/3023/2467 1195/1575/1311
f 1199/1579/1315 847/1122/931 850/1125/933
f 1199/1579/1315 3411/1201/1001 847/1122/931
f 1199/1579/1315 1200/1580/1316 2271/3024/2468
f 1199/1579/1315 2271/3024/2468 3411/1201/1001
f 2272/3025/2469 2273/3026/2470 2274/3027/2471
f 2272/3025/2469 223/296/251 2273/3026/2470
f 2272/3025/2469 2275/3028/2472 2276/3029/2473
f 2272/3025/2469 2276/3029/2473 223/296/251
f 2272/3025/2469 2274/3027/2471 2275/3028/2472
f 2279/3030/2474 2277/3031/2475 2280/3032/2476
f 2279/3030/2474 2281/3033/2477 2278/3034/2478
f 2279/3030/2474 2278/3034/2478 2277/3031/2475
f 2279/3035/2474 2280/3036/2476 1210/1595/1328
f 2279/3035/2474 1210/1595/1328 2281/3037/2477
f 2155/2860/2345 2282/3038/2479 2040/2713/2220
f 2155/2860/2345 2156/2861/2346 2282/3038/2479
f 2155/2860/2345 2040/2713/2220 2039/2712/2219
f 2155/2860/2345 2039/2712/2219 1871/2479/2041
f 2285/3039/2480 2283/3040/2481 2284/3041/2482
f 2285/3042/2480 2286/3043/2483 145/3044/166
f 2285/3039/2480 2284/3041/2482 3904/3045/2484
f 2285/3039/2480 145/1383/166 2283/3040/2481
f 2285/3039/2480 3904/3045/2484 2286/3046/2483
f 2287/3047/2485 2288/3048/2486 2289/3049/2487
f 2287/3047/2485 2290/3050/2488 2291/3051/2489
f 2287/3047/2485 2292/3052/2490 2293/3053/2491
f 2287/3047/2485 2291/3051/2489 2288/3048/2486
f 2287/3047/2485 2289/3049/2487 2292/3052/2490
f 2287/3047/2485 2293/3053/2491 2290/3050/2488
f 2294/3054/2492 1087/1423/1192 186/251/209
f 2294/3054/2492 4038/3055/2493 2295/3056/2494
f 2294/3054/2492 2296/3057/1496 1087/1423/1192
f 2294/3054/2492 186/251/209 4038/3055/2493
f 2294/3054/2492 2295/3056/2494 2297/3058/2495
f 2294/3054/2492 2297/3058/2495 2296/3057/1496
f 2298/3059/2496 2299/3060/2497 2300/3061/2498
f 2298/3059/2496 2301/3062/2499 2299/3060/2497
f 2298/3059/2496 3593/3063/2500 2301/3062/2499
f 2298/3059/2496 2300/3061/2498 2302/3064/2501
f 2298/3059/2496 2302/3064/2501 3593/3063/2500
f 2303/3065/2502 2304/3066/2503 2305/3067/2504
f 2303/3065/2502 2305/3067/2504 2306/3068/2505
f 2303/3065/2502 2306/3068/2505 2307/3069/2506
f 2303/3065/2502 570/761/634 2304/3066/2503
f 2303/3065/2502 2307/3069/2506 570/761/634
f 1840/3070/2009 2308/3071/2507 1309/1729/1433
f 1840/2439/2009 2309/3072/2508 2310/3073/2509
f 1840/3070/2009 2311/3074/2011 2308/3071/2507
f 1840/2439/2009 2310/3073/2509 1841/2440/2010
f 1840/3070/2009 1309/1729/1433 2309/3075/2508
f 1777/2363/1944 2312/3076/2510 2814/2305/1897
f 1777/2363/1944 2313/3077/2511 2312/3076/2510
f 1777/2363/1944 1779/2365/1945 2313/3077/2511
f 1777/2363/1944 2814/2305/1897 1734/2304/1895
f 2315/445/377 2314/3078/2512 339/446/378
f 2315/3079/377 341/3080/379 2316/3081/2513
f 2315/445/377 2316/3082/2513 2317/3083/2514
f 2315/445/377 2317/3083/2514 2314/3078/2512
f 2318/3084/2515 2319/3085/2516 2320/3086/2517
f 2318/3084/2515 2321/3087/2518 2322/3088/2519
f 2318/3084/2515 2323/3089/2520 2321/3087/2518
f 2318/3084/2515 2324/3090/2521 2319/3085/2516
f 2318/3084/2515 2325/3091/2522 2323/3089/2520
f 2318/3084/2515 2320/3086/2517 2325/3091/2522
f 2318/3084/2515 2322/3088/2519 2324/3090/2521
f 2326/3092/2523 2327/3093/2524 1140/1503/1251
f 2326/3092/2523 2328/3094/2525 2329/3095/2526
f 2326/3092/2523 1583/2094/1728 2327/3093/2524
f 2326/3092/2523 1140/1503/1251 2328/3094/2525
f 2326/3092/2523 2329/3095/2526 1473/1941/1605
f 2326/3092/2523 1473/1941/1605 1583/2094/1728
f 2330/3096/2527 409/548/456 1930/2557/2102
f 2330/3097/2527 2331/3098/2528 4204/3099/2529
f 2330/3097/2527 1930/3100/2102 1932/2559/2103
f 2330/3097/2527 4204/3099/2529 2332/3101/2530
f 2330/3096/2527 2332/3102/2530 409/548/456
f 2330/3097/2527 1932/2559/2103 2331/3098/2528
f 2333/3103/2531 2334/3104/2532 2335/3105/2533
f 2333/3103/2531 2336/3106/2534 2337/3107/2535
f 2333/3103/2531 2337/3107/2535 2338/3108/2536
f 2333/3103/2531 2339/3109/2537 2336/3106/2534
f 2333/3103/2531 2335/3105/2533 2339/3109/2537
f 2333/3103/2531 2338/3108/2536 2334/3104/2532
f 813/1079/893 812/1078/894 2340/3110/2538
f 813/1079/893 2340/3110/2538 2038/3111/2218
f 1985/2636/2161 2341/3112/2539 171/230/195
f 1985/2636/2161 171/230/195 1989/2637/2162
f 1985/2644/2161 1991/2643/2166 2342/3113/2540
f 1985/2636/2161 2342/3114/2540 2341/3112/2539
f 2343/3115/2541 2344/3116/2542 2345/3117/2543
f 2343/3115/2541 2346/3118/2544 2347/3119/2545
f 2343/3115/2541 3938/326/281 251/328/283
f 2343/3115/2541 2348/3120/2546 2344/3116/2542
f 2343/3115/2541 2345/3117/2543 3938/326/281
f 2343/3115/2541 251/328/283 2346/3118/2544
f 2343/3115/2541 2347/3119/2545 2348/3120/2546
f 2349/3121/2547 2350/3122/2548 2935/3123/2549
f 2349/3121/2547 2351/3124/2550 2350/3122/2548
f 2349/3121/2547 2935/3123/2549 2352/3125/2551
f 2349/3121/2547 2353/3126/2552 2351/3124/2550
f 2349/3121/2547 2352/3125/2551 2353/3126/2552
f 632/831/702 1945/2579/2117 633/832/703
f 632/831/702 700/915/772 1945/2579/2117
f 2354/3127/2553 2355/3128/2554 2356/3129/2555
f 2354/3130/2553 463/3131/416 1770/2345/1930
f 2354/3127/2553 2357/3132/2556 463/3133/416
f 2354/3130/2553 1770/2345/1930 2355/3134/2554
f 2354/3127/2553 2356/3129/2555 2357/3132/2556
f 1624/2151/1773 2358/3135/2557 1625/2152/1774
f 1624/2151/1773 1626/2153/1775 1257/1655/1379
f 1624/2151/1773 1257/1655/1379 155/211/177
f 1624/2151/1773 155/211/177 2358/3135/2557
f 2359/3136/2558 2360/3137/2559 2361/3138/2560
f 2359/3136/2558 3329/2926/2389 1913/2530/2086
f 2359/3136/2558 2633/3139/2561 3329/2926/2389
f 2359/3136/2558 2362/3140/2562 2363/3141/2563
f 2359/3136/2558 1913/2530/2086 2360/3137/2559
f 2359/3136/2558 2363/3141/2563 2633/3139/2561
f 2359/3136/2558 2361/3138/2560 2362/3140/2562
f 1914/2532/2088 2364/3142/2564 2365/3143/2565
f 1914/2532/2088 779/1034/858 2366/3144/2566
f 1914/2532/2088 2366/3144/2566 2364/3142/2564
f 1914/2532/2088 2365/3143/2565 1915/2533/2089
f 1376/1821/1504 2367/3145/2567 1377/1822/1505
f 1376/1821/1504 1380/1825/1508 1917/2535/2091
f 1376/1821/1504 1920/2538/2094 2367/3145/2567
f 2368/3146/2568 1354/1784/1481 4032/3147/2569
f 2368/3146/2568 1355/1785/1482 1354/1784/1481
f 2368/3146/2568 4032/3147/2569 2369/3148/2570
f 2368/3146/2568 3845/3149/2571 2370/3150/2572
f 2368/3146/2568 2369/3148/2570 798/1060/879
f 2368/3146/2568 798/1060/879 3845/3149/2571
f 2368/3146/2568 2370/3150/2572 1355/1785/1482
f 903/1195/996 906/1198/998 2371/3151/2573
f 903/1195/996 2372/3152/2574 904/1196/997
f 903/1195/996 2373/3153/2575 2374/3154/2576
f 903/1195/996 2371/3151/2573 2373/3153/2575
f 903/1195/996 2375/3155/2577 2372/3152/2574
f 903/1195/996 2374/3154/2576 2375/3155/2577
f 2376/3156/2578 2379/3157/2579 2378/3158/2580
f 2376/3159/2578 2377/3160/2581 3078/3161/2582
f 2376/3159/2578 2378/3162/2580 1732/2295/1893
f 2376/3159/2578 1731/2293/1891 2377/3160/2581
f 2376/3159/2578 1732/2295/1893 1731/2293/1891
f 2376/3159/2578 3078/3161/2582 2379/3163/2579
f 1723/2282/1881 2040/2713/2220 1724/2283/1882
f 2380/3164/2583 2381/3165/2584 2382/3166/2585
f 2380/3167/2583 1778/3168/257 2383/3169/2586
f 2380/3164/2583 2382/3166/2585 2384/3170/2587
f 2380/3164/2583 2384/3170/2587 1778/3171/257
f 2380/3164/2583 2385/3172/2588 2381/3165/2584
f 2386/3173/2589 2817/3174/2590 557/746/619
f 2386/3173/2589 2387/3175/2591 2817/3174/2590
f 2386/3176/2589 1718/2276/1875 2387/3177/2591
f 2386/3173/2589 557/746/619 556/745/618
f 2386/3173/2589 556/745/618 2388/3178/2592
f 2386/3173/2589 2388/3178/2592 1718/3179/1875
f 2391/3180/2593 765/1010/837 2389/3181/2594
f 2391/3180/2593 2389/3181/2594 2390/3182/2595
f 2391/3180/2593 761/3183/838 765/1010/837
f 2391/3184/2593 2392/3185/2596 2393/3186/2597
f 2391/3180/2593 2394/3187/2598 2392/3188/2596
f 2391/3180/2593 2390/3182/2595 2394/3187/2598
f 2391/3184/2593 2393/3186/2597 761/1004/838
f 354/466/389 353/465/393 2395/3189/2599
f 354/460/389 1427/1887/1557 1429/1889/1559
f 354/460/389 1429/1889/1559 349/461/390
f 354/466/389 2395/3189/2599 1427/3190/1557
f 2396/3191/2600 2397/3192/2601 2398/3193/2602
f 2396/3191/2600 719/938/791 2397/3192/2601
f 2396/3191/2600 2399/3194/2603 720/939/792
f 2396/3191/2600 2400/3195/2604 2399/3194/2603
f 2396/3191/2600 2398/3193/2602 2400/3195/2604
f 2396/3191/2600 720/939/792 719/938/791
f 834/1101/914 2195/2916/2386 835/1102/915
f 834/1101/914 68/92/80 2196/2917/2387
f 834/1101/914 69/93/81 68/92/80
f 834/1101/914 2196/2917/2387 2195/2916/2386
f 2020/2694/2200 1450/1913/1580 2401/3196/2605
f 2020/2688/2200 2401/3197/2605 2402/3198/2606
f 2020/2688/2200 2402/3198/2606 2021/2689/2201
f 2020/2694/2200 1451/1914/1581 1450/1913/1580
f 2403/3199/2607 2238/2986/2434 2240/2988/2436
f 2403/3199/2607 2404/3200/2608 2405/3201/2609
f 2403/3199/2607 2405/3201/2609 4355/3202/2610
f 2403/3199/2607 4355/3202/2610 4372/3203/2611
f 2403/3199/2607 2240/2988/2436 2404/3200/2608
f 2403/3199/2607 4372/3203/2611 2238/2986/2434
f 2242/2990/2438 2406/3204/2612 2407/3205/2613
f 2242/2990/2438 2407/3205/2613 2243/2991/2439
f 2242/2990/2438 2245/2993/2441 2408/3206/2614
f 2242/2990/2438 2409/3207/2615 2410/3208/2616
f 2242/2990/2438 2408/3206/2614 2409/3207/2615
f 2242/2990/2438 2410/3208/2616 2406/3204/2612
f 790/1047/869 2411/3209/2617 1242/1637/1363
f 790/1047/869 791/1050/871 2412/3210/2618
f 790/1047/869 2412/3210/2618 2411/3209/2617
f 2415/3211/2619 2413/3212/2620 2414/3213/2621
f 2415/3214/2619 2417/3215/2622 3664/3216/2623
f 2415/3217/2619 2416/3218/2624 2417/3219/2622
f 2415/3211/2619 2418/3220/2625 2413/3212/2620
f 2415/3214/2619 3664/3216/2623 483/646/536
f 2415/3214/2619 483/646/536 2418/3221/2625
f 2415/3211/2619 2414/3213/2621 2416/3222/2624
f 1281/1686/1402 2419/3223/213 2420/3224/2626
f 1281/1686/1402 2421/3225/2627 2422/3226/2628
f 1281/1686/1402 2422/3226/2628 1282/1687/1403
f 2423/3227/2629 1361/1797/1488 1983/2633/2158
f 2423/3227/2629 1983/2633/2158 1982/2632/2157
f 2423/3227/2629 2424/3228/2630 1361/1797/1488
f 2423/3227/2629 2425/3229/2631 2424/3228/2630
f 2423/3227/2629 2426/3230/2632 2427/3231/2633
f 2423/3227/2629 2427/3231/2633 2425/3229/2631
f 2423/3227/2629 1982/2632/2157 2426/3230/2632
f 2428/3232/2634 2429/3233/2635 2430/3234/2636
f 2428/3235/2634 2431/3236/2637 2432/3237/2638
f 2428/3232/2634 2433/3238/2639 2429/3233/2635
f 2428/3232/2634 2430/3234/2636 2431/3239/2637
f 2428/3235/2634 2432/3237/2638 2433/3240/2639
f 2434/3241/2640 2435/3242/2641 2436/3243/2642
f 2434/3241/2640 305/401/342 2437/3244/2643
f 2434/3241/2640 2436/3243/2642 2438/3245/2644
f 2434/3241/2640 2439/3246/2645 2440/3247/2646
f 2434/3241/2640 2437/3244/2643 2435/3242/2641
f 2434/3241/2640 2440/3247/2646 1659/3248/1810
f 2434/3241/2640 2441/3249/2647 2439/3246/2645
f 2434/3241/2640 1659/3248/1810 305/401/342
f 2434/3241/2640 2438/3245/2644 2441/3249/2647
f 419/562/466 732/957/805 424/563/467
f 419/562/466 426/570/472 731/956/804
f 737/962/810 2442/3250/2648 738/963/811
f 737/962/810 743/968/816 2443/3251/2649
f 737/962/810 2443/3251/2649 2442/3250/2648
f 2444/3252/2650 2445/3253/2651 2446/3254/2652
f 2444/3252/2650 2446/3254/2652 2447/3255/2653
f 2444/3252/2650 4048/3256/2654 2448/3257/2655
f 2444/3252/2650 2447/3255/2653 4048/3256/2654
f 2444/3252/2650 2448/3257/2655 2445/3253/2651
f 2449/3258/2656 2450/3259/2657 2451/3260/2658
f 2449/3258/2656 2452/3261/2659 2450/3259/2657
f 2449/3258/2656 2076/2755/2254 2453/3262/2660
f 2449/3258/2656 2451/3260/2658 2076/2755/2254
f 2449/3258/2656 2454/3263/2661 2452/3261/2659
f 2449/3258/2656 2453/3262/2660 2454/3263/2661
f 755/3264/828 4051/3265/2065 2455/3266/2662
f 755/3264/828 2455/3266/2662 2456/3267/2663
f 755/3264/828 2456/3267/2663 2565/3268/829
f 755/997/828 757/996/832 4051/2506/2065
f 2457/3269/2664 2458/3270/2665 2459/3271/2666
f 2457/3269/2664 2460/3272/2667 2461/3273/2668
f 2457/3269/2664 2462/3274/2669 2458/3270/2665
f 2457/3269/2664 2461/3273/2668 2462/3274/2669
f 2463/3275/2670 2464/3276/2671 1905/2521/2079
f 2463/3275/2670 1902/2517/2076 2018/2686/2198
f 2463/3275/2670 1905/2521/2079 1902/2517/2076
f 2463/3275/2670 2465/3277/2672 2464/3276/2671
f 2463/3275/2670 2018/2686/2198 2466/3278/2673
f 2463/3275/2670 2466/3278/2673 2465/3277/2672
f 893/1184/985 160/216/182 2467/3279/2674
f 893/1184/985 2468/3280/2675 160/216/182
f 893/1184/985 896/1187/988 2468/3280/2675
f 893/1184/985 2467/3279/2674 894/1185/986
f 1232/1627/1353 1234/1629/1355 1846/2446/2016
f 1232/1627/1353 1846/2446/2016 2469/3281/2676
f 1232/1627/1353 2469/3281/2676 1233/1628/1354
f 2470/3282/2677 2471/3283/2678 2472/3284/2679
f 2470/3282/2677 2473/3285/2680 801/1065/882
f 2470/3282/2677 800/1064/881 2474/3286/2681
f 2470/3282/2677 2474/3286/2681 2471/3283/2678
f 2470/3282/2677 801/1065/882 800/1064/881
f 2470/3282/2677 2472/3284/2679 2473/3285/2680
f 2475/3287/2682 2476/3288/2683 2477/3289/2684
f 2475/3287/2682 2478/3290/2685 2479/3291/2686
f 2475/3287/2682 2479/3291/2686 2480/3292/2687
f 2475/3287/2682 2480/3292/2687 2476/3288/2683
f 2475/3287/2682 2477/3289/2684 2478/3290/2685
f 918/1218/1012 920/1220/1014 2481/3293/2688
f 918/1218/1012 2482/3294/2689 919/1219/1013
f 918/1218/1012 2481/3293/2688 2482/3294/2689
f 2483/3295/2690 1813/2407/1982 1814/2408/1983
f 2483/3295/2690 2484/3296/2691 1813/2407/1982
f 2483/3295/2690 1814/2408/1983 198/269/224
f 2483/3295/2690 2485/3297/2692 2484/3296/2691
f 2483/3295/2690 198/269/224 197/266/223
f 2483/3295/2690 197/266/223 2485/3297/2692
f 633/832/703 1945/2579/2117 2486/3298/2693
f 633/832/703 2486/3298/2693 459/616/509
f 633/832/703 459/616/509 634/833/704
f 2491/3299/2694 2487/3300/2695 3964/2585/2123
f 2491/3299/2694 2488/3301/2696 2489/3302/2697
f 2491/3299/2694 2490/3303/2698 2492/3304/2699
f 2491/3305/2694 2492/3306/2699 2487/3307/2695
f 2491/3299/2694 3964/2585/2123 2488/3301/2696
f 2491/3299/2694 2489/3302/2697 2490/3303/2698
f 1288/1701/1409 2493/3308/2700 1289/1702/1410
f 1288/1701/1409 1292/1705/1413 2494/3309/2701
f 1288/1701/1409 1781/2369/1947 2493/3308/2700
f 1288/1701/1409 2494/3309/2701 1781/2369/1947
f 2364/3142/2564 2495/3310/2702 2496/3311/2703
f 2364/3142/2564 2366/3144/2566 2495/3310/2702
f 2364/3142/2564 2496/3311/2703 2365/3143/2565
f 2099/2782/2281 2101/2785/2284 2497/3312/2704
f 2099/2782/2281 2497/3312/2704 1132/1495/1243
f 2099/2782/2281 1132/1495/1243 1973/2619/2148
f 2099/2782/2281 2498/3313/2705 2100/2783/2282
f 2099/2782/2281 1973/2619/2148 2498/3313/2705
f 961/1268/1056 2499/3314/2706 2500/3315/2707
f 961/1268/1056 964/1272/1060 2499/3314/2706
f 961/1268/1056 2500/3315/2707 962/1269/1057
f 2502/3316/2708 2071/2749/2249 2501/3317/2709
f 2502/3318/2708 2503/3319/3 762/1006/840
f 2502/3316/2708 3/6/4 2503/5/3
f 2502/3318/2708 3624/1005/839 2504/3320/2710
f 2502/3316/2708 2504/3321/2710 2071/2749/2249
f 2502/3318/2708 762/1006/840 3624/1005/839
f 2502/3316/2708 2501/3317/2709 3/6/4
f 2506/3322/2711 2505/3323/1736 2578/3324/1738
f 2506/3325/2711 2578/3326/1738 2577/3327/2712
f 2506/3328/2711 2577/3329/2712 2507/3330/2713
f 2506/3328/2711 2508/3331/2714 2505/3332/1736
f 2506/3328/2711 2509/3333/2715 2508/3331/2714
f 2506/3328/2711 2507/3330/2713 2509/3333/2715
f 617/815/686 619/817/688 2510/3334/2716
f 617/815/686 2511/3335/2717 618/816/687
f 617/815/686 2512/3336/2718 2511/3335/2717
f 617/815/686 2510/3334/2716 2512/3336/2718
f 2513/3337/2719 2514/3338/2720 2515/3339/2721
f 2513/3337/2719 2515/3339/2721 2516/3340/2722
f 2513/3337/2719 2516/3340/2722 2517/3341/2723
f 2513/3337/2719 2518/3342/2724 2514/3338/2720
f 2513/3337/2719 2517/3341/2723 2519/3343/2725
f 2513/3337/2719 2519/3343/2725 2518/3342/2724
f 2522/3344/2726 2520/3345/2727 2521/3346/2728
f 2522/3347/2726 2524/3348/2729 3477/3349/830
f 2522/3344/2726 4093/3350/2730 2523/3351/2731
f 2522/3347/2726 3477/3349/830 4093/3352/2730
f 2522/3344/2726 2521/3346/2728 2524/3353/2729
f 2522/3344/2726 2523/3351/2731 2520/3345/2727
f 2525/3354/2732 2526/3355/2733 2527/3356/2734
f 2525/3354/2732 2527/3356/2734 1621/2148/1770
f 2525/3357/2732 2528/3358/2735 2526/3359/2733
f 2525/3357/2732 2529/3360/2736 2530/3361/2737
f 2525/3354/2732 1621/2148/1770 2531/3362/2738
f 2525/3357/2732 2531/3363/2738 2529/3360/2736
f 2525/3357/2732 2530/3361/2737 2528/3358/2735
f 2532/3364/2739 2533/3365/2740 2534/3366/2741
f 2532/3364/2739 2535/3367/2742 2536/3368/2743
f 2532/3364/2739 2534/3366/2741 2535/3367/2742
f 2532/3364/2739 2135/2826/2323 2533/3365/2740
f 2532/3364/2739 2536/3368/2743 2136/2827/2324
f 2532/3364/2739 2136/2827/2324 2135/2826/2323
f 394/531/440 397/530/443 2537/3369/2744
f 394/3370/440 2537/3371/2744 2637/3372/2745
f 394/1370/440 2637/3373/2745 1044/1371/1146
f 2538/3374/2746 2539/3375/2747 145/1383/166
f 2538/3374/2746 145/1383/166 2540/3376/2748
f 2538/3374/2746 2541/3377/2749 2542/3378/2750
f 2538/3374/2746 2540/3376/2748 2541/3377/2749
f 2538/3374/2746 2542/3378/2750 2539/3375/2747
f 2543/3379/2751 2544/3380/2752 1352/1781/1478
f 2543/3379/2751 1967/2614/2144 1968/2613/2145
f 2543/3379/2751 1968/2613/2145 2544/3380/2752
f 2543/3379/2751 1352/1781/1478 4388/3381/2753
f 2543/3379/2751 4388/3381/2753 1967/2614/2144
f 2545/3382/2754 2547/3383/2755 4398/3384/2756
f 2545/3385/2754 2546/3386/2757 2547/3387/2755
f 2545/3388/2754 4398/3389/2756 4403/3390/2758
f 2545/3385/2754 2548/3391/2759 2546/3386/2757
f 2545/3388/2754 4403/3390/2758 4040/3392/2760
f 2545/3388/2754 4040/3392/2760 2548/3393/2759
f 2319/3085/2516 2549/3394/2761 4101/3395/2762
f 2319/3085/2516 4101/3395/2762 2320/3086/2517
f 2319/3085/2516 2324/3090/2521 2550/3396/2763
f 2319/3085/2516 2550/3396/2763 2549/3394/2761
f 2551/3397/2764 1761/2336/1921 972/1281/1069
f 2551/3397/2764 1505/1983/1639 1506/1984/1640
f 2551/3397/2764 1762/2337/1922 1761/2336/1921
f 2551/3397/2764 1506/1984/1640 2552/3398/2765
f 2551/3397/2764 2552/3398/2765 1762/2337/1922
f 2551/3397/2764 972/1281/1069 1505/1983/1639
f 1268/1671/1392 1270/1670/1393 802/1066/883
f 1268/1671/1392 429/574/475 432/577/478
f 1268/1671/1392 2473/3285/2680 429/574/475
f 1268/1671/1392 802/1066/883 2473/3285/2680
f 2553/3399/2766 2554/3400/2767 2555/3401/2768
f 2553/3399/2766 2556/3402/2769 2557/3403/2770
f 2553/3399/2766 2555/3401/2768 2558/3404/2771
f 2553/3399/2766 2559/3405/2772 2556/3402/2769
f 2553/3399/2766 2558/3404/2771 2559/3405/2772
f 2553/3399/2766 2557/3403/2770 2554/3400/2767
f 2074/2753/2252 2560/3406/2773 2075/2754/2253
f 2074/2753/2252 2077/2756/2255 2560/3406/2773
f 2561/3407/2774 2562/3408/2775 2563/3409/2776
f 2561/3407/2774 2563/3409/2776 2564/3410/2777
f 2561/3407/2774 2565/3411/829 2456/3412/2663
f 2561/3407/2774 2456/3412/2663 2562/3408/2775
f 2561/3407/2774 2566/3413/2778 2565/3411/829
f 2561/3407/2774 2564/3410/2777 2566/3413/2778
f 2567/3414/2779 1019/1335/1118 2568/3415/2780
f 2567/3414/2779 1616/3416/1765 1019/1335/1118
f 2567/3414/2779 1617/3417/1766 1616/3416/1765
f 2567/3414/2779 145/1383/166 1617/3417/1766
f 2567/3414/2779 2568/3415/2780 145/1383/166
f 2569/3418/2781 2570/3419/2782 865/1153/954
f 2569/3418/2781 864/1152/953 2571/3420/2783
f 2569/3418/2781 865/1153/954 864/1152/953
f 2569/3418/2781 2572/3421/2784 2570/3419/2782
f 2569/3418/2781 2573/3422/2785 2572/3421/2784
f 2569/3418/2781 2571/3420/2783 2573/3422/2785
f 2574/3423/526 479/3424/530 2575/3425/2786
f 2574/3423/526 2575/3425/2786 4214/3426/1062
f 2576/3427/2787 2578/3428/1738 707/922/778
f 2576/3429/2787 2577/3430/2712 2578/3431/1738
f 2576/3427/2787 4121/3432/2788 2579/3433/2789
f 2576/3427/2787 2579/3433/2789 2577/3434/2712
f 2576/3427/2787 707/922/778 4121/3432/2788
f 522/696/579 488/653/541 2580/3435/2790
f 522/696/579 526/700/583 490/655/543
f 522/696/579 2580/3435/2790 523/697/580
f 522/696/579 490/655/543 488/653/541
f 2581/3436/2791 2582/3437/2792 2583/3438/2793
f 2581/3436/2791 1039/1361/1142 2582/3437/2792
f 2581/3436/2791 2584/3439/2794 1039/1361/1142
f 2581/3436/2791 2583/3438/2793 2585/3440/2795
f 2581/3436/2791 2585/3440/2795 2584/3439/2794
f 2587/3441/2796 156/212/178 2586/3442/2797
f 2587/3441/2796 2586/3442/2797 2590/3443/2798
f 2587/3441/2796 2589/1012/843 156/212/178
f 2587/3444/2796 2588/3445/2799 2589/3446/843
f 2587/3444/2796 2590/3447/2798 2591/3448/2800
f 2587/3444/2796 2591/3448/2800 2588/3445/2799
f 2592/3449/2801 2593/3450/2301 2594/3451/2802
f 2592/3449/2801 2595/3452/2803 2596/3453/2804
f 2592/3454/2801 2596/3455/2804 4244/3456/2805
f 2592/3449/2801 2594/3451/2802 2595/3452/2803
f 2592/3454/2801 4244/3456/2805 4314/3457/2302
f 2592/3449/2801 4314/3458/2302 2593/3450/2301
f 2597/3459/2806 2598/3460/2807 1060/1396/1165
f 2597/3459/2806 2599/3461/2808 2600/3462/2809
f 2597/3459/2806 2601/3463/2810 2598/3460/2807
f 2597/3459/2806 2600/3462/2809 3480/3464/2811
f 2597/3459/2806 3480/3464/2811 2601/3463/2810
f 2597/3459/2806 1060/1396/1165 2599/3461/2808
f 350/462/391 2602/3465/2812 351/463/392
f 350/462/391 349/461/390 2121/2811/2309
f 350/462/391 2121/2811/2309 2602/3465/2812
f 2603/3466/2813 1512/1991/1646 2604/3467/2814
f 2603/3466/2813 2605/3468/2815 2606/3469/2816
f 2603/3466/2813 2606/3469/2816 2607/3470/2817
f 2603/3466/2813 2607/3470/2817 1513/1992/1647
f 2603/3466/2813 1513/1992/1647 1512/1991/1646
f 2603/3466/2813 2604/3467/2814 2605/3468/2815
f 12/18/12 2608/3471/2818 2609/3472/2819
f 12/18/12 11/17/13 2608/3471/2818
f 12/18/12 2609/3472/2819 505/671/558
f 2533/3365/2740 2610/3473/2820 2611/3474/2821
f 2533/3365/2740 2611/3474/2821 2534/3366/2741
f 2533/3365/2740 2612/3475/2822 2610/3473/2820
f 2533/3365/2740 2135/2826/2323 2612/3475/2822
f 1344/1772/1472 2613/3476/2823 2614/3477/2824
f 1344/1772/1472 2614/3477/2824 1345/1773/1473
f 1344/1772/1472 1346/1774/1474 2615/3478/2825
f 1344/1772/1472 2615/3478/2825 2613/3476/2823
f 2616/3479/2826 2617/3480/2827 2618/3481/2828
f 2616/3479/2826 2619/3482/2829 2617/3480/2827
f 2616/3479/2826 1457/1921/1588 2619/3482/2829
f 2616/3479/2826 4190/1926/1592 1457/1921/1588
f 2616/3479/2826 2618/3481/2828 4190/1926/1592
f 383/500/423 2620/3483/2830 379/501/424
f 383/500/423 2621/3484/2831 2620/3483/2830
f 383/506/423 382/505/427 2621/3485/2831
f 1510/1988/1644 2367/3145/2567 2622/3486/2832
f 1510/1988/1644 1514/1994/1649 2367/3145/2567
f 1510/1988/1644 2622/3486/2832 2623/3487/2833
f 1510/1988/1644 2623/3487/2833 1511/1989/1645
f 2625/3488/2834 2627/3489/2835 2624/3490/2836
f 2625/3488/2834 2624/3490/2836 2159/2865/2349
f 2625/3491/2834 2626/3492/2837 2627/3493/2835
f 2625/3491/2834 2628/3494/2838 2626/3492/2837
f 2625/3488/2834 2159/2865/2349 2161/2869/2350
f 2625/3491/2834 2161/2868/2350 2628/3494/2838
f 407/546/454 1670/2206/1822 408/547/455
f 407/546/454 409/548/456 2332/3102/2530
f 407/546/454 1671/2207/1823 1670/2206/1822
f 407/546/454 2332/3102/2530 1671/2207/1823
f 2629/3495/2839 2630/3496/2840 2210/2952/2405
f 2629/3495/2839 414/553/461 2630/3496/2840
f 2629/3495/2839 2631/3497/2841 415/554/462
f 2629/3495/2839 2632/3498/2842 2631/3497/2841
f 2629/3495/2839 415/554/462 414/553/461
f 2629/3495/2839 2210/2952/2405 2632/3498/2842
f 2636/3499/2843 2633/3500/2561 2634/3501/2844
f 2636/3502/2843 2635/3503/2845 2633/3504/2561
f 2636/3505/2843 3562/3506/2846 2635/3507/2845
f 2636/3499/2843 2634/3501/2844 3777/1374/1147
f 2636/3499/2843 3777/1374/1147 2637/3508/2745
f 2636/3509/2843 2637/3510/2745 3562/3511/2846
f 2639/769/642 581/773/646 2638/3512/2847
f 2639/3513/642 2640/3514/2848 2641/3515/2849
f 2639/3513/642 2642/3516/2850 2640/3514/2848
f 2639/769/642 2641/3517/2849 578/770/643
f 2639/769/642 2638/3512/2847 2642/3518/2850
f 2643/3519/2851 2243/2991/2439 2407/3205/2613
f 2643/3519/2851 2644/3520/2852 2645/3521/2853
f 2643/3519/2851 2407/3205/2613 2646/3522/2854
f 2643/3519/2851 2647/3523/2855 2243/2991/2439
f 2643/3519/2851 2645/3521/2853 2647/3523/2855
f 2643/3519/2851 2646/3522/2854 2644/3520/2852
f 1974/2622/2150 594/789/660 2648/3524/2856
f 1974/2622/2150 2648/3524/2856 1975/2623/2151
f 1974/2628/2150 1978/2627/2154 595/3525/661
f 1974/2622/2150 595/790/661 594/789/660
f 598/795/666 2331/3098/2528 599/796/667
f 598/795/666 602/799/670 2649/3526/2857
f 598/795/666 2650/3527/2858 2331/3098/2528
f 598/795/666 2649/3526/2857 2650/3527/2858
f 604/801/672 606/803/674 2336/3106/2534
f 604/801/672 2651/3528/2859 3128/3529/2860
f 604/801/672 2336/3106/2534 2651/3528/2859
f 604/801/672 3128/3529/2860 605/802/673
f 2652/3530/679 612/3531/681 2653/3532/2861
f 2652/3530/679 2653/3532/2861 4144/3533/2862
f 2652/808/679 4144/3534/2862 4145/3535/2863
f 2652/808/679 4145/3535/2863 611/809/680
f 2654/3536/2864 1095/3537/1203 2425/3229/2631
f 2654/3538/2864 2655/3539/2865 3922/3540/2866
f 2654/3538/2864 3922/3540/2866 1095/3541/1203
f 2654/3536/2864 2220/2963/2416 252/329/284
f 2654/3538/2864 2656/3542/2867 2655/3539/2865
f 2654/3536/2864 2425/3229/2631 2220/2963/2416
f 2654/3538/2864 252/3543/284 2656/3542/2867
f 1421/1877/1550 2657/3544/2868 2443/3251/2649
f 1421/1877/1550 52/73/61 1422/1878/1551
f 1421/1877/1550 2658/3545/2869 52/73/61
f 1421/1877/1550 3395/1880/1553 2657/3544/2868
f 1421/1877/1550 2443/3251/2649 2658/3545/2869
f 2659/3546/2870 2660/3547/2871 2661/3548/2872
f 2659/3546/2870 2662/3549/936 3261/3550/939
f 2659/3546/2870 2663/3551/2873 2662/3549/936
f 2659/3546/2870 143/191/164 2663/3551/2873
f 2659/3546/2870 2661/3548/2872 143/191/164
f 2659/3546/2870 3261/3550/939 2660/3547/2871
f 2664/3552/2874 2665/3553/2875 2666/3554/2876
f 2664/3552/2874 2667/3555/2877 2668/3556/2878
f 2664/3552/2874 2668/3556/2878 2669/3557/2879
f 2664/3552/2874 2670/3558/2880 2665/3553/2875
f 2664/3552/2874 2666/3554/2876 2667/3555/2877
f 2664/3552/2874 2669/3557/2879 2670/3558/2880
f 1904/2519/2077 2671/3559/944 858/3560/945
f 1904/2519/2077 1906/2523/2080 2671/3559/944
f 1904/2519/2077 858/3560/945 2672/3561/2881
f 1904/2519/2077 2672/3561/2881 1907/2520/2078
f 2673/3562/2882 2674/3563/2883 2675/3564/2884
f 2673/3562/2882 161/217/183 2674/3563/2883
f 2673/3562/2882 164/220/186 161/217/183
f 2673/3562/2882 3962/3565/2885 2676/3566/2886
f 2673/3562/2882 2676/3566/2886 164/220/186
f 2673/3562/2882 2675/3564/2884 3962/3565/2885
f 501/666/554 4418/669/557 2677/3567/2887
f 501/666/554 935/1241/1031 933/1238/1028
f 501/666/554 933/1238/1028 502/667/555
f 501/666/554 2677/3567/2887 935/1241/1031
f 2678/3568/2888 2679/3569/2889 3377/3570/560
f 2678/3568/2888 939/1245/1033 942/1248/1036
f 2678/3568/2888 505/671/558 939/1245/1033
f 2678/3568/2888 2680/3571/2890 2679/3569/2889
f 2678/3568/2888 3377/3570/560 505/671/558
f 2678/3568/2888 942/1248/1036 2680/3571/2890
f 2681/3572/2891 2682/3573/2892 1096/1445/1204
f 2681/3572/2891 3915/3574/2893 2683/3575/2894
f 2681/3572/2891 1096/1445/1204 3915/3574/2893
f 2681/3572/2891 2683/3575/2894 2682/3573/2892
f 2033/2706/1511 3447/2705/2214 1383/3576/1512
f 904/1196/997 2372/3152/2574 4349/3577/2895
f 904/1196/997 586/3578/653 905/1197/652
f 904/1196/997 1468/3579/1600 586/3578/653
f 904/1196/997 4349/3577/2895 1468/3579/1600
f 2684/3580/2896 2897/3581/2897 2685/3582/2898
f 2684/3580/2896 2898/3583/2899 2897/3581/2897
f 2684/3584/2896 2686/3585/2900 2898/3586/2899
f 2684/3580/2896 2685/3582/2898 2687/3587/2901
f 2684/3584/2896 2687/3588/2901 2686/3585/2900
f 2688/3589/2902 2689/3590/2903 2690/3591/2904
f 2688/3589/2902 2692/3592/2905 2689/3590/2903
f 2688/3589/2902 2690/3591/2904 550/3593/611
f 2688/3594/2902 4428/731/610 2691/3595/2906
f 2688/3594/2902 550/732/611 4428/731/610
f 2688/3596/2902 2691/3597/2906 2692/3598/2905
f 2693/3599/2907 907/1199/999 2694/3600/2908
f 2693/3599/2907 2695/3601/2909 2696/3602/2910
f 2693/3599/2907 2697/3603/2911 2695/3601/2909
f 2693/3599/2907 2694/3600/2908 2697/3603/2911
f 2693/3599/2907 2696/3602/2910 2698/3604/2912
f 2693/3599/2907 2698/3604/2912 907/1199/999
f 625/823/694 2699/3605/2913 2700/3606/2914
f 625/823/694 2701/3607/2915 2699/3605/2913
f 625/823/694 629/827/698 2701/3607/2915
f 625/823/694 2700/3606/2914 626/824/695
f 2702/3608/2916 2478/3290/2685 2703/3609/2917
f 2702/3608/2916 2479/3291/2686 2478/3290/2685
f 2702/3608/2916 4390/3610/2918 2479/3291/2686
f 2702/3608/2916 1278/1683/1401 1086/1425/1194
f 2702/3608/2916 1086/1425/1194 4390/3610/2918
f 2702/3608/2916 2703/3609/2917 1278/1683/1401
f 2704/3611/2919 2705/3612/2920 2706/3613/2921
f 2704/3611/2919 2707/3614/2922 2708/3615/2923
f 2704/3611/2919 2706/3613/2921 2707/3614/2922
f 2704/3611/2919 621/3616/690 2705/3612/2920
f 2704/3611/2919 2708/3615/2923 621/3616/690
f 2709/3617/2924 2710/3618/2925 2711/3619/2926
f 2709/3617/2924 2712/3620/2927 2713/3621/2928
f 2709/3617/2924 2711/3619/2926 566/755/628
f 2709/3617/2924 566/755/628 2712/3620/2927
f 2709/3617/2924 2713/3621/2928 2710/3618/2925
f 76/100/88 3807/103/91 2311/2441/2011
f 1398/1848/1527 2714/3622/2929 1399/1849/1528
f 1398/1848/1527 1416/1869/1545 2714/3622/2929
f 17/24/18 697/912/769 18/25/19
f 2715/3623/2930 2716/3624/2931 2579/3433/2789
f 2715/3623/2930 92/125/109 2717/3625/2932
f 2715/3623/2930 2579/3433/2789 93/126/110
f 2715/3623/2930 2718/3626/2933 2716/3624/2931
f 2715/3623/2930 2717/3625/2932 2718/3626/2933
f 2715/3623/2930 93/126/110 92/125/109
f 2719/3627/2934 2720/3628/2935 3750/3629/2936
f 2719/3627/2934 874/1164/965 1785/2373/1951
f 2719/3627/2934 2721/3630/2937 2720/3628/2935
f 2719/3627/2934 1785/2373/1951 2721/3630/2937
f 2719/3627/2934 3750/3629/2936 2722/3631/2938
f 2719/3627/2934 2723/3632/2939 874/1164/965
f 2719/3627/2934 2722/3631/2938 2723/3632/2939
f 2724/3633/2940 104/140/122 721/940/793
f 2724/3633/2940 2725/3634/2941 105/141/123
f 2724/3633/2940 721/940/793 1041/1363/1143
f 2724/3633/2940 105/141/123 104/140/122
f 2724/3633/2940 1041/1363/1143 2725/3634/2941
f 2728/3635/2942 421/565/468 3527/3636/2943
f 2728/3635/2942 422/566/469 421/565/468
f 2728/3635/2942 2726/3637/2944 422/566/469
f 2728/3635/2942 2727/3638/2945 2726/3637/2944
f 2728/3639/2942 3527/3640/2943 2727/3641/2945
f 2729/3642/2946 822/1089/903 2730/3643/2947
f 2729/3642/2946 2731/3644/2948 2732/3645/2949
f 2729/3642/2946 2730/3643/2947 433/578/479
f 2729/3642/2946 823/1090/904 822/1089/903
f 2729/3642/2946 2732/3645/2949 823/1090/904
f 2729/3642/2946 431/576/477 2731/3644/2948
f 2729/3642/2946 433/578/479 431/576/477
f 2733/3646/2950 214/2900/240 2181/2899/2370
f 2733/3647/2950 2734/3648/2951 2736/3649/243
f 2733/3647/2950 2737/3650/2952 2735/3651/2953
f 2733/3646/2950 2736/3652/243 214/2900/240
f 2733/3647/2950 2735/3651/2953 2734/3648/2951
f 2733/3646/2950 2181/2899/2370 2737/3653/2952
f 142/190/163 145/193/166 1004/1313/1101
f 142/190/163 1004/1313/1101 1005/1314/1102
f 142/190/163 1005/1314/1102 143/191/164
f 2740/3654/2954 2738/3655/2955 2739/3656/2956
f 2740/3657/2954 2739/3658/2956 2741/3659/2957
f 2740/3657/2954 2742/3660/2958 2744/3661/2959
f 2740/3657/2954 2741/3659/2957 2742/3660/2958
f 2740/3654/2954 2743/3662/2960 2738/3655/2955
f 2740/3654/2954 2744/3663/2959 2743/3662/2960
f 2745/3664/2961 2137/2829/2326 2746/3665/2331
f 2745/3664/2961 2747/3666/2962 2137/2829/2326
f 2745/3664/2961 2748/3667/2963 2749/3668/2964
f 2745/3664/2961 2750/3669/2965 2747/3666/2962
f 2745/3664/2961 2749/3668/2964 2750/3669/2965
f 2745/3664/2961 2746/3665/2331 2748/3667/2963
f 2754/3670/2966 2751/3671/2967 3937/3672/2968
f 2754/3670/2966 2752/3673/2969 2753/3674/2970
f 2754/3675/2966 621/3616/690 2751/3676/2967
f 2754/3670/2966 3937/3672/2968 2752/3673/2969
f 2754/3675/2966 2753/3677/2970 621/3616/690
f 2149/2852/2340 2314/3078/2512 2317/3083/2514
f 2149/2852/2340 2153/2858/2344 2314/3078/2512
f 2149/2852/2340 2755/3678/2971 2154/2853/2341
f 2149/2852/2340 2317/3083/2514 2755/3678/2971
f 2756/3679/2972 2757/3680/2973 2758/3681/2974
f 2756/3679/2972 2758/3681/2974 2249/2997/2445
f 2756/3679/2972 2249/2997/2445 2759/3682/2975
f 2756/3679/2972 2759/3682/2975 2760/3683/2976
f 2756/3679/2972 2761/3684/2977 2757/3680/2973
f 2756/3679/2972 2760/3683/2976 2761/3684/2977
f 2762/3685/2978 3229/3686/2979 2763/3687/2980
f 2762/3685/2978 2764/3688/2981 2765/3689/2982
f 2762/3685/2978 2765/3689/2982 3229/3686/2979
f 2762/3685/2978 2763/3687/2980 2766/3690/2983
f 2762/3685/2978 2767/3691/2984 2764/3688/2981
f 2762/3685/2978 2766/3690/2983 2768/3692/2985
f 2762/3685/2978 2768/3692/2985 2767/3691/2984
f 1400/1851/1529 2769/3693/2986 2770/3694/2987
f 1400/1851/1529 2770/3694/2987 1401/1852/1530
f 1400/1851/1529 1418/1871/1547 2769/3693/2986
f 1388/1834/1517 2891/1325/1109 1389/1835/1518
f 1388/1834/1517 1391/1840/1520 2891/1325/1109
f 2771/3695/2988 1588/2100/1732 1275/1678/1398
f 2771/3695/2988 1275/1678/1398 1276/1680/1399
f 2771/3695/2988 2772/3696/2989 1588/2100/1732
f 2771/3695/2988 1276/1680/1399 2773/3697/2990
f 2771/3695/2988 1936/2564/2107 2772/3696/2989
f 2771/3695/2988 2773/3697/2990 1936/2564/2107
f 2774/3698/2991 2775/3699/2992 2776/3700/2993
f 2774/3698/2991 2776/3700/2993 2777/3701/2994
f 2774/3698/2991 2778/3702/2995 4259/3703/2996
f 2774/3698/2991 2779/3704/2997 2775/3699/2992
f 2774/3698/2991 2777/3701/2994 2778/3702/2995
f 2774/3698/2991 4259/3703/2996 2779/3704/2997
f 2780/3705/2998 2781/3706/2999 2782/3707/3000
f 2780/3705/2998 554/743/616 557/746/619
f 2780/3705/2998 2782/3707/3000 554/743/616
f 2780/3705/2998 557/746/619 2783/3708/3001
f 2780/3705/2998 2783/3708/3001 2784/3709/3002
f 2780/3705/2998 2784/3709/3002 2781/3706/2999
f 56/77/65 2785/3710/3003 3370/78/66
f 56/77/65 2786/3711/3004 2785/3710/3003
f 56/77/65 60/82/70 2786/3711/3004
f 2788/3712/3005 242/318/273 2787/3713/3006
f 2788/3714/3005 2789/3715/3007 2790/3716/3008
f 2788/3714/3005 2490/3303/2698 2489/3302/2697
f 2788/3717/3005 3679/3718/3009 242/3719/273
f 2788/3714/3005 2790/3716/3008 3679/3720/3009
f 2788/3714/3005 2787/3721/3006 2490/3303/2698
f 2788/3714/3005 2791/3722/3010 2789/3715/3007
f 2788/3714/3005 2489/3302/2697 2791/3722/3010
f 2793/2649/2171 2796/3723/3011 2792/3724/3012
f 2793/3725/2171 2794/3726/3013 2795/3727/3014
f 2793/2649/2171 2792/3724/3012 1994/2650/2172
f 2793/2649/2171 1996/2654/2175 2794/3728/3013
f 2793/3725/2171 2795/3727/3014 2796/3729/3011
f 2797/3730/3015 2798/3731/3016 4406/3732/3017
f 2797/3733/3015 4300/2113/1739 2799/2106/1737
f 2797/3733/3015 4301/3734/3018 4300/2113/1739
f 2797/3730/3015 2799/3735/1737 2800/3736/3019
f 2797/3730/3015 2800/3736/3019 1691/2236/1842
f 2797/3730/3015 4406/3732/3017 4301/3737/3018
f 2797/3730/3015 1691/2236/1842 2798/3731/3016
f 242/318/273 1888/2499/2058 2787/3713/3006
f 242/318/273 1874/2483/2045 243/319/274
f 242/3719/273 3679/3718/3009 1874/2485/2045
f 2801/3738/3020 256/334/288 2518/3342/2724
f 2801/3738/3020 2802/3739/3021 1704/2255/1857
f 2801/3738/3020 1704/2255/1857 256/334/288
f 2801/3738/3020 2518/3342/2724 2519/3343/2725
f 2801/3738/3020 2519/3343/2725 2802/3739/3021
f 2803/3740/3022 2804/3741/3023 2805/3742/3024
f 2803/3740/3022 1337/1765/1465 1408/1860/1537
f 2803/3740/3022 2805/3742/3024 267/348/300
f 2803/3740/3022 1408/1860/1537 2806/3743/3025
f 2803/3740/3022 267/348/300 1337/1765/1465
f 2803/3740/3022 2806/3743/3025 2804/3741/3023
f 2809/3744/3026 2807/3745/3027 2811/3746/3028
f 2809/3744/3026 2808/3747/3029 2807/3745/3027
f 2809/3748/3026 2810/3749/3030 278/359/311
f 2809/3748/3026 2811/3750/3028 2810/3749/3030
f 2809/3748/3026 278/359/311 2812/3751/3031
f 2809/3744/3026 2812/3752/3031 2808/3747/3029
f 1347/1775/321 2813/3753/3032 1348/1776/1475
f 1347/1775/321 2815/3754/3033 2813/3753/3032
f 1347/3755/321 2814/3756/1897 2815/3757/3033
f 2816/3758/3034 2817/3759/2590 2387/3177/2591
f 2816/3758/3034 2818/3760/3035 3510/3761/3036
f 2816/3758/3034 2819/3762/3037 2820/3763/3038
f 2816/3758/3034 2820/3763/3038 2818/3760/3035
f 2816/3758/3034 2387/3177/2591 2819/3762/3037
f 2816/3758/3034 3510/3761/3036 2817/3759/2590
f 2821/3764/3039 2822/3765/3040 2823/3766/3041
f 2821/3764/3039 2824/3767/3042 2825/3768/3043
f 2821/3764/3039 2823/3766/3041 2824/3767/3042
f 2821/3764/3039 2826/3769/3044 2822/3765/3040
f 2821/3764/3039 2825/3768/3043 2826/3769/3044
f 312/415/349 2827/3770/3045 2828/3771/3046
f 312/415/349 2828/3771/3046 313/416/350
f 312/415/349 317/420/354 2827/3770/3045
f 2832/3772/3047 2829/3773/3048 2830/3774/3049
f 2832/3772/3047 2831/3775/3050 2835/3776/3051
f 2832/3777/3047 2833/3778/3052 2834/308/263
f 2832/3772/3047 2830/3774/3049 2831/3775/3050
f 2832/3772/3047 2834/3779/263 2829/3773/3048
f 2832/3777/3047 2835/3780/3051 2833/3778/3052
f 2839/3781/3053 2836/3782/3054 2837/3783/3055
f 2839/3781/3053 2837/3783/3055 2838/3784/3056
f 2839/3785/3053 2840/3786/3057 2841/3787/3058
f 2839/3785/3053 2842/3788/3059 2840/3786/3057
f 2839/3785/3053 2838/3789/3056 2842/3788/3059
f 2839/3781/3053 2841/3790/3058 2836/3782/3054
f 1795/2383/1961 2843/3791/3060 2217/2960/2413
f 1795/2383/1961 2217/2960/2413 2216/2959/2412
f 1795/2383/1961 2216/2959/2412 1796/2384/1962
f 1795/2383/1961 1798/2386/1964 2843/3791/3060
f 167/223/189 2844/3792/3061 2845/3793/3062
f 167/223/189 168/225/191 2844/3792/3061
f 167/223/189 2845/3793/3062 173/224/190
f 1802/2391/1968 2846/3794/3063 1803/2392/1969
f 1802/2391/1968 1804/2393/1970 90/123/108
f 1802/2391/1968 89/122/107 2846/3794/3063
f 1802/2391/1968 90/123/108 89/122/107
f 2847/3795/3064 2848/3796/3065 2849/3797/3066
f 2847/3798/3064 2850/3799/3067 1890/2502/2061
f 2847/3795/3064 2851/3800/3068 2852/3801/3069
f 2847/3798/3064 2852/3802/3069 2850/3799/3067
f 2847/3795/3064 2849/3797/3066 2851/3800/3068
f 2847/3795/3064 1890/3803/2061 2848/3796/3065
f 2419/3223/213 1554/3804/1696 2420/3224/2626
f 2419/255/213 192/259/217 1554/2052/1696
f 2613/3476/2823 2853/3805/3070 2854/3806/3071
f 2613/3476/2823 2855/3807/3072 2853/3805/3070
f 2613/3476/2823 2854/3806/3071 2614/3477/2824
f 2613/3476/2823 2615/3478/2825 2855/3807/3072
f 2857/3808/3073 2856/3809/3074 205/275/230
f 2857/3810/3073 2858/3811/3075 2027/2698/2207
f 2857/3810/3073 2027/2698/2207 2026/2697/2206
f 2857/3810/3073 1286/1695/1407 2856/3812/3074
f 2857/3810/3073 2026/2697/2206 1286/1695/1407
f 2857/3808/3073 205/275/230 2858/3813/3075
f 2859/3814/3076 85/117/102 87/119/104
f 2859/3814/3076 87/119/104 2860/3815/3077
f 2859/3814/3076 1290/1703/1411 1289/1702/1410
f 2859/3814/3076 2861/3816/3078 1290/1703/1411
f 2859/3814/3076 2860/3815/3077 2861/3816/3078
f 2859/3814/3076 1289/1702/1410 85/117/102
f 2862/3817/3079 4077/3818/3080 438/587/487
f 2862/3817/3079 2864/3819/3081 4079/3820/3082
f 2862/3821/3079 2863/3822/3083 2864/3823/3081
f 2862/3821/3079 747/978/818 2863/3822/3083
f 2862/3824/3079 438/592/487 744/591/488
f 2862/3817/3079 4079/3820/3082 4077/3818/3080
f 2862/3821/3079 744/3825/488 747/978/818
f 1834/2432/2002 1100/1450/1209 1102/1452/1211
f 1834/2432/2002 1101/1451/1210 1103/1453/1212
f 1834/2432/2002 1103/1453/1212 1835/2433/2003
f 1834/2432/2002 1102/1452/1211 1101/1451/1210
f 817/1084/898 2865/3826/3084 2006/2668/2184
f 817/1084/898 2866/3827/3085 2867/3828/3086
f 817/1455/898 2868/3829/3087 453/607/503
f 817/1455/898 2869/3830/3088 1104/1456/1214
f 817/1084/898 2689/3590/2903 818/1085/899
f 817/1084/898 1128/1486/1238 2870/3831/3089
f 817/1084/898 2870/3831/3089 2871/3832/3090
f 817/1455/898 2872/3833/3091 2873/3834/3092
f 817/1084/898 1105/1459/1215 2690/3591/2904
f 817/1455/898 2874/3835/3093 2869/3830/3088
f 817/1084/898 2875/3836/3094 1129/1487/1239
f 817/1084/898 2867/3828/3086 2876/3837/3095
f 817/1084/898 2690/3591/2904 2689/3590/2903
f 817/1084/898 1129/1487/1239 1128/1486/1238
f 817/1084/898 2877/3838/3096 2880/3839/3097
f 817/1084/898 2878/3840/3098 2865/3826/3084
f 817/1084/898 821/1088/902 2866/3827/3085
f 817/1084/898 2871/3832/3090 2878/3840/3098
f 817/1455/898 2879/3841/3099 2874/3835/3093
f 817/1455/898 452/606/502 2879/3841/3099
f 817/1084/898 2008/2674/2187 2877/3838/3096
f 817/1455/898 2873/3834/3092 2868/3829/3087
f 817/1084/898 2876/3837/3095 2875/3836/3094
f 817/1455/898 453/607/503 452/606/502
f 817/1455/898 2880/3842/3097 2872/3833/3091
f 970/1279/1067 2881/3843/3100 2882/3844/3101
f 970/1279/1067 974/1283/1071 2883/3845/3102
f 970/1279/1067 2883/3845/3102 2884/3846/3103
f 970/1279/1067 2884/3846/3103 2881/3843/3100
f 970/1279/1067 2882/3844/3101 971/1280/1068
f 1646/2176/1796 2885/3847/3104 1083/1420/1189
f 1646/2176/1796 1083/1420/1189 1082/1418/1187
f 1646/2176/1796 1082/1418/1187 1647/2177/1797
f 1646/2176/1796 1650/2180/1800 2885/3847/3104
f 2886/3848/3105 685/900/757 684/899/756
f 2886/3848/3105 2887/3849/3106 1653/2183/1803
f 2886/3848/3105 2888/3850/3107 685/900/757
f 2886/3848/3105 1653/2183/1803 2888/3850/3107
f 2886/3848/3105 2889/3851/3108 2887/3849/3106
f 2886/3848/3105 684/899/756 2889/3851/3108
f 1389/1837/1518 2890/3852/3109 4001/3853/3110
f 1389/1837/1518 4001/3853/3110 1298/1838/1423
f 1389/1837/1518 2891/3854/1109 2890/3852/3109
f 1301/1720/1425 1304/1724/1428 4052/2505/2064
f 1301/1720/1425 1893/2507/2066 1302/1721/1426
f 406/545/453 2035/2708/2216 1930/2557/2102
f 406/545/453 1930/2557/2102 409/548/456
f 406/545/453 967/1276/1064 2035/2708/2216
f 2892/3855/3111 2893/3856/3112 2894/3857/3113
f 2892/3855/3111 2837/3783/3055 2895/3858/3114
f 2892/3855/3111 2895/3858/3114 2893/3856/3112
f 2892/3855/3111 2896/3859/3115 2838/3784/3056
f 2892/3855/3111 2838/3784/3056 2837/3783/3055
f 2892/3855/3111 2894/3857/3113 2896/3859/3115
f 2897/3860/2897 2898/3861/2899 545/724/604
f 2897/3860/2897 542/721/601 2899/3862/3116
f 2897/3860/2897 545/724/604 542/721/601
f 2897/3581/2897 2899/3863/3116 2685/3582/2898
f 2901/3864/3117 2381/3165/2584 2900/3865/3118
f 2901/3866/3117 2900/3867/3118 2902/3868/3119
f 2901/3869/3117 3506/3870/3120 4332/3871/3121
f 2901/3864/3117 4332/3872/3121 2381/3165/2584
f 2901/3869/3117 2903/3873/3122 3506/3870/3120
f 2901/3866/3117 2902/3868/3119 2903/3874/3122
f 552/741/614 554/743/616 2782/3707/3000
f 552/741/614 2782/3707/3000 1237/1632/1358
f 552/741/614 1239/1634/1360 553/742/615
f 1743/2313/1904 2904/3875/3123 1744/2314/1905
f 1743/2313/1904 1749/2321/1910 2905/3876/3124
f 1743/2313/1904 2905/3876/3124 2700/3606/2914
f 1743/2313/1904 2700/3606/2914 2904/3875/3123
f 2906/3877/3125 2748/3878/2963 2907/3879/3126
f 2906/3877/3125 2907/3879/3126 3034/3880/3127
f 2906/3877/3125 3033/3881/3128 2908/3882/3129
f 2906/3877/3125 3034/3880/3127 3033/3881/3128
f 2906/3877/3125 2908/3882/3129 2748/3878/2963
f 2909/3883/3130 2910/3884/3131 2300/3061/2498
f 2909/3883/3130 2911/3885/3132 621/3616/690
f 2909/3883/3130 2912/3886/3133 2910/3884/3131
f 2909/3883/3130 621/3616/690 2912/3886/3133
f 2909/3883/3130 2300/3061/2498 2911/3885/3132
f 2914/2592/2127 1955/2595/2130 2913/3887/3134
f 2914/3888/2127 2915/3889/3135 1953/3890/2128
f 2914/3888/2127 4374/3891/3136 2915/3889/3135
f 2914/3888/2127 2913/3892/3134 4374/3891/3136
f 1044/1373/1146 2637/3508/2745 3777/1374/1147
f 578/770/643 2641/3517/2849 4238/3893/3137
f 578/770/643 4238/3893/3137 579/771/644
f 2916/3894/3138 2917/3895/3139 2918/3896/3140
f 2916/3894/3138 2919/3897/3141 2917/3895/3139
f 2916/3894/3138 2918/3896/3140 2920/3898/3142
f 2916/3894/3138 2920/3898/3142 2919/3897/3141
f 2921/3899/3143 2922/3900/3144 1135/1498/1246
f 2921/3899/3143 1135/1498/1246 2923/3901/3145
f 2921/3899/3143 2923/3901/3145 2924/3902/3146
f 2921/3899/3143 2924/3902/3146 2925/3903/3147
f 2921/3899/3143 2925/3903/3147 2926/3904/3148
f 2921/3899/3143 2926/3904/3148 2922/3900/3144
f 1139/1502/1250 2328/3094/2525 1140/1503/1251
f 1139/1502/1250 2927/3905/3149 4327/3906/3150
f 1139/1502/1250 1142/1505/1253 2927/3905/3149
f 1139/1502/1250 4327/3906/3150 2328/3094/2525
f 2435/3242/2641 1750/2324/1912 42/60/48
f 2435/3242/2641 2437/3244/2643 1750/2324/1912
f 2435/3242/2641 42/60/48 2436/3243/2642
f 2929/3907/3151 620/818/689 2928/3908/3152
f 2929/3907/3151 2341/3112/2539 2342/3114/2540
f 2929/3907/3151 621/819/690 620/818/689
f 2929/3907/3151 2928/3908/3152 2341/3112/2539
f 2929/3909/3151 2342/3113/2540 621/3616/690
f 2933/2646/2168 2930/3910/3153 2931/3911/3154
f 2933/2646/2168 2931/3911/3154 1882/2493/2052
f 2933/2646/2168 3863/3912/3155 2932/3913/3156
f 2933/3914/2168 2932/3915/3156 2930/3916/3153
f 2350/3917/2548 2936/3918/3157 2394/3187/2598
f 2350/3917/2548 2934/3919/3158 2935/3920/2549
f 2350/3122/2548 2351/3124/2550 2936/3921/3157
f 2350/3917/2548 2394/3187/2598 2934/3919/3158
f 2938/2673/2185 2006/2668/2184 2937/3922/3159
f 2938/3923/2185 4412/3924/3160 4411/3925/3161
f 2938/3923/2185 4411/3925/3161 2939/3926/3162
f 2938/2673/2185 2937/3922/3159 4412/3927/3160
f 2938/2670/2185 2939/3928/3162 2007/2671/2186
f 2940/3929/3163 2943/3930/3164 2945/2677/2190
f 2940/3931/3163 2941/3932/3165 2942/3933/3166
f 2940/3931/3163 2942/3933/3166 2943/3934/3164
f 2940/3931/3163 2944/3935/3167 2941/3932/3165
f 2940/3931/3163 2945/3936/2190 2944/3935/3167
f 2947/3937/3168 2946/3938/3169 654/865/726
f 2947/3939/3168 2948/3940/3170 2946/3941/3169
f 2947/3939/3168 2949/3942/3171 2948/3940/3170
f 2947/3937/3168 654/865/726 653/864/725
f 2947/3937/3168 653/864/725 2950/3943/3172
f 2947/3939/3168 2950/3944/3172 2949/3942/3171
f 2115/3945/2300 2867/3828/3086 2594/3451/2802
f 2115/2801/2300 2116/2806/2304 2876/3946/3095
f 2115/3945/2300 2594/3451/2802 2593/3450/2301
f 2115/3945/2300 2876/3837/3095 2867/3828/3086
f 844/1111/924 1325/1747/1451 1327/1749/1453
f 844/1111/924 1327/1749/1453 4149/1112/925
f 2951/3947/3173 1638/2168/1788 1482/1957/1616
f 2951/3948/3173 849/1124/932 852/1127/934
f 2951/3949/3173 2952/3950/3174 2953/3951/3175
f 2951/3949/3173 2953/3951/3175 849/3952/932
f 2951/3949/3173 1482/1953/1616 2952/3950/3174
f 2951/3947/3173 852/3953/934 1638/2168/1788
f 2118/2808/2306 2954/3954/3176 2955/3955/3177
f 2118/2808/2306 2956/3956/3178 2119/2809/2307
f 2118/2808/2306 2120/2810/2308 2954/3954/3176
f 2118/2808/2306 2955/3955/3177 2956/3956/3178
f 2189/2909/2379 920/1220/1014 2190/2910/2380
f 2189/2909/2379 2957/3957/3179 920/1220/1014
f 2189/2909/2379 2193/2914/2384 2957/3957/3179
f 1438/1898/1568 1442/1902/1572 4207/2918/2388
f 1438/1898/1568 4207/2918/2388 4409/2819/2317
f 2958/3958/3180 2535/3367/2742 2558/3404/2771
f 2958/3958/3180 2959/3959/3181 4027/3960/3182
f 2958/3958/3180 2960/3961/1941 2536/3368/2743
f 2958/3958/3180 2558/3404/2771 2959/3959/3181
f 2958/3958/3180 4027/3960/3182 2960/3961/1941
f 2958/3958/3180 2536/3368/2743 2535/3367/2742
f 2961/3962/3183 487/652/540 2962/3963/3184
f 2961/3962/3183 2963/3964/3185 2964/3965/3186
f 2961/3962/3183 2965/3966/3187 487/652/540
f 2961/3962/3183 2962/3963/3184 2963/3964/3185
f 2961/3962/3183 2964/3965/3186 2965/3966/3187
f 2966/3967/3188 294/3968/331 295/387/330
f 2966/3967/3188 295/387/330 2494/3309/2701
f 2966/3967/3188 1292/1705/1413 2967/3969/1275
f 2966/3967/3188 2967/3969/1275 294/3968/331
f 2966/3967/3188 2494/3309/2701 1292/1705/1413
f 388/516/431 390/515/434 2968/3970/3189
f 388/511/431 668/878/738 389/512/432
f 388/3971/431 2968/3972/3189 2969/3973/3190
f 388/511/431 2969/3974/3190 668/878/738
f 2970/3975/3191 1522/2009/1654 1521/2008/1657
f 2970/3975/3191 2971/3976/3192 2972/3977/3193
f 2970/3975/3191 2973/3978/3194 2971/3976/3192
f 2970/3975/3191 1521/2008/1657 2973/3978/3194
f 2970/3975/3191 2972/3977/3193 1522/2009/1654
f 2974/3979/3195 4348/3980/3196 145/3044/166
f 2974/3979/3195 1682/2219/1834 4348/3980/3196
f 2974/3979/3195 145/3044/166 2975/3981/3197
f 2974/3979/3195 2975/3981/3197 1682/2219/1834
f 2976/3982/3198 2977/3983/3199 2049/2722/2229
f 2976/3982/3198 2978/3984/1420 2979/3985/3200
f 2976/3982/3198 2980/3986/3201 2977/3983/3199
f 2976/3982/3198 2979/3985/3200 2980/3986/3201
f 2976/3982/3198 2981/3987/3202 2978/3984/1420
f 2976/3982/3198 2049/2722/2229 2981/3987/3202
f 2630/3496/2840 414/553/461 416/555/92
f 2630/3496/2840 416/555/92 2211/2953/2406
f 2630/3496/2840 2211/2953/2406 2210/2952/2405
f 1312/1732/1436 1507/1985/1641 1487/1961/1621
f 1312/1732/1436 1316/1736/1440 1508/1986/1642
f 1312/1732/1436 1508/1986/1642 1507/1985/1641
f 2982/3988/3203 2983/3989/3204 1491/1965/1625
f 2982/3988/3203 1490/1964/1624 2984/3990/3205
f 2982/3988/3203 2985/3991/3206 2983/3989/3204
f 2982/3988/3203 2984/3990/3205 2985/3991/3206
f 2982/3988/3203 1491/1965/1625 1490/1964/1624
f 1057/1393/1162 1708/2260/1862 1065/1401/1170
f 1057/1393/1162 1709/2261/1863 1708/2260/1862
f 1057/1393/1162 1060/1396/1165 1709/2261/1863
f 2986/3992/3207 2987/3993/3208 2988/3994/3209
f 2986/3992/3207 2988/3994/3209 4344/3995/3210
f 2986/3992/3207 2989/3996/3211 1846/3997/2016
f 2986/3992/3207 1846/3997/2016 2987/3993/3208
f 2986/3992/3207 4344/3995/3210 2989/3996/3211
f 2991/3998/3212 2990/3999/3213 3258/4000/961
f 2991/4001/3212 2992/4002/960 1164/1534/1276
f 2991/4003/3212 2993/4004/3214 2994/4005/3215
f 2991/3998/3212 2994/4006/3215 2990/3999/3213
f 2991/4001/3212 1164/1534/1276 2993/4007/3214
f 2991/3998/3212 3258/4000/961 2992/4008/960
f 2021/2689/2201 2402/3198/2606 4161/4009/3216
f 2021/2689/2201 4371/4010/3217 2022/2690/2202
f 2021/2689/2201 4161/4009/3216 4371/4010/3217
f 2238/2986/2434 467/626/517 466/625/516
f 2238/2986/2434 4372/3203/2611 467/626/517
f 471/630/521 2995/4011/3218 1028/1344/1126
f 471/630/521 1028/1344/1126 472/631/522
f 471/630/521 470/629/520 675/889/747
f 471/630/521 675/889/747 2995/4011/3218
f 2996/4012/3219 2997/4013/3220 2998/4014/3221
f 2996/4012/3219 2999/4015/3222 2106/2792/2291
f 2996/4012/3219 2998/4014/3221 3000/4016/3223
f 2996/4012/3219 2106/2792/2291 2997/4013/3220
f 2996/4012/3219 3000/4016/3223 2999/4015/3222
f 1095/3537/1203 1362/1798/1487 2424/3228/2630
f 1095/1444/1203 781/1037/860 1362/1795/1487
f 1095/4017/1203 3922/4018/2866 3001/4019/3224
f 1095/3537/1203 2424/3228/2630 2425/3229/2631
f 1095/1444/1203 3001/4020/3224 1096/1445/1204
f 160/216/182 2468/3280/2675 161/217/183
f 160/216/182 165/221/187 2467/3279/2674
f 3002/4021/3225 900/1191/992 901/1193/994
f 3002/4021/3225 2845/3793/3062 1402/1853/1531
f 3002/4021/3225 173/224/190 2845/3793/3062
f 3002/4022/3225 901/4023/994 3003/4024/3226
f 3002/4021/3225 1402/1853/1531 900/1191/992
f 3002/4022/3225 3003/4024/3226 173/4025/190
f 906/1198/998 908/1200/1000 3004/4026/3227
f 906/1198/998 3004/4026/3227 2371/3151/2573
f 3005/4027/3228 2954/3954/3176 3006/4028/3229
f 3005/4027/3228 994/1303/1091 993/1302/1090
f 3005/4027/3228 993/1302/1090 3007/4029/3230
f 3005/4027/3228 2955/3955/3177 2954/3954/3176
f 3005/4027/3228 3006/4028/3229 994/1303/1091
f 3005/4027/3228 3007/4029/3230 2955/3955/3177
f 2789/4030/3007 2191/2911/2381 3008/4031/3231
f 2789/4030/3007 3010/2912/2382 2191/2911/2381
f 2789/4030/3007 3008/4031/3231 3009/4032/3232
f 2789/4030/3007 3009/4032/3232 2790/4033/3008
f 2789/3715/3007 2791/3722/3010 3010/4034/2382
f 3011/4035/3233 1558/2059/1703 1561/2062/1706
f 3011/4035/3233 2828/3771/3046 3012/4036/3234
f 3011/4035/3233 1561/2062/1706 313/416/350
f 3011/4035/3233 313/416/350 2828/3771/3046
f 3011/4035/3233 3012/4036/3234 1558/2059/1703
f 3013/2187/1807 3014/4037/3235 2853/3805/3070
f 3013/2187/1807 2853/3805/3070 1657/2188/1808
f 3013/4038/1807 2440/4039/2646 3014/4040/3235
f 3013/4041/1807 1659/3248/1810 2440/3247/2646
f 1512/1991/1646 3015/4042/3236 2604/3467/2814
f 1512/1991/1646 1511/1995/1645 3015/4042/3236
f 3016/4043/3237 1423/1884/1552 1425/1883/1555
f 3016/4043/3237 3017/4044/3238 1423/1884/1552
f 3016/4043/3237 3018/4045/3239 3017/4044/3238
f 3016/4043/3237 1026/1342/1124 3018/4045/3239
f 3016/4043/3237 1425/1883/1555 1026/1342/1124
f 663/874/735 2863/3822/3083 664/875/736
f 663/874/735 668/881/738 2969/4046/3190
f 663/874/735 2969/4046/3190 2863/3822/3083
f 3019/4047/3240 1837/2435/2005 2971/4048/3192
f 3019/4049/3240 2971/3976/3192 2973/3978/3194
f 3019/4049/3240 2973/3978/3194 1521/2008/1657
f 3019/4049/3240 1521/2008/1657 1523/2011/1658
f 3019/4047/3240 3020/2436/2006 1837/2435/2005
f 3019/4049/3240 1523/2011/1658 3020/4050/2006
f 3021/4051/1055 4020/4052/2395 3022/4053/3241
f 3021/4051/1055 3022/4053/3241 963/4054/1058
f 2204/2946/2399 1526/2016/1663 2205/2947/2400
f 2505/3332/1736 2508/3331/2714 2799/3735/1737
f 3023/4055/3242 487/2928/540 3024/4056/3243
f 3023/4055/3242 1595/2119/1743 1594/2118/1742
f 3023/4055/3242 3025/4057/3244 1595/2119/1743
f 3023/4055/3242 3024/4056/3243 3025/4057/3244
f 3023/4055/3242 1594/2118/1742 487/2928/540
f 3027/4058/3245 3026/4059/3246 796/1058/877
f 3027/4060/3245 3028/4061/3247 1811/2400/1977
f 3027/4058/3245 1171/1544/1285 1170/1542/1283
f 3027/4060/3245 1811/2400/1977 3026/4062/3246
f 3027/4058/3245 796/1058/877 1171/1544/1285
f 3027/4058/3245 1170/1542/1283 1643/2173/1793
f 3027/4058/3245 1643/2173/1793 3028/4063/3247
f 3029/4064/3248 3030/4065/3249 3031/4066/3250
f 3029/4064/3248 3031/4066/3250 3032/4067/3251
f 3029/4064/3248 3032/4067/3251 3033/4068/3128
f 3029/4064/3248 3033/4068/3128 3034/4069/3127
f 3029/4064/3248 3034/4069/3127 2851/3800/3068
f 3029/4064/3248 2851/3800/3068 3030/4065/3249
f 3035/4070/3252 3036/4071/3253 3037/4072/3254
f 3035/4070/3252 3038/4073/3255 3039/4074/3256
f 3035/4070/3252 3040/4075/3257 3036/4071/3253
f 3035/4070/3252 3037/4072/3254 3041/4076/3258
f 3035/4070/3252 3039/4074/3256 3040/4075/3257
f 3035/4077/3252 3041/4078/3258 3038/4079/3255
f 3042/4080/3259 3043/4081/3260 3044/4082/3261
f 3042/4080/3259 3045/4083/3262 3043/4081/3260
f 3042/4080/3259 3044/4082/3261 3046/4084/3263
f 3042/4080/3259 139/187/160 3045/4083/3262
f 3042/4080/3259 3046/4084/3263 139/187/160
f 3049/4085/3264 3047/4086/3265 3048/4087/3266
f 3049/4085/3264 1778/3171/257 3047/4086/3265
f 3049/4088/3264 3048/4089/3266 3050/4090/3267
f 3049/4088/3264 3051/4091/3268 1778/2364/257
f 3049/4088/3264 3050/4090/3267 3051/4091/3268
f 3052/4092/3269 3053/4093/3270 3054/4094/3271
f 3052/4092/3269 3906/778/651 585/777/650
f 3052/4092/3269 585/777/650 1828/2426/1996
f 3052/4092/3269 3054/4094/3271 3906/778/651
f 3052/4092/3269 1828/2426/1996 3053/4093/3270
f 2248/2996/2444 3055/4095/3272 3056/4096/3273
f 2248/2996/2444 3056/4096/3273 2759/3682/2975
f 2248/2996/2444 2252/3000/2448 3055/4095/3272
f 2248/2996/2444 2759/3682/2975 2249/2997/2445
f 3057/4097/3274 3058/4098/3275 309/413/347
f 3057/4097/3274 3121/4099/3276 3059/4100/3277
f 3057/4097/3274 309/413/347 308/412/346
f 3057/4097/3274 308/412/346 2395/3189/2599
f 3057/4097/3274 3059/4100/3277 3058/4098/3275
f 3057/4097/3274 2395/3189/2599 3121/4099/3276
f 875/1165/966 732/957/805 734/959/807
f 875/1165/966 879/1169/970 732/957/805
f 875/1165/966 734/959/807 1783/2371/1949
f 3060/4101/3278 3061/4102/3279 3062/4103/3280
f 3060/4101/3278 3063/4104/3281 2835/3780/3051
f 3060/4105/3278 3064/4106/3282 3065/4107/3283
f 3060/4101/3278 3062/4103/3280 3063/4104/3281
f 3060/4105/3278 2835/3776/3051 3064/4106/3282
f 3060/4105/3278 3065/4107/3283 3061/4108/3279
f 1118/1474/1227 3066/4109/3284 1687/2231/1838
f 1118/1474/1227 1687/2231/1838 2632/3498/2842
f 1118/1474/1227 2632/3498/2842 2210/2952/2405
f 1118/1474/1227 1121/1477/1230 3066/4109/3284
f 2360/3137/2559 2261/3012/2458 2361/3138/2560
f 2360/3137/2559 1913/2530/2086 1912/2529/2085
f 2360/3137/2559 1912/2529/2085 2261/3012/2458
f 3067/4110/3285 949/1255/1043 947/1253/1041
f 3067/4110/3285 947/1253/1041 1191/1568/1305
f 3067/4110/3285 1189/1567/1304 3068/4111/3286
f 3067/4110/3285 3068/4111/3286 3069/4112/3287
f 3067/4110/3285 3069/4112/3287 949/1255/1043
f 3067/4110/3285 1191/1568/1305 1189/1567/1304
f 2321/3087/2518 2323/3089/2520 3070/4113/3288
f 2321/3087/2518 3071/4114/3289 2322/3088/2519
f 2321/3087/2518 3070/4113/3288 3071/4114/3289
f 1925/2550/2099 2869/3830/3088 1926/2551/2100
f 1925/2550/2099 1107/1463/1216 1104/1456/1214
f 1925/2556/2099 1681/2223/1835 1107/1461/1216
f 1925/2550/2099 1104/1456/1214 2869/3830/3088
f 3072/4115/3290 3073/4116/3291 3074/4117/3292
f 3072/4115/3290 2930/4118/3153 3075/4119/3293
f 3072/4115/3290 3075/4119/3293 3076/4120/3294
f 3072/4115/3290 3074/4117/3292 2930/4118/3153
f 3072/4115/3290 3076/4120/3294 3073/4116/3291
f 1154/1517/1262 36/52/40 35/51/39
f 1154/4121/1262 3077/4122/3295 2379/3157/2579
f 1154/4121/1262 2379/3157/2579 3078/4123/2582
f 1154/4121/1262 3079/4124/3296 3077/4122/3295
f 1154/1522/1262 1152/1520/1264 3079/4125/3296
f 1154/1517/1262 3078/3161/2582 36/52/40
f 3080/4126/3297 3299/63/51 3081/4127/3298
f 3080/4126/3297 2775/3699/2992 3082/4128/3299
f 3080/4126/3297 3083/4129/3300 3299/63/51
f 3080/4126/3297 3081/4127/3298 2775/3699/2992
f 3080/4126/3297 3082/4128/3299 3083/4129/3300
f 49/70/58 3084/4130/3301 50/71/59
f 49/70/58 4389/1390/1159 3641/4131/3302
f 49/70/58 3641/4131/3302 3084/4130/3301
f 2785/3710/3003 3853/4132/3303 3085/4133/3304
f 2785/3710/3003 3085/4133/3304 3370/78/66
f 2785/3710/3003 2786/3711/3004 3853/4132/3303
f 3087/4134/3305 3086/4135/3306 1951/2584/2122
f 3087/4134/3305 2192/4136/2383 3086/4135/3306
f 3087/4137/3305 1951/2590/2122 1949/2588/2125
f 3087/4137/3305 1949/2588/2125 2192/2913/2383
f 66/90/78 3088/4138/3307 67/91/79
f 77/101/89 1842/2442/2012 3089/4139/3308
f 77/101/89 3089/4139/3308 78/102/90
f 3090/4140/3309 3091/4141/3310 3092/4142/3311
f 3090/4140/3309 3092/4142/3311 4380/4143/3312
f 3090/4140/3309 3093/4144/3313 2542/3378/2750
f 3090/4140/3309 2541/3377/2749 3091/4141/3310
f 3090/4140/3309 1126/4145/1236 3094/4146/3314
f 3090/4140/3309 3094/4146/3314 3093/4144/3313
f 3090/4140/3309 4380/4143/3312 1126/4145/1236
f 3090/4140/3309 2542/3378/2750 2541/3377/2749
f 3030/4065/3249 1738/2308/1899 3031/4066/3250
f 3030/4065/3249 2851/3800/3068 2849/3797/3066
f 3030/4065/3249 2849/3797/3066 1739/2309/1900
f 3030/4065/3249 1739/2309/1900 1738/2308/1899
f 1850/2459/2021 2254/3002/2450 2186/4147/2375
f 1850/2451/2021 2186/2905/2375 2185/2904/2374
f 1850/2451/2021 2185/2904/2374 1851/2452/2022
f 1850/2459/2021 1854/2455/2024 2254/3002/2450
f 1858/2461/2028 3095/4148/3315 3096/4149/3316
f 1858/2461/2028 3096/4149/3316 1859/2462/2029
f 1858/2461/2028 3097/4150/3317 3095/4148/3315
f 1858/2461/2028 1860/2464/2031 3097/4150/3317
f 3098/4151/3318 3099/4152/3319 2340/3110/2538
f 3098/4151/3318 812/1078/894 237/560/268
f 3098/4151/3318 237/560/268 418/558/464
f 3098/4151/3318 2340/3110/2538 812/1078/894
f 3098/4151/3318 418/558/464 3099/4152/3319
f 1694/2239/1845 3100/4153/3320 2547/3387/2755
f 1694/2239/1845 3101/4154/3321 1695/2240/1846
f 1694/2239/1845 2547/3387/2755 2546/3386/2757
f 1694/2239/1845 2546/3386/2757 3101/4154/3321
f 1694/2239/1845 2726/3637/2944 2727/3638/2945
f 1694/2239/1845 2727/3638/2945 3100/4153/3320
f 1694/2239/1845 1697/2242/1848 2726/3637/2944
f 3102/4155/3322 2931/3911/3154 3103/4156/3323
f 3102/4155/3322 3103/4156/3323 3104/4157/3324
f 3102/4155/3322 1882/2493/2052 2931/3911/3154
f 3102/4155/3322 3104/4157/3324 3105/4158/3325
f 3102/4155/3322 1883/2494/2053 1882/2493/2052
f 3102/4155/3322 3105/4158/3325 1883/2494/2053
f 3106/4159/3326 2031/2703/2212 3107/4160/3327
f 3106/4159/3326 1888/2499/2058 1887/2498/2057
f 3106/4159/3326 2032/2704/2213 2031/2703/2212
f 3106/4159/3326 1887/2498/2057 2032/2704/2213
f 3106/4159/3326 3107/4160/3327 1888/2499/2058
f 3043/4081/3260 3045/4083/3262 137/185/158
f 3043/4081/3260 137/185/158 1612/2137/1761
f 3108/4161/3328 3368/4162/3329 3299/1722/51
f 3108/4161/3328 3299/1722/51 3109/4163/3330
f 3108/4161/3328 3110/4164/3331 3368/4162/3329
f 3108/4161/3328 3109/4163/3330 3111/4165/3332
f 3108/4161/3328 3111/4165/3332 3110/4164/3331
f 1066/1402/1171 1070/1406/1175 147/198/171
f 1066/1402/1171 3424/197/170 1067/1403/1172
f 1066/1402/1171 147/198/171 3424/197/170
f 154/210/176 2358/3135/2557 155/211/177
f 154/210/176 768/1014/845 2358/3135/2557
f 3112/4166/3333 657/4167/729 1568/4168/1714
f 3112/4169/3333 658/869/730 657/868/729
f 3112/4169/3333 4011/4170/3334 3113/4171/3335
f 3112/4166/3333 1568/4168/1714 4011/4172/3334
f 3112/4169/3333 3113/4171/3335 658/869/730
f 3114/4173/3336 2495/3310/2702 3545/4174/3337
f 3114/4173/3336 3115/4175/244 217/4176/245
f 3114/4173/3336 217/4176/245 3116/4177/3338
f 3114/4173/3336 3545/4174/3337 3115/4175/244
f 3114/4173/3336 3116/4177/3338 2495/3310/2702
f 504/672/559 1516/2001/1652 9/14/11
f 3117/4178/3339 353/465/393 355/468/394
f 3117/4179/3339 3118/4180/3340 3119/4181/3341
f 3117/4178/3339 3121/4099/3276 353/465/393
f 3117/4179/3339 3120/4182/3342 3121/4183/3276
f 3117/4179/3339 3119/4181/3341 3122/4184/3343
f 3117/4179/3339 355/4185/394 3118/4180/3340
f 3117/4179/3339 3122/4184/3343 3120/4182/3342
f 1784/2372/1950 1783/2371/1949 3123/4186/3344
f 1784/2372/1950 3123/4186/3344 3124/4187/3345
f 1784/2372/1950 3124/4187/3345 1785/2373/1951
f 3073/4116/3291 3125/4188/3346 3126/4189/3347
f 3073/4116/3291 3127/4190/3348 3074/4117/3292
f 3073/4116/3291 3126/4189/3347 3127/4190/3348
f 3073/4116/3291 3076/4120/3294 3125/4188/3346
f 887/1177/978 3128/4191/2860 888/1178/979
f 887/4192/978 605/802/673 3128/3529/2860
f 887/4192/978 891/4193/983 3129/4194/3349
f 887/4192/978 3129/4194/3349 605/802/673
f 1157/1526/1268 1162/1531/1273 3629/2029/1675
f 2620/3483/2830 3130/4195/3350 3131/4196/3351
f 2620/3483/2830 2621/3484/2831 3132/4197/3352
f 2620/3483/2830 3131/4196/3351 1604/2128/1752
f 2620/3483/2830 1603/2127/1751 379/501/424
f 2620/3483/2830 3132/4197/3352 3130/4195/3350
f 2620/3483/2830 1604/2128/1752 1603/2127/1751
f 2223/2966/2419 979/1288/1076 983/1292/1080
f 2223/2966/2419 2225/2968/2421 1263/1661/1385
f 2223/2966/2419 983/1292/1080 1609/2134/1758
f 2223/2966/2419 1263/1661/1385 979/1288/1076
f 3133/4198/3353 134/182/155 138/186/159
f 3133/4198/3353 138/186/159 3134/4199/3354
f 3133/4198/3353 3135/4200/3355 3136/4201/3356
f 3133/4198/3353 3134/4199/3354 3135/4200/3355
f 3133/4198/3353 3136/4201/3356 135/183/156
f 3133/4198/3353 135/183/156 134/182/155
f 3137/4202/3357 3138/4203/3358 3139/4204/3359
f 3137/4202/3357 3110/4205/3331 3140/4206/3360
f 3137/4202/3357 3141/4207/3361 3110/4205/3331
f 3137/4202/3357 3139/4204/3359 3141/4207/3361
f 3137/4202/3357 3140/4206/3360 3138/4203/3358
f 643/852/716 646/856/719 3142/4208/3362
f 643/852/716 3142/4208/3362 3143/4209/3363
f 643/852/716 3143/4209/3363 672/886/744
f 3144/4210/3364 3145/4211/3365 897/4212/989
f 3144/4210/3364 3146/4213/3366 3145/4211/3365
f 3144/4210/3364 650/861/722 3146/4213/3366
f 3144/4210/3364 651/862/723 650/861/722
f 3144/4210/3364 897/4212/989 651/862/723
f 3147/4214/3367 3148/4215/3368 3149/4216/3369
f 3147/4214/3367 1183/1559/1298 3150/4217/3370
f 3147/4214/3367 3150/4217/3370 3148/4215/3368
f 3147/4214/3367 3149/4216/3369 1185/1561/1300
f 3147/4214/3367 1185/1561/1300 1183/1559/1298
f 1188/1564/1303 3151/4218/3371 1189/1565/1304
f 1188/1564/1303 1822/2420/1990 3151/4218/3371
f 1188/1564/1303 1823/2421/1991 1822/2420/1990
f 1188/1564/1303 1192/1572/1308 1823/2421/1991
f 3152/4219/3372 2993/4004/3214 1292/1705/1413
f 3152/4219/3372 4283/4220/3373 2994/4005/3215
f 3152/4219/3372 2994/4005/3215 2993/4004/3214
f 3152/4219/3372 1292/1705/1413 1291/1704/1412
f 3152/4219/3372 1291/1704/1412 4283/4220/3373
f 1745/2316/1906 1746/2318/1908 2250/2998/2446
f 1745/2316/1906 2250/2998/2446 2758/3681/2974
f 1745/2316/1906 2758/3681/2974 2683/3575/2894
f 1745/2316/1906 2683/3575/2894 1748/2317/1907
f 3153/4221/1325 3154/4222/3374 3155/4223/3375
f 3153/4221/1325 3155/4223/3375 450/604/500
f 3153/4224/1325 1210/4225/1328 3154/4226/3374
f 3153/4221/1325 450/604/500 449/603/499
f 2930/4227/3153 2932/4228/3156 3156/4229/1456
f 2930/4118/3153 3156/4230/1456 3157/4231/3376
f 2930/3910/3153 3158/4232/3377 2931/3911/3154
f 2930/4118/3153 3074/4117/3292 3158/4233/3377
f 2930/4118/3153 3157/4231/3376 3075/4119/3293
f 1485/1956/1613 996/1305/1093 1775/2360/1942
f 1485/1956/1613 1775/2360/1942 538/2361/597
f 1485/1956/1613 538/2361/597 537/4234/596
f 1485/1956/1613 1484/1955/1617 996/1305/1093
f 3099/4235/3319 925/1226/1020 3159/4236/3378
f 3099/4235/3319 3160/4237/3379 2340/4238/2538
f 3099/4152/3319 3161/4239/3380 925/1228/1020
f 3099/4152/3319 3162/4240/3381 3161/4239/3380
f 3099/4235/3319 3159/4236/3378 3160/4237/3379
f 3099/4152/3319 418/558/464 3162/4240/3381
f 3163/4241/3382 3165/4242/3383 3164/4243/3384
f 3163/4241/3382 174/4244/194 3003/4245/3226
f 3163/4241/3382 1989/2641/2162 174/4244/194
f 3163/4241/3382 1990/2642/2165 1989/2641/2162
f 3163/4241/3382 3164/4243/3384 1990/2642/2165
f 3163/4246/3382 3003/4247/3226 3165/4248/3383
f 3166/4249/3385 1052/1387/1156 2289/3049/2487
f 3166/4249/3385 2288/3048/2486 3167/4250/3386
f 3166/4249/3385 1053/1388/1157 1052/1387/1156
f 3166/4249/3385 3167/4250/3386 1053/1388/1157
f 3166/4249/3385 2289/3049/2487 2288/3048/2486
f 3168/4251/3387 3169/4252/3388 3170/4253/3389
f 3168/4251/3387 3171/4254/3390 3172/4255/3391
f 3168/4251/3387 3172/4255/3391 3169/4252/3388
f 3168/4251/3387 3170/4253/3389 3173/4256/3392
f 3168/4251/3387 3173/4256/3392 3171/4254/3390
f 1550/2048/1692 1551/2049/1693 3174/4257/3393
f 1550/2048/1692 1247/1643/1368 998/1307/1095
f 1550/2048/1692 3174/4257/3393 1247/1643/1368
f 3175/4258/3394 3176/4259/3395 3177/4260/3396
f 3175/4258/3394 2707/3614/2922 3176/4259/3395
f 3175/4258/3394 3178/4261/3397 3179/4262/3398
f 3175/4258/3394 3179/4262/3398 2708/3615/2923
f 3175/4258/3394 3177/4260/3396 3178/4261/3397
f 3175/4258/3394 2708/3615/2923 2707/3614/2922
f 565/754/627 2712/3620/2927 566/755/628
f 565/4263/627 746/975/819 3180/4264/3399
f 565/4263/627 3180/4264/3399 2712/4265/2927
f 565/4263/627 568/976/632 746/975/819
f 3181/4266/3400 2798/3731/3016 499/664/552
f 3181/4267/3400 770/4268/848 4407/4269/3401
f 3181/4266/3400 499/664/552 770/4270/848
f 3181/4266/3400 4407/4271/3401 4406/3732/3017
f 3181/4266/3400 4406/3732/3017 2798/3731/3016
f 1696/2241/1847 3182/4272/3402 3183/4273/3403
f 1696/2241/1847 3183/4273/3403 427/572/473
f 1696/2241/1847 427/572/473 423/567/470
f 1696/2241/1847 423/567/470 1697/2242/1848
f 1696/2241/1847 1695/2240/1846 3182/4272/3402
f 987/1296/1084 989/1298/1086 3184/4274/3404
f 987/1296/1084 3185/4275/3405 3186/4276/3406
f 987/1296/1084 3186/4276/3406 988/1297/1085
f 987/1296/1084 3184/4274/3404 3185/4275/3405
f 435/581/482 1606/4277/1754 439/582/483
f 435/4278/482 3187/4279/486 2226/2969/2422
f 435/4278/482 1607/2131/1755 1606/2130/1754
f 435/4278/482 2226/2969/2422 1607/2131/1755
f 3190/4280/3407 3188/4281/3408 3189/4282/3409
f 3190/4283/3407 3191/4284/3410 4295/4285/3411
f 3190/4280/3407 3192/4286/3412 3193/4287/3413
f 3190/4283/3407 3193/4288/3413 3191/4284/3410
f 3190/4280/3407 3189/4282/3409 3192/4286/3412
f 3190/4280/3407 4295/4289/3411 3188/4281/3408
f 3194/4290/3414 3195/4291/3415 2079/2758/2257
f 3194/4290/3414 1002/1311/1099 3196/4292/3416
f 3194/4290/3414 2079/2758/2257 1002/1311/1099
f 3194/4290/3414 3196/4292/3416 3197/4293/3417
f 3194/4290/3414 3197/4293/3417 3198/4294/3418
f 3194/4290/3414 3198/4294/3418 3195/4291/3415
f 3188/4281/3408 3017/4044/3238 3189/4282/3409
f 3188/4281/3408 3199/4295/3419 3017/4044/3238
f 3188/4281/3408 3200/4296/3420 3199/4295/3419
f 3188/4281/3408 4295/4289/3411 3200/4296/3420
f 1725/2284/1883 3201/4297/3421 814/1082/895
f 1725/2284/1883 1727/2286/1885 3202/4298/3422
f 1725/2284/1883 814/1082/895 811/1075/892
f 1725/2284/1883 3202/4298/3422 3201/4297/3421
f 3203/4299/3423 804/1068/885 3204/4300/3424
f 3203/4299/3423 3204/4300/3424 3205/4301/3425
f 3203/4299/3423 3206/4302/3426 1015/1331/1114
f 3203/4299/3423 805/1069/886 804/1068/885
f 3203/4299/3423 3205/4301/3425 3206/4302/3426
f 3203/4299/3423 1015/1331/1114 805/1069/886
f 2865/3826/3084 2878/3840/3098 2937/3922/3159
f 2865/3826/3084 2937/3922/3159 2006/2668/2184
f 1025/1341/1123 3207/4303/3427 3018/4045/3239
f 1025/1341/1123 3018/4045/3239 1026/1342/1124
f 1025/1341/1123 1029/1345/1127 3207/4303/3427
f 1960/2600/2134 216/287/242 215/286/241
f 1960/2600/2134 1963/2606/2140 216/287/242
f 3208/4304/3428 1853/2454/2023 1855/2457/2026
f 3208/4304/3428 1855/2457/2026 485/649/538
f 3208/4304/3428 482/647/534 2256/3006/2453
f 3208/4304/3428 485/649/538 484/648/537
f 3208/4304/3428 2256/3006/2453 1853/2454/2023
f 3208/4304/3428 484/648/537 482/647/534
f 3209/4305/3429 3210/4306/3430 711/929/782
f 3209/4305/3429 3211/4307/3431 621/3616/690
f 3209/4305/3429 3212/4308/3432 3210/4306/3430
f 3209/4305/3429 711/929/782 3211/4307/3431
f 3209/4305/3429 621/3616/690 3212/4308/3432
f 3213/4309/3433 3214/4310/3434 3215/4311/3435
f 3213/4309/3433 3215/4311/3435 3216/4312/3436
f 3213/4309/3433 3217/4313/3437 3214/4310/3434
f 3213/4309/3433 3218/4314/3438 1228/4315/1349
f 3213/4309/3433 1228/4315/1349 3217/4313/3437
f 3213/4309/3433 3216/4312/3436 3218/4314/3438
f 1939/2573/2111 3219/4316/3439 1940/2574/2112
f 1939/2573/2111 1049/1384/1153 3220/4317/3440
f 1939/2573/2111 1050/1385/1154 1049/1384/1153
f 1939/2573/2111 3220/4317/3440 3219/4316/3439
f 3221/4318/3441 2781/3706/2999 2784/3709/3002
f 3221/4318/3441 3222/4319/3442 3223/4320/3443
f 3221/4318/3441 3224/4321/3444 3222/4319/3442
f 3221/4318/3441 3223/4320/3443 2781/3706/2999
f 3221/4318/3441 2784/3709/3002 3224/4321/3444
f 3225/4322/3445 1244/1639/1365 1330/1753/1457
f 3225/4322/3445 1330/1753/1457 3226/4323/3446
f 3225/4322/3445 3226/4323/3446 3227/4324/3447
f 3225/4322/3445 3227/4324/3447 3228/4325/3448
f 3225/4322/3445 3228/4325/3448 1244/1639/1365
f 1068/1404/1173 3229/4326/2979 3230/4327/3449
f 1068/4328/1173 2763/3687/2980 3229/3686/2979
f 1068/1404/1173 3230/4327/3449 1069/1405/1174
f 1068/1404/1173 1067/1403/1172 2763/4329/2980
f 3233/4330/3450 1642/2172/1792 1644/2174/1794
f 3233/4330/3450 3231/4331/3451 3232/4332/3452
f 3233/4330/3450 1644/2174/1794 3231/4331/3451
f 3233/4333/3450 3234/4334/3453 1642/4335/1792
f 3233/4333/3450 3232/4336/3452 3234/4334/3453
f 2885/3847/3104 3235/4337/3454 2030/2702/2211
f 2885/3847/3104 2030/2702/2211 1083/1420/1189
f 2885/3847/3104 1650/2180/1800 3235/4337/3454
f 194/261/219 3236/4338/3455 2432/3237/2638
f 194/261/219 2431/3236/2637 195/262/220
f 194/261/219 198/267/224 3236/4338/3455
f 194/261/219 2432/3237/2638 2431/3236/2637
f 3237/4339/3456 2064/2739/2243 3238/4340/3457
f 3237/4339/3456 2750/3669/2965 4007/4341/3458
f 3237/4339/3456 4007/4341/3458 3239/4342/3459
f 3237/4339/3456 3239/4342/3459 3240/4343/3460
f 3237/4339/3456 3240/4343/3460 2064/2739/2243
f 3237/4339/3456 3238/4340/3457 2750/3669/2965
f 1662/2196/1813 3241/4344/2139 2267/3019/2464
f 1662/2196/1813 2267/3019/2464 2264/3015/2461
f 1662/2196/1813 1666/2201/1818 3241/4344/2139
f 1662/2196/1813 2264/3015/2461 1663/2197/1814
f 3242/4345/3461 783/1039/862 2760/3683/2976
f 3242/4345/3461 2824/3767/3042 3243/4346/3462
f 3242/4345/3461 3056/4096/3273 2824/3767/3042
f 3242/4345/3461 3243/4346/3462 783/1039/862
f 3242/4345/3461 2759/3682/2975 3056/4096/3273
f 3242/4345/3461 2760/3683/2976 2759/3682/2975
f 541/720/600 3244/4347/3463 3245/4348/3464
f 541/720/600 3246/4349/3465 3244/4347/3463
f 541/720/600 546/725/605 3246/4349/3465
f 541/720/600 3245/4348/3464 542/721/601
f 2627/3493/2835 2626/3492/2837 1846/2446/2016
f 2627/3489/2835 3247/4350/3466 2624/3490/2836
f 2627/4351/2835 1846/3997/2016 3247/4352/3466
f 298/393/334 1267/1667/1391 870/1158/959
f 298/393/334 304/399/340 1267/1667/1391
f 323/427/359 3248/4353/3467 324/428/360
f 323/427/359 3249/4354/3468 3250/4355/3469
f 323/427/359 328/432/364 3249/4354/3468
f 323/427/359 3250/4355/3469 3248/4353/3467
f 3251/4356/3470 3252/4357/3471 3253/4358/3472
f 3251/4356/3470 3254/4359/3473 3252/4357/3471
f 3251/4356/3470 2063/2738/2242 3254/4359/3473
f 3251/4356/3470 3253/4358/3472 3255/4360/3474
f 3251/4356/3470 3255/4360/3474 2063/2738/2242
f 2990/4361/3213 3256/4362/3475 2600/3462/2809
f 2990/3999/3213 2994/4006/3215 3256/4363/3475
f 2990/4361/3213 3257/4364/3476 3258/4365/961
f 2990/4361/3213 2600/3462/2809 3257/4364/3476
f 2450/3259/2657 2452/3261/2659 139/187/160
f 2450/3259/2657 3259/4366/3477 3260/4367/3478
f 2450/3259/2657 139/187/160 3046/4084/3263
f 2450/3259/2657 3046/4084/3263 3259/4366/3477
f 2450/3259/2657 3260/4367/3478 2451/3260/2658
f 2660/4368/2871 3261/4369/939 2939/3928/3162
f 2660/3547/2871 1618/2143/1767 2661/3548/2872
f 2660/3547/2871 2939/4370/3162 1618/2143/1767
f 367/483/409 1447/1909/1576 3262/4371/3479
f 367/483/409 3262/4371/3479 368/484/410
f 287/375/323 861/4372/949 3263/4373/3480
f 287/375/323 3263/4373/3480 3264/4374/3481
f 287/375/323 3264/4374/3481 636/837/708
f 287/375/323 288/380/322 861/4372/949
f 287/375/323 636/837/708 3744/376/324
f 3266/4375/3482 3269/4376/3483 3265/4377/3484
f 3266/4378/3482 2097/2780/2279 3267/4379/3485
f 3266/4375/3482 3265/4377/3484 3268/4380/3486
f 3266/4378/3482 3267/4379/3485 3269/4381/3483
f 3266/4378/3482 3268/4382/3486 2097/2780/2279
f 3270/4383/3487 1670/2206/1822 1676/2212/1828
f 3270/4383/3487 410/549/457 408/547/455
f 3270/4383/3487 408/547/455 1670/2206/1822
f 3270/4383/3487 3271/4384/3488 3272/4385/3489
f 3270/4383/3487 3272/4385/3489 410/549/457
f 3270/4383/3487 1676/2212/1828 3271/4384/3488
f 1354/1784/1481 1359/1793/1485 4032/3147/2569
f 1362/1795/1487 781/1037/860 785/1041/864
f 1362/1798/1487 1361/1797/1488 2424/3228/2630
f 3273/4386/3490 416/104/92 3274/4387/3491
f 3273/4386/3490 3274/4387/3491 3275/4388/3492
f 3273/4386/3490 3275/4388/3492 3276/4389/3493
f 3273/4390/3490 1179/1554/1293 416/555/92
f 3273/4390/3490 3276/4391/3493 1179/1554/1293
f 2381/3165/2584 4332/3872/3121 3277/4392/3494
f 2381/3165/2584 3277/4392/3494 2382/3166/2585
f 2381/3165/2584 2385/3172/2588 2900/3865/3118
f 2048/2721/2228 3278/4393/3495 1392/1841/1521
f 2048/2721/2228 1392/1841/1521 2981/3987/3202
f 2048/2721/2228 2052/2725/2232 3278/4393/3495
f 2048/2721/2228 2981/3987/3202 2049/2722/2229
f 3169/4252/3388 3279/4394/3496 3170/4253/3389
f 3169/4252/3388 3172/4255/3391 3280/4395/3497
f 3169/4252/3388 3281/4396/3498 3279/4394/3496
f 3169/4252/3388 3280/4395/3497 3281/4396/3498
f 3282/4397/3499 1174/1548/1287 1279/244/205
f 3282/4398/3499 1279/1684/205 1278/1683/1401
f 3282/4398/3499 1278/1683/1401 2703/3609/2917
f 3282/4397/3499 3283/1549/1288 1174/1548/1287
f 3282/4398/3499 2703/3609/2917 3283/4399/1288
f 3284/4400/3500 3285/4401/3501 3286/4402/3502
f 3284/4400/3500 1077/1413/1182 1075/1411/1180
f 3284/4400/3500 2123/2813/2311 3285/4401/3501
f 3284/4400/3500 1075/1411/1180 2123/2813/2311
f 3284/4400/3500 3286/4402/3502 4381/4403/3503
f 3284/4400/3500 4381/4403/3503 1077/1413/1182
f 1284/1696/1405 1286/1695/1407 2026/2697/2206
f 1284/1696/1405 4431/2700/2209 1285/4404/1406
f 3287/4405/3504 1197/1577/1313 3288/4406/3505
f 3287/4405/3504 3289/4407/3506 1831/2429/1999
f 3287/4405/3504 1198/1578/1314 1197/1577/1313
f 3287/4405/3504 1831/2429/1999 1830/2428/1998
f 3287/4405/3504 3288/4406/3505 3289/4407/3506
f 3287/4405/3504 1830/2428/1998 1198/1578/1314
f 3290/4408/3507 2445/4409/2651 2448/4410/2655
f 3290/4408/3507 132/180/152 2445/4409/2651
f 3290/4411/3507 1295/1708/1416 132/178/152
f 3290/4411/3507 3291/4412/3508 1294/1707/1415
f 3290/4408/3507 2448/4410/2655 3291/4413/3508
f 3292/4414/3509 3293/4415/3510 3294/4416/3511
f 3292/4414/3509 3295/4417/3512 3293/4415/3510
f 3292/4414/3509 3296/4418/3513 3297/4419/3514
f 3292/4414/3509 3298/4420/3515 3296/4418/3513
f 3292/4414/3509 3297/4419/3514 3295/4417/3512
f 3292/4414/3509 3294/4416/3511 3298/4420/3515
f 3300/4421/3516 3299/4422/51 2499/3314/2706
f 3300/4421/3516 4173/4423/3517 3302/4424/3518
f 3300/4421/3516 2499/3314/2706 964/1272/1060
f 3300/4421/3516 964/1272/1060 4173/4423/3517
f 3300/4425/3516 3301/4426/3519 3299/1722/51
f 3300/4425/3516 3302/4427/3518 3301/4426/3519
f 1122/1478/1231 3303/4428/3520 3304/4429/3521
f 1122/1478/1231 2171/2882/2360 3303/4428/3520
f 1122/1478/1231 1124/1480/1233 2171/2882/2360
f 1122/1478/1231 3304/4429/3521 1123/1479/1232
f 3305/4430/3522 2674/3563/2883 2468/3280/2675
f 3305/4430/3522 2468/3280/2675 896/1187/988
f 3305/4430/3522 896/1187/988 3306/4431/3523
f 3305/4430/3522 3307/4432/3524 2674/3563/2883
f 3305/4430/3522 3306/4431/3523 3307/4432/3524
f 1166/1536/1278 1169/1541/1282 3308/4433/3525
f 1166/1536/1278 3309/4434/3526 3310/4435/3527
f 1166/1536/1278 3310/4435/3527 1167/1537/1279
f 1166/1536/1278 3308/4433/3525 3309/4434/3526
f 1462/1930/1594 3311/4436/3528 3312/4437/3529
f 1462/1930/1594 3312/4437/3529 1463/1931/1595
f 1462/1930/1594 474/633/524 1968/2613/2145
f 1462/1930/1594 1968/2613/2145 1965/2609/2143
f 1462/1930/1594 1965/2609/2143 3311/4436/3528
f 3313/4438/2283 3314/4439/2285 3120/4182/3342
f 3313/4438/2283 3120/4182/3342 3122/4184/3343
f 3313/4438/2283 516/690/576 519/689/575
f 3313/4438/2283 3122/4184/3343 516/690/576
f 3315/4440/3530 876/1166/967 2723/3632/2939
f 3315/4440/3530 1282/1687/1403 2422/3226/2628
f 3315/4440/3530 2422/3226/2628 877/1167/968
f 3315/4440/3530 2723/3632/2939 1282/1687/1403
f 3315/4440/3530 877/1167/968 876/1166/967
f 3316/4441/3531 3317/4442/3532 3318/4443/3533
f 3316/4441/3531 2108/2794/2293 4414/4444/3534
f 3316/4441/3531 4414/4444/3534 3319/4445/3535
f 3316/4441/3531 3318/4443/3533 2109/2795/2294
f 3316/4441/3531 2109/2795/2294 2108/2794/2293
f 3316/4441/3531 3319/4445/3535 3317/4442/3532
f 1528/2019/1666 4122/2021/1668 4043/4446/3536
f 1528/2019/1666 4043/4446/3536 2430/3234/2636
f 1528/2019/1666 2430/3234/2636 1529/2020/1667
f 3320/4447/3537 1141/1504/1252 1143/1506/1254
f 3320/4447/3537 1143/1506/1254 3321/4448/3538
f 3320/4447/3537 3322/4449/137 119/1792/139
f 3320/4447/3537 3321/4448/3538 3323/4450/3539
f 3320/4447/3537 119/1792/139 1141/1504/1252
f 3320/4447/3537 3323/4450/3539 3324/4451/3540
f 3320/4447/3537 3324/4451/3540 3322/4449/137
f 822/1089/903 294/388/331 2730/3643/2947
f 3325/4452/3541 1606/4277/1754 1608/4453/1757
f 3325/4454/3541 2712/4265/2927 3180/4264/3399
f 3325/4454/3541 436/584/484 439/588/483
f 3325/4454/3541 3180/4264/3399 436/584/484
f 3325/4452/3541 439/582/483 1606/4277/1754
f 3325/4452/3541 1608/4453/1757 2713/3621/2928
f 3325/4454/3541 2713/4455/2928 2712/4265/2927
f 749/980/821 2004/2665/2182 750/981/822
f 749/980/821 754/985/826 2002/2659/2178
f 2520/3345/2727 1778/1975/257 3326/4456/3542
f 2520/3345/2727 3326/4456/3542 2521/3346/2728
f 2520/3345/2727 2523/3351/2731 1778/1975/257
f 2010/4457/2189 364/477/403 3327/4458/3543
f 2010/4457/2189 3327/4458/3543 3328/4459/3544
f 2010/4457/2189 3328/4459/3544 2944/3935/3167
f 2010/4457/2189 2944/3935/3167 2945/3936/2190
f 3329/4460/2389 2633/3504/2561 2635/3503/2845
f 3329/2921/2389 2635/4461/2845 2198/2922/2390
f 838/1105/918 840/1107/920 1372/1816/1499
f 838/1105/918 1374/1819/1502 839/1106/919
f 2682/3573/2892 2757/3680/2973 2761/3684/2977
f 2682/3573/2892 1097/1446/1205 1096/1445/1204
f 2682/3573/2892 2761/3684/2977 1097/1446/1205
f 2682/3573/2892 2683/3575/2894 2757/3680/2973
f 1383/1829/1512 4184/32/25 26/36/28
f 1383/3576/1512 3447/2705/2214 525/4462/582
f 1383/3576/1512 525/4462/582 4184/4463/25
f 3330/4464/3545 3331/4465/3546 3332/4466/3547
f 3330/4464/3545 705/4467/776 3333/4468/3548
f 3330/4464/3545 3332/4466/3547 705/4467/776
f 3330/4464/3545 3333/4468/3548 3331/4465/3546
f 3334/4469/3549 3335/4470/3550 806/1070/887
f 3334/4469/3549 1014/1330/1113 3336/4471/3551
f 3334/4469/3549 805/1069/886 1014/1330/1113
f 3334/4469/3549 806/1070/887 805/1069/886
f 3334/4469/3549 3336/4471/3551 3335/4470/3550
f 3337/4472/3552 3338/1710/1418 1299/1715/1422
f 3337/4473/3552 4049/4474/3553 4050/4475/3554
f 3337/4476/3552 2176/4477/2366 3338/4478/1418
f 3337/4472/3552 1299/1715/1422 4049/4479/3553
f 3337/4480/3552 4050/4481/3554 3339/4482/2367
f 3337/4483/3552 3339/2891/2367 2176/2890/2366
f 3340/4484/3555 3341/4485/3556 3949/4486/3557
f 3340/4484/3555 3342/4487/3558 3343/4488/3559
f 3340/4484/3555 3344/4489/3560 3345/4490/55
f 3340/4484/3555 3948/4491/3561 3344/4489/3560
f 3340/4484/3555 3949/4486/3557 3948/4491/3561
f 3340/4484/3555 3343/4488/3559 3341/4485/3556
f 3340/4484/3555 3345/4490/55 3342/4487/3558
f 907/1199/999 3346/4492/3562 2694/3600/2908
f 907/1199/999 3907/4493/3563 3346/4492/3562
f 907/1199/999 905/1197/652 3907/4493/3563
f 907/1199/999 2698/3604/2912 908/1200/1000
f 723/4494/796 3347/4495/798 3348/4496/3564
f 723/943/796 3349/4497/3565 3350/4498/3566
f 723/943/796 3351/4499/3567 3349/4497/3565
f 723/4494/796 3348/4496/3564 3351/4500/3567
f 723/943/796 3350/4498/3566 724/944/797
f 1664/2198/1815 3352/4501/3568 203/273/228
f 1664/2198/1815 1663/2197/1814 3352/4501/3568
f 1664/2198/1815 203/273/228 1436/1896/1566
f 1707/2259/1861 4345/4502/3569 1070/1406/1175
f 1707/2259/1861 1711/2263/1865 4404/4503/3570
f 1707/2259/1861 4404/4503/3570 4345/4502/3569
f 3353/4504/3571 3354/4505/3572 3355/4506/3573
f 3353/4504/3571 2946/3938/3169 3932/4507/3574
f 3353/4504/3571 3355/4506/3573 655/866/727
f 3353/4504/3571 654/865/726 2946/3938/3169
f 3353/4504/3571 655/866/727 654/865/726
f 3353/4504/3571 3932/4507/3574 3354/4505/3572
f 657/4167/729 660/4508/732 3859/4509/3575
f 657/4167/729 3356/4510/3576 1570/4511/1716
f 657/4167/729 3859/4509/3575 3356/4510/3576
f 657/4167/729 1570/4511/1716 1568/4168/1714
f 273/354/306 276/357/309 3357/4512/3577
f 273/354/306 3357/4512/3577 1339/1767/1467
f 2254/3002/2450 3358/4513/3578 3359/4514/3579
f 2254/3002/2450 3359/4514/3579 2186/4147/2375
f 2254/3002/2450 2255/3005/2452 3358/4513/3578
f 3095/4148/3315 3360/4515/3580 3096/4149/3316
f 3095/4148/3315 3097/4150/3317 3012/4036/3234
f 3095/4148/3315 3012/4036/3234 3360/4515/3580
f 924/1225/1019 928/1231/1023 1946/2580/2118
f 924/1225/1019 1946/2580/2118 1944/2578/2116
f 924/1225/1019 3159/4236/3378 925/1226/1020
f 924/1225/1019 1944/2578/2116 3159/4236/3378
f 116/155/134 2219/2962/2415 117/156/135
f 116/155/134 118/157/136 978/1287/1075
f 122/165/143 125/169/142 1600/2124/1748
f 122/165/143 1602/2126/1750 123/166/144
f 128/173/149 132/178/152 3361/4516/3581
f 128/173/149 3362/4517/3582 3363/4518/3583
f 128/173/149 3361/4516/3581 3362/4517/3582
f 128/173/149 3363/4518/3583 3364/4519/3584
f 128/173/149 3364/4519/3584 129/174/150
f 751/4520/823 3365/4521/3585 3366/4522/3586
f 751/982/823 750/981/822 3365/4523/3585
f 751/4520/823 3366/4522/3586 3367/4524/3587
f 751/982/823 3367/4525/3587 752/983/824
f 3368/4526/3329 3110/4205/3331 3141/4207/3361
f 3368/4526/3329 3141/4207/3361 3299/4527/51
f 3369/4528/3588 57/79/67 3370/78/66
f 3369/4528/3588 3372/4529/3589 57/79/67
f 3369/4530/3588 3370/4531/66 4419/4532/3590
f 3369/4530/3588 3371/4533/3591 2316/3081/2513
f 3369/4530/3588 4419/4532/3590 3371/4533/3591
f 3369/4530/3588 2316/3081/2513 3372/4534/3589
f 156/212/178 158/214/180 2586/3442/2797
f 2137/2829/2326 2747/3666/2962 3373/4535/3592
f 2137/2829/2326 3373/4535/3592 2138/2830/2327
f 2143/2845/2333 2147/2849/2337 487/2928/540
f 2679/4536/2889 3374/4537/3593 3375/4538/3594
f 2679/3569/2889 2680/3571/2890 3376/4539/3595
f 2679/4536/2889 3375/4538/3594 3377/4540/560
f 2679/4536/2889 3376/4541/3595 3374/4537/3593
f 3378/4542/3596 3379/4543/3597 2925/3903/3147
f 3378/4542/3596 592/784/656 1923/2545/2097
f 3378/4542/3596 1923/2545/2097 3379/4543/3597
f 3378/4542/3596 2925/3903/3147 520/694/572
f 3378/4542/3596 520/694/572 592/784/656
f 1926/2551/2100 2869/3830/3088 2874/3835/3093
f 1926/2551/2100 3154/4222/3374 1927/2552/2101
f 1926/2551/2100 2874/3835/3093 3155/4223/3375
f 1926/2551/2100 3155/4223/3375 3154/4222/3374
f 1270/1670/1393 32/46/34 30/42/33
f 1270/1670/1393 30/42/33 802/1066/883
f 1588/2100/1732 2772/3696/2989 1589/2101/1733
f 3381/4544/532 3382/4545/3598 3380/4546/3599
f 3381/4547/532 3380/4548/3599 481/4549/533
f 3381/4550/532 3664/4551/2623 3382/4552/3598
f 3381/641/532 483/650/536 3664/4553/2623
f 1047/1381/1151 1573/2081/1718 1048/1382/1152
f 1047/1381/1151 3383/4554/3600 1573/2081/1718
f 1047/1381/1151 145/1383/166 3383/4554/3600
f 51/72/60 54/75/63 2289/3049/2487
f 51/72/60 2289/3049/2487 1052/1387/1156
f 62/84/72 832/88/76 831/1693/912
f 62/84/72 1285/1692/1406 63/85/73
f 1954/2594/2129 2942/3933/3166 1955/2595/2130
f 1954/2594/2129 1953/2593/2128 2942/3933/3166
f 1761/2336/1921 975/1284/1072 972/1281/1069
f 3384/4555/3601 1889/2500/2059 245/321/276
f 3384/4555/3601 3385/4556/3602 3364/4519/3584
f 3384/4555/3601 245/321/276 3385/4556/3602
f 3384/4555/3601 3363/4518/3583 1889/2500/2059
f 3384/4555/3601 3364/4519/3584 3363/4518/3583
f 2514/3338/2720 3386/4557/3603 3387/4558/3604
f 2514/3338/2720 3387/4558/3604 2515/3339/2721
f 2514/3338/2720 2518/3342/2724 258/338/290
f 2514/3338/2720 258/338/290 3386/4557/3603
f 3176/4259/3395 3388/4559/3605 3389/4560/3606
f 3176/4259/3395 3389/4560/3606 4059/4561/3607
f 3176/4259/3395 4059/4561/3607 3177/4260/3396
f 3176/4259/3395 2707/3614/2922 3388/4559/3605
f 670/884/742 3390/4562/3608 671/885/743
f 670/884/742 1463/1931/1595 3312/4437/3529
f 670/884/742 3312/4437/3529 3390/4562/3608
f 670/884/742 674/888/746 1463/1931/1595
f 3391/4563/3609 3036/4071/3253 275/356/308
f 3391/4563/3609 275/356/308 2810/3749/3030
f 3391/4563/3609 2810/3749/3030 3392/4564/3610
f 3391/4563/3609 2685/3582/2898 3036/4071/3253
f 3391/4563/3609 2687/3587/2901 2685/3582/2898
f 3391/4563/3609 3392/4564/3610 2687/3587/2901
f 3393/4565/3611 3394/4566/3612 2878/1978/1634
f 3393/4565/3611 1733/2299/1894 3394/4566/3612
f 3393/4565/3611 1778/1975/257 1780/2367/1946
f 3393/4565/3611 1780/2367/1946 1733/2299/1894
f 3393/4565/3611 2878/1978/1634 1778/1975/257
f 1423/1884/1552 3017/4044/3238 3199/4295/3419
f 1423/1884/1552 3199/4295/3419 3395/4567/1553
f 353/465/393 3121/4099/3276 2395/3189/2599
f 2827/3770/3045 3396/4568/3613 1975/2623/2151
f 2827/3770/3045 3397/4569/3614 2828/3771/3046
f 2827/3770/3045 317/420/354 3396/4568/3613
f 2827/3770/3045 1975/2623/2151 3397/4569/3614
f 231/305/260 1147/1513/1259 232/306/261
f 231/305/260 234/310/265 1149/1509/1257
f 3398/4570/980 326/430/362 889/1910/981
f 3398/1179/980 888/1178/979 3399/4571/3615
f 3398/4570/980 327/431/363 326/430/362
f 3398/1179/980 3399/4571/3615 2841/3790/3058
f 3398/4570/980 2841/3787/3058 327/431/363
f 3400/4572/3616 3401/4573/3617 1797/2385/1963
f 3400/4572/3616 3402/4574/3618 3403/4575/3619
f 3400/4572/3616 1796/2384/1962 3404/4576/3620
f 3400/4572/3616 3403/4575/3619 3401/4573/3617
f 3400/4572/3616 3404/4576/3620 3402/4574/3618
f 3400/4572/3616 1797/2385/1963 1796/2384/1962
f 3405/4577/3621 1231/1626/1352 1800/2388/1966
f 3405/4577/3621 3406/4578/3622 1231/1626/1352
f 3405/4577/3621 3407/4579/3623 3408/4580/3624
f 3405/4577/3621 3409/4581/3625 3406/4578/3622
f 3405/4577/3621 1800/2388/1966 3407/4579/3623
f 3405/4577/3621 3408/4580/3624 3409/4581/3625
f 2977/3983/3199 2050/2723/2230 2049/2722/2229
f 2977/3983/3199 3410/4582/3626 2050/2723/2230
f 2977/3983/3199 2980/3986/3201 178/239/200
f 2977/3983/3199 178/239/200 3410/4582/3626
f 3411/4583/1001 3412/4584/2096 1921/4585/1002
f 3411/1201/1001 2271/3024/2468 3412/2544/2096
f 1070/1406/1175 4345/4502/3569 147/198/171
f 1070/1406/1175 1065/1401/1170 1708/2260/1862
f 3026/4062/3246 794/4586/874 796/4587/877
f 3026/4062/3246 1810/2399/1976 794/4586/874
f 3026/4062/3246 1811/2400/1977 1810/2399/1976
f 3413/4588/3627 3414/4589/3628 3415/4590/3629
f 3413/4588/3627 2306/3068/2505 3416/4591/3630
f 3413/4588/3627 3416/4591/3630 3414/4589/3628
f 3413/4588/3627 3415/4590/3629 3417/4592/3631
f 3413/4588/3627 2307/3069/2506 2306/3068/2505
f 3413/4588/3627 3417/4592/3631 2307/3069/2506
f 3236/4338/3455 1815/4593/1984 3418/4594/3632
f 3236/4338/3455 198/267/224 1815/4593/1984
f 3236/4338/3455 3418/4594/3632 2432/3237/2638
f 1488/1962/1622 1487/1961/1621 3419/4595/3633
f 1488/1962/1622 3419/4595/3633 1817/2410/1985
f 2263/3014/2460 204/274/229 2264/3015/2461
f 2263/3014/2460 2268/3021/2465 205/275/230
f 2263/3014/2460 205/275/230 204/274/229
f 3420/4596/3634 3017/4044/3238 3421/4597/3635
f 3420/4596/3634 3142/4208/3362 3192/4286/3412
f 3420/4596/3634 3192/4286/3412 3189/4282/3409
f 3420/4596/3634 3421/4597/3635 3142/4208/3362
f 3420/4596/3634 3189/4282/3409 3017/4044/3238
f 1835/2433/2003 1103/1453/1212 3422/4598/3636
f 1835/2433/2003 3422/4598/3636 1836/2434/2004
f 959/1265/1053 1838/2437/2007 2202/4599/2394
f 148/201/169 320/423/356 3423/4600/3637
f 148/201/169 3423/4600/3637 3502/4601/3638
f 148/201/169 152/200/172 320/423/356
f 148/201/169 3502/4601/3638 3424/4602/170
f 3425/4603/3639 3303/4428/3520 2170/2881/2359
f 3425/4603/3639 2840/3786/3057 2842/3788/3059
f 3425/4603/3639 2170/2881/2359 3249/4354/3468
f 3425/4603/3639 2842/3788/3059 3426/4604/3640
f 3425/4603/3639 3249/4354/3468 328/432/364
f 3425/4603/3639 3426/4604/3640 3303/4428/3520
f 3425/4603/3639 328/432/364 2840/3786/3057
f 2062/2737/2241 2064/2739/2243 613/811/682
f 2062/2737/2241 613/811/682 3254/4359/3473
f 2062/2737/2241 3254/4359/3473 2063/2738/2242
f 2710/3618/2925 4307/4605/3641 3427/4606/3642
f 2710/3618/2925 3427/4606/3642 3428/4607/3643
f 2710/3618/2925 3428/4607/3643 2711/3619/2926
f 2710/3618/2925 2713/3621/2928 4307/4605/3641
f 680/895/752 3429/4608/3644 2338/3108/2536
f 680/895/752 692/907/764 3429/4608/3644
f 680/895/752 2338/3108/2536 681/896/753
f 3431/4609/2060 3430/4610/1106 1006/4611/1105
f 3431/4612/2060 2848/3796/3065 1890/3803/2061
f 3431/4612/2060 1006/1317/1105 3432/4613/3645
f 3431/4612/2060 3432/4613/3645 3433/4614/3646
f 3431/2501/2060 1891/2503/2062 3430/4615/1106
f 3431/4612/2060 3433/4614/3646 2848/3796/3065
f 3195/4291/3415 1208/4616/1327 2079/2758/2257
f 3195/4291/3415 2281/3033/2477 1208/4616/1327
f 3195/4291/3415 3198/4294/3418 2281/3033/2477
f 1895/2509/2068 1899/2513/2072 1994/2650/2172
f 1895/2509/2068 2792/3724/3012 3434/4617/3647
f 1895/2509/2068 3434/4617/3647 1896/2510/2069
f 1895/2509/2068 1994/2650/2172 2792/3724/3012
f 3435/4618/3648 3436/4619/3649 3437/4620/3650
f 3435/4618/3648 370/485/411 3436/4619/3649
f 3435/4618/3648 3438/4621/3651 3439/4622/3652
f 3435/4618/3648 3440/4623/3653 370/485/411
f 3435/4618/3648 3439/4622/3652 3440/4623/3653
f 3435/4618/3648 3437/4620/3650 3438/4621/3651
f 458/615/508 460/617/510 3441/4624/3654
f 458/615/508 3441/4624/3654 3442/4625/3655
f 458/615/508 3442/4625/3655 459/616/509
f 1019/1335/1118 1616/3416/1765 1020/1336/1119
f 1019/1335/1118 1023/1339/1121 2568/3415/2780
f 2570/3419/2782 2095/2778/2277 865/1153/954
f 2570/3419/2782 3443/4626/3656 1741/2311/1902
f 2570/3419/2782 2572/3421/2784 3443/4626/3656
f 2570/3419/2782 1741/2311/1902 2095/2778/2277
f 704/927/775 709/926/780 4430/4627/3657
f 704/919/775 3444/4628/3658 705/920/776
f 704/927/775 4430/4627/3657 3444/4629/3658
f 3445/4630/3659 3446/4631/3660 491/656/544
f 3445/4630/3659 3447/4632/2214 3448/4633/1870
f 3445/4630/3659 526/700/583 3447/4632/2214
f 3445/4630/3659 491/656/544 490/655/543
f 3445/4630/3659 3448/4633/1870 3446/4631/3660
f 3445/4630/3659 490/655/543 526/700/583
f 2582/3437/2792 1039/1361/1142 1043/1365/1144
f 2582/3437/2792 1043/1365/1144 722/941/794
f 2582/3437/2792 722/941/794 720/939/792
f 2582/3437/2792 720/939/792 2583/3438/2793
f 2464/4634/2671 2807/3745/3027 2808/3747/3029
f 2464/4634/2671 2808/3747/3029 1905/2522/2079
f 2464/3276/2671 2465/3277/2672 4435/4635/3661
f 2464/4634/2671 4435/4636/3661 2807/3745/3027
f 2866/3827/3085 2595/3452/2803 2594/3451/2802
f 2866/3827/3085 821/1088/902 2595/3452/2803
f 2866/3827/3085 2594/3451/2802 2867/3828/3086
f 622/820/691 4221/4637/3662 623/821/692
f 622/820/691 342/450/380 343/451/381
f 622/820/691 343/451/381 4221/4637/3662
f 1059/1395/1164 2599/3461/2808 1060/1396/1165
f 1059/1395/1164 3449/4638/3663 2599/3461/2808
f 1059/1395/1164 1062/1398/1167 3449/4638/3663
f 3451/4639/3664 1336/1762/293 4375/1761/1464
f 3451/4639/3664 4375/1761/1464 3450/4640/3665
f 3451/4641/3664 2602/3465/2812 1336/341/293
f 3451/4641/3664 351/463/392 2602/3465/2812
f 3451/4639/3664 3450/4640/3665 4340/4642/3666
f 3451/4639/3664 4340/4642/3666 351/467/392
f 3452/4643/3667 2397/3192/2601 2124/2814/2312
f 3452/4643/3667 2124/2814/2312 2126/2816/2314
f 3452/4643/3667 2126/2816/2314 3234/4334/3453
f 3452/4643/3667 2398/3193/2602 2397/3192/2601
f 3452/4643/3667 3234/4334/3453 3232/4336/3452
f 3452/4643/3667 3232/4336/3452 2398/3193/2602
f 2608/3471/2818 11/17/13 3453/4644/3668
f 2608/3471/2818 3453/4644/3668 3454/4645/3669
f 2608/3471/2818 3454/4645/3669 2609/3472/2819
f 18/25/19 3455/4646/3670 19/26/20
f 18/25/19 3456/4647/3671 3455/4646/3670
f 18/25/19 697/912/769 3456/4647/3671
f 3458/4648/3672 3790/1646/1371 1249/1645/1370
f 3458/4648/3672 1249/1645/1370 3457/4649/3673
f 3458/4648/3672 1346/4650/1474 3790/1646/1371
f 3458/4651/3672 1660/2191/1811 2615/3478/2825
f 3458/4651/3672 2615/3478/2825 1346/1774/1474
f 3458/4648/3672 3457/4649/3673 1660/2193/1811
f 1093/1441/1198 375/495/418 4354/4652/3674
f 1093/1441/1198 1091/1439/1200 376/496/419
f 1093/1441/1198 376/496/419 375/495/418
f 1093/1441/1198 4354/4652/3674 1090/4653/1199
f 2344/4654/2542 2348/4655/2546 4361/4656/3675
f 2344/4654/2542 3459/4657/3676 2345/4658/2543
f 2344/4654/2542 3460/4659/3677 3459/4657/3676
f 2344/4654/2542 4361/4656/3675 3460/4659/3677
f 3461/4660/3678 3165/4248/3383 3462/4661/993
f 3461/4660/3678 3462/4661/993 3463/4662/449
f 3461/4663/3678 3463/541/449 402/540/448
f 3461/4663/3678 402/540/448 3164/4664/3384
f 3461/4660/3678 3164/4665/3384 3165/4248/3383
f 412/551/459 415/554/462 1306/1726/1430
f 412/551/459 1310/1730/1434 413/552/460
f 2633/3139/2561 2363/3141/2563 2634/4666/2844
f 3464/4667/3679 3465/4668/1778 170/228/193
f 3464/4667/3679 3466/4669/3680 1374/1819/1502
f 3464/4667/3679 4397/1818/1501 3467/4670/3681
f 3464/4667/3679 170/228/193 2512/3336/2718
f 3464/4671/3679 3467/4672/3681 3465/2156/1778
f 3464/4667/3679 2512/3336/2718 3466/4669/3680
f 3464/4667/3679 1374/1819/1502 4397/1818/1501
f 863/1151/952 528/702/585 531/708/589
f 863/1151/952 866/1154/955 528/702/585
f 863/1151/952 3468/4673/3682 2571/3420/2783
f 863/1151/952 2571/3420/2783 864/1152/953
f 863/1151/952 531/708/589 3468/4673/3682
f 3469/4674/3683 221/294/249 3470/4675/3684
f 3469/4674/3683 3471/4676/3685 221/294/249
f 594/789/660 3472/4677/3686 3473/4678/3687
f 594/789/660 3473/4678/3687 2648/3524/2856
f 594/789/660 596/792/663 3472/4677/3686
f 1146/1511/1258 1148/1514/1260 3474/4679/3688
f 1146/1511/1258 3474/4679/3688 1147/1512/1259
f 1151/1519/1263 1153/1521/1265 2959/3959/3181
f 1151/1519/1263 3475/4680/3689 1152/1520/1264
f 1151/1519/1263 2555/3401/2768 3475/4680/3689
f 1151/1519/1263 2959/3959/3181 2555/3401/2768
f 1750/2324/1912 2437/3244/2643 307/406/345
f 1159/1528/1270 487/652/540 1160/1529/1271
f 1159/1528/1270 1161/1530/1272 1756/2331/1916
f 1159/1528/1270 1756/2331/1916 487/652/540
f 294/388/331 433/578/479 2730/3643/2947
f 992/1301/1089 996/1305/1093 1484/1955/1617
f 992/1301/1089 1640/2170/1790 993/1302/1090
f 2524/4681/2729 4357/4682/3690 4267/4683/3691
f 2524/3353/2729 2521/3346/2728 3476/4684/3692
f 2524/3353/2729 3476/4684/3692 4357/4685/3690
f 2524/4681/2729 4267/4683/3691 3477/4686/830
f 3478/4687/3693 3256/4363/3475 3479/4688/3694
f 3478/4689/3693 2668/3556/2878 3481/4690/3695
f 3478/4687/3693 3480/4691/2811 3256/4363/3475
f 3478/4687/3693 3481/4692/3695 3480/4691/2811
f 3478/4687/3693 3479/4688/3694 2669/4693/2879
f 3478/4689/3693 2669/3557/2879 2668/3556/2878
f 3482/2354/1936 1774/2358/1940 3483/4694/3696
f 3482/4695/1936 3483/4696/3696 1121/1477/1230
f 3482/4695/1936 1121/1477/1230 1120/1476/1229
f 3482/4695/1936 1120/1476/1229 3484/4697/1937
f 2023/2692/2203 2217/2960/2413 1454/1917/1584
f 2023/2692/2203 1454/1917/1584 1451/1914/1581
f 3485/4698/3697 3486/4699/3698 3069/4112/3287
f 3485/4698/3697 2487/3307/2695 2492/3306/2699
f 3485/4698/3697 3487/4700/3699 2487/3307/2695
f 3485/4698/3697 3068/4111/3286 3487/4700/3699
f 3485/4698/3697 2492/3306/2699 3486/4699/3698
f 3485/4698/3697 3069/4112/3287 3068/4111/3286
f 3235/4337/3454 3488/4701/3700 3489/4702/3701
f 3235/4337/3454 2257/3007/2454 3488/4701/3700
f 3235/4337/3454 3489/4702/3701 2030/2702/2211
f 3235/4337/3454 1650/2180/1800 2257/3007/2454
f 3490/4703/3702 3491/4704/3703 3492/4705/3704
f 3490/4703/3702 3492/4705/3704 3493/4706/3705
f 3490/4703/3702 3494/4707/3706 3491/4704/3703
f 3490/4703/3702 3493/4706/3705 393/519/436
f 3490/4703/3702 393/519/436 3494/4707/3706
f 1202/1582/1318 2767/3691/2984 2768/3692/2985
f 1202/1582/1318 3495/4708/3707 2767/3691/2984
f 1202/1582/1318 2768/3692/2985 1203/1583/1319
f 1202/1582/1318 1207/1587/1323 3495/4708/3707
f 1384/1830/1513 3496/4709/3708 1712/2266/1868
f 1384/1830/1513 1386/1832/1515 3496/4709/3708
f 2992/4002/960 1587/2099/1731 434/579/480
f 2992/1159/960 870/1158/959 1587/2098/1731
f 2992/4002/960 434/579/480 1164/1534/1276
f 109/145/127 4365/1622/1348 3497/4710/3709
f 109/145/127 3497/4710/3709 110/146/128
f 3498/4711/3710 2045/4712/2225 3959/4713/3711
f 3498/4714/3710 2046/2719/2226 2045/2718/2225
f 3498/4714/3710 4215/4715/3712 3499/4716/3713
f 3498/4711/3710 3959/4713/3711 2691/3597/2906
f 3498/4711/3710 2691/3597/2906 4215/4717/3712
f 3498/4714/3710 3499/4716/3713 2046/2719/2226
f 739/964/812 742/967/815 2290/3050/2488
f 739/964/812 2290/3050/2488 2293/3053/2491
f 739/964/812 2293/3053/2491 740/965/813
f 2904/3875/3123 2699/3605/2913 1547/2045/1689
f 2904/3875/3123 1547/2045/1689 1546/2044/1688
f 2904/3875/3123 1546/2044/1688 1744/2314/1905
f 2904/3875/3123 2700/3606/2914 2699/3605/2913
f 1658/2189/1809 306/4718/343 1659/2190/1810
f 1658/2194/1809 3500/4719/3714 4044/4720/3715
f 1658/2194/1809 1660/2193/1811 3457/4649/3673
f 1658/2194/1809 3457/4649/3673 3500/4719/3714
f 1658/2194/1809 4044/4720/3715 306/4721/343
f 1665/2199/1816 3501/4722/3716 2058/2732/2237
f 1665/2199/1816 1436/1896/1566 3501/4722/3716
f 3424/197/170 3502/4723/3638 1067/1403/1172
f 2881/3843/3100 2362/3140/2562 2882/3844/3101
f 2881/3843/3100 2363/3141/2563 2362/3140/2562
f 2881/3843/3100 2884/3846/3103 2363/3141/2563
f 511/4724/567 1815/2409/1984 3503/2406/1981
f 511/4725/567 3418/4594/3632 1815/4593/1984
f 511/4725/567 513/4726/569 3418/4594/3632
f 511/681/567 3503/4727/1981 1133/1496/1244
f 21/29/23 2624/3490/2836 3247/4350/3466
f 21/29/23 3247/4350/3466 24/30/24
f 21/29/23 3504/4728/3717 2624/3490/2836
f 21/29/23 23/37/26 3504/4728/3717
f 36/52/40 3078/3161/2582 37/53/41
f 3505/4729/3718 3506/4730/3120 3507/4731/3719
f 3505/4729/3718 3508/4732/3720 2779/3704/2997
f 3505/4729/3718 3507/4731/3719 3509/4733/3721
f 3505/4729/3718 2779/3704/2997 4259/3703/2996
f 3505/4729/3718 4259/3703/2996 3506/4730/3120
f 3505/4729/3718 3509/4733/3721 3508/4732/3720
f 2817/3174/2590 3510/4734/3036 2783/3708/3001
f 2817/3174/2590 2783/3708/3001 557/746/619
f 1427/3190/1557 2395/3189/2599 1428/4735/1558
f 357/470/396 3511/4736/3722 3512/4737/3723
f 357/470/396 3512/4737/3723 358/471/397
f 357/470/396 362/475/401 3511/4736/3722
f 2943/3930/3164 2011/2679/2191 2945/2677/2190
f 2943/3934/3164 2942/3933/3166 1953/2593/2128
f 2943/3930/3164 1953/3890/2128 2915/3889/3135
f 2943/3930/3164 2915/3889/3135 2011/2679/2191
f 3354/4505/3572 1792/2380/1958 3355/4506/3573
f 3354/4505/3572 3262/4738/3479 1792/2380/1958
f 3354/4505/3572 4353/4739/3724 3262/4738/3479
f 3354/4505/3572 3932/4507/3574 4353/4739/3724
f 1450/1913/1580 1452/1915/1582 3513/4740/3725
f 1450/1913/1580 3513/4740/3725 2401/3196/2605
f 3514/4741/3726 2405/3201/2609 1844/2444/2014
f 3514/4741/3726 3515/4742/3727 4355/3202/2610
f 3514/4741/3726 4355/3202/2610 2405/3201/2609
f 3514/4741/3726 1844/2444/2014 4238/3893/3137
f 3514/4741/3726 4238/3893/3137 3515/4742/3727
f 3031/4066/3250 1738/2308/1899 3443/4626/3656
f 3031/4066/3250 3516/4743/3728 3032/4067/3251
f 3031/4066/3250 3443/4626/3656 3516/4743/3728
f 320/423/356 152/200/172 3772/4744/3729
f 320/423/356 1204/1584/1320 3423/4600/3637
f 320/423/356 3772/4744/3729 321/424/357
f 320/423/356 1205/1585/1321 1204/1584/1320
f 3518/4745/3730 3520/4746/3731 3517/4747/3732
f 3518/4748/3730 3521/4749/3733 3519/4750/3734
f 3518/4745/3730 3472/4677/3686 596/792/663
f 3518/4748/3730 3519/4750/3734 3520/4751/3731
f 3518/4745/3730 3517/4747/3732 3472/4677/3686
f 3518/4745/3730 596/792/663 3521/4752/3733
f 103/139/121 717/936/789 721/940/793
f 103/139/121 106/142/124 2125/2815/2313
f 103/139/121 721/940/793 104/140/122
f 103/139/121 2125/2815/2313 717/936/789
f 3522/4753/3735 2439/3246/2645 2441/3249/2647
f 3522/4753/3735 3523/4754/3736 3524/4755/3737
f 3522/4753/3735 3524/4755/3737 3525/4756/3738
f 3522/4753/3735 3525/4756/3738 2439/3246/2645
f 3522/4753/3735 2441/3249/2647 2438/3245/2644
f 3522/4753/3735 3526/4757/3739 3523/4754/3736
f 3522/4753/3735 2438/3245/2644 3526/4757/3739
f 421/4758/468 424/563/467 3527/4759/2943
f 2731/3644/2948 3528/4760/3740 2732/3645/2949
f 2731/3644/2948 430/575/476 3528/4760/3740
f 2731/3644/2948 431/576/477 430/575/476
f 2445/4409/2651 132/180/152 131/179/153
f 2445/3253/2651 131/4761/153 2446/3254/2652
f 2452/3261/2659 3529/4762/3741 140/188/161
f 2452/3261/2659 2454/3263/2661 3529/4762/3741
f 2452/3261/2659 140/188/161 139/187/160
f 2868/3829/3087 3530/4763/3742 451/605/501
f 2868/3829/3087 451/605/501 453/607/503
f 2868/3829/3087 2873/3834/3092 3530/4763/3742
f 2941/3932/3165 1955/2595/2130 2942/3933/3166
f 2941/3932/3165 2944/3935/3167 2913/3887/3134
f 2941/3932/3165 2913/3887/3134 1955/2595/2130
f 3531/4764/3743 1258/1656/1380 897/1188/989
f 3531/4764/3743 332/436/368 1258/1656/1380
f 3531/4764/3743 333/437/369 332/436/368
f 3531/4764/3743 3532/4765/3744 333/437/369
f 3531/4764/3743 897/1188/989 3532/4765/3744
f 2471/3283/2678 1633/2162/1783 3533/4766/3745
f 2471/3283/2678 3528/4760/3740 2472/3284/2679
f 2471/3283/2678 3533/4766/3745 3528/4760/3740
f 2471/3283/2678 2474/3286/2681 1633/2162/1783
f 2476/4767/2683 2742/3660/2958 3534/4768/3746
f 2476/4767/2683 3535/4769/3747 2742/3660/2958
f 2476/4767/2683 3534/4768/3746 2477/4770/2684
f 2476/3288/2683 2480/3292/2687 3535/4771/3747
f 920/1220/1014 921/1221/1015 2190/2910/2380
f 920/1220/1014 2957/3957/3179 2481/3293/2688
f 567/756/629 3961/2402/1978 2725/4772/2941
f 567/756/629 3536/4773/3748 3961/2402/1978
f 567/756/629 2725/4772/2941 1040/757/630
f 567/756/629 570/761/634 2307/3069/2506
f 567/756/629 2307/3069/2506 3417/4592/3631
f 567/756/629 3417/4592/3631 3536/4773/3748
f 1943/2577/2115 3537/4774/3749 1944/2578/2116
f 1943/2577/2115 1872/2480/2042 3537/4774/3749
f 1943/2577/2115 696/911/768 1872/2480/2042
f 3538/4775/3750 936/4776/1025 2400/3195/2604
f 3538/4777/3750 930/1235/1026 936/1234/1025
f 3538/4777/3750 3231/4331/3451 930/1235/1026
f 3538/4775/3750 2400/3195/2604 2398/3193/2602
f 3538/4775/3750 2398/3193/2602 3232/4336/3452
f 3538/4775/3750 3232/4336/3452 3231/4778/3451
f 3539/4779/3751 3053/4093/3270 1827/2425/1995
f 3539/4779/3751 1827/2425/1995 1832/2430/2000
f 3539/4779/3751 3540/4780/3752 3053/4093/3270
f 3539/4779/3751 3541/4781/2169 3540/4780/3752
f 3539/4779/3751 3542/4782/3753 3541/4781/2169
f 3539/4779/3751 1832/2430/2000 3542/4782/3753
f 3544/4783/3754 3543/4784/2462 3803/2602/2136
f 3544/4785/3754 3802/4786/3755 3543/4787/2462
f 3544/4783/3754 1961/2601/2135 3545/4788/3337
f 3544/4785/3754 2495/3310/2702 3802/4786/3755
f 3544/4783/3754 3803/2602/2136 1961/2601/2135
f 3544/4785/3754 3545/4174/3337 2495/3310/2702
f 3293/4415/3510 2273/3026/2470 223/296/251
f 3293/4415/3510 3295/4417/3512 2274/3027/2471
f 3293/4415/3510 223/296/251 3294/4416/3511
f 3293/4415/3510 2274/3027/2471 2273/3026/2470
f 3546/4789/3756 3547/4790/3757 3548/4791/3758
f 3546/4789/3756 145/193/166 3549/4792/3759
f 3546/4789/3756 3549/4792/3759 3550/4793/3760
f 3546/4789/3756 3548/4791/3758 145/193/166
f 3546/4789/3756 3550/4793/3760 3547/4790/3757
f 2183/2902/2372 3969/4794/3761 1964/2611/2142
f 2183/2902/2372 1964/2611/2142 1054/1389/1158
f 2183/2902/2372 1054/1389/1158 1053/1388/1157
f 2183/2902/2372 2186/2905/2375 3359/4795/3579
f 2183/2902/2372 3359/4795/3579 3969/4794/3761
f 3551/4796/3762 3552/4797/3763 3553/4798/3764
f 3551/4799/3762 3553/4800/3764 573/764/637
f 3551/4799/3762 1123/1479/1232 3304/4429/3521
f 3551/4796/3762 2896/3859/3115 2894/3857/3113
f 3551/4799/3762 573/764/637 1123/1479/1232
f 3551/4799/3762 3304/4429/3521 2896/4801/3115
f 3551/4796/3762 2894/3857/3113 3552/4797/3763
f 619/817/688 841/1108/921 2510/3334/2716
f 619/817/688 621/819/690 841/1108/921
f 124/167/145 2036/168/146 2037/4802/2217
f 124/167/145 2037/4802/2217 342/450/380
f 2515/3339/2721 3554/4803/3765 59/81/69
f 2515/3339/2721 3387/4558/3604 3554/4803/3765
f 2515/3339/2721 59/81/69 2516/3340/2722
f 261/342/294 2956/3956/3178 3555/4804/3766
f 261/342/294 3555/4804/3766 3556/4805/3767
f 261/342/294 3556/4805/3767 262/343/295
f 261/342/294 263/344/296 2956/3956/3178
f 268/349/301 271/352/304 1415/1854/1532
f 2665/3553/2875 2670/3558/2880 3557/4806/3768
f 2665/3553/2875 3558/4807/3769 2666/3554/2876
f 2665/3553/2875 3557/4806/3768 3558/4807/3769
f 3559/4808/3770 3560/4809/3771 1341/1769/1469
f 3559/4808/3770 1276/1682/1399 3561/4810/3772
f 3559/4808/3770 1341/1769/1469 1340/1768/1468
f 3559/4808/3770 3561/4810/3772 3560/4809/3771
f 3559/4808/3770 1340/1768/1468 1276/1682/1399
f 2635/4811/2845 3562/4812/2846 3563/4813/3773
f 2635/4811/2845 3563/4813/3773 2198/2925/2390
f 3564/4814/3774 2813/3753/3032 3343/4488/3559
f 3564/4814/3774 3565/4815/3775 3566/4816/3776
f 3564/4814/3774 3342/4487/3558 3565/4815/3775
f 3564/4814/3774 1348/1776/1475 2813/3753/3032
f 3564/4814/3774 3566/4816/3776 1348/1776/1475
f 3564/4814/3774 3343/4488/3559 3342/4487/3558
f 2243/2991/2439 2647/3523/2855 2244/2992/2440
f 477/637/528 476/636/527 3567/4817/3777
f 477/637/528 3567/4817/3777 3568/4818/3778
f 477/637/528 3569/4819/3779 478/638/529
f 477/637/528 3568/4818/3778 3569/4819/3779
f 3100/4820/3320 3570/4821/3780 4398/3384/2756
f 3100/4820/3320 4398/3384/2756 2547/3383/2755
f 3100/4820/3320 2727/3641/2945 3527/3640/2943
f 3100/4820/3320 3527/3640/2943 3570/4821/3780
f 1787/2375/1953 3571/4822/3781 3572/4823/3782
f 1787/2375/1953 1788/2376/1954 3571/4822/3781
f 1787/2375/1953 3572/4823/3782 3573/4824/3783
f 1787/2375/1953 2208/2950/2403 1114/1470/1223
f 1787/2375/1953 3573/4824/3783 2208/2950/2403
f 3574/4825/2362 3860/4826/3784 660/4508/732
f 3574/2884/2362 660/871/732 2172/2885/2363
f 3574/4825/2362 3339/4827/2367 3860/4826/3784
f 3465/2156/1778 1630/2158/1780 170/4828/193
f 3465/2156/1778 3467/4672/3681 1629/2157/1779
f 2738/3655/2955 3575/4829/3785 2739/3656/2956
f 2738/3655/2955 2743/3662/2960 1806/2395/1972
f 2738/3655/2955 1806/2395/1972 3575/4829/3785
f 682/897/754 1223/1616/1342 683/898/755
f 682/897/754 3576/4830/3786 1223/1616/1342
f 682/897/754 702/917/773 3576/4830/3786
f 2954/3954/3176 2120/2810/2308 1431/1891/1561
f 2954/3954/3176 1430/1890/1560 3006/4028/3229
f 2954/3954/3176 1431/1891/1561 1430/1890/1560
f 2191/2911/2381 2190/2910/2380 3008/4031/3231
f 2796/3729/3011 1081/1417/1186 2792/4831/3012
f 2796/3729/3011 1647/2177/1797 1081/1417/1186
f 2796/3729/3011 2795/3727/3014 1647/2177/1797
f 1817/2410/1985 1911/2528/2084 2055/2531/2087
f 1817/2412/1985 2055/2728/2087 913/1211/1008
f 1817/2410/1985 3419/4595/3633 1911/2528/2084
f 3577/4832/1817 1322/1743/1447 1666/4833/1818
f 3577/4832/1817 2060/1358/1140 1322/1743/1447
f 3053/4093/3270 3540/4780/3752 3054/4094/3271
f 3053/4093/3270 1828/2426/1996 1827/2425/1995
f 3578/4834/3787 220/293/248 952/1258/1046
f 3578/4834/3787 952/1258/1046 954/1260/1048
f 3578/4834/3787 954/1260/1048 3579/4835/3788
f 3578/4834/3787 224/297/252 220/293/248
f 3578/4834/3787 3579/4835/3788 3580/4836/3789
f 3578/4834/3787 3580/4836/3789 224/297/252
f 1929/4837/1831 3581/4838/3790 3582/4839/3791
f 1929/4837/1831 1927/4840/2101 3581/4838/3790
f 1929/2215/1831 3583/4841/3792 3584/4842/3793
f 1929/4837/1831 3582/4839/3791 3550/4793/3760
f 1929/2215/1831 3550/4843/3760 3583/4841/3792
f 1929/2215/1831 3584/4842/3793 1677/2216/1832
f 2413/3212/2620 2442/3250/2648 2414/3213/2621
f 2413/3212/2620 741/966/814 738/963/811
f 2413/3212/2620 2418/3220/2625 741/966/814
f 2413/3212/2620 738/963/811 2442/3250/2648
f 3145/4211/3365 3585/4844/3794 3586/4845/3795
f 3145/4211/3365 3146/4213/3366 3585/4844/3794
f 3145/4211/3365 3586/4845/3795 897/4212/989
f 417/559/463 162/218/184 164/220/186
f 417/557/463 3162/4240/3381 418/558/464
f 417/559/463 164/220/186 2676/3566/2886
f 417/557/463 2676/4846/2886 3162/4240/3381
f 3587/4847/3796 3727/4848/3797 3364/4519/3584
f 3587/4847/3796 3588/4849/3798 3589/4850/3799
f 3587/4847/3796 3589/4850/3799 3727/4848/3797
f 3587/4847/3796 3385/4556/3602 3590/4851/3800
f 3587/4847/3796 3590/4851/3800 3588/4849/3798
f 3587/4847/3796 3364/4519/3584 3385/4556/3602
f 1700/2247/1852 600/797/668 1701/2248/1853
f 1700/2247/1852 3591/4852/3801 600/797/668
f 1700/2247/1852 123/166/144 3591/4852/3801
f 1700/2247/1852 126/170/147 123/166/144
f 2228/2971/2424 3592/4853/3802 3593/4854/2500
f 2228/2971/2424 2231/2976/2427 3592/4853/3802
f 2228/2971/2424 3593/4854/2500 2229/2972/2425
f 3335/4470/3550 4160/4855/3803 3594/4856/3804
f 3335/4470/3550 3594/4856/3804 1397/1847/1526
f 3335/4470/3550 3336/4471/3551 4160/4855/3803
f 3335/4470/3550 1397/1847/1526 806/1070/887
f 3394/4566/3612 1733/2299/1894 1735/2302/1896
f 3394/4566/3612 1499/1976/1632 2878/1978/1634
f 3394/4566/3612 1735/2302/1896 3747/4857/3805
f 3394/4566/3612 3747/4857/3805 1499/1976/1632
f 3595/4858/3806 3596/4859/3807 1720/2279/1878
f 3595/4858/3806 2408/3206/2614 3596/4859/3807
f 3595/4858/3806 1720/2279/1878 1721/2280/1879
f 3595/4858/3806 1721/2280/1879 2408/3206/2614
f 3058/4098/3275 3597/4860/3808 1754/2329/1914
f 3058/4098/3275 3059/4100/3277 3598/4861/3809
f 3058/4098/3275 1754/2329/1914 309/413/347
f 3058/4098/3275 3598/4861/3809 3597/4860/3808
f 2997/4013/3220 2106/2792/2291 2105/2791/2290
f 2997/4013/3220 2105/2791/2290 3599/4862/3810
f 2997/4013/3220 3600/4863/3811 2998/4014/3221
f 2997/4013/3220 3599/4862/3810 3600/4863/3811
f 1042/970/631 666/882/739 664/875/736
f 1502/1980/1636 2362/3140/2562 2361/3138/2560
f 1502/1980/1636 971/1280/1068 2882/3844/3101
f 1502/1980/1636 1505/1983/1639 971/1280/1068
f 1502/1980/1636 2361/3138/2560 1503/1981/1637
f 1502/1980/1636 2882/3844/3101 2362/3140/2562
f 389/512/432 665/877/737 3601/4864/3812
f 389/512/432 668/878/738 665/877/737
f 389/512/432 3601/4864/3812 391/513/433
f 3602/4865/3813 1900/2514/2073 3603/4866/3814
f 3602/4865/3813 3603/4866/3814 3604/4867/3815
f 3602/4865/3813 3604/4867/3815 3605/4868/3816
f 3602/4865/3813 3606/4869/3817 1900/2514/2073
f 3602/4865/3813 3605/4868/3816 3606/4869/3817
f 3607/4870/3818 2324/3090/2521 2322/3088/2519
f 3607/4870/3818 3071/4114/3289 3608/4871/3819
f 3607/4870/3818 1470/1938/1602 2550/3396/2763
f 3607/4870/3818 2322/3088/2519 3071/4114/3289
f 3607/4870/3818 3608/4871/3819 1471/1939/1603
f 3607/4870/3818 1471/1939/1603 1470/1938/1602
f 3607/4870/3818 2550/3396/2763 2324/3090/2521
f 2562/3408/2775 228/301/256 229/303/258
f 2562/3408/2775 2456/3412/2663 4336/4872/3820
f 2562/3408/2775 229/303/258 2563/3409/2776
f 2562/3408/2775 4336/4872/3820 228/301/256
f 2893/4873/3112 1219/1612/1338 3609/4874/3821
f 2893/3856/3112 3609/4875/3821 2894/3857/3113
f 2893/4873/3112 2895/4876/3114 3610/4877/3822
f 2893/4873/3112 3610/4877/3822 1219/1612/1338
f 2283/3040/2481 3611/4878/3823 2284/3041/2482
f 2283/3040/2481 3612/4879/3824 3611/4878/3823
f 2283/3040/2481 145/1383/166 3612/4879/3824
f 1537/2035/1679 2050/2723/2230 3410/4582/3626
f 1537/2035/1679 3410/4582/3626 177/238/199
f 1537/2035/1679 177/238/199 1538/2036/1680
f 1537/2035/1679 1543/2041/1685 2050/2723/2230
f 3613/4880/3825 3614/4881/3826 57/79/67
f 3613/4880/3825 57/79/67 3372/4529/3589
f 3613/4880/3825 2575/3425/2786 3171/4254/3390
f 3613/4880/3825 3372/4529/3589 2575/3425/2786
f 3613/4880/3825 3171/4254/3390 3614/4881/3826
f 644/854/717 2197/2924/2391 645/855/718
f 644/854/717 3615/4882/3827 2197/2924/2391
f 644/854/717 648/859/715 3650/4883/3828
f 644/854/717 3650/4883/3828 3615/4882/3827
f 2910/3884/3131 2912/3886/3133 713/931/784
f 2910/3884/3131 713/931/784 714/932/785
f 2910/3884/3131 714/932/785 2302/3064/2501
f 2910/3884/3131 2302/3064/2501 2300/3061/2498
f 2304/3066/2503 3616/4884/3829 2305/3067/2504
f 2304/3066/2503 3617/4885/3830 3616/4884/3829
f 2304/3066/2503 570/761/634 569/760/633
f 2304/3066/2503 569/760/633 3617/4885/3830
f 1841/2440/2010 3618/4886/3831 3513/4740/3725
f 1841/2440/2010 3619/4887/1890 3618/4886/3831
f 1841/2440/2010 3513/4740/3725 1842/2442/2012
f 1841/2440/2010 2310/3073/2509 3619/4887/1890
f 3620/1482/1235 1127/1484/1237 3621/2805/2303
f 3620/4888/1235 3094/4889/3314 1126/4890/1236
f 3620/4888/1235 3621/4891/2303 3094/4889/3314
f 3623/1999/1651 3374/4537/3593 3622/4892/3832
f 3623/1999/1651 3375/4538/3594 3374/4537/3593
f 3623/1999/1651 3622/4892/3832 4426/4893/3833
f 3623/1999/1651 1517/2002/561 3375/4538/3594
f 3623/4894/1651 3624/1005/839 760/1002/836
f 3623/1999/1651 4426/4893/3833 3624/4895/839
f 3625/4896/3834 3071/4114/3289 3626/4897/3835
f 3625/4896/3834 791/1050/871 3608/4871/3819
f 3625/4896/3834 2412/3210/2618 791/1050/871
f 3625/4896/3834 3626/4897/3835 2412/3210/2618
f 3625/4896/3834 3608/4871/3819 3071/4114/3289
f 2327/3093/2524 3414/4589/3628 1144/1507/1255
f 2327/3093/2524 1583/2094/1728 1585/2096/1730
f 2327/3093/2524 3415/4590/3629 3414/4589/3628
f 2327/3093/2524 1585/2096/1730 3415/4590/3629
f 2327/3093/2524 1144/1507/1255 1140/1503/1251
f 1147/1513/1259 3474/4898/3688 232/306/261
f 2334/3104/2532 3429/4608/3644 3627/4899/3836
f 2334/3104/2532 3627/4899/3836 2335/3105/2533
f 2334/3104/2532 2338/3108/2536 3429/4608/3644
f 812/1078/894 3628/4900/3837 237/560/268
f 812/1078/894 815/1081/896 3628/4900/3837
f 3629/4901/1675 3631/4902/3838 3630/4903/1676
f 3629/2029/1675 1162/1531/1273 3631/4904/3838
f 3130/4195/3350 3632/4905/3839 2607/3470/2817
f 3130/4195/3350 3132/4197/3352 3632/4905/3839
f 3130/4195/3350 2607/3470/2817 3131/4196/3351
f 254/331/286 3633/4906/3840 255/332/287
f 254/331/286 2069/4907/2248 3633/4906/3840
f 2086/2767/2266 1276/1680/1399 3634/4908/3841
f 2086/2767/2266 2089/2770/2269 1276/1680/1399
f 2086/2767/2266 3634/4908/3841 2087/2768/2267
f 3635/4909/2271 1407/1859/1536 1406/1875/1535
f 3635/2772/2271 4311/2775/2274 3636/4910/3842
f 3635/4909/2271 3636/4911/3842 2806/3743/3025
f 3635/4909/2271 2806/3743/3025 1407/1859/1536
f 2358/3135/2557 2949/3942/3171 1625/2152/1774
f 2358/3135/2557 768/1014/845 2949/3942/3171
f 2173/2886/2364 3637/4912/3843 3253/4358/3472
f 2173/2886/2364 2177/2892/2368 3637/4912/3843
f 2173/2886/2364 3638/4913/3844 2174/2887/2365
f 2173/2886/2364 3253/4358/3472 3638/4913/3844
f 2007/2671/2186 3639/4914/3845 2008/2672/2187
f 2007/2671/2186 3261/4369/939 3639/4914/3845
f 2007/2671/2186 2939/3928/3162 3261/4369/939
f 364/477/403 366/481/407 3327/4458/3543
f 364/2678/403 2013/2681/2193 3640/4915/404
f 3436/4619/3649 368/484/410 4353/4916/3724
f 3436/4619/3649 370/485/411 368/484/410
f 3436/4619/3649 3931/4917/3846 3437/4620/3650
f 3436/4619/3649 4353/4916/3724 3931/4917/3846
f 861/1147/949 3993/1149/950 3263/4918/3480
f 1351/1780/1477 3084/4919/3301 3641/4920/3302
f 1351/1780/1477 3641/4920/3302 1352/1781/1478
f 1351/1780/1477 1030/1346/1128 1424/1885/1554
f 1351/1780/1477 1424/1885/1554 3084/4919/3301
f 1979/2625/2152 3643/4921/3847 1977/2626/2153
f 1979/2629/2152 3642/4922/3848 3643/4923/3847
f 1979/2629/2152 1975/2623/2151 3642/4922/3848
f 3571/4822/3781 1788/2376/1954 3644/4924/3849
f 3401/4573/3617 416/104/92 1797/2385/1963
f 3401/4573/3617 3645/4925/3850 416/104/92
f 3401/4573/3617 3403/4575/3619 3645/4925/3850
f 1234/1629/1355 1231/1626/1352 3406/4578/3622
f 1234/1629/1355 3406/4578/3622 1846/2446/2016
f 1238/1633/1359 3646/4926/3851 3332/4466/3547
f 1238/1633/1359 1241/1636/1362 3647/4927/3852
f 1238/1633/1359 3648/4928/3853 3646/4926/3851
f 1238/1633/1359 3647/4927/3852 3648/4928/3853
f 1238/1633/1359 3332/4466/3547 1239/1634/1360
f 1243/4929/1364 1242/1637/1363 3649/4930/3854
f 1243/1638/1364 3649/4931/3854 1329/1751/1455
f 1243/1638/1364 1329/1751/1455 1331/1754/1458
f 1243/1638/1364 1331/1754/1458 1244/1639/1365
f 3390/4932/3608 2054/2727/2234 3650/4883/3828
f 3390/4932/3608 916/1216/1010 2054/2727/2234
f 3390/4562/3608 3312/4437/3529 916/1214/1010
f 3390/4562/3608 3650/4933/3828 671/885/743
f 3632/4905/3839 2621/3484/2831 3651/4934/3855
f 3632/4905/3839 3651/4934/3855 2258/4935/2455
f 3632/4905/3839 2258/4935/2455 1513/1992/1647
f 3632/4905/3839 3132/4197/3352 2621/3484/2831
f 3632/4905/3839 1513/1992/1647 2607/3470/2817
f 11/17/13 3653/4936/3856 3652/4937/3857
f 11/17/13 3652/4937/3857 3453/4644/3668
f 11/20/13 13/19/14 3653/4938/3856
f 3654/4939/3858 3656/4940/3859 2614/3477/2824
f 3654/4939/3858 2614/3477/2824 2854/3806/3071
f 3654/4941/3858 3524/4942/3737 3655/4943/2262
f 3654/4941/3858 3525/4944/3738 3524/4942/3737
f 3654/4941/3858 3655/4943/2262 3656/4945/3859
f 3654/4941/3858 2854/4946/3071 3525/4944/3738
f 3486/4699/3698 3657/4947/3860 3658/4948/3861
f 3486/4699/3698 2490/4949/2698 2787/3713/3006
f 3486/4699/3698 2492/3306/2699 2490/4949/2698
f 3486/4699/3698 2787/3713/3006 3657/4947/3860
f 3486/4699/3698 3658/4948/3861 3069/4112/3287
f 3659/4950/3862 3660/4951/3863 3661/4952/3864
f 3659/4950/3862 4076/4953/3865 3980/4954/3866
f 3659/4950/3862 3661/4952/3864 3289/4407/3506
f 3659/4950/3862 3289/4407/3506 4076/4953/3865
f 3659/4950/3862 3662/4955/3867 3660/4951/3863
f 3659/4950/3862 3980/4954/3866 3662/4955/3867
f 2031/2703/2212 950/1256/1044 3107/4160/3327
f 2417/4956/2622 4084/534/441 3665/533/439
f 2417/4957/2622 3663/4958/2109 3664/4959/2623
f 2417/3219/2622 2416/3218/2624 4084/4960/441
f 2417/4957/2622 3665/4961/439 3663/4958/2109
f 3666/4962/3868 3667/4963/3869 4052/2505/2064
f 3666/4962/3868 1304/1724/1428 1303/1723/1427
f 3666/4962/3868 1303/1723/1427 3301/4426/3519
f 3666/4962/3868 4052/2505/2064 1304/1724/1428
f 3666/4962/3868 3301/4426/3519 3302/4427/3518
f 3666/4962/3868 3302/4427/3518 3667/4963/3869
f 3668/4964/3870 2822/3765/3040 2826/3769/3044
f 3668/4964/3870 1213/1603/1332 1215/1605/1334
f 3668/4964/3870 1215/1605/1334 1866/2474/2038
f 3668/4964/3870 1866/2474/2038 2822/3765/3040
f 3668/4964/3870 3669/4965/3871 1213/1603/1332
f 3668/4964/3870 2826/3769/3044 3669/4965/3871
f 1306/1726/1430 2631/3497/2841 1686/2230/1837
f 1306/1726/1430 415/554/462 2631/3497/2841
f 1306/1726/1430 1686/2230/1837 1307/1727/1431
f 3670/4966/3872 3671/4967/3873 3672/4968/3874
f 3670/4966/3872 4321/4969/3875 3673/4970/3876
f 3670/4966/3872 3674/4971/3877 3671/4967/3873
f 3670/4966/3872 3672/4968/3874 4321/4969/3875
f 3670/4966/3872 3673/4970/3876 3675/4972/3878
f 3670/4966/3872 3675/4972/3878 3674/4971/3877
f 2714/3622/2929 1416/1869/1545 3676/4973/3879
f 2714/3622/2929 3676/4973/3879 3677/4974/3880
f 2714/4975/2929 3677/4976/3880 1461/4977/1591
f 2714/3622/2929 3678/4978/3881 1399/1849/1528
f 2714/4975/2929 1461/4977/1591 3678/4979/3881
f 584/776/649 1848/2448/2018 585/777/650
f 1465/1933/1597 791/1050/871 1466/1934/1598
f 1465/1933/1597 3608/4871/3819 791/1050/871
f 1465/1933/1597 1471/1939/1603 3608/4871/3819
f 3680/791/662 3521/4752/3733 596/792/663
f 3680/4980/662 3679/4981/3009 2790/4982/3008
f 3680/4983/662 3009/4032/3232 3521/4749/3733
f 3680/4983/662 2790/4033/3008 3009/4032/3232
f 3680/4984/662 3681/4985/664 3679/3718/3009
f 3317/4442/3532 2482/3294/2689 2481/3293/2688
f 3317/4442/3532 2481/3293/2688 3318/4443/3533
f 3317/4442/3532 3319/4445/3535 2482/3294/2689
f 305/401/342 307/406/345 2437/3244/2643
f 305/401/342 1659/3248/1810 306/402/343
f 2305/3067/2504 3616/4884/3829 3323/4450/3539
f 2305/3067/2504 1143/1506/1254 3416/4591/3630
f 2305/3067/2504 3321/4448/3538 1143/1506/1254
f 2305/3067/2504 3416/4591/3630 2306/3068/2505
f 2305/3067/2504 3323/4450/3539 3321/4448/3538
f 2657/3544/2868 2442/3250/2648 2443/3251/2649
f 2657/3544/2868 3682/4986/3882 3683/4987/3883
f 2657/3544/2868 3683/4987/3883 2442/3250/2648
f 2657/3544/2868 3395/1880/1553 3682/4986/3882
f 1319/1739/1443 3684/4988/3884 2178/2895/2369
f 1319/1739/1443 2178/2895/2369 2180/1740/1444
f 1319/1739/1443 1321/1742/1446 3684/4988/3884
f 1999/2660/2179 3685/4989/3885 3686/4990/3886
f 1999/2666/2179 2003/2664/2181 3687/4991/3887
f 1999/2666/2179 3687/4991/3887 3685/4992/3885
f 1999/2660/2179 3686/4990/3886 2000/2661/2180
f 2662/3549/936 2663/3551/2873 1001/1310/1098
f 2662/3549/936 1001/1310/1098 853/4993/937
f 3688/4994/3888 1085/4995/1193 3689/4996/1196
f 3688/4994/3888 1184/1560/1299 1186/1562/1301
f 3688/4994/3888 1186/1562/1301 3690/4997/3889
f 3688/4994/3888 1367/1805/1494 1184/1560/1299
f 3688/4994/3888 3689/4996/1196 1367/1805/1494
f 3688/4994/3888 3690/4997/3889 1085/4995/1193
f 3691/4998/3890 3692/4999/3891 1372/1816/1499
f 3691/4998/3890 840/1107/920 621/819/690
f 3691/4998/3890 621/819/690 2753/3674/2970
f 3691/4998/3890 1372/1816/1499 840/1107/920
f 3691/4998/3890 2753/3674/2970 3692/4999/3891
f 2757/3680/2973 2683/3575/2894 2758/3681/2974
f 1466/1934/1598 3841/1049/870 1467/1935/1599
f 1466/1934/1598 791/1050/871 3841/1049/870
f 3693/5000/2287 3941/5001/3892 3694/5002/3893
f 3693/2788/2287 3694/5003/3893 2103/2789/2288
f 3695/5004/3894 3696/5005/3895 3697/5006/3896
f 3695/5004/3894 3698/5007/3897 1856/2456/2025
f 3695/5004/3894 1851/2452/2022 3696/5005/3895
f 3695/5004/3894 3699/5008/3898 3698/5007/3897
f 3695/5004/3894 1856/2456/2025 1851/2452/2022
f 3695/5004/3894 3700/5009/3899 3699/5008/3898
f 3695/5004/3894 3697/5006/3896 3700/5009/3899
f 3701/5010/3900 3206/4302/3426 3205/4301/3425
f 3701/5010/3900 1276/1680/1399 2089/2770/2269
f 3701/5010/3900 2089/2770/2269 1017/1333/1116
f 3701/5010/3900 3205/4301/3425 1276/1680/1399
f 3701/5010/3900 1017/1333/1116 3206/4302/3426
f 3201/5011/3421 3202/5012/3422 2588/3445/2799
f 3201/5011/3421 2588/3445/2799 2591/3448/2800
f 3201/5011/3421 2591/3448/2800 814/1080/895
f 3702/5013/3901 3703/5014/3902 3704/5015/3903
f 3702/5016/3901 3047/4086/3265 3705/5017/3904
f 3702/5016/3901 3705/5017/3904 2382/3166/2585
f 3702/5016/3901 2382/3166/2585 3277/4392/3494
f 3702/5016/3901 3048/4087/3266 3047/4086/3265
f 3702/5016/3901 3277/4392/3494 3703/5018/3902
f 3702/5013/3901 3704/5015/3903 3048/4089/3266
f 3554/4803/3765 3706/5019/3905 2786/3711/3004
f 3554/4803/3765 3387/4558/3604 3706/5019/3905
f 3554/4803/3765 2786/3711/3004 60/82/70
f 3554/4803/3765 60/82/70 59/81/69
f 559/748/621 830/1097/911 3707/5020/3906
f 559/748/621 3707/5020/3906 560/749/622
f 559/748/621 201/271/226 830/1097/911
f 559/748/621 1435/1895/1565 201/271/226
f 559/748/621 563/752/625 1435/1895/1565
f 3708/5021/3907 71/95/83 2462/3274/2669
f 3708/5021/3907 3709/5022/3908 72/96/84
f 3708/5021/3907 2460/3272/2667 3709/5022/3908
f 3708/5021/3907 72/96/84 71/95/83
f 3708/5021/3907 2462/3274/2669 2461/3273/2668
f 3708/5021/3907 2461/3273/2668 2460/3272/2667
f 1791/2379/1957 3710/5023/3909 3711/5024/3910
f 1791/2379/1957 3355/4506/3573 1792/2380/1958
f 1791/2379/1957 1793/2381/1959 3710/5023/3909
f 1791/2379/1957 3711/5024/3910 3355/4506/3573
f 1127/1489/1237 2875/3836/3094 2116/5025/2304
f 1127/1489/1237 1129/1487/1239 2875/3836/3094
f 1127/1484/1237 2116/2806/2304 3621/2805/2303
f 2648/3524/2856 3473/4678/3687 3712/5026/3911
f 2648/3524/2856 3397/4569/3614 1975/2623/2151
f 2648/3524/2856 3712/5026/3911 3397/4569/3614
f 2829/3773/3048 3713/5027/262 3474/4679/3688
f 2829/3773/3048 1148/1514/1260 2830/3774/3049
f 2829/3773/3048 3474/4679/3688 1148/1514/1260
f 2829/3773/3048 2834/3779/263 3714/5028/3912
f 2829/3773/3048 3714/5028/3912 3713/5027/262
f 1153/1521/1265 3715/5029/3913 2959/3959/3181
f 1153/1524/1265 1155/1523/1266 3715/5030/3913
f 481/5031/533 3718/5032/3914 482/5033/534
f 481/5034/533 3716/5035/1923 3717/5036/3915
f 481/5034/533 3380/5037/3599 3716/5035/1923
f 481/5034/533 3717/5036/3915 3718/5038/3914
f 487/2928/540 1593/2117/1741 3725/5039/3916
f 487/652/540 3719/5040/3917 3720/5041/3918
f 487/652/540 489/654/542 3721/5042/3919
f 487/652/540 3722/5043/3920 3723/5044/3921
f 487/652/540 4070/5045/3922 3719/5040/3917
f 487/652/540 3724/5046/3923 2962/3963/3184
f 487/652/540 3725/5047/3916 4070/5045/3922
f 487/652/540 2965/3966/3187 3722/5043/3920
f 487/652/540 3723/5044/3921 3726/5048/3924
f 487/2928/540 2147/2849/2337 3024/4056/3243
f 487/652/540 2580/3435/2790 488/653/541
f 487/2928/540 1594/2118/1742 1593/2117/1741
f 487/652/540 1759/2334/1919 2580/3435/2790
f 487/652/540 3720/5041/3918 1160/1529/1271
f 487/652/540 3726/5048/3924 1091/1439/1200
f 487/652/540 3721/5042/3919 3724/5046/3923
f 129/176/150 3727/5049/3797 3728/5050/3925
f 129/176/150 3729/5051/3926 130/177/151
f 129/176/150 3728/5050/3925 3729/5051/3926
f 129/174/150 3364/4519/3584 3727/4848/3797
f 1766/2344/1929 2355/3134/2554 1770/2345/1930
f 1766/5052/1929 3730/5053/3927 3731/5054/3928
f 1766/5052/1929 3732/5055/1933 3730/5053/3927
f 1766/5052/1929 3731/5054/3928 2355/3128/2554
f 1174/1548/1287 2410/3208/2616 1279/244/205
f 1174/1548/1287 1176/1551/1290 2410/3208/2616
f 1626/2153/1775 1260/1658/1382 1257/1655/1379
f 1626/2153/1775 897/1188/989 1260/1658/1382
f 2064/2739/2243 2066/2741/2245 3238/4340/3457
f 2064/2739/2243 3733/5056/3929 613/811/682
f 2064/2739/2243 3240/4343/3460 3733/5056/3929
f 3734/5057/3930 2584/3439/2794 2585/3440/2795
f 3734/5057/3930 665/877/737 2584/3439/2794
f 3734/5057/3930 3601/4864/3812 665/877/737
f 3734/5057/3930 2585/3440/2795 3735/5058/3931
f 3734/5057/3930 3735/5058/3931 3601/4864/3812
f 1746/2318/1908 1747/2319/1909 2251/2999/2447
f 1746/2318/1908 2251/2999/2447 2250/2998/2446
f 3736/5059/3932 3496/4709/3708 1846/3997/2016
f 3736/5059/3932 1714/2270/1871 1712/2266/1868
f 3736/5059/3932 2989/3996/3211 1714/2270/1871
f 3736/5059/3932 1846/3997/2016 2989/3996/3211
f 3736/5059/3932 1712/2266/1868 3496/4709/3708
f 2071/2749/2249 2072/2751/2250 2501/3317/2709
f 2071/2749/2249 2504/3321/2710 1325/2750/1451
f 111/148/129 1533/2025/1672 112/149/130
f 111/148/129 2236/2984/2432 2088/2769/2268
f 111/148/129 2088/2769/2268 1533/2025/1672
f 111/148/129 114/153/131 2236/2984/2432
f 3165/4248/3383 901/5060/994 3462/4661/993
f 3165/4248/3383 3003/4247/3226 901/5060/994
f 2781/3706/2999 3737/5061/3933 2782/3707/3000
f 2781/3706/2999 3223/4320/3443 3737/5061/3933
f 3614/4881/3826 3171/4254/3390 3173/4256/3392
f 3614/4881/3826 58/80/68 57/79/67
f 3614/4881/3826 3173/4256/3392 58/80/68
f 1551/2049/1693 1432/1892/1562 3174/4257/3393
f 1551/2049/1693 1552/2050/1694 1432/1892/1562
f 2299/3060/2497 2301/3062/2499 2706/3613/2921
f 2299/3060/2497 2705/3612/2920 2911/3885/3132
f 2299/3060/2497 2911/3885/3132 2300/3061/2498
f 2299/3060/2497 2706/3613/2921 2705/3612/2920
f 3738/5062/3934 1560/2061/1705 3739/5063/3935
f 3738/5062/3934 1490/1964/1624 3740/5064/3936
f 3738/5062/3934 3740/5064/3936 1560/2061/1705
f 3738/5062/3934 3739/5063/3935 2984/3990/3205
f 3738/5062/3934 2984/3990/3205 1490/1964/1624
f 2798/3731/3016 1689/2234/1840 499/664/552
f 2798/3731/3016 1691/2236/1842 1689/2234/1840
f 979/1288/1076 1265/1663/1387 980/1289/1077
f 600/797/668 3591/4852/3801 601/798/669
f 600/797/668 599/796/667 1701/2248/1853
f 3741/5065/3937 2224/2967/2420 3742/5066/3938
f 3741/5065/3937 1264/1662/1386 1266/1664/1388
f 3741/5065/3937 2225/2968/2421 2224/2967/2420
f 3741/5065/3937 1266/1664/1388 1263/1661/1385
f 3741/5065/3937 3742/5066/3938 3308/4433/3525
f 3741/5065/3937 1263/1661/1385 2225/2968/2421
f 3741/5065/3937 3308/4433/3525 1264/1662/1386
f 3430/4615/1106 1891/2503/2062 3743/5067/3939
f 3430/1319/1106 3743/5068/3939 1010/1320/1107
f 1002/1311/1099 1003/1312/1100 3196/4292/3416
f 1897/2511/2070 3371/4533/3591 4419/4532/3590
f 1897/2511/2070 1900/2514/2073 3371/4533/3591
f 1897/2511/2070 4419/4532/3590 1898/2512/2071
f 2082/5069/2261 3656/4945/3859 3655/4943/2262
f 2082/2762/2261 196/265/222 199/268/221
f 2082/5069/2261 1530/5070/1669 3656/4945/3859
f 2082/5069/2261 199/263/221 1530/5070/1669
f 2187/2906/2376 634/833/704 3442/4625/3655
f 2187/2906/2376 635/834/705 634/833/704
f 2187/2906/2376 3442/4625/3655 4088/2907/2377
f 3745/5071/707 289/5072/325 3744/5073/324
f 3745/5074/707 1735/2301/1896 289/378/325
f 3745/5074/707 3746/5075/3940 3747/5076/3805
f 3745/5074/707 4268/5077/712 3746/5075/3940
f 3745/836/707 3744/376/324 636/837/708
f 3745/5074/707 3747/5076/3805 1735/2301/1896
f 3207/4303/3427 3748/5078/3941 3143/4209/3363
f 3207/4303/3427 3142/4208/3362 3421/4597/3635
f 3207/4303/3427 3421/4597/3635 3018/4045/3239
f 3207/4303/3427 3143/4209/3363 3142/4208/3362
f 3207/4303/3427 1029/1345/1127 3748/5078/3941
f 1853/2454/2023 2256/3006/2453 1854/2455/2024
f 2720/5079/2935 3749/5080/3942 3750/5081/2936
f 2720/3628/2935 2721/3630/2937 3751/5082/3943
f 2720/5079/2935 3752/5083/3944 3749/5080/3942
f 2720/3628/2935 3751/5082/3943 3752/5084/3944
f 3753/5085/3945 2831/3775/3050 2830/3774/3049
f 3753/5085/3945 4164/5086/3946 3754/5087/3947
f 3753/5085/3945 3754/5087/3947 2831/3775/3050
f 3753/5085/3945 4282/5088/3948 4164/5086/3946
f 3753/5085/3945 2830/3774/3049 1149/1515/1257
f 3753/5085/3945 1149/1515/1257 4282/5088/3948
f 3402/4574/3618 2215/2958/2411 3218/4314/3438
f 3402/4574/3618 3218/4314/3438 3216/4312/3436
f 3402/4574/3618 3404/4576/3620 2215/2958/2411
f 3402/4574/3618 3216/4312/3436 3403/4575/3619
f 3756/5089/3949 3755/5090/3950 3408/4580/3624
f 3756/5091/3949 1597/2121/1745 2642/3516/2850
f 3756/5091/3949 3407/5092/3623 1597/2121/1745
f 3756/5089/3949 2642/3518/2850 2638/3512/2847
f 3756/5089/3949 2638/3512/2847 3755/5090/3950
f 3756/5089/3949 3408/4580/3624 3407/4579/3623
f 3757/5093/3951 2739/3656/2956 3575/4829/3785
f 3757/5093/3951 3575/4829/3785 3222/4319/3442
f 3757/5093/3951 3222/4319/3442 3224/4321/3444
f 3757/5093/3951 3224/4321/3444 3758/5094/3952
f 3757/5095/3951 3758/5096/3952 2920/3898/3142
f 3757/5095/3951 2920/3898/3142 2739/3658/2956
f 3759/5097/3953 443/595/491 3760/5098/3954
f 3759/5097/3953 3760/5098/3954 3761/5099/3955
f 3759/5097/3953 3761/5099/3955 828/1095/909
f 3759/5097/3953 444/598/494 443/595/491
f 3759/5097/3953 828/1095/909 444/598/494
f 1074/1410/1179 1073/1409/1178 4156/5100/3956
f 1074/1410/1179 3762/5101/3957 2127/2817/2315
f 1074/1410/1179 4156/5100/3956 3762/5101/3957
f 1074/1410/1179 2127/2817/2315 1075/1411/1180
f 1081/1417/1186 1647/2177/1797 1082/1418/1187
f 1081/1417/1186 4359/1419/1188 2792/4831/3012
f 3455/4646/3670 1652/2182/1802 372/489/413
f 3455/4646/3670 371/488/412 19/26/20
f 3455/4646/3670 2888/3850/3107 1652/2182/1802
f 3455/4646/3670 3456/4647/3671 2888/3850/3107
f 3455/4646/3670 372/489/413 371/488/412
f 3763/5102/3958 3764/5103/3959 3349/4497/3565
f 3763/5102/3958 3349/4497/3565 3351/4499/3567
f 3763/5102/3958 3351/4499/3567 4429/5104/3960
f 3763/5102/3958 1186/1562/1301 3764/5103/3959
f 3763/5102/3958 4429/5104/3960 3690/4997/3889
f 3763/5102/3958 3690/4997/3889 1186/1562/1301
f 3765/5105/3961 2751/3676/2967 621/3616/690
f 3765/5105/3961 2619/3482/2829 3766/5106/3962
f 3765/5105/3961 3767/5107/3963 2619/3482/2829
f 3765/5105/3961 621/3616/690 3767/5107/3963
f 3765/5105/3961 3766/5106/3962 2751/3676/2967
f 2993/4007/3214 1164/1534/1276 2967/1533/1275
f 2993/4004/3214 2967/3969/1275 1292/1705/1413
f 783/1039/862 782/1038/861 2760/3683/2976
f 783/1039/862 3243/4346/3462 784/1040/863
f 3244/4347/3463 3246/4349/3465 1276/1680/1399
f 3244/4347/3463 1276/1680/1399 3768/5108/3964
f 3244/4347/3463 3768/5108/3964 3245/4348/3464
f 3769/5109/3965 2900/3867/3118 2383/3169/2586
f 3769/5109/3965 3770/5110/3966 3771/5111/3967
f 3769/5109/3965 3771/5111/3967 2902/3868/3119
f 3769/5109/3965 2902/3868/3119 2900/3867/3118
f 3769/5109/3965 2383/3169/2586 3770/5110/3966
f 321/425/357 800/1064/881 28/40/31
f 321/425/357 3772/5112/3729 800/1064/881
f 324/428/360 3773/5113/3968 325/429/361
f 324/428/360 3248/4353/3467 3774/5114/3969
f 324/428/360 3774/5114/3969 3773/5113/3968
f 3775/5115/1148 973/1282/1070 3776/5116/3970
f 3775/5115/1148 3777/5117/1147 2883/3845/3102
f 3775/5115/1148 974/1283/1071 973/1282/1070
f 3775/5115/1148 2883/3845/3102 974/1283/1071
f 3775/1375/1148 3776/5118/3970 4255/1376/1149
f 2936/3921/3157 3778/5119/3971 2392/3185/2596
f 2936/3921/3157 2351/3124/2550 3779/5120/3972
f 2936/3918/3157 2392/3188/2596 2394/3187/2598
f 2936/3921/3157 3779/5120/3972 3778/5119/3971
f 3696/5005/3895 1851/2452/2022 2185/2904/2374
f 3696/5005/3895 2184/2903/2373 3167/4250/3386
f 3696/5005/3895 3167/4250/3386 3780/5121/3973
f 3696/5005/3895 3780/5121/3973 3697/5006/3896
f 3696/5005/3895 2185/2904/2374 2184/2903/2373
f 804/1068/885 808/1072/889 3781/5122/3974
f 804/1068/885 3781/5122/3974 3204/4300/3424
f 189/256/214 3782/5123/3975 190/257/215
f 189/256/214 191/258/216 3783/5124/3976
f 189/256/214 3783/5124/3976 3782/5123/3975
f 1558/2059/1703 3097/4150/3317 1559/2060/1704
f 1558/2059/1703 3012/4036/3234 3097/4150/3317
f 2856/3809/3074 1286/5125/1407 206/276/231
f 2856/3809/3074 206/276/231 205/275/230
f 3017/4044/3238 3018/4045/3239 3421/4597/3635
f 215/286/241 3115/289/244 3545/4788/3337
f 215/286/241 3545/4788/3337 1961/2601/2135
f 219/292/247 952/1258/1046 220/293/248
f 219/292/247 222/295/250 3784/5126/3977
f 219/292/247 953/1259/1047 952/1258/1046
f 219/292/247 3784/5126/3977 953/1259/1047
f 3382/5127/3598 3785/5128/3978 3380/5037/3599
f 3382/5129/3598 3663/5130/2109 3785/5131/3978
f 3382/4552/3598 3664/4551/2623 3663/5132/2109
f 2511/3335/2717 169/227/192 618/816/687
f 2511/3335/2717 170/228/193 169/227/192
f 2511/3335/2717 2512/3336/2718 170/228/193
f 627/825/696 3786/5133/3979 3787/5134/3980
f 627/825/696 3787/5134/3980 2352/5135/2551
f 627/825/696 630/828/699 3786/5133/3979
f 627/825/696 2352/5135/2551 628/826/697
f 1809/2398/1975 3788/5136/3981 1061/1397/1166
f 1809/2398/1975 1069/1405/1174 3230/4327/3449
f 1809/2398/1975 3230/4327/3449 3788/5136/3981
f 1809/2398/1975 1061/1397/1166 1058/1394/1163
f 3592/4853/3802 3389/5137/3606 3593/4854/2500
f 3592/4853/3802 270/351/303 3389/5137/3606
f 3592/4853/3802 2231/2976/2427 271/352/304
f 3592/4853/3802 271/352/304 270/351/303
f 646/856/719 3192/4286/3412 3142/4208/3362
f 646/856/719 3193/4287/3413 3192/4286/3412
f 646/856/719 647/858/720 3193/4287/3413
f 3789/5138/3982 3040/4075/3257 3039/4074/3256
f 3789/5138/3982 276/357/309 3040/4075/3257
f 3789/5138/3982 3357/4512/3577 276/357/309
f 3789/5138/3982 1276/1682/1399 3357/4512/3577
f 3789/5138/3982 3039/4074/3256 1276/1682/1399
f 3791/713/593 3790/5139/1371 1346/1774/1474
f 3791/5140/593 539/1647/598 3790/1646/1371
f 2813/3753/3032 2815/3754/3033 3343/4488/3559
f 2818/3760/3035 2820/3763/3038 2244/2992/2440
f 2818/3760/3035 2647/3523/2855 3792/5141/3983
f 2818/3760/3035 2244/2992/2440 2647/3523/2855
f 2818/3760/3035 3792/5141/3983 4377/5142/3984
f 2818/3760/3035 4377/5142/3984 3510/3761/3036
f 3793/5143/3985 1918/2536/2092 3568/4818/3778
f 3793/5143/3985 3794/5144/3986 3271/4384/3488
f 3793/5143/3985 3567/4817/3777 3794/5144/3986
f 3793/5143/3985 3271/4384/3488 1675/2211/1827
f 3793/5143/3985 3568/4818/3778 3567/4817/3777
f 3793/5143/3985 1675/2211/1827 1918/2536/2092
f 3358/4513/3578 3847/3004/2451 3795/5145/1620
f 3358/4513/3578 1818/5146/1986 3359/4514/3579
f 3358/4513/3578 3795/5145/1620 1818/5146/1986
f 3358/4513/3578 2255/3005/2452 3847/3004/2451
f 3796/5147/3987 1037/1357/1139 1036/1356/1138
f 3796/5147/3987 733/958/806 735/960/808
f 3796/5147/3987 3797/5148/3988 733/958/806
f 3796/5147/3987 3798/5149/3989 1037/1357/1139
f 3796/5147/3987 1036/1356/1138 3797/5148/3988
f 3796/5147/3987 735/960/808 3798/5149/3989
f 3075/4119/3293 2323/3089/2520 2325/3091/2522
f 3075/4119/3293 2325/3091/2522 3076/4120/3294
f 3075/4119/3293 3157/4231/3376 2323/3089/2520
f 1119/1475/1228 3799/5150/3990 3800/5151/3991
f 1119/1475/1228 3800/5151/3991 2015/2683/2195
f 1119/1475/1228 2015/2683/2195 1120/1476/1229
f 1119/1475/1228 1117/1473/1226 3799/5150/3990
f 2747/3666/2962 2750/3669/2965 3238/4340/3457
f 2747/3666/2962 3801/5152/3992 3373/4535/3592
f 2747/3666/2962 2066/2741/2245 3801/5152/3992
f 2747/3666/2962 3238/4340/3457 2066/2741/2245
f 3543/3016/2462 3802/5153/3755 2265/3017/2463
f 3543/3016/2462 2266/3018/2137 3803/5154/2136
f 2411/3209/2617 3804/5155/3993 1242/1637/1363
f 2411/3209/2617 2412/3210/2618 3626/4897/3835
f 2411/3209/2617 3626/4897/3835 3804/5155/3993
f 400/537/445 1414/1866/1543 401/538/446
f 2035/2708/2216 1698/2245/1851 1930/2557/2102
f 1219/1612/1338 1224/1617/1343 3609/4874/3821
f 1219/1612/1338 3610/4877/3822 1220/1613/1339
f 1838/5156/2007 3507/4731/3719 2903/5157/3122
f 1838/2437/2007 962/1269/1057 2500/3315/2707
f 1838/5156/2007 2903/5157/3122 2202/5158/2394
f 1838/2437/2007 2500/3315/2707 3805/5159/3994
f 1838/5156/2007 3509/4733/3721 3507/4731/3719
f 1838/5156/2007 3805/5160/3994 3509/4733/3721
f 1422/1878/1551 52/73/61 50/71/59
f 1422/1878/1551 3084/4130/3301 1424/1881/1554
f 1422/1878/1551 50/71/59 3084/4130/3301
f 765/1010/837 764/1009/841 2389/3181/2594
f 3086/4135/3306 2488/3301/2696 1951/2584/2122
f 3086/4135/3306 2192/4136/2383 3806/5161/3995
f 3086/4135/3306 3806/5161/3995 2489/3302/2697
f 3086/4135/3306 2489/3302/2697 2488/3301/2696
f 1648/2178/1798 1647/2177/1797 2795/3727/3014
f 1648/2178/1798 2795/3727/3014 2069/2745/2248
f 3807/5162/91 416/555/92 3808/5163/3996
f 3807/5162/91 3808/5163/3996 2311/3074/2011
f 1733/2299/1894 1780/2367/1946 1734/2300/1895
f 85/117/102 3809/5164/3997 86/118/103
f 85/117/102 1289/1702/1410 3809/5164/3997
f 3810/5165/3998 3811/5166/3999 2980/3986/3201
f 3810/5167/3998 3812/5168/4000 3813/5169/4001
f 3810/5165/3998 2980/3986/3201 2979/3985/3200
f 3810/5165/3998 3813/5170/4001 3811/5166/3999
f 3810/5167/3998 2979/5171/3200 3814/5172/4002
f 3810/5167/3998 3814/5172/4002 3812/5168/4000
f 3520/4751/3731 3519/4750/3734 3815/5173/4003
f 3520/4746/3731 1861/2465/2032 3517/4747/3732
f 3520/4751/3731 922/1223/1017 1864/1222/1016
f 3520/4751/3731 3815/5173/4003 922/1223/1017
f 925/1228/1020 3161/4239/3380 926/1229/1021
f 422/566/469 2726/3637/2944 1697/2242/1848
f 422/566/469 1697/2242/1848 423/567/470
f 2931/3911/3154 3158/4232/3377 3103/4156/3323
f 132/178/152 1295/1708/1416 3361/4516/3581
f 1247/1643/1368 3174/4257/3393 1248/1644/1369
f 3299/1148/51 860/1146/948 3566/4816/3776
f 3299/4422/51 3083/5174/3300 3816/5175/4004
f 3299/63/51 45/65/53 3817/5176/4005
f 3299/1148/51 3565/4815/3775 44/5177/52
f 3299/1722/51 3818/5178/4006 3109/4163/3330
f 3299/5179/51 3819/5180/4007 3821/5181/4008
f 3299/1148/51 3566/4816/3776 3565/4815/3775
f 3299/63/51 3817/5176/4005 3081/4127/3298
f 3299/1722/51 1302/1721/1426 3818/5178/4006
f 3299/5179/51 3820/5182/4009 3819/5180/4007
f 3299/4527/51 3141/4207/3361 3820/5183/4009
f 3299/4422/51 3816/5175/4004 2499/3314/2706
f 3299/1148/51 3821/5184/4008 3993/1149/950
f 3299/1722/51 3301/4426/3519 1303/1723/1427
f 3823/5185/4010 3822/5186/4011 445/599/495
f 3823/5185/4010 4210/5187/4012 3822/5186/4011
f 3823/5188/4010 586/780/653 4210/5189/4012
f 3823/5188/4010 587/781/654 586/780/653
f 3823/5185/4010 445/599/495 446/600/496
f 3823/5188/4010 446/2146/496 587/781/654
f 157/213/179 1261/1659/1383 158/214/180
f 157/213/179 155/211/177 1257/1655/1379
f 503/668/556 502/667/555 3824/5190/4013
f 503/668/556 3310/4435/3527 3494/4707/3706
f 503/668/556 3824/5190/4013 3310/4435/3527
f 503/668/556 3494/4707/3706 392/518/435
f 1196/1576/1312 3825/5191/4014 3288/4406/3505
f 1196/5192/1312 1195/5193/1311 2528/3358/2735
f 1196/5192/1312 2528/3358/2735 3825/5194/4014
f 1196/1576/1312 3288/4406/3505 1197/1577/1313
f 678/892/749 2889/3851/3108 684/899/756
f 678/892/749 609/806/677 2889/3851/3108
f 2277/3031/2475 3547/4790/3757 2280/3032/2476
f 2277/3031/2475 3826/5195/4015 3548/4791/3758
f 2277/3031/2475 2278/3034/2478 3826/5195/4015
f 2277/3031/2475 3548/4791/3758 3547/4790/3757
f 3827/5196/4016 3331/4465/3546 3333/4468/3548
f 3827/5196/4016 4192/5197/4017 4420/5198/4018
f 3827/5196/4016 555/744/617 3331/4465/3546
f 3827/5196/4016 4303/5199/4019 3828/5200/1876
f 3827/5196/4016 4420/5198/4018 4303/5199/4019
f 3827/5196/4016 3828/5200/1876 2388/3178/2592
f 3827/5196/4016 2388/3178/2592 555/744/617
f 3827/5196/4016 3333/4468/3548 4192/5197/4017
f 3609/4875/3821 3552/4797/3763 2894/3857/3113
f 3609/4875/3821 285/369/317 3829/5201/4020
f 3609/4874/3821 1224/1617/1343 285/367/317
f 3609/4875/3821 3829/5201/4020 3552/4797/3763
f 3036/4071/3253 3040/4075/3257 275/356/308
f 3036/4071/3253 2685/3582/2898 3037/4072/3254
f 2689/3590/2903 2692/3592/2905 818/1085/899
f 3830/5202/4021 3831/5203/4022 3278/4393/3495
f 3830/5202/4021 3832/5204/4023 3833/5205/4024
f 3830/5202/4021 3834/5206/4025 3831/5203/4022
f 3830/5202/4021 3835/5207/4026 3834/5206/4025
f 3830/5202/4021 3278/4393/3495 3832/5204/4023
f 3830/5202/4021 3833/5205/4024 3835/5207/4026
f 3837/5208/4027 2446/3254/2652 130/5209/151
f 3837/5208/4027 1562/5210/1707 2447/3255/2653
f 3837/5208/4027 130/5209/151 3836/5211/4028
f 3837/5208/4027 2447/3255/2653 2446/3254/2652
f 3837/5212/4027 3836/5213/4028 1562/2063/1707
f 2197/2924/2391 2198/2925/2390 645/855/718
f 2197/2924/2391 3615/4882/3827 2056/2730/2235
f 2197/2924/2391 2056/2730/2235 1910/2729/2083
f 1251/1649/1373 2963/3964/3185 2962/3963/3184
f 1251/1649/1373 3724/5046/3923 1252/1650/1374
f 1251/1649/1373 1255/1653/1377 2963/3964/3185
f 1251/1649/1373 2962/3963/3184 3724/5046/3923
f 2401/3196/2605 3618/4886/3831 3838/5214/1892
f 2401/3197/2605 1729/2290/1889 2402/3198/2606
f 2401/3196/2605 3513/4740/3725 3618/4886/3831
f 2401/3197/2605 3838/2294/1892 1729/2290/1889
f 3091/4141/3310 3839/5215/4029 3840/5216/4030
f 3091/4141/3310 3840/5216/4030 3092/4142/3311
f 3091/4141/3310 2541/3377/2749 2540/3376/2748
f 3091/4141/3310 2540/3376/2748 3839/5215/4029
f 2739/3658/2956 2918/3896/3140 2741/3659/2957
f 2739/3658/2956 2920/3898/3142 2918/3896/3140
f 300/395/336 303/398/339 1206/1586/1322
f 3841/1049/870 3842/5217/4031 1467/1935/1599
f 3841/5218/870 792/1051/872 3842/5219/4031
f 3843/5220/4032 2328/3094/2525 4327/3906/3150
f 3843/5220/4032 3844/5221/4033 2329/3095/2526
f 3843/5220/4032 3845/5222/2571 799/1062/880
f 3843/5220/4032 799/1062/880 797/1059/878
f 3843/5220/4032 2329/3095/2526 2328/3094/2525
f 3843/5220/4032 797/1059/878 3844/5221/4033
f 3843/5220/4032 4327/3906/3150 3845/5222/2571
f 2605/3468/2815 601/798/669 2606/3469/2816
f 2605/3468/2815 602/799/670 601/798/669
f 2605/3468/2815 2604/3467/2814 602/799/670
f 3846/5223/4034 606/803/674 607/804/675
f 3846/5223/4034 687/902/759 681/896/753
f 3846/5223/4034 607/804/675 687/902/759
f 3846/5223/4034 2337/3107/2535 606/803/674
f 3846/5223/4034 681/896/753 2338/3108/2536
f 3846/5223/4034 2338/3108/2536 2337/3107/2535
f 1314/1734/1438 1313/1733/1437 3847/5224/2451
f 1314/3003/1438 2256/3006/2453 1315/5225/1439
f 1320/1741/1445 3848/5226/4035 3849/5227/4036
f 1320/1741/1445 1322/1743/1447 3798/5149/3989
f 1320/1741/1445 3849/5227/4036 1321/1742/1446
f 1320/1741/1445 3850/5228/4037 3848/5226/4035
f 1320/1741/1445 3798/5149/3989 3850/5228/4037
f 3851/5229/4038 3346/4492/3562 3540/5230/3752
f 3851/5229/4038 1884/2495/2054 2697/3603/2911
f 3851/5229/4038 2697/3603/2911 2694/3600/2908
f 3851/5229/4038 2694/3600/2908 3346/4492/3562
f 3851/5229/4038 1885/2496/2055 1884/2495/2054
f 3706/5019/3905 3386/4557/3603 1998/2655/2176
f 3706/5019/3905 3387/4558/3604 3386/4557/3603
f 3706/5019/3905 1995/2653/2174 2786/3711/3004
f 3706/5019/3905 1998/2655/2176 1995/2653/2174
f 345/455/384 1496/1971/1629 3367/4524/3587
f 345/455/384 3852/5231/4039 346/456/385
f 345/455/384 3367/4524/3587 3852/5231/4039
f 1615/5232/1764 4411/5233/3161 1020/1336/1119
f 1615/2140/1764 1618/2143/1767 4411/5234/3161
f 1615/5232/1764 1020/1336/1119 1616/3416/1765
f 1898/2512/2071 3853/5235/3303 1899/2513/2072
f 1898/2512/2071 3085/5236/3304 3853/5235/3303
f 1898/2512/2071 4419/4532/3590 3085/5236/3304
f 3854/5237/4040 3855/5238/4041 3856/5239/4042
f 3854/5237/4040 3857/5240/4043 3855/5238/4041
f 3854/5237/4040 3856/5239/4042 2018/2686/2198
f 3854/5237/4040 3858/5241/4044 3857/5240/4043
f 3854/5237/4040 2018/2686/2198 2017/2685/2197
f 3854/5237/4040 2017/2685/2197 3858/5241/4044
f 3860/5242/3784 4273/5243/4045 3859/5244/3575
f 3860/5245/3784 4050/5246/3554 4273/5247/4045
f 3860/5248/3784 3339/5249/2367 4050/5250/3554
f 3860/4826/3784 3859/4509/3575 660/4508/732
f 337/442/374 1629/2157/1779 1404/1856/1533
f 1429/1889/1559 2120/2810/2308 349/461/390
f 1429/1889/1559 1431/1891/1561 2120/2810/2308
f 359/472/398 361/474/400 3318/4443/3533
f 359/472/398 2957/3957/3179 2193/2914/2384
f 359/472/398 2193/2914/2384 360/473/399
f 359/472/398 2481/3293/2688 2957/3957/3179
f 359/472/398 3318/4443/3533 2481/3293/2688
f 3640/4915/404 2013/2681/2193 3861/5251/405
f 2132/5252/2321 1773/2356/1938 2672/3561/2881
f 2132/5252/2321 2133/2357/1939 1773/2356/1938
f 2132/2823/2321 858/1143/945 857/1141/943
f 2132/5252/2321 2672/3561/2881 858/3560/945
f 1248/1644/1369 3500/4719/3714 1249/1645/1370
f 1248/1644/1369 3174/4257/3393 3500/4719/3714
f 1253/1651/1375 3446/4631/3660 3448/4633/1870
f 1253/1651/1375 1252/1650/1374 3862/5253/4046
f 1253/1651/1375 3862/5253/4046 3446/4631/3660
f 1253/1651/1375 3448/4633/1870 1254/1652/1376
f 3660/4951/3863 3863/5254/3155 3541/4781/2169
f 3660/4951/3863 3541/4781/2169 3542/4782/3753
f 3660/4951/3863 3542/4782/3753 3661/4952/3864
f 3660/4951/3863 3662/4955/3867 3863/5254/3155
f 3864/5255/4047 3657/4947/3860 3107/4160/3327
f 3864/5255/4047 949/1255/1043 3658/4948/3861
f 3864/5255/4047 950/1256/1044 949/1255/1043
f 3864/5255/4047 3658/4948/3861 3657/4947/3860
f 3864/5255/4047 3107/4160/3327 950/1256/1044
f 2624/3490/2836 3504/4728/3717 2159/2865/2349
f 2372/3152/2574 3865/5256/4048 3866/5257/4049
f 2372/3152/2574 3866/5257/4049 4349/3577/2895
f 2372/3152/2574 2375/3155/2577 3865/5256/4048
f 3148/4215/3368 3867/5258/4050 3868/5259/4051
f 3148/4215/3368 3150/4217/3370 3867/5258/4050
f 3148/4215/3368 3868/5259/4051 3149/4216/3369
f 3869/5260/4052 3616/4884/3829 3428/4607/3643
f 3869/5260/4052 3322/4449/137 3324/4451/3540
f 3869/5260/4052 3427/4606/3642 3870/5261/138
f 3869/5260/4052 3428/4607/3643 3427/4606/3642
f 3869/5260/4052 3870/5261/138 3322/4449/137
f 3869/5260/4052 3324/4451/3540 3616/4884/3829
f 2036/2709/146 126/2250/147 1702/2249/1854
f 3871/5262/4053 3279/4394/3496 3281/4396/3498
f 3871/5262/4053 3872/5263/4054 3873/5264/4055
f 3871/5262/4053 3874/5265/4056 3872/5263/4054
f 3871/5262/4053 3873/5264/4055 2517/3341/2723
f 3871/5262/4053 3281/4396/3498 3874/5265/4056
f 3871/5262/4053 2517/3341/2723 3279/4394/3496
f 3875/5266/4057 3760/5098/3954 3876/5267/4058
f 3875/5266/4057 3226/4323/3446 3761/5099/3955
f 3875/5266/4057 3876/5267/4058 3877/5268/4059
f 3875/5266/4057 3878/5269/4060 3227/4324/3447
f 3875/5266/4057 3227/4324/3447 3226/4323/3446
f 3875/5266/4057 3761/5099/3955 3760/5098/3954
f 3875/5266/4057 3877/5268/4059 3878/5269/4060
f 3879/5270/4061 3992/1591/1326 448/1596/498
f 3879/5271/4061 448/602/498 451/605/501
f 3879/5271/4061 3530/4763/3742 3990/5272/4062
f 3879/5271/4061 451/605/501 3530/4763/3742
f 3879/5270/4061 3990/5273/4062 3992/1591/1326
f 2232/2979/2429 2214/5274/2409 2024/2695/2204
f 2232/2979/2429 2235/2983/2431 2214/5274/2409
f 2232/2979/2429 2024/2695/2204 2022/2690/2202
f 2232/2979/2429 2022/2690/2202 2234/2980/2430
f 3880/1539/1280 934/5275/1030 937/1239/1029
f 3880/5276/1280 1167/1537/1279 934/1240/1030
f 3880/1539/1280 937/1239/1029 1168/1540/1281
f 3379/4543/3597 3881/5277/4063 2926/3904/3148
f 3379/4543/3597 1923/2545/2097 3882/5278/4064
f 3379/4543/3597 3882/5278/4064 3881/5277/4063
f 3379/4543/3597 2926/3904/3148 2925/3903/3147
f 1757/2332/1917 3883/5279/4065 1758/2333/1918
f 1757/2332/1917 1161/1530/1272 2158/2863/2348
f 1757/2332/1917 2158/2863/2348 3883/5279/4065
f 1757/2332/1917 1756/2331/1916 1161/1530/1272
f 3884/5280/4066 3637/4912/3843 3885/5281/4067
f 3884/5280/4066 3886/5282/4068 3887/5283/4069
f 3884/5280/4066 3887/5283/4069 3255/4360/3474
f 3884/5280/4066 3885/5281/4067 659/870/731
f 3884/5280/4066 3255/4360/3474 3637/4912/3843
f 3884/5280/4066 659/870/731 3886/5282/4068
f 826/5284/907 2529/3360/2736 2531/3363/2738
f 826/5284/907 3888/5285/4070 2529/3360/2736
f 826/1093/907 827/1094/908 3888/5286/4070
f 826/5284/907 2531/3363/2738 3889/5287/492
f 989/1298/1086 1981/2631/2156 3184/4274/3404
f 989/1298/1086 986/1295/1083 2426/3230/2632
f 989/1298/1086 2426/3230/2632 1982/2632/2157
f 989/1298/1086 1982/2632/2157 1981/2631/2156
f 994/1303/1091 3006/4028/3229 1552/2050/1694
f 1768/2347/1931 2963/3964/3185 1255/1653/1377
f 1768/2347/1931 1771/2351/1934 2964/3965/3186
f 1768/2347/1931 2964/3965/3186 2963/3964/3185
f 3311/4436/3528 3969/5288/3761 911/1215/1006
f 3311/4436/3528 1964/2608/2142 3969/5288/3761
f 3311/4436/3528 1965/2609/2143 1964/2608/2142
f 2807/3745/3027 3890/5289/4071 2811/3746/3028
f 2807/3745/3027 4435/4636/3661 3890/5289/4071
f 1012/1328/1111 2236/2984/2432 1013/1329/1112
f 1012/1328/1111 2088/2769/2268 2236/2984/2432
f 1405/1857/1534 1411/1863/1540 2091/2773/2272
f 2819/3762/3037 3596/4859/3807 2246/2994/2442
f 2819/3762/3037 2387/3177/2591 1720/2279/1878
f 2819/3762/3037 1720/2279/1878 3596/4859/3807
f 2819/3762/3037 2246/2994/2442 2820/3763/3038
f 2716/3624/2931 2577/3434/2712 2579/3433/2789
f 2716/3624/2931 3891/5290/4072 2507/5291/2713
f 2716/3624/2931 2718/3626/2933 3891/5290/4072
f 2716/3624/2931 2507/5291/2713 2577/3434/2712
f 874/1164/965 2723/3632/2939 876/1166/967
f 1039/1361/1142 2584/3439/2794 667/880/740
f 1039/1361/1142 667/880/740 666/879/739
f 3338/1710/1418 3892/5292/4073 1297/1711/1419
f 3338/4478/1418 2176/4477/2366 3892/5293/4073
f 1573/2081/1718 3383/4554/3600 3893/5294/4074
f 1573/2081/1718 3893/5294/4074 1574/2082/1719
f 3737/5061/3933 1240/1635/1361 1237/1632/1358
f 3737/5061/3933 1237/1632/1358 2782/3707/3000
f 3737/5061/3933 3223/4320/3443 1240/1635/1361
f 3894/5295/4075 909/1206/1004 3556/4805/3767
f 3894/5295/4075 3895/5296/4076 852/3953/934
f 3894/5295/4075 851/1120/930 909/1206/1004
f 3894/5295/4075 3896/5297/4077 3897/5298/4078
f 3894/5295/4075 3897/5298/4078 3895/5296/4076
f 3894/5295/4075 3556/4805/3767 3896/5297/4077
f 3894/5295/4075 852/3953/934 851/1120/930
f 2956/3956/3178 2955/3955/3177 3555/4804/3766
f 2956/3956/3178 263/344/296 2119/2809/2307
f 1073/1409/1178 3028/4061/3247 4156/5100/3956
f 1073/1409/1178 1811/2400/1977 3028/4061/3247
f 3453/4644/3668 3898/5299/4079 3899/5300/4080
f 3453/4644/3668 3652/4937/3857 3898/5299/4079
f 3453/4644/3668 3899/5300/4080 3454/4645/3669
f 1652/2182/1802 2888/3850/3107 1653/2183/1803
f 2748/3878/2963 2746/2840/2331 2907/3879/3126
f 2748/3878/2963 2908/3882/3129 2749/5301/2964
f 1092/1442/1201 1090/1437/1199 2144/2846/2334
f 3900/5302/4081 3901/5303/4082 3902/5304/612
f 3900/5302/4081 3903/5305/4083 3904/5306/2484
f 3900/5302/4081 3904/5306/2484 3901/5303/4082
f 3900/5307/4081 548/2220/609 3903/5308/4083
f 3900/5309/4081 3902/735/612 548/734/609
f 3125/4188/3346 4101/3395/2762 4102/5310/4084
f 3125/4188/3346 4102/5310/4084 3126/4189/3347
f 3125/4188/3346 2320/3086/2517 4101/3395/2762
f 3125/4188/3346 3076/4120/3294 2320/3086/2517
f 3585/4844/3794 3146/4213/3366 3710/5023/3909
f 3585/4844/3794 3710/5023/3909 3773/5113/3968
f 3585/4844/3794 3773/5113/3968 3774/5114/3969
f 3585/4844/3794 3774/5114/3969 3586/4845/3795
f 1842/2442/2012 1452/1915/1582 3089/4139/3308
f 1842/2442/2012 3513/4740/3725 1452/1915/1582
f 580/772/645 1846/2446/2016 3905/5311/4085
f 580/772/645 582/774/647 1846/2446/2016
f 580/772/645 3905/5311/4085 581/773/646
f 3906/5312/651 3907/4493/3563 905/1197/652
f 3906/778/651 3054/4094/3271 3907/5313/3563
f 221/294/249 3908/5314/4086 222/295/250
f 221/294/249 223/296/251 2276/3029/2473
f 221/294/249 2276/3029/2473 3470/4675/3684
f 221/294/249 3471/4676/3685 3908/5314/4086
f 3118/4180/3340 3909/5315/4087 3910/5316/4088
f 3118/4180/3340 3910/5316/4088 3119/4181/3341
f 3118/4180/3340 355/4185/394 3909/5315/4087
f 2828/3771/3046 3360/4515/3580 3012/4036/3234
f 2828/3771/3046 3397/4569/3614 3360/4515/3580
f 3713/307/262 232/306/261 3474/4898/3688
f 3713/5027/262 3714/5028/3912 2834/3779/263
f 3077/4122/3295 3079/4124/3296 1589/2101/1733
f 3077/4122/3295 1935/2563/2106 1937/2565/2108
f 3077/4122/3295 1937/2565/2108 2379/3157/2579
f 3077/4122/3295 1589/2101/1733 1935/2563/2106
f 3911/5317/4089 1987/2639/2163 1990/2642/2165
f 3911/5317/4089 1990/2642/2165 3164/4243/3384
f 3911/5317/4089 3000/4016/3223 3912/5318/4090
f 3911/5317/4089 3164/4243/3384 3000/4016/3223
f 3911/5317/4089 3912/5318/4090 1987/2639/2163
f 379/501/424 3913/5319/4091 386/502/425
f 379/501/424 1603/2127/1751 3913/5319/4091
f 3633/4906/3840 2794/3728/3013 1996/2654/2175
f 3633/4906/3840 1996/2654/2175 255/332/287
f 3633/4906/3840 2069/4907/2248 2794/3728/3013
f 2355/3128/2554 3731/5054/3928 2356/3129/2555
f 3855/5238/4041 416/555/92 1180/1555/1294
f 3855/5238/4041 1180/1555/1294 3856/5239/4042
f 3855/5238/4041 3857/5240/4043 416/555/92
f 495/660/548 494/659/547 1183/1559/1298
f 495/660/548 1184/1560/1299 496/661/549
f 2858/3811/3075 3914/5320/4092 2027/2698/2207
f 2858/3811/3075 2265/5321/2463 3914/5320/4092
f 2858/3813/3075 2268/3021/2465 2265/3017/2463
f 2858/3813/3075 205/275/230 2268/3021/2465
f 3915/5322/2893 3787/5134/3980 3916/5323/4093
f 3915/5322/2893 3916/5323/4093 2683/5324/2894
f 3915/3574/2893 1096/1445/1204 3001/4020/3224
f 3915/5322/2893 3001/4019/3224 3787/5134/3980
f 228/301/256 4336/4872/3820 4335/2012/1659
f 2038/2711/2218 3917/5325/4094 2039/2712/2219
f 2038/2711/2218 2340/4238/2538 3917/5325/4094
f 2775/3699/2992 3508/4732/3720 3082/4128/3299
f 2775/3699/2992 3081/4127/3298 2776/3700/2993
f 2775/3699/2992 2779/3704/2997 3508/4732/3720
f 1921/1204/1002 3918/5326/1462 910/1205/1003
f 3920/5327/4095 2655/3539/2865 3919/5328/4096
f 3920/5327/4095 3922/3540/2866 2655/3539/2865
f 3920/5329/4095 3924/5330/4097 3921/5331/4098
f 3920/5329/4095 3921/5331/4098 3922/5332/2866
f 3920/5327/4095 3923/5333/4099 3924/5334/4097
f 3920/5327/4095 3919/5328/4096 3923/5333/4099
f 1957/2597/2132 1958/2598/849 499/664/552
f 1957/2597/2132 499/664/552 498/663/551
f 1169/1541/1282 1264/1662/1386 3308/4433/3525
f 3038/4073/3255 1276/1682/1399 3039/4074/3256
f 3038/4079/3255 3768/5108/3964 1276/1680/1399
f 3038/4079/3255 3041/4078/3258 3768/5108/3964
f 3698/5007/3897 3699/5008/3898 3925/5335/535
f 3698/5336/3897 1855/2457/2026 1856/2458/2025
f 3698/5336/3897 3925/645/535 485/649/538
f 3698/5336/3897 485/649/538 1855/2457/2026
f 3210/4306/3430 2103/2789/2288 712/930/783
f 3210/4306/3430 2104/2790/2289 2103/2789/2288
f 3210/4306/3430 3212/4308/3432 2104/2790/2289
f 3210/4306/3430 712/930/783 711/929/782
f 424/563/467 732/957/805 3926/5337/4100
f 424/563/467 3926/5337/4100 3527/4759/2943
f 2442/3250/2648 3927/5338/4101 2414/3213/2621
f 2442/3250/2648 3683/4987/3883 3927/5338/4101
f 131/4761/153 130/5209/151 2446/3254/2652
f 2076/2755/2254 2078/2757/2256 3928/5339/4102
f 2076/2755/2254 2451/3260/2658 2077/2756/2255
f 2076/2755/2254 3928/5339/4102 2453/3262/2660
f 2563/3409/2776 1778/302/257 2564/3410/2777
f 2563/3409/2776 229/303/258 1778/302/257
f 1440/1900/1570 3929/5340/4103 836/1103/916
f 1440/1900/1570 835/1102/915 1441/1901/1571
f 1440/1900/1570 836/1103/916 835/1102/915
f 1440/1900/1570 1443/1903/1573 3929/5340/4103
f 767/1013/844 769/1015/846 3930/5341/4104
f 767/1013/844 3930/5341/4104 3931/5342/3846
f 767/1013/844 3931/5342/3846 3932/5343/3574
f 767/1013/844 2948/3940/3170 768/1014/845
f 767/1013/844 3932/5343/3574 2948/3940/3170
f 3935/5344/4105 3933/5345/4106 3934/5346/4107
f 3935/5347/4105 284/368/318 279/362/314
f 3935/5348/4105 3934/5349/4107 3936/5350/4108
f 3935/5344/4105 279/5351/314 3933/5345/4106
f 3935/5347/4105 4136/5352/4109 284/368/318
f 3935/5348/4105 3936/5350/4108 4136/5353/4109
f 1456/5354/1587 1458/5355/1589 2752/3673/2969
f 1456/5354/1587 2752/3673/2969 3937/3672/2968
f 1456/1920/1587 3937/5356/2968 1457/1921/1588
f 248/5357/279 3938/5358/281 2345/4658/2543
f 248/5357/279 2345/4658/2543 944/1250/1038
f 248/5357/279 944/1250/1038 249/5359/280
f 2367/3145/2567 1514/1994/1649 1377/1822/1505
f 2367/3145/2567 1920/2538/2094 2622/3486/2832
f 3229/4326/2979 2765/5360/2982 3230/4327/3449
f 3939/5361/4110 3940/5362/4111 3941/5363/3892
f 3939/5361/4110 1410/1862/1539 3940/5362/4111
f 3939/5361/4110 3941/5363/3892 4437/5364/4112
f 3939/5361/4110 1414/1866/1543 1410/1862/1539
f 3939/5361/4110 401/538/446 1414/1866/1543
f 3939/5361/4110 4437/5364/4112 401/538/446
f 3942/5365/4113 1394/1844/1523 1934/2562/2105
f 3942/5365/4113 3943/5366/4114 808/1072/889
f 3942/5365/4113 1934/2562/2105 3944/5367/4115
f 3942/5365/4113 807/1071/888 1394/1844/1523
f 3942/5365/4113 808/1072/889 807/1071/888
f 3942/5365/4113 3944/5367/4115 3943/5366/4114
f 3945/5368/4116 2083/2764/2263 3523/4754/3736
f 3945/5368/4116 3523/4754/3736 3946/5369/4117
f 3945/5368/4116 2485/3297/2692 2084/2765/2264
f 3945/5368/4116 3947/5370/4118 2485/3297/2692
f 3945/5368/4116 2084/2765/2264 2083/2764/2263
f 3945/5368/4116 3946/5369/4117 3947/5370/4118
f 3703/5018/3902 4332/3872/3121 3948/5371/3561
f 3703/5018/3902 3948/5371/3561 3949/5372/3557
f 3703/5014/3902 3949/5373/3557 3704/5015/3903
f 3703/5018/3902 3277/4392/3494 4332/3872/3121
f 3346/4492/3562 3907/4493/3563 3054/5374/3271
f 3346/5375/3562 3054/4094/3271 3540/4780/3752
f 3950/5376/4119 2934/3919/3158 2390/3182/2595
f 3950/5376/4119 2389/3181/2594 3951/5377/4120
f 3950/5376/4119 3952/5378/4121 2934/3919/3158
f 3950/5376/4119 3951/5377/4120 3953/5379/4122
f 3950/5376/4119 3953/5379/4122 3952/5378/4121
f 3950/5376/4119 2390/3182/2595 2389/3181/2594
f 3015/4042/3236 4232/5380/4123 2650/3527/2858
f 3015/4042/3236 2650/3527/2858 2604/3467/2814
f 3015/4042/3236 1511/1995/1645 4232/5380/4123
f 3252/4357/3471 611/809/680 3638/4913/3844
f 3252/4357/3471 3254/4359/3473 615/813/684
f 3252/4357/3471 3638/4913/3844 3253/4358/3472
f 3252/4357/3471 615/813/684 611/809/680
f 2180/1740/1444 216/287/242 1963/2606/2140
f 2180/1740/1444 1963/2606/2140 1666/4833/1818
f 2180/1740/1444 1666/4833/1818 1322/1743/1447
f 1638/2168/1788 3895/5296/4076 3897/5298/4078
f 1638/2168/1788 3897/5298/4078 1639/2169/1789
f 1638/2168/1788 852/3953/934 3895/5296/4076
f 993/1302/1090 1640/2170/1790 3007/4029/3230
f 2987/3993/3208 3954/5381/4124 2988/3994/3209
f 2987/3993/3208 1846/3997/2016 3955/5382/4125
f 2987/3993/3208 3955/5382/4125 3954/5381/4124
f 2848/3796/3065 208/278/233 2849/3797/3066
f 2848/3796/3065 3433/4614/3646 208/278/233
f 2379/3157/2579 1937/2565/2108 2378/3158/2580
f 3956/5383/4126 1494/1968/1627 753/984/825
f 3956/5383/4126 753/984/825 752/983/824
f 3956/5383/4126 1495/1969/1628 1494/1968/1627
f 3956/5383/4126 752/983/824 1496/1970/1629
f 3956/5383/4126 1496/1970/1629 1495/1969/1628
f 860/1146/948 1348/1776/1475 3566/4816/3776
f 2094/2777/2276 2097/2780/2279 3268/4382/3486
f 2094/2777/2276 868/1156/957 867/1155/956
f 2094/2777/2276 3268/4382/3486 868/1156/957
f 3957/5384/4127 3570/4821/3780 878/5385/969
f 3957/5386/4127 878/1168/969 877/1167/968
f 3957/5384/4127 3958/5387/4128 4398/3384/2756
f 3957/5384/4127 4398/3384/2756 3570/4821/3780
f 3957/5386/4127 877/1167/968 3958/5388/4128
f 1788/2376/1954 883/1173/974 882/1172/973
f 1788/2376/1954 882/1172/973 3644/4924/3849
f 1258/1656/1380 332/436/368 1259/1657/1381
f 1258/1656/1380 1260/1658/1382 897/1188/989
f 819/1086/900 2692/3592/2905 3959/5389/3711
f 819/1086/900 3959/5389/3711 820/1087/901
f 819/1086/900 818/1085/899 2692/3592/2905
f 921/1221/1015 922/1223/1017 3815/5173/4003
f 921/1221/1015 3960/5390/4129 2190/2910/2380
f 921/1221/1015 3815/5173/4003 3960/5390/4129
f 3961/2402/1978 3536/4773/3748 1584/2095/1729
f 3961/5391/1978 1479/1948/1611 2725/3634/2941
f 3961/2402/1978 1584/2095/1729 1582/2093/1727
f 1972/2405/1980 1813/2407/1982 1970/2616/2146
f 1972/2405/1980 1134/5392/1245 3503/2406/1981
f 926/1229/1021 3161/4239/3380 3962/5393/2885
f 926/1229/1021 3962/5393/2885 927/1230/1022
f 2487/3307/2695 3487/4700/3699 3963/5394/2120
f 2487/3307/2695 3963/5394/2120 3964/5395/2123
f 2151/2855/2342 3965/5396/4130 384/507/428
f 2151/2855/2342 3966/5397/4131 3965/5396/4130
f 2151/2855/2342 2154/2859/2341 3966/5397/4131
f 2151/2855/2342 384/507/428 2152/2856/2343
f 3968/5398/4132 3967/5399/4133 1294/1707/1415
f 3968/5398/4132 1294/1707/1415 3291/4412/3508
f 3968/5400/4132 3291/4413/3508 4416/5401/4134
f 3968/5400/4132 4416/5401/4134 4385/5402/4135
f 3968/5400/4132 4385/5402/4135 3967/5403/4133
f 3083/4129/3300 3082/4128/3299 3805/5160/3994
f 3083/5174/3300 3805/5159/3994 3816/5175/4004
f 3969/5404/3761 1818/2416/1986 912/1210/1007
f 3969/5404/3761 912/1210/1007 911/1209/1006
f 3969/5405/3761 3359/4514/3579 1818/5146/1986
f 3214/4310/3434 3217/4313/3437 3970/5406/4136
f 3214/4310/3434 3970/5406/4136 3275/4388/3492
f 3214/4310/3434 3275/4388/3492 3215/4311/3435
f 3971/5407/4137 3182/4272/3402 1695/2240/1846
f 3971/5407/4137 3972/5408/4138 3973/5409/4139
f 3971/5407/4137 3973/5409/4139 3974/5410/4140
f 3971/5407/4137 3974/5410/4140 2735/3651/2953
f 3971/5407/4137 1695/2240/1846 3972/5408/4138
f 3971/5407/4137 2735/3651/2953 3182/4272/3402
f 3975/5411/4141 3976/5412/4142 1326/1748/1452
f 3975/5411/4141 1325/1747/1451 2504/5413/2710
f 3975/5411/4141 1326/1748/1452 1325/1747/1451
f 3975/5411/4141 2504/5413/2710 4426/5414/3833
f 3975/5415/4141 4426/4893/3833 3976/5416/4142
f 3259/4366/3477 3046/4084/3263 3044/4082/3261
f 3511/4736/3722 1948/2587/2124 1821/2419/1989
f 3511/4736/3722 362/475/401 1949/2588/2125
f 3511/4736/3722 1821/2419/1989 3512/4737/3723
f 3511/4736/3722 1949/2588/2125 1948/2587/2124
f 2195/2916/2386 1442/1902/1572 1441/1901/1571
f 2195/2916/2386 1441/1901/1571 835/1102/915
f 368/484/410 3262/4371/3479 4353/4916/3724
f 3977/5417/4143 2617/3480/2827 2619/3482/2829
f 3977/5417/4143 3978/5418/4144 3178/4261/3397
f 3977/5417/4143 2619/3482/2829 3767/5107/3963
f 3977/5417/4143 3979/5419/4145 2617/3480/2827
f 3977/5417/4143 3178/4261/3397 3979/5419/4145
f 3977/5417/4143 3767/5107/3963 3978/5418/4144
f 3863/5254/3155 3662/4955/3867 3980/4954/3866
f 3863/5420/3155 3980/5421/3866 2932/4228/3156
f 1672/2208/1824 1919/2537/2093 1673/2209/1825
f 1672/2208/1824 3981/5422/4146 1919/2537/2093
f 1672/2208/1824 1674/2210/1826 3981/5422/4146
f 2157/2866/2347 2159/2865/2349 3504/4728/3717
f 2157/2862/2347 524/698/581 3883/5279/4065
f 2157/2862/2347 3883/5279/4065 2158/2863/2348
f 2157/2866/2347 3504/4728/3717 23/37/26
f 2157/2862/2347 23/5423/26 524/698/581
f 2166/2877/2355 3982/5424/4147 2167/2878/2356
f 2166/2877/2355 2169/2880/2358 897/4212/989
f 2166/2877/2355 897/4212/989 3982/5424/4147
f 3983/5425/4148 3984/5426/4149 2508/3331/2714
f 3983/5425/4148 3867/5258/4050 3985/5427/4150
f 3983/5425/4148 3985/5427/4150 3984/5426/4149
f 3983/5425/4148 2508/3331/2714 2509/3333/2715
f 3983/5425/4148 3986/5428/4151 3867/5258/4050
f 3983/5425/4148 2509/3333/2715 3986/5428/4151
f 2983/3989/3204 3727/5049/3797 3987/5429/4152
f 2983/3989/3204 2985/3991/3206 3728/5050/3925
f 2983/3989/3204 3728/5050/3925 3727/5049/3797
f 2983/3989/3204 3987/5429/4152 1491/1965/1625
f 3988/5430/4153 2371/3151/2573 3004/4026/3227
f 3988/5430/4153 3989/5431/4154 2371/3151/2573
f 3988/5430/4153 3104/4157/3324 3989/5431/4154
f 3988/5430/4153 3004/4026/3227 2696/3602/2910
f 3988/5430/4153 2696/3602/2910 3105/4158/3325
f 3988/5430/4153 3105/4158/3325 3104/4157/3324
f 3992/5432/1326 3990/5433/4062 3991/5434/2258
f 3992/5435/1326 3991/2759/2258 1208/4616/1327
f 3656/4940/3859 1345/1773/1473 2614/3477/2824
f 3656/4940/3859 1530/2022/1669 1345/1773/1473
f 3263/4373/3480 3993/5436/950 3821/5181/4008
f 3263/4373/3480 3994/5437/4155 3264/4374/3481
f 3263/4373/3480 3821/5181/4008 3994/5437/4155
f 1738/2308/1899 1741/2311/1902 3443/4626/3656
f 479/639/530 478/638/529 3280/5438/3497
f 479/3424/530 3172/4255/3391 2575/3425/2786
f 479/3424/530 3280/4395/3497 3172/4255/3391
f 3296/4418/3513 3298/4420/3515 956/1262/1050
f 3296/4418/3513 3995/5439/2431 3297/4419/3514
f 3296/4418/3513 3996/5440/4156 3997/5441/4157
f 3296/4418/3513 3997/5441/4157 3995/5439/2431
f 3296/4418/3513 955/1261/1049 3996/5440/4156
f 3296/4418/3513 956/1262/1050 955/1261/1049
f 2103/2789/2288 3694/5003/3893 4400/934/787
f 2103/2789/2288 4400/934/787 712/930/783
f 2584/3439/2794 665/877/737 667/880/740
f 2674/3563/2883 161/217/183 2468/3280/2675
f 2674/3563/2883 3307/4432/3524 2675/3564/2884
f 3487/4700/3699 3068/4111/3286 3998/5442/4158
f 3487/4700/3699 3998/5442/4158 3963/5394/2120
f 939/1245/1033 505/671/558 2609/3472/2819
f 939/1245/1033 2609/3472/2819 940/1246/1034
f 1378/5443/1506 3872/5263/4054 3999/5444/4159
f 1378/1823/1506 3999/5445/4159 1379/1824/1507
f 1378/5443/1506 4000/2257/1859 1705/2256/1858
f 1378/1823/1506 1381/1826/1509 4000/5446/1859
f 1378/5443/1506 1705/2256/1858 3872/5263/4054
f 2890/5447/3109 4049/5448/3553 4001/5449/3110
f 2890/5447/3109 4002/5450/4160 4049/5448/3553
f 2890/5447/3109 4369/5451/4161 4002/5450/4160
f 2890/3852/3109 2891/3854/1109 1010/5452/1107
f 2890/5447/3109 1010/5453/1107 4369/5451/4161
f 3547/4790/3757 3582/4839/3791 2280/3032/2476
f 3547/4790/3757 3550/4793/3760 3582/4839/3791
f 3246/4349/3465 4003/5454/4162 1276/1680/1399
f 3246/4349/3465 546/725/605 4003/5454/4162
f 2626/3492/2837 2628/3494/2838 2469/3281/2676
f 2626/3492/2837 2469/3281/2676 1846/2446/2016
f 4004/5455/4163 3269/4376/3483 4005/5456/4164
f 4004/5455/4163 3835/5207/4026 3833/5205/4024
f 4004/5455/4163 3265/4377/3484 3269/4376/3483
f 4004/5455/4163 1541/2039/1683 3265/4377/3484
f 4004/5455/4163 4005/5456/4164 3835/5207/4026
f 4004/5455/4163 3833/5205/4024 1541/2039/1683
f 4006/5457/4165 4196/5458/4166 4007/5459/3458
f 4006/5457/4165 4008/5460/4167 4196/5458/4166
f 4006/5457/4165 4287/5461/4168 4008/5460/4167
f 4006/5457/4165 2749/5301/2964 2908/3882/3129
f 4006/5457/4165 4007/5459/3458 2749/5301/2964
f 4006/5457/4165 4270/5462/4169 4287/5461/4168
f 4006/5457/4165 2908/3882/3129 4270/5462/4169
f 2059/2733/2238 3749/5080/3942 3752/5083/3944
f 2059/2733/2238 3501/4722/3716 563/752/625
f 2059/2733/2238 2058/2732/2237 3501/4722/3716
f 2059/2733/2238 562/751/624 4009/5463/4170
f 2059/2733/2238 4009/5463/4170 3749/5080/3942
f 2059/2733/2238 563/752/625 562/751/624
f 2059/2733/2238 3752/5083/3944 4281/2734/2239
f 3327/4458/3543 4010/5464/4171 3328/4459/3544
f 3327/4458/3543 366/481/407 4010/5464/4171
f 1567/5465/1713 4011/5466/3334 1568/5467/1714
f 1567/5468/1713 2139/2839/2329 4012/2838/2328
f 1567/2073/1713 1566/2068/1712 2139/2835/2329
f 1567/5465/1713 4012/5469/2328 4011/5466/3334
f 3383/4554/3600 145/1383/166 4013/5470/4172
f 3383/4554/3600 4013/5470/4172 3893/5294/4074
f 2644/3520/2852 4014/5471/4173 2918/3896/3140
f 2644/3520/2852 2917/3895/3139 2645/3521/2853
f 2644/3520/2852 2918/3896/3140 2917/3895/3139
f 2644/3520/2852 2646/3522/2854 4014/5471/4173
f 2331/3098/2528 2650/3527/2858 4204/3099/2529
f 2331/3098/2528 1932/2559/2103 599/796/667
f 606/803/674 2337/3107/2535 2336/3106/2534
f 1593/2117/1741 1598/2122/1746 3725/5039/3916
f 125/169/142 623/5472/692 1600/2124/1748
f 3529/4762/3741 138/186/159 140/188/161
f 3529/4762/3741 3134/4199/3354 138/186/159
f 3529/4762/3741 2454/3263/2661 3134/4199/3354
f 3256/4363/3475 2994/4006/3215 4284/5473/4174
f 3256/4362/3475 3480/3464/2811 2600/3462/2809
f 3256/4363/3475 4284/5473/4174 3479/4688/3694
f 4015/5474/4175 3799/5150/3990 4016/5475/4176
f 4015/5474/4175 4016/5475/4176 4017/5476/4177
f 4015/5474/4175 3800/5151/3991 3799/5150/3990
f 4015/5474/4175 4017/5476/4177 3858/5241/4044
f 4015/5474/4175 3858/5241/4044 2016/2684/2196
f 4015/5474/4175 2016/2684/2196 3800/5151/3991
f 3373/4535/3592 4018/5477/4178 2138/2830/2327
f 3373/4535/3592 3801/5152/3992 4019/5478/4179
f 3373/4535/3592 4019/5478/4179 4018/5477/4178
f 3802/4786/3755 2495/3310/2702 2366/3144/2566
f 3802/4786/3755 3914/5320/4092 2265/5321/2463
f 3802/4786/3755 2366/3144/2566 3914/5320/4092
f 4020/5479/2395 4021/5480/1660 4334/5481/4180
f 4020/5479/2395 4334/5481/4180 3022/5482/3241
f 4020/2938/2395 4117/2944/2398 4021/5483/1660
f 4022/5484/4181 4141/5485/4182 3127/4190/3348
f 4022/5484/4181 3127/4190/3348 3126/4189/3347
f 4022/5486/4181 3126/5487/3347 4023/5488/4183
f 4022/5486/4181 4023/5488/4183 4024/5489/4184
f 4022/5484/4181 4025/5490/4185 4141/5485/4182
f 4022/5486/4181 4024/5489/4184 4025/5491/4185
f 3715/5030/3913 1155/1523/1266 4026/5492/4186
f 3715/5029/3913 4027/3960/3182 2959/3959/3181
f 3715/5030/3913 4026/5492/4186 4027/5493/3182
f 45/65/53 46/66/54 2777/3701/2994
f 45/65/53 2777/3701/2994 3817/5176/4005
f 1539/2037/1681 1542/2040/1684 530/706/587
f 1539/2037/1681 4028/5494/4187 1540/2038/1682
f 1539/2037/1681 4029/5495/4188 4028/5494/4187
f 1539/2037/1681 530/706/587 4029/5495/4188
f 64/86/74 63/85/73 4030/5496/1698
f 64/5497/74 4030/2054/1698 1556/2057/1701
f 64/86/74 1556/5498/1701 4188/87/75
f 3671/4967/3873 895/1186/987 897/1188/989
f 3671/4967/3873 3674/4971/3877 895/1186/987
f 3671/4967/3873 897/1188/989 3672/4968/3874
f 2404/3200/2608 1845/2445/2015 2405/3201/2609
f 2404/3200/2608 2240/2988/2436 1846/2446/2016
f 2404/3200/2608 1846/2446/2016 1845/2445/2015
f 1848/2448/2018 1829/2427/1997 585/777/650
f 1848/2448/2018 1198/1578/1314 1830/2428/1998
f 1848/2448/2018 1830/2428/1998 1829/2427/1997
f 1242/1637/1363 3804/5155/3993 3649/4930/3854
f 1580/2091/1131 532/709/590 180/241/202
f 1580/2091/1131 180/241/202 4031/5499/1132
f 98/134/116 101/137/119 1582/2093/1727
f 3160/4237/3379 3917/5325/4094 2340/4238/2538
f 3160/4237/3379 3537/4774/3749 1873/2481/2043
f 3160/4237/3379 3159/4236/3378 3537/4774/3749
f 3160/4237/3379 1873/2481/2043 3917/5325/4094
f 2218/2961/2414 4032/5500/2569 1359/5501/1485
f 2218/2961/2414 1265/1663/1387 2369/5502/2570
f 2218/2961/2414 980/1289/1077 1265/1663/1387
f 2218/2961/2414 2369/5502/2570 4032/5500/2569
f 2218/2961/2414 1359/5501/1485 2219/2962/2415
f 1601/2125/1749 4033/5503/4189 4034/5504/4190
f 1601/2125/1749 3131/4196/3351 4033/5503/4189
f 1601/2125/1749 4034/5504/4190 1602/2126/1750
f 1601/2125/1749 1604/2128/1752 3131/4196/3351
f 1886/2497/2056 1889/2500/2059 3363/4518/3583
f 1886/2497/2056 3362/4517/3582 2032/2704/2213
f 1886/2497/2056 2032/2704/2213 1887/2498/2057
f 1886/2497/2056 3363/4518/3583 3362/4517/3582
f 3138/4203/3358 637/839/709 3139/4204/3359
f 3138/4203/3358 3140/4206/3360 637/839/709
f 1796/2384/1962 2216/2959/2412 3404/4576/3620
f 2844/3792/3061 1413/1865/1542 2845/3793/3062
f 2844/3792/3061 168/225/191 338/443/375
f 2844/3792/3061 338/443/375 335/440/372
f 2844/3792/3061 335/440/372 1413/1865/1542
f 2846/3794/3063 89/122/107 94/129/112
f 2846/3794/3063 1241/1636/1362 1803/2392/1969
f 2846/3794/3063 3647/4927/3852 1241/1636/1362
f 2846/3794/3063 94/129/112 3647/4927/3852
f 4037/5505/4191 4035/5506/4192 4036/5507/4193
f 4037/5505/4191 4036/5507/4193 4039/2275/1874
f 4037/5508/4191 4302/5509/4194 2295/3056/2494
f 4037/5505/4191 4038/5510/2493 4035/5506/4192
f 4037/5508/4191 4039/5511/1874 4302/5509/4194
f 4037/5508/4191 2295/3056/2494 4038/3055/2493
f 1554/2052/1696 4194/2053/1697 4040/5512/2760
f 1554/3804/1696 4040/5513/2760 2420/3224/2626
f 2655/3539/2865 2656/3542/2867 4041/5514/4195
f 2655/3539/2865 4041/5514/4195 3919/5328/4096
f 195/262/220 4042/5515/4196 199/263/221
f 195/262/220 2431/3236/2637 4043/5516/3536
f 195/262/220 4043/5516/3536 4042/5515/4196
f 306/404/343 4044/5517/3715 4422/405/344
f 1820/2418/1988 3512/4737/3723 1821/2419/1989
f 1820/2418/1988 1824/2422/1992 2111/2797/2296
f 1820/2418/1988 2111/2797/2296 3512/4737/3723
f 4047/5518/4197 4045/5519/4198 4046/5520/4199
f 4047/5521/4197 4048/3256/2654 4264/5522/4200
f 4047/5518/4197 4416/5523/4134 4048/5524/2654
f 4047/5518/4197 4264/5525/4200 4045/5519/4198
f 4047/5518/4197 4046/5520/4199 4416/5523/4134
f 4049/5526/3553 4002/5527/4160 4050/5528/3554
f 4049/5448/3553 1299/1717/1422 1298/1716/1423
f 4049/5448/3553 1298/1716/1423 4001/5449/3110
f 4051/5529/2065 4052/5530/2064 2455/5531/2662
f 1111/1467/1220 1110/1466/1219 4053/5532/4201
f 1111/1467/1220 4053/5532/4201 4054/5533/4202
f 1111/1467/1220 4054/5533/4202 4055/5534/4203
f 1111/1467/1220 4055/5534/4203 1112/1468/1221
f 1685/2229/42 1307/1727/1431 1686/2230/1837
f 1685/2229/42 4056/5535/43 1307/1727/1431
f 770/4270/848 499/664/552 1958/2598/849
f 770/1026/848 773/1025/852 4407/5536/3401
f 3101/4154/3321 2546/3386/2757 2548/3391/2759
f 3101/4154/3321 2548/3391/2759 4057/5537/4204
f 3101/4154/3321 4057/5537/4204 1695/2240/1846
f 256/334/288 1704/2255/1857 257/335/289
f 256/334/288 258/338/290 2518/3342/2724
f 1336/341/293 2602/3465/2812 4058/5538/4205
f 1336/341/293 4058/5538/4205 263/344/296
f 269/350/302 3389/5137/3606 270/351/303
f 269/350/302 4059/5539/3607 3389/5137/3606
f 269/350/302 2805/3742/3024 4059/5539/3607
f 269/350/302 267/348/300 2805/3742/3024
f 4060/5540/4206 4061/5541/4207 4062/5542/4208
f 4060/5540/4206 3558/4807/3769 88/120/105
f 4060/5540/4206 4062/5542/4208 2666/3554/2876
f 4060/5540/4206 88/120/105 4061/5541/4207
f 4060/5540/4206 2666/3554/2876 3558/4807/3769
f 275/356/308 3040/4075/3257 276/357/309
f 275/356/308 278/359/311 2810/3749/3030
f 3552/4797/3763 3829/5201/4020 3553/4798/3764
f 1128/1486/1238 1130/1488/1240 2870/3831/3089
f 2314/3078/2512 2153/2858/2344 339/446/378
f 1918/2536/2092 1917/2535/2091 4063/5543/4209
f 1918/2536/2092 4063/5543/4209 3568/4818/3778
f 1918/2536/2092 1675/2211/1827 1673/2209/1825
f 1141/1504/1252 119/1792/139 1357/1791/1484
f 1141/1504/1252 1357/1791/1484 1142/1505/1253
f 658/869/730 4064/5544/4210 659/870/731
f 658/869/730 3113/4171/3335 4064/5544/4210
f 4065/5545/4211 4066/5546/4212 4067/5547/4213
f 4065/5545/4211 4067/5547/4213 4068/5548/4214
f 4065/5545/4211 4069/5549/4215 4066/5546/4212
f 1355/1785/1482 2927/5550/3149 1356/1786/1483
f 1355/1785/1482 2370/3150/2572 2927/5550/3149
f 1361/1797/1488 1364/1801/1491 1983/2633/2158
f 3719/5551/3917 4070/5552/3922 4071/5553/4216
f 3719/5040/3917 3631/4904/3838 3720/5041/3918
f 3719/5551/3917 4071/5553/4216 3631/4902/3838
f 1407/1859/1536 2806/3743/3025 1408/1860/1537
f 3929/5340/4103 4072/5554/4217 836/1103/916
f 3929/5340/4103 1443/1903/1573 4072/5554/4217
f 4073/5555/4218 4074/5556/4219 3934/5349/4107
f 4073/5555/4218 4075/5557/4220 4074/5556/4219
f 4073/5555/4218 3934/5349/4107 4305/5558/4221
f 4073/5555/4218 4305/5558/4221 2675/3564/2884
f 4073/5555/4218 3307/4432/3524 4075/5557/4220
f 4073/5555/4218 2675/3564/2884 3307/4432/3524
f 2027/2698/2207 3914/5320/4092 2028/2699/2208
f 4076/5559/3865 3825/5194/4014 3980/5421/3866
f 4076/4953/3865 3289/4407/3506 3288/4406/3505
f 4076/4953/3865 3288/4406/3505 3825/5191/4014
f 4077/5560/3080 4078/5561/4222 4080/5562/4223
f 4077/5560/3080 4079/5563/3082 4078/5561/4222
f 4077/3818/3080 4080/5564/4223 438/587/487
f 2549/3394/2761 4081/5565/4224 4101/3395/2762
f 2549/3394/2761 2550/3396/2763 1469/1937/1601
f 2549/3394/2761 1469/1937/1601 4081/5565/4224
f 4082/5566/4225 2230/2974/2426 2229/2975/2425
f 4082/5566/4225 2229/2975/2425 715/5567/786
f 4082/5566/4225 2769/3693/2986 2230/2974/2426
f 4082/5566/4225 715/5567/786 4083/5568/4226
f 4082/5566/4225 4083/5568/4226 2769/3693/2986
f 3927/5338/4101 4084/5569/441 2416/3222/2624
f 3927/5338/4101 3682/4986/3882 3200/5570/3420
f 3927/5338/4101 2416/3222/2624 2414/3213/2621
f 3927/5338/4101 3683/4987/3883 3682/4986/3882
f 3927/5338/4101 3200/5570/3420 396/5571/442
f 3927/5338/4101 396/5571/442 4084/5569/441
f 4087/5572/4227 3441/5573/3654 4085/5574/4228
f 4087/5572/4227 4086/5575/4229 3576/4830/3786
f 4087/5576/4227 4088/2907/2377 3442/4625/3655
f 4087/5572/4227 3576/4830/3786 4088/5577/2377
f 4087/5572/4227 4085/5574/4228 4086/5575/4229
f 4087/5576/4227 3442/4625/3655 3441/4624/3654
f 2898/3586/2899 4089/5578/4230 4090/5579/4231
f 2898/3586/2899 2686/3585/2900 4089/5578/4230
f 2898/3861/2899 4090/5580/4231 545/724/604
f 3331/4465/3546 553/742/615 1239/1634/1360
f 3331/4465/3546 555/744/617 553/742/615
f 3331/4465/3546 1239/1634/1360 3332/4466/3547
f 2907/3879/3126 2852/3802/3069 3034/3880/3127
f 2907/3879/3126 2140/2836/2330 2852/3802/3069
f 2907/3879/3126 2746/2840/2331 2140/2836/2330
f 489/654/542 491/656/544 3862/5253/4046
f 489/654/542 3862/5253/4046 3721/5042/3919
f 3778/5119/3971 3653/4938/3856 4091/5581/4232
f 3778/5119/3971 4091/5581/4232 2393/3186/2597
f 3778/5119/3971 4271/5582/4233 3653/4938/3856
f 3778/5119/3971 3779/5120/3972 4271/5582/4233
f 3778/5119/3971 2393/3186/2597 2392/3185/2596
f 3984/5426/4149 3985/5427/4150 1690/2235/1841
f 3984/5426/4149 2800/3736/3019 2508/3331/2714
f 3984/5426/4149 1690/2235/1841 1692/2237/1843
f 3984/5426/4149 1692/2237/1843 2800/3736/3019
f 3727/4848/3797 3589/4850/3799 3987/5583/4152
f 1587/2099/1731 432/577/478 434/579/480
f 1587/2098/1731 870/1158/959 1267/1667/1391
f 849/1124/932 4092/5584/4234 508/678/564
f 849/3952/932 2953/3951/3175 4092/5585/4234
f 849/1124/932 508/678/564 850/1125/933
f 4093/5586/2730 2565/990/829 2566/5587/2778
f 4093/5586/2730 3477/991/830 2565/990/829
f 4093/5586/2730 2566/5587/2778 2523/5588/2731
f 2932/4228/3156 1332/5589/1459 3156/4229/1456
f 2932/4228/3156 3980/5421/3866 1332/5589/1459
f 1813/2407/1982 2484/3296/2691 1970/2616/2146
f 2087/2768/2267 1533/2025/1672 2088/2769/2268
f 2087/2768/2267 3634/4908/3841 4094/5590/4235
f 2087/2768/2267 4094/5590/4235 1533/2025/1672
f 463/3133/416 2357/3132/2556 464/5591/515
f 463/493/416 378/498/421 1770/2350/1930
f 2095/2778/2277 1741/2311/1902 1740/2310/1901
f 2095/2778/2277 1740/2310/1901 2096/2779/2278
f 2421/3225/2627 3958/5388/4128 877/1167/968
f 2421/3225/2627 4095/5592/4236 3958/5388/4128
f 2421/3225/2627 877/1167/968 2422/3226/2628
f 2108/2794/2293 2112/2798/2297 1563/5593/1708
f 2108/2794/2293 1563/5593/1708 4414/4444/3534
f 238/314/269 2586/3442/2797 4096/5594/4237
f 238/314/269 237/313/268 3628/5595/3837
f 238/314/269 3628/5595/3837 2590/3443/2798
f 238/314/269 4096/5594/4237 239/315/270
f 238/314/269 2590/3443/2798 2586/3442/2797
f 4097/5596/4238 3755/5090/3950 3905/5311/4085
f 4097/5596/4238 3409/4581/3625 3408/4580/3624
f 4097/5596/4238 1846/2446/2016 3409/4581/3625
f 4097/5596/4238 3905/5311/4085 1846/2446/2016
f 4097/5596/4238 3408/4580/3624 3755/5090/3950
f 1244/1639/1365 1331/1754/1458 1330/1753/1457
f 1244/1639/1365 3228/4325/3448 789/1045/868
f 3285/4401/3501 106/142/124 107/143/125
f 3285/4401/3501 2123/2813/2311 106/142/124
f 3285/4401/3501 107/143/125 3286/4402/3502
f 2526/3355/2733 1195/1575/1311 2270/3023/2467
f 2526/3355/2733 2528/5597/2735 1195/1575/1311
f 2526/3355/2733 2270/3023/2467 2527/3356/2734
f 2535/3367/2742 2534/3366/2741 2559/3405/2772
f 2535/3367/2742 2559/3405/2772 2558/3404/2771
f 4098/5598/4239 4099/5599/4240 4401/5600/851
f 4098/5601/4239 4401/1021/851 771/1023/850
f 4098/5601/4239 771/1023/850 2297/5602/2495
f 4098/5598/4239 4302/5509/4194 4099/5599/4240
f 4098/5598/4239 2295/3056/2494 4302/5509/4194
f 4098/5598/4239 2297/3058/2495 2295/3056/2494
f 1458/5355/1589 3692/4999/3891 2752/3673/2969
f 1458/5355/1589 1373/1817/1500 3692/4999/3891
f 1458/5355/1589 4433/5603/1593 1373/1817/1500
f 941/1247/1035 2345/4658/2543 3459/4657/3676
f 941/1247/1035 944/1250/1038 2345/4658/2543
f 941/1247/1035 3459/4657/3676 942/1248/1036
f 390/515/434 4078/5561/4222 4079/5563/3082
f 390/515/434 4079/5563/3082 2968/3970/3189
f 390/515/434 3493/4706/3705 4078/5561/4222
f 390/515/434 393/519/436 3493/4706/3705
f 2282/3038/2479 4100/5604/4241 2040/2713/2220
f 2282/3038/2479 689/904/761 4100/5604/4241
f 2282/3038/2479 693/908/765 689/904/761
f 2282/3038/2479 2156/2861/2346 693/908/765
f 2286/3043/2483 3903/5308/4083 2975/3981/3197
f 2286/3043/2483 2975/3981/3197 145/3044/166
f 2286/3043/2483 3904/5605/2484 3903/5308/4083
f 4101/5606/2762 4081/5607/4224 4102/5608/4084
f 3146/4213/3366 650/861/722 3711/5024/3910
f 3146/4213/3366 3711/5024/3910 3710/5023/3909
f 2174/2889/2365 3892/5609/4073 2176/2890/2366
f 2174/2887/2365 3638/4913/3844 4103/5610/4242
f 2174/2889/2365 4103/5611/4242 3892/5609/4073
f 3466/4669/3680 839/1106/919 1374/1819/1502
f 3466/4669/3680 2512/3336/2718 2510/3334/2716
f 3466/4669/3680 2510/3334/2716 839/1106/919
f 2802/3739/3021 3872/5263/4054 1705/2256/1858
f 2802/3739/3021 3873/5264/4055 3872/5263/4054
f 2802/3739/3021 2519/3343/2725 3873/5264/4055
f 2802/3739/3021 1705/2256/1858 1704/2255/1857
f 3730/5053/3927 3954/5381/4124 3955/5382/4125
f 3730/5053/3927 3732/5055/1933 3954/5381/4124
f 3730/5053/3927 4104/5612/4243 3731/5054/3928
f 3730/5053/3927 3955/5382/4125 4104/5612/4243
f 2667/3555/2877 4062/5542/4208 4105/5613/4244
f 2667/3555/2877 2666/3554/2876 4062/5542/4208
f 2667/3555/2877 4105/5613/4244 2668/3556/2878
f 370/487/411 4106/5614/4245 371/488/412
f 370/487/411 3440/5615/3653 4106/5614/4245
f 1494/1968/1627 347/5616/386 753/984/825
f 1494/1968/1627 348/1972/387 347/5616/386
f 3341/5617/3556 2312/5618/2510 4107/5619/4246
f 3341/5617/3556 2815/5620/3033 2312/5618/2510
f 3341/4485/3556 3343/4488/3559 2815/3754/3033
f 3341/5617/3556 4107/5619/4246 3949/5621/3557
f 2820/3763/3038 2246/2994/2442 2244/2992/2440
f 3121/4183/3276 3120/4182/3342 3059/5622/3277
f 1783/2371/1949 4108/5623/4247 3123/4186/3344
f 1783/2371/1949 734/959/807 4108/5623/4247
f 1110/1466/1219 2205/2947/2400 4109/5624/4248
f 1110/1466/1219 4109/5624/4248 4053/5532/4201
f 326/430/362 325/429/361 1448/1911/1578
f 326/430/362 1448/1911/1578 889/1910/981
f 2214/5274/2409 2235/2983/2431 4110/5625/2410
f 909/1206/1004 262/343/295 3556/4805/3767
f 909/1206/1004 910/1207/1003 262/343/295
f 3822/5186/4011 442/594/490 445/599/495
f 3822/5186/4011 4210/5187/4012 4111/5626/4249
f 3822/5186/4011 3876/5267/4058 442/594/490
f 3822/5186/4011 4111/5626/4249 3877/5268/4059
f 3822/5186/4011 3877/5268/4059 3876/5267/4058
f 1076/1412/1181 1077/1413/1182 4112/5627/115
f 1076/1412/1181 4113/5628/4250 1810/2399/1976
f 1076/1412/1181 4112/5627/115 4113/5628/4250
f 3014/5629/3235 2439/3246/2645 3525/4756/3738
f 3014/5629/3235 2440/3247/2646 2439/3246/2645
f 3014/5630/3235 3525/4944/3738 2854/4946/3071
f 3014/4037/3235 2854/3806/3071 2853/3805/3070
f 4114/5631/4251 2583/3438/2793 720/939/792
f 4114/5631/4251 2399/3194/2603 2400/3195/2604
f 4114/5631/4251 2400/3195/2604 4434/5632/4252
f 4114/5631/4251 2585/3440/2795 2583/3438/2793
f 4114/5631/4251 720/939/792 2399/3194/2603
f 4114/5631/4251 4434/5632/4252 2677/5633/2887
f 4114/5631/4251 3735/5058/3931 2585/3440/2795
f 4114/5631/4251 2677/5633/2887 3735/5058/3931
f 2864/3823/3081 2863/3822/3083 2969/4046/3190
f 2864/3819/3081 2968/3972/3189 4079/3820/3082
f 2864/3819/3081 2969/3973/3190 2968/3972/3189
f 4115/5634/4253 1778/302/257 4116/5635/4254
f 4115/5634/4253 4021/2013/1660 4117/5636/2398
f 4115/5634/4253 4116/5635/4254 4021/2013/1660
f 4115/5634/4253 4117/5636/2398 4118/5637/4255
f 4115/5634/4253 4118/5637/4255 1778/302/257
f 2308/3071/2507 4119/5638/4256 1310/1730/1434
f 2308/3071/2507 1310/1730/1434 1309/1729/1433
f 2308/3071/2507 2311/3074/2011 3808/5163/3996
f 2308/3071/2507 3808/5163/3996 4119/5638/4256
f 1130/1488/1240 4120/113/96 80/107/95
f 1130/1492/1240 1126/1491/1236 4120/5639/96
f 1130/1488/1240 80/107/95 2870/3831/3089
f 87/119/104 3558/4807/3769 2860/3815/3077
f 87/119/104 88/120/105 3558/4807/3769
f 4121/5640/2788 706/5641/777 3648/4928/3853
f 4121/5640/2788 3648/4928/3853 95/128/111
f 4121/3432/2788 707/922/778 706/921/777
f 4121/3432/2788 95/130/111 93/126/110
f 4121/3432/2788 93/126/110 2579/3433/2789
f 188/1689/212 1282/1687/1403 2723/3632/2939
f 188/1689/212 2723/3632/2939 2722/3631/2938
f 188/254/212 2722/5642/2938 191/258/216
f 4042/5515/4196 4122/5643/1668 1530/5070/1669
f 4042/5515/4196 4043/5516/3536 4122/5643/1668
f 4042/5515/4196 1530/5070/1669 199/263/221
f 1987/2639/2163 4123/5644/4257 1988/2640/2164
f 1987/2639/2163 3912/5318/4090 4123/5644/4257
f 3831/5203/4022 3834/5206/4025 1391/1840/1520
f 3831/5203/4022 1390/1839/1519 3278/4393/3495
f 3831/5203/4022 1391/1840/1520 1390/1839/1519
f 4124/5645/4258 4125/5646/4259 2496/3311/2703
f 4124/5645/4258 4126/5647/4260 4127/5648/4261
f 4124/5645/4258 4127/5648/4261 4125/5646/4259
f 4124/5645/4258 217/4176/245 4126/5647/4260
f 4124/5645/4258 2496/3311/2703 3116/4177/3338
f 4124/5645/4258 3116/4177/3338 217/4176/245
f 3685/4992/3885 3687/4991/3887 3365/4521/3585
f 3685/4989/3885 3365/4523/3585 3686/4990/3886
f 4128/5649/4262 3818/5178/4006 1893/2507/2066
f 4128/5649/4262 1893/2507/2066 757/996/832
f 4128/5649/4262 757/996/832 758/998/833
f 4128/5649/4262 758/998/833 3111/4165/3332
f 4128/5649/4262 3109/4163/3330 3818/5178/4006
f 4128/5649/4262 3111/4165/3332 3109/4163/3330
f 769/1015/846 2589/1012/843 4242/5650/4263
f 769/1015/846 4242/5650/4263 3930/5341/4104
f 2260/3011/2457 1911/2528/2084 3419/4595/3633
f 2260/3011/2457 1912/2529/2085 1911/2528/2084
f 2260/3011/2457 3419/4595/3633 1487/1961/1621
f 3976/5416/4142 4257/5651/4264 4258/5652/4265
f 3976/5416/4142 3622/4892/3832 4257/5651/4264
f 3976/5416/4142 4258/5652/4265 1326/5653/1452
f 3976/5416/4142 4426/4893/3833 3622/4892/3832
f 2323/3089/2520 3804/5155/3993 3070/4113/3288
f 2323/3089/2520 3157/4231/3376 3804/5155/3993
f 1409/1861/1538 3940/5362/4111 1410/1862/1539
f 1409/1873/1538 1401/1852/1530 4129/5654/4266
f 1409/1861/1538 4129/5655/4266 3940/5362/4111
f 4089/5578/4230 2686/3585/2900 4130/5656/4267
f 4089/5578/4230 1228/1623/1349 1227/1621/1347
f 4089/5578/4230 1227/1621/1347 4090/5579/4231
f 4089/5578/4230 4130/5656/4267 1228/1623/1349
f 2042/2715/2222 1940/2574/2112 2043/2716/2223
f 2042/2715/2222 2044/2717/2224 1941/2575/2113
f 2042/2715/2222 1941/2575/2113 1940/2574/2112
f 4131/5657/4268 4028/5494/4187 4029/5495/4188
f 4131/5658/4268 868/1156/957 3268/4382/3486
f 4131/5658/4268 4132/5659/4269 868/1156/957
f 4131/5657/4268 4029/5495/4188 4132/5660/4269
f 4131/5657/4268 3268/4380/3486 4028/5494/4187
f 2598/3460/2807 1709/2261/1863 1060/1396/1165
f 2598/3460/2807 2601/3463/2810 1710/2262/1864
f 2598/3460/2807 1710/2262/1864 1709/2261/1863
f 1945/2579/2117 1946/2580/2118 2486/3298/2693
f 1945/2579/2117 700/915/772 699/914/771
f 2488/3301/2696 3964/2585/2123 1951/2584/2122
f 2065/2740/2244 3801/5152/3992 2066/2741/2245
f 2065/2740/2244 4019/5478/4179 3801/5152/3992
f 2065/2740/2244 2063/2738/2242 3887/5283/4069
f 2065/2740/2244 3887/5283/4069 4019/5478/4179
f 2822/3765/3040 1866/2474/2038 2823/3766/3041
f 3825/5194/4014 2528/3358/2735 2530/3361/2737
f 3825/5194/4014 4133/5661/4270 3980/5421/3866
f 3825/5194/4014 2530/3361/2737 4133/5661/4270
f 685/900/757 2888/3850/3107 686/901/758
f 1522/2004/1654 4134/5662/4271 1519/2005/1655
f 1522/2004/1654 2972/5663/3193 4134/5662/4271
f 3581/5664/3790 1927/2552/2101 3154/4222/3374
f 3581/5665/3790 3154/5666/3374 2280/3036/2476
f 3581/4838/3790 2280/3032/2476 3582/4839/3791
f 543/722/602 4135/5667/1346 113/151/132
f 543/722/602 545/724/604 4135/5667/1346
f 543/722/602 113/151/132 112/149/130
f 2628/3494/2838 1535/2033/1677 1233/1628/1354
f 2628/3494/2838 1233/1628/1354 2469/3281/2676
f 2628/3494/2838 2161/2868/2350 1535/2033/1677
f 3832/5204/4023 3278/4393/3495 2052/2725/2232
f 3832/5204/4023 2051/2724/2231 1541/2039/1683
f 3832/5204/4023 1541/2039/1683 3833/5205/4024
f 3832/5204/4023 2052/2725/2232 2051/2724/2231
f 136/184/157 1612/2137/1761 137/185/158
f 136/184/157 135/183/156 1611/2136/1760
f 3388/4559/3605 2301/3062/2499 3389/4560/3606
f 3388/4559/3605 2707/3614/2922 2706/3613/2921
f 3388/4559/3605 2706/3613/2921 2301/3062/2499
f 1560/2061/1705 3740/5064/3936 1561/2062/1706
f 1560/2061/1705 1562/2063/1707 3739/5063/3935
f 3553/4798/3764 3829/5201/4020 4136/5352/4109
f 3553/4800/3764 576/767/640 573/764/637
f 3553/4800/3764 4136/5668/4109 576/767/640
f 2312/3076/2510 2313/3077/2511 4107/5669/4246
f 2312/5618/2510 2815/5620/3033 2814/5670/1897
f 4137/5671/4272 2764/3688/2981 3495/4708/3707
f 4137/5671/4272 4138/5672/4273 2764/3688/2981
f 4137/5671/4272 4139/5673/4274 4138/5672/4273
f 4137/5671/4272 3495/4708/3707 4139/5673/4274
f 2164/2875/2352 1807/2396/1973 2743/3662/2960
f 2164/2875/2352 2743/3662/2960 4352/5674/4275
f 2164/2871/2352 4352/5675/4275 727/951/801
f 2164/2875/2352 1808/2397/1974 1807/2396/1973
f 2164/2871/2352 727/951/801 726/950/800
f 4140/5676/4276 1859/2462/2029 3096/4149/3316
f 4140/5676/4276 3096/4149/3316 3712/5026/3911
f 4140/5676/4276 3473/4678/3687 3517/4747/3732
f 4140/5676/4276 1861/2465/2032 1859/2462/2029
f 4140/5676/4276 3517/4747/3732 1861/2465/2032
f 4140/5676/4276 3712/5026/3911 3473/4678/3687
f 4141/5677/4182 3103/4156/3323 3158/4232/3377
f 4141/5485/4182 3158/4233/3377 3074/4117/3292
f 4141/5485/4182 3074/4117/3292 3127/4190/3348
f 4141/5677/4182 4025/5491/4185 4142/5678/4277
f 4141/5677/4182 4142/5678/4277 3103/4156/3323
f 2554/3400/2767 3475/4680/3689 2555/3401/2768
f 2554/3400/2767 1277/1681/1400 1274/1676/1397
f 2554/3400/2767 2557/3403/2770 1277/1681/1400
f 2554/3400/2767 1274/1676/1397 3475/4680/3689
f 4143/5679/4278 3892/5680/4073 4103/5681/4242
f 4143/5682/4278 4144/5683/2862 3814/5684/4002
f 4143/5685/4278 4103/5686/4242 4145/5687/2863
f 4143/5688/4278 1297/1711/1419 3892/5292/4073
f 4143/5689/4278 3814/5172/4002 1297/1718/1419
f 4143/5690/4278 4145/5691/2863 4144/5692/2862
f 4146/5693/4279 4070/5552/3922 3725/5039/3916
f 4146/5693/4279 3725/5039/3916 1598/2122/1746
f 4146/5693/4279 1597/2121/1745 4147/5694/4280
f 4146/5693/4279 4147/5694/4280 4071/5553/4216
f 4146/5693/4279 1598/2122/1746 1597/2121/1745
f 4146/5693/4279 4071/5553/4216 4070/5552/3922
f 4148/5695/4281 3186/4276/3406 4149/5696/925
f 4148/5695/4281 4149/5696/925 4150/5697/4282
f 4148/5695/4281 988/1297/1085 3186/4276/3406
f 4148/5695/4281 4150/5697/4282 4151/5698/4283
f 4148/5695/4281 4152/5699/4284 988/1297/1085
f 4148/5695/4281 4151/5698/4283 4152/5699/4284
f 144/192/165 1617/2142/1766 145/193/166
f 3032/4067/3251 4153/5700/4285 4154/5701/4286
f 3032/4067/3251 3516/4743/3728 4153/5700/4285
f 3032/4067/3251 4154/5701/4286 3033/4068/3128
f 1625/2152/1774 2949/3942/3171 2950/3944/3172
f 1625/2152/1774 2950/3944/3172 1627/2154/1776
f 239/315/270 4096/5594/4237 331/435/367
f 1630/2158/1780 168/225/191 170/4828/193
f 1630/2158/1780 338/443/375 168/225/191
f 3575/4829/3785 4155/5702/4287 3222/4319/3442
f 3575/4829/3785 1806/2395/1972 4155/5702/4287
f 1639/2169/1789 3897/5298/4078 1640/2170/1790
f 1642/4335/1792 3762/5101/3957 4156/5100/3956
f 1642/2172/1792 4156/5703/3956 1643/2173/1793
f 1642/4335/1792 3234/4334/3453 3762/5101/3957
f 371/488/412 4106/5614/4245 19/26/20
f 3722/5043/3920 4157/5704/4288 3723/5044/3921
f 3722/5043/3920 2965/3966/3187 4158/5705/4289
f 3722/5043/3920 4158/5705/4289 4157/5704/4288
f 295/387/330 1781/2369/1947 2494/3309/2701
f 547/1462/607 1107/1461/1216 1680/2222/608
f 547/1458/607 550/3593/611 1105/1459/1215
f 4053/5532/4201 4109/5624/4248 4054/5533/4202
f 2836/3782/3054 2651/5706/2859 4246/5707/4290
f 2836/3782/3054 4246/5707/4290 2837/3783/3055
f 2836/3782/3054 3399/4571/3615 2651/5706/2859
f 2836/3782/3054 2841/3790/3058 3399/4571/3615
f 2215/2958/2411 4110/2957/2410 3497/5708/3709
f 2215/2958/2411 3404/4576/3620 2216/2959/2412
f 2215/2958/2411 3497/5708/3709 3218/4314/3438
f 244/320/275 246/322/277 3590/4851/3800
f 244/320/275 3385/4556/3602 245/321/276
f 244/320/275 3590/4851/3800 3385/4556/3602
f 3591/4852/3801 1602/2126/1750 4034/5504/4190
f 3591/4852/3801 4034/5504/4190 601/798/669
f 3591/4852/3801 123/166/144 1602/2126/1750
f 2224/2967/2420 2226/2969/2422 4159/5709/4291
f 2224/2967/2420 4159/5709/4291 3742/5066/3938
f 442/594/490 3760/5098/3954 443/595/491
f 442/594/490 3876/5267/4058 3760/5098/3954
f 2230/2974/2426 2769/3693/2986 1418/1871/1547
f 2230/2974/2426 1418/1871/1547 1417/1870/1546
f 1006/1317/1105 212/282/237 3432/4613/3645
f 1726/2285/1884 454/609/504 4228/5710/4292
f 1726/2285/1884 4228/5710/4292 1727/2286/1885
f 1726/2285/1884 1728/2287/1886 455/610/505
f 1726/2285/1884 455/610/505 454/609/504
f 4160/5711/3803 2402/3198/2606 1729/2290/1889
f 4160/5711/3803 1729/2290/1889 3594/5712/3804
f 4160/4855/3803 3336/4471/3551 4161/5713/3216
f 4160/5711/3803 4161/4009/3216 2402/3198/2606
f 3092/4142/3311 1021/1337/97 4380/4143/3312
f 3092/4142/3311 3840/5216/4030 1022/1338/1120
f 3092/4142/3311 1022/1338/1120 1021/1337/97
f 3748/5078/3941 2995/4011/3218 673/887/745
f 3748/5078/3941 1029/1345/1127 2995/4011/3218
f 3748/5078/3941 673/887/745 3143/4209/3363
f 3649/4930/3854 3804/5155/3993 3157/4231/3376
f 3649/4931/3854 3156/1752/1456 1329/1751/1455
f 3649/4930/3854 3157/4231/3376 3156/4230/1456
f 612/3531/681 1032/1351/1133 2653/3532/2861
f 612/810/681 614/812/683 4162/5714/1134
f 612/3531/681 4162/1352/1134 1032/1351/1133
f 1863/2469/2030 4163/5715/4293 1860/5716/2031
f 1863/2469/2030 1862/2467/2033 3319/4445/3535
f 1863/2469/2030 3319/4445/3535 4163/5715/4293
f 3061/4102/3279 4164/5717/3946 4165/5718/4294
f 3061/4108/3279 3754/5087/3947 4164/5086/3946
f 3061/4102/3279 4165/5718/4294 3062/4103/3280
f 3061/4108/3279 3065/4107/3283 3754/5087/3947
f 3215/4311/3435 3274/4387/3491 4166/5719/4295
f 3215/4311/3435 3275/4388/3492 3274/4387/3491
f 3215/4311/3435 4166/5719/4295 3216/4312/3436
f 3729/5051/3926 2985/3991/3206 4167/5720/4296
f 3729/5051/3926 3728/5050/3925 2985/3991/3206
f 3729/5051/3926 3836/5213/4028 130/177/151
f 3729/5051/3926 4167/5720/4296 3836/5213/4028
f 2373/3153/2575 2371/3151/2573 3989/5431/4154
f 2373/3153/2575 3989/5431/4154 4168/5721/4297
f 2373/3153/2575 4168/5721/4297 2374/3154/2576
f 2054/2727/2234 3615/4882/3827 3650/4883/3828
f 2054/2727/2234 916/1216/1010 914/1212/1009
f 2054/2727/2234 2056/2730/2235 3615/4882/3827
f 3749/5080/3942 4009/5463/4170 4169/5722/4298
f 3749/5080/3942 4169/5722/4298 3750/5081/2936
f 4170/5723/4299 365/480/406 4277/5724/4300
f 4170/5723/4299 4277/5724/4300 4171/5725/4301
f 4170/5723/4299 4010/5464/4171 366/481/407
f 4170/5723/4299 366/481/407 365/480/406
f 4170/5723/4299 4171/5725/4301 4010/5464/4171
f 2617/3480/2827 3979/5419/4145 2618/3481/2828
f 3661/4952/3864 3542/4782/3753 1831/2429/1999
f 3661/4952/3864 1831/2429/1999 3289/4407/3506
f 3298/4420/3515 954/1260/1048 956/1262/1050
f 3298/4420/3515 3579/4835/3788 954/1260/1048
f 3298/4420/3515 3294/4416/3511 3579/4835/3788
f 4172/1271/1059 4173/4423/3517 964/1272/1060
f 4172/5726/1059 3022/4053/3241 4173/5727/3517
f 4172/5726/1059 963/4054/1058 3022/4053/3241
f 1308/1728/1432 1307/1727/1431 4056/5535/43
f 1308/1728/1432 4056/5535/43 4174/5728/4302
f 1308/1728/1432 2309/3075/2508 1309/1729/1433
f 1308/1728/1432 4174/5728/4302 2309/3075/2508
f 4175/5729/4303 3891/5730/4072 728/948/799
f 4175/5729/4303 728/948/799 3868/5259/4051
f 4175/5729/4303 3986/5428/4151 2509/3333/2715
f 4175/5729/4303 2509/3333/2715 2507/3330/2713
f 4175/5729/4303 2507/3330/2713 3891/5730/4072
f 4175/5729/4303 3868/5259/4051 3986/5428/4151
f 4176/5731/4304 3183/4273/3403 2737/3650/2952
f 4176/5732/4304 2737/3653/2952 3684/4988/3884
f 4176/5732/4304 4177/5733/4305 425/569/471
f 4176/5732/4304 425/569/471 427/571/473
f 4176/5731/4304 427/572/473 3183/4273/3403
f 4176/5732/4304 3684/4988/3884 4177/5733/4305
f 4178/1745/1449 1326/1748/1452 4258/5734/4265
f 4178/5735/1449 2348/3120/2546 2347/3119/2545
f 4178/5735/1449 4258/5736/4265 2348/3120/2546
f 4178/5735/1449 2347/3119/2545 1324/5737/1450
f 3386/4557/3603 4179/5738/4306 1998/2655/2176
f 3386/5739/3603 258/336/290 4179/5740/4306
f 264/345/297 262/343/295 910/1207/1003
f 264/345/297 910/1207/1003 3918/1758/1462
f 853/1132/937 4310/5741/4307 4309/1133/938
f 853/1132/937 3990/5272/4062 4310/5741/4307
f 853/5742/937 3991/5434/2258 3990/5433/4062
f 853/4993/937 1001/1310/1098 3991/2759/2258
f 3560/4809/3771 2612/3475/2822 2135/2826/2323
f 3560/4809/3771 2135/2826/2323 2134/2825/2322
f 3560/4809/3771 3561/4810/3772 2612/3475/2822
f 3560/4809/3771 2134/2825/2322 1341/1769/1469
f 4180/5743/4308 3839/5215/4029 145/1383/166
f 4180/5743/4308 145/1383/166 2568/3415/2780
f 4180/5743/4308 3840/5216/4030 3839/5215/4029
f 4180/5743/4308 2568/3415/2780 1023/1339/1121
f 4180/5743/4308 1023/1339/1121 3840/5216/4030
f 528/702/585 866/1154/955 868/1156/957
f 528/702/585 868/1156/957 4132/5659/4269
f 528/702/585 4132/5659/4269 529/703/586
f 3643/5744/3847 3642/5745/3848 4181/5746/4309
f 3643/4921/3847 1878/2489/2047 1877/2488/2048
f 3643/5747/3847 4181/5748/4309 3588/4849/3798
f 3643/5747/3847 3588/4849/3798 4182/5749/4310
f 3643/4921/3847 1877/2488/2048 1977/2626/2153
f 3643/5747/3847 4182/5749/4310 1878/2487/2047
f 2831/3775/3050 3754/5087/3947 3064/4106/3282
f 2831/3775/3050 3064/4106/3282 2835/3776/3051
f 2138/2830/2327 4018/5477/4178 4012/5750/2328
f 1888/2499/2058 3107/4160/3327 2787/3713/3006
f 1380/1825/1508 4183/5751/4311 1917/2535/2091
f 1380/1825/1508 1379/1824/1507 4183/5751/4311
f 4184/32/25 524/5752/581 23/33/26
f 4184/5753/25 525/699/582 524/698/581
f 3646/4926/3851 706/5641/777 708/5754/779
f 3646/4926/3851 3648/4928/3853 706/5641/777
f 3646/4926/3851 708/5754/779 3332/4466/3547
f 3594/4856/3804 4185/5755/1888 1397/1847/1526
f 3594/5712/3804 1729/2290/1889 4185/2289/1888
f 4066/5546/4212 3996/5440/4156 955/1261/1049
f 4066/5546/4212 4186/5756/4312 4067/5547/4213
f 4066/5546/4212 4069/5549/4215 3996/5440/4156
f 4066/5546/4212 955/1261/1049 4186/5756/4312
f 3047/4086/3265 1778/3171/257 3705/5017/3904
f 823/1090/904 2732/3645/2949 4187/5757/4313
f 823/1090/904 4187/5757/4313 824/1091/905
f 830/1097/911 4188/5758/75 3707/5020/3906
f 830/1097/911 832/1099/76 4188/5758/75
f 2011/2679/2191 4171/5759/4301 2012/2680/2192
f 2011/2679/2191 2915/3889/3135 4171/5759/4301
f 1447/1906/1576 1792/2380/1958 3262/4738/3479
f 2843/3791/3060 1798/2386/1964 4189/5760/4314
f 2843/3791/3060 1454/1917/1584 2217/2960/2413
f 2843/3791/3060 4189/5760/4314 1455/1918/1585
f 2843/3791/3060 1455/1918/1585 1454/1917/1584
f 1460/1924/1590 2091/2773/2272 3678/4978/3881
f 1460/1924/1590 2092/2774/2273 2091/2773/2272
f 1460/1924/1590 4190/5761/1592 2092/2774/2273
f 1460/1924/1590 3678/4978/3881 1461/1925/1591
f 4014/5471/4173 2646/3522/2854 4191/5762/4315
f 4014/5471/4173 4191/5762/4315 2918/3896/3140
f 4192/5763/4017 4312/5764/4316 4420/5765/4018
f 4192/5766/4017 705/920/776 3444/4628/3658
f 4192/5766/4017 3444/4628/3658 4312/5767/4316
f 4192/5197/4017 3333/4468/3548 705/4467/776
f 3521/4749/3733 3009/4032/3232 3519/4750/3734
f 361/474/400 358/471/397 2109/2795/2294
f 361/474/400 2109/2795/2294 3318/4443/3533
f 613/811/682 3733/5056/3929 614/812/683
f 613/811/682 615/813/684 3254/4359/3473
f 1490/1964/1624 314/417/351 3740/5064/3936
f 2732/3645/2949 3528/4760/3740 4187/5757/4313
f 637/842/709 638/841/711 3139/5768/3359
f 637/839/709 3140/4206/3360 639/840/710
f 3842/5219/4031 4210/5187/4012 1467/5769/1599
f 3842/5219/4031 792/1051/872 4111/5626/4249
f 3842/5219/4031 4111/5626/4249 4210/5187/4012
f 660/871/732 661/872/733 2172/2885/2363
f 741/966/814 3699/5008/3898 742/967/815
f 741/966/814 2418/3220/2625 3699/5008/3898
f 3204/4300/3424 1276/1680/1399 3205/4301/3425
f 3204/4300/3424 3781/5122/3974 1276/1680/1399
f 4099/5770/4240 4193/5771/1873 4303/5772/4019
f 4099/5599/4240 4402/5773/4317 4401/5600/851
f 4099/5599/4240 4302/5509/4194 4193/5774/1873
f 4099/5599/4240 4303/5775/4019 4402/5773/4317
f 4194/5776/1697 2548/3393/2759 4040/3392/2760
f 4194/5776/1697 4195/5777/1699 2548/3393/2759
f 3536/4773/3748 3415/4590/3629 1585/2096/1730
f 3536/4773/3748 3417/4592/3631 3415/4590/3629
f 3536/4773/3748 1585/2096/1730 1584/2095/1729
f 4196/5458/4166 4008/5460/4167 4197/5778/1725
f 4196/5779/4166 4197/5780/1725 4198/5781/4318
f 4196/5782/4166 3239/4342/3459 4007/4341/3458
f 4196/5782/4166 4198/5783/4318 3239/4342/3459
f 3352/4501/3568 1663/2197/1814 2264/3015/2461
f 3352/4501/3568 204/274/229 203/273/228
f 3352/4501/3568 2264/3015/2461 204/274/229
f 1837/2435/2005 1836/2434/2004 4199/5784/4319
f 1837/2435/2005 4199/5784/4319 2971/4048/3192
f 3667/5785/3869 4200/5786/4320 4052/5530/2064
f 3667/5785/3869 3022/4053/3241 4200/5786/4320
f 3667/5785/3869 3302/5787/3518 3022/4053/3241
f 3182/4272/3402 2735/3651/2953 3183/4273/3403
f 4179/5740/4306 255/332/287 1996/2654/2175
f 4179/5740/4306 1996/2654/2175 1998/2657/2176
f 4179/5740/4306 258/336/290 255/332/287
f 789/1045/868 4201/5788/4321 792/1051/872
f 789/1045/868 3228/4325/3448 4201/5788/4321
f 3389/4560/3606 2301/3062/2499 3593/3063/2500
f 4035/5506/4192 185/249/208 4202/5789/4322
f 4035/5506/4192 4202/5789/4322 2408/3206/2614
f 4035/5506/4192 2408/3206/2614 4036/5507/4193
f 4035/5506/4192 4038/5510/2493 185/249/208
f 460/617/510 283/5790/313 3441/4624/3654
f 460/617/510 4274/619/512 283/5790/313
f 2870/3831/3089 80/107/95 2871/3832/3090
f 299/394/335 871/1161/962 4139/5673/4274
f 299/394/335 4139/5673/4274 302/397/338
f 3396/4568/3613 3642/4922/3848 1975/2623/2151
f 3396/4568/3613 1492/1966/1626 3642/4922/3848
f 3396/4568/3613 317/420/354 315/418/352
f 3396/4568/3613 315/418/352 1492/1966/1626
f 1671/2207/1823 4203/5791/4323 1674/2210/1826
f 1671/2207/1823 4204/5792/2529 4203/5791/4323
f 1671/2207/1823 2332/3102/2530 4204/5792/2529
f 775/1029/855 4125/5646/4259 4205/5793/4324
f 775/1029/855 1915/2533/2089 4125/5646/4259
f 775/1029/855 2548/3391/2759 777/1030/856
f 775/1029/855 4205/5793/4324 2548/3391/2759
f 2922/3900/3144 510/680/566 1136/1499/1247
f 2922/3900/3144 1200/1580/1316 512/682/568
f 2922/3900/3144 1136/1499/1247 1135/1498/1246
f 2922/3900/3144 512/682/568 510/680/566
f 2922/3900/3144 2926/3904/3148 1200/1580/1316
f 32/44/34 1271/1673/1394 31/45/35
f 3079/4125/3296 1152/1520/1264 1590/2102/1734
f 3079/4124/3296 1590/2103/1734 1589/2101/1733
f 4206/5794/4325 3597/4860/3808 2498/3313/2705
f 4206/5794/4325 1752/2326/1913 3597/4860/3808
f 4206/5794/4325 2498/3313/2705 1973/2619/2148
f 4206/5794/4325 1973/2619/2148 1971/2620/2147
f 4206/5794/4325 1971/2620/2147 39/5795/45
f 4206/5794/4325 39/5795/45 1752/2326/1913
f 3565/4815/3775 3342/4487/3558 44/5177/52
f 1540/2038/1682 4028/5494/4187 1541/2039/1683
f 4188/5758/75 3782/5123/3975 3707/5020/3906
f 4188/5758/75 1556/2057/1701 3782/5123/3975
f 3088/5796/3307 4408/5797/4326 4207/5798/2388
f 3088/4138/3307 4207/2918/2388 67/91/79
f 78/102/90 3089/4139/3308 4208/5799/4327
f 78/102/90 4208/5799/4327 416/104/92
f 1411/1863/1540 1399/1849/1528 3678/4978/3881
f 1411/1863/1540 3678/4978/3881 2091/2773/2272
f 84/116/101 1632/2160/1782 4061/5541/4207
f 84/116/101 1576/2085/1722 1632/2160/1782
f 84/116/101 4061/5541/4207 88/120/105
f 2163/2874/2353 726/950/800 2717/3625/2932
f 2163/2873/2353 92/127/109 90/123/108
f 2163/2874/2353 2717/3625/2932 92/125/109
f 2163/2873/2353 90/123/108 1804/2393/1970
f 3161/4239/3380 3162/4240/3381 2676/4846/2886
f 3161/4239/3380 2676/4846/2886 3962/5393/2885
f 2219/2962/2415 1359/5501/1485 117/156/135
f 4033/5503/4189 2606/3469/2816 4034/5504/4190
f 4033/5503/4189 3131/4196/3351 2607/3470/2817
f 4033/5503/4189 2607/3470/2817 2606/3469/2816
f 638/841/711 3264/4374/3481 3994/5437/4155
f 638/841/711 636/837/708 3264/4374/3481
f 638/841/711 4209/5800/4328 3139/5768/3359
f 638/841/711 3994/5437/4155 4209/5800/4328
f 4210/5801/4012 586/3578/653 1468/3579/1600
f 4210/5802/4012 1468/1936/1600 1467/1935/1599
f 1958/2598/849 1370/1806/1495 4211/5803/1497
f 1958/1018/849 4211/5804/1497 771/1019/850
f 502/667/555 932/1237/1027 3824/5190/4013
f 502/667/555 933/1238/1028 932/1237/1027
f 940/1246/1034 3454/4645/3669 4212/5805/4329
f 940/1246/1034 4212/5805/4329 943/1249/1037
f 940/1246/1034 2609/3472/2819 3454/4645/3669
f 2101/2785/2284 519/693/575 518/692/577
f 2101/2785/2284 2924/3902/3146 2497/3312/2704
f 2101/2785/2284 518/692/577 2924/3902/3146
f 4173/5727/3517 3022/4053/3241 3302/5787/3518
f 4213/5806/4330 3372/4534/3589 2316/3081/2513
f 4213/5807/4330 341/5808/379 968/1277/1065
f 4213/5806/4330 4214/5809/1062 3372/4534/3589
f 4213/5807/4330 968/1277/1065 4214/1274/1062
f 4213/5806/4330 2316/3081/2513 341/3080/379
f 542/721/601 3245/4348/3464 2899/3862/3116
f 3901/5810/4082 2284/3041/2482 3499/4716/3713
f 3901/5810/4082 3904/3045/2484 2284/3041/2482
f 3901/5303/4082 4215/5811/3712 3902/5304/612
f 3901/5810/4082 3499/4716/3713 4215/4715/3712
f 4216/5812/4331 52/73/61 2658/3545/2869
f 4216/5812/4331 2658/3545/2869 743/968/816
f 4216/5812/4331 53/74/62 52/73/61
f 4216/5812/4331 743/968/816 740/965/813
f 4216/5812/4331 740/965/813 53/74/62
f 4008/5460/4167 4287/5461/4168 4217/5813/588
f 4008/5460/4167 4217/5813/588 533/5814/591
f 4008/5460/4167 533/5814/591 4197/5778/1725
f 3501/4722/3716 1436/1896/1566 563/752/625
f 3562/4812/2846 4218/5815/4332 3563/4813/3773
f 3562/4812/2846 2537/3369/2744 4218/5815/4332
f 3562/5816/2846 2637/3372/2745 2537/3371/2744
f 2539/3375/2747 4219/5817/4333 4013/5470/4172
f 2539/3375/2747 2542/3378/2750 4219/5817/4333
f 2539/3375/2747 4013/5470/4172 145/1383/166
f 2917/3895/3139 2919/3897/3141 2645/3521/2853
f 3423/4600/3637 1204/1584/1320 1203/1583/1319
f 3423/4600/3637 2766/3690/2983 3502/4601/3638
f 3423/4600/3637 2768/3692/2985 2766/3690/2983
f 3423/4600/3637 1203/1583/1319 2768/3692/2985
f 3844/5221/4033 1474/1942/1606 2329/3095/2526
f 3844/5221/4033 797/1059/878 4220/5818/4334
f 3844/5221/4033 4220/5818/4334 1474/1942/1606
f 1981/2631/2156 1984/2634/2159 3184/4274/3404
f 2436/3243/2642 3946/5369/4117 3526/4757/3739
f 2436/3243/2642 41/59/47 3946/5369/4117
f 2436/3243/2642 42/60/48 41/59/47
f 2436/3243/2642 3526/4757/3739 2438/3245/2644
f 623/5472/692 4221/5819/3662 1600/2124/1748
f 2002/2663/2178 346/456/385 3852/5231/4039
f 2002/2663/2178 754/5820/826 346/456/385
f 2002/2663/2178 3852/5231/4039 2003/2664/2181
f 1498/1974/1631 3476/4684/3692 3326/4456/3542
f 1498/1974/1631 3326/4456/3542 1778/1975/257
f 1498/1974/1631 1500/1977/1633 3476/4684/3692
f 3889/5287/492 2531/3363/2738 4222/5821/493
f 3799/5150/3990 1117/1473/1226 4223/5822/4335
f 3799/5150/3990 4223/5822/4335 4016/5475/4176
f 2586/3442/2797 158/214/180 4096/5594/4237
f 2397/3192/2601 719/938/791 718/937/790
f 2397/3192/2601 718/937/790 2124/2814/2312
f 365/480/406 3861/479/405 4277/5724/4300
f 4106/5614/4245 4224/5823/4336 19/26/20
f 4106/5614/4245 3440/5615/3653 4224/5823/4336
f 4157/5704/4288 4158/5705/4289 4225/5824/4337
f 4157/5704/4288 377/497/420 3723/5044/3921
f 4157/5704/4288 4225/5824/4337 378/498/421
f 4157/5704/4288 378/498/421 377/497/420
f 785/1041/864 786/1042/865 1363/1799/1489
f 2999/5825/3222 4226/5826/447 4437/5827/4112
f 2999/5825/3222 402/5828/448 4226/5826/447
f 2999/4015/3222 3000/4016/3223 402/5829/448
f 2999/4015/3222 4437/5830/4112 2106/2792/2291
f 4119/5638/4256 416/555/92 413/552/460
f 4119/5638/4256 3808/5163/3996 416/555/92
f 4119/5638/4256 413/552/460 1310/1730/1434
f 3867/5258/4050 3986/5428/4151 3868/5259/4051
f 3867/5258/4050 3150/4217/3370 3985/5427/4150
f 2985/3991/3206 2984/3990/3205 4167/5720/4296
f 429/574/475 2473/3285/2680 2472/3284/2679
f 429/574/475 2472/3284/2679 430/575/476
f 1208/1594/1327 2281/3037/2477 1210/1595/1328
f 1208/4616/1327 3991/2759/2258 2079/2758/2257
f 4227/5831/4338 2080/2760/2259 4091/5581/4232
f 4227/5831/4338 1516/2001/1652 2080/2760/2259
f 4227/5831/4338 4091/5581/4232 13/19/14
f 4227/5831/4338 13/19/14 9/14/11
f 4227/5831/4338 9/14/11 1516/2001/1652
f 454/613/504 4224/5823/4336 4228/5832/4292
f 454/613/504 20/27/21 4224/5823/4336
f 2405/3201/2609 1845/2445/2015 1844/2444/2014
f 2406/3204/2612 1175/1550/1289 2407/3205/2613
f 2406/3204/2612 2410/3208/2616 1176/1551/1290
f 2406/3204/2612 1176/1551/1290 1175/1550/1289
f 2764/3688/2981 4138/5672/4273 4229/5833/4339
f 2764/3688/2981 2767/3691/2984 3495/4708/3707
f 2764/5834/2981 4229/5835/4339 2765/5360/2982
f 3446/4631/3660 3862/5253/4046 491/656/544
f 2/2/2 764/1009/841 2503/3/3
f 1221/1614/1340 4230/5836/4340 692/907/764
f 1221/1614/1340 1220/1613/1339 4230/5836/4340
f 1221/1614/1340 691/906/763 1222/1615/1341
f 1221/1614/1340 692/907/764 691/906/763
f 2663/3551/2873 143/191/164 1005/1314/1102
f 2663/3551/2873 1005/1314/1102 1001/1310/1098
f 2527/3356/2734 2269/3022/2466 1622/2149/1771
f 2527/3356/2734 1622/2149/1771 1621/2148/1770
f 2527/3356/2734 2270/3023/2467 2269/3022/2466
f 1773/2356/1938 3484/2355/1937 2014/5837/2194
f 1773/2356/1938 2014/5837/2194 2672/3561/2881
f 3045/4083/3262 139/187/160 137/185/158
f 3342/4487/3558 3345/4490/55 44/5177/52
f 1027/1343/1125 1353/1782/1479 472/631/522
f 1027/1343/1125 472/631/522 1028/1344/1126
f 3055/4095/3272 2252/3000/2448 5/8/6
f 3055/4095/3272 4231/5838/4341 3056/4096/3273
f 3055/4095/3272 5/8/6 4231/5838/4341
f 3570/4821/3780 4356/5839/4342 878/5385/969
f 3570/4821/3780 3527/3640/2943 4356/5839/4342
f 4203/5791/4323 4232/5840/4123 4233/5841/4343
f 4203/5842/4323 4204/3099/2529 2650/3527/2858
f 4203/5791/4323 4233/5841/4343 1674/2210/1826
f 4203/5842/4323 2650/3527/2858 4232/5380/4123
f 416/555/92 3857/5240/4043 4017/5476/4177
f 416/555/92 4016/5475/4176 4223/5822/4335
f 416/555/92 4017/5476/4177 4016/5475/4176
f 416/104/92 4208/5799/4327 4234/5843/4344
f 416/104/92 3645/4925/3850 3274/4387/3491
f 416/104/92 4234/5843/4344 4189/5760/4314
f 416/104/92 4189/5760/4314 1798/2386/1964
f 416/555/92 2212/2954/2407 2211/2953/2406
f 416/555/92 4223/5822/4335 2212/2954/2407
f 2692/3598/2905 2691/3597/2906 3959/4713/3711
f 3279/4394/3496 2516/3340/2722 3170/4253/3389
f 3279/4394/3496 2517/3341/2723 2516/3340/2722
f 1279/244/205 2410/3208/2616 182/245/206
f 1077/1413/1182 4381/4403/3503 4112/5627/115
f 928/1231/1023 2486/3298/2693 1946/2580/2118
f 928/1231/1023 461/620/513 2486/3298/2693
f 3963/5394/2120 3998/5442/4158 1950/5844/2121
f 2152/2856/2343 4427/5845/4345 2153/2857/2344
f 2152/2856/2343 384/507/428 386/509/425
f 2152/2856/2343 386/509/425 4427/5845/4345
f 3967/5399/4133 947/1253/1041 1294/1707/1415
f 3967/5399/4133 1190/5846/1306 947/1253/1041
f 3967/5403/4133 4383/5847/4346 1190/5848/1306
f 3967/5403/4133 4385/5402/4135 4383/5847/4346
f 1836/5849/2004 4235/5850/4347 4199/5851/4319
f 1836/5849/2004 3422/5852/3636 4235/5850/4347
f 2499/3314/2706 3816/5175/4004 2500/3315/2707
f 152/208/172 151/207/174 1634/2163/1784
f 152/208/172 1634/2163/1784 3772/5112/3729
f 3303/4428/3520 2171/2882/2360 2170/2881/2359
f 3303/4428/3520 3426/4604/3640 3304/4429/3521
f 4236/5853/4348 4074/5556/4219 4075/5557/4220
f 4236/5853/4348 4320/5854/4349 4322/5855/4350
f 4236/5853/4348 4322/5855/4350 4074/5556/4219
f 4236/5853/4348 3673/4970/3876 4320/5854/4349
f 4236/5853/4348 4075/5557/4220 3675/4972/3878
f 4236/5853/4348 3675/4972/3878 3673/4970/3876
f 2145/2847/2335 4237/5856/4351 2146/2848/2336
f 2145/2847/2335 3515/5857/3727 4238/5858/3137
f 2145/2847/2335 2641/3515/2849 4237/5856/4351
f 2145/2847/2335 2148/2850/2338 3515/5857/3727
f 2145/2847/2335 4238/5858/3137 2641/3515/2849
f 4153/5700/4285 3516/4743/3728 2573/3422/2785
f 4153/5700/4285 3468/4673/3682 4154/5701/4286
f 4153/5700/4285 2573/3422/2785 3468/4673/3682
f 1472/1940/1604 1474/1942/1606 4220/5818/4334
f 1472/1940/1604 4113/5859/4250 4112/133/115
f 1472/5860/1604 4239/5861/4352 4113/5628/4250
f 1472/1940/1604 4220/5818/4334 4239/5862/4352
f 717/936/789 2125/2815/2313 718/937/790
f 732/957/805 879/1169/970 3926/5337/4100
f 3834/5206/4025 3835/5207/4026 4005/5456/4164
f 3834/5206/4025 4005/5456/4164 4240/5863/4353
f 3834/5206/4025 4240/5863/4353 1391/1840/1520
f 2078/2757/2256 3135/4200/3355 3928/5339/4102
f 2078/2757/2256 1764/2341/1926 3136/4201/3356
f 2078/2757/2256 3136/4201/3356 3135/4200/3355
f 4241/5864/4354 2459/3271/2666 1439/1899/1569
f 4241/5864/4354 1439/1899/1569 2129/2820/2318
f 3930/5865/4104 4242/5866/4263 3437/4620/3650
f 3930/5865/4104 3437/4620/3650 3931/4917/3846
f 4074/5556/4219 4322/5855/4350 3936/5350/4108
f 4074/5556/4219 3936/5350/4108 3934/5349/4107
f 3657/4947/3860 2787/3713/3006 3107/4160/3327
f 2621/3485/2831 382/505/427 3651/5867/3855
f 1919/2537/2093 3981/5422/4146 2623/3487/2833
f 1919/2537/2093 2622/3486/2832 1920/2538/2094
f 1919/2537/2093 2623/3487/2833 2622/3486/2832
f 592/787/656 591/786/658 1924/5868/2098
f 592/784/656 1924/2546/2098 1923/2545/2097
f 3940/5869/4111 3694/5002/3893 3941/5001/3892
f 3940/5870/4111 4129/5654/4266 3694/5871/3893
f 3943/5366/4114 1276/1680/1399 3781/5122/3974
f 3943/5366/4114 3781/5122/3974 808/1072/889
f 3943/5366/4114 3944/5367/4115 1276/1680/1399
f 2686/3585/2900 3890/5289/4071 4130/5656/4267
f 2686/3585/2900 2687/3588/2901 3890/5289/4071
f 3219/4316/3439 4243/5872/4355 4244/5873/2805
f 3219/4316/3439 2043/2716/2223 1940/2574/2112
f 3219/4316/3439 4244/5873/2805 2043/2716/2223
f 3219/4316/3439 3220/4317/3440 4243/5872/4355
f 292/384/328 1635/2164/1785 1636/2166/1786
f 292/384/328 1636/2166/1786 296/390/332
f 292/384/328 824/1091/905 1635/2164/1785
f 3512/4737/3723 2110/2796/2295 358/471/397
f 3512/4737/3723 2111/2797/2296 2110/2796/2295
f 2946/3941/3169 2948/3940/3170 3932/5343/3574
f 2634/4666/2844 2363/3141/2563 2884/3846/3103
f 2634/4666/2844 2884/3846/3103 3777/5117/1147
f 1404/1856/1533 1629/2157/1779 4245/5874/4356
f 1404/1856/1533 4245/5874/4356 1412/1864/1541
f 1632/2160/1782 149/203/173 4061/5541/4207
f 1632/2160/1782 151/204/174 149/203/173
f 4197/2088/1725 1033/1353/1135 4198/5875/4318
f 3414/4589/3628 3416/4591/3630 1144/1507/1255
f 2651/3528/2859 2336/3106/2534 2339/3109/2537
f 2651/3528/2859 2339/3109/2537 4246/5876/4290
f 2651/5706/2859 3399/4571/3615 3128/4191/2860
f 1158/1527/1269 2158/2863/2348 1161/1530/1272
f 2346/3118/2544 251/328/283 4247/5877/4357
f 2346/3118/2544 4152/5699/4284 4151/5698/4283
f 2346/3118/2544 4151/5698/4283 2347/3119/2545
f 2346/3118/2544 4247/5877/4357 4152/5699/4284
f 4248/5878/4358 3924/5330/4097 3779/5120/3972
f 4248/5878/4358 3921/5331/4098 3924/5330/4097
f 4248/5878/4358 2351/3124/2550 2353/3126/2552
f 4248/5878/4358 2353/3126/2552 3921/5331/4098
f 4248/5878/4358 3779/5120/3972 2351/3124/2550
f 2804/3741/3023 4059/5539/3607 2805/3742/3024
f 2804/3741/3023 3636/4911/3842 2618/5879/2828
f 2804/3741/3023 2806/3743/3025 3636/4911/3842
f 2804/3741/3023 2618/5879/2828 4059/5539/3607
f 2668/3556/2878 4249/5880/4359 3481/4690/3695
f 2668/3556/2878 4105/5613/4244 4249/5880/4359
f 1180/1555/1294 1181/1557/1296 3856/5239/4042
f 494/659/547 3150/4217/3370 1183/1559/1298
f 494/659/547 1690/2235/1841 3150/4217/3370
f 3151/4218/3371 1822/2420/1990 1950/2589/2121
f 3151/5881/3371 1950/5844/2121 3998/5442/4158
f 3151/5881/3371 3998/5442/4158 1189/1567/1304
f 1290/1703/1411 4283/4220/3373 1291/1704/1412
f 1290/1703/1411 2861/3816/3078 4283/4220/3373
f 4250/1993/1648 4000/5446/1859 1381/1826/1509
f 4250/1993/1648 1381/1826/1509 1514/1994/1649
f 4250/5882/1648 1513/3009/1647 2070/2748/1856
f 4252/1601/1330 4253/1114/926 4251/5883/4360
f 4252/5884/1330 4251/5885/4360 1212/1607/1331
f 4252/1601/1330 1217/1609/1336 4253/1114/926
f 1222/1615/1341 683/898/755 1223/1616/1342
f 1222/1615/1341 691/906/763 683/898/755
f 3917/5325/4094 1871/2479/2041 2039/2712/2219
f 3917/5325/4094 1873/2481/2043 1871/2479/2041
f 3611/4878/3823 3612/4879/3824 2044/2717/2224
f 3611/4878/3823 2044/2717/2224 2046/2719/2226
f 3611/4878/3823 2046/2719/2226 3499/4716/3713
f 3611/4878/3823 3499/4716/3713 2284/3041/2482
f 2288/3048/2486 2291/3051/2489 3780/5121/3973
f 2288/3048/2486 3780/5121/3973 3167/4250/3386
f 645/855/718 2198/2925/2390 3563/4813/3773
f 645/855/718 3563/4813/3773 647/857/720
f 1252/1650/1374 3724/5046/3923 3721/5042/3919
f 1252/1650/1374 3721/5042/3919 3862/5253/4046
f 971/1280/1068 1505/1983/1639 972/1281/1069
f 981/1290/1078 4308/5886/4361 4392/2132/1756
f 981/1290/1078 118/157/136 4308/5886/4361
f 981/1290/1078 4392/2132/1756 982/1291/1079
f 981/1290/1078 978/1287/1075 118/157/136
f 3185/4275/3405 4253/5887/926 3186/4276/3406
f 3185/4275/3405 4251/5885/4360 4253/5887/926
f 3185/4275/3405 3184/4274/3404 4251/5885/4360
f 3872/5263/4054 3874/5265/4056 3999/5444/4159
f 1769/5888/1932 3954/5381/4124 3732/5055/1933
f 1769/5888/1932 2988/3994/3209 3954/5381/4124
f 1769/5889/1932 4254/5890/4362 2988/5891/3209
f 1769/5889/1932 1254/5892/1376 4254/5890/4362
f 2484/3296/2691 2485/3297/2692 3947/5370/4118
f 2484/3296/2691 3947/5370/4118 40/58/46
f 2484/3296/2691 40/58/46 1970/2616/2146
f 3206/4302/3426 1017/1333/1116 1015/1331/1114
f 1499/1976/1632 3746/5893/3940 1500/1977/1633
f 1499/1976/1632 3747/4857/3805 3746/5893/3940
f 3596/4859/3807 2245/2993/2441 2246/2994/2442
f 3596/4859/3807 2408/3206/2614 2245/2993/2441
f 3314/2786/2285 2100/2783/2282 3598/4861/3809
f 3314/4439/2285 3059/5622/3277 3120/4182/3342
f 3314/2786/2285 3598/4861/3809 3059/4100/3277
f 1040/1362/630 2725/3634/2941 1041/1363/1143
f 3785/5131/3978 3663/5130/2109 4255/5894/1149
f 3785/5128/3978 4255/1376/1149 3776/5118/3970
f 3785/5128/3978 4256/5895/1924 3380/5037/3599
f 3785/5128/3978 3776/5118/3970 4256/5895/1924
f 3755/5090/3950 581/773/646 3905/5311/4085
f 3755/5090/3950 2638/3512/2847 581/773/646
f 1633/2162/1783 1635/2164/1785 3533/4766/3745
f 1633/2162/1783 2474/3286/2681 1634/2163/1784
f 2955/3955/3177 3007/4029/3230 3555/4804/3766
f 3028/4063/3247 1643/2173/1793 4156/5703/3956
f 2887/3849/3106 1654/2184/1804 1653/2183/1803
f 2887/3849/3106 608/805/676 3129/4194/3349
f 2887/3849/3106 2889/3851/3108 608/805/676
f 2887/3849/3106 3129/4194/3349 1654/2184/1804
f 2750/3669/2965 2749/3668/2964 4007/4341/3458
f 2751/3676/2967 3766/5106/3962 3937/5356/2968
f 4257/5651/4264 3374/4537/3593 3376/4541/3595
f 4257/5651/4264 3622/4892/3832 3374/4537/3593
f 4257/5896/4264 3460/4659/3677 4361/4656/3675
f 4257/5896/4264 3376/4539/3595 3460/4659/3677
f 4257/5896/4264 4361/4656/3675 4258/5897/4265
f 4100/5604/4241 688/903/760 1724/2283/1882
f 4100/5604/4241 689/904/761 688/903/760
f 4100/5604/4241 1724/2283/1882 2040/2713/2220
f 3506/4730/3120 2903/5157/3122 3507/4731/3719
f 3506/3870/3120 4259/5898/2996 4332/3871/3121
f 2978/1713/1420 1297/1718/1419 3814/5172/4002
f 2978/1713/1420 3814/5172/4002 2979/5171/3200
f 2978/3984/1420 2981/3987/3202 4260/5899/1421
f 650/861/722 655/866/727 3711/5024/3910
f 4018/5477/4178 4011/4170/3334 4012/5750/2328
f 4018/5477/4178 4019/5478/4179 4261/5900/4363
f 4018/5477/4178 4261/5900/4363 3113/4171/3335
f 4018/5477/4178 3113/4171/3335 4011/4170/3334
f 4045/5901/4198 4262/5902/4364 4263/5903/4365
f 4045/5519/4198 4423/5904/4366 4046/5520/4199
f 4045/5901/4198 2112/2798/2297 2113/2799/2298
f 4045/5905/4198 4264/5906/4200 2112/5907/2297
f 4045/5901/4198 2113/2799/2298 4262/5902/4364
f 4045/5519/4198 4263/5908/4365 4423/5904/4366
f 3583/4841/3792 3549/5909/3759 4265/5910/4367
f 3583/4841/3792 3550/4843/3760 3549/5909/3759
f 3583/4841/3792 4265/5910/4367 3584/4842/3793
f 3699/5008/3898 3700/5009/3899 742/967/815
f 3699/5008/3898 2418/3220/2625 3925/5335/535
f 3066/4109/3284 1688/2232/1839 1687/2231/1838
f 3066/4109/3284 3483/4696/3696 1688/2232/1839
f 3066/4109/3284 1121/1477/1230 3483/4696/3696
f 3705/5017/3904 1778/3171/257 2384/3170/2587
f 3705/5017/3904 2384/3170/2587 2382/3166/2585
f 2934/3919/3158 3952/5378/4121 2935/3920/2549
f 2934/3919/3158 2394/3187/2598 2390/3182/2595
f 3707/5020/3906 3782/5123/3975 560/749/622
f 895/1186/987 3674/4971/3877 896/1187/988
f 2407/3205/2613 1175/1550/1289 2646/3522/2854
f 3881/5277/4063 1200/1580/1316 2926/3904/3148
f 3881/5277/4063 3882/5278/4064 2271/3024/2468
f 3881/5277/4063 2271/3024/2468 1200/1580/1316
f 3472/4677/3686 3517/4747/3732 3473/4678/3687
f 2482/3294/2689 1862/2467/2033 919/1219/1013
f 2482/3294/2689 3319/4445/3535 1862/2467/2033
f 2429/3233/2635 1481/1952/1615 1480/1951/1614
f 2429/3233/2635 1480/1951/1614 2430/3234/2636
f 2429/3233/2635 2433/3238/2639 1481/1952/1615
f 3616/4884/3829 3617/4885/3830 2711/3619/2926
f 3616/4884/3829 2711/3619/2926 3428/4607/3643
f 3616/4884/3829 3324/4451/3540 3323/4450/3539
f 3528/4760/3740 430/575/476 2472/3284/2679
f 3528/4760/3740 3533/4766/3745 4266/5911/4368
f 3528/4760/3740 4266/5911/4368 4187/5757/4313
f 639/840/710 4394/5912/4369 4267/5913/3691
f 639/840/710 3140/4206/3360 4394/5912/4369
f 639/5914/710 4267/5915/3691 4268/5916/712
f 2503/3/3 764/1009/841 762/5917/840
f 4269/5918/4370 2467/3279/2674 1628/2155/1777
f 4269/5918/4370 894/1185/986 2467/3279/2674
f 4269/5918/4370 3532/4765/3744 897/1188/989
f 4269/5918/4370 1628/2155/1777 3532/4765/3744
f 4269/5918/4370 897/1188/989 894/1185/986
f 1413/1865/1542 1402/1853/1531 2845/3793/3062
f 3033/3881/3128 4270/5462/4169 2908/3882/3129
f 3033/4068/3128 4154/5701/4286 4270/5919/4169
f 1477/1946/1609 101/1945/119 4381/4403/3503
f 1477/1946/1609 3286/4402/3502 1478/1947/1610
f 1477/1946/1609 4381/4403/3503 3286/4402/3502
f 3653/4936/3856 4271/5920/4233 3652/4937/3857
f 3653/4938/3856 13/19/14 4091/5581/4232
f 4224/5823/4336 3440/5615/3653 3439/5921/3652
f 4224/5823/4336 3439/5921/3652 4228/5832/4292
f 4224/5823/4336 20/27/21 19/26/20
f 3542/4782/3753 1832/2430/2000 1831/2429/1999
f 4125/5646/4259 1915/2533/2089 2365/3143/2565
f 4125/5646/4259 4127/5648/4261 4272/5922/4371
f 4125/5646/4259 4272/5922/4371 4205/5793/4324
f 4125/5646/4259 2365/3143/2565 2496/3311/2703
f 4002/5923/4160 4273/5924/4045 4050/5925/3554
f 4002/5926/4160 4369/5927/4161 4273/5928/4045
f 1213/1603/1332 3669/4965/3871 2501/3317/2709
f 1213/1603/1332 2501/3317/2709 1214/1604/1333
f 4056/55/43 37/53/41 4174/5929/4302
f 3718/5930/3914 1762/2337/1922 1317/1737/1441
f 3718/5930/3914 1317/1737/1441 1315/1735/1439
f 3718/5930/3914 3717/5931/3915 1762/2337/1922
f 3718/5930/3914 1315/1735/1439 482/5932/534
f 3183/4273/3403 2735/3651/2953 2737/3650/2952
f 1896/2510/2069 3603/4866/3814 1900/2514/2073
f 1896/2510/2069 3434/4617/3647 3603/4866/3814
f 856/1140/942 277/358/310 274/355/307
f 856/1140/942 1341/1769/1469 2134/2825/2322
f 856/1140/942 2134/2825/2322 857/1141/943
f 283/366/313 282/365/316 3441/5573/3654
f 283/5933/313 4274/5934/512 279/5351/314
f 3839/5215/4029 2540/3376/2748 145/1383/166
f 3642/4922/3848 1492/1966/1626 4181/5935/4309
f 3572/4823/3782 4275/5936/4372 3573/4824/3783
f 973/1282/1070 975/1284/1072 4256/2339/1924
f 973/1282/1070 4256/2339/1924 3776/5116/3970
f 529/705/586 4132/5660/4269 530/706/587
f 2451/3260/2658 3260/4367/3478 4276/5937/4373
f 2451/3260/2658 4276/5937/4373 2077/2756/2255
f 2192/4136/2383 3010/4034/2382 3806/5161/3995
f 2192/2913/2383 362/475/401 360/473/399
f 2192/2913/2383 360/473/399 2193/2914/2384
f 2192/2913/2383 1949/2588/2125 362/475/401
f 4277/5938/4300 2012/2680/2192 4171/5759/4301
f 4277/5938/4300 3861/5251/405 2012/2680/2192
f 3978/5418/4144 3767/5107/3963 621/3616/690
f 3978/5418/4144 3179/4262/3398 3178/4261/3397
f 3978/5418/4144 621/3616/690 3179/4262/3398
f 784/1040/863 3243/4346/3462 4278/5939/4374
f 784/1040/863 1363/1799/1489 786/1042/865
f 784/1040/863 4278/5939/4374 1363/1799/1489
f 2203/2941/2396 3771/5111/3967 4279/5940/4375
f 2203/2941/2396 2202/2945/2394 3771/5111/3967
f 2833/3778/3052 3063/4104/3281 4280/5941/4376
f 2833/3778/3052 4280/5941/4376 233/309/264
f 2833/3778/3052 2835/3780/3051 3063/4104/3281
f 2833/3778/3052 233/309/264 2834/308/263
f 1687/2231/1838 1686/2230/1837 2632/3498/2842
f 3103/4156/3323 4142/5678/4277 3104/4157/3324
f 1295/1708/1416 1293/1706/1414 3361/4516/3581
f 2229/2975/2425 3593/5942/2500 715/5567/786
f 3441/5573/3654 282/365/316 4085/5574/4228
f 2995/4011/3218 1029/1345/1127 1028/1344/1126
f 2995/4011/3218 675/889/747 673/887/745
f 1747/2319/1909 7/11/8 2251/2999/2447
f 1032/1351/1133 4031/1350/1132 3813/5169/4001
f 1032/1351/1133 3813/5169/4001 2653/3532/2861
f 1035/1355/1137 3123/4186/3344 1036/1356/1138
f 1035/1355/1137 3124/4187/3345 3123/4186/3344
f 1035/1355/1137 2060/1358/1140 4281/5943/2239
f 1035/1355/1137 3751/5082/3943 3124/4187/3345
f 1035/1355/1137 4281/5943/2239 3751/5082/3943
f 4164/5717/3946 4282/5944/3948 4280/5941/4376
f 4164/5717/3946 4280/5941/4376 4165/5718/4294
f 1503/1981/1637 2361/3138/2560 2261/3012/2458
f 4283/5945/3373 4284/5473/4174 2994/4006/3215
f 4283/4220/3373 2861/3816/3078 4284/5946/4174
f 2497/3312/2704 2923/3901/3145 1137/1500/1248
f 2497/3312/2704 1137/1500/1248 1132/1495/1243
f 2497/3312/2704 2924/3902/3146 2923/3901/3145
f 3154/5666/3374 1210/1595/1328 2280/3036/2476
f 535/714/594 1529/2020/1667 536/715/595
f 1532/2024/1671 1533/2025/1672 4094/5590/4235
f 1532/2024/1671 4003/5454/4162 546/725/605
f 1532/2024/1671 3634/4908/3841 4003/5454/4162
f 1532/2024/1671 4094/5590/4235 3634/4908/3841
f 3462/1192/993 899/1190/991 3463/5947/449
f 1611/2136/1760 3136/4201/3356 1764/2341/1926
f 1611/2136/1760 135/183/156 3136/4201/3356
f 3740/5064/3936 314/417/351 316/419/353
f 3740/5064/3936 316/419/353 1561/2062/1706
f 2313/3077/2511 1779/2365/1945 3051/4091/3268
f 2313/3077/2511 3051/4091/3268 3050/4090/3267
f 2313/3077/2511 3050/4090/3267 4107/5669/4246
f 1583/2094/1728 1473/1941/1605 99/135/117
f 1527/2017/1664 4285/5948/4377 4286/5949/4378
f 1527/2017/1664 4391/2018/1665 4285/5948/4377
f 1527/2017/1664 4286/5949/4378 1683/2227/1836
f 3475/4680/3689 1590/2102/1734 1152/1520/1264
f 3475/4680/3689 1274/1676/1397 1590/2102/1734
f 1595/2119/1743 2640/3514/2848 1596/2120/1744
f 1595/2119/1743 3025/4057/3244 2640/3514/2848
f 3186/4276/3406 4253/5887/926 845/5950/927
f 3186/4276/3406 845/5950/927 4149/5696/925
f 3922/4018/2866 3787/5134/3980 3001/4019/3224
f 3922/4018/2866 3921/5951/4098 3787/5134/3980
f 634/833/704 459/616/509 3442/4625/3655
f 4287/5952/4168 4270/5919/4169 4288/5953/4379
f 4287/5952/4168 4288/5953/4379 531/708/589
f 4287/5952/4168 531/708/589 4217/707/588
f 2168/2879/2357 2171/2882/2360 1124/1480/1233
f 2168/2879/2357 1124/1480/1233 4289/5954/4380
f 2168/2879/2357 4290/5955/4381 2169/2880/2358
f 2168/2879/2357 4289/5954/4380 4290/5955/4381
f 949/1255/1043 3069/4112/3287 3658/4948/3861
f 4291/5956/4382 4292/5957/4383 4284/5473/4174
f 4291/5958/4382 4284/5946/4174 2861/3816/3078
f 4291/5958/4382 2861/3816/3078 2860/3815/3077
f 4291/5958/4382 3557/4806/3768 4292/5959/4383
f 4291/5958/4382 2860/3815/3077 3557/4806/3768
f 2610/3473/2820 2612/3475/2822 3561/4810/3772
f 2610/3473/2820 1276/1682/1399 2611/3474/2821
f 2610/3473/2820 3561/4810/3772 1276/1682/1399
f 3211/4307/3431 2912/3886/3133 621/3616/690
f 3211/4307/3431 711/929/782 713/931/784
f 3211/4307/3431 713/931/784 2912/3886/3133
f 4293/5960/4384 3644/4924/3849 882/1172/973
f 4293/5961/4384 882/5962/973 4294/5963/4385
f 1880/2491/2050 2695/3601/2909 1881/2492/2051
f 1880/2491/2050 1883/2494/2053 3105/4158/3325
f 1880/2491/2050 2696/3602/2910 2695/3601/2909
f 1880/2491/2050 3105/4158/3325 2696/3602/2910
f 2734/3648/2951 3974/5410/4140 217/4176/245
f 2734/3648/2951 217/4176/245 2736/3649/243
f 2734/3648/2951 2735/3651/2953 3974/5410/4140
f 3191/5964/3410 397/530/443 4295/5965/3411
f 3191/5964/3410 4218/5815/4332 2537/3369/2744
f 3191/5964/3410 2537/3369/2744 397/530/443
f 3191/5964/3410 3193/5966/3413 4218/5815/4332
f 3818/5178/4006 1302/1721/1426 1893/2507/2066
f 587/781/654 1620/2145/1769 588/782/655
f 587/781/654 446/2146/496 1620/2145/1769
f 4296/5967/4386 3970/5406/4136 4297/5968/4387
f 4296/5967/4386 4298/5969/1295 3276/4389/3493
f 4296/5967/4386 4299/5970/4388 4298/5969/1295
f 4296/5967/4386 4297/5968/4387 4421/5971/4389
f 4296/5967/4386 4421/5971/4389 4299/5970/4388
f 4296/5967/4386 3276/4389/3493 3970/5406/4136
f 3241/2605/2139 1666/4833/1818 1963/2606/2140
f 3241/4344/2139 1962/3020/2138 2267/3019/2464
f 3804/5155/3993 3626/4897/3835 3070/4113/3288
f 1335/1760/1463 4376/5972/4390 4375/1761/1464
f 1335/1760/1463 1924/2548/2098 4376/5972/4390
f 1934/2562/2105 1936/2564/2107 2773/3697/2990
f 1934/2562/2105 2773/3697/2990 3944/5367/4115
f 2083/2764/2263 3524/4755/3737 3523/4754/3736
f 2083/2764/2263 3655/2763/2262 3524/4755/3737
f 2776/3700/2993 3081/4127/3298 3817/5176/4005
f 2776/3700/2993 3817/5176/4005 2777/3701/2994
f 3924/5334/4097 3923/5333/4099 4271/5920/4233
f 3924/5334/4097 4271/5920/4233 3779/5973/3972
f 4300/5974/1739 4301/5975/3018 4430/5976/3657
f 4300/2111/1739 4430/5977/3657 709/2112/780
f 169/227/192 172/231/196 2928/3908/3152
f 169/227/192 2928/3908/3152 618/816/687
f 2220/2963/2416 250/327/282 252/329/284
f 2220/2963/2416 2221/2964/2417 250/327/282
f 2220/2963/2416 2425/3229/2631 2427/3231/2633
f 2220/2963/2416 2427/3231/2633 986/1295/1083
f 1704/2255/1857 2070/2254/1856 257/335/289
f 1339/1767/1467 3357/4512/3577 1276/1682/1399
f 1339/1767/1467 1276/1682/1399 1340/1768/1468
f 2387/3177/2591 1718/2276/1875 1720/2279/1878
f 3123/4186/3344 4108/5623/4247 1036/1356/1138
f 881/1171/972 4054/5533/4202 4109/5624/4248
f 881/1171/972 885/1175/976 4054/5533/4202
f 881/1171/972 4286/5949/4378 882/1172/973
f 881/1171/972 4109/5624/4248 4286/5949/4378
f 1774/2358/1940 2960/2359/1941 4027/5493/3182
f 1774/2358/1940 4027/5493/3182 4026/5492/4186
f 1774/2358/1940 4026/5492/4186 3483/4694/3696
f 174/229/194 1989/2637/2162 171/230/195
f 174/5978/194 173/4025/190 3003/4024/3226
f 176/237/198 532/709/590 530/706/587
f 176/237/198 1542/2040/1684 1538/2036/1680
f 176/237/198 1538/2036/1680 177/238/199
f 176/237/198 180/241/202 532/709/590
f 176/237/198 530/706/587 1542/2040/1684
f 4193/5979/1873 4302/5980/4194 4039/5981/1874
f 4193/2274/1873 3828/2277/1876 4303/5982/4019
f 3519/4750/3734 3008/4031/3231 3960/5390/4129
f 3519/4750/3734 3009/4032/3232 3008/4031/3231
f 3519/4750/3734 3960/5390/4129 3815/5173/4003
f 2656/3542/2867 252/3543/284 249/5359/280
f 2656/3542/2867 249/5359/280 4041/5514/4195
f 927/1230/1022 4304/5983/4391 929/1232/511
f 927/1230/1022 3962/5393/2885 4305/5984/4221
f 927/1230/1022 4305/5984/4221 4304/5983/4391
f 1822/2420/1990 1821/2419/1989 1950/2589/2121
f 2863/3822/3083 747/978/818 664/875/736
f 688/903/760 690/905/762 1724/2283/1882
f 2203/5985/2396 1778/302/257 4118/5637/4255
f 2203/5985/2396 4118/5637/4255 4306/5986/2397
f 2203/2941/2396 4279/5940/4375 1778/3168/257
f 871/1161/962 4138/5672/4273 4139/5673/4274
f 871/5987/962 3257/4364/3476 4138/5988/4273
f 871/5987/962 3258/4365/961 3257/4364/3476
f 4308/5886/4361 118/157/136 3870/159/138
f 4308/5886/4361 4307/5989/3641 4392/2132/1756
f 4308/5990/4361 3427/4606/3642 4307/4605/3641
f 4308/5990/4361 3870/5261/138 3427/4606/3642
f 4253/1114/926 1217/1609/1336 2072/2751/2250
f 4230/5836/4340 3429/4608/3644 692/907/764
f 4230/5836/4340 1220/1613/1339 3627/4899/3836
f 4230/5836/4340 3627/4899/3836 3429/4608/3644
f 2004/2665/2182 2000/2661/2180 3686/4990/3886
f 2004/2665/2182 3686/4990/3886 750/981/822
f 2872/3833/3091 4310/5741/4307 2873/3834/3092
f 2872/5991/3091 4309/5992/938 4310/5993/4307
f 2872/5991/3091 2880/3839/3097 4309/5992/938
f 4311/2775/2274 2092/2774/2273 4190/5761/1592
f 4311/2775/2274 4190/5761/1592 2618/5994/2828
f 4311/5995/2274 2618/5879/2828 3636/4911/3842
f 1353/1782/1479 2544/3380/2752 473/632/523
f 1353/1782/1479 1352/1781/1478 2544/3380/2752
f 1353/1782/1479 473/632/523 472/631/522
f 966/1275/1063 3794/5144/3986 476/636/527
f 966/1275/1063 410/549/457 3272/4385/3489
f 966/1275/1063 3272/4385/3489 3794/5144/3986
f 4312/5996/4316 4402/5997/4317 4420/5998/4018
f 4312/5999/4316 4405/6000/4392 773/6001/852
f 4312/6002/4316 773/6003/852 4402/6004/4317
f 4312/6005/4316 3444/6006/3658 4405/6007/4392
f 2104/2790/2289 3212/4308/3432 4313/6008/4393
f 2104/2790/2289 4313/6008/4393 2105/2791/2290
f 1824/2422/1992 1825/2423/1993 2113/2799/2298
f 1824/2422/1992 2113/2799/2298 2111/2797/2296
f 1575/2083/1720 4243/5872/4355 3220/4317/3440
f 1575/2083/1720 4417/2084/1721 4314/6009/2302
f 1575/2083/1720 1049/1384/1153 1048/1382/1152
f 1575/2083/1720 3220/4317/3440 1049/1384/1153
f 1575/2083/1720 4314/6009/2302 4243/5872/4355
f 1635/2164/1785 4187/5757/4313 4266/5911/4368
f 1635/2164/1785 4266/5911/4368 3533/4766/3745
f 1635/2164/1785 824/1091/905 4187/5757/4313
f 3788/5136/3981 2765/5360/2982 4229/5835/4339
f 3788/5136/3981 3230/4327/3449 2765/5360/2982
f 3788/5136/3981 4315/6010/4394 1062/1398/1167
f 3788/5136/3981 4229/5835/4339 4315/6010/4394
f 3788/5136/3981 1062/1398/1167 1061/1397/1166
f 4292/5959/4383 2670/3558/2880 2669/3557/2879
f 4292/5959/4383 3557/4806/3768 2670/3558/2880
f 4292/5957/4383 4316/6011/4395 4284/5473/4174
f 4292/5957/4383 2669/4693/2879 4316/6011/4395
f 2611/3474/2821 4317/6012/4396 2534/3366/2741
f 2611/3474/2821 1276/1682/1399 4317/6012/4396
f 4237/5856/4351 2640/3514/2848 3025/4057/3244
f 4237/5856/4351 3025/4057/3244 2146/2848/2336
f 4237/5856/4351 2641/3515/2849 2640/3514/2848
f 3965/5396/4130 3966/5397/4131 2029/2701/2210
f 3965/5396/4130 3489/4702/3701 385/508/429
f 3965/5396/4130 2029/2701/2210 3489/4702/3701
f 3965/5396/4130 385/508/429 384/507/428
f 947/1253/1041 1190/5846/1306 1191/1568/1305
f 4235/5850/4347 2200/2931/2393 4347/6013/4397
f 4235/5850/4347 2201/2932/1208 2200/2931/2393
f 4235/5850/4347 4347/6013/4397 4199/5851/4319
f 4235/5850/4347 3422/5852/3636 2201/2932/1208
f 3903/5308/4083 1682/2219/1834 2975/3981/3197
f 3903/5308/4083 548/2220/609 1682/2219/1834
f 33/48/36 31/45/35 301/396/337
f 4318/6014/4398 4319/6015/4399 3248/4353/3467
f 4318/6014/4398 3982/5424/4147 897/4212/989
f 4318/6014/4398 3248/4353/3467 3250/4355/3469
f 4318/6014/4398 897/4212/989 4319/6015/4399
f 4318/6014/4398 3250/4355/3469 3982/5424/4147
f 4320/6016/4349 4321/6017/3875 574/765/638
f 4320/5854/4349 3673/4970/3876 4321/4969/3875
f 4320/6016/4349 574/765/638 576/767/640
f 4320/6016/4349 576/767/640 4322/6018/4350
f 4323/6019/4400 4324/6020/4401 4325/6021/4402
f 4323/6019/4400 3676/4973/3879 1419/1872/1548
f 4323/6019/4400 4325/6021/4402 3676/4973/3879
f 4323/6019/4400 1412/1864/1541 4245/5874/4356
f 4323/6019/4400 1419/1872/1548 1412/1864/1541
f 4323/6019/4400 4245/5874/4356 4324/6020/4401
f 1576/2085/1722 296/391/332 1636/6022/1786
f 1576/2085/1722 1577/2086/1723 296/391/332
f 3908/5314/4086 4326/6023/4403 222/295/250
f 3908/5314/4086 4068/5548/4214 4186/5756/4312
f 3908/5314/4086 4186/5756/4312 4326/6023/4403
f 3908/5314/4086 3471/4676/3685 4068/5548/4214
f 3845/3149/2571 798/1060/879 799/1061/880
f 3845/3149/2571 4327/6024/3150 2370/3150/2572
f 3847/5224/2451 1313/1733/1437 3795/1960/1620
f 1037/1357/1139 1322/1743/1447 2060/1358/1140
f 1037/1357/1139 3798/5149/3989 1322/1743/1447
f 3682/4986/3882 3199/6025/3419 3200/5570/3420
f 3682/4986/3882 3395/1880/1553 3199/6025/3419
f 1997/2656/2173 1899/2513/2072 3853/5235/3303
f 1997/2652/2173 3853/4132/3303 1995/2653/2174
f 1997/2656/2173 1994/2650/2172 1899/2513/2072
f 4328/6026/4404 2357/3132/2556 2356/3129/2555
f 4328/6026/4404 4329/6027/4405 2357/3132/2556
f 4328/6026/4404 1846/3997/2016 4329/6027/4405
f 4328/6026/4404 2356/3129/2555 4330/6028/4406
f 4328/6026/4404 4330/6028/4406 1846/3997/2016
f 2458/3270/2665 4072/5554/4217 1443/1903/1573
f 2458/3270/2665 1443/1903/1573 1439/1899/1569
f 2458/3270/2665 2462/3274/2669 4072/5554/4217
f 2458/3270/2665 1439/1899/1569 2459/3271/2666
f 3857/5240/4043 3858/5241/4044 4017/5476/4177
f 496/661/549 1366/1804/1493 497/662/550
f 496/661/549 1184/1560/1299 1367/1805/1494
f 496/661/549 1367/1805/1494 1366/1804/1493
f 1189/1567/1304 3998/5442/4158 3068/4111/3286
f 3999/5445/4159 4183/5751/4311 1379/1824/1507
f 3999/5444/4159 3874/5265/4056 4331/6029/4407
f 3999/5445/4159 4331/6030/4407 4183/5751/4311
f 3447/4632/2214 526/700/583 525/699/582
f 4086/5575/4229 281/364/315 1225/1618/1344
f 4086/5575/4229 282/365/316 281/364/315
f 4086/5575/4229 4085/5574/4228 282/365/316
f 4086/5575/4229 1225/1618/1344 3576/4830/3786
f 3890/5289/4071 2687/3588/2901 3392/6031/3610
f 3890/5289/4071 4358/6032/4408 4130/5656/4267
f 3890/5289/4071 3392/6031/3610 2811/3746/3028
f 3890/5289/4071 4435/4636/3661 4358/6032/4408
f 4332/6033/3121 4259/6034/2996 3948/6035/3561
f 742/967/815 3700/5009/3899 2290/3050/2488
f 4333/6036/4409 1432/1892/1562 1433/1893/1563
f 4333/6036/4409 3500/4719/3714 3174/4257/3393
f 4333/6036/4409 1433/1893/1563 4044/4720/3715
f 4333/6036/4409 4044/4720/3715 3500/4719/3714
f 4333/6036/4409 3174/4257/3393 1432/1892/1562
f 2534/3366/2741 4317/6012/4396 2559/3405/2772
f 223/296/251 224/297/252 3294/4416/3511
f 4335/6037/1659 2455/6038/2662 4200/6039/4320
f 4335/2012/1659 4334/6040/4180 4021/2013/1660
f 4335/6037/1659 4200/6039/4320 4334/6041/4180
f 4335/6042/1659 4336/6043/3820 2455/3266/2662
f 1526/2016/1663 1683/2227/1836 2205/2947/2400
f 2837/3783/3055 4246/5707/4290 2895/3858/3114
f 3612/4879/3824 145/1383/166 1941/2575/2113
f 3612/4879/3824 1941/2575/2113 2044/2717/2224
f 3410/4582/3626 178/239/200 177/238/199
f 2575/3425/2786 3372/4529/3589 4214/3426/1062
f 2575/3425/2786 3172/4255/3391 3171/4254/3390
f 183/247/207 186/251/209 1087/1423/1192
f 2705/3612/2920 621/3616/690 2911/3885/3132
f 3617/4885/3830 566/755/628 2711/3619/2926
f 3617/4885/3830 569/760/633 566/755/628
f 3618/4886/3831 3619/4887/1890 3838/5214/1892
f 3093/4144/3313 4337/6044/4410 4219/5817/4333
f 3093/4144/3313 3094/4146/3314 4337/6044/4410
f 3093/4144/3313 4219/5817/4333 2542/3378/2750
f 302/397/338 4139/5673/4274 4338/6045/4411
f 302/397/338 4338/6045/4411 303/398/339
f 3909/5315/4087 3450/6046/3665 4339/6047/4412
f 3909/5315/4087 355/4185/394 4340/6048/3666
f 3909/5315/4087 4340/6048/3666 3450/6046/3665
f 3909/5315/4087 4339/6047/4412 3910/5316/4088
f 3651/5867/3855 3488/4701/3700 2257/3007/2454
f 3651/5867/3855 381/504/426 3488/4701/3700
f 3651/5867/3855 2257/3007/2454 2258/3008/2455
f 3651/5867/3855 382/505/427 381/504/426
f 2772/3696/2989 1935/2563/2106 1589/2101/1733
f 2772/3696/2989 1936/2564/2107 1935/2563/2106
f 3523/4754/3736 3526/4757/3739 3946/5369/4117
f 2357/3132/2556 4329/6027/4405 464/5591/515
f 3856/5239/4042 1181/1557/1296 2466/3278/2673
f 3856/5239/4042 2466/3278/2673 2018/2686/2198
f 1805/2394/1971 4155/5702/4287 1806/2395/1972
f 1805/2394/1971 1803/2392/1969 3223/4320/3443
f 1805/2394/1971 3223/4320/3443 4155/5702/4287
f 3010/4034/2382 2791/3722/3010 3806/5161/3995
f 3898/5299/4079 4041/5514/4195 3899/5300/4080
f 3898/5299/4079 3652/4937/3857 3923/5333/4099
f 3898/5299/4079 3923/5333/4099 3919/5328/4096
f 3898/5299/4079 3919/5328/4096 4041/5514/4195
f 1654/2184/1804 891/4193/983 1655/2185/1805
f 1654/2184/1804 3129/4194/3349 891/4193/983
f 4341/6049/4413 2097/2780/2279 2096/2779/2278
f 4341/6049/4413 4342/6050/4414 3267/4379/3485
f 4341/6049/4413 2096/2779/2278 4343/6051/4415
f 4341/6049/4413 211/281/236 4342/6050/4414
f 4341/6049/4413 3267/4379/3485 2097/2780/2279
f 4341/6049/4413 4343/6051/4415 211/281/236
f 4134/5662/4271 2200/2931/2393 1520/2006/1656
f 4134/5662/4271 4347/6013/4397 2200/2931/2393
f 4134/5662/4271 1520/2006/1656 1519/2005/1655
f 4134/5662/4271 2972/5663/3193 4347/6013/4397
f 1677/2216/1832 3584/4842/3793 1678/2217/1833
f 4102/5608/4084 3865/5256/4048 4023/5488/4183
f 4102/5608/4084 4081/5607/4224 3865/5256/4048
f 4102/5608/4084 4023/5488/4183 3126/5487/3347
f 1688/2233/1839 1155/1523/1266 35/51/39
f 3786/5133/3979 630/828/699 626/824/695
f 3786/5133/3979 3916/5323/4093 3787/5134/3980
f 3786/5133/3979 4432/6052/4416 3916/5323/4093
f 3786/5133/3979 626/824/695 4432/6052/4416
f 1715/2271/1869 1714/2270/1871 4344/3995/3210
f 1715/2268/1869 4344/6053/3210 4254/5890/4362
f 1715/2268/1869 4254/5890/4362 1254/5892/1376
f 1715/2268/1869 1254/5892/1376 3448/2269/1870
f 149/203/173 147/205/171 4345/6054/3569
f 149/203/173 4062/5542/4208 4061/5541/4207
f 149/203/173 4345/6054/3569 4062/5542/4208
f 4185/5755/1888 1395/1845/1524 1397/1847/1526
f 4185/2289/1888 1732/2296/1893 1395/6055/1524
f 79/106/94 2878/3840/3098 2871/3832/3090
f 79/106/94 2871/3832/3090 80/107/95
f 79/106/94 2937/3922/3159 2878/3840/3098
f 79/106/94 4387/112/98 2937/3922/3159
f 3809/5164/3997 2493/3308/2700 1782/2370/1948
f 3809/5164/3997 1782/2370/1948 1578/2087/1724
f 3809/5164/3997 1578/2087/1724 86/118/103
f 3809/5164/3997 1289/1702/1410 2493/3308/2700
f 2250/2998/2446 2249/2997/2445 2758/3681/2974
f 4346/6056/4417 2998/4014/3221 3600/4863/3811
f 4346/6056/4417 4123/5644/4257 3912/5318/4090
f 4346/6056/4417 3600/4863/3811 621/3616/690
f 4346/6056/4417 621/3616/690 4123/5644/4257
f 4346/6056/4417 3912/5318/4090 2998/4014/3221
f 4262/5902/4364 1825/2423/1993 1192/1572/1308
f 4262/5902/4364 2113/2799/2298 1825/2423/1993
f 4262/5902/4364 1192/1572/1308 4263/5903/4365
f 332/436/368 331/435/367 1259/1657/1381
f 2595/3452/2803 821/1088/902 820/1087/901
f 2595/3452/2803 820/1087/901 2596/3453/2804
f 2473/3285/2680 802/1066/883 801/1065/882
f 561/750/623 4009/5463/4170 562/751/624
f 561/750/623 560/749/622 3783/5124/3976
f 561/750/623 3783/5124/3976 4169/5722/4298
f 561/750/623 4169/5722/4298 4009/5463/4170
f 2725/3634/2941 1479/1948/1611 105/141/123
f 936/6057/1025 935/6058/1031 4434/6059/4252
f 936/4776/1025 4434/5632/4252 2400/3195/2604
f 2971/4048/3192 4199/5784/4319 4347/6060/4397
f 2971/4048/3192 4347/6060/4397 2972/6061/3193
f 4348/6062/3196 1682/2224/1834 1678/2217/1833
f 4348/6062/3196 1678/2217/1833 3584/4842/3793
f 4348/6062/3196 4265/5910/4367 145/6063/166
f 4348/6062/3196 3584/4842/3793 4265/5910/4367
f 1468/1936/1600 4349/6064/2895 1469/1937/1601
f 611/809/680 4145/3535/2863 3638/4913/3844
f 620/818/689 618/816/687 2928/3908/3152
f 1324/1746/1450 4150/6065/4282 1327/1749/1453
f 1324/5737/1450 4151/5698/4283 4150/5697/4282
f 1324/5737/1450 2347/3119/2545 4151/5698/4283
f 628/826/697 3952/5378/4121 629/827/698
f 628/826/697 2935/3920/2549 3952/5378/4121
f 628/826/697 2352/5135/2551 2935/3920/2549
f 1415/1854/1532 2231/2976/2427 4350/6066/1544
f 1415/1854/1532 271/352/304 2231/2976/2427
f 3432/4613/3645 212/282/237 209/279/234
f 3432/4613/3645 209/279/234 3433/4614/3646
f 2556/3402/2769 4317/6012/4396 1276/1682/1399
f 2556/3402/2769 1276/1682/1399 2557/3403/2770
f 2556/3402/2769 2559/3405/2772 4317/6012/4396
f 2647/3523/2855 2645/3521/2853 3792/5141/3983
f 3794/5144/3986 3567/4817/3777 476/636/527
f 3794/5144/3986 3272/4385/3489 3271/4384/3488
f 1874/2485/2045 3679/3718/3009 3681/4985/664
f 1874/2485/2045 3681/4985/664 1876/2486/2046
f 4232/5840/4123 1511/1989/1645 4233/5841/4343
f 1377/1822/1505 1514/1994/1649 1381/1826/1509
f 4226/539/447 401/538/446 4437/5364/4112
f 1395/1845/1524 2378/3158/2580 1396/1846/1525
f 1395/1845/1524 1732/6067/1893 2378/3158/2580
f 2778/3702/2995 46/66/54 3344/6068/3560
f 2778/6069/2995 3344/6070/3560 3948/6035/3561
f 2778/6069/2995 3948/6035/3561 4259/6034/2996
f 2778/3702/2995 2777/3701/2994 46/66/54
f 3269/4376/3483 4351/6071/4418 4005/5456/4164
f 3269/4376/3483 3267/6072/3485 4351/6071/4418
f 2389/3181/2594 764/1009/841 3951/5377/4120
f 3347/4495/798 4352/6073/4275 2744/6074/2959
f 3347/4495/798 2744/6074/2959 3348/4496/3564
f 3347/954/798 727/951/801 4352/5675/4275
f 3931/5342/3846 4353/6075/3724 3932/5343/3574
f 1452/1915/1582 1453/1916/1583 3089/4139/3308
f 3515/5857/3727 2148/2850/2338 4354/6076/3674
f 3515/6077/3727 4354/4652/3674 4355/6078/2610
f 3516/4743/3728 3443/4626/3656 2572/3421/2784
f 3516/4743/3728 2572/3421/2784 2573/3422/2785
f 3925/645/535 2418/3221/2625 483/646/536
f 724/944/797 3149/4216/3369 3868/5259/4051
f 724/944/797 3350/4498/3566 3149/4216/3369
f 724/944/797 3868/5259/4051 728/948/799
f 1492/1966/1626 1491/1965/1625 3987/5429/4152
f 1492/6079/1626 3589/4850/3799 4181/5748/4309
f 1492/6079/1626 3987/5583/4152 3589/4850/3799
f 436/584/484 746/975/819 437/585/485
f 436/584/484 3180/4264/3399 746/975/819
f 1778/3168/257 3770/5110/3966 2383/3169/2586
f 1778/2364/257 3051/4091/3268 1779/2365/1945
f 1778/302/257 2523/6080/2731 2564/3410/2777
f 1778/302/257 227/300/255 4116/5635/4254
f 1778/3168/257 4279/5940/4375 3770/5110/3966
f 2948/3940/3170 2949/3942/3171 768/1014/845
f 3468/4673/3682 4288/5953/4379 4154/5701/4286
f 3468/4673/3682 2573/3422/2785 2571/3420/2783
f 3468/4673/3682 531/708/589 4288/5953/4379
f 690/905/762 456/612/506 455/610/505
f 690/905/762 1728/2287/1886 1724/2283/1882
f 690/905/762 455/610/505 1728/2287/1886
f 878/1168/969 4356/6081/4342 879/1169/970
f 1148/1514/1260 1149/1515/1257 2830/3774/3049
f 482/647/534 1315/5225/1439 2256/3006/2453
f 4357/4685/3690 3476/4684/3692 1500/1977/1633
f 4357/6082/3690 3746/5075/3940 4268/5077/712
f 4357/4682/3690 4268/6083/712 4267/4683/3691
f 4357/4685/3690 1500/1977/1633 3746/5893/3940
f 4072/5554/4217 71/95/83 70/94/82
f 4072/5554/4217 70/94/82 836/1103/916
f 4072/5554/4217 2462/3274/2669 71/95/83
f 4110/5625/2410 110/146/128 3497/4710/3709
f 4110/5625/2410 2235/2983/2431 110/146/128
f 932/1237/1027 934/1240/1030 1167/1537/1279
f 932/1237/1027 1167/1537/1279 3824/5190/4013
f 3488/4701/3700 381/504/426 3489/4702/3701
f 3491/4704/3703 3309/4434/3526 3308/4433/3525
f 3491/4704/3703 3494/4707/3706 3309/4434/3526
f 3491/4704/3703 3308/4433/3525 3492/4705/3704
f 2769/3693/2986 4083/5568/4226 2770/3694/2987
f 4135/5667/1346 545/724/604 4090/5580/4231
f 4135/1620/1346 4090/5579/4231 1227/1621/1347
f 899/1190/991 403/1874/450 3463/5947/449
f 2699/3605/2913 2701/3607/2915 1547/2045/1689
f 3848/5226/4035 731/956/804 426/570/472
f 3848/5226/4035 425/569/471 3849/5227/4036
f 3848/5226/4035 3850/5228/4037 731/956/804
f 3848/5226/4035 426/570/472 425/569/471
f 3989/5431/4154 3104/4157/3324 4142/5678/4277
f 3989/5431/4154 4142/5678/4277 4168/5721/4297
f 1727/2286/1885 4228/5710/4292 3202/4298/3422
f 2100/2783/2282 2498/3313/2705 3598/4861/3809
f 3212/4308/3432 621/3616/690 4313/6008/4393
f 2110/2796/2295 2109/2795/2294 358/471/397
f 3217/4313/3437 1228/4315/1349 4130/6084/4267
f 3217/4313/3437 4297/5968/4387 3970/5406/4136
f 3217/4313/3437 4358/6085/4408 4297/5968/4387
f 3217/4313/3437 4130/6084/4267 4358/6085/4408
f 2599/3461/2808 3449/4638/3663 2600/3462/2809
f 2124/2814/2312 718/937/790 2125/2815/2313
f 4359/6086/1188 4360/6087/4419 3434/4617/3647
f 4359/6086/1188 3434/4617/3647 2792/3724/3012
f 4359/1419/1188 1084/1421/1190 4360/6088/4419
f 2888/3850/3107 3456/4647/3671 686/901/758
f 2619/3482/2829 1457/1921/1588 3766/5106/3962
f 2348/3120/2546 4258/5736/4265 4361/6089/3675
f 3981/5422/4146 1674/2210/1826 4233/5841/4343
f 3981/5422/4146 4233/5841/4343 2623/3487/2833
f 4349/6064/2895 3866/6090/4049 1469/1937/1601
f 2167/2878/2356 3982/5424/4147 3250/4355/3469
f 2167/2878/2356 3249/4354/3468 2170/2881/2359
f 2167/2878/2356 3250/4355/3469 3249/4354/3468
f 3637/4912/3843 2177/2892/2368 3885/5281/4067
f 3637/4912/3843 3255/4360/3474 3253/4358/3472
f 3972/5408/4138 4362/6091/4420 3973/5409/4139
f 3972/5408/4138 1695/2240/1846 4057/5537/4204
f 3972/5408/4138 4057/5537/4204 4362/6091/4420
f 4059/4561/3607 3979/5419/4145 3177/4260/3396
f 4059/4561/3607 2618/3481/2828 3979/5419/4145
f 4363/6092/4421 2741/3659/2957 4191/5762/4315
f 4363/6092/4421 3534/4768/3746 2741/3659/2957
f 4363/6092/4421 1177/1552/1291 4364/6093/4422
f 4363/6092/4421 2477/4770/2684 3534/4768/3746
f 4363/6092/4421 4364/6093/4422 2477/4770/2684
f 4363/6092/4421 4191/5762/4315 1177/1552/1291
f 814/1080/895 2591/3448/2800 815/1081/896
f 2824/3767/3042 3056/4096/3273 4231/5838/4341
f 2824/3767/3042 4231/5838/4341 2825/3768/3043
f 2824/3767/3042 2823/3766/3041 3243/4346/3462
f 1143/1506/1254 1144/1507/1255 3416/4591/3630
f 3754/5087/3947 3065/4107/3283 3064/4106/3282
f 4365/6094/1348 3218/4314/3438 3497/5708/3709
f 4365/6094/1348 1228/4315/1349 3218/4314/3438
f 2290/3050/2488 3700/5009/3899 2291/3051/2489
f 794/4586/874 1810/2399/1976 4239/5861/4352
f 794/4586/874 4239/5861/4352 4366/6095/875
f 4041/5514/4195 4212/5805/4329 3899/5300/4080
f 4041/5514/4195 943/1249/1037 4212/5805/4329
f 4041/5514/4195 249/5359/280 943/1249/1037
f 2853/3805/3070 2855/3807/3072 1657/2188/1808
f 2455/3266/2662 4336/6043/3820 2456/3267/2663
f 2455/5531/2662 4052/5530/2064 4200/5786/4320
f 2207/2949/2402 2209/2951/2404 4275/5936/4372
f 2631/3497/2841 2632/3498/2842 1686/2230/1837
f 4321/6017/3875 3672/6096/3874 4367/6097/4423
f 4321/6017/3875 4289/5954/4380 574/765/638
f 4321/6017/3875 4367/6097/4423 4289/5954/4380
f 1416/1869/1545 1419/1872/1548 3676/4973/3879
f 588/782/655 1620/2145/1769 1849/2449/2019
f 726/950/800 2718/3626/2933 2717/3625/2932
f 726/950/800 729/953/802 2718/3626/2933
f 3096/4149/3316 3360/4515/3580 3712/5026/3911
f 537/716/596 536/715/595 1480/1951/1614
f 3537/4774/3749 1872/2480/2042 1873/2481/2043
f 3537/4774/3749 3159/4236/3378 1944/2578/2116
f 1878/2487/2047 4182/5749/4310 246/322/277
f 3973/5409/4139 4126/5647/4260 3974/5410/4140
f 3973/5409/4139 4362/6091/4420 4126/5647/4260
f 3135/4200/3355 3134/4199/3354 3928/5339/4102
f 3110/4164/3331 3111/4165/3332 4368/999/831
f 3110/4205/3331 4368/6098/831 3140/4206/3360
f 3692/4999/3891 1373/1817/1500 1372/1816/1499
f 3692/4999/3891 2753/3674/2970 2752/3673/2969
f 1917/2535/2091 4183/5751/4311 4063/5543/4209
f 4021/2013/1660 4116/5635/4254 227/300/255
f 2555/3401/2768 2959/3959/3181 2558/3404/2771
f 4273/6099/4045 4369/6100/4161 4386/6101/4424
f 4273/6102/4045 4386/6103/4424 3859/6104/3575
f 46/66/54 3345/67/55 3344/6068/3560
f 3222/4319/3442 4155/5702/4287 3223/4320/3443
f 777/1032/856 63/85/73 778/1033/857
f 777/1032/856 2548/3393/2759 4195/5777/1699
f 777/1032/856 4030/5496/1698 63/85/73
f 777/1032/856 4195/5777/1699 4030/5496/1698
f 158/214/180 1261/1659/1383 4096/5594/4237
f 3974/5410/4140 4126/5647/4260 217/4176/245
f 1430/1890/1560 1432/1892/1562 1552/2050/1694
f 1430/1890/1560 1552/2050/1694 3006/4028/3229
f 2529/3360/2736 4133/5661/4270 2530/3361/2737
f 2529/3360/2736 3888/5285/4070 4133/5661/4270
f 890/1181/982 1655/2919/1805 891/1182/983
f 375/495/418 4370/6105/4425 4354/4652/3674
f 375/495/418 465/494/417 4370/6105/4425
f 381/504/426 385/508/429 3489/4702/3701
f 3309/4434/3526 3494/4707/3706 3310/4435/3527
f 3865/5256/4048 4081/5607/4224 3866/5257/4049
f 3865/5256/4048 2375/3155/2577 4023/5488/4183
f 3586/4845/3795 4319/6015/4399 897/4212/989
f 3586/4845/3795 3774/5114/3969 4319/6015/4399
f 3985/5427/4150 3150/4217/3370 1690/2235/1841
f 3530/4763/3742 4310/5741/4307 3990/5272/4062
f 3530/4763/3742 2873/3834/3092 4310/5741/4307
f 4067/5547/4213 4186/5756/4312 4068/5548/4214
f 2234/2982/2430 4371/6106/3217 1013/1329/1112
f 2234/2980/2430 2022/2690/2202 4371/4010/3217
f 4370/6105/4425 465/494/417 467/6107/517
f 4370/6108/4425 467/626/517 4372/3203/2611
f 4370/6105/4425 4372/6109/2611 4354/4652/3674
f 3597/4860/3808 1752/2326/1913 1754/2329/1914
f 3597/4860/3808 3598/4861/3809 2498/3313/2705
f 2998/4014/3221 3912/5318/4090 3000/4016/3223
f 3826/5195/4015 145/193/166 3548/4791/3758
f 3826/5195/4015 2278/3034/2478 4373/6110/4426
f 3826/5195/4015 4373/6110/4426 145/193/166
f 800/1064/881 3772/5112/3729 1634/2163/1784
f 800/1064/881 1634/2163/1784 2474/3286/2681
f 281/364/315 285/367/317 1224/1617/1343
f 281/364/315 1224/1617/1343 1225/1618/1344
f 3037/4072/3254 2685/3582/2898 2899/3863/3116
f 3037/4072/3254 2899/3863/3116 3041/4076/3258
f 1105/1459/1215 550/3593/611 2690/3591/2904
f 4010/5464/4171 4171/5725/4301 4374/6111/3136
f 4010/5464/4171 4374/6111/3136 3328/4459/3544
f 4322/6018/4350 576/767/640 4136/5668/4109
f 4322/5855/4350 4136/5353/4109 3936/5350/4108
f 579/771/644 4238/3893/3137 1844/2444/2014
f 2919/3897/3141 3758/5096/3952 4377/5142/3984
f 2919/3897/3141 3792/5141/3983 2645/3521/2853
f 2919/3897/3141 4377/5142/3984 3792/5141/3983
f 2919/3897/3141 2920/3898/3142 3758/5096/3952
f 3071/4114/3289 3070/4113/3288 3626/4897/3835
f 4375/6112/1464 4376/6113/4390 3450/6046/3665
f 2927/3905/3149 1142/1505/1253 1356/6114/1483
f 2927/5550/3149 2370/3150/2572 4327/6024/3150
f 614/812/683 3733/5056/3929 4198/5783/4318
f 614/812/683 4198/5783/4318 4162/5714/1134
f 1164/1534/1276 434/579/480 433/578/479
f 3952/5378/4121 3953/5379/4122 629/827/698
f 4003/5454/4162 3634/4908/3841 1276/1680/1399
f 4329/6027/4405 2239/6115/2435 464/5591/515
f 4329/6027/4405 1846/3997/2016 2239/6115/2435
f 1190/1569/1306 4383/6116/4346 4384/1570/1307
f 1133/1496/1244 3503/4727/1981 1134/1497/1245
f 24/34/24 3247/4352/3466 1846/3997/2016
f 24/34/24 1846/3997/2016 25/35/27
f 4246/5876/4290 2339/3109/2537 2335/3105/2533
f 4246/5876/4290 2335/3105/2533 2895/4876/3114
f 3508/4732/3720 3509/4733/3721 3082/4128/3299
f 3510/4734/3036 4377/6117/3984 2783/3708/3001
f 2601/3463/2810 3480/3464/2811 3481/6118/3695
f 2601/3463/2810 3481/6118/3695 1711/2263/1865
f 2601/3463/2810 1711/2263/1865 1710/2262/1864
f 1168/1540/1281 4378/6119/4427 1644/2174/1794
f 1168/1540/1281 937/1239/1029 4378/6119/4427
f 2794/3726/3013 2069/2745/2248 2795/3727/3014
f 3619/2292/1890 4379/6120/4428 1731/2293/1891
f 3619/4887/1890 2310/3073/2509 4379/6121/4428
f 4120/5639/96 1126/1491/1236 4380/6122/3312
f 4120/109/96 4380/6123/3312 1021/110/97
f 3143/4209/3363 673/887/745 672/886/744
f 4138/5988/4273 3257/4364/3476 3449/4638/3663
f 4138/5988/4273 3449/4638/3663 4315/6010/4394
f 4138/5988/4273 4315/6010/4394 4229/5835/4339
f 100/136/118 4112/133/115 4381/6124/3503
f 100/136/118 4381/6124/3503 101/137/119
f 1390/1839/1519 1392/1841/1521 3278/4393/3495
f 3187/586/486 438/587/487 4080/5564/4223
f 3187/4279/486 4382/6125/4429 2226/2969/2422
f 3187/4279/486 4080/5562/4223 4382/6125/4429
f 397/6126/443 396/6127/442 4295/6128/3411
f 3196/4292/3416 1003/1312/1100 145/193/166
f 3196/4292/3416 145/193/166 3197/4293/3417
f 2742/3660/2958 2741/3659/2957 3534/4768/3746
f 2742/3660/2958 3535/4769/3747 2744/3661/2959
f 3970/5406/4136 3276/4389/3493 3275/4388/3492
f 1265/1663/1387 1172/1543/1284 2369/5502/2570
f 1053/1388/1157 3167/4250/3386 2184/2903/2373
f 1814/2408/1983 1815/2409/1984 198/269/224
f 1948/2587/2124 1950/2589/2121 1821/2419/1989
f 2493/3308/2700 1781/2369/1947 1782/2370/1948
f 4383/6129/4346 4423/5904/4366 4384/6130/1307
f 4383/6129/4346 4385/6131/4135 4046/5520/4199
f 4383/6129/4346 4046/5520/4199 4423/5904/4366
f 2874/3835/3093 2879/3841/3099 3155/4223/3375
f 4282/5944/3948 234/310/265 233/309/264
f 4282/5944/3948 233/309/264 4280/5941/4376
f 4282/5944/3948 1149/1509/1257 234/310/265
f 3716/2338/1923 1762/2337/1922 3717/5931/3915
f 3716/5035/1923 3380/5037/3599 4256/5895/1924
f 2640/3514/2848 2642/3516/2850 1596/2120/1744
f 3787/5134/3980 3921/5951/4098 2352/5135/2551
f 4036/5507/4193 2408/3206/2614 1721/2280/1879
f 4036/5507/4193 1719/2278/1877 4039/2275/1874
f 4036/5507/4193 1721/2280/1879 1719/2278/1877
f 1569/2072/1715 3743/5067/3939 1891/2503/2062
f 1569/2072/1715 4386/6132/4424 3743/5067/3939
f 1569/2079/1715 1570/2078/1716 4386/6133/4424
f 1574/2082/1719 3893/5294/4074 4337/6044/4410
f 1574/2082/1719 4337/6044/4410 3094/4146/3314
f 1574/2082/1719 3094/4146/3314 4417/2084/1721
f 733/958/806 3797/5148/3988 734/959/807
f 4081/5565/4224 1469/1937/1601 3866/6090/4049
f 3710/5023/3909 1793/2381/1959 3773/5113/3968
f 601/798/669 4034/5504/4190 2606/3469/2816
f 4218/5815/4332 3193/5966/3413 647/857/720
f 4218/5815/4332 647/857/720 3563/4813/3773
f 2080/2760/2259 761/1004/838 2393/3186/2597
f 2080/2760/2259 2393/3186/2597 4091/5581/4232
f 3438/4621/3651 3202/5012/3422 3439/4622/3652
f 3438/4621/3651 2588/3445/2799 3202/5012/3422
f 3438/4621/3651 4242/5866/4263 2588/3445/2799
f 3438/4621/3651 3437/4620/3650 4242/5866/4263
f 1014/1330/1113 805/1069/886 1015/1331/1114
f 1014/1330/1113 1016/1332/1115 3336/4471/3551
f 1021/6134/97 4410/6135/4430 4387/6136/98
f 1021/1337/97 1020/1336/1119 4410/6137/4430
f 2653/3532/2861 3812/5168/4000 4144/3533/2862
f 2653/3532/2861 3813/5169/4001 3812/5168/4000
f 1789/2377/1955 884/1174/975 1790/2378/1956
f 1789/2377/1955 1112/1468/1221 4055/5534/4203
f 1789/2377/1955 1113/1469/1222 1112/1468/1221
f 1789/2377/1955 4055/5534/4203 884/1174/975
f 3628/4900/3837 815/1081/896 2590/3447/2798
f 1597/2121/1745 3407/5092/3623 1799/6138/1965
f 1597/2121/1745 1799/6138/1965 4147/5694/4280
f 1597/2121/1745 1596/2120/1744 2642/3516/2850
f 4389/1390/1159 1055/1391/1160 4388/6139/2753
f 4389/6140/1159 4388/3381/2753 3641/4920/3302
f 2602/3465/2812 2121/2811/2309 4058/5538/4205
f 3762/5101/3957 2126/2816/2314 2127/2817/2315
f 3762/5101/3957 3234/4334/3453 2126/2816/2314
f 3454/4645/3669 3899/5300/4080 4212/5805/4329
f 3456/4647/3671 697/912/769 686/901/758
f 1085/1424/1193 4390/3610/2918 1086/1425/1194
f 1085/4995/1193 3690/4997/3889 4390/6141/2918
f 1091/1439/1200 3726/5048/3924 376/496/419
f 2153/2857/2344 4427/5845/4345 4425/6142/4431
f 2153/2858/2344 4425/6143/4431 339/446/378
f 1680/2222/608 1107/1461/1216 1681/2223/1835
f 4165/5718/4294 4280/5941/4376 3062/4103/3280
f 2840/3786/3057 327/431/363 2841/3787/3058
f 2840/3786/3057 328/432/364 327/431/363
f 2875/6144/3094 2876/3946/3095 2116/2806/2304
f 1135/1498/1246 1137/1500/1248 2923/3901/3145
f 514/687/573 3119/4181/3341 515/688/574
f 514/687/573 516/690/576 3122/4184/3343
f 514/687/573 3122/4184/3343 3119/4181/3341
f 4285/6145/4377 4391/6146/1665 4294/5963/4385
f 4285/6145/4377 4294/5963/4385 882/5962/973
f 4285/5948/4377 882/1172/973 4286/5949/4378
f 1752/2326/1913 39/5795/45 1753/2327/49
f 1758/2333/1918 524/698/581 523/697/580
f 1758/2333/1918 3883/5279/4065 524/698/581
f 1758/2333/1918 523/697/580 1759/2334/1919
f 1884/2495/2054 1881/2492/2051 2697/3603/2911
f 4307/4605/3641 1608/4453/1757 4392/6147/1756
f 4307/4605/3641 2713/3621/2928 1608/4453/1757
f 143/191/164 2661/3548/2872 146/194/167
f 182/245/206 4202/5789/4322 185/249/208
f 182/245/206 2410/3208/2616 4202/5789/4322
f 652/863/724 651/862/723 897/4212/989
f 652/863/724 4393/6148/4432 653/864/725
f 652/863/724 897/4212/989 4393/6148/4432
f 1487/1961/1621 1507/1985/1641 1504/1982/1638
f 1823/2421/1991 1192/1572/1308 1825/2423/1993
f 3496/4709/3708 1386/1832/1515 1846/3997/2016
f 110/146/128 2235/2983/2431 114/150/131
f 1535/2033/1677 1235/1630/1356 1233/1628/1354
f 1240/1635/1361 1803/2392/1969 1241/1636/1362
f 1240/1635/1361 3223/4320/3443 1803/2392/1969
f 1547/2045/1689 2701/3607/2915 1548/2046/1690
f 3979/5419/4145 3178/4261/3397 3177/4260/3396
f 1562/2063/1707 3836/5213/4028 3739/5063/3935
f 1562/2063/1707 1564/2065/1709 2447/6149/2653
f 3674/4971/3877 3675/4972/3878 3306/4431/3523
f 3674/4971/3877 3306/4431/3523 896/1187/988
f 2695/3601/2909 2697/3603/2911 1881/2492/2051
f 3134/4199/3354 2454/3263/2661 3928/5339/4102
f 3477/993/830 4394/6150/4369 4368/994/831
f 3477/4686/830 4267/4683/3691 4394/6151/4369
f 2139/2835/2329 2850/3799/3067 2140/2836/2330
f 2139/2835/2329 1566/2068/1712 2850/3799/3067
f 2146/2848/2336 3025/4057/3244 3024/4056/3243
f 2146/2848/2336 3024/4056/3243 2147/2849/2337
f 2680/3571/2890 3459/4657/3676 3460/4659/3677
f 2680/3571/2890 3460/4659/3677 3376/4539/3595
f 2680/3571/2890 942/1248/1036 3459/4657/3676
f 4376/6113/4390 591/786/658 4339/6047/4412
f 4376/6113/4390 1924/5868/2098 591/786/658
f 4376/6113/4390 4339/6047/4412 3450/6046/3665
f 795/1057/876 2369/3148/2570 1172/1545/1284
f 795/1057/876 798/1060/879 2369/3148/2570
f 795/1057/876 1172/1545/1284 1171/1544/1285
f 795/1057/876 1171/1544/1285 796/1058/877
f 2485/3297/2692 197/266/223 2084/2765/2264
f 2701/3607/2915 3953/5379/4122 4395/6152/4433
f 2701/3607/2915 4395/6152/4433 1548/2046/1690
f 2701/3607/2915 629/827/698 3953/5379/4122
f 201/271/226 1435/1895/1565 202/272/227
f 3355/4506/3573 3711/5024/3910 655/866/727
f 1762/2337/1922 2552/3398/2765 1317/1737/1441
f 1330/1753/1457 1333/1756/1460 3226/4323/3446
f 3639/4914/3845 2877/6153/3096 2008/2672/2187
f 3639/4914/3845 3261/4369/939 4415/6154/940
f 3639/4914/3845 4415/6154/940 2877/6153/3096
f 4133/5661/4270 3888/5285/4070 1332/5589/1459
f 4133/5661/4270 1332/5589/1459 3980/5421/3866
f 2671/3559/944 1906/2523/2080 2812/3752/3031
f 2671/1142/944 2812/3751/3031 277/358/310
f 3819/5180/4007 3820/5182/4009 4209/5800/4328
f 3819/5180/4007 4209/5800/4328 3994/5437/4155
f 3819/5180/4007 3994/5437/4155 3821/5181/4008
f 3641/4920/3302 4388/3381/2753 1352/1781/1478
f 301/396/337 31/45/35 304/399/340
f 4356/6081/4342 3926/5337/4100 879/1169/970
f 4356/6081/4342 3527/4759/2943 3926/5337/4100
f 333/437/369 3532/4765/3744 1628/2155/1777
f 3406/4578/3622 3409/4581/3625 1846/2446/2016
f 3700/5009/3899 3697/5006/3896 2291/3051/2489
f 3933/5345/4106 4304/5983/4391 3934/5346/4107
f 3933/5345/4106 4274/5934/512 4304/5983/4391
f 3933/5345/4106 279/5351/314 4274/5934/512
f 779/1034/858 778/1035/857 4431/2700/2209
f 779/1034/858 2028/2699/2208 2366/3144/2566
f 1293/1706/1414 2032/2704/2213 3361/4516/3581
f 3996/5440/4156 4069/5549/4215 3997/5441/4157
f 3910/5316/4088 515/688/574 3119/4181/3341
f 3910/5316/4088 590/785/657 515/688/574
f 3910/5316/4088 4339/6047/4412 590/785/657
f 2177/2892/2368 2172/2885/2363 3885/5281/4067
f 1478/1947/1610 107/143/125 105/141/123
f 1478/1947/1610 3286/4402/3502 107/143/125
f 1481/1952/1615 2952/3950/3174 1482/1953/1616
f 1481/1952/1615 2433/3238/2639 2952/3950/3174
f 1620/2145/1769 2269/3022/2466 1849/2449/2019
f 1620/2145/1769 1622/2149/1771 2269/3022/2466
f 2808/3747/3029 1906/2523/2080 1905/2522/2079
f 2808/3747/3029 2812/3752/3031 1906/2523/2080
f 1718/3179/1875 2388/3178/2592 3828/5200/1876
f 3797/5148/3988 4108/5623/4247 734/959/807
f 3797/5148/3988 1036/1356/1138 4108/5623/4247
f 3063/4104/3281 3062/4103/3280 4280/5941/4376
f 3407/4579/3623 1800/2388/1966 1799/2389/1965
f 185/250/208 4038/3055/2493 186/251/209
f 1810/2399/1976 4113/5628/4250 4239/5861/4352
f 2855/3807/3072 1660/2191/1811 1657/2188/1808
f 2855/3807/3072 2615/3478/2825 1660/2191/1811
f 1286/5125/1407 831/1098/912 206/276/231
f 208/278/233 1739/2309/1900 2849/3797/3066
f 208/278/233 3433/4614/3646 209/279/234
f 4326/6023/4403 4186/5756/4312 955/1261/1049
f 4326/6023/4403 953/1259/1047 3784/5126/3977
f 4326/6023/4403 3784/5126/3977 222/295/250
f 4326/6023/4403 955/1261/1049 953/1259/1047
f 4275/5936/4372 2208/2950/2403 3573/4824/3783
f 4275/5936/4372 2209/2951/2404 2208/2950/2403
f 3672/6096/3874 897/4212/989 4367/6097/4423
f 721/940/793 1043/1365/1144 1041/1363/1143
f 721/940/793 722/941/794 1043/1365/1144
f 1872/2480/2042 696/911/768 695/910/767
f 2737/3653/2952 2181/2899/2370 3684/4988/3884
f 1003/1312/1100 1004/1313/1101 145/193/166
f 2589/3446/843 2588/3445/2799 4242/5866/4263
f 3375/4538/3594 1517/2002/561 3377/4540/560
f 4183/5751/4311 4331/6030/4407 4396/6155/4434
f 4183/5751/4311 4396/6155/4434 4063/5543/4209
f 1385/1831/1514 26/36/28 25/35/27
f 1385/1831/1514 1846/3997/2016 1386/1832/1515
f 1385/1831/1514 25/35/27 1846/3997/2016
f 63/85/73 1285/1692/1406 778/1033/857
f 4222/2147/493 2531/3362/2738 1621/2148/1770
f 4324/6020/4401 4397/6156/1501 4325/6021/4402
f 4324/6020/4401 3467/4672/3681 4397/6156/1501
f 4324/6020/4401 4245/5874/4356 3467/4672/3681
f 2741/3659/2957 2918/3896/3140 4191/5762/4315
f 3958/5388/4128 4095/5592/4236 4398/6157/2756
f 3891/5290/4072 2718/3626/2933 729/953/802
f 3891/5290/4072 729/953/802 728/952/799
f 1160/1529/1271 3720/5041/3918 1162/1531/1273
f 2003/2664/2181 3852/5231/4039 3366/4522/3586
f 2003/2664/2181 3366/4522/3586 3687/4991/3887
f 2661/3548/2872 1618/2143/1767 146/194/167
f 4304/5983/4391 4274/5934/512 929/1232/511
f 4304/5983/4391 4305/5984/4221 3934/5346/4107
f 3966/5397/4131 2154/2859/2341 4436/6158/4435
f 3966/5397/4131 4436/6158/4435 1080/1416/1185
f 3966/5397/4131 1080/1416/1185 2029/2701/2210
f 4078/5561/4222 4382/6125/4429 4080/5562/4223
f 4078/5561/4222 3493/4706/3705 4159/5709/4291
f 4078/5561/4222 4159/5709/4291 4382/6125/4429
f 4399/6159/4436 2770/3694/2987 4083/5568/4226
f 4399/6159/4436 4083/5568/4226 4400/6160/787
f 4399/6159/4436 3694/5871/3893 4129/5654/4266
f 4399/6159/4436 4400/6160/787 3694/5871/3893
f 4399/6159/4436 4129/5654/4266 2770/3694/2987
f 341/448/379 342/450/380 2037/4802/2217
f 341/5808/379 2037/2710/2217 968/1277/1065
f 996/1305/1093 997/1306/1094 1775/2360/1942
f 3739/5063/3935 3836/5213/4028 4167/5720/4296
f 3739/5063/3935 4167/5720/4296 2984/3990/3205
f 1506/1984/1640 1508/1986/1642 2552/3398/2765
f 4228/5710/4292 3439/6161/3652 3202/4298/3422
f 2486/3298/2693 461/620/513 459/616/509
f 331/435/367 1261/1659/1383 1259/1657/1381
f 331/435/367 4096/5594/4237 1261/1659/1383
f 4243/5872/4355 4314/6009/2302 4244/5873/2805
f 3226/4323/3446 1333/1756/1460 3761/5099/3955
f 351/467/392 4340/4642/3666 355/468/394
f 4401/6162/851 4402/6163/4317 773/6164/852
f 1457/1921/1588 3937/5356/2968 3766/5106/3962
f 2478/3290/2685 2477/3289/2684 4364/6165/4422
f 2478/3290/2685 4364/6165/4422 2703/3609/2917
f 930/1235/1026 3231/4331/3451 4378/6119/4427
f 930/1235/1026 4378/6119/4427 937/1239/1029
f 2495/3310/2702 3116/4177/3338 2496/3311/2703
f 3/6/4 3669/4965/3871 2826/3769/3044
f 3/6/4 2501/3317/2709 3669/4965/3871
f 3/6/4 2826/3769/3044 4/7/5
f 4149/1112/925 1327/1749/1453 4150/6065/4282
f 2544/3380/2752 1968/2613/2145 473/632/523
f 4398/6157/2756 4095/5592/4236 4403/6166/2758
f 3914/5320/4092 2366/3144/2566 2028/2699/2208
f 179/240/201 4031/5499/1132 180/241/202
f 179/240/201 3811/5166/3999 3813/5170/4001
f 179/240/201 3813/5170/4001 4031/5499/1132
f 179/240/201 178/239/200 3811/5166/3999
f 3770/5110/3966 4279/5940/4375 3771/5111/3967
f 4351/6071/4418 1667/6167/1819 1668/2203/1820
f 4351/6168/4418 3267/4379/3485 1667/2202/1819
f 4351/6071/4418 1668/2203/1820 4005/5456/4164
f 3853/4132/3303 2786/3711/3004 1995/2653/2174
f 2012/2680/2192 3861/5251/405 2013/2681/2193
f 3089/4139/3308 1453/1916/1583 4208/5799/4327
f 3676/4973/3879 4325/6021/4402 3677/4974/3880
f 705/4467/776 3332/4466/3547 708/5754/779
f 4366/1055/875 4239/5862/4352 4220/5818/4334
f 4366/1055/875 4220/5818/4334 797/1059/878
f 2431/3239/2637 2430/3234/2636 4043/4446/3536
f 731/956/804 3850/5228/4037 735/960/808
f 753/984/825 347/5616/386 754/985/826
f 4394/5912/4369 3140/4206/3360 4368/6098/831
f 3558/4807/3769 3557/4806/3768 2860/3815/3077
f 2281/3033/2477 3198/4294/3418 2278/3034/2478
f 2292/3052/2490 54/75/63 53/74/62
f 2292/3052/2490 53/74/62 740/965/813
f 2292/3052/2490 740/965/813 2293/3053/2491
f 2292/3052/2490 2289/3049/2487 54/75/63
f 2850/3799/3067 1566/2068/1712 1890/2502/2061
f 2850/3799/3067 2852/3802/3069 2140/2836/2330
f 4379/6120/4428 2377/3160/2581 1731/2293/1891
f 4379/6169/4428 2309/3075/2508 4174/5728/4302
f 4379/6120/4428 4174/5929/4302 2377/3160/2581
f 4379/6121/4428 2310/3073/2509 2309/3072/2508
f 4139/5673/4274 3495/4708/3707 4338/6045/4411
f 1984/2634/2159 1868/2476/2036 1216/1608/1335
f 1984/2634/2159 1212/1607/1331 4251/5885/4360
f 1984/2634/2159 4251/5885/4360 3184/4274/3404
f 1984/2634/2159 1216/1608/1335 1212/1607/1331
f 3631/4904/3838 1162/1531/1273 3720/5041/3918
f 3631/4902/3838 4071/5553/4216 3630/4903/1676
f 1600/2124/1748 4221/5819/3662 3913/5319/4091
f 1600/2124/1748 3913/5319/4091 1603/2127/1751
f 3921/5331/4098 2353/3126/2552 2352/3125/2551
f 4369/6170/4161 3743/5067/3939 4386/6132/4424
f 4369/6170/4161 1010/6171/1107 3743/5067/3939
f 4249/6172/4359 1711/2263/1865 3481/6118/3695
f 4249/5880/4359 4105/5613/4244 4404/6173/3570
f 4249/6172/4359 4404/4503/3570 1711/2263/1865
f 4298/1556/1295 4299/6174/4388 1181/1557/1296
f 4298/1556/1295 1179/1554/1293 3276/4391/3493
f 4301/6175/3018 4407/6176/3401 4405/6177/4392
f 4301/6178/3018 4405/6179/4392 4430/6180/3657
f 4301/6181/3018 4406/6182/3017 4407/6183/3401
f 1054/1389/1158 1967/2612/2144 1055/1391/1160
f 3782/5123/3975 1555/2056/1700 190/257/215
f 3782/5123/3975 3783/5124/3976 560/749/622
f 3782/5123/3975 1556/2057/1701 1555/2056/1700
f 4409/2819/2317 4408/6184/4326 2130/2821/2319
f 4409/6185/2317 4207/5798/2388 4408/5797/4326
f 2960/3961/1941 2133/2824/1939 2536/3368/2743
f 3500/4719/3714 3457/4649/3673 1249/1645/1370
f 2965/3966/3187 2964/3965/3186 4158/5705/4289
f 4306/5986/2397 4118/5637/4255 4117/5636/2398
f 3007/4029/3230 1640/2170/1790 3896/5297/4077
f 3007/4029/3230 3896/5297/4077 3555/4804/3766
f 1970/2616/2146 40/58/46 1971/2617/2147
f 4410/6135/4430 4412/6186/3160 4387/6136/98
f 4410/6187/4430 4411/6188/3161 4412/6189/3160
f 4410/6137/4430 1020/1336/1119 4411/5233/3161
f 1829/2427/1997 1828/2426/1996 585/777/650
f 478/638/529 4413/6190/4437 3280/5438/3497
f 478/638/529 3569/4819/3779 4396/6155/4434
f 478/638/529 4396/6155/4434 4413/6190/4437
f 307/2328/345 309/413/347 1754/2329/1914
f 4123/5644/4257 621/3616/690 1988/2640/2164
f 2763/3687/2980 1067/6191/1172 3502/4601/3638
f 2763/3687/2980 3502/4601/3638 2766/3690/2983
f 3777/5117/1147 2884/3846/3103 2883/3845/3102
f 4095/5592/4236 2420/3224/2626 4403/6166/2758
f 4163/6192/4293 3097/4150/3317 1860/2464/2031
f 4163/6192/4293 4414/6193/3534 1559/2060/1704
f 4163/6192/4293 1559/2060/1704 3097/4150/3317
f 4163/5715/4293 3319/4445/3535 4414/4444/3534
f 4181/5748/4309 3589/4850/3799 3588/4849/3798
f 2454/3263/2661 2453/3262/2660 3928/5339/4102
f 2877/3838/3096 4415/6194/940 2880/3839/3097
f 771/6195/850 4211/6196/1497 2297/6197/2495
f 1373/1817/1500 3677/6198/3880 4397/1818/1501
f 1373/1817/1500 4433/5603/1593 3677/6198/3880
f 944/1250/1038 943/1249/1037 249/5359/280
f 2770/3694/2987 4129/5654/4266 1401/1852/1530
f 1392/1841/1521 1298/1842/1423 4260/5899/1421
f 1392/1841/1521 4260/5899/1421 2981/3987/3202
f 1276/1682/1399 1277/1681/1400 2557/3403/2770
f 1276/1680/1399 3944/5367/4115 2773/3697/2990
f 3947/5370/4118 3946/5369/4117 41/59/47
f 3947/5370/4118 41/59/47 40/58/46
f 3257/4364/3476 2600/3462/2809 3449/4638/3663
f 202/272/227 1436/1896/1566 203/273/228
f 3888/5286/4070 827/1094/908 1332/1755/1459
f 3800/5151/3991 2016/2684/2196 2015/2683/2195
f 2552/3398/2765 1316/1736/1440 1317/1737/1441
f 2552/3398/2765 1508/1986/1642 1316/1736/1440
f 4177/5733/4305 3684/4988/3884 1321/1742/1446
f 4177/5733/4305 3849/5227/4036 425/569/471
f 4177/5733/4305 1321/1742/1446 3849/5227/4036
f 1333/1756/1460 1334/1757/1461 3761/5099/3955
f 277/358/310 2812/3751/3031 278/359/311
f 1356/6114/1483 1142/1505/1253 1357/1791/1484
f 3274/4387/3491 3645/4925/3850 4166/5719/4295
f 2596/3455/2804 2045/4712/2225 4244/3456/2805
f 2596/3455/2804 3959/4713/3711 2045/4712/2225
f 2596/3453/2804 820/1087/901 3959/5389/3711
f 908/1200/1000 2696/3602/2910 3004/4026/3227
f 908/1200/1000 2698/3604/2912 2696/3602/2910
f 3034/4069/3127 2852/3801/3069 2851/3800/3068
f 3291/4413/3508 2448/4410/2655 4416/5401/4134
f 145/193/166 4373/6110/4426 3197/4293/3417
f 145/6063/166 4265/5910/4367 3549/5909/3759
f 1807/2396/1973 1806/2395/1972 2743/3662/2960
f 983/1292/1080 982/1291/1079 1609/2134/1758
f 1701/2248/1853 599/796/667 1932/2559/2103
f 3874/5265/4056 3281/4396/3498 4331/6029/4407
f 3197/4293/3417 4373/6110/4426 3198/4294/3418
f 4062/5542/4208 4345/6054/3569 4404/6173/3570
f 4062/5542/4208 4404/6173/3570 4105/5613/4244
f 4088/5577/2377 3576/4830/3786 702/917/773
f 4088/5577/2377 702/917/773 701/916/751
f 210/280/235 211/281/236 4343/6051/4415
f 210/280/235 4343/6051/4415 1740/2310/1901
f 4048/3256/2654 2447/3255/2653 4264/5522/4200
f 4048/3256/2654 4416/6199/4134 2448/3257/2655
f 4313/6008/4393 621/3616/690 3599/4862/3810
f 4313/6008/4393 3599/4862/3810 2105/2791/2290
f 3224/4321/3444 2784/3709/3002 4377/6117/3984
f 3224/4321/3444 4377/6117/3984 3758/5094/3952
f 792/1051/872 4201/5788/4321 4111/5626/4249
f 2325/3091/2522 2320/3086/2517 3076/4120/3294
f 2201/1449/1208 3422/4598/3636 1103/1453/1212
f 4319/6015/4399 3774/5114/3969 3248/4353/3467
f 4417/6200/1721 3094/4889/3314 3621/4891/2303
f 3360/4515/3580 3397/4569/3614 3712/5026/3911
f 3601/4864/3812 4418/6201/557 391/513/433
f 3601/4864/3812 3735/5058/3931 4418/6201/557
f 4158/5705/4289 1771/2351/1934 4225/5824/4337
f 4158/5705/4289 2964/3965/3186 1771/2351/1934
f 4019/5478/4179 3887/5283/4069 4261/5900/4363
f 2895/4876/3114 2335/3105/2533 3610/4877/3822
f 4028/5494/4187 3265/4377/3484 1541/2039/1683
f 4028/5494/4187 3268/4380/3486 3265/4377/3484
f 3370/78/66 3085/4133/3304 4419/6202/3590
f 4402/6203/4317 4303/6204/4019 4420/6205/4018
f 3231/4331/3451 1644/2174/1794 4378/6119/4427
f 4208/5799/4327 1453/1916/1583 4234/5843/4344
f 2409/3207/2615 4202/5789/4322 2410/3208/2616
f 2409/3207/2615 2408/3206/2614 4202/5789/4322
f 1220/1613/1339 3610/4877/3822 3627/4899/3836
f 4126/5647/4260 4362/6091/4420 4127/5648/4261
f 4299/6174/4388 2465/3277/2672 2466/3278/2673
f 4299/6174/4388 4421/6206/4389 2465/3277/2672
f 4299/6174/4388 2466/3278/2673 1181/1557/1296
f 2467/3279/2674 165/221/187 1628/2155/1777
f 3878/5269/4060 4111/5626/4249 4201/5788/4321
f 3878/5269/4060 3877/5268/4059 4111/5626/4249
f 3878/5269/4060 4201/5788/4321 3228/4325/3448
f 3878/5269/4060 3228/4325/3448 3227/4324/3447
f 3008/4031/3231 2190/2910/2380 3960/5390/4129
f 4422/6207/344 1433/1893/1563 1428/1888/1558
f 4422/6208/344 1428/4735/1558 308/412/346
f 4422/6207/344 4044/4720/3715 1433/1893/1563
f 4342/6050/4414 211/281/236 212/282/237
f 4342/6050/4414 212/282/237 1667/2202/1819
f 4342/6050/4414 1667/2202/1819 3267/4379/3485
f 4423/6209/4366 4263/5903/4365 4384/1570/1307
f 4334/6210/4180 4200/5786/4320 3022/4053/3241
f 2799/3735/1737 2508/3331/2714 2800/3736/3019
f 3593/3063/2500 2302/3064/2501 715/933/786
f 3768/5108/3964 3041/4078/3258 3245/4348/3464
f 285/369/317 284/368/318 3829/5201/4020
f 1793/2381/1959 325/429/361 3773/5113/3968
f 1793/2381/1959 1448/1911/1578 325/429/361
f 4171/5725/4301 2915/6211/3135 4374/6111/3136
f 3723/5044/3921 377/497/420 3726/5048/3924
f 3648/4928/3853 3647/4927/3852 94/129/112
f 3648/4928/3853 94/129/112 95/128/111
f 2516/3340/2722 59/81/69 3170/4253/3389
f 2252/3000/2448 4424/6212/4438 5/8/6
f 2252/3000/2448 2251/2999/2447 4424/6212/4438
f 3310/4435/3527 3824/5190/4013 1167/1537/1279
f 4382/6125/4429 4159/5709/4291 2226/2969/2422
f 1470/1938/1602 1469/1937/1601 2550/3396/2763
f 2278/3034/2478 3198/4294/3418 4373/6110/4426
f 2051/2724/2231 1543/2041/1685 1541/2039/1683
f 3328/4459/3544 4374/6111/3136 2913/3887/3134
f 3328/4459/3544 2913/3887/3134 2944/3935/3167
f 4397/6156/1501 3677/4974/3880 4325/6021/4402
f 1967/2614/2144 4388/3381/2753 1055/6213/1160
f 1868/2472/2036 1365/1802/1490 1865/2473/2037
f 1868/2476/2036 1364/1801/1491 1365/1800/1490
f 4221/4637/3662 343/451/381 4425/6214/4431
f 4221/5819/3662 4425/6215/4431 3913/5319/4091
f 827/1094/908 828/1095/909 1334/1757/1461
f 4412/3927/3160 2937/3922/3159 4387/112/98
f 1124/1480/1233 575/766/639 4289/5954/4380
f 3624/1005/839 4426/6216/3833 2504/3320/2710
f 4054/5533/4202 885/1175/976 4055/5534/4203
f 888/1178/979 3128/4191/2860 3399/4571/3615
f 3913/5319/4091 4427/6217/4345 386/502/425
f 3913/5319/4091 4425/6215/4431 4427/6217/4345
f 1770/2350/1930 4225/5824/4337 1771/2351/1934
f 1770/2350/1930 378/498/421 4225/5824/4337
f 3764/5103/3959 1186/1562/1301 1185/1561/1300
f 3764/5103/3959 3149/4216/3369 3349/4497/3565
f 3764/5103/3959 1185/1561/1300 3149/4216/3369
f 4331/6030/4407 4413/6190/4437 4396/6155/4434
f 4331/6030/4407 3281/6218/3498 4413/6190/4437
f 2291/3051/2489 3697/5006/3896 3780/5121/3973
f 986/1295/1083 2427/3231/2633 2426/3230/2632
f 3916/5323/4093 4432/6052/4416 2683/5324/2894
f 2988/5891/3209 4254/5890/4362 4344/6053/3210
f 3371/4533/3591 1900/2514/2073 3606/4869/3817
f 2084/2765/2264 197/266/223 196/265/222
f 2239/2987/2435 466/625/516 464/623/515
f 2096/2779/2278 1740/2310/1901 4343/6051/4415
f 3124/4187/3345 2721/3630/2937 1785/2373/1951
f 3124/4187/3345 3751/5082/3943 2721/3630/2937
f 2119/2809/2307 4058/5538/4205 2121/2811/2309
f 2119/2809/2307 263/344/296 4058/5538/4205
f 3652/4937/3857 4271/5920/4233 3923/5333/4099
f 3771/5111/3967 2202/2945/2394 2902/3868/3119
f 3638/4913/3844 4145/3535/2863 4103/5610/4242
f 2548/3391/2759 4205/5793/4324 4057/5537/4204
f 2952/3950/3174 2433/3238/2639 2953/3951/3175
f 2521/3346/2728 3326/4456/3542 3476/4684/3692
f 2133/2824/1939 2136/2827/2324 2536/3368/2743
f 4403/6166/2758 2420/3224/2626 4040/5513/2760
f 883/1173/974 1790/2378/1956 884/1174/975
f 3645/4925/3850 3403/4575/3619 4166/5719/4295
f 2045/2718/2225 2043/2716/2223 4244/5873/2805
f 3170/4253/3389 59/81/69 3173/4256/3392
f 3535/4771/3747 2480/3292/2687 3348/4496/3564
f 3535/4771/3747 3348/4496/3564 2744/6074/2959
f 2123/2813/2311 1075/1411/1180 2127/2817/2315
f 3489/4702/3701 2029/2701/2210 2030/2702/2211
f 4355/6078/2610 4354/4652/3674 4372/6109/2611
f 1175/1550/1289 1177/1552/1291 2646/3522/2854
f 714/932/785 715/933/786 2302/3064/2501
f 2658/3545/2869 2443/3251/2649 743/968/816
f 2447/3255/2653 1564/6219/1709 4264/5522/4200
f 1368/1431/1195 1087/1430/1192 2296/6220/1496
f 1368/1810/1195 1367/1805/1494 3689/4996/1196
f 1097/1446/1205 2761/3684/2977 782/1038/861
f 3886/5282/4068 4064/5544/4210 4261/5900/4363
f 3886/5282/4068 4261/5900/4363 3887/5283/4069
f 3886/5282/4068 659/870/731 4064/5544/4210
f 2743/3662/2960 2744/3663/2959 4352/5674/4275
f 3829/5201/4020 284/368/318 4136/5352/4109
f 4428/6221/610 4215/4717/3712 2691/3597/2906
f 4428/6222/610 3902/5304/612 4215/5811/3712
f 555/744/617 2388/3178/2592 556/745/618
f 2479/3291/2686 4390/3610/2918 4429/6223/3960
f 2479/3291/2686 4429/6223/3960 2480/3292/2687
f 3893/5294/4074 4219/5817/4333 4337/6044/4410
f 3893/5294/4074 4013/5470/4172 4219/5817/4333
f 3495/4708/3707 1207/1587/1323 4338/6045/4411
f 602/799/670 2604/3467/2814 2649/3526/2857
f 4092/5585/4234 2953/3951/3175 2433/3238/2639
f 4092/6224/4234 2433/3240/2639 2432/3237/2638
f 4092/6224/4234 3418/4594/3632 513/4726/569
f 4092/5584/4234 513/683/569 508/678/564
f 4092/6224/4234 2432/3237/2638 3418/4594/3632
f 4144/3533/2862 3812/5168/4000 3814/5172/4002
f 346/456/385 754/5820/826 347/457/386
f 4411/5234/3161 1618/2143/1767 2939/4370/3162
f 3858/5241/4044 2017/2685/2197 2016/2684/2196
f 3403/4575/3619 3216/4312/3436 4166/5719/4295
f 3761/5099/3955 1334/1757/1461 828/1095/909
f 4284/5473/4174 4316/6011/4395 3479/4688/3694
f 4233/5841/4343 1511/1989/1645 2623/3487/2833
f 2377/3160/2581 4174/5929/4302 37/53/41
f 2377/3160/2581 37/53/41 3078/3161/2582
f 3840/5216/4030 1023/1339/1121 1022/1338/1120
f 3412/2544/2096 3882/5278/4064 1923/2545/2097
f 3412/2544/2096 2271/3024/2468 3882/5278/4064
f 523/697/580 2580/3435/2790 1759/2334/1919
f 4416/5523/4134 4046/5520/4199 4385/6131/4135
f 2842/3788/3059 2838/3789/3056 3426/4604/3640
f 4407/6225/3401 773/6226/852 4405/6227/4392
f 172/231/196 2341/3112/2539 2928/3908/3152
f 172/231/196 171/230/195 2341/3112/2539
f 250/327/282 2221/2964/2417 251/328/283
f 3271/4384/3488 1676/2212/1828 1675/2211/1827
f 308/412/346 1428/4735/1558 2395/3189/2599
f 2275/3028/2472 3470/4675/3684 2276/3029/2473
f 4023/5488/4183 2375/3155/2577 4024/5489/4184
f 2378/3158/2580 1937/2565/2108 1396/1846/1525
f 3951/5377/4120 4395/6152/4433 3953/5379/4122
f 3951/5377/4120 764/1009/841 4395/6152/4433
f 4290/5955/4381 4289/5954/4380 4367/6097/4423
f 4290/5955/4381 897/4212/989 2169/2880/2358
f 4290/5955/4381 4367/6097/4423 897/4212/989
f 536/715/595 2430/3234/2636 1480/1951/1614
f 536/715/595 1529/2020/1667 2430/3234/2636
f 3588/4849/3798 3590/4851/3800 4182/5749/4310
f 988/1297/1085 4152/5699/4284 990/1299/1087
f 3820/5183/4009 3141/4207/3361 3139/4204/3359
f 3820/5183/4009 3139/4204/3359 4209/6228/4328
f 2063/2738/2242 3255/4360/3474 3887/5283/4069
f 2560/3406/2773 2077/2756/2255 4276/5937/4373
f 1016/1332/1115 4371/6106/3217 4161/5713/3216
f 1016/1332/1115 1013/1329/1112 4371/6106/3217
f 1016/1332/1115 4161/5713/3216 3336/4471/3551
f 4424/6212/4438 7/11/8 5/8/6
f 4424/6212/4438 2251/2999/2447 7/11/8
f 2112/5907/2297 4264/5906/4200 1564/2065/1709
f 2112/5907/2297 1564/2065/1709 1563/2064/1708
f 4297/5968/4387 4358/6085/4408 4421/5971/4389
f 3048/4089/3266 3704/5015/3903 3050/4090/3267
f 3449/4638/3663 1062/1398/1167 4315/6010/4394
f 1090/1437/1199 4354/6076/3674 2144/2846/2334
f 782/1038/861 2761/3684/2977 2760/3683/2976
f 3811/5166/3999 178/239/200 2980/3986/3201
f 3356/6229/3576 4386/6230/4424 1570/6231/1716
f 3356/6229/3576 3859/6232/3575 4386/6230/4424
f 1907/2520/2078 2672/3561/2881 2014/5837/2194
f 4075/5557/4220 3307/4432/3524 3306/4431/3523
f 4075/5557/4220 3306/4431/3523 3675/4972/3878
f 3742/5066/3938 3492/4705/3704 3308/4433/3525
f 3742/5066/3938 4159/5709/4291 3492/4705/3704
f 1714/2270/1871 2989/3996/3211 4344/3995/3210
f 4390/6141/2918 3690/4997/3889 4429/5104/3960
f 3709/5022/3908 73/97/85 72/96/84
f 574/765/638 4289/5954/4380 575/766/639
f 4127/5648/4261 4362/6091/4420 4057/5537/4204
f 4127/5648/4261 4057/5537/4204 4272/5922/4371
f 758/998/833 4368/999/831 3111/4165/3332
f 2465/3277/2672 4421/6206/4389 4435/4635/3661
f 3349/4497/3565 3149/4216/3369 3350/4498/3566
f 4132/5660/4269 4029/5495/4188 530/706/587
f 839/1106/919 2510/3334/2716 841/1108/921
f 3873/5264/4055 2519/3343/2725 2517/3341/2723
f 2810/3749/3030 2811/3750/3028 3392/4564/3610
f 1026/1342/1124 1425/1883/1555 1030/1346/1128
f 884/1174/975 4055/5534/4203 885/1175/976
f 3239/4342/3459 3733/5056/3929 3240/4343/3460
f 3239/4342/3459 4198/5783/4318 3733/5056/3929
f 2903/3874/3122 2902/3868/3119 2202/2945/2394
f 2172/2885/2363 661/872/733 3885/5281/4067
f 3684/4988/3884 2181/2899/2370 2178/2895/2369
f 2072/2751/2250 1217/1609/1336 1214/1604/1333
f 2072/2751/2250 1214/1604/1333 2501/3317/2709
f 3351/4500/3567 2480/3292/2687 4429/6223/3960
f 3351/4500/3567 3348/4496/3564 2480/3292/2687
f 3243/4346/3462 2823/3766/3041 4278/5939/4374
f 715/5567/786 4400/6160/787 4083/5568/4226
f 4413/6190/4437 3281/6218/3498 3280/5438/3497
f 1865/2473/2037 1365/1802/1490 1363/1799/1489
f 1865/2473/2037 1363/1799/1489 4278/5939/4374
f 1865/2473/2037 4278/5939/4374 2823/3766/3041
f 1865/2473/2037 2823/3766/3041 1866/2474/2038
f 4418/6201/557 3735/5058/3931 2677/5633/2887
f 2924/3902/3146 518/692/577 2925/3903/3147
f 2879/3841/3099 452/606/502 450/604/500
f 2879/3841/3099 450/604/500 3155/4223/3375
f 4414/6193/3534 1563/2064/1708 1559/2060/1704
f 4405/6233/4392 3444/6234/3658 4430/6235/3657
f 4147/5694/4280 3630/4903/1676 4071/5553/4216
f 4147/5694/4280 1799/6138/1965 3630/4903/1676
f 251/328/283 2221/2964/2417 4247/5877/4357
f 653/864/725 4393/6148/4432 2950/3943/3172
f 2375/3155/2577 2374/3154/2576 4024/5489/4184
f 1971/2617/2147 40/58/46 39/57/45
f 3949/5373/3557 3050/4090/3267 3704/5015/3903
f 3949/5373/3557 4107/5669/4246 3050/4090/3267
f 2015/2683/2195 3484/4697/1937 1120/1476/1229
f 2015/2683/2195 2014/2682/2194 3484/4697/1937
f 474/633/524 473/632/523 1968/2613/2145
f 1474/1942/1606 1473/1941/1605 2329/3095/2526
f 191/258/216 3750/5081/2936 4169/5722/4298
f 191/258/216 4169/5722/4298 3783/5124/3976
f 191/258/216 2722/5642/2938 3750/5081/2936
f 778/1033/857 1285/1692/1406 4431/6236/2209
f 4104/5612/4243 1846/3997/2016 4330/6028/4406
f 4104/5612/4243 3955/5382/4125 1846/3997/2016
f 4104/5612/4243 4330/6028/4406 3731/5054/3928
f 1877/2488/2048 1876/2486/2046 1977/2626/2153
f 376/496/419 3726/5048/3924 377/497/420
f 402/5829/448 3000/4016/3223 3164/4243/3384
f 3850/5228/4037 3798/5149/3989 735/960/808
f 470/629/520 674/888/746 675/889/747
f 3492/4705/3704 4159/5709/4291 3493/4706/3705
f 518/692/577 520/694/572 2925/3903/3147
f 3245/4348/3464 3041/4078/3258 2899/3862/3116
f 4005/5456/4164 1668/2203/1820 4240/5863/4353
f 608/805/676 2889/3851/3108 609/806/677
f 608/805/676 605/802/673 3129/4194/3349
f 4272/5922/4371 4057/5537/4204 4205/5793/4324
f 1271/1673/1394 1267/1667/1391 304/399/340
f 1271/1673/1394 304/399/340 31/45/35
f 4395/6152/4433 764/1009/841 1548/2046/1690
f 4234/5843/4344 1453/1916/1583 1455/1918/1585
f 4234/5843/4344 1455/1918/1585 4189/5760/4314
f 3569/4819/3779 3568/4818/3778 4063/5543/4209
f 3569/4819/3779 4063/5543/4209 4396/6155/4434
f 4182/5749/4310 3590/4851/3800 246/322/277
f 3362/4517/3582 3361/4516/3581 2032/2704/2213
f 752/983/824 3367/4525/3587 1496/1970/1629
f 316/419/353 313/416/350 1561/2062/1706
f 224/297/252 3580/4836/3789 3294/4416/3511
f 2896/4801/3115 3426/4604/3640 2838/3789/3056
f 2896/4801/3115 3304/4429/3521 3426/4604/3640
f 2800/3736/3019 1692/2237/1843 1691/2236/1842
f 1177/1552/1291 3283/1549/1288 4364/6093/4422
f 1177/1552/1291 4191/5762/4315 2646/3522/2854
f 3885/5281/4067 661/872/733 659/870/731
f 3687/4991/3887 3366/4522/3586 3365/4521/3585
f 1117/1473/1226 2212/2954/2407 4223/5822/4335
f 2335/3105/2533 3627/4899/3836 3610/4877/3822
f 1748/2317/1907 2683/3575/2894 4432/6237/4416
f 1748/2320/1907 4432/6052/4416 1749/2321/1910
f 1223/1616/1342 3576/4830/3786 1225/1618/1344
f 3677/4976/3880 4433/6238/1593 1461/4977/1591
f 1988/2640/2164 621/3616/690 1991/2643/2166
f 2523/6080/2731 2566/3413/2778 2564/3410/2777
f 2374/3154/2576 4168/5721/4297 4024/5489/4184
f 2783/3708/3001 4377/6117/3984 2784/3709/3002
f 3479/4688/3694 4316/6011/4395 2669/4693/2879
f 1876/2486/2046 1978/2627/2154 1977/2626/2153
f 1876/2486/2046 595/3525/661 1978/2627/2154
f 1876/2486/2046 3681/4985/664 595/3525/661
f 2650/3527/2858 2649/3526/2857 2604/3467/2814
f 3283/4399/1288 2703/3609/2917 4364/6165/4422
f 3962/3565/2885 2675/3564/2884 4305/5558/4221
f 935/1241/1031 2677/3567/2887 4434/6239/4252
f 2154/2853/2341 2755/3678/2971 4436/6240/4435
f 3816/5175/4004 3805/5159/3994 2500/3315/2707
f 4360/6087/4419 3603/4866/3814 3434/4617/3647
f 4360/6087/4419 1084/6241/1190 3604/4867/3815
f 4360/6087/4419 3604/4867/3815 3603/4866/3814
f 590/785/657 4339/6047/4412 591/786/658
f 4152/5699/4284 4247/5877/4357 990/1299/1087
f 2950/3944/3172 4393/6242/4432 1627/2154/1776
f 3179/4262/3398 621/3616/690 2708/3615/2923
f 1683/2227/1836 4286/5949/4378 4109/5624/4248
f 1683/2227/1836 4109/5624/4248 2205/2947/2400
f 3600/4863/3811 3599/4862/3810 621/3616/690
f 4270/5919/4169 4154/5701/4286 4288/5953/4379
f 3752/5083/3944 3751/6243/3943 4281/2734/2239
f 4309/5992/938 2880/3839/3097 4415/6194/940
f 3200/4296/3420 4295/4289/3411 396/6244/442
f 4162/1352/1134 4198/5875/4318 1033/1353/1135
f 1008/1323/1108 2891/1325/1109 1391/1840/1520
f 1008/1323/1108 1391/1840/1520 4240/5863/4353
f 1008/1323/1108 4240/5863/4353 1668/2203/1820
f 3852/5231/4039 3367/4524/3587 3366/4522/3586
f 4393/6242/4432 897/1188/989 1627/2154/1776
f 1749/2321/1910 4432/6052/4416 2905/3876/3124
f 1640/2170/1790 3897/5298/4078 3896/5297/4077
f 4/7/5 4231/5838/4341 5/8/6
f 4/7/5 2826/3769/3044 2825/3768/3043
f 4/7/5 2825/3768/3043 4231/5838/4341
f 2296/6245/1496 2297/6246/2495 4211/6247/1497
f 2148/2850/2338 2144/2846/2334 4354/6076/3674
f 3494/4707/3706 393/519/436 392/518/435
f 693/908/765 2156/2861/2346 698/913/770
f 1030/1346/1128 1425/1883/1555 1424/1885/1554
f 815/1081/896 2591/3448/2800 2590/3447/2798
f 4064/5544/4210 3113/4171/3335 4261/5900/4363
f 3579/4835/3788 3294/4416/3511 3580/4836/3789
f 3555/4804/3766 3896/5297/4077 3556/4805/3767
f 1629/2157/1779 3467/4672/3681 4245/5874/4356
f 2791/3722/3010 2489/3302/2697 3806/5161/3995
f 621/3616/690 2342/3113/2540 1991/2643/2166
f 1520/2006/1656 3020/2933/2006 1523/2010/1658
f 3082/4128/3299 3509/4733/3721 3805/5160/3994
f 3365/4523/3585 750/981/822 3686/4990/3886
f 4025/5491/4185 4168/5721/4297 4142/5678/4277
f 4025/5491/4185 4024/5489/4184 4168/5721/4297
f 4358/6085/4408 4435/6248/3661 4421/5971/4389
f 343/6249/381 339/446/378 4425/6143/4431
f 1084/1421/1190 1080/1416/1185 3604/6250/3815
f 59/81/69 58/80/68 3173/4256/3392
f 2221/2964/2417 990/1299/1087 4247/5877/4357
f 4263/5903/4365 1192/1572/1308 4384/1570/1307
f 3604/4867/3815 4436/6251/4435 3605/4868/3816
f 3604/4867/3815 1080/6252/1185 4436/6251/4435
f 1207/1587/1323 303/398/339 4338/6045/4411
f 3606/6253/3817 3605/6254/3816 2317/3083/2514
f 671/885/743 3650/4933/3828 648/851/715
f 4436/6240/4435 2755/3678/2971 3605/6254/3816
f 2755/3678/2971 2317/3083/2514 3605/6254/3816
f 3731/5054/3928 4330/6028/4406 2356/3129/2555
f 2905/3876/3124 4432/6052/4416 626/824/695
f 2905/3876/3124 626/824/695 2700/3606/2914
f 2421/3225/2627 2420/3224/2626 4095/5592/4236
f 1281/1686/1402 2420/3224/2626 2421/3225/2627
f 3311/4436/3528 911/1215/1006 916/1214/1010
f 3311/4436/3528 916/1214/1010 3312/4437/3529
f 3290/4411/3507 1294/1707/1415 1295/1708/1416
f 946/1252/1040 1295/1708/1416 1294/1707/1415
f 3606/6253/3817 2317/3083/2514 2316/3082/2513
f 3371/4533/3591 3606/4869/3817 2316/3081/2513
f 3693/2788/2287 2106/2792/2291 4437/5830/4112
f 3693/5000/2287 4437/6255/4112 3941/5001/3892
f 3540/4780/3752 3541/4781/2169 1885/6256/2055
f 3851/5229/4038 3540/5230/3752 1885/2496/2055
f 1688/2233/1839 3483/4694/3696 4026/5492/4186
f 1688/2233/1839 4026/5492/4186 1155/1523/1266
f 3520/4751/3731 1864/1222/1016 4438/6257/2034
f 3520/4746/3731 4438/2468/2034 1861/2465/2032
f 2900/3865/3118 2385/3172/2588 2383/6258/2586
f 2380/3164/2583 2383/6258/2586 2385/3172/2588
f 1992/6259/2167 3541/4781/2169 3863/5254/3155
f 1992/2645/2167 3863/3912/3155 2933/2646/2168
