# Blender 4.4.0
# www.blender.org
mtllib Meshy_AI__0717132400_texture.mtl
o Meshy_AI__0717132400_texture
v -0.632812 -0.658203 -0.728516
v -0.632812 -0.666016 -0.736328
v -0.636719 -0.669922 -0.728516
v -0.628906 -0.669922 -0.724609
v -0.628906 -0.669922 -0.728516
v -0.625000 -0.673828 -0.724609
v 0.003006 0.160156 0.061523
v 0.067383 0.158203 -0.148438
v 0.002701 0.158203 -0.061035
v -0.006683 0.161133 0.064941
v 0.443359 -0.292969 -0.537109
v 0.416016 -0.292969 -0.521484
v 0.416016 -0.292969 -0.548828
v 0.441406 -0.292969 -0.505859
v -0.628906 -0.079102 0.042725
v -0.621094 -0.079102 0.046387
v -0.617188 -0.071289 0.040039
v -0.625000 -0.071289 0.038086
v -0.644531 -0.079102 0.040527
v -0.644531 -0.086426 0.044434
v -0.632812 -0.087402 0.047363
v -0.455078 -0.126953 0.032837
v -0.464844 -0.133789 0.027466
v -0.455078 -0.132812 0.025635
v -0.445312 -0.128906 0.026856
v -0.460938 -0.124023 0.036377
v -0.449219 -0.122070 0.034424
v -0.455078 -0.118652 0.039307
v 0.322266 -0.281250 0.560547
v 0.324219 -0.292969 0.564453
v 0.322266 -0.294922 0.576172
v 0.322266 -0.261719 0.544922
v 0.322266 -0.281250 0.544922
v 0.322266 -0.292969 0.544922
v 0.318359 -0.261719 0.564453
v 0.322266 -0.281250 0.572266
v -0.792969 -0.092773 -0.025757
v -0.796875 -0.096191 -0.023926
v -0.796875 -0.096680 -0.029541
v -0.800781 -0.092285 -0.030273
v -0.796875 -0.087402 -0.024536
v -0.574219 -0.521484 0.701172
v -0.585938 -0.533203 0.701172
v -0.695312 -0.332031 0.431641
v -0.750000 -0.220703 0.212891
v -0.757812 -0.221680 0.208008
v -0.287109 -0.220703 0.693359
v -0.400391 -0.339844 0.693359
v -0.699219 -0.337891 0.431641
v 0.172852 0.500000 -0.016724
v 0.179688 0.498047 -0.019043
v 0.187500 0.500000 -0.000244
v 0.167969 0.500000 -0.011841
v 0.166992 0.521484 -0.013672
v 0.172852 0.521484 -0.017700
v 0.941406 -0.658203 0.421875
v 0.914062 -0.662109 0.720703
v 0.941406 -0.666016 0.421875
v 0.914062 -0.654297 0.716797
v 0.988281 -0.658203 0.007294
v -0.205078 -0.064453 -0.115234
v -0.110840 -0.218750 -0.408203
v -0.257812 -0.208984 -0.151367
v -0.255859 -0.215820 -0.150391
v -0.257812 -0.208984 0.149414
v -0.257812 -0.203125 0.149414
v -0.257812 -0.202148 -0.150391
v 0.347656 0.083008 0.285156
v 0.178711 -0.006653 0.306641
v 0.386719 -0.008728 0.289062
v 0.179688 0.079590 0.298828
v 0.371094 0.151367 0.265625
v 0.156250 -0.172852 -0.580078
v 0.156250 -0.196289 -0.580078
v 0.132812 -0.194336 -0.583984
v 0.157227 -0.154297 -0.583984
v 0.170898 -0.153320 -0.583984
v 0.169922 -0.171875 -0.583984
v 0.132812 -0.171875 -0.580078
v -0.820312 -0.059082 0.000061
v -0.832031 -0.059815 0.007904
v -0.808594 -0.060547 -0.007324
v -0.820312 -0.060059 0.009155
v -0.820312 -0.060059 -0.007385
v -0.796875 -0.114746 -0.011169
v -0.796875 -0.120605 -0.011108
v -0.792969 -0.115723 -0.000031
v -0.800781 -0.116699 -0.004761
v 0.474609 -0.283203 -0.548828
v 0.470703 -0.263672 -0.548828
v 0.472656 -0.281250 -0.513672
v 0.470703 -0.292969 -0.552734
v 0.472656 -0.283203 -0.568359
v -0.511719 -0.079590 0.046631
v -0.490234 -0.072754 0.041016
v -0.507812 -0.073242 0.041260
v -0.511719 -0.088867 0.049561
v -0.496094 -0.080078 0.047363
v -0.527344 -0.088379 0.050781
v -0.042969 -0.292969 0.544922
v -0.044190 -0.294922 0.525391
v -0.068848 -0.294922 0.564453
v -0.069336 -0.292969 0.544922
v -0.043457 -0.291016 0.564453
v 0.593750 -0.018921 -0.137695
v 0.449219 -0.019409 -0.359375
v 0.441406 -0.015381 -0.351562
v 0.593750 -0.019653 0.140625
v 0.371094 -0.219727 0.441406
v 0.402344 -0.218750 0.441406
v 0.398438 -0.243164 0.443359
v 0.349609 -0.219727 0.441406
v 0.373047 -0.196289 0.439453
v 0.351562 -0.241211 0.443359
v 0.375000 -0.244141 0.441406
v -0.667969 -0.077637 -0.029175
v -0.675781 -0.079590 -0.033447
v -0.675781 -0.074219 -0.029053
v -0.667969 -0.072754 -0.026489
v -0.664062 -0.074707 -0.023682
v -0.664062 -0.080078 -0.027954
v -0.667969 -0.084473 -0.033203
v -0.726562 -0.133789 -0.002747
v -0.714844 -0.131836 0.008728
v -0.726562 -0.131836 0.008362
v -0.738281 -0.132812 -0.000732
v -0.726562 -0.133789 -0.010803
v -0.710938 -0.133789 -0.001038
v -0.742188 -0.131836 -0.010193
v 0.157227 -0.141602 -0.583984
v 0.170898 -0.141602 -0.583984
v 0.131836 -0.140625 -0.572266
v 0.155273 -0.140625 -0.572266
v 0.433594 -0.204102 0.708984
v 0.882812 -0.208984 0.460938
v 0.886719 -0.200195 0.451172
v 0.875000 -0.202148 0.455078
v 0.882812 -0.200195 0.462891
v -0.122070 0.095703 0.105469
v -0.111816 0.153320 0.114746
v -0.130859 0.043213 -0.097168
v -0.402344 -0.339844 -0.697266
v -0.753906 -0.219727 -0.203125
v -0.291016 -0.221680 -0.685547
v -0.285156 -0.217773 -0.685547
v 0.228516 0.322266 0.043213
v 0.141602 0.322266 0.044434
v 0.143555 0.320312 0.039307
v 0.234375 0.320312 0.038818
v 0.234375 0.328125 0.043701
v 0.226562 0.320312 0.038574
v 0.229492 0.326172 0.045654
v 0.042969 -0.292969 -0.460938
v -0.007233 -0.291016 -0.474609
v 0.042725 -0.292969 -0.478516
v 0.093262 -0.292969 -0.447266
v 0.042725 -0.292969 -0.447266
v 0.091309 -0.291016 -0.460938
v -0.008484 -0.292969 -0.458984
v -0.914062 -0.106934 0.038818
v -0.910156 -0.099609 0.039307
v -0.921875 -0.101562 0.039551
v -0.898438 -0.108887 0.038818
v -0.898438 -0.100098 0.039063
v -0.921875 -0.108887 0.035645
v -0.910156 -0.115234 0.032837
v -0.851562 -0.125977 0.020020
v -0.863281 -0.127930 0.016052
v -0.859375 -0.128906 0.008331
v -0.839844 -0.125000 0.018555
v -0.835938 -0.119141 0.025147
v -0.851562 -0.122070 0.026367
v -0.847656 -0.127930 0.008453
v 0.064453 0.245117 -0.166016
v 0.058594 0.324219 -0.157227
v 0.067871 0.289062 -0.163086
v 0.070312 0.255859 -0.166016
v 0.167969 0.244141 -0.189453
v 0.049316 0.193359 -0.169922
v -0.065918 -0.666016 0.728516
v 0.376953 -0.666016 0.720703
v 0.910156 -0.654297 0.732422
v 0.382812 -0.646484 0.732422
v 0.910156 -0.666016 0.728516
v 0.910156 -0.662109 0.728516
v 0.380859 -0.662109 0.732422
v 0.378906 -0.666016 0.728516
v 0.902344 -0.666016 0.732422
v 0.382812 -0.654297 0.732422
v -0.597656 -0.115723 -0.046631
v -0.613281 -0.106934 -0.046875
v -0.601562 -0.107422 -0.046875
v -0.585938 -0.116699 -0.045166
v -0.582031 -0.125000 -0.040283
v -0.609375 -0.117188 -0.043457
v -0.066895 -0.281250 -0.583984
v -0.042725 -0.261719 -0.580078
v -0.041748 -0.281250 -0.583984
v -0.081055 -0.281250 -0.580078
v -0.066406 -0.261719 -0.580078
v -0.042480 -0.291016 -0.580078
v -0.080566 -0.292969 -0.580078
v -0.066895 -0.292969 -0.580078
v 0.476562 0.089355 -0.102539
v 0.472656 0.155273 -0.111328
v 0.470703 0.154297 0.115723
v 0.478516 0.090332 0.104980
v 0.484375 0.040527 0.103027
v 0.320312 -0.195312 -0.474609
v 0.322266 -0.197266 -0.501953
v 0.320312 -0.217773 -0.474609
v 0.322266 -0.173828 -0.476562
v 0.322266 -0.173828 -0.501953
v 0.318359 -0.217773 -0.458984
v 0.320312 -0.195312 -0.460938
v -0.710938 -0.064941 0.030151
v -0.714844 -0.060059 0.021484
v -0.726562 -0.065430 0.029297
v -0.699219 -0.064453 0.028687
v -0.699219 -0.060303 0.021484
v -0.722656 -0.070801 0.038818
v -0.714844 -0.070801 0.037842
v -0.593750 -0.322266 -0.109375
v -0.593750 -0.322266 0.111328
v -0.597656 -0.312500 0.114746
v -0.523438 -0.324219 -0.197266
v -0.601562 -0.312500 -0.110352
v -0.589844 -0.320312 0.112793
v 0.322266 -0.142578 0.453125
v 0.322266 -0.142578 0.443359
v 0.324219 -0.154297 0.457031
v 0.326172 -0.143555 0.472656
v 0.335938 -0.143555 0.470703
v 0.335938 -0.142578 0.453125
v 0.886719 -0.509766 -0.697266
v 0.910156 -0.332031 -0.552734
v 0.898438 -0.517578 -0.697266
v 0.597656 -0.333984 -0.708984
v 0.902344 -0.332031 -0.552734
v 0.898438 -0.541016 -0.705078
v 0.890625 -0.521484 -0.705078
v -0.113281 0.047363 0.084961
v -0.107422 0.080078 0.084961
v -0.106934 0.079102 -0.084473
v -0.111328 0.048828 -0.086914
v -0.082520 -0.153320 0.580078
v -0.065918 -0.172852 0.576172
v -0.067871 -0.154297 0.576172
v -0.083008 -0.154297 0.568359
v -0.082031 -0.172852 0.576172
v -0.083008 -0.142578 0.576172
v 0.200195 0.650391 -0.013123
v 0.204102 0.630859 -0.007629
v 0.203125 0.630859 -0.014404
v 0.200195 0.662109 -0.012085
v 0.204102 0.650391 -0.007690
v 0.196289 0.650391 -0.016968
v 0.195312 0.662109 -0.016846
v 0.166992 -0.263672 0.455078
v 0.168945 -0.261719 0.441406
v 0.167969 -0.239258 0.453125
v 0.168945 -0.240234 0.472656
v 0.166992 -0.263672 0.472656
v 0.168945 -0.283203 0.455078
v 0.168945 -0.281250 0.443359
v -0.789062 -0.095703 -0.033935
v -0.792969 -0.099609 -0.029785
v -0.792969 -0.092285 -0.031250
v -0.789062 -0.088379 -0.034424
v -0.781250 -0.093750 -0.037109
v -0.789062 -0.102539 -0.033935
v -0.777344 -0.101074 -0.032959
v -0.765625 -0.221680 0.188477
v -0.761719 -0.217773 0.200195
v -0.761719 -0.221680 0.197266
v -0.761719 -0.218750 0.183594
v -0.976562 -0.390625 0.004318
v 0.490234 -0.039795 0.117188
v 0.375000 -0.039307 0.273438
v 0.488281 -0.040283 -0.114258
v 0.500000 -0.037109 -0.116211
v -0.300781 0.011291 -0.131836
v -0.535156 0.013916 -0.117676
v -0.300781 0.015930 -0.120117
v -0.300781 -0.065430 -0.232422
v -0.535156 0.009094 -0.126953
v -0.292969 0.009399 -0.120605
v -0.251953 -0.202148 -0.151367
v -0.250000 -0.202148 0.148438
v -0.221680 -0.026733 0.139648
v 0.380859 -0.292969 -0.572266
v 0.404297 -0.292969 -0.568359
v 0.378906 -0.292969 -0.556641
v 0.417969 -0.292969 -0.572266
v 0.353516 -0.292969 -0.556641
v 0.353516 -0.294922 -0.568359
v 0.380859 -0.292969 -0.583984
v 0.351562 -0.292969 -0.583984
v -0.664062 -0.098145 0.029541
v -0.664062 -0.102539 0.029785
v -0.664062 -0.092773 0.038330
v -0.667969 -0.099609 0.036865
v -0.664062 -0.093750 0.030396
v -0.722656 -0.116699 -0.033691
v -0.726562 -0.110352 -0.040771
v -0.710938 -0.117188 -0.033935
v -0.714844 -0.124023 -0.028076
v -0.730469 -0.119629 -0.033691
v 0.168945 0.603516 0.017700
v 0.164062 0.603516 0.013428
v 0.163086 0.576172 0.013000
v 0.169922 0.576172 0.017700
v 0.175781 0.603516 0.021118
v 0.176758 0.630859 0.021118
v 0.169922 0.630859 0.018188
v 0.992188 -0.498047 0.007324
v 0.992188 -0.498047 0.003342
v 0.945312 -0.349609 -0.320312
v 0.945312 -0.351562 0.002628
v 0.996094 -0.501953 -0.004517
v -0.069336 -0.142578 0.564453
v -0.069824 -0.140625 0.576172
v -0.048096 -0.140625 0.568359
v -0.068359 -0.141602 0.548828
v -0.081543 -0.142578 0.548828
v -0.082520 -0.141602 0.568359
v -0.484375 -0.322266 0.215820
v -0.308594 -0.312500 0.220703
v -0.484375 -0.312500 0.218750
v -0.312500 -0.322266 0.216797
v 0.322266 -0.154297 -0.501953
v 0.322266 -0.171875 -0.529297
v 0.322266 -0.153320 -0.529297
v 0.324219 -0.143555 -0.480469
v 0.322266 -0.154297 -0.476562
v 0.091797 -0.241211 0.576172
v 0.130859 -0.261719 0.572266
v 0.131836 -0.239258 0.576172
v 0.042969 -0.263672 0.572266
v 0.092285 -0.263672 0.572266
v 0.095215 -0.219727 0.576172
v 0.044190 -0.239258 0.576172
v -0.921875 -0.071777 -0.012146
v -0.929688 -0.069824 -0.003967
v -0.929688 -0.069336 -0.012939
v -0.925781 -0.076660 -0.018310
v -0.910156 -0.121582 0.023682
v -0.914062 -0.125977 0.013489
v -0.898438 -0.125000 0.020874
v -0.917969 -0.123047 0.021240
v -0.898438 -0.116699 0.031860
v -0.921875 -0.115234 0.030640
v 0.141602 0.517578 -0.039795
v 0.135742 0.328125 -0.046875
v 0.135742 0.330078 -0.040527
v 0.146484 0.517578 -0.044922
v 0.140625 0.517578 0.036865
v 0.188477 0.525391 -0.002075
v 0.445312 -0.283203 0.443359
v 0.460938 -0.263672 0.443359
v 0.474609 -0.263672 0.445312
v 0.462891 -0.283203 0.441406
v 0.472656 -0.285156 0.445312
v 0.474609 -0.294922 0.443359
v -0.613281 -0.072754 -0.109863
v -0.613281 -0.066406 -0.110840
v -0.609375 -0.072266 0.116699
v -0.609375 -0.065918 0.114746
v -0.494141 -0.075195 -0.216797
v -0.214844 -0.322266 0.113770
v -0.308594 -0.314453 -0.222656
v -0.203125 -0.314453 -0.113770
v -0.209961 -0.322266 -0.112305
v -0.210938 -0.322266 0.114258
v 0.449219 -0.154297 0.576172
v 0.423828 -0.173828 0.572266
v 0.449219 -0.172852 0.572266
v 0.462891 -0.143555 0.576172
v 0.445312 -0.143555 0.576172
v 0.464844 -0.173828 0.572266
v 0.464844 -0.155273 0.572266
v 0.421875 -0.152344 0.576172
v 0.320312 -0.240234 -0.572266
v 0.322266 -0.240234 -0.580078
v 0.320312 -0.261719 -0.568359
v 0.318359 -0.263672 -0.552734
v 0.320312 -0.241211 -0.548828
v 0.320312 -0.218750 -0.568359
v -0.800781 -0.078613 0.021851
v -0.796875 -0.083008 0.026001
v -0.796875 -0.078613 0.028565
v -0.796875 -0.080078 0.032105
v -0.785156 -0.079102 0.035156
v -0.792969 -0.073242 0.030640
v -0.796875 -0.071777 0.022583
v -0.808594 -0.384766 -0.271484
v -0.792969 -0.509766 -0.292969
v -0.605469 -0.525391 -0.673828
v -0.593750 -0.556641 -0.697266
v -0.796875 -0.650391 -0.289062
v -0.617188 -0.646484 -0.712891
v -0.738281 -0.357422 -0.396484
v 0.882812 -0.200195 -0.443359
v 0.878906 -0.201172 -0.441406
v 0.878906 -0.201172 -0.003204
v 0.890625 -0.203125 -0.439453
v 0.890625 -0.202148 -0.449219
v -0.080566 0.082031 0.146484
v -0.022705 0.085938 0.233398
v -0.033691 0.088867 0.253906
v -0.085938 0.050537 0.145508
v -0.098633 0.085938 0.150391
v -0.486328 -0.142578 0.006287
v -0.480469 -0.141602 0.014160
v -0.496094 -0.142578 0.009186
v -0.472656 -0.142578 0.006897
v 0.167969 -0.294922 0.525391
v 0.168945 -0.281250 0.498047
v 0.169922 -0.281250 0.525391
v 0.167969 -0.292969 0.548828
v 0.153320 -0.292969 0.548828
v 0.153320 -0.294922 0.525391
v 0.168945 -0.292969 0.496094
v -0.800781 -0.102051 -0.029785
v -0.808594 -0.098633 -0.031250
v -0.812500 -0.110352 -0.031006
v -0.816406 -0.103027 -0.032959
v -0.800781 -0.104004 -0.027466
v -0.804688 -0.109863 -0.024780
v -0.980469 -0.400391 0.006500
v -0.984375 -0.513672 0.003433
v -0.980469 -0.398438 -0.002411
v -0.812500 -0.347656 0.248047
v -0.949219 -0.505859 0.050049
v 0.155273 -0.141602 -0.474609
v 0.169922 -0.141602 -0.457031
v 0.169922 -0.141602 -0.474609
v 0.153320 -0.141602 -0.457031
v 0.154297 -0.141602 -0.501953
v 0.130859 -0.140625 -0.498047
v 0.131836 -0.140625 -0.476562
v 0.464844 -0.240234 0.572266
v 0.447266 -0.239258 0.576172
v 0.458984 -0.263672 0.572266
v 0.472656 -0.261719 0.572266
v 0.449219 -0.217773 0.572266
v 0.472656 -0.241211 0.576172
v 0.462891 -0.218750 0.576172
v -0.480469 -0.056396 -0.009277
v -0.480469 -0.059326 -0.019775
v -0.496094 -0.057129 -0.009277
v -0.468750 -0.056396 -0.009766
v -0.496094 -0.055176 0.003197
v -0.468750 -0.060547 -0.021362
v 0.044434 -0.153320 -0.583984
v 0.044922 -0.170898 -0.580078
v -0.003937 -0.152344 -0.583984
v -0.042480 -0.153320 -0.583984
v -0.045410 -0.141602 -0.580078
v -0.002914 -0.171875 -0.580078
v -0.006470 -0.141602 -0.583984
v 0.202148 0.669922 0.004867
v 0.200195 0.669922 -0.001144
v 0.200195 0.673828 0.004196
v 0.203125 0.666016 -0.000961
v 0.200195 0.666016 0.009735
v 0.202148 0.662109 0.010620
v 0.204102 0.662109 0.005203
v 0.378906 -0.292969 -0.529297
v 0.412109 -0.292969 -0.488281
v -0.664062 -0.083008 0.034668
v -0.667969 -0.082031 0.026489
v -0.667969 -0.085938 0.028931
v -0.664062 -0.076172 0.030151
v -0.664062 -0.089844 0.038330
v -0.656250 -0.085938 0.040527
v -0.656250 -0.079102 0.036865
v -0.671875 -0.123047 -0.014648
v -0.679688 -0.125000 -0.016846
v -0.667969 -0.119141 -0.019897
v -0.675781 -0.125977 -0.007751
v -0.667969 -0.123047 -0.006958
v -0.667969 -0.118652 -0.016113
v 0.163086 0.250000 0.189453
v 0.165039 0.291016 0.187500
v 0.065918 0.287109 0.164062
v 0.064941 0.250977 0.163086
v 0.910156 -0.658203 -0.724609
v 0.902344 -0.638672 -0.724609
v 0.910156 -0.638672 -0.728516
v 0.914062 -0.658203 -0.724609
v 0.914062 -0.666016 -0.720703
v 0.914062 -0.642578 -0.724609
v 0.906250 -0.666016 -0.724609
v 0.902344 -0.654297 -0.724609
v -0.435547 -0.104980 0.040772
v -0.445312 -0.106445 0.045410
v -0.435547 -0.112305 0.035889
v -0.435547 -0.097656 0.041504
v -0.443359 -0.097168 0.047607
v -0.435547 -0.105957 0.029541
v -0.378906 -0.343750 0.732422
v -0.275391 -0.205078 0.728516
v -0.285156 -0.202148 0.728516
v -0.416016 -0.337891 0.728516
v -0.519531 -0.501953 0.732422
v -0.462891 -0.451172 0.732422
v 0.170898 -0.171875 0.472656
v 0.168945 -0.194336 0.453125
v 0.168945 -0.172852 0.455078
v 0.170898 -0.172852 0.494141
v 0.170898 -0.194336 0.470703
v -0.878906 -0.066895 -0.024536
v -0.898438 -0.062012 -0.015991
v -0.882812 -0.062500 -0.015991
v -0.898438 -0.065918 -0.023926
v -0.878906 -0.071777 -0.030518
v -0.863281 -0.071289 -0.029297
v -0.859375 -0.065918 -0.026489
v -0.988281 -0.404297 -0.008545
v -0.957031 -0.417969 -0.090820
v -0.988281 -0.402344 -0.003754
v -0.984375 -0.386719 0.000420
v -0.984375 -0.394531 -0.008911
v 0.089355 -0.140625 0.525391
v 0.131836 -0.141602 0.521484
v 0.041504 -0.140625 0.505859
v 0.038574 -0.140625 0.541016
v 0.089844 -0.139648 0.498047
v 0.131836 -0.141602 0.548828
v 0.447266 -0.216797 -0.580078
v 0.462891 -0.217773 -0.580078
v 0.447266 -0.240234 -0.576172
v 0.427734 -0.239258 -0.580078
v 0.423828 -0.216797 -0.580078
v 0.462891 -0.196289 -0.580078
v 0.445312 -0.195312 -0.580078
v -0.589844 -0.063477 0.034180
v -0.605469 -0.064453 0.032349
v -0.605469 -0.071777 0.039551
v -0.593750 -0.058594 0.023193
v -0.593750 -0.071289 0.041260
v -0.578125 -0.063477 0.033691
v -0.578125 -0.058594 0.023560
v -0.080078 -0.216797 0.470703
v -0.082031 -0.194336 0.453125
v -0.081543 -0.216797 0.453125
v -0.080566 -0.238281 0.474609
v -0.078613 -0.196289 0.494141
v -0.081055 -0.195312 0.468750
v -0.079590 -0.218750 0.496094
v 0.384766 0.167969 -0.067383
v 0.310547 0.179688 -0.166016
v 0.312500 0.193359 -0.167969
v 0.386719 0.179688 -0.067871
v 0.382812 0.168945 0.066894
v 0.333984 -0.292969 0.441406
v 0.353516 -0.292969 0.455078
v 0.322266 -0.294922 0.443359
v 0.333984 -0.283203 0.443359
v 0.353516 -0.294922 0.441406
v -0.710938 -0.110352 -0.036865
v -0.722656 -0.104004 -0.043701
v -0.664062 -0.117188 0.010010
v -0.664062 -0.117188 0.020386
v -0.667969 -0.120605 0.015320
v -0.664062 -0.113770 0.016113
v -0.664062 -0.124023 0.009491
v -0.664062 -0.118652 0.000237
v 0.902344 -0.548828 0.701172
v 0.906250 -0.525391 0.697266
v 0.898438 -0.517578 0.693359
v 0.898438 -0.529297 0.708984
v 0.910156 -0.513672 0.666016
v 0.914062 -0.347656 0.552734
v -0.014099 -0.033691 0.271484
v -0.125977 -0.033447 0.109863
v -0.014771 -0.035400 -0.269531
v -0.019775 -0.028198 -0.104004
v 0.174805 -0.031738 0.180664
v -0.083008 -0.292969 -0.537109
v -0.067383 -0.292969 -0.568359
v -0.069336 -0.292969 -0.533203
v -0.083496 -0.292969 -0.501953
v -0.081543 -0.281250 -0.501953
v -0.083496 -0.283203 -0.529297
v -0.083008 -0.294922 -0.564453
v 0.388672 -0.011597 0.298828
v 0.355469 0.042725 0.292969
v 0.177734 -0.009766 0.310547
v 0.478516 0.046387 0.147461
v 0.375000 0.161133 0.265625
v 0.353516 0.094238 0.285156
v 0.177734 -0.024780 0.308594
v 0.392578 0.043701 0.269531
v 0.386719 -0.025879 0.296875
v 0.173828 -0.212891 -0.400391
v -0.099121 -0.215820 -0.396484
v 0.170898 -0.217773 -0.057617
v -0.812500 -0.084961 0.037842
v -0.828125 -0.091309 0.039063
v -0.816406 -0.091309 0.039795
v -0.804688 -0.090820 0.038086
v -0.804688 -0.083984 0.034912
v -0.828125 -0.083984 0.037598
v -0.812500 -0.078125 0.035889
v -0.777344 -0.198242 -0.186523
v -0.769531 -0.197266 0.191406
v -0.769531 -0.197266 -0.190430
v -0.773438 -0.200195 0.190430
v -0.777344 -0.202148 -0.197266
v 0.143555 0.517578 0.033691
v 0.152344 0.521484 0.038574
v 0.146484 0.521484 0.032471
v 0.147461 0.521484 -0.033691
v 0.184570 0.517578 -0.002655
v 0.143555 0.513672 -0.033203
v 0.470703 -0.292969 -0.460938
v 0.460938 -0.294922 -0.462891
v 0.470703 -0.292969 -0.476562
v 0.470703 -0.281250 -0.476562
v 0.470703 -0.281250 -0.460938
v 0.470703 -0.292969 -0.449219
v -0.542969 -0.099121 0.051270
v -0.558594 -0.107422 0.049561
v -0.546875 -0.108398 0.048584
v -0.539062 -0.088867 0.050781
v -0.558594 -0.097656 0.051758
v -0.066406 -0.239258 0.441406
v -0.066406 -0.261719 0.443359
v -0.081543 -0.261719 0.441406
v -0.065430 -0.216797 0.441406
v -0.041260 -0.218750 0.439453
v -0.042480 -0.240234 0.441406
v -0.081055 -0.239258 0.443359
v 0.008545 0.170898 -0.241211
v 0.181641 0.169922 0.000092
v 0.361328 0.168945 -0.246094
v 0.179688 0.171875 -0.261719
v 0.464844 0.168945 -0.109375
v 0.458984 0.168945 -0.105469
v 0.457031 0.168945 0.109375
v 0.464844 0.168945 0.110840
v 0.171875 -0.152344 0.576172
v 0.170898 -0.171875 0.576172
v 0.171875 -0.172852 0.564453
v 0.171875 -0.153320 0.564453
v 0.158203 -0.153320 0.576172
v 0.170898 -0.140625 0.576172
v -0.683594 -0.057373 -0.006592
v -0.675781 -0.058838 -0.005829
v -0.675781 -0.061523 -0.013672
v -0.683594 -0.062012 -0.016479
v -0.691406 -0.057617 -0.008606
v -0.621094 -0.666016 0.732422
v -0.617188 -0.666016 0.728516
v -0.066895 -0.662109 0.728516
v -0.632812 -0.658203 0.732422
v -0.625000 -0.666016 0.724609
v -0.621094 -0.658203 0.732422
v -0.067871 -0.654297 0.732422
v 0.472656 -0.243164 0.453125
v 0.472656 -0.265625 0.457031
v 0.470703 -0.241211 0.470703
v 0.472656 -0.242188 0.443359
v 0.474609 -0.219727 0.451172
v 0.472656 -0.217773 0.468750
v -0.204102 -0.017822 -0.135742
v -0.214844 -0.019287 -0.138672
v -0.214844 -0.018799 0.137695
v -0.558594 -0.125977 -0.040039
v -0.554688 -0.117188 -0.046143
v -0.546875 -0.125977 -0.040527
v -0.542969 -0.133789 -0.032715
v -0.554688 -0.133789 -0.031738
v -0.570312 -0.125977 -0.039551
v -0.570312 -0.118652 -0.045166
v 0.192383 0.576172 0.020264
v 0.184570 0.548828 0.021240
v 0.193359 0.548828 0.020752
v 0.198242 0.576172 0.018188
v 0.197266 0.603516 0.018188
v 0.192383 0.603516 0.020752
v 0.185547 0.572266 0.021851
v 0.043945 -0.281250 -0.583984
v 0.041504 -0.263672 -0.580078
v 0.093262 -0.283203 -0.580078
v -0.006592 -0.281250 -0.583984
v 0.043213 -0.292969 -0.583984
v 0.092285 -0.292969 -0.580078
v -0.425781 -0.076172 0.023804
v -0.917969 -0.083984 0.024048
v -0.917969 -0.078125 0.018677
v -0.925781 -0.081543 0.024292
v -0.925781 -0.077637 0.019409
v -0.921875 -0.125977 -0.017456
v -0.925781 -0.121582 -0.013916
v -0.921875 -0.119629 -0.022339
v -0.921875 -0.127930 -0.009644
v -0.910156 -0.126953 -0.015625
v -0.910156 -0.122559 -0.023560
v -0.066406 -0.654297 -0.736328
v -0.058350 -0.642578 -0.728516
v 0.376953 -0.654297 -0.732422
v 0.380859 -0.662109 -0.724609
v -0.060791 -0.654297 -0.732422
v -0.664062 -0.104980 0.027344
v -0.664062 -0.104492 0.035156
v -0.081543 -0.263672 0.576172
v -0.080566 -0.239258 0.576172
v -0.082031 -0.241211 0.564453
v -0.065918 -0.281250 0.576172
v -0.067871 -0.261719 0.576172
v -0.082031 -0.281250 0.576172
v -0.081543 -0.263672 0.564453
v 0.376953 0.162109 -0.063965
v 0.367188 0.159180 0.062500
v 0.371094 0.161133 -0.061523
v 0.308594 0.161133 -0.159180
v 0.310547 0.168945 -0.166016
v 0.169922 -0.172852 0.439453
v 0.167969 -0.195312 0.441406
v 0.170898 -0.153320 0.455078
v 0.155273 -0.195312 0.441406
v -0.769531 -0.066406 -0.024658
v -0.757812 -0.064941 -0.024780
v -0.757812 -0.071777 -0.031494
v -0.769531 -0.060547 -0.014893
v -0.781250 -0.067871 -0.021606
v -0.781250 -0.061523 -0.015015
v -0.765625 -0.071777 -0.029785
v -0.792969 -0.662109 0.289062
v -0.617188 -0.650391 0.708984
v -0.613281 -0.654297 0.708984
v -0.980469 -0.658203 0.000809
v -0.984375 -0.654297 0.005661
v -0.060547 -0.658203 0.708984
v 0.168945 -0.140625 -0.445312
v 0.155273 -0.141602 -0.445312
v 0.154297 -0.154297 -0.445312
v 0.168945 -0.153320 -0.445312
v 0.169922 -0.153320 -0.458984
v 0.894531 -0.517578 0.708984
v 0.902344 -0.525391 0.708984
v 0.894531 -0.513672 0.701172
v 0.601562 -0.332031 0.724609
v 0.597656 -0.337891 0.728516
v 0.894531 -0.525391 0.716797
v -0.427734 -0.063965 0.002895
v -0.433594 -0.059815 -0.008118
v -0.427734 -0.064453 0.011536
v -0.425781 -0.072266 0.010132
v -0.425781 -0.064453 -0.005402
v -0.435547 -0.059326 0.002617
v 0.113281 -0.207031 -0.443359
v -0.263672 -0.200195 -0.701172
v -0.275391 -0.201172 -0.697266
v 0.203125 0.544922 0.012146
v 0.198242 0.521484 0.018066
v 0.203125 0.521484 0.012146
v 0.204102 0.576172 0.012207
v 0.199219 0.548828 0.017700
v 0.166992 -0.281250 -0.474609
v 0.167969 -0.263672 -0.474609
v 0.166992 -0.263672 -0.458984
v 0.167969 -0.292969 -0.460938
v 0.166992 -0.292969 -0.476562
v 0.168945 -0.281250 -0.457031
v 0.167969 -0.281250 -0.501953
v -0.839844 -0.092285 0.040283
v -0.828125 -0.099609 0.039063
v -0.839844 -0.100586 0.040527
v -0.945312 -0.509766 -0.073242
v -0.898438 -0.347656 -0.125977
v -0.972656 -0.390625 -0.009582
v -0.761719 -0.223633 -0.202148
v -0.765625 -0.222656 -0.191406
v 0.180664 0.095215 0.292969
v 0.181641 0.160156 0.283203
v 0.006500 0.094238 0.281250
v 0.012573 0.086426 0.285156
v 0.179688 0.086426 0.296875
v 0.636719 -0.206055 -0.149414
v 0.632812 -0.206055 0.149414
v -0.298828 0.016968 0.122070
v -0.300781 0.012573 0.133789
v -0.306641 -0.063965 0.232422
v -0.304688 -0.064453 0.232422
v -0.195312 -0.063477 0.120605
v -0.292969 0.011963 0.123047
v -0.201172 -0.022827 0.134766
v -0.074707 -0.026611 0.341797
v -0.240234 -0.206055 0.144531
v -0.237305 -0.213867 -0.145508
v -0.237305 -0.208008 -0.147461
v -0.238281 -0.211914 0.145508
v 0.380859 -0.294922 0.548828
v 0.382812 -0.294922 0.560547
v 0.355469 -0.292969 0.564453
v 0.417969 -0.292969 0.544922
v 0.419922 -0.292969 0.564453
v 0.351562 -0.292969 0.548828
v 0.378906 -0.294922 0.521484
v -0.664062 -0.108398 -0.029297
v -0.664062 -0.105957 -0.025879
v -0.664062 -0.103516 -0.031982
v -0.656250 -0.103516 -0.037598
v -0.656250 -0.110840 -0.036133
v -0.660156 -0.113281 -0.025635
v -0.667969 -0.111816 -0.019409
v -0.691406 -0.118164 0.035889
v -0.695312 -0.124023 0.027588
v -0.683594 -0.122070 0.028198
v -0.679688 -0.113770 0.037109
v -0.687500 -0.109375 0.042725
v -0.699219 -0.118164 0.038330
v -0.703125 -0.124023 0.029297
v 0.179688 0.673828 -0.012817
v 0.184570 0.673828 -0.016846
v 0.178711 0.673828 -0.015747
v 0.178711 0.673828 -0.006836
v 0.182617 0.673828 -0.007629
v 0.184570 0.673828 -0.012634
v 0.175781 0.673828 -0.009705
v 1.000000 -0.494141 0.018189
v 1.000000 -0.490234 0.009338
v 0.953125 -0.341797 0.333984
v 0.992188 -0.462891 0.124023
v -0.081055 -0.028687 -0.359375
v 0.182617 -0.100098 -0.392578
v -0.085449 -0.093750 -0.378906
v -0.079102 -0.025269 -0.351562
v -0.488281 -0.310547 -0.207031
v -0.578125 -0.310547 -0.106934
v -0.482422 -0.318359 -0.205078
v 0.353516 -0.141602 0.496094
v 0.351562 -0.142578 0.468750
v 0.382812 -0.142578 0.525391
v 0.378906 -0.142578 0.492188
v 0.337891 -0.142578 0.509766
v 0.355469 -0.142578 0.521484
v 0.131836 -0.216797 -0.580078
v 0.093262 -0.216797 -0.580078
v 0.091309 -0.239258 -0.580078
v 0.156250 -0.218750 -0.583984
v 0.130859 -0.239258 -0.580078
v -0.882812 -0.059570 0.011536
v -0.906250 -0.062012 0.015320
v -0.898438 -0.066895 0.023193
v -0.902344 -0.059082 0.008789
v -0.882812 -0.064453 0.020996
v -0.867188 -0.058350 0.009094
v -0.636719 -0.662109 0.736328
v -0.632812 -0.666016 0.736328
v -0.632812 -0.646484 0.736328
v -0.636719 -0.646484 0.736328
v -0.632812 -0.654297 0.736328
v -0.644531 -0.658203 0.732422
v 0.063965 0.154297 -0.154297
v 0.180664 0.154297 -0.188477
v 0.058594 0.155273 -0.163086
v 0.472656 -0.242188 0.494141
v 0.470703 -0.218750 0.494141
v 0.472656 -0.243164 0.521484
v 0.472656 -0.263672 0.490234
v 0.472656 -0.218750 0.521484
v -0.554688 -0.072754 -0.040283
v -0.554688 -0.065430 -0.031982
v -0.542969 -0.072266 -0.040039
v -0.570312 -0.066406 -0.032471
v -0.542969 -0.079102 -0.045410
v -0.554688 -0.078613 -0.045410
v -0.570312 -0.071777 -0.040039
v -0.082031 -0.171875 -0.406250
v -0.068359 -0.081055 -0.357422
v -0.077637 -0.167969 -0.388672
v -0.074707 -0.077148 -0.380859
v -0.083984 -0.171875 -0.412109
v 0.353516 -0.263672 -0.583984
v 0.375000 -0.261719 -0.580078
v 0.353516 -0.283203 -0.583984
v 0.373047 -0.241211 -0.580078
v 0.349609 -0.240234 -0.580078
v 0.335938 -0.283203 -0.583984
v 0.335938 -0.263672 -0.583984
v -0.667969 -0.076172 0.022949
v -0.664062 -0.096191 -0.000229
v -0.417969 -0.330078 -0.712891
v -0.417969 -0.335938 -0.720703
v -0.601562 -0.517578 -0.712891
v -0.291016 -0.200195 -0.716797
v -0.605469 -0.513672 -0.708984
v 0.222656 0.322266 0.039551
v 0.226562 0.326172 0.040771
v 0.224609 0.326172 0.041992
v 0.153320 0.322266 0.041504
v 0.155273 0.322266 0.035156
v 0.945312 -0.658203 -0.457031
v 0.996094 -0.669922 -0.001739
v 0.945312 -0.666016 -0.457031
v 0.917969 -0.658203 -0.724609
v 0.945312 -0.669922 -0.455078
v 0.917969 -0.669922 -0.724609
v 0.042480 -0.141602 0.453125
v 0.044678 -0.140625 0.441406
v -0.008667 -0.139648 0.449219
v -0.046875 -0.140625 0.453125
v -0.006317 -0.141602 0.441406
v -0.009216 -0.141602 0.470703
v -0.082520 -0.281250 0.453125
v -0.083008 -0.261719 0.455078
v -0.083496 -0.294922 0.453125
v -0.082031 -0.283203 0.441406
v -0.082031 -0.292969 0.441406
v 0.429688 -0.069336 -0.380859
v 0.174805 -0.067871 -0.388672
v 0.441406 -0.175781 -0.410156
v 0.433594 -0.176758 -0.404297
v 0.176758 -0.024658 -0.369141
v 0.429688 -0.075195 -0.380859
v 0.451172 -0.024048 -0.365234
v 0.414062 -0.201172 0.716797
v 0.400391 -0.201172 0.705078
v -0.265625 -0.202148 0.701172
v 0.400391 -0.200195 0.708984
v -0.267578 -0.200195 0.712891
v -0.804688 -0.062012 -0.004791
v -0.804688 -0.061035 0.002207
v -0.796875 -0.064941 0.001019
v -0.800781 -0.064941 -0.006042
v -0.804688 -0.063477 -0.012329
v -0.812500 -0.062500 -0.011475
v -0.800781 -0.120605 0.002422
v -0.800781 -0.121094 0.008331
v -0.804688 -0.121582 0.010132
v -0.796875 -0.120605 -0.004669
v -0.800781 -0.114258 -0.006226
v -0.800781 -0.116211 0.000473
v -0.804688 -0.123047 0.001602
v 0.474609 -0.292969 0.544922
v 0.474609 -0.294922 0.564453
v 0.462891 -0.294922 0.560547
v 0.474609 -0.285156 0.544922
v 0.472656 -0.283203 0.521484
v 0.474609 -0.294922 0.525391
v -0.507812 -0.088379 -0.049072
v -0.494141 -0.098633 -0.050049
v -0.507812 -0.097656 -0.051025
v -0.496094 -0.089356 -0.050049
v -0.503906 -0.081055 -0.045166
v -0.519531 -0.087891 -0.050293
v -0.515625 -0.079590 -0.045898
v -0.063965 -0.650391 -0.708984
v 0.378906 -0.646484 -0.705078
v -0.056885 -0.646484 -0.708984
v 0.562500 -0.018310 0.135742
v 0.439453 -0.020630 0.349609
v 0.570312 -0.017090 -0.133789
v 0.180664 -0.017212 -0.141602
v 0.437500 -0.018921 0.341797
v 0.369141 -0.215820 -0.447266
v 0.402344 -0.194336 -0.447266
v 0.373047 -0.194336 -0.449219
v 0.345703 -0.194336 -0.447266
v 0.347656 -0.218750 -0.447266
v 0.373047 -0.240234 -0.447266
v 0.402344 -0.217773 -0.447266
v -0.679688 -0.083984 0.041016
v -0.691406 -0.077637 0.041260
v -0.687500 -0.086426 0.044922
v -0.679688 -0.077148 0.038330
v -0.679688 -0.091309 0.045166
v -0.671875 -0.086426 0.041992
v -0.667969 -0.080078 0.036865
v -0.699219 -0.131836 -0.008789
v -0.687500 -0.128906 -0.008240
v -0.687500 -0.129883 -0.000977
v -0.714844 -0.132812 -0.010620
v -0.714844 -0.129883 -0.019043
v -0.699219 -0.128906 -0.018555
v 0.181641 0.169922 0.265625
v -0.001572 0.169922 0.250977
v 0.180664 0.168945 0.275391
v 0.361328 0.171875 0.248047
v 0.169922 -0.170898 -0.529297
v 0.170898 -0.195312 -0.529297
v 0.170898 -0.172852 -0.552734
v 0.170898 -0.153320 -0.552734
v 0.169922 -0.153320 -0.525391
v 0.170898 -0.172852 -0.498047
v -0.101562 0.170898 0.109863
v -0.108398 0.165039 -0.111816
v -0.094727 0.168945 0.108398
v -0.753906 -0.216797 0.208008
v -0.283203 -0.217773 0.693359
v 0.198242 0.521484 -0.017090
v 0.204102 0.498047 -0.012329
v 0.199219 0.501953 -0.016846
v 0.190430 0.548828 -0.020264
v 0.197266 0.548828 -0.016968
v 0.203125 0.521484 -0.011902
v 0.192383 0.521484 -0.018799
v 0.093750 -0.294922 0.439453
v 0.128906 -0.296875 0.451172
v 0.092773 -0.294922 0.453125
v 0.092285 -0.283203 0.441406
v 0.130859 -0.292969 0.441406
v 0.043213 -0.292969 0.443359
v 0.042236 -0.283203 0.441406
v -0.914062 -0.096191 -0.040527
v -0.906250 -0.091797 -0.037598
v -0.906250 -0.102051 -0.040039
v -0.917969 -0.103516 -0.039062
v -0.921875 -0.101562 -0.035400
v -0.921875 -0.091797 -0.039795
v -0.992188 -0.371094 -0.001846
v -0.789062 -0.198242 0.183594
v -0.789062 -0.198242 -0.183594
v -0.992188 -0.373047 -0.006348
v -0.996094 -0.378906 0.002438
v -0.988281 -0.375000 0.005280
v 0.040527 -0.140625 -0.498047
v -0.008850 -0.141602 -0.521484
v -0.008728 -0.140625 -0.548828
v -0.048096 -0.142578 -0.548828
v -0.047363 -0.142578 -0.529297
v -0.007416 -0.142578 -0.488281
v 0.042969 -0.141602 -0.552734
v 0.398438 -0.172852 0.572266
v 0.421875 -0.195312 0.572266
v 0.445312 -0.195312 0.572266
v -0.617188 -0.059570 -0.018310
v -0.625000 -0.056885 -0.009644
v -0.605469 -0.063965 -0.028564
v -0.621094 -0.064453 -0.027954
v -0.605469 -0.059082 -0.019043
v -0.613281 -0.056641 -0.009644
v -0.079590 -0.195312 -0.474609
v -0.078613 -0.196289 -0.501953
v -0.080078 -0.217773 -0.474609
v -0.081543 -0.172852 -0.476562
v -0.080078 -0.172852 -0.501953
v -0.080078 -0.215820 -0.457031
v -0.080566 -0.195312 -0.458984
v 0.320312 -0.281250 -0.449219
v 0.320312 -0.281250 -0.460938
v 0.318359 -0.291016 -0.449219
v 0.318359 -0.261719 -0.460938
v 0.320312 -0.263672 -0.447266
v 0.333984 -0.281250 -0.449219
v -0.750000 -0.103027 0.043945
v -0.738281 -0.093750 0.047119
v -0.750000 -0.095215 0.045166
v -0.761719 -0.108398 0.040283
v -0.753906 -0.110840 0.039795
v -0.738281 -0.101562 0.044434
v -0.761719 -0.101562 0.042725
v -0.660156 -0.124023 -0.008667
v -0.656250 -0.127930 -0.010620
v -0.660156 -0.125977 -0.004517
v -0.660156 -0.124023 -0.017700
v -0.664062 -0.117676 -0.009521
v -0.664062 -0.120605 -0.016357
v 0.184570 0.328125 0.185547
v 0.170898 0.291016 0.186523
v 0.308594 0.324219 0.162109
v 0.302734 0.343750 0.155273
v 0.059082 0.322266 0.160156
v 0.068848 0.291016 0.166016
v 0.190430 0.246094 0.195312
v 0.192383 0.289062 0.189453
v 0.184570 0.341797 0.179688
v 0.906250 -0.552734 -0.701172
v 0.902344 -0.513672 -0.662109
v 0.914062 -0.623047 -0.705078
v 0.902344 -0.533203 -0.701172
v -0.435547 -0.089844 0.041016
v -0.439453 -0.081055 0.043457
v -0.441406 -0.087891 0.047119
v -0.431641 -0.082520 0.038818
v -0.582031 -0.568359 0.705078
v -0.500000 -0.498047 0.701172
v -0.609375 -0.646484 0.708984
v -0.617188 -0.650391 0.712891
v -0.578125 -0.548828 0.705078
v -0.503906 -0.498047 0.701172
v -0.585938 -0.544922 0.705078
v -0.589844 -0.564453 0.705078
v 0.384766 -0.154297 -0.447266
v 0.416016 -0.141602 -0.447266
v 0.378906 -0.142578 -0.449219
v 0.417969 -0.154297 -0.447266
v 0.482422 -0.216797 0.412109
v 0.177734 -0.217773 0.404297
v 0.173828 -0.220703 0.144531
v -0.104492 -0.218750 0.398438
v 0.472656 -0.219727 0.400391
v 0.177734 -0.217773 0.417969
v 0.628906 -0.217773 -0.144531
v -0.835938 -0.083496 -0.036377
v -0.824219 -0.092773 -0.037842
v -0.835938 -0.091797 -0.039062
v -0.855469 -0.086426 -0.038330
v -0.839844 -0.077637 -0.033691
v -0.824219 -0.084961 -0.036377
v -0.855469 -0.078125 -0.036865
v -0.753906 -0.215820 0.204102
v -0.761719 -0.223633 0.206055
v 0.139648 0.322266 -0.045166
v 0.143555 0.326172 -0.050049
v 0.917969 -0.662109 0.402344
v 0.902344 -0.658203 0.712891
v 0.953125 -0.662109 0.001400
v 0.910156 -0.658203 -0.419922
v 0.914062 -0.658203 0.398438
v -0.482422 -0.107422 -0.049072
v -0.480469 -0.097656 -0.048584
v -0.468750 -0.116699 -0.044434
v -0.482422 -0.116699 -0.045898
v -0.466797 -0.107910 -0.048340
v -0.496094 -0.107422 -0.048584
v -0.044190 -0.291016 -0.501953
v -0.009766 -0.292969 -0.525391
v -0.045166 -0.291016 -0.474609
v -0.004578 -0.292969 -0.498047
v 0.042236 -0.292969 -0.513672
v 0.443359 -0.023193 0.357422
v 0.176758 -0.024048 0.367188
v 0.179688 -0.028931 0.371094
v 0.451172 -0.027588 0.363281
v 0.582031 -0.021728 0.139648
v 0.406250 -0.196289 -0.716797
v 0.416016 -0.203125 -0.720703
v 0.412109 -0.191406 -0.701172
v -0.664062 -0.063965 0.007538
v -0.664062 -0.063965 -0.000534
v -0.667969 -0.060547 -0.000198
v -0.667969 -0.061035 -0.005676
v -0.679688 -0.058594 0.002872
v -0.667969 -0.060303 0.008087
v -0.625000 -0.654297 -0.732422
v -0.625000 -0.646484 -0.728516
v -0.507812 -0.498047 -0.720703
v -0.500000 -0.501953 -0.724609
v -0.578125 -0.634766 -0.728516
v -0.625000 -0.658203 -0.728516
v -0.628906 -0.654297 -0.732422
v 0.183594 0.155273 0.189453
v 0.181641 0.152344 0.000938
v 0.308594 0.157227 0.166016
v 0.185547 0.156250 0.202148
v 0.859375 -0.226562 -0.453125
v 0.423828 -0.221680 -0.689453
v 0.863281 -0.227539 -0.457031
v 0.417969 -0.220703 -0.685547
v 0.863281 -0.225586 -0.443359
v 0.871094 -0.228516 -0.449219
v -0.115723 0.044922 0.140625
v -0.036621 0.044190 0.265625
v -0.104492 0.094727 0.142578
v -0.037598 0.049316 0.261719
v -0.105469 0.050293 0.150391
v -0.535156 -0.118652 0.043945
v -0.550781 -0.126953 0.037354
v -0.535156 -0.128906 0.036865
v -0.546875 -0.117188 0.046387
v -0.519531 -0.109863 0.048828
v -0.519531 -0.118652 0.044434
v 0.188477 0.666016 -0.019043
v 0.189453 0.673828 -0.015991
v 0.195312 0.669922 -0.014038
v 0.182617 0.666016 -0.019409
v 0.188477 0.662109 -0.020264
v 0.153320 -0.263672 0.572266
v 0.153320 -0.281250 0.576172
v 0.130859 -0.283203 0.572266
v -0.925781 -0.068359 0.001936
v -0.921875 -0.071777 -0.008606
v -0.425781 -0.072754 -0.012390
v -0.886719 -0.117676 -0.033447
v -0.902344 -0.109375 -0.037109
v -0.890625 -0.107910 -0.038330
v -0.875000 -0.113770 -0.033203
v -0.902344 -0.115234 -0.030518
v -0.871094 -0.120605 -0.026245
v -0.882812 -0.123047 -0.024780
v 0.166016 0.662109 0.011841
v 0.168945 0.666016 0.012695
v 0.162109 0.658203 0.007294
v 0.171875 0.666016 0.015320
v 0.170898 0.662109 0.016846
v 0.165039 0.650391 0.012939
v 0.458984 -0.261719 -0.447266
v 0.470703 -0.281250 -0.449219
v 0.470703 -0.261719 -0.449219
v 0.460938 -0.240234 -0.447266
v 0.445312 -0.239258 -0.449219
v 0.443359 -0.261719 -0.449219
v 0.460938 -0.281250 -0.449219
v -0.589844 -0.071777 0.110352
v -0.488281 -0.068848 0.205078
v -0.589844 -0.066894 0.110840
v -0.589844 -0.072266 -0.108398
v -0.486328 -0.074219 0.208008
v -0.208008 -0.312500 0.114258
v -0.208008 -0.312500 -0.112305
v 0.447266 -0.141602 -0.572266
v 0.460938 -0.141602 -0.572266
v 0.462891 -0.141602 -0.580078
v 0.443359 -0.141602 -0.556641
v 0.462891 -0.141602 -0.556641
v 0.445312 -0.141602 -0.583984
v 0.419922 -0.141602 -0.576172
v 0.322266 -0.219727 0.564453
v 0.322266 -0.218750 0.548828
v 0.320312 -0.241211 0.560547
v 0.322266 -0.241211 0.572266
v 0.322266 -0.195312 0.544922
v 0.324219 -0.219727 0.576172
v 0.322266 -0.194336 0.564453
v -0.742188 -0.065430 -0.025757
v -0.753906 -0.060547 -0.016724
v -0.742188 -0.059815 -0.017944
v -0.750000 -0.071289 -0.032471
v -0.613281 -0.650391 0.705078
v -0.589844 -0.552734 0.697266
v -0.796875 -0.654297 0.283203
v -0.796875 -0.650391 0.279297
v 0.324219 0.076660 -0.265625
v 0.330078 0.049560 -0.269531
v 0.178711 0.051269 -0.273438
v 0.179688 0.079590 -0.273438
v 0.180664 0.083984 -0.292969
v 0.341797 0.083008 -0.283203
v 0.890625 -0.202148 0.439453
v 0.898438 -0.212891 -0.003876
v 0.894531 -0.208984 0.439453
v 0.882812 -0.201172 -0.004242
v 0.882812 -0.200195 0.443359
v -0.083008 0.082519 -0.146484
v -0.084473 0.050049 -0.144531
v -0.101562 0.051269 -0.149414
v -0.098145 0.088379 -0.149414
v -0.018921 0.085937 -0.232422
v -0.020386 0.053955 -0.234375
v -0.474609 -0.143555 -0.004425
v -0.478516 -0.142578 -0.015259
v -0.466797 -0.141602 -0.014282
v -0.451172 -0.141602 -0.005096
v -0.462891 -0.141602 -0.003418
v -0.462891 -0.141602 0.007385
v -0.455078 -0.140625 0.004639
v 0.153320 -0.292969 -0.533203
v 0.168945 -0.291016 -0.552734
v 0.168945 -0.292969 -0.529297
v 0.130859 -0.292969 -0.529297
v 0.154297 -0.292969 -0.556641
v 0.129883 -0.292969 -0.501953
v 0.153320 -0.294922 -0.505859
v -0.804688 -0.102051 0.033936
v -0.800781 -0.107910 0.027222
v -0.800781 -0.102051 0.030884
v -0.808594 -0.096680 0.036377
v -0.808594 -0.108887 0.030518
v -0.816406 -0.099121 0.038086
v -0.816406 -0.104980 0.034180
v -0.996094 -0.662109 -0.010498
v -0.808594 -0.669922 -0.298828
v 0.091309 -0.140625 0.453125
v 0.131836 -0.140625 0.455078
v 0.132812 -0.140625 0.441406
v 0.091797 -0.141602 0.441406
v 0.089844 -0.140625 0.472656
v 0.132812 -0.141602 0.472656
v 0.460938 -0.263672 -0.580078
v 0.460938 -0.241211 -0.580078
v 0.470703 -0.241211 -0.580078
v 0.445312 -0.283203 -0.583984
v 0.447266 -0.263672 -0.580078
v 0.470703 -0.263672 -0.580078
v 0.460938 -0.281250 -0.580078
v -0.566406 -0.058838 0.022583
v -0.550781 -0.058838 0.021851
v -0.546875 -0.056152 0.010742
v -0.558594 -0.055420 0.011353
v -0.562500 -0.064453 0.033691
v -0.043457 -0.194336 0.576172
v -0.041992 -0.171875 0.576172
v 0.204102 0.603516 -0.007507
v 0.206055 0.603516 -0.000946
v 0.353516 -0.294922 0.492188
v 0.353516 -0.292969 0.466797
v 0.382812 -0.294922 0.470703
v 0.333984 -0.292969 0.490234
v 0.351562 -0.292969 0.517578
v 0.333984 -0.292969 0.517578
v 0.378906 -0.294922 0.496094
v -0.679688 -0.092773 -0.036377
v -0.675781 -0.099609 -0.035889
v -0.687500 -0.092285 -0.040283
v -0.675781 -0.086426 -0.036133
v -0.667969 -0.091309 -0.035156
v -0.687500 -0.084961 -0.039307
v -0.667969 -0.098633 -0.033691
v -0.777344 -0.125000 0.015503
v -0.789062 -0.123047 0.010193
v -0.773438 -0.125000 0.008179
v -0.765625 -0.126953 0.015991
v -0.777344 -0.122070 0.022461
v -0.785156 -0.121582 0.016357
v 0.183594 0.339844 -0.168945
v 0.298828 0.339844 -0.145508
v 0.300781 0.330078 -0.151367
v 0.182617 0.347656 -0.159180
v 0.074707 0.347656 -0.136719
v 0.183594 0.332031 -0.175781
v 0.069336 0.339844 -0.144531
v 0.886719 -0.556641 0.701172
v 0.890625 -0.541016 0.697266
v 0.886719 -0.556641 0.697266
v 0.878906 -0.548828 0.697266
v 0.902344 -0.646484 0.712891
v 0.894531 -0.646484 0.708984
v -0.462891 -0.080566 -0.043457
v -0.462891 -0.088867 -0.048828
v -0.476562 -0.081055 -0.044678
v -0.466797 -0.072754 -0.037842
v -0.457031 -0.080566 -0.043945
v -0.478516 -0.073730 -0.038086
v -0.455078 -0.088867 -0.047363
v -0.408203 -0.335938 -0.728516
v -0.511719 -0.501953 -0.728516
v -0.597656 -0.537109 -0.728516
v -0.287109 -0.203125 -0.720703
v -0.601562 -0.525391 -0.720703
v -0.380859 -0.341797 -0.732422
v -0.277344 -0.206055 -0.724609
v 0.222656 0.320312 0.031860
v 0.155273 0.320312 -0.035889
v 0.223633 0.320312 -0.034912
v 0.228516 0.324219 -0.033447
v 0.184570 0.322266 -0.001007
v -0.004730 -0.153320 -0.445312
v -0.007080 -0.140625 -0.445312
v -0.041260 -0.154297 -0.447266
v 0.043213 -0.140625 -0.445312
v -0.003937 -0.172852 -0.445312
v 0.045410 -0.154297 -0.445312
v -0.914062 -0.061523 0.014160
v -0.917969 -0.058594 0.006409
v -0.921875 -0.060547 0.008057
v -0.921875 -0.062500 0.016357
v -0.917969 -0.064941 0.023438
v -0.925781 -0.116211 0.020142
v -0.925781 -0.117676 0.021606
v -0.925781 -0.112793 0.024780
v -0.925781 -0.122559 0.010559
v -0.925781 -0.114258 0.018555
v -0.925781 -0.118652 0.013306
v 0.166992 0.666016 -0.011353
v 0.164062 0.669922 -0.005982
v 0.167969 0.673828 -0.005859
v 0.169922 0.669922 -0.009155
v 0.171875 0.666016 -0.015503
v 0.170898 0.662109 -0.017822
v 0.165039 0.662109 -0.012756
v 0.421875 -0.221680 0.701172
v 0.414062 -0.218750 0.701172
v 0.433594 -0.224609 0.697266
v 0.867188 -0.229492 0.455078
v 0.867188 -0.233398 0.457031
v 0.882812 -0.341797 0.537109
v 0.589844 -0.343750 0.697266
v -0.648438 -0.062500 -0.017456
v -0.656250 -0.064941 -0.016846
v -0.660156 -0.062500 -0.009766
v -0.640625 -0.066406 -0.025635
v -0.648438 -0.067871 -0.026001
v -0.648438 -0.060059 -0.008179
v -0.640625 -0.060303 -0.017334
v -0.351562 -0.351562 -0.724609
v -0.359375 -0.337891 -0.724609
v -0.086426 -0.279297 -0.724609
v 0.488281 0.048584 0.091309
v 0.488281 0.047852 -0.088379
v 0.466797 0.048584 -0.082520
v 0.482422 0.081055 0.089355
v 0.486328 0.084473 0.093262
v 0.490234 0.046143 0.094727
v 0.320312 -0.217773 -0.525391
v 0.320312 -0.217773 -0.501953
v 0.322266 -0.195312 -0.529297
v -0.789062 -0.070312 0.026611
v -0.789062 -0.066895 0.020630
v -0.789062 -0.063477 0.016480
v -0.777344 -0.065430 0.024414
v -0.781250 -0.071777 0.032227
v -0.632812 -0.135742 -0.011597
v -0.640625 -0.131836 -0.019287
v -0.632812 -0.132812 -0.020996
v -0.644531 -0.132812 -0.010742
v -0.625000 -0.138672 -0.011169
v -0.625000 -0.139648 -0.003937
v -0.632812 -0.135742 -0.002777
v 0.177734 -0.023804 0.376953
v 0.449219 -0.017944 0.361328
v 0.175781 -0.018310 0.369141
v 0.176758 -0.066894 0.394531
v 0.894531 -0.204102 -0.464844
v 0.906250 -0.330078 -0.556641
v 0.431641 -0.204102 -0.716797
v 0.894531 -0.195312 -0.451172
v 0.886719 -0.203125 -0.466797
v 0.878906 -0.196289 -0.460938
v -0.010559 0.289062 0.057373
v -0.017456 0.248047 0.057617
v -0.024048 0.195312 0.070801
v -0.022827 0.177734 -0.070801
v -0.255859 -0.209961 0.724609
v -0.275391 -0.196289 0.724609
v 0.208984 0.500000 -0.000687
v 0.205078 0.525391 -0.006470
v 0.207031 0.498047 -0.007141
v 0.153320 -0.292969 0.496094
v 0.128906 -0.292969 0.521484
v 0.129883 -0.292969 0.496094
v 0.152344 -0.291016 0.470703
v 0.167969 -0.292969 0.472656
v -0.859375 -0.110352 -0.037353
v -0.875000 -0.106445 -0.036377
v -0.871094 -0.101074 -0.040283
v -0.863281 -0.116211 -0.030518
v -0.859375 -0.102539 -0.040039
v -0.839844 -0.109863 -0.037353
v -0.847656 -0.116211 -0.030029
v -0.812500 -0.669922 0.289062
v -1.000000 -0.669922 0.004623
v -0.636719 -0.666016 0.724609
v -0.816406 -0.666016 0.291016
v -1.000000 -0.669922 0.005356
v -0.636719 -0.669922 0.728516
v 0.175781 -0.026245 -0.306641
v 0.175781 -0.010315 -0.308594
v 0.386719 -0.026123 -0.292969
v 0.178711 -0.035889 -0.300781
v -0.027344 -0.010437 -0.296875
v 0.382812 -0.036865 -0.287109
v 0.628906 -0.219727 0.147461
v 0.632812 -0.214844 0.147461
v -0.316406 -0.070313 -0.207031
v -0.488281 -0.068848 -0.204102
v -0.531250 -0.002014 -0.117188
v -0.314453 -0.003174 -0.120117
v -0.223633 -0.067871 -0.109375
v -0.221680 -0.072754 -0.108887
v -0.435547 -0.125977 -0.016479
v -0.437500 -0.131836 -0.010925
v -0.437500 -0.131836 -0.020752
v -0.433594 -0.122070 -0.022949
v -0.433594 -0.118164 -0.018799
v -0.671875 -0.094238 0.041992
v -0.664062 -0.085938 0.037109
v -0.761719 -0.198242 -0.188477
v -0.765625 -0.197266 0.192383
v -0.753906 -0.198242 -0.194336
v -0.656250 -0.200195 0.029541
v 0.178711 0.498047 0.019653
v 0.186523 0.498047 0.020386
v 0.185547 0.525391 0.020386
v 0.177734 0.521484 0.020019
v 0.172852 0.500000 0.016968
v 0.910156 -0.654297 -0.423828
v 0.902344 -0.650391 -0.701172
v 0.906250 -0.658203 -0.705078
v 0.910156 -0.650391 -0.421875
v -0.208008 -0.062988 0.113770
v -0.300781 -0.070312 0.206055
v -0.597656 -0.312500 0.112793
v -0.527344 -0.144531 0.010193
v -0.542969 -0.143555 0.008331
v -0.554688 -0.144531 -0.003113
v -0.542969 -0.144531 -0.002472
v -0.554688 -0.143555 -0.013184
v -0.539062 -0.143555 -0.013489
v 0.363281 0.167969 -0.253906
v 0.178711 0.168945 -0.271484
v 0.369141 0.161133 -0.259766
v 0.170898 -0.171875 0.525391
v 0.170898 -0.153320 0.498047
v 0.171875 -0.154297 0.521484
v 0.170898 -0.194336 0.496094
v 0.171875 -0.172852 0.544922
v 0.168945 -0.196289 0.525391
v -0.898438 -0.059082 -0.009094
v -0.917969 -0.061035 -0.015381
v -0.914062 -0.061035 -0.009705
v -0.750000 -0.355469 -0.404297
v -0.835938 -0.369141 -0.275391
v -0.613281 -0.533203 -0.712891
v -0.628906 -0.548828 -0.685547
v 0.376953 -0.039551 -0.273438
v 0.175781 -0.039063 -0.289062
v 0.181641 -0.041504 0.002518
v -0.535156 0.015564 0.118652
v -0.546875 0.009827 -0.117188
v -0.535156 0.011475 0.131836
v -0.080566 -0.195312 0.439453
v -0.080078 -0.171875 0.441406
v -0.065430 -0.172852 0.441406
v -0.080078 -0.217773 0.441406
v -0.066406 -0.194336 0.441406
v 0.294922 0.347656 -0.137695
v 0.574219 -0.361328 0.724609
v 0.585938 -0.349609 0.724609
v -0.067383 -0.650391 0.736328
v 0.306641 -0.439453 0.732422
v 0.335938 -0.279297 0.732422
v 0.400391 -0.250000 0.720703
v 0.402344 -0.206055 0.728516
v 0.314453 -0.263672 0.732422
v 0.412109 -0.206055 0.728516
v -0.664062 -0.101074 -0.026489
v -0.753906 -0.196289 0.194336
v 0.189453 0.673828 -0.006287
v 0.183594 0.673828 -0.000809
v 0.193359 0.673828 -0.004334
v 0.188477 0.673828 -0.007385
v 0.190430 0.673828 -0.010742
v 0.195312 0.673828 -0.008362
v 0.949219 -0.505859 0.414062
v 0.914062 -0.505859 0.666016
v 0.957031 -0.654297 0.423828
v 0.992188 -0.505859 0.113770
v 0.949219 -0.355469 0.386719
v -0.010437 0.159180 -0.263672
v 0.176758 0.093750 -0.291016
v -0.030396 0.095215 -0.259766
v 0.177734 0.158203 -0.283203
v -0.034668 0.043457 -0.265625
v 0.006378 0.096191 -0.279297
v -0.007324 0.171875 -0.253906
v -0.081543 -0.291016 -0.478516
v -0.081055 -0.281250 -0.458984
v -0.082031 -0.281250 -0.476562
v -0.069824 -0.292969 -0.501953
v -0.069824 -0.291016 -0.472656
v -0.081543 -0.291016 -0.458984
v 0.417969 -0.142578 0.441406
v 0.443359 -0.154297 0.443359
v 0.417969 -0.154297 0.441406
v 0.443359 -0.143555 0.443359
v 0.380859 -0.142578 0.451172
v 0.416016 -0.142578 0.453125
v 0.382812 -0.142578 0.441406
v 0.394531 -0.214844 -0.716797
v 0.412109 -0.213867 -0.716797
v 0.332031 -0.275391 -0.724609
v -0.105469 -0.269531 -0.724609
v 0.400391 -0.204102 -0.712891
v -0.796875 -0.064941 0.010071
v -0.789062 -0.062500 0.009216
v -0.796875 -0.065918 0.003853
v -0.796875 -0.067871 0.015137
v -0.796875 -0.070801 0.002777
v -0.812500 -0.123047 -0.009033
v -0.804688 -0.121582 -0.004425
v -0.812500 -0.125000 -0.000092
v -0.816406 -0.123047 -0.015503
v -0.804688 -0.119141 -0.013489
v -0.820312 -0.125000 -0.006409
v 0.072266 0.255859 0.168945
v 0.074707 0.259766 0.166016
v 0.072754 0.283203 0.166992
v 0.065918 0.243164 0.168945
v 0.166992 0.246094 0.191406
v 0.162109 0.259766 0.187500
v -0.026245 -0.669922 -0.564453
v -0.051270 -0.673828 -0.720703
v 0.910156 -0.673828 -0.712891
v 0.914062 -0.673828 -0.720703
v 0.929688 -0.673828 -0.443359
v -0.507812 -0.108887 0.047607
v -0.507812 -0.118164 0.045166
v 0.022095 -0.292969 0.521484
v 0.042236 -0.292969 0.472656
v 0.040039 -0.292969 0.500000
v -0.020874 -0.292969 0.496094
v -0.068848 -0.294922 0.498047
v -0.011597 -0.291016 0.474609
v 0.437500 -0.020386 -0.347656
v 0.175781 -0.018189 -0.341797
v 0.435547 -0.019409 -0.337891
v 0.582031 -0.019043 -0.135742
v 0.585938 -0.020264 -0.137695
v 0.443359 -0.023315 -0.355469
v 0.175781 -0.020508 -0.351562
v 0.429688 -0.171875 0.406250
v 0.421875 -0.174805 0.386719
v 0.173828 -0.080078 0.378906
v 0.170898 -0.161133 0.398438
v -0.687500 -0.072754 -0.031250
v -0.687500 -0.078125 -0.033935
v -0.695312 -0.070801 -0.029785
v -0.683594 -0.067383 -0.024048
v -0.691406 -0.065430 -0.023682
v -0.984375 -0.642578 0.005768
v -0.988281 -0.650391 0.000427
v 0.169922 -0.140625 -0.572266
v 0.171875 -0.153320 -0.572266
v 0.170898 -0.141602 -0.552734
v 0.472656 -0.241211 0.564453
v 0.472656 -0.263672 0.564453
v 0.472656 -0.265625 0.548828
v 0.472656 -0.218750 0.572266
v 0.474609 -0.217773 0.560547
v 0.472656 -0.242188 0.544922
v -0.447266 -0.065430 -0.027710
v -0.437500 -0.065918 -0.027954
v -0.449219 -0.071289 -0.036133
v -0.449219 -0.060059 -0.018188
v -0.443359 -0.060547 -0.019287
v -0.457031 -0.060059 -0.020142
v -0.458984 -0.066895 -0.030518
v -0.081055 -0.154297 -0.525391
v -0.082031 -0.155273 -0.552734
v -0.080566 -0.172852 -0.552734
v -0.083008 -0.141602 -0.517578
v -0.079590 -0.172852 -0.529297
v -0.079590 -0.155273 -0.498047
v 0.190430 0.669922 0.015198
v 0.185547 0.666016 0.017822
v 0.191406 0.666016 0.016296
v 0.194336 0.669922 0.011475
v 0.192383 0.673828 0.008850
v 0.184570 0.673828 0.015991
v 0.188477 0.673828 0.011352
v 0.090820 -0.261719 -0.445312
v 0.092773 -0.239258 -0.445312
v 0.042480 -0.261719 -0.447266
v 0.042480 -0.281250 -0.447266
v 0.092773 -0.281250 -0.445312
v 0.128906 -0.283203 -0.447266
v 0.126953 -0.261719 -0.445312
v -0.914062 -0.083496 0.037598
v -0.914062 -0.077148 0.034180
v -0.925781 -0.078125 0.033447
v -0.898438 -0.077637 0.034912
v -0.925781 -0.085938 0.038574
v -0.914062 -0.091797 0.038818
v -0.898438 -0.085449 0.038818
v -1.000000 -0.513672 -0.002502
v -1.000000 -0.513672 -0.003357
v -1.000000 -0.394531 -0.001190
v -0.996094 -0.398438 0.005035
v -1.000000 -0.658203 -0.000183
v -1.000000 -0.513672 0.004471
v 0.043213 -0.138672 0.576172
v 0.043457 -0.153320 0.576172
v 0.041992 -0.139648 0.564453
v -0.008057 -0.140625 0.580078
v 0.470703 -0.218750 -0.498047
v 0.470703 -0.217773 -0.474609
v 0.470703 -0.241211 -0.505859
v 0.472656 -0.241211 -0.525391
v 0.472656 -0.218750 -0.525391
v 0.472656 -0.195312 -0.505859
v 0.470703 -0.195312 -0.476562
v -0.605469 -0.059326 0.021729
v -0.613281 -0.064453 0.030151
v -0.082520 -0.171875 0.564453
v -0.081543 -0.155273 0.548828
v 0.199219 0.673828 -0.005585
v 0.203125 0.666016 -0.006653
v 0.197266 0.673828 -0.009644
v 0.196289 0.673828 -0.003998
v 0.318359 -0.261719 0.457031
v 0.320312 -0.241211 0.453125
v 0.322266 -0.242188 0.441406
v 0.322266 -0.261719 0.445312
v 0.318359 -0.283203 0.455078
v 0.320312 -0.263672 0.470703
v -0.746094 -0.094238 -0.041504
v -0.757812 -0.085449 -0.040039
v -0.742188 -0.084961 -0.040771
v -0.761719 -0.093750 -0.040039
v -0.750000 -0.101074 -0.041016
v -0.738281 -0.103027 -0.042969
v -0.656250 -0.128906 0.007904
v -0.648438 -0.130859 0.014343
v -0.656250 -0.125977 0.017395
v -0.660156 -0.128906 -0.002350
v -0.648438 -0.131836 0.005890
v -0.664062 -0.123047 0.014404
v 0.192383 0.255859 -0.189453
v 0.194336 0.283203 -0.189453
v 0.294922 0.255859 -0.166992
v 0.304688 0.246094 -0.167969
v 0.193359 0.259766 -0.187500
v 0.910156 -0.666016 0.724609
v 0.914062 -0.658203 0.732422
v -0.433594 -0.104004 -0.037842
v -0.435547 -0.103516 -0.029175
v -0.447266 -0.114258 -0.043213
v -0.443359 -0.106445 -0.044434
v -0.435547 -0.099121 -0.041016
v -0.433594 -0.112305 -0.034424
v -0.443359 -0.114746 -0.041504
v -0.083008 -0.281250 -0.556641
v -0.082520 -0.263672 -0.568359
v -0.083008 -0.281250 -0.568359
v -0.080566 -0.263672 -0.525391
v -0.081055 -0.263672 -0.552734
v -0.083496 -0.291016 -0.572266
v 0.382812 0.095215 0.265625
v 0.384766 0.044190 0.271484
v 0.470703 0.092285 0.139648
v 0.589844 -0.204102 -0.235352
v 0.458984 -0.176758 -0.402344
v 0.174805 -0.180664 -0.414062
v -0.110840 -0.201172 -0.414062
v -0.824219 -0.075684 0.033936
v -0.828125 -0.070801 0.032105
v -0.835938 -0.078125 0.034912
v -0.812500 -0.072266 0.029907
v -0.710938 -0.322266 -0.433594
v -0.773438 -0.201172 -0.217773
v 0.162109 0.521484 0.006897
v 0.163086 0.500000 0.000252
v 0.162109 0.525391 0.000206
v 0.166992 0.521484 0.012085
v 0.165039 0.544922 0.013428
v 0.890625 -0.521484 -0.677734
v 0.886719 -0.525391 -0.689453
v 0.886719 -0.541016 -0.693359
v 0.890625 -0.552734 -0.693359
v 0.921875 -0.509766 -0.394531
v 0.921875 -0.367188 -0.341797
v 0.890625 -0.351562 -0.513672
v -0.464844 -0.097168 0.047607
v -0.464844 -0.090332 0.046875
v -0.476562 -0.098633 0.049561
v -0.476562 -0.107422 0.047607
v -0.466797 -0.106934 0.046387
v -0.455078 -0.090820 0.047363
v -0.455078 -0.099609 0.047363
v -0.005829 -0.292969 0.453125
v -0.043213 -0.294922 0.453125
v -0.041992 -0.292969 0.443359
v 0.043457 -0.294922 0.451172
v -0.005463 -0.292969 0.441406
v 0.472656 -0.153320 -0.460938
v 0.470703 -0.141602 -0.476562
v 0.472656 -0.141602 -0.460938
v 0.472656 -0.141602 -0.449219
v 0.470703 -0.152344 -0.449219
v 0.472656 -0.172852 -0.478516
v 0.470703 -0.153320 -0.478516
v 0.470703 -0.172852 -0.462891
v 0.427734 -0.261719 0.576172
v 0.400391 -0.265625 0.572266
v 0.419922 -0.285156 0.572266
v 0.445312 -0.263672 0.572266
v 0.423828 -0.241211 0.572266
v 0.445312 -0.283203 0.576172
v -0.667969 -0.068359 -0.014160
v -0.656250 -0.069824 -0.024780
v -0.664062 -0.070312 -0.022461
v -0.609375 -0.556641 0.724609
v -0.617188 -0.560547 0.716797
v -0.597656 -0.552734 0.724609
v -0.605469 -0.533203 0.720703
v 0.302734 0.160156 -0.151367
v 0.182617 0.158203 -0.182617
v 0.183594 0.162109 -0.195312
v 0.882812 -0.192383 0.445312
v 0.882812 -0.191406 -0.006409
v 0.878906 -0.191406 0.457031
v 0.894531 -0.194336 0.455078
v 0.886719 -0.192383 0.439453
v -0.494141 -0.133789 -0.032715
v -0.503906 -0.132812 -0.033447
v -0.507812 -0.126953 -0.041504
v -0.480469 -0.139648 -0.024170
v -0.492188 -0.140625 -0.023315
v -0.496094 -0.126953 -0.039551
v -0.482422 -0.133789 -0.032227
v 0.292969 0.255859 0.168945
v 0.195312 0.255859 0.193359
v 0.298828 0.246094 0.168945
v 0.292969 0.281250 0.167969
v 0.292969 0.259766 0.167969
v 0.154297 -0.292969 -0.572266
v 0.131836 -0.294922 -0.572266
v 0.129883 -0.281250 -0.580078
v 0.153320 -0.292969 -0.583984
v 0.131836 -0.292969 -0.583984
v -0.921875 -0.109863 0.023438
v -0.921875 -0.107910 0.025757
v -0.921875 -0.101562 0.026123
v -0.435547 -0.111816 0.024170
v -0.867188 -0.122070 0.025757
v -0.851562 -0.115723 0.034424
v -0.867188 -0.115723 0.032959
v -0.882812 -0.124023 0.023560
v -0.882812 -0.126953 0.018189
v 0.020508 0.351562 -0.054688
v 0.078125 0.351562 -0.131836
v 0.070801 0.351562 -0.142578
v 0.011841 0.351562 -0.058594
v 0.460938 -0.292969 0.443359
v 0.458984 -0.296875 0.455078
v 0.443359 -0.294922 0.441406
v -0.589844 -0.066895 -0.107910
v -0.490234 -0.075195 -0.208984
v -0.245117 -0.216797 -0.149414
v -0.250000 -0.214844 -0.151367
v -0.250000 -0.205078 0.148438
v -0.250000 -0.212891 0.148438
v -0.102051 -0.219727 -0.392578
v 0.373047 0.171875 0.259766
v 0.466797 0.178711 0.109863
v 0.367188 0.179688 0.251953
v 0.181641 0.172852 0.279297
v 0.169922 -0.153320 -0.474609
v 0.169922 -0.140625 -0.498047
v 0.168945 -0.152344 -0.498047
v 0.168945 -0.172852 -0.476562
v -0.722656 -0.056152 0.013001
v -0.734375 -0.059570 0.021973
v -0.722656 -0.059570 0.021240
v -0.738281 -0.056641 0.012817
v -0.710938 -0.056885 0.012756
v -0.710938 -0.055176 0.000710
v -0.800781 -0.669922 -0.300781
v -0.804688 -0.669922 -0.298828
v -0.617188 -0.666016 -0.716797
v -0.992188 -0.666016 -0.003082
v 0.003571 -0.669922 -0.472656
v 0.332031 -0.154297 0.441406
v 0.320312 -0.153320 0.443359
v 0.332031 -0.143555 0.441406
v 0.871094 -0.233398 -0.007141
v 0.871094 -0.229492 -0.437500
v 0.875000 -0.233398 -0.437500
v 0.871094 -0.228516 0.435547
v 0.871094 -0.228516 -0.006897
v 0.878906 -0.241211 -0.005432
v 0.875000 -0.234375 0.435547
v -0.074707 -0.019531 0.345703
v -0.219727 -0.020142 0.139648
v -0.082520 -0.023315 0.357422
v 0.180664 -0.018066 0.351562
v 0.177734 -0.016602 0.141602
v -0.472656 -0.132812 0.028198
v -0.470703 -0.139648 0.017944
v -0.462891 -0.138672 0.016419
v 0.167969 -0.281250 0.560547
v 0.166992 -0.291016 0.576172
v 0.169922 -0.291016 0.564453
v 0.167969 -0.281250 0.544922
v 0.168945 -0.281250 0.576172
v 0.168945 -0.263672 0.572266
v 0.168945 -0.263672 0.568359
v -0.800781 -0.090332 -0.023804
v -0.800781 -0.085938 -0.023804
v -0.800781 -0.093750 -0.024414
v -0.796875 -0.085938 -0.030518
v -0.960938 -0.394531 0.070801
v -0.988281 -0.390625 0.005371
v -0.960938 -0.419922 0.083984
v -0.949219 -0.410156 0.091309
v 0.176758 -0.023804 -0.361328
v -0.074707 -0.022217 -0.345703
v 0.445312 -0.027100 -0.357422
v 0.421875 -0.207031 0.720703
v 0.597656 -0.330078 0.712891
v -0.546875 -0.056641 -0.010803
v -0.562500 -0.055176 -0.000580
v -0.531250 -0.056641 -0.009460
v -0.546875 -0.055908 0.000580
v -0.531250 -0.055664 0.001007
v -0.039795 -0.239258 -0.580078
v -0.005859 -0.217773 -0.580078
v -0.042969 -0.216797 -0.583984
v -0.065918 -0.239258 -0.580078
v 0.382812 0.253906 0.057617
v 0.390625 0.193359 0.068848
v 0.378906 0.251953 -0.057129
v 0.375000 0.300781 0.061279
v 0.351562 -0.292969 -0.478516
v 0.343750 -0.292969 -0.501953
v 0.376953 -0.292969 -0.498047
v 0.332031 -0.292969 -0.458984
v 0.332031 -0.292969 -0.476562
v 0.380859 -0.292969 -0.476562
v 0.353516 -0.291016 -0.460938
v -0.695312 -0.110352 0.042969
v -0.707031 -0.110840 0.041992
v -0.707031 -0.118652 0.037109
v -0.683594 -0.101562 0.044434
v -0.695312 -0.103027 0.045166
v -0.699219 -0.124023 -0.025757
v -0.699219 -0.116699 -0.033447
v 0.178711 0.666016 0.017822
v 0.176758 0.658203 0.019409
v 0.178711 0.673828 0.016418
v 0.894531 -0.533203 -0.716797
v 0.902344 -0.552734 -0.716797
v 0.875000 -0.544922 -0.720703
v 0.894531 -0.525391 -0.712891
v 0.589844 -0.351562 -0.728516
v -0.435547 -0.062988 0.021484
v -0.445312 -0.060547 0.017090
v -0.439453 -0.066406 0.028076
v -0.429688 -0.070801 0.027710
v -0.443359 -0.057129 0.006226
v -0.443359 -0.057617 0.012512
v -0.433594 -0.061035 0.013489
v -0.427734 -0.068359 0.021484
v -0.593750 -0.537109 0.708984
v -0.589844 -0.541016 0.712891
v -0.589844 -0.529297 0.712891
v -0.597656 -0.560547 0.712891
v -0.589844 -0.560547 0.712891
v -0.601562 -0.544922 0.705078
v -0.601562 -0.564453 0.708984
v -0.589844 -0.521484 0.708984
v 0.380859 0.052002 -0.238281
v 0.380859 0.085449 -0.238281
v 0.449219 0.050537 -0.146484
v 0.466797 0.050293 -0.151367
v 0.394531 0.052002 -0.259766
v 0.092285 -0.240234 0.443359
v 0.043457 -0.217773 0.441406
v 0.041992 -0.240234 0.441406
v 0.044190 -0.195312 0.439453
v 0.093262 -0.216797 0.441406
v -0.925781 -0.074219 -0.027344
v -0.925781 -0.071777 -0.028198
v -0.925781 -0.080078 -0.030518
v -0.929688 -0.068359 -0.020142
v -0.921875 -0.065430 -0.021728
v -0.925781 -0.079102 -0.025391
v -0.925781 -0.073242 -0.022339
v -0.714844 -0.343750 0.443359
v -0.820312 -0.363281 0.271484
v -0.738281 -0.357422 0.406250
v -0.816406 -0.414062 0.277344
v -0.609375 -0.552734 0.681641
v 0.419922 -0.172852 0.439453
v 0.423828 -0.196289 0.441406
v 0.402344 -0.173828 0.441406
v 0.382812 -0.153320 0.441406
v 0.443359 -0.173828 0.441406
v -0.632812 -0.064941 -0.028442
v -0.625000 -0.078613 -0.041016
v -0.636719 -0.071289 -0.033691
v -0.625000 -0.070312 -0.034912
v -0.609375 -0.069824 -0.036133
v -0.613281 -0.078125 -0.041504
v -0.080566 -0.216797 -0.445312
v -0.065918 -0.240234 -0.445312
v -0.065430 -0.217773 -0.445312
v -0.079590 -0.194336 -0.445312
v -0.079102 -0.239258 -0.447266
v 0.300781 0.330078 0.153320
v 0.312500 0.196289 0.170898
v 0.181641 0.195312 0.206055
v 0.182617 0.180664 0.205078
v 0.294922 0.291016 0.164062
v 0.312500 0.180664 0.170898
v 0.296875 0.251953 0.166016
v 0.558594 -0.371094 -0.720703
v 0.781250 -0.529297 -0.720703
v 0.298828 -0.431641 -0.724609
v 0.324219 -0.273438 -0.720703
v -0.800781 -0.107910 0.018921
v -0.800781 -0.092773 -0.000946
v -0.796875 -0.105469 0.021973
v -0.800781 -0.112305 0.022583
v -0.800781 -0.111816 0.013367
v -0.628906 -0.114746 -0.042236
v -0.636719 -0.104492 -0.043457
v -0.625000 -0.104980 -0.046387
v -0.621094 -0.124023 -0.037353
v -0.628906 -0.122070 -0.036377
v -0.617188 -0.114746 -0.043457
v -0.640625 -0.112793 -0.040527
v 0.181641 0.677734 0.008179
v 0.177734 0.677734 0.007416
v 0.176758 0.673828 0.010437
v 0.183594 0.669922 0.007812
v 0.179688 0.673828 0.011719
v 0.945312 -0.359375 -0.339844
v 0.910156 -0.241211 -0.460938
v 0.898438 -0.212891 -0.447266
v 0.914062 -0.345703 -0.548828
v 0.941406 -0.509766 -0.412109
v 0.949219 -0.353516 -0.324219
v 0.984375 -0.470703 -0.116699
v 0.980469 -0.509766 -0.112305
v -0.068359 -0.022461 0.335938
v -0.082520 -0.283203 0.470703
v -0.080566 -0.259766 0.472656
v -0.081055 -0.283203 0.498047
v -0.081543 -0.263672 0.498047
v 0.175781 -0.077148 -0.390625
v 0.431641 -0.176758 -0.388672
v 0.174805 -0.073731 -0.390625
v 0.419922 -0.079590 -0.361328
v 0.170898 -0.218750 0.576172
v 0.158203 -0.216797 0.572266
v 0.168945 -0.241211 0.576172
v 0.169922 -0.219727 0.564453
v 0.171875 -0.194336 0.576172
v 0.169922 -0.241211 0.564453
v 0.157227 -0.194336 0.576172
v -0.863281 -0.057129 0.001717
v -0.843750 -0.057861 -0.008972
v -0.859375 -0.058105 -0.007935
v -0.847656 -0.057129 -0.000427
v -0.789062 -0.124023 0.001385
v -0.792969 -0.119141 0.014160
v -0.792969 -0.122559 0.006836
v 0.161133 0.281250 -0.184570
v 0.165039 0.279297 -0.165039
v 0.071289 0.285156 -0.165039
v 0.164062 0.259766 -0.184570
v 0.167969 0.259766 -0.165039
v 0.163086 0.281250 -0.186523
v 0.910156 -0.669922 0.720703
v 0.933594 -0.662109 0.419922
v -0.496094 -0.116211 -0.045898
v -0.482422 -0.125977 -0.040039
v -0.507812 -0.117676 -0.046875
v -0.507812 -0.106445 -0.049560
v -0.044190 -0.292969 -0.529297
v 0.178711 -0.019287 0.361328
v 0.353516 -0.172852 -0.449219
v 0.353516 -0.153320 -0.447266
v 0.332031 -0.154297 -0.449219
v 0.388672 -0.171875 -0.449219
v 0.332031 -0.173828 -0.449219
v -0.656250 -0.072754 0.033447
v -0.664062 -0.070312 0.023438
v -0.652344 -0.074219 0.035156
v -0.644531 -0.066895 0.027832
v -0.660156 -0.067871 0.026489
v -0.988281 -0.669922 -0.001800
v -0.996094 -0.677734 -0.002106
v -0.804688 -0.677734 0.287109
v 0.171875 -0.153320 0.548828
v 0.170898 -0.140625 0.548828
v 0.170898 -0.141602 0.525391
v 0.890625 -0.209961 -0.460938
v 0.898438 -0.209961 -0.458984
v 0.914062 -0.337891 -0.548828
v -0.449219 -0.072266 0.038086
v -0.441406 -0.073730 0.037354
v -0.447266 -0.066895 0.028076
v -0.455078 -0.067871 0.031738
v -0.453125 -0.074219 0.038818
v -0.449219 -0.081543 0.043945
v -0.261719 -0.215820 0.693359
v -0.269531 -0.216797 0.685547
v -0.263672 -0.216797 0.693359
v 0.191406 0.576172 -0.021240
v 0.181641 0.603516 -0.023193
v 0.190430 0.603516 -0.021851
v 0.181641 0.576172 -0.022339
v 0.196289 0.576172 -0.018555
v 0.128906 -0.263672 0.441406
v 0.092285 -0.261719 0.441406
v 0.153320 -0.263672 0.443359
v 0.129883 -0.283203 0.441406
v 0.129883 -0.241211 0.441406
v 0.153320 -0.240234 0.439453
v -0.898438 -0.084473 -0.038086
v -0.886719 -0.092773 -0.039795
v -0.917969 -0.085938 -0.039307
v -0.890625 -0.101074 -0.042236
v -0.851562 -0.123047 -0.023437
v -0.839844 -0.125977 -0.017212
v -0.863281 -0.125977 -0.017090
v 0.147461 0.517578 0.045654
v 0.150391 0.525391 0.038574
v 0.141602 0.517578 0.041260
v 0.227539 0.517578 0.043701
v 0.224609 0.521484 0.039062
v 0.142578 0.326172 0.048096
v 0.566406 -0.361328 -0.693359
v 0.878906 -0.537109 -0.693359
v 0.574219 -0.353516 -0.693359
v 0.695312 -0.517578 -0.693359
v 0.875000 -0.556641 -0.697266
v 0.406250 -0.224609 -0.697266
v 0.398438 -0.222656 -0.693359
v 0.296875 -0.457031 -0.701172
v -0.566406 -0.071289 0.042969
v -0.550781 -0.065430 0.034912
v -0.570312 -0.081055 0.049072
v -0.554688 -0.071777 0.042969
v -0.582031 -0.071289 0.042481
v -0.585938 -0.080566 0.050293
v -0.075195 -0.460938 0.728516
v -0.062988 -0.650391 0.732422
v -0.498047 -0.505859 0.728516
v -0.578125 -0.615234 0.728516
v -0.621094 -0.650391 0.732422
v 0.507812 -0.026245 0.122559
v 0.503906 -0.012817 -0.120117
v 0.503906 -0.012390 0.124023
v 0.474609 0.045410 -0.144531
v 0.384766 -0.011108 -0.298828
v 0.390625 0.043701 -0.269531
v 0.322266 -0.241211 0.472656
v 0.322266 -0.218750 0.494141
v 0.322266 -0.218750 0.470703
v 0.322266 -0.240234 0.496094
v 0.318359 -0.218750 0.453125
v -0.703125 -0.077637 -0.037598
v -0.609375 -0.137695 0.016602
v -0.613281 -0.134766 0.023438
v -0.625000 -0.135742 0.016052
v -0.597656 -0.138672 0.015808
v -0.601562 -0.135742 0.024292
v -0.625000 -0.139648 0.007446
v -0.609375 -0.140625 0.007660
v 0.052734 0.195312 -0.166016
v 0.056396 0.179688 -0.165039
v 0.181641 0.171875 -0.202148
v 0.183594 0.190430 -0.203125
v 0.166016 0.291016 -0.184570
v 0.184570 0.294922 -0.185547
v 0.065430 0.255859 -0.160156
v 0.472656 -0.154297 0.521484
v 0.472656 -0.172852 0.544922
v 0.470703 -0.173828 0.517578
v 0.472656 -0.154297 0.544922
v 0.476562 -0.142578 0.521484
v 0.167969 0.669922 -0.000107
v 0.161133 0.666016 -0.006897
v -0.263672 -0.193359 -0.720703
v -0.279297 -0.195312 -0.720703
v 0.394531 -0.204102 -0.720703
v 0.396484 -0.194336 -0.716797
v 0.207031 0.548828 0.000008
v 0.205078 0.548828 -0.006592
v 0.207031 0.521484 -0.000397
v 0.208008 0.521484 0.006622
v 0.207031 0.500000 0.007385
v 0.167969 -0.292969 -0.501953
v 0.167969 -0.283203 -0.529297
v 0.152344 -0.292969 -0.476562
v -0.800781 -0.095703 0.034180
v -0.800781 -0.101074 0.024902
v -0.796875 -0.094727 0.027344
v -0.800781 -0.090332 0.034424
v -0.816406 -0.638672 -0.298828
v -0.972656 -0.611328 -0.078613
v -0.945312 -0.509766 -0.107910
v -0.812500 -0.513672 -0.296875
v -0.028198 -0.021606 0.291016
v 0.177734 -0.019165 0.306641
v -0.031738 -0.007935 0.289062
v 0.480469 -0.218750 -0.412109
v 0.636719 -0.225586 -0.147461
v 0.640625 -0.216797 -0.148438
v 0.171875 -0.212891 -0.425781
v -0.292969 0.003571 0.135742
v -0.435547 -0.122559 0.021851
v -0.441406 -0.121094 0.033447
v -0.441406 -0.126953 0.024902
v -0.437500 -0.125977 0.013306
v -0.437500 -0.117676 0.029785
v 0.382812 -0.281250 0.572266
v 0.378906 -0.240234 0.572266
v 0.378906 -0.263672 0.572266
v -0.667969 -0.084473 -0.027344
v -0.664062 -0.074707 -0.027588
v -0.664062 -0.082031 -0.031982
v -0.664062 -0.088867 -0.026611
v -0.671875 -0.078125 -0.020142
v -0.750000 -0.214844 0.194336
v -0.757812 -0.214844 0.193359
v 0.145508 0.328125 -0.042236
v 0.152344 0.324219 -0.042725
v 0.146484 0.322266 -0.040039
v 0.142578 0.328125 -0.036133
v 0.148438 0.513672 -0.041260
v 0.155273 0.517578 -0.044190
v 0.152344 0.328125 -0.045410
v 0.996094 -0.669922 0.012329
v 0.996094 -0.666016 0.013489
v 0.945312 -0.669922 0.423828
v 0.937500 -0.673828 0.423828
v 0.988281 -0.673828 0.009949
v 1.000000 -0.669922 0.004471
v 1.000000 -0.666016 0.007477
v -0.458984 -0.106934 -0.046631
v -0.453125 -0.112305 -0.045166
v -0.460938 -0.115723 -0.043945
v -0.464844 -0.098145 -0.049316
v -0.457031 -0.097656 -0.048096
v -0.449219 -0.103516 -0.047607
v -0.523438 -0.144531 -0.013367
v -0.507812 -0.145508 -0.002106
v -0.515625 -0.144531 0.005783
v -0.527344 -0.144531 -0.002441
v 0.335938 -0.141602 0.576172
v 0.322266 -0.141602 0.576172
v 0.337891 -0.153320 0.572266
v 0.353516 -0.142578 0.572266
v 0.355469 -0.142578 0.560547
v 0.333984 -0.141602 0.560547
v 0.093262 -0.193359 -0.580078
v 0.093750 -0.172852 -0.583984
v 0.043701 -0.194336 -0.580078
v -0.898438 -0.122070 -0.025757
v -0.914062 -0.116211 -0.029297
v -0.882812 -0.125977 -0.018188
v -0.898438 -0.125000 -0.017822
v 0.925781 -0.669922 -0.447266
v 0.917969 -0.669922 -0.447266
v 0.972656 -0.673828 0.002678
v 0.972656 -0.669922 0.006714
v 0.984375 -0.669922 0.001974
v -0.597656 -0.108887 0.048828
v -0.609375 -0.107910 0.049561
v -0.613281 -0.117188 0.044678
v -0.601562 -0.116699 0.044922
v -0.597656 -0.099609 0.051025
v -0.585938 -0.107910 0.049561
v -0.585938 -0.099609 0.052002
v -0.110840 -0.220703 0.408203
v -0.250000 -0.220703 0.148438
v -0.114258 -0.214844 0.414062
v -0.249023 -0.223633 -0.146484
v -0.238281 -0.227539 0.145508
v 0.445312 -0.141602 -0.529297
v 0.462891 -0.142578 -0.529297
v 0.416016 -0.142578 -0.556641
v 0.419922 -0.141602 -0.533203
v 0.425781 -0.141602 -0.505859
v 0.458984 -0.141602 -0.501953
v 0.324219 -0.173828 0.572266
v 0.324219 -0.153320 0.576172
v 0.324219 -0.154297 0.564453
v 0.324219 -0.173828 0.564453
v 0.335938 -0.173828 0.576172
v 0.326172 -0.196289 0.572266
v 0.335938 -0.195312 0.572266
v -0.753906 -0.056641 -0.007080
v -0.769531 -0.058838 -0.005371
v -0.601562 -0.322266 0.119141
v -0.488281 -0.312500 0.232422
v 0.945312 -0.351562 0.332031
v 0.898438 -0.209961 -0.439453
v 0.894531 -0.203125 -0.003235
v -0.072266 -0.020386 -0.335938
v -0.462891 -0.124023 -0.038818
v -0.455078 -0.128906 -0.034180
v -0.460938 -0.132812 -0.031738
v -0.470703 -0.125000 -0.038574
v -0.455078 -0.120605 -0.040771
v 0.167969 -0.261719 -0.572266
v 0.168945 -0.261719 -0.552734
v 0.168945 -0.281250 -0.568359
v 0.168945 -0.239258 -0.568359
v 0.167969 -0.239258 -0.552734
v 0.167969 -0.281250 -0.583984
v -0.800781 -0.074707 0.015015
v -0.750000 -0.126953 -0.017822
v -0.765625 -0.127930 -0.018555
v -0.761719 -0.121582 -0.023560
v -0.750000 -0.123047 -0.024780
v -0.753906 -0.130859 -0.009277
v 0.182617 0.147461 0.285156
v -0.010803 0.150391 0.263672
v 0.369141 0.163086 0.259766
v 0.181641 0.159180 0.281250
v 0.462891 -0.171875 -0.580078
v 0.470703 -0.172852 -0.583984
v 0.472656 -0.153320 -0.583984
v 0.445312 -0.172852 -0.580078
v 0.460938 -0.154297 -0.580078
v -0.464844 -0.057373 0.011597
v -0.455078 -0.057617 0.012756
v -0.458984 -0.056152 0.002472
v -0.480469 -0.056396 0.012634
v -0.476562 -0.060547 0.022461
v -0.462891 -0.061035 0.022217
v -0.004791 -0.239258 0.576172
v -0.005035 -0.215820 0.576172
v -0.041260 -0.216797 0.576172
v -0.065430 -0.216797 0.576172
v -0.040771 -0.241211 0.576172
v -0.065430 -0.194336 0.576172
v 0.382812 0.287109 -0.056152
v 0.380859 0.277344 -0.050781
v 0.382812 0.285156 0.056885
v 0.382812 0.279297 0.051758
v 0.378906 0.326172 -0.065430
v 0.417969 -0.292969 0.470703
v 0.416016 -0.294922 0.447266
v 0.417969 -0.292969 0.494141
v 0.445312 -0.294922 0.451172
v 0.443359 -0.294922 0.468750
v -0.648438 -0.104004 -0.042236
v -0.648438 -0.111816 -0.039307
v -0.656250 -0.097168 -0.038818
v -0.703125 -0.130859 0.019531
v -0.695312 -0.129883 0.019775
v 0.176758 0.576172 -0.020874
v 0.182617 0.548828 -0.021362
v 0.169922 0.576172 -0.018311
v 0.168945 0.603516 -0.019898
v 0.175781 0.548828 -0.020996
v 0.176758 0.599609 -0.020752
v 0.898438 -0.552734 0.720703
v 0.917969 -0.646484 0.732422
v 0.906250 -0.552734 0.716797
v 0.800781 -0.529297 0.724609
v 0.910156 -0.638672 0.728516
v 0.570312 -0.371094 0.728516
v 0.890625 -0.533203 0.720703
v -0.427734 -0.067383 -0.015869
v -0.427734 -0.069824 -0.001785
v -0.425781 -0.069824 0.004334
v -0.925781 -0.071289 -0.002686
v -0.589844 -0.560547 -0.716797
v -0.625000 -0.638672 -0.732422
v -0.597656 -0.560547 -0.708984
v -0.593750 -0.537109 -0.712891
v -0.585938 -0.537109 -0.712891
v 0.373047 -0.032715 0.279297
v 0.486328 -0.033203 0.115723
v 0.494141 -0.030029 0.116699
v 0.380859 -0.029297 0.287109
v 0.177734 -0.032959 0.291016
v 0.375000 -0.033935 0.265625
v 0.130859 -0.240234 -0.447266
v 0.094727 -0.218750 -0.445312
v 0.152344 -0.240234 -0.447266
v 0.145508 -0.217773 -0.447266
v 0.150391 -0.261719 -0.445312
v -0.867188 -0.084473 0.040283
v -0.867188 -0.092773 0.041992
v -0.851562 -0.084961 0.038818
v -0.851562 -0.078125 0.036377
v -0.863281 -0.077148 0.034912
v -0.882812 -0.084473 0.038574
v -0.882812 -0.092773 0.041260
v -1.000000 -0.658203 0.007324
v -1.000000 -0.673828 0.001381
v -1.000000 -0.666016 0.009430
v -1.000000 -0.669922 -0.002747
v -1.000000 -0.669922 -0.005768
v -1.000000 -0.662109 -0.004791
v -1.000000 -0.673828 -0.003998
v 0.095215 -0.153320 -0.583984
v 0.044922 -0.140625 -0.583984
v 0.474609 -0.265625 0.525391
v -0.601562 -0.078613 -0.042480
v -0.589844 -0.089355 -0.047363
v -0.605469 -0.088867 -0.046143
v -0.585938 -0.080566 -0.043457
v -0.593750 -0.071777 -0.037109
v -0.082520 -0.173828 -0.572266
v -0.083008 -0.154297 -0.568359
v -0.081055 -0.154297 -0.583984
v -0.080078 -0.171875 -0.580078
v -0.080566 -0.197266 -0.552734
v -0.082031 -0.195312 -0.568359
v 0.237305 0.326172 0.040039
v 0.233398 0.517578 -0.040039
v 0.232422 0.517578 0.039307
v 0.227539 0.517578 -0.038086
v 0.320312 -0.263672 -0.478516
v 0.320312 -0.292969 -0.462891
v 0.320312 -0.281250 -0.482422
v 0.322266 -0.292969 -0.478516
v -0.722656 -0.085938 0.046631
v -0.734375 -0.085449 0.045410
v -0.726562 -0.094727 0.046387
v -0.652344 -0.127930 -0.019775
v -0.644531 -0.132812 -0.002777
v 0.186523 0.292969 0.187500
v 0.183594 0.330078 0.179688
v 0.917969 -0.650391 -0.724609
v 0.914062 -0.509766 -0.654297
v 0.914062 -0.619141 -0.697266
v 0.941406 -0.654297 -0.460938
v -0.219727 -0.073242 0.111328
v -0.219727 -0.310547 0.111816
v -0.222656 -0.067383 0.110840
v -0.082520 -0.265625 0.521484
v -0.082520 -0.283203 0.521484
v -0.082031 -0.265625 0.544922
v -0.089355 -0.169922 0.410156
v 0.169922 -0.158203 0.414062
v 0.170898 -0.164062 0.419922
v -0.812500 -0.072266 -0.028320
v -0.824219 -0.073242 -0.029785
v -0.828125 -0.067383 -0.024170
v -0.804688 -0.070801 -0.025513
v -0.812500 -0.076172 -0.031982
v -0.816406 -0.067383 -0.024292
v -0.808594 -0.067383 -0.021118
v -0.275391 -0.189453 0.708984
v -0.773438 -0.193359 0.211914
v -0.769531 -0.198242 0.220703
v -0.283203 -0.191406 0.716797
v -0.769531 -0.190430 0.204102
v -0.781250 -0.192383 0.207031
v 0.164062 0.666016 0.007172
v 0.161133 0.646484 -0.006470
v 0.160156 0.650391 0.000786
v 0.162109 0.662109 0.000420
v 0.474609 -0.281250 0.494141
v 0.470703 -0.281250 0.472656
v 0.472656 -0.294922 0.496094
v -0.558594 -0.088379 -0.048584
v -0.570312 -0.087402 -0.047607
v -0.570312 -0.078613 -0.044678
v -0.546875 -0.098145 -0.052002
v -0.562500 -0.097168 -0.050049
v -0.546875 -0.088867 -0.050781
v -0.068359 -0.292969 -0.447266
v -0.067383 -0.291016 -0.457031
v -0.043457 -0.291016 -0.445312
v -0.082031 -0.292969 -0.449219
v -0.042480 -0.281250 -0.447266
v -0.067383 -0.281250 -0.447266
v 0.464844 -0.142578 0.494141
v 0.464844 -0.142578 0.470703
v 0.443359 -0.143555 0.453125
v 0.470703 -0.143555 0.468750
v 0.460938 -0.141602 0.451172
v 0.474609 -0.142578 0.492188
v 0.410156 -0.201172 -0.693359
v 0.871094 -0.202148 -0.447266
v 0.412109 -0.201172 -0.701172
v 0.402344 -0.201172 -0.701172
v -0.660156 -0.070312 0.005219
v -0.664062 -0.064941 0.014221
v -0.660156 -0.072266 0.011780
v -0.625000 -0.642578 -0.728516
v 0.185547 0.159180 0.182617
v 0.184570 0.160156 0.195312
v 0.068848 0.159180 0.151367
v 0.302734 0.160156 0.152344
v 0.470703 -0.195312 -0.460938
v 0.470703 -0.195312 -0.449219
v 0.468750 -0.217773 -0.458984
v 0.472656 -0.172852 -0.449219
v -0.593750 -0.136719 0.023315
v -0.578125 -0.135742 0.026733
v -0.589844 -0.131836 0.031128
v -0.589844 -0.140625 0.015076
v 0.189453 0.291016 -0.187500
v 0.182617 0.193359 -0.208984
v 0.188477 0.245117 -0.192383
v -0.068359 -0.669922 0.732422
v -0.628906 -0.666016 0.732422
v -0.628906 -0.677734 0.724609
v -0.068359 -0.658203 0.732422
v -0.925781 -0.116699 -0.018188
v -0.925781 -0.113281 -0.021240
v -0.921875 -0.117676 -0.022339
v -0.921875 -0.120117 -0.011047
v -0.925781 -0.112305 -0.028809
v -0.738281 -0.349609 0.429688
v -0.957031 -0.408203 0.094238
v -0.824219 -0.416016 0.283203
v -0.832031 -0.361328 0.279297
v -0.628906 -0.533203 0.681641
v -0.613281 -0.533203 0.712891
v 0.005432 0.275391 -0.048096
v -0.013794 0.277344 0.050537
v 0.006134 0.259766 -0.046631
v -0.059082 -0.658203 -0.708984
v -0.061768 -0.654297 0.708984
v 0.376953 -0.646484 0.708984
v 0.906250 -0.658203 0.716797
v 0.378906 -0.654297 0.708984
v -0.628906 -0.096191 -0.046631
v -0.644531 -0.096680 -0.043457
v -0.080566 -0.261719 -0.447266
v -0.079590 -0.239258 -0.457031
v -0.080566 -0.261719 -0.457031
v -0.065918 -0.261719 -0.445312
v -0.081055 -0.281250 -0.445312
v 0.417969 -0.141602 0.470703
v 0.447266 -0.141602 0.500000
v 0.449219 -0.141602 0.472656
v 0.320312 -0.194336 -0.580078
v 0.333984 -0.195312 -0.583984
v 0.322266 -0.218750 -0.580078
v 0.333984 -0.172852 -0.580078
v 0.322266 -0.196289 -0.568359
v 0.322266 -0.172852 -0.580078
v -0.777344 -0.060547 0.013977
v -0.777344 -0.059815 0.004105
v -0.628906 -0.662109 -0.732422
v -0.632812 -0.654297 -0.736328
v -0.589844 -0.607422 -0.728516
v 0.065430 0.154297 0.155273
v 0.302734 0.155273 -0.155273
v 0.373047 0.155273 -0.063477
v -0.004303 0.154297 0.063232
v 0.302734 0.156250 0.157227
v 0.871094 -0.233398 -0.458984
v 0.886719 -0.339844 -0.537109
v 0.878906 -0.237305 -0.451172
v 0.882812 -0.341797 -0.529297
v 0.886719 -0.349609 -0.533203
v -0.143555 -0.012512 0.120117
v -0.507812 -0.125977 0.037842
v -0.494141 -0.117676 0.043457
v -0.511719 -0.134766 0.030151
v -0.496094 -0.126953 0.038330
v 0.188477 0.650391 -0.020752
v 0.183594 0.654297 -0.021606
v 0.196289 0.626953 -0.017944
v 0.190430 0.630859 -0.022095
v 0.156250 -0.239258 0.576172
v -0.800781 -0.077148 -0.017212
v -0.800781 -0.074707 -0.013000
v -0.800781 -0.082520 -0.024048
v -0.796875 -0.069824 -0.017700
v -0.792969 -0.073242 -0.023315
v -0.792969 -0.120605 0.001087
v -0.000132 0.169922 -0.250000
v -0.093262 0.170898 -0.108398
v 0.472656 -0.153320 0.560547
v 0.472656 -0.196289 0.544922
v 0.474609 -0.195312 0.521484
v 0.474609 -0.172852 0.564453
v -0.511719 -0.059082 -0.019897
v -0.515625 -0.056885 -0.008545
v -0.490234 -0.064941 -0.030518
v -0.507812 -0.066406 -0.031738
v -0.527344 -0.060303 -0.021851
v -0.492188 -0.059815 -0.019531
v -0.042236 -0.195312 -0.580078
v -0.065918 -0.217773 -0.580078
v -0.067871 -0.194336 -0.580078
v -0.042480 -0.171875 -0.583984
v 0.363281 0.341797 -0.059570
v 0.367188 0.330078 -0.062500
v 0.367188 0.330078 0.065918
v 0.378906 -0.281250 -0.447266
v 0.353516 -0.281250 -0.449219
v 0.351562 -0.292969 -0.449219
v 0.355469 -0.261719 -0.449219
v 0.416016 -0.281250 -0.449219
v 0.386719 -0.265625 -0.445312
v 0.378906 -0.292969 -0.449219
v -0.679688 -0.099609 0.044434
v -0.675781 -0.106445 0.038574
v -0.671875 -0.100098 0.040283
v -0.664062 -0.116211 -0.012207
v -0.664062 -0.119141 -0.005066
v -0.664062 -0.122070 -0.005798
v -0.664062 -0.123047 0.001579
v -0.671875 -0.125977 -0.001068
v 0.886719 -0.521484 -0.693359
v -0.447266 -0.088867 0.047363
v -0.449219 -0.098145 0.047852
v -0.457031 -0.082031 0.044678
v -0.507812 -0.501953 0.724609
v 0.378906 -0.030273 -0.283203
v 0.384766 -0.021729 -0.289062
v 0.492188 -0.029785 -0.117188
v 0.482422 -0.033691 -0.113770
v 0.373047 -0.033936 -0.277344
v 0.177734 -0.031250 -0.298828
v 0.176758 -0.022949 -0.304688
v 0.131836 -0.217773 0.441406
v -0.917969 -0.077637 -0.033935
v -0.898438 -0.076172 -0.034180
v -0.886719 -0.084961 -0.038086
v -1.000000 -0.658203 -0.013611
v -1.000000 -0.638672 -0.013000
v -0.972656 -0.580078 -0.081055
v 0.044190 -0.153320 0.441406
v 0.093262 -0.172852 0.441406
v 0.043701 -0.171875 0.441406
v -0.005249 -0.152344 0.441406
v 0.093750 -0.153320 0.439453
v 0.589844 -0.343750 -0.716797
v 0.582031 -0.355469 -0.720703
v 0.882812 -0.525391 -0.705078
v -0.578125 -0.056152 0.011597
v -0.578125 -0.054932 0.000778
v -0.593750 -0.055664 0.011536
v -0.081055 -0.173828 0.544922
v -0.081543 -0.196289 0.564453
v -0.081055 -0.217773 0.576172
v -0.081055 -0.195312 0.572266
v -0.080566 -0.197266 0.544922
v -0.082031 -0.219727 0.564453
v 0.227539 0.513672 -0.033691
v 0.232422 0.326172 0.034912
v 0.227539 0.513672 -0.039551
v 0.228516 0.517578 0.034180
v 0.322266 -0.294922 0.470703
v 0.322266 -0.285156 0.494141
v 0.322266 -0.263672 0.498047
v 0.320312 -0.294922 0.453125
v 0.322266 -0.283203 0.472656
v -0.722656 -0.095215 -0.043457
v -0.710938 -0.103516 -0.040039
v -0.734375 -0.094238 -0.042725
v -0.718750 -0.085449 -0.040039
v -0.710938 -0.093750 -0.038574
v -0.648438 -0.126953 0.022583
v -0.632812 -0.125977 0.031128
v -0.644531 -0.122070 0.030273
v -0.636719 -0.130859 0.023804
v -0.660156 -0.120605 0.025024
v 0.917969 -0.662109 0.728516
v 0.917969 -0.642578 0.728516
v -0.431641 -0.089844 -0.038818
v -0.431641 -0.086914 -0.028320
v -0.433594 -0.095703 -0.029053
v -0.921875 -0.090332 -0.026489
v -0.921875 -0.098145 -0.025635
v -0.271484 -0.222656 -0.693359
v -0.279297 -0.219727 -0.697266
v -0.394531 -0.345703 -0.701172
v -0.347656 -0.337891 -0.697266
v -0.269531 -0.219727 -0.697266
v -0.079102 -0.302734 -0.697266
v 0.168945 -0.172852 -0.458984
v 0.168945 -0.195312 -0.460938
v 0.167969 -0.195312 -0.472656
v 0.168945 -0.171875 -0.447266
v -0.800781 -0.114258 -0.022461
v -0.812500 -0.114746 -0.024170
v -0.800781 -0.107910 -0.025024
v -0.812500 -0.119141 -0.020874
v -0.800781 -0.106934 -0.018677
v -0.800781 -0.114258 -0.019775
v 0.174805 0.673828 0.013733
v 0.169922 0.669922 0.009613
v 0.625000 -0.228516 0.145508
v 0.625000 -0.228516 -0.143555
v 0.470703 -0.228516 -0.394531
v -0.492188 -0.072754 0.233398
v -0.067871 -0.283203 0.441406
v -0.043457 -0.261719 0.441406
v -0.042725 -0.285156 0.441406
v -0.068359 -0.294922 0.441406
v 0.472656 -0.142578 -0.501953
v 0.474609 -0.142578 -0.529297
v 0.353516 -0.217773 0.572266
v 0.353516 -0.197266 0.572266
v 0.375000 -0.219727 0.572266
v 0.335938 -0.220703 0.572266
v 0.355469 -0.240234 0.572266
v -0.667969 -0.064453 -0.013123
v -0.675781 -0.067871 -0.023437
v -0.664062 -0.067383 -0.011597
v -0.667969 -0.068359 -0.019653
v -0.769531 -0.219727 -0.179688
v -0.765625 -0.215820 -0.183594
v 0.179688 0.084961 -0.294922
v 0.351562 0.094238 -0.283203
v 0.345703 0.084473 -0.285156
v 0.121582 -0.208008 0.004608
v 0.867188 -0.201172 0.445312
v 0.875000 -0.203125 -0.004150
v 0.871094 -0.205078 -0.004333
v -0.077637 -0.015503 -0.345703
v 0.173828 -0.014038 -0.355469
v -0.203125 -0.012940 -0.133789
v -0.069336 -0.014893 -0.332031
v -0.084473 -0.019653 -0.357422
v 0.174805 -0.019043 -0.365234
v -0.539062 -0.140625 -0.022583
v -0.527344 -0.139648 -0.024414
v -0.550781 -0.140625 -0.023437
v 0.196289 0.259766 0.189453
v 0.198242 0.283203 0.190430
v 0.044190 -0.292969 -0.572266
v -0.004761 -0.292969 -0.572266
v 0.092773 -0.292969 -0.572266
v 0.091797 -0.292969 -0.552734
v 0.042480 -0.292969 -0.552734
v -0.925781 -0.105957 0.029663
v -0.960938 -0.390625 -0.089844
v -0.023926 0.092285 0.263672
v -0.120117 0.046631 0.132812
v -0.032471 0.047119 0.265625
v 0.169922 -0.170898 -0.416016
v -0.535156 -0.002411 -0.110352
v -0.535156 -0.002838 0.113770
v -0.531250 -0.002441 0.121582
v -0.443359 -0.138672 0.005402
v -0.453125 -0.138672 0.014465
v -0.445312 -0.135742 0.015503
v -0.441406 -0.136719 -0.003387
v 0.333984 -0.294922 0.544922
v 0.337891 -0.294922 0.564453
v -0.781250 -0.108887 -0.030762
v -0.785156 -0.113770 -0.025879
v -0.792969 -0.107422 -0.029297
v -0.769531 -0.109863 -0.033203
v -0.773438 -0.117188 -0.027710
v -0.632812 -0.120117 0.038086
v -0.625000 -0.123047 0.039551
v -0.644531 -0.116699 0.037842
v -0.621094 -0.115234 0.043701
v -0.632812 -0.113281 0.044678
v 0.185547 0.673828 -0.008545
v 0.188477 0.673828 -0.011719
v 0.957031 -0.343750 0.347656
v 0.914062 -0.231445 0.462891
v 0.898438 -0.199219 0.460938
v 0.898438 -0.202148 0.445312
v -0.141602 -0.022827 -0.121094
v -0.021362 -0.031982 -0.285156
v 0.177734 -0.034180 -0.287109
v -0.026489 -0.022095 -0.289062
v -0.490234 -0.143555 -0.004669
v -0.494141 -0.143555 -0.013794
v 0.382812 -0.141602 0.560547
v 0.416016 -0.142578 0.564453
v 0.382812 -0.142578 0.548828
v 0.382812 -0.143555 0.572266
v 0.353516 -0.142578 0.544922
v 0.169922 -0.217773 -0.525391
v 0.169922 -0.195312 -0.501953
v 0.168945 -0.218750 -0.501953
v 0.168945 -0.240234 -0.529297
v 0.170898 -0.216797 -0.552734
v -0.804688 -0.068848 0.020996
v -0.808594 -0.064941 0.014343
v -0.812500 -0.064453 0.017822
v -0.812500 -0.067383 0.023560
v -0.804688 -0.072266 0.025269
v -0.800781 -0.074707 0.025757
v -0.777344 -0.121094 -0.020996
v -0.761719 -0.129883 -0.008301
v -0.773438 -0.125000 -0.014160
v 0.163086 0.283203 0.188477
v 0.886719 -0.556641 -0.697266
v 0.882812 -0.525391 -0.693359
v -0.464844 -0.081055 0.044190
v -0.478516 -0.089355 0.048096
v 0.044190 -0.217773 0.572266
v -0.004944 -0.261719 0.576172
v 0.384766 0.255859 0.054443
v 0.384766 0.249023 -0.054199
v 0.386719 0.249023 0.057129
v 0.394531 0.192383 0.071777
v 0.322266 -0.172852 0.445312
v 0.353516 -0.154297 0.441406
v 0.332031 -0.174805 0.441406
v -0.800781 -0.505859 0.287109
v -0.605469 -0.529297 0.669922
v 0.589844 -0.339844 0.720703
v 0.419922 -0.209961 0.724609
v 0.890625 -0.517578 0.705078
v -0.431641 -0.062500 -0.017822
v -0.425781 -0.069336 -0.025513
v -0.275391 -0.202148 -0.712891
v -0.287109 -0.208008 -0.716797
v -0.292969 -0.209961 -0.712891
v -0.281250 -0.209961 -0.720703
v -0.267578 -0.210938 -0.716797
v -0.253906 -0.232422 -0.720703
v -0.275391 -0.200195 -0.701172
v -0.265625 -0.200195 -0.708984
v 0.201172 0.599609 0.011841
v 0.201172 0.630859 0.013184
v 0.205078 0.603516 0.006042
v 0.168945 -0.240234 -0.474609
v 0.168945 -0.239258 -0.455078
v 0.167969 -0.263672 -0.498047
v -0.882812 -0.101562 0.039307
v -0.867188 -0.101074 0.040772
v -0.851562 -0.093262 0.040772
v -0.875000 -0.128906 0.007813
v -0.890625 -0.128906 0.004669
v -0.863281 -0.128906 0.000122
v 0.183594 0.328125 -0.182617
v 0.168945 0.289062 -0.184570
v 0.061768 0.341797 -0.151367
v 0.460938 -0.294922 0.572266
v 0.445312 -0.294922 0.568359
v 0.472656 -0.292969 0.576172
v 0.460938 -0.283203 0.576172
v 0.443359 -0.294922 0.576172
v -0.578125 -0.090820 -0.049072
v -0.582031 -0.098633 -0.049316
v -0.597656 -0.098633 -0.049316
v -0.055908 -0.658203 -0.300781
v 0.462891 -0.154297 0.441406
v 0.460938 -0.141602 0.441406
v 0.474609 -0.153320 0.441406
v 0.462891 -0.173828 0.443359
v 0.474609 -0.142578 0.441406
v 0.333984 -0.241211 -0.447266
v 0.332031 -0.218750 -0.449219
v 0.320312 -0.217773 -0.447266
v 0.351562 -0.241211 -0.447266
v 0.320312 -0.240234 -0.451172
v 0.333984 -0.263672 -0.449219
v -0.710938 -0.079102 0.041504
v -0.726562 -0.078613 0.043213
v -0.710938 -0.085938 0.045654
v -0.613281 -0.140625 -0.014648
v -0.597656 -0.142578 -0.004944
v -0.621094 -0.136719 -0.020630
v -0.609375 -0.136719 -0.021728
v 0.324219 -0.144531 0.494141
v 0.324219 -0.142578 0.517578
v 0.326172 -0.155273 0.472656
v 0.324219 -0.155273 0.496094
v 0.898438 -0.204102 -0.458984
v 0.910156 -0.332031 -0.556641
v -0.017212 0.196289 0.068359
v -0.014709 0.255859 0.056152
v 0.063965 0.326172 0.154297
v 0.001503 0.330078 0.064453
v -0.081543 -0.172852 0.453125
v 0.153320 -0.294922 0.443359
v 0.151367 -0.292969 0.453125
v 0.153320 -0.283203 0.443359
v 0.168945 -0.292969 0.441406
v -0.808594 -0.091797 -0.032227
v -0.816406 -0.099121 -0.033935
v -0.628906 -0.650391 0.732422
v -0.613281 -0.615234 0.712891
v -0.816406 -0.642578 0.289062
v -0.628906 -0.658203 0.724609
v -0.632812 -0.650391 0.724609
v -0.812500 -0.658203 0.289062
v 0.031494 0.077637 -0.263672
v 0.017456 0.083984 -0.281250
v 0.027344 0.051514 -0.263672
v 0.016724 0.051269 -0.287109
v 0.462891 -0.196289 0.443359
v 0.462891 -0.218750 0.441406
v 0.449219 -0.218750 0.443359
v 0.472656 -0.195312 0.441406
v 0.447266 -0.195312 0.443359
v 0.472656 -0.172852 0.443359
v -0.527344 -0.071289 -0.039795
v -0.523438 -0.065430 -0.033203
v -0.511719 -0.072754 -0.040283
v -0.527344 -0.079102 -0.046875
v -0.539062 -0.065430 -0.031494
v -0.044922 -0.142578 -0.458984
v -0.069824 -0.141602 -0.488281
v -0.069824 -0.141602 -0.460938
v -0.069336 -0.142578 -0.447266
v -0.046143 -0.140625 -0.476562
v -0.045166 -0.141602 -0.445312
v -0.005615 -0.141602 -0.458984
v 0.419922 -0.210938 -0.716797
v -0.671875 -0.072266 0.007721
v -0.667969 -0.074219 0.015381
v -0.664062 -0.066895 0.014893
v -0.671875 -0.073242 0.000000
v -0.667969 -0.065918 0.008148
v -0.761719 -0.222656 -0.201172
v -0.753906 -0.221680 -0.209961
v 0.147461 0.324219 0.039795
v 0.153320 0.330078 0.043701
v 0.147461 0.328125 0.041504
v 0.910156 -0.669922 -0.712891
v 0.933594 -0.666016 -0.451172
v -0.455078 -0.107422 0.046143
v -0.468750 -0.114258 0.043213
v -0.458984 -0.115234 0.041748
v -0.449219 -0.115234 0.041016
v -0.451172 -0.107422 0.045898
v -0.304688 -0.314453 0.234375
v -0.304688 -0.074219 0.235352
v 0.351562 0.048828 -0.291016
v 0.357422 0.041748 -0.292969
v 0.178711 0.051025 -0.298828
v 0.178711 0.053711 -0.296875
v 0.343750 0.050537 -0.289062
v 0.044190 -0.171875 0.576172
v -0.003769 -0.194336 0.572266
v 0.044922 -0.194336 0.572266
v 0.093262 -0.171875 0.572266
v -0.004883 -0.172852 0.576172
v 0.093750 -0.152344 0.576172
v -0.925781 -0.065918 0.000343
v -0.925781 -0.066895 0.007141
v -0.921875 -0.059815 0.000580
v -0.929688 -0.065430 -0.006042
v -0.953125 -0.513672 0.084961
v -0.964844 -0.611328 0.070313
v -0.925781 -0.509766 0.103516
v -0.996094 -0.513672 0.003555
v -0.996094 -0.646484 0.007050
v 0.043213 -0.140625 -0.457031
v -0.656250 -0.062012 0.000854
v -0.648438 -0.060303 0.000069
v -0.656250 -0.061523 0.009277
v -0.644531 -0.060059 0.009552
v -0.636719 -0.058594 -0.007141
v -0.082520 -0.141602 -0.568359
v -0.082031 -0.141602 -0.580078
v -0.082031 -0.142578 -0.552734
v 0.200195 0.650391 0.011902
v 0.197266 0.654297 0.016846
v 0.196289 0.630859 0.016907
v 0.320312 -0.240234 -0.460938
v 0.320312 -0.240234 -0.476562
v -0.777344 -0.091309 0.041992
v -0.761719 -0.093750 0.042969
v -0.773438 -0.083984 0.040283
v -0.789062 -0.092773 0.039551
v -0.761719 -0.085938 0.042725
v -0.648438 -0.125000 -0.024658
v -0.636719 -0.127930 -0.027344
v 0.914062 -0.662109 -0.728516
v 0.906250 -0.658203 -0.728516
v 0.906250 -0.642578 -0.728516
v 0.910156 -0.642578 -0.728516
v 0.914062 -0.646484 -0.728516
v 0.910156 -0.666016 -0.728516
v 0.910156 -0.662109 -0.728516
v 0.910156 -0.669922 -0.724609
v -0.921875 -0.114746 0.017395
v -0.363281 -0.341797 0.728516
v -0.343750 -0.349609 0.728516
v -0.255859 -0.247070 0.724609
v -0.412109 -0.345703 0.720703
v 0.445312 0.083496 -0.150391
v 0.462891 0.087402 -0.151367
v 0.392578 0.088867 -0.255859
v 0.167969 -0.216797 0.441406
v 0.169922 -0.217773 0.453125
v -0.824219 -0.078125 -0.033691
v -0.839844 -0.071777 -0.031006
v -0.839844 -0.065918 -0.025146
v -0.761719 -0.114258 0.035156
v -0.777344 -0.116699 0.029419
v -0.753906 -0.120605 0.030518
v -0.750000 -0.116211 0.035645
v -0.765625 -0.119141 0.029785
v -0.765625 -0.124023 0.022217
v 0.169922 0.626953 -0.018921
v 0.165039 0.650391 -0.012878
v 0.169922 0.650391 -0.017944
v 0.176758 0.626953 -0.021240
v 0.164062 0.630859 -0.013672
v 0.992188 -0.501953 0.013184
v -0.496094 -0.065918 -0.217773
v -0.306641 -0.073731 -0.225586
v 0.921875 -0.669922 0.416016
v 0.018921 -0.666016 -0.053467
v -0.796875 -0.669922 0.287109
v -0.992188 -0.669922 0.001125
v 0.472656 -0.144531 0.544922
v 0.392578 -0.241211 -0.580078
v 0.425781 -0.263672 -0.580078
v 0.396484 -0.263672 -0.580078
v 0.369141 -0.217773 -0.580078
v 0.394531 -0.216797 -0.580078
v -0.664062 -0.067383 0.021240
v -0.667969 -0.062012 0.016052
v -0.671875 -0.063965 0.022583
v -0.664062 -0.069336 0.025391
v -0.660156 -0.076660 0.020996
v -0.691406 -0.122559 -0.024780
v -0.691406 -0.125977 -0.016479
v 0.566406 -0.020874 -0.131836
v 0.574219 -0.022095 0.133789
v 0.562500 -0.020752 0.132812
v 0.178711 -0.021118 -0.000229
v 0.435547 -0.022705 -0.333984
v -0.028931 0.095703 0.263672
v -0.009460 0.160156 0.263672
v -0.035156 0.091309 0.257812
v -0.511719 -0.139648 0.020142
v -0.503906 -0.142578 0.014160
v -0.496094 -0.139648 0.020386
v -0.498047 -0.133789 0.030396
v 0.298828 0.287109 -0.165039
v 0.292969 0.283203 -0.166016
v 0.129883 -0.294922 0.544922
v 0.091309 -0.292969 0.564453
v 0.092285 -0.292969 0.541016
v 0.130859 -0.292969 0.564453
v -0.925781 -0.103516 -0.028320
v -0.921875 -0.096191 -0.028564
v -0.921875 -0.102539 -0.029297
v -0.925781 -0.108887 -0.023682
v -0.435547 -0.109375 -0.027466
v -0.605469 -0.529297 -0.708984
v -0.726562 -0.326172 -0.435547
v 0.016113 0.347656 0.059814
v 0.022217 0.349609 0.056641
v 0.024170 0.347656 -0.055176
v 0.015991 0.347656 -0.057617
v 0.081543 0.345703 0.130859
v 0.181641 0.347656 0.001366
v 0.472656 -0.292969 -0.505859
v 0.458984 -0.292969 -0.476562
v 0.458984 -0.292969 -0.501953
v 0.472656 -0.292969 -0.529297
v -0.562500 -0.116699 0.045898
v -0.574219 -0.107910 0.050781
v -0.574219 -0.116699 0.046631
v 0.417969 -0.200195 0.705078
v 0.421875 -0.198242 0.708984
v 0.410156 -0.199219 0.697266
v -0.703125 -0.056396 -0.008118
v -0.699219 -0.055908 0.001604
v -0.691406 -0.060547 -0.016968
v -0.703125 -0.060303 -0.017578
v -0.625000 -0.650391 0.728516
v 0.917969 -0.332031 0.564453
v 0.921875 -0.341797 0.556641
v 0.064941 0.330078 -0.150391
v 0.063477 0.289062 -0.161133
v -0.447266 -0.123047 -0.036377
v -0.447266 -0.130859 -0.028931
v 0.298828 0.287109 0.166016
v 0.318359 -0.281250 -0.568359
v 0.322266 -0.281250 -0.583984
v 0.320312 -0.292969 -0.568359
v 0.320312 -0.283203 -0.552734
v -0.796875 -0.098145 0.028320
v -0.796875 -0.103027 0.025757
v -0.792969 -0.104004 0.030640
v -0.796875 -0.098145 0.033447
v -0.796875 -0.092773 0.028320
v -0.972656 -0.384766 -0.000824
v 0.133789 -0.141602 0.576172
v 0.133789 -0.154297 0.576172
v 0.155273 -0.140625 0.576172
v 0.093262 -0.140625 0.576172
v 0.154297 -0.140625 0.564453
v 0.131836 -0.141602 0.564453
v 0.472656 -0.194336 -0.529297
v 0.472656 -0.172852 -0.525391
v 0.472656 -0.218750 -0.552734
v 0.472656 -0.195312 -0.552734
v -0.503906 -0.066406 0.034180
v -0.490234 -0.066895 0.032959
v -0.523438 -0.071289 0.041992
v -0.490234 -0.060547 0.023926
v -0.507812 -0.060547 0.024414
v -0.081055 -0.239258 0.548828
v -0.079590 -0.218750 0.548828
v 0.388672 0.193359 -0.066895
v 0.380859 -0.294922 0.453125
v 0.378906 -0.292969 0.441406
v -0.687500 -0.101562 -0.039307
v -0.671875 -0.104980 -0.031982
v -0.679688 -0.107910 -0.034424
v -0.800781 -0.113281 -0.009827
v -0.800781 -0.118164 -0.010193
v -0.796875 -0.113281 -0.017090
v 0.882812 -0.339844 0.533203
v 0.871094 -0.229492 0.451172
v 0.875000 -0.241211 0.449219
v 0.886719 -0.525391 0.689453
v -0.447266 -0.079590 -0.041504
v -0.455078 -0.072754 -0.038086
v -0.437500 -0.079590 -0.042969
v -0.447266 -0.087402 -0.046387
v -0.437500 -0.073242 -0.037109
v -0.597656 -0.529297 -0.705078
v -0.589844 -0.517578 -0.705078
v -0.605469 -0.564453 -0.708984
v -0.589844 -0.529297 -0.712891
v 0.396484 0.049805 0.265625
v 0.394531 0.090332 0.259766
v 0.451172 0.050537 0.147461
v 0.382812 0.052002 0.241211
v 0.470703 0.050537 0.152344
v 0.396484 0.088867 0.259766
v 0.131836 -0.196289 -0.445312
v 0.044678 -0.239258 -0.445312
v 0.094238 -0.195312 -0.445312
v 0.044190 -0.216797 -0.443359
v -0.898438 -0.070801 0.031616
v -0.910156 -0.070801 0.030029
v -0.925781 -0.071289 0.031982
v -0.925781 -0.122070 -0.008606
v -0.925781 -0.120605 -0.007263
v 0.443359 -0.292969 -0.580078
v 0.417969 -0.292969 -0.580078
v 0.421875 -0.283203 -0.583984
v 0.460938 -0.294922 -0.580078
v -0.621094 -0.087891 0.048584
v -0.609375 -0.080078 0.046631
v -0.081543 -0.292969 0.544922
v -0.082031 -0.283203 0.564453
v -0.082520 -0.281250 0.544922
v -0.082520 -0.292969 0.513672
v -0.082031 -0.292969 0.564453
v 0.320312 -0.219727 0.441406
v 0.332031 -0.219727 0.441406
v 0.322266 -0.196289 0.441406
v 0.328125 -0.196289 0.441406
v -0.769531 -0.086426 -0.038330
v -0.765625 -0.078125 -0.035156
v -0.757812 -0.077637 -0.036133
v -0.636719 -0.135742 0.007019
v -0.636719 -0.133789 0.016480
v 0.170898 -0.141602 -0.529297
v 0.152344 -0.140625 -0.529297
v 0.898438 -0.208984 0.458984
v -0.015076 0.181641 -0.067871
v 0.058350 0.168945 -0.165039
v -0.079590 -0.217773 -0.498047
v -0.080078 -0.216797 -0.525391
v -0.079102 -0.241211 -0.525391
v -0.079590 -0.239258 -0.498047
v -0.080078 -0.239258 -0.474609
v -0.049072 -0.654297 0.318359
v -0.789062 -0.658203 -0.296875
v -0.835938 -0.107422 0.036865
v -0.839844 -0.114746 0.033936
v -0.851562 -0.108887 0.037598
v -0.828125 -0.107910 0.037598
v -0.625000 -0.662109 -0.724609
v -0.621094 -0.666016 -0.720703
v -0.812500 -0.658203 -0.296875
v -0.621094 -0.662109 -0.728516
v 0.470703 -0.241211 -0.458984
v 0.472656 -0.261719 -0.478516
v 0.470703 -0.240234 -0.476562
v 0.468750 -0.241211 -0.449219
v 0.470703 -0.261719 -0.458984
v 0.470703 -0.217773 -0.449219
v -0.218750 -0.021729 -0.140625
v -0.219727 -0.025757 -0.140625
v -0.005371 -0.171875 0.441406
v -0.043213 -0.154297 0.441406
v -0.042480 -0.172852 0.441406
v -0.042480 -0.195312 0.441406
v -0.003174 -0.197266 0.439453
v 0.410156 -0.224609 0.701172
v -0.664062 -0.072266 -0.010742
v -0.660156 -0.094727 0.002815
v -0.660156 -0.071777 -0.005463
v -0.660156 -0.070312 -0.000626
v 0.177734 0.517578 -0.020142
v 0.186523 0.498047 -0.020020
v 0.185547 0.521484 -0.020508
v 0.170898 0.548828 -0.018677
v 0.945312 -0.650391 0.417969
v 0.992188 -0.529297 0.007660
v 0.914062 -0.615234 0.705078
v 0.945312 -0.509766 0.406250
v 0.992188 -0.525391 0.012268
v 0.980469 -0.509766 0.104492
v -0.300781 0.006256 -0.119629
v -0.209961 -0.063477 -0.113770
v -0.207031 -0.070312 0.114258
v -0.208984 -0.069824 -0.112793
v -0.308594 -0.066406 -0.219727
v 0.174805 -0.220703 -0.417969
v 0.092773 -0.140625 -0.583984
v 0.133789 -0.153320 -0.583984
v -0.832031 -0.057861 -0.000198
v -0.832031 -0.058838 -0.007874
v -0.843750 -0.057373 0.009766
v -0.773438 -0.208984 0.191406
v -0.773438 -0.208008 0.203125
v -0.980469 -0.380859 0.001678
v -0.980469 -0.382812 0.004959
v -0.769531 -0.199219 0.204102
v -0.777344 -0.208008 0.184570
v 0.443359 -0.166016 0.398438
v 0.182617 -0.082519 0.396484
v -0.435547 -0.128906 -0.002899
v -0.443359 -0.137695 -0.011352
v 0.333984 -0.294922 -0.552734
v 0.333984 -0.294922 -0.572266
v 0.322266 -0.292969 -0.525391
v 0.322266 -0.292969 -0.548828
v 0.335938 -0.292969 -0.529297
v -0.726562 -0.111328 0.041748
v -0.730469 -0.120117 0.035645
v -0.714844 -0.111328 0.041992
v -0.726562 -0.103027 0.046631
v -0.738281 -0.110840 0.041016
v -0.742188 -0.117676 0.034912
v -0.714844 -0.103516 0.045166
v -0.609375 -0.125000 -0.038818
v -0.621094 -0.131836 -0.030029
v -0.609375 -0.131836 -0.030762
v 0.175781 0.544922 0.020752
v 0.992188 -0.451172 -0.112793
v 0.953125 -0.347656 -0.351562
v 0.957031 -0.341797 -0.326172
v 0.996094 -0.505859 -0.112305
v 1.000000 -0.496094 -0.008240
v -0.025024 -0.035156 0.289062
v 0.177734 -0.034668 0.302734
v -0.030029 -0.025757 0.292969
v -0.018311 -0.038818 0.275391
v -0.400391 -0.322266 0.000679
v -0.306641 -0.324219 -0.228516
v -0.308594 -0.322266 0.228516
v 0.419922 -0.153320 -0.583984
v 0.417969 -0.171875 -0.583984
v 0.384766 -0.153320 -0.583984
v 0.445312 -0.153320 -0.583984
v 0.382812 -0.141602 -0.583984
v 0.419922 -0.142578 -0.583984
v 0.167969 -0.242188 0.525391
v 0.167969 -0.265625 0.521484
v 0.168945 -0.263672 0.498047
v 0.168945 -0.241211 0.496094
v 0.169922 -0.217773 0.521484
v 0.170898 -0.216797 0.548828
v 0.169922 -0.241211 0.548828
v -0.800781 -0.073242 -0.023315
v -0.796875 -0.070801 -0.018921
v -0.796875 -0.078613 -0.021118
v -0.800781 -0.080078 -0.028809
v -0.804688 -0.077637 -0.029785
v -0.835938 -0.128906 0.008453
v -0.820312 -0.125977 0.008270
v -0.824219 -0.123047 0.017090
v -0.851562 -0.129883 0.000694
v -0.835938 -0.128906 0.001297
v 0.073242 0.259766 -0.164062
v 0.165039 0.255859 -0.186523
v 0.808594 -0.611328 0.724609
v 0.570312 -0.376953 0.720703
v 0.906250 -0.646484 0.728516
v 0.808594 -0.541016 0.716797
v -0.558594 -0.107910 -0.050293
v -0.546875 -0.116699 -0.046875
v -0.570312 -0.106934 -0.049072
v -0.083008 -0.441406 -0.724609
v 0.460938 0.078613 -0.081055
v 0.484375 0.084473 -0.089356
v 0.484375 0.082519 -0.088379
v 0.462891 0.077148 0.083984
v 0.322266 -0.172852 -0.552734
v 0.320312 -0.195312 -0.548828
v -0.687500 -0.061523 0.021118
v -0.679688 -0.062500 0.020630
v -0.675781 -0.058594 0.013184
v -0.691406 -0.065918 0.029053
v -0.687500 -0.057617 0.013916
v -0.980469 -0.646484 -0.010376
v -0.984375 -0.517578 -0.000824
v 0.176758 -0.073730 0.398438
v -0.078613 -0.074219 0.386719
v 0.425781 -0.073242 0.388672
v 0.431641 -0.067383 0.384766
v 0.175781 -0.077637 0.398438
v 0.472656 -0.195312 -0.580078
v 0.472656 -0.218750 -0.580078
v -0.453125 -0.062012 0.021973
v -0.289062 -0.199219 0.724609
v 0.194336 0.673828 -0.000290
v 0.193359 0.673828 -0.003449
v 0.198242 0.669922 -0.001297
v 0.194336 0.673828 0.002122
v -0.005951 -0.241211 0.439453
v 0.042969 -0.265625 0.441406
v -0.921875 -0.084473 -0.033691
v -0.925781 -0.094238 -0.032715
v -0.925781 -0.086914 -0.029785
v -0.921875 -0.084961 -0.036865
v -0.925781 -0.092285 -0.035156
v -0.921875 -0.078613 -0.032959
v -0.910156 -0.129883 0.001213
v -0.914062 -0.127930 -0.009766
v -0.906250 -0.128906 0.000160
v -0.921875 -0.128906 -0.002075
v 0.050049 0.191406 0.172852
v 0.052979 0.169922 0.170898
v 0.181641 0.193359 0.211914
v -0.019531 0.165039 0.070312
v 0.324219 -0.154297 -0.552734
v 0.322266 -0.143555 -0.525391
v 0.322266 -0.154297 -0.572266
v 0.324219 -0.143555 -0.552734
v -0.632812 -0.057861 0.010742
v -0.617188 -0.057129 0.010986
v -0.625000 -0.056152 0.000237
v -0.636719 -0.060547 0.020020
v -0.628906 -0.060303 0.020752
v -0.255859 -0.200195 0.724609
v 0.206055 0.544922 0.007019
v 0.206055 0.576172 -0.007813
v 0.324219 -0.292969 0.496094
v 0.333984 -0.294922 0.466797
v 0.324219 -0.292969 0.517578
v 0.322266 -0.283203 0.521484
v -0.792969 -0.104492 -0.027344
v -0.796875 -0.099609 -0.023682
v -0.667969 -0.113281 0.027832
v -0.667969 -0.118164 0.023071
v -0.667969 -0.111328 0.023682
v 0.183594 0.630859 -0.022705
v 0.890625 -0.541016 0.712891
v 0.890625 -0.548828 0.712891
v 0.894531 -0.513672 0.697266
v 0.890625 -0.509766 0.697266
v 0.902344 -0.552734 0.708984
v 0.886719 -0.525391 0.708984
v -0.427734 -0.075195 -0.031006
v -0.427734 -0.076172 -0.019043
v -0.357422 -0.349609 -0.728516
v -0.498047 -0.501953 -0.728516
v -0.625000 -0.646484 -0.732422
v -0.601562 -0.552734 -0.724609
v 0.169922 -0.240234 -0.501953
v 0.167969 -0.217773 -0.472656
v 0.168945 -0.217773 -0.457031
v -0.824219 -0.067383 0.025269
v -0.839844 -0.070312 0.029541
v -0.832031 -0.066895 0.022949
v -0.765625 -0.216797 -0.194336
v -0.757812 -0.214844 -0.187500
v -0.757812 -0.216797 -0.197266
v 0.135742 0.328125 0.038574
v 0.137695 0.328125 0.045166
v 0.136719 0.322266 -0.041504
v -0.046875 -0.669922 -0.720703
v -0.492188 -0.108887 0.049072
v -0.492188 -0.099121 0.050537
v -0.197266 -0.314453 0.120605
v -0.197266 -0.314453 -0.116211
v 0.470703 -0.142578 -0.580078
v 0.472656 -0.142578 -0.572266
v 0.472656 -0.153320 -0.572266
v 0.380859 -0.196289 0.572266
v 0.376953 -0.172852 0.572266
v 0.355469 -0.171875 0.576172
v -0.667969 -0.066895 -0.007385
v -0.667969 -0.074707 -0.012451
v 0.177734 0.042480 -0.298828
v 0.005554 0.042725 -0.291016
v 0.013245 0.049316 -0.291016
v 0.632812 -0.215820 0.148438
v 0.640625 -0.208984 -0.150391
v 0.480469 -0.219727 0.414062
v 0.640625 -0.203125 -0.149414
v 0.484375 -0.210938 0.417969
v 0.640625 -0.209961 0.149414
v 0.178711 -0.011841 0.000214
v 0.174805 -0.013123 -0.339844
v -0.535156 -0.115723 -0.048584
v -0.519531 -0.125000 -0.040771
v -0.535156 -0.125000 -0.042725
v -0.523438 -0.116211 -0.046631
v -0.535156 -0.106445 -0.050293
v -0.546875 -0.106445 -0.050049
v 0.168945 -0.281250 -0.552734
v 0.168945 -0.263672 -0.525391
v -0.921875 -0.087891 0.027710
v -0.925781 -0.096680 0.030762
v -0.929688 -0.088379 0.033203
v -0.925781 -0.083496 0.029541
v -0.789062 -0.199219 0.194336
v -0.773438 -0.189453 0.193359
v -0.785156 -0.191406 0.191406
v 0.170898 0.673828 -0.003571
v 0.170898 0.673828 0.000290
v 0.472656 -0.283203 0.455078
v -0.042480 -0.292969 -0.458984
v 0.435547 -0.077148 0.375000
v 0.423828 -0.209961 -0.712891
v 0.414062 -0.203125 -0.712891
v -0.687500 -0.056396 0.002279
v -0.699219 -0.056885 0.011414
v -0.617188 -0.650391 -0.712891
v -0.593750 -0.560547 -0.705078
v -0.593750 -0.564453 -0.701172
v -0.617188 -0.650391 -0.708984
v 0.898438 -0.201172 -0.441406
v 0.898438 -0.202148 -0.445312
v 0.894531 -0.195312 -0.443359
v 0.953125 -0.341797 -0.322266
v 0.070801 0.339844 0.147461
v 0.183594 0.345703 0.164062
v 0.076172 0.347656 0.139648
v 0.066406 0.337891 0.150391
v 0.184570 0.339844 0.170898
v 0.005402 0.339844 0.062988
v -0.081543 -0.241211 0.453125
v 0.291016 0.259766 -0.163086
v 0.188477 0.259766 -0.167969
v 0.279297 0.259766 -0.144531
v 0.289062 0.279297 -0.164062
v 0.302734 -0.435547 0.728516
v 0.384766 -0.650391 0.728516
v 0.324219 -0.275391 0.728516
v -0.796875 -0.111816 -0.015381
v -0.796875 -0.108887 -0.018799
v -0.792969 -0.115234 -0.019531
v -0.796875 -0.117676 -0.016113
v 0.131836 -0.140625 -0.552734
v 0.155273 -0.141602 -0.552734
v 0.092773 -0.140625 -0.572266
v 0.131836 -0.140625 -0.525391
v 0.472656 -0.281250 0.564453
v -0.539062 -0.060303 -0.022827
v -0.072754 -0.141602 -0.521484
v -0.050781 -0.142578 -0.505859
v -0.069336 -0.142578 -0.552734
v 0.357422 0.349609 0.059814
v 0.292969 0.351562 0.144531
v 0.347656 0.349609 0.056885
v 0.355469 0.349609 -0.058838
v 0.345703 0.349609 -0.054932
v 0.333984 -0.291016 -0.449219
v -0.695312 -0.095703 0.046387
v -0.707031 -0.094727 0.047363
v -0.703125 -0.103516 0.044922
v -0.699219 -0.087402 0.045410
v -0.675781 -0.127930 0.000694
v 0.161133 0.281250 0.186523
v 0.087891 0.275391 0.144531
v 0.167969 0.277344 0.166016
v 0.074219 0.283203 0.166016
v 0.894531 -0.541016 -0.708984
v -0.447266 -0.114258 0.040772
v -0.400391 -0.345703 0.701172
v -0.392578 -0.347656 0.701172
v -0.578125 -0.529297 0.701172
v 0.373047 0.150391 -0.263672
v 0.380859 0.097168 -0.263672
v 0.361328 0.046631 -0.283203
v 0.470703 0.097168 -0.135742
v 0.177734 0.161133 -0.279297
v 0.355469 0.084473 -0.283203
v 0.180664 0.148438 -0.281250
v 0.133789 -0.153320 0.443359
v 0.132812 -0.171875 0.439453
v 0.092773 -0.195312 0.441406
v -0.914062 -0.071289 -0.030273
v -0.917969 -0.067871 -0.024170
v -0.894531 -0.070312 -0.030029
v -0.902344 -0.129883 -0.009827
v -0.898438 -0.128906 0.010132
v -0.059326 -0.646484 0.708984
v 0.765625 -0.517578 0.693359
v 0.378906 -0.642578 0.705078
v -0.605469 -0.097656 -0.047607
v -0.621094 -0.096680 -0.046631
v -0.617188 -0.088867 -0.046387
v -0.080566 -0.240234 -0.568359
v -0.081055 -0.240234 -0.580078
v -0.080566 -0.261719 -0.580078
v 0.306641 0.162109 0.162109
v 0.376953 0.161133 0.064941
v -0.023315 -0.037109 -0.287109
v -0.017944 -0.041016 -0.273438
v -0.734375 -0.070801 0.037109
v -0.750000 -0.070312 0.036377
v -0.750000 -0.078125 0.041504
v -0.738281 -0.064453 0.029785
v -0.738281 -0.078125 0.043457
v -0.984375 -0.658203 -0.000122
v -0.140625 -0.011719 0.121094
v -0.141602 -0.011292 -0.122070
v 0.197266 0.603516 -0.018921
v 0.201172 0.603516 -0.013611
v 0.202148 0.576172 -0.013672
v 0.168945 -0.241211 0.439453
v -0.824219 -0.098633 -0.036621
v -0.812500 -0.091797 -0.035400
v 0.183594 0.155273 -0.199219
v 0.183594 0.164062 -0.207031
v 0.308594 0.156250 -0.164062
v 0.053955 0.165039 -0.167969
v 0.472656 -0.196289 0.453125
v 0.474609 -0.173828 0.455078
v 0.472656 -0.172852 0.470703
v 0.474609 -0.218750 0.441406
v -0.205078 -0.063965 0.115723
v -0.041992 -0.216797 -0.445312
v -0.041016 -0.239258 -0.445312
v -0.002350 -0.239258 -0.445312
v -0.003845 -0.261719 -0.449219
v -0.005402 -0.217773 -0.445312
v 0.464844 0.179688 -0.105957
v 0.478516 0.173828 0.114746
v 0.482422 0.164062 0.115234
v 0.476562 0.173828 -0.112793
v 0.384766 -0.666016 -0.732422
v 0.384766 -0.669922 -0.728516
v 0.906250 -0.669922 -0.720703
v -0.648438 -0.109375 0.040772
v -0.656250 -0.108398 0.038330
v -0.644531 -0.103027 0.045410
v -0.656250 -0.101562 0.040772
v -0.632812 -0.104492 0.048096
v -0.765625 -0.198242 -0.199219
v 0.174805 0.673828 0.006744
v 0.176758 0.673828 0.005524
v 0.173828 0.673828 0.001301
v 0.180664 0.673828 0.005661
v 0.170898 0.673828 0.003441
v 0.902344 -0.521484 -0.697266
v -0.306641 -0.073242 0.223633
v -0.298828 0.007965 0.120117
v -0.310547 -0.066406 0.220703
v 0.380859 -0.142578 -0.498047
v 0.380859 -0.142578 -0.478516
v 0.417969 -0.142578 -0.478516
v 0.382812 -0.141602 -0.529297
v 0.134766 -0.196289 0.572266
v 0.133789 -0.217773 0.572266
v -0.859375 -0.062500 -0.016235
v -0.878906 -0.057617 -0.000259
v -0.843750 -0.062500 -0.015747
v -0.960938 -0.509766 -0.090820
v -0.968750 -0.419922 -0.094238
v 0.014771 0.050049 0.287109
v 0.029663 0.051025 0.265625
v 0.015991 0.083008 0.283203
v 0.011047 0.048584 0.291016
v 0.180664 0.054443 0.300781
v 0.178711 0.052002 0.277344
v -0.490234 -0.075195 0.222656
v -0.492188 -0.064941 0.221680
v -0.542969 0.006805 0.116699
v -0.306641 0.009369 0.128906
v 0.333984 -0.263672 0.572266
v 0.333984 -0.281250 0.572266
v 0.351562 -0.283203 0.572266
v 0.333984 -0.243164 0.576172
v 0.320312 -0.263672 0.572266
v 0.353516 -0.261719 0.572266
v -0.726562 -0.059815 -0.015869
v -0.714844 -0.060059 -0.015747
v -0.718750 -0.063965 -0.024780
v -0.734375 -0.064453 -0.026489
v -0.742188 -0.057129 -0.009094
v -0.730469 -0.056885 -0.009155
v -0.625000 -0.127930 0.032227
v 0.193359 0.498047 -0.018677
v 0.949219 -0.666016 0.421875
v 1.000000 -0.654297 0.015137
v 0.174805 -0.079102 -0.373047
v -0.455078 -0.140625 -0.014648
v -0.468750 -0.139648 -0.022949
v 0.445312 -0.141602 0.564453
v 0.417969 -0.143555 0.548828
v 0.417969 -0.142578 0.572266
v 0.169922 -0.195312 -0.552734
v -0.800781 -0.070312 0.019898
v -0.796875 -0.067871 0.014526
v -0.804688 -0.063477 0.008606
v -0.812500 -0.062012 0.009216
v -0.824219 -0.120605 -0.024048
v -0.832031 -0.113770 -0.031982
v -0.828125 -0.125000 -0.015259
v -0.839844 -0.122070 -0.025757
v 0.147461 0.517578 0.040283
v 0.154297 0.517578 0.042969
v 0.808594 -0.630859 -0.724609
v 0.886719 -0.548828 -0.712891
v -0.539062 -0.064941 0.033447
v -0.539062 -0.071777 0.041748
v -0.539062 -0.060059 0.023804
v -0.617188 -0.666016 0.720703
v -0.064453 -0.662109 0.720703
v 0.574219 -0.022461 -0.133789
v 0.578125 -0.024292 0.137695
v -0.753906 -0.127930 0.016785
v -0.753906 -0.130859 0.009674
v -0.753906 -0.124023 0.025879
v -0.738281 -0.129883 0.018433
v -0.738281 -0.125000 0.027710
v 0.062988 0.160156 -0.157227
v 0.414062 -0.190430 0.708984
v 0.408203 -0.194336 0.720703
v 0.882812 -0.193359 0.460938
v 0.419922 -0.192383 0.712891
v -0.451172 -0.057129 0.003441
v -0.451172 -0.058350 -0.008057
v -0.447266 -0.057129 -0.001221
v -0.769531 -0.199219 -0.207031
v -0.283203 -0.201172 -0.705078
v -0.421875 -0.335938 -0.705078
v -0.765625 -0.212891 -0.216797
v -0.292969 -0.207031 -0.708984
v 0.203125 0.498047 0.014160
v 0.199219 0.500000 0.017822
v 0.207031 0.498047 0.006500
v -0.929688 -0.103027 0.037598
v -0.925781 -0.108398 0.032105
v -0.921875 -0.094238 0.037354
v -0.789062 -0.201172 -0.193359
v -0.785156 -0.195312 -0.201172
v 0.160156 0.603516 0.007111
v 0.164062 0.626953 0.012878
v 0.158203 0.603516 0.000465
v 0.158203 0.572266 0.000793
v 0.161133 0.576172 0.007507
v 0.441406 -0.292969 -0.478516
v 0.443359 -0.292969 -0.458984
v 0.416016 -0.292969 -0.460938
v -0.632812 -0.097168 0.048096
v -0.617188 -0.096680 0.049561
v -0.609375 -0.088867 0.049561
v -0.068848 -0.292969 0.453125
v -0.082031 -0.292969 0.474609
v 0.443359 -0.142578 -0.460938
v 0.460938 -0.141602 -0.460938
v 0.455078 -0.141602 -0.476562
v 0.443359 -0.142578 -0.447266
v 0.416016 -0.141602 -0.460938
v 0.402344 -0.218750 0.697266
v -0.265625 -0.216797 0.697266
v -0.792969 -0.064941 -0.005554
v -0.789062 -0.061523 0.001501
v -0.792969 -0.063477 -0.007690
v -0.796875 -0.065918 -0.007996
v -0.800781 -0.072754 -0.003357
v -0.710938 -0.355469 0.427734
v 0.225586 0.322266 -0.040772
v 0.478516 -0.208008 0.394531
v 0.439453 -0.026611 0.341797
v 0.582031 -0.025269 -0.134766
v -0.098145 0.180664 -0.108887
v -0.088379 0.181641 0.106445
v -0.000389 0.178711 -0.247070
v -0.087402 0.181641 -0.105469
v 0.007355 0.181641 -0.238281
v -0.115234 -0.211914 -0.416016
v -0.079590 -0.067871 -0.380859
v -0.115234 -0.205078 -0.417969
v 0.172852 -0.206055 -0.427734
v 0.285156 0.347656 0.133789
v 0.289062 0.345703 0.140625
v 0.183594 0.347656 0.155273
v 0.153320 -0.263672 -0.580078
v 0.168945 -0.261719 -0.580078
v 0.153320 -0.281250 -0.583984
v 0.168945 -0.292969 -0.580078
v -0.796875 -0.090332 0.026367
v -0.800781 -0.114258 0.007599
v -0.796875 -0.101074 -0.020752
v -0.796875 -0.082520 -0.023437
v -0.796875 -0.079590 0.022217
v -0.800781 -0.084961 0.026001
v -0.796875 -0.072754 -0.010620
v -0.796875 -0.071777 -0.004517
v -0.796875 -0.071289 0.006256
v -0.796875 -0.074707 -0.015869
v -0.796875 -0.070801 0.001007
v -0.988281 -0.646484 -0.002533
v -0.984375 -0.654297 -0.006958
v 0.090332 -0.140625 0.548828
v 0.156250 -0.140625 0.548828
v 0.472656 -0.242188 -0.568359
v 0.472656 -0.218750 -0.568359
v 0.472656 -0.240234 -0.552734
v 0.470703 -0.263672 -0.568359
v -0.476562 -0.066406 0.031860
v -0.476562 -0.073242 0.039307
v -0.462891 -0.066406 0.029541
v -0.065430 -0.154297 0.441406
v -0.068359 -0.142578 0.441406
v -0.045410 -0.142578 0.441406
v 0.410156 -0.263672 0.441406
v 0.378906 -0.263672 0.441406
v 0.412109 -0.283203 0.441406
v 0.441406 -0.263672 0.443359
v -0.664062 -0.095703 -0.034180
v -0.660156 -0.088867 -0.036865
v -0.667969 -0.095215 -0.029785
v -0.664062 -0.089355 -0.033935
v -0.703125 -0.131836 0.009277
v -0.714844 -0.129883 0.020752
v 0.316406 0.177734 -0.171875
v 0.180664 0.178711 -0.208984
v 0.914062 -0.669922 0.720703
v 0.917969 -0.669922 0.724609
v 0.910156 -0.669922 0.728516
v 0.910156 -0.673828 0.716797
v -0.585938 -0.521484 -0.697266
v -0.585938 -0.529297 -0.697266
v -0.699219 -0.332031 -0.421875
v -0.582031 -0.529297 -0.697266
v 0.347656 0.085938 0.287109
v 0.349609 0.049316 0.292969
v 0.178711 0.044190 0.300781
v -0.878906 -0.077148 0.036133
v -0.882812 -0.070312 0.028442
v -0.086426 -0.024780 -0.363281
v 0.466797 -0.195312 0.576172
v 0.476562 -0.195312 0.572266
v -0.585938 -0.055420 -0.010254
v -0.593750 -0.055908 0.000099
v -0.589844 -0.058594 -0.019897
v -0.597656 -0.056152 -0.009277
v -0.566406 -0.056152 -0.009888
v -0.574219 -0.059326 -0.021484
v -0.107910 -0.259766 -0.728516
v -0.259766 -0.202148 -0.720703
v 0.330078 -0.271484 -0.728516
v 0.333984 -0.277344 -0.728516
v -0.086426 -0.279297 -0.728516
v -0.255859 -0.208984 -0.724609
v 0.359375 0.261719 0.049072
v 0.378906 0.277344 0.050293
v 0.322266 -0.292969 -0.501953
v 0.353516 -0.292969 -0.529297
v -0.718750 -0.118164 0.037354
v -0.664062 -0.117676 -0.022217
v -0.656250 -0.117188 -0.028809
v 0.185547 0.662109 0.020508
v 0.906250 -0.533203 -0.701172
v 0.902344 -0.529297 -0.708984
v 0.906250 -0.525391 -0.705078
v 0.921875 -0.341797 -0.541016
v 0.910156 -0.552734 -0.708984
v -0.097168 -0.269531 0.728516
v 0.466797 0.048828 0.085449
v 0.168945 -0.218750 0.470703
v 0.168945 -0.218750 0.498047
v 0.146484 0.517578 -0.039307
v 0.474609 -0.294922 0.455078
v 0.458984 -0.292969 0.470703
v 0.474609 -0.294922 0.474609
v -0.523438 -0.097168 -0.051269
v -0.531250 -0.087891 -0.049560
v -0.523438 -0.107422 -0.050537
v -0.535156 -0.097656 -0.051025
v 0.470703 -0.143555 0.572266
v 0.462891 -0.141602 0.564453
v 0.320312 -0.172852 -0.568359
v -0.679688 -0.068848 0.027344
v 0.417969 -0.079590 0.361328
v 0.421875 -0.077148 0.384766
v -0.070312 -0.078613 0.359375
v 0.178711 -0.018799 0.310547
v 0.179688 -0.021973 0.345703
v -0.574219 -0.139648 0.018189
v -0.566406 -0.133789 0.030151
v -0.562500 -0.125977 0.038818
v 0.042480 -0.292969 0.548828
v 0.041992 -0.294922 0.564453
v -0.006287 -0.292969 0.544922
v -0.921875 -0.087891 -0.027466
v -0.980469 -0.630859 0.055664
v -0.820312 -0.654297 0.291016
v -0.941406 -0.505859 0.103516
v -0.960938 -0.513672 0.091797
v 0.091309 -0.141602 -0.447266
v 0.091309 -0.140625 -0.457031
v 0.628906 -0.214844 -0.145508
v 0.632812 -0.215820 0.144531
v 0.625000 -0.212891 0.146484
v -0.496094 -0.065430 -0.223633
v -0.496094 -0.075195 -0.228516
v -0.621094 -0.065918 -0.114746
v -0.439453 -0.121094 -0.036621
v 0.322266 -0.261719 -0.580078
v 0.332031 -0.241211 -0.580078
v -0.800781 -0.084473 0.033081
v -0.640625 -0.121094 -0.035400
v -0.648438 -0.119141 -0.033447
v -0.628906 -0.129883 -0.030518
v 0.193359 0.521484 0.019531
v 0.194336 0.501953 0.019897
v 1.000000 -0.517578 -0.004425
v 1.000000 -0.654297 0.008240
v 0.996094 -0.615234 -0.102539
v 1.000000 -0.498047 0.005737
v -0.005768 -0.141602 0.521484
v -0.022949 -0.141602 0.533203
v -0.046631 -0.142578 0.544922
v -0.007202 -0.141602 0.564453
v -0.047607 -0.142578 0.509766
v -0.488281 -0.139648 0.018921
v 0.156250 -0.141602 0.443359
v 0.167969 -0.141602 0.466797
v -0.828125 -0.062012 -0.016357
v -0.820312 -0.062012 -0.016113
v -0.796875 -0.114746 0.020508
v -0.792969 -0.109375 0.027222
v -0.796875 -0.105957 0.023926
v -0.789062 -0.117676 0.024658
v -0.796875 -0.110352 0.018066
v 0.177734 0.662109 -0.019775
v 0.173828 0.673828 -0.012817
v 0.177734 0.666016 -0.018066
v -0.482422 -0.055176 0.002762
v -0.468750 -0.056396 0.000961
v -0.460938 -0.057373 -0.010498
v -0.076172 -0.451172 -0.701172
v -0.507812 -0.505859 -0.701172
v 0.578125 -0.019775 0.136719
v 0.423828 -0.195312 -0.447266
v 0.417969 -0.174805 -0.449219
v -0.609375 -0.314453 -0.116699
v -0.605469 -0.314453 0.120605
v -0.488281 -0.326172 -0.227539
v -0.601562 -0.324219 -0.116211
v -0.617188 -0.072266 0.122070
v 0.597656 -0.335938 -0.716797
v 0.597656 -0.341797 -0.724609
v 0.894531 -0.517578 -0.701172
v -0.128906 0.084961 0.092773
v -0.127930 0.082520 0.088379
v -0.126953 0.081543 -0.088867
v -0.277344 -0.219727 0.697266
v -0.275391 -0.214844 0.693359
v -0.355469 -0.341797 0.701172
v -0.265625 -0.218750 0.697266
v 0.226562 0.328125 -0.043701
v 0.129883 -0.292969 0.470703
v 0.093750 -0.294922 0.468750
v -0.914062 -0.109863 -0.035156
v -0.914062 -0.128906 0.006775
v -0.007721 0.160156 0.257812
v 0.902344 -0.654297 -0.705078
v 0.894531 -0.650391 -0.708984
v 0.378906 -0.654297 -0.705078
v -0.609375 -0.097656 0.050781
v -0.621094 -0.106934 0.047607
v -0.082031 -0.291016 0.576172
v 0.468750 0.095215 -0.143555
v 0.392578 0.090820 -0.257812
v 0.386719 0.094238 -0.261719
v 0.320312 -0.174805 0.453125
v 0.320312 -0.196289 0.453125
v -0.746094 -0.077637 -0.038086
v 0.111816 -0.208984 0.441406
v 0.322266 -0.153320 -0.580078
v 0.322266 -0.142578 -0.580078
v 0.894531 -0.208984 0.455078
v 0.910156 -0.337891 0.552734
v 0.945312 -0.353516 0.335938
v 0.906250 -0.238281 0.462891
v -0.133789 0.043457 0.094727
v -0.068359 -0.142578 -0.568359
v 0.198242 0.666016 0.007355
v 0.196289 0.677734 0.002102
v 0.197266 0.669922 0.013306
v 0.166992 -0.261719 -0.447266
v 0.166016 -0.239258 -0.445312
v -0.621094 -0.560547 -0.712891
v -0.613281 -0.560547 -0.724609
v -0.636719 -0.642578 -0.728516
v -0.609375 -0.533203 -0.720703
v -0.636719 -0.650391 -0.728516
v 0.184570 0.167969 0.205078
v 0.062988 0.160156 0.160156
v 0.460938 -0.172852 -0.449219
v 0.443359 -0.172852 -0.449219
v 0.460938 -0.195312 -0.449219
v 0.460938 -0.154297 -0.449219
v 0.445312 -0.153320 -0.447266
v -0.531250 0.000732 0.113281
v -0.310547 0.000160 0.114258
v -0.312500 -0.000702 -0.112793
v -0.527344 0.000465 -0.109375
v -0.103516 -0.211914 0.396484
v -0.238281 -0.216797 -0.145508
v 0.179688 -0.210938 0.404297
v 0.308594 0.324219 -0.160156
v 0.182617 0.341797 -0.177734
v 0.316406 0.193359 -0.173828
v 0.304688 0.341797 -0.152344
v 0.355469 -0.292969 0.576172
v 0.333984 -0.294922 0.572266
v 0.380859 -0.294922 0.576172
v -0.667969 -0.114746 -0.014038
v -0.601562 -0.513672 0.716797
v -0.292969 -0.198242 0.712891
v -0.423828 -0.330078 0.720703
v -0.710938 -0.322266 0.443359
v -0.714844 -0.326172 0.449219
v -0.609375 -0.529297 0.712891
v -0.777344 -0.200195 0.215820
v 0.161133 0.548828 0.007507
v 0.160156 0.552734 -0.005646
v 0.159180 0.548828 0.001427
v 0.163086 0.521484 -0.007935
v 0.894531 -0.544922 0.689453
v 0.894531 -0.529297 0.689453
v 0.921875 -0.392578 0.376953
v 0.925781 -0.509766 0.390625
v 0.906250 -0.646484 0.705078
v 0.914062 -0.654297 0.400391
v -0.476562 -0.088379 -0.047363
v -0.488281 -0.322266 -0.216797
v -0.314453 -0.322266 -0.215820
v 0.324219 -0.172852 0.468750
v 0.324219 -0.173828 0.494141
v 0.324219 -0.155273 0.521484
v 0.091309 -0.261719 -0.580078
v -0.004089 -0.239258 -0.580078
v 0.044434 -0.240234 -0.580078
v -0.929688 -0.070801 0.017395
v -0.925781 -0.072754 0.021851
v -0.929688 -0.070312 0.023071
v -0.925781 -0.074707 0.011780
v -0.925781 -0.066895 0.014587
v -0.929688 -0.070801 0.006744
v -0.925781 -0.124023 0.004242
v -0.925781 -0.122070 -0.001068
v -0.925781 -0.122070 -0.006226
v -0.925781 -0.120117 0.007813
v -0.925781 -0.124023 -0.002075
v 0.063965 0.339844 0.155273
v 0.451172 -0.294922 -0.572266
v -0.644531 -0.094238 0.045898
v -0.656250 -0.093262 0.042725
v 0.006287 -0.669922 0.320312
v 0.332031 -0.243164 0.443359
v -0.781250 -0.086426 -0.037353
v -0.789062 -0.082031 -0.031738
v -0.769531 -0.093750 -0.039062
v -0.777344 -0.079102 -0.033691
v -0.679688 -0.126953 0.010803
v -0.687500 -0.128906 0.011353
v -0.699219 -0.132812 -0.001297
v 0.878906 -0.200195 0.447266
v -0.265625 -0.217773 -0.693359
v -0.406250 -0.343750 -0.701172
v 0.237305 0.326172 -0.038818
v 0.129883 -0.292969 -0.458984
v 0.153320 -0.292969 -0.458984
v 0.153320 -0.294922 -0.447266
v 0.129883 -0.292969 -0.447266
v 0.128906 -0.292969 -0.476562
v -0.851562 -0.100098 0.041260
v -0.867188 -0.109863 0.037598
v 0.059570 0.157227 0.165039
v -0.083496 -0.166016 0.404297
v -0.076172 -0.076172 0.384766
v -0.080078 -0.167969 0.382812
v 0.863281 -0.224609 0.447266
v 0.421875 -0.217773 0.693359
v 0.863281 -0.226562 0.455078
v -0.660156 -0.076172 -0.016602
v -0.664062 -0.069336 -0.018921
v -0.718750 -0.328125 0.447266
v 0.143555 0.330078 0.035644
v 0.910156 -0.650391 0.701172
v -0.531250 -0.132812 -0.034424
v -0.511719 -0.142578 -0.019409
v -0.519531 -0.132812 -0.034424
v -0.515625 -0.138672 -0.027588
v 0.376953 -0.141602 0.468750
v 0.353516 -0.142578 0.451172
v -0.964844 -0.386719 0.079590
v -0.964844 -0.414062 0.091309
v 0.011963 0.087402 -0.283203
v 0.474609 -0.212891 0.400391
v 0.621094 -0.207031 0.147461
v -0.531250 0.005630 -0.122070
v -0.494141 -0.075195 -0.219727
v -0.306641 -0.065918 -0.222656
v -0.253906 -0.205078 -0.152344
v 0.179688 0.180664 0.269531
v -0.675781 -0.116211 0.031250
v -0.664062 -0.109863 0.032837
v 0.183594 0.673828 0.011780
v 0.186523 0.673828 0.006653
v 1.000000 -0.490234 -0.003662
v 0.949219 -0.341797 0.000488
v -0.082031 -0.067383 0.382812
v -0.312500 -0.308594 0.212891
v -0.574219 -0.320312 0.106934
v -0.318359 -0.318359 0.206055
v -0.480469 -0.308594 0.208008
v 0.382812 -0.142578 -0.576172
v 0.382812 -0.142578 -0.556641
v 0.171875 -0.194336 0.564453
v -0.796875 -0.066406 -0.012451
v -0.816406 -0.116699 0.023560
v -0.824219 -0.118652 0.025391
v -0.812500 -0.111816 0.029785
v -0.804688 -0.117188 0.018066
v -0.804688 -0.114746 0.025391
v -0.812500 -0.121582 0.014160
v 0.081543 0.347656 -0.129883
v 0.183594 0.345703 -0.151367
v 0.906250 -0.642578 0.728516
v -0.550781 -0.058838 -0.020630
v -0.003235 -0.261719 -0.580078
v 0.392578 0.176758 -0.069336
v 0.394531 0.192383 -0.067871
v 0.392578 0.176758 0.071777
v 0.312500 0.165039 0.172852
v 0.390625 0.163086 0.071777
v 0.312500 0.178711 0.174805
v -0.703125 -0.070801 0.037842
v -0.687500 -0.072266 0.037354
v -0.957031 -0.607422 -0.080078
v -0.992188 -0.654297 -0.010010
v -0.964844 -0.595703 -0.076660
v -0.929688 -0.509766 -0.116211
v -0.812500 -0.630859 -0.294922
v 0.169922 -0.141602 0.453125
v 0.168945 -0.141602 0.441406
v 0.170898 -0.153320 0.472656
v 0.882812 -0.209961 -0.462891
v 0.435547 -0.209961 -0.705078
v 0.593750 -0.341797 -0.712891
v -0.925781 -0.101074 -0.030518
v 0.043213 -0.140625 -0.476562
v -0.628906 -0.060303 -0.019287
v 0.208008 0.572266 -0.000107
v 0.320312 -0.281250 -0.521484
v -0.792969 -0.092773 0.034912
v -0.800781 -0.086914 0.028931
v -0.789062 -0.098633 0.038574
v -0.792969 -0.085449 0.035645
v -0.656250 -0.122070 -0.023926
v -0.433594 -0.099609 0.031982
v -0.925781 -0.096680 0.024292
v -0.431641 -0.092285 0.031006
v -0.279297 -0.207031 0.724609
v -0.777344 -0.111816 0.033936
v 0.173828 0.673828 -0.006043
v 0.176758 0.673828 -0.003571
v 0.174805 0.673828 -0.002655
v 0.470703 -0.226562 0.400391
v 0.632812 -0.223633 0.146484
v -0.226562 -0.024902 -0.141602
v -0.223633 -0.019531 -0.141602
v -0.229492 -0.024048 0.141602
v -0.007568 -0.291016 -0.449219
v -0.005859 -0.279297 -0.447266
v 0.474609 -0.142578 0.564453
v 0.474609 -0.153320 0.572266
v 0.386719 -0.172852 -0.580078
v 0.361328 -0.172852 -0.580078
v 0.355469 -0.154297 -0.580078
v 0.423828 -0.194336 -0.580078
v 0.390625 -0.193359 -0.580078
v -0.037842 0.052734 0.259766
v -0.022949 0.053223 0.234375
v -0.527344 -0.141602 0.019898
v 0.091309 -0.294922 0.517578
v -0.773438 -0.245117 -0.240234
v -0.714844 -0.332031 -0.435547
v -0.714844 -0.339844 -0.431641
v -0.777344 -0.210938 -0.203125
v -0.773438 -0.209961 -0.213867
v -0.832031 -0.365234 -0.269531
v -0.015747 0.257812 0.050537
v 0.005127 0.275391 0.048828
v -0.804688 -0.677734 -0.300781
v 0.925781 -0.677734 -0.443359
v 0.988281 -0.673828 0.002819
v -0.585938 -0.116211 0.045410
v -0.585938 -0.125000 0.039063
v -0.601562 -0.125977 0.038574
v 0.593750 -0.025147 -0.139648
v 0.176758 -0.029053 -0.365234
v 0.396484 -0.208008 0.724609
v 0.400391 -0.201172 0.716797
v -0.265625 -0.202148 0.716797
v -0.726562 -0.055176 0.001080
v -0.738281 -0.056152 0.002008
v -0.035400 0.050049 -0.259766
v -0.079590 -0.153320 -0.447266
v -0.079102 -0.171875 -0.445312
v -0.063965 -0.172852 -0.447266
v -0.066406 -0.155273 -0.447266
v -0.080566 -0.141602 -0.445312
v -0.080078 -0.154297 -0.457031
v 0.190430 0.630859 0.020386
v 0.190430 0.654297 0.019287
v 0.197266 0.662109 0.015930
v -0.796875 -0.071289 0.008026
v -0.796875 -0.093750 0.000221
v -0.832031 -0.126953 -0.008606
v -0.820312 -0.125977 0.000801
v 0.184570 0.165039 0.208984
v 0.180664 0.181641 0.211914
v -0.012756 0.157227 0.066894
v 0.380859 -0.141602 -0.460938
v 0.353516 -0.142578 -0.462891
v 0.351562 -0.142578 -0.447266
v 0.355469 -0.141602 -0.480469
v -0.527344 -0.056641 0.012207
v -0.081055 -0.196289 0.521484
v -0.081055 -0.173828 0.521484
v -0.081055 -0.218750 0.525391
v 0.363281 0.341797 0.063477
v 0.287109 0.347656 -0.131836
v 0.343750 0.345703 -0.053955
v 0.351562 0.347656 0.059814
v 0.353516 0.345703 -0.056885
v 0.353516 -0.283203 0.439453
v 0.376953 -0.283203 0.441406
v 0.351562 -0.263672 0.441406
v -0.699219 -0.094727 -0.041260
v -0.691406 -0.110352 -0.036377
v -0.699219 -0.102051 -0.040771
v -0.796875 -0.114258 0.009460
v 0.878906 -0.529297 0.697266
v 0.882812 -0.525391 0.693359
v -0.466797 -0.067383 -0.030273
v -0.578125 -0.560547 -0.701172
v -0.582031 -0.541016 -0.701172
v -0.589844 -0.541016 -0.701172
v 0.371094 -0.172852 0.441406
v 0.345703 -0.173828 0.441406
v 0.355469 -0.142578 0.443359
v 0.110840 -0.221680 0.318359
v 0.832031 -0.222656 -0.107422
v 0.100586 -0.222656 -0.097168
v -0.921875 -0.093750 0.039551
v -0.925781 -0.086426 0.035889
v -0.925781 -0.080566 0.033203
v -0.996094 -0.382812 -0.007812
v -0.988281 -0.378906 -0.016479
v -0.789062 -0.209961 -0.207031
v -0.835938 -0.361328 -0.273438
v 0.003113 0.082031 0.285156
v -0.542969 0.011780 0.121094
v -0.796875 -0.105469 -0.023071
v -0.792969 -0.109375 -0.024902
v -0.656250 -0.115723 0.032715
v 0.992188 -0.505859 0.013306
v 0.941406 -0.359375 0.365234
v -0.076172 -0.073242 -0.382812
v -0.316406 -0.312500 -0.211914
v -0.225586 -0.320312 -0.108398
v -0.322266 -0.322266 -0.204102
v -0.314453 -0.075684 -0.210938
v 0.417969 -0.141602 0.498047
v 0.417969 -0.143555 0.525391
v 0.169922 -0.240234 -0.580078
v 0.170898 -0.217773 -0.568359
v -0.800781 -0.076172 0.017700
v -0.785156 -0.120605 -0.015869
v 0.086426 0.259766 0.146484
v -0.480469 -0.116699 0.042725
v 0.044190 -0.294922 0.576172
v -0.006683 -0.292969 0.564453
v -0.007385 -0.294922 0.576172
v 0.375000 0.160156 -0.263672
v 0.349609 -0.196289 0.441406
v 0.402344 -0.196289 0.441406
v -0.660156 -0.075684 -0.031250
v 0.898438 -0.333984 0.552734
v -0.445312 -0.057617 -0.010254
v -0.277344 -0.190430 -0.705078
v -0.285156 -0.192383 -0.708984
v 0.192383 0.673828 0.004852
v 0.190430 0.673828 0.005951
v -0.898438 -0.091309 0.040283
v -0.796875 -0.115723 0.004532
v -0.582031 -0.072266 -0.037842
v -0.042236 -0.291016 -0.572266
v -0.043701 -0.292969 -0.552734
v 0.490234 0.042725 -0.094238
v 0.494141 0.043945 0.097168
v 0.474609 0.095703 0.146484
v 0.332031 -0.195312 -0.449219
v 0.320312 -0.195312 -0.449219
v -0.703125 -0.078613 0.042481
v -0.554688 -0.143555 0.008759
v -0.570312 -0.143555 0.007843
v -0.566406 -0.144531 -0.003021
v -0.570312 -0.143555 -0.013550
v -0.582031 -0.142578 -0.013123
v -0.578125 -0.144531 -0.001175
v 0.322266 -0.142578 0.564453
v 0.906250 -0.227539 -0.460938
v -0.003296 0.339844 -0.063477
v -0.002670 0.341797 0.065430
v 0.074707 0.351562 0.145508
v -0.065918 -0.238281 0.576172
v 0.166992 -0.292969 0.453125
v -0.820312 -0.112793 -0.031494
v -0.824219 -0.106934 -0.035889
v -0.492188 -0.072266 -0.038574
v -0.490234 -0.081055 -0.045166
v -0.042969 -0.172852 -0.447266
v 0.382812 -0.283203 -0.583984
v -0.664062 -0.081543 0.024902
v -0.664062 -0.074707 0.029907
v -0.664062 -0.079102 0.035156
v -0.664062 -0.087891 0.027100
v -0.593750 -0.521484 -0.708984
v -0.707031 -0.328125 -0.437500
v 0.166992 0.498047 0.011841
v 0.171875 0.521484 0.017212
v -0.554688 -0.139648 0.019653
v -0.542969 -0.140625 0.020508
v -0.539062 -0.135742 0.029297
v -0.550781 -0.133789 0.030884
v 0.042725 -0.140625 0.476562
v -0.902344 -0.058105 -0.001572
v -0.785156 -0.202148 0.203125
v 0.006012 0.341797 -0.061523
v 0.462891 -0.294922 0.494141
v 0.445312 -0.292969 0.496094
v 0.390625 0.094727 0.265625
v 0.398438 -0.190430 -0.708984
v -0.267578 -0.191406 -0.712891
v 0.400391 -0.190430 -0.705078
v -0.765625 -0.058350 0.003090
v -0.765625 -0.059326 0.013245
v -0.753906 -0.057373 0.002166
v -0.613281 -0.666016 -0.728516
v -0.621094 -0.666016 -0.728516
v -0.059326 -0.669922 -0.724609
v 0.177734 -0.037353 0.292969
v 0.382812 -0.035400 0.289062
v 0.878906 -0.241211 -0.439453
v -0.021606 -0.031738 0.285156
v -0.115723 -0.201172 0.414062
v -0.090332 -0.166992 0.396484
v -0.088379 -0.028320 0.365234
v 0.226562 0.517578 -0.044922
v 0.228516 0.326172 -0.047607
v 0.235352 0.326172 -0.045410
v 0.153320 -0.292969 0.564453
v 0.153320 -0.292969 0.576172
v -0.800781 -0.073730 -0.008362
v -0.765625 -0.127930 0.009827
v -0.765625 -0.129883 -0.000290
v 0.474609 -0.196289 0.560547
v 0.472656 -0.218750 0.544922
v -0.478516 -0.064941 -0.028686
v 0.043945 -0.217773 -0.580078
v -0.003311 -0.196289 -0.580078
v 0.357422 0.180664 0.245117
v 0.457031 0.180664 0.106934
v 0.179688 0.182617 0.001902
v 0.416016 -0.292969 -0.449219
v 0.380859 -0.292969 -0.462891
v -0.664062 -0.108398 0.034424
v 0.177734 0.650391 0.020508
v 0.189453 0.662109 0.018799
v 0.183594 0.650391 0.020630
v -0.429688 -0.075684 0.034668
v 0.859375 -0.225586 -0.006836
v 0.855469 -0.223633 0.441406
v -0.867188 -0.085449 -0.036621
v -0.859375 -0.094238 -0.041748
v -0.871094 -0.092773 -0.038574
v -0.875000 -0.078125 -0.036865
v -0.996094 -0.396484 -0.007874
v -1.000000 -0.662109 -0.002045
v 0.130859 -0.140625 0.494141
v -0.617188 -0.060303 0.020752
v -0.605469 -0.056152 0.011353
v -0.263672 -0.193359 0.716797
v 0.394531 -0.201172 0.724609
v 0.400391 -0.192383 0.720703
v -0.100098 -0.259766 0.732422
v 0.324219 -0.263672 0.521484
v 0.322266 -0.241211 0.521484
v 0.190430 0.277344 -0.166016
v 0.910156 -0.638672 0.724609
v 0.910156 -0.642578 0.720703
v -0.433594 -0.116211 -0.029297
v -0.439453 -0.127930 -0.029175
v -0.410156 -0.343750 -0.720703
v 0.168945 -0.195312 -0.445312
v -0.527344 -0.079590 0.047607
v -0.539062 -0.079590 0.047607
v -0.554688 -0.088379 0.052002
v 0.472656 -0.143555 -0.552734
v 0.324219 -0.197266 0.521484
v 0.322266 -0.242188 0.544922
v 0.324219 -0.218750 0.521484
v -0.753906 -0.215820 -0.187500
v 0.228516 0.318359 -0.040527
v 0.230469 0.320312 -0.044434
v 0.482422 -0.034668 0.112305
v -0.096680 0.182617 0.108887
v -0.582031 -0.139648 -0.022949
v -0.597656 -0.132812 -0.031738
v -0.585938 -0.132812 -0.032715
v -0.570312 -0.138672 -0.022949
v -0.812500 -0.517578 0.296875
v 0.427734 -0.217773 0.443359
v -0.609375 -0.065430 0.109375
v -0.535156 0.009888 0.116211
v -0.433594 -0.127930 0.005539
v -0.433594 -0.122559 -0.003998
v 0.320312 -0.261719 -0.525391
v 0.320312 -0.241211 -0.513672
v 0.322266 -0.261719 -0.501953
v -0.789062 -0.085938 0.037842
v 0.220703 0.513672 0.040771
v 0.996094 -0.658203 -0.012817
v -0.048096 -0.140625 0.474609
v -0.008606 -0.142578 0.494141
v -0.067871 -0.142578 0.488281
v -0.067871 -0.141602 0.453125
v 0.355469 -0.142578 -0.572266
v 0.333984 -0.142578 -0.572266
v 0.170898 -0.197266 0.544922
v -0.804688 -0.116211 0.015991
v 0.154297 0.525391 -0.040039
v 0.382812 -0.658203 -0.732422
v 0.431641 -0.023315 0.335938
v -0.667969 -0.074219 0.032593
v -0.671875 -0.068848 0.027954
v -0.679688 -0.120117 -0.022705
v 0.470703 -0.171875 -0.568359
v -0.014893 0.248047 -0.056885
v -0.016357 0.257812 0.053467
v -0.421875 -0.335938 0.728516
v 0.091797 -0.292969 0.494141
v -0.867188 -0.128906 -0.009827
v -0.847656 -0.127930 -0.009583
v -0.574219 -0.097656 0.052490
v -0.570312 -0.088379 0.051270
v -0.080566 -0.240234 0.525391
v -0.081055 -0.242188 0.500000
v -0.714844 -0.071289 -0.033203
v -0.707031 -0.069824 -0.031250
v -0.730469 -0.071777 -0.033447
v -0.718750 -0.077637 -0.038086
v 0.910156 -0.521484 0.705078
v 0.902344 -0.330078 0.560547
v 0.000469 0.328125 -0.062988
v -0.018066 0.196289 -0.067871
v -0.081543 -0.142578 -0.478516
v 0.229492 0.521484 0.037109
v 0.166992 -0.281250 -0.447266
v 0.151367 -0.281250 -0.447266
v 0.168945 -0.292969 -0.449219
v -0.773438 -0.098145 0.042236
v -0.777344 -0.105469 0.040039
v -0.632812 -0.646484 -0.724609
v -0.609375 -0.552734 -0.681641
v -0.812500 -0.654297 -0.296875
v 0.314453 0.164062 -0.170898
v -0.075195 -0.458984 0.701172
v 0.337891 -0.533203 0.701172
v 0.562500 -0.367188 0.697266
v -0.664062 -0.110840 -0.018188
v -0.667969 -0.113281 -0.021973
v -0.664062 -0.104980 -0.021851
v -0.726562 -0.125977 0.027710
v 0.875000 -0.242188 0.437500
v 0.882812 -0.347656 0.537109
v 0.929688 -0.388672 -0.002930
v -0.710938 -0.332031 -0.417969
v -0.773438 -0.191406 -0.204102
v -0.777344 -0.194336 -0.209961
v -0.781250 -0.201172 -0.213867
v -0.785156 -0.203125 -0.210938
v 0.168945 0.669922 0.005508
v 0.163086 0.666016 0.000267
v 0.472656 -0.263672 -0.501953
v -0.593750 -0.080078 0.046631
v -0.597656 -0.089844 0.049805
v 0.462891 -0.142578 -0.449219
v -0.589844 -0.607422 0.732422
v -0.470703 -0.133789 -0.031006
v -0.458984 -0.137695 -0.022949
v 0.168945 -0.292969 -0.572266
v 0.130859 -0.294922 -0.552734
v -0.789062 -0.111816 0.030640
v -0.992188 -0.669922 -0.002258
v -0.992188 -0.669922 0.000809
v -0.996094 -0.666016 -0.007019
v 0.155273 -0.171875 0.572266
v 0.132812 -0.172852 0.576172
v 0.472656 -0.261719 -0.525391
v -0.464844 -0.073242 0.039795
v -0.480469 -0.081055 0.047607
v 0.371094 0.339844 -0.063477
v 0.294922 0.349609 -0.141602
v 0.369141 0.339844 0.064453
v 0.378906 0.326172 0.068359
v -0.628906 -0.087402 -0.043945
v -0.640625 -0.088867 -0.042236
v -0.667969 -0.125977 0.008148
v -0.443359 -0.098145 -0.046875
v -0.414062 -0.339844 -0.720703
v 0.169922 -0.176758 -0.423828
v -0.089844 -0.174805 -0.414062
v 0.480469 -0.206055 -0.419922
v -0.867188 -0.071289 0.030151
v -0.847656 -0.065918 0.024902
v -0.867188 -0.064453 0.023438
v 0.357422 -0.153320 0.572266
v -0.609375 -0.056641 -0.000061
v -0.080078 -0.195312 -0.583984
v -0.066895 -0.172852 -0.583984
v -0.080566 -0.217773 -0.576172
v -0.081543 -0.217773 -0.572266
v 0.345703 0.345703 0.056641
v -0.714844 -0.095215 0.046631
v -0.597656 -0.138672 -0.023682
v -0.593750 -0.125000 -0.039307
v 0.183594 0.630859 0.021484
v 0.183594 0.603516 0.022095
v 0.917969 -0.337891 -0.552734
v -0.425781 -0.073730 0.017517
v -0.921875 -0.074707 0.010803
v -0.076172 -0.312500 0.701172
v 0.498047 -0.010620 -0.120117
v 0.496094 -0.021851 0.118652
v 0.384766 -0.008606 -0.291016
v 0.384766 0.044678 -0.267578
v 0.474609 0.045898 -0.137695
v 0.496094 -0.011414 0.122559
v 0.153320 -0.218750 0.441406
v -0.796875 -0.084961 -0.028931
v -0.804688 -0.083496 -0.032959
v -0.828125 -0.114746 0.031494
v 0.083496 0.257812 -0.145508
v 0.083008 0.275391 -0.143555
v 0.980469 -0.673828 0.008148
v 0.984375 -0.666016 0.007385
v -0.488281 -0.312500 -0.218750
v -0.043945 -0.261719 -0.447266
v 0.464844 -0.141602 0.521484
v 0.363281 -0.195312 -0.580078
v 0.332031 -0.218750 -0.580078
v -0.625000 -0.662109 -0.720703
v -0.026001 -0.010620 0.296875
v -0.601562 -0.131836 0.031250
v -0.613281 -0.129883 0.032593
v -0.005615 -0.281250 0.576172
v 0.044190 -0.283203 0.572266
v -0.921875 -0.081055 -0.022095
v -0.917969 -0.125977 0.004089
v -0.917969 -0.125000 0.011353
v 0.174805 0.169922 -0.279297
v 0.176758 0.180664 -0.267578
v 0.376953 -0.673828 0.720703
v -0.067383 -0.673828 0.724609
v -0.625000 -0.673828 0.720703
v 0.906250 -0.673828 0.720703
v -0.648438 -0.094727 -0.040283
v -0.082031 -0.263672 -0.498047
v 0.462891 0.085449 0.154297
v 0.468750 0.088867 0.152344
v -0.753906 -0.065430 0.028931
v -0.765625 -0.071289 0.034912
v -0.761719 -0.077148 0.040283
v -0.578125 -0.318359 -0.104004
v -0.402344 -0.318359 -0.001129
v -0.582031 -0.312500 0.108887
v 0.157227 -0.140625 0.472656
v 0.155273 -0.141602 0.498047
v 0.171875 -0.142578 0.494141
v 0.421875 -0.202148 -0.705078
v 0.878906 -0.203125 -0.458984
v -0.132812 0.046875 0.090820
v -0.134766 0.046875 -0.090332
v -0.135742 0.042725 0.097168
v -0.081543 -0.142578 0.453125
v -0.082031 -0.155273 0.453125
v -0.082520 -0.142578 0.470703
v -0.081543 -0.142578 0.443359
v 0.193359 0.673828 -0.012878
v 0.199219 0.666016 -0.011597
v -0.246094 -0.218750 0.147461
v -0.843750 -0.093750 -0.039795
v 0.472656 -0.153320 0.468750
v 0.472656 -0.154297 0.453125
v -0.535156 0.008606 -0.115723
v -0.308594 0.007538 -0.127930
v -0.306641 0.009705 -0.118164
v -0.304688 0.010864 0.119629
v -0.041260 -0.194336 -0.445312
v -0.065918 -0.194336 -0.447266
v -0.002823 -0.195312 -0.445312
v 0.457031 0.180664 -0.104492
v -0.769531 -0.189453 -0.189453
v -0.777344 -0.191406 -0.194336
v -0.765625 -0.189453 -0.201172
v -0.765625 -0.189453 0.193359
v 0.169922 0.548828 0.017822
v 0.175781 0.576172 0.022095
v 0.964844 -0.513672 -0.000824
v -0.613281 -0.654297 0.712891
v 0.030762 0.076660 0.263672
v 0.460938 -0.217773 -0.449219
v 0.445312 -0.217773 -0.449219
v 0.447266 -0.195312 -0.449219
v -0.554688 -0.080566 0.049072
v -0.437500 -0.121582 0.002533
v -0.437500 -0.119629 0.012085
v -0.613281 -0.124023 0.040039
v 1.000000 -0.521484 0.028198
v -0.045166 -0.141602 -0.572266
v -0.007507 -0.141602 -0.572266
v -0.445312 -0.135742 -0.020264
v 0.363281 0.169922 0.253906
v -0.753906 -0.056641 0.012146
v -0.765625 -0.062012 0.020020
v 0.169922 0.646484 0.017212
v 0.585938 -0.341797 -0.693359
v -0.089355 -0.449219 0.732422
v -0.066895 -0.654297 0.736328
v 0.566406 -0.013245 -0.132812
v 0.566406 -0.013611 0.132812
v 0.431641 -0.013550 -0.335938
v 0.578125 -0.015137 0.135742
v -0.738281 -0.131836 0.008331
v -0.726562 -0.129883 0.020386
v 0.228516 0.322266 0.033203
v 0.231445 0.328125 -0.036865
v 0.090332 -0.292969 -0.505859
v 0.092285 -0.294922 -0.480469
v -0.925781 -0.114258 0.026611
v 0.332031 -0.294922 0.453125
v -0.750000 -0.108398 -0.038086
v -0.738281 -0.109375 -0.039307
v -0.742188 -0.117188 -0.033691
v -0.753906 -0.116699 -0.032227
v -0.761719 -0.108887 -0.037842
v -0.757812 -0.101562 -0.040039
v 0.910156 -0.548828 0.712891
v 0.906250 -0.529297 0.705078
v 0.445312 0.080566 0.148438
v 0.154297 -0.194336 -0.447266
v 0.167969 -0.217773 -0.445312
v 0.153320 -0.172852 -0.447266
v -0.804688 -0.077637 0.032349
v -0.761719 -0.115723 -0.031738
v -0.742188 -0.125000 -0.025391
v 0.992188 -0.650391 0.002571
v 0.988281 -0.529297 -0.005981
v 0.988281 -0.658203 0.002728
v 0.941406 -0.654297 -0.453125
v -0.045898 -0.142578 0.576172
v -0.005493 -0.216797 0.439453
v -0.005371 -0.263672 0.441406
v 0.384766 -0.154297 0.572266
v -0.667969 -0.067383 -0.005981
v -0.808594 -0.673828 0.285156
v -0.808594 -0.666016 0.287109
v -0.069824 -0.022461 -0.332031
v -0.198242 -0.020264 -0.135742
v 0.179688 -0.022095 -0.345703
v -0.071777 -0.028687 -0.337891
v -0.921875 -0.091797 0.026367
v -0.777344 -0.202148 0.214844
v 0.161133 0.626953 0.006958
v 0.160156 0.630859 0.000496
v 0.160156 0.603516 -0.006287
v 0.160156 0.576172 -0.007141
v 0.462891 -0.294922 0.525391
v 0.443359 -0.292969 0.525391
v 0.406250 -0.218750 -0.693359
v 0.402344 -0.218750 -0.693359
v 0.414062 -0.221680 -0.693359
v -0.265625 -0.215820 -0.689453
v 0.107422 -0.223633 -0.384766
v -0.750000 -0.060059 0.020874
v -0.632812 -0.638672 -0.732422
v 0.182617 0.183594 0.261719
v 0.178711 0.181641 -0.257812
v 0.359375 0.179688 -0.242188
v 0.882812 -0.192383 -0.455078
v 0.890625 -0.191406 -0.445312
v -0.009705 0.298828 -0.058838
v -0.470703 -0.124023 0.037109
v -0.484375 -0.132812 0.029785
v -0.996094 -0.646484 0.002571
v -0.992188 -0.642578 -0.000488
v -0.996094 -0.517578 -0.000427
v 0.910156 -0.666016 -0.720703
v -0.482422 -0.126953 0.037354
v -0.597656 -0.521484 0.720703
v 0.042969 -0.141602 -0.576172
v 0.472656 -0.196289 0.494141
v 0.474609 -0.193359 0.468750
v 0.472656 -0.172852 0.496094
v -0.080566 -0.240234 -0.552734
v -0.664062 -0.120117 0.001577
v -0.664062 -0.120605 -0.005402
v -0.139648 -0.030762 0.117676
v -0.134766 -0.033691 -0.116699
v -0.134766 -0.033691 0.114258
v -0.138672 -0.030762 -0.119141
v 0.178711 -0.013123 -0.302734
v 0.484375 -0.204102 0.417969
v 0.179688 -0.212891 0.425781
v 0.177734 -0.206055 0.427734
v 0.164062 0.500000 -0.006531
v 0.439453 -0.014526 0.349609
v -0.664062 -0.062500 0.008820
v -0.667969 -0.065918 0.001595
v -0.664062 -0.062012 -0.003601
v 0.867188 -0.226562 -0.437500
v -0.203125 -0.017456 0.135742
v 0.092773 -0.283203 0.572266
v 0.092773 -0.292969 0.576172
v -0.429688 -0.079590 -0.023193
v -0.917969 -0.083984 -0.023560
v 0.460938 -0.294922 -0.449219
v -0.314453 -0.075195 0.210938
v -0.203125 -0.322266 0.119141
v -0.201172 -0.322266 -0.114746
v -0.703125 -0.064453 -0.024170
v -0.625000 -0.131836 0.024170
v -0.033935 0.089844 -0.253906
v -0.103516 0.095215 -0.143555
v 0.198242 0.283203 0.189453
v 0.196289 0.281250 0.167969
v 0.281250 0.275391 0.146484
v -0.949219 -0.513672 -0.088867
v 0.867188 -0.231445 -0.460938
v -0.515625 -0.055908 0.001701
v -0.043213 -0.154297 0.576172
v 0.205078 0.662109 -0.000931
v 0.044678 -0.173828 -0.447266
v 0.045410 -0.195312 -0.445312
v 0.093262 -0.172852 -0.445312
v -0.925781 -0.066895 0.024414
v -0.882812 -0.127930 -0.008301
v -0.882812 -0.128906 -0.001648
v 0.053955 0.196289 0.166992
v 0.056396 0.179688 0.167969
v -0.083008 -0.283203 0.728516
v 0.324219 -0.196289 0.496094
v 0.320312 -0.196289 0.468750
v 0.324219 -0.173828 0.521484
v -0.482422 -0.320312 0.216797
v 0.333984 -0.142578 -0.462891
v 0.339844 -0.141602 -0.486328
v 0.320312 -0.142578 -0.458984
v 0.910156 -0.337891 0.556641
v -0.128906 0.085449 -0.090820
v -0.133789 0.041260 -0.096191
v -0.294922 -0.200195 -0.712891
v 0.195312 0.673828 0.005951
v -0.800781 -0.079102 0.028809
v -0.761719 -0.216797 0.188477
v 0.137695 0.322266 0.039307
v 0.141602 0.320312 -0.040527
v 0.371094 -0.034668 -0.250000
v 0.867188 -0.193359 0.447266
v 0.120117 -0.199219 0.421875
v -0.267578 -0.192383 0.697266
v 0.447266 -0.294922 0.548828
v -0.652344 -0.089355 -0.040039
v -0.710938 -0.125000 0.030151
v -0.195312 -0.019531 0.133789
v -0.202148 -0.022705 -0.135742
v -0.503906 -0.144531 -0.010437
v -0.832031 -0.061523 0.016052
v -0.847656 -0.062012 0.014771
v -0.632812 -0.673828 0.720703
v -0.812500 -0.673828 0.289062
v 0.464844 -0.242188 0.441406
v 0.453125 -0.240234 0.443359
v -0.081055 -0.172852 -0.458984
v -0.081055 -0.154297 -0.476562
v 0.298828 0.341797 0.149414
v 0.406250 -0.208008 -0.724609
v 0.996094 -0.666016 0.000069
v -0.194336 -0.071289 0.122070
v -0.200195 -0.063965 -0.116699
v -0.104492 -0.225586 0.394531
v 0.177734 -0.220703 0.419922
v 0.371094 0.169922 -0.263672
v -0.812500 -0.060547 0.001312
v 0.177734 0.650391 -0.020630
v 0.472656 -0.281250 0.576172
v 0.177734 -0.027100 0.355469
v 0.177734 -0.205078 0.404297
v -0.679688 -0.071289 0.034424
v -0.742188 -0.129883 -0.017700
v 0.155273 -0.141602 0.525391
v 0.470703 -0.194336 -0.568359
v 0.470703 -0.172852 -0.552734
v -0.925781 -0.108887 -0.030762
v -0.921875 -0.114258 -0.030273
v -0.613281 -0.072754 -0.110352
v -0.609375 -0.071777 0.112793
v 0.449219 -0.142578 0.552734
v 0.449219 -0.142578 0.525391
v 0.464844 -0.143555 0.548828
v -0.601562 -0.314453 -0.110352
v 0.178711 0.052490 0.300781
v 0.343750 0.050781 0.291016
v 0.878906 -0.192383 -0.443359
v 0.871094 -0.194336 -0.007568
v 0.890625 -0.193359 -0.006836
v -0.068848 -0.013916 0.341797
v 0.177734 -0.012024 0.347656
v -0.204102 -0.012817 0.135742
v -0.215820 -0.014404 0.138672
v -0.080078 -0.014893 0.355469
v -0.996094 -0.658203 0.011780
v 0.130859 -0.154297 -0.447266
v 0.132812 -0.172852 -0.447266
v 0.131836 -0.140625 -0.443359
v 0.093750 -0.153320 -0.445312
v -0.494141 -0.057861 0.013001
v -0.066895 -0.154297 -0.583984
v -0.068848 -0.142578 -0.583984
v 0.207031 0.626953 -0.000900
v 0.417969 -0.261719 -0.449219
v 0.443359 -0.283203 -0.447266
v 0.423828 -0.240234 -0.447266
v 0.394531 -0.245117 -0.447266
v -0.667969 -0.090332 0.030762
v -0.660156 -0.096680 0.038330
v -0.687500 -0.116699 -0.031250
v -0.679688 -0.115723 -0.028809
v -0.667969 -0.116699 -0.023437
v 0.223633 0.521484 0.035644
v -0.421875 -0.335938 0.720703
v -0.417969 -0.339844 0.720703
v -0.289062 -0.209961 0.720703
v -0.421875 -0.332031 0.708984
v 0.234375 0.322266 -0.040039
v -0.129883 -0.039307 0.114746
v -0.781250 -0.209961 -0.185547
v -0.980469 -0.382812 -0.007324
v -0.980469 -0.378906 -0.005310
v 0.092285 -0.139648 0.564453
v 0.472656 -0.153320 -0.529297
v 0.472656 -0.154297 -0.501953
v -0.699219 -0.109863 -0.037842
v -0.597656 -0.141602 0.006775
v 0.002930 0.083008 -0.281250
v -0.011047 0.150391 -0.261719
v 0.180664 0.081055 -0.294922
v 0.097168 0.014038 -0.302734
v -0.030884 -0.008789 -0.289062
v 0.384766 -0.662109 -0.720703
v 0.384766 -0.019775 0.291016
v 0.178711 -0.030029 0.300781
v 0.476562 -0.225586 -0.408203
v -0.777344 -0.077637 0.038086
v 0.145508 0.322266 -0.033203
v -0.507812 -0.099609 0.049316
v -0.006622 -0.281250 0.439453
v -0.215820 -0.014526 -0.137695
v 0.129883 -0.261719 -0.583984
v -0.925781 -0.073242 0.003899
v -0.816406 -0.650391 -0.296875
v 0.427734 -0.216797 -0.447266
v -0.081543 -0.173828 0.470703
v -0.081055 -0.153320 0.441406
v -0.081543 -0.154297 0.472656
v 0.204102 0.662109 -0.007141
v -0.091309 -0.279297 0.736328
v -0.597656 -0.533203 0.705078
v 0.146484 0.322266 0.030518
v -0.205078 -0.071289 -0.113770
v -0.202148 -0.070801 0.117188
v -0.204102 -0.312500 0.116699
v -0.081543 -0.261719 -0.474609
v 0.169922 -0.217773 -0.580078
v 0.170898 -0.195312 -0.580078
v 0.170898 -0.194336 -0.572266
v 0.170898 -0.172852 -0.572266
v -0.800781 -0.065918 0.007385
v -0.785156 -0.124023 -0.010132
v 0.183594 0.353516 0.167969
v 0.289062 0.351562 0.135742
v 0.182617 0.353516 0.156250
v 0.882812 -0.521484 -0.689453
v 0.439453 -0.027954 -0.339844
v 0.437500 -0.024536 -0.337891
v 0.470703 -0.208984 -0.396484
v 0.625000 -0.207031 -0.144531
v 0.174805 -0.028442 -0.351562
v 0.431641 -0.241211 0.441406
v -0.660156 -0.083008 -0.035400
v 0.474609 -0.142578 0.453125
v 0.474609 -0.153320 0.494141
v -0.015747 0.253906 -0.053711
v -0.010986 0.287109 -0.057373
v -0.013123 0.279297 0.052490
v -0.013733 0.281250 -0.052734
v -0.079590 -0.196289 -0.525391
v 0.225586 0.517578 0.040039
v 0.224609 0.521484 -0.035400
v -0.882812 -0.110352 0.037354
v -0.265625 -0.201172 -0.716797
v 0.472656 0.162109 0.112793
v 0.472656 0.162109 -0.111328
v 0.320312 -0.172852 -0.458984
v 0.404297 -0.189453 0.712891
v 0.167969 -0.283203 0.472656
v -0.707031 -0.333984 0.445312
v -0.765625 -0.209961 0.214844
v -0.100586 0.170898 -0.109863
v -0.007385 0.160156 -0.257812
v 0.178711 -0.207031 0.423828
v 0.482422 -0.202148 0.416016
v -0.492188 -0.066406 -0.217773
v -0.087891 -0.019287 0.363281
v -0.225586 -0.018799 0.141602
v -0.092773 -0.023926 0.367188
v -0.597656 -0.140625 -0.014282
v -0.585938 -0.143555 0.006897
v -0.589844 -0.143555 -0.005615
v 0.355469 -0.141602 -0.583984
v 0.333984 -0.142578 -0.583984
v 0.335938 -0.154297 -0.583984
v 0.093262 -0.193359 0.572266
v -0.929688 -0.066895 -0.014282
v -0.921875 -0.062012 -0.013061
v 0.079590 0.353516 0.133789
v 0.020386 0.351562 0.056641
v 0.012207 0.353516 0.061279
v 0.155273 -0.154297 0.443359
v -0.083496 -0.076660 0.375000
v -0.511719 -0.056885 0.012634
v -0.043457 -0.261719 0.576172
v -0.042236 -0.281250 0.576172
v 0.361328 0.261719 -0.045166
v 0.384766 0.255859 -0.049316
v 0.380859 0.279297 -0.048096
v 0.382812 0.257812 0.050537
v 0.417969 -0.292969 0.517578
v -0.664062 -0.099609 -0.031494
v -0.667969 -0.104980 -0.029175
v -0.667969 -0.110352 -0.028320
v -0.675781 -0.121582 0.023926
v -0.671875 -0.125000 0.016296
v -0.867188 -0.060547 0.018311
v -0.988281 -0.406250 0.002100
v 0.090332 -0.141602 -0.498047
v 0.090820 -0.140625 -0.474609
v 0.090820 -0.140625 -0.529297
v 0.044190 -0.142578 -0.529297
v 0.419922 -0.217773 0.568359
v -0.578125 -0.063965 -0.031006
v -0.593750 -0.063965 -0.029541
v -0.081055 -0.141602 -0.458984
v 0.937500 -0.654297 -0.449219
v 0.437500 -0.174805 0.410156
v 0.170898 -0.172852 0.421875
v -0.792969 -0.074707 -0.026245
v -0.792969 -0.079102 -0.026733
v -0.777344 -0.073242 -0.028686
v -0.792969 -0.068848 -0.020264
v 0.164062 0.576172 -0.013367
v 0.164062 0.548828 -0.013123
v 0.164062 0.603516 -0.013672
v -0.625000 -0.669922 -0.716797
v -0.601562 -0.537109 -0.705078
v -0.753906 -0.361328 -0.386719
v 0.310547 0.167969 0.167969
v 0.871094 -0.194336 -0.451172
v 0.123047 -0.199219 -0.431641
v 0.416016 -0.192383 -0.708984
v -0.578125 -0.124023 0.040039
v -0.921875 -0.118164 -0.013672
v -0.433594 -0.121582 -0.012817
v -0.636719 -0.634766 0.724609
v 0.320312 -0.292969 -0.580078
v 0.335938 -0.294922 -0.583984
v -0.141602 -0.036133 0.120117
v -0.126953 -0.040283 -0.115723
v -0.139648 -0.037354 -0.120117
v -0.310547 -0.322266 0.219727
v -0.306641 -0.312500 0.224609
v -0.777344 -0.126953 0.000214
v -0.777344 -0.127930 -0.009766
v -0.004639 -0.291016 -0.552734
v -0.005493 -0.291016 -0.580078
v 0.578125 -0.014404 -0.136719
v -0.494141 -0.063965 0.232422
v -0.617188 -0.065430 0.120117
v -0.617188 -0.073242 -0.113770
v 0.171875 -0.140625 0.568359
v 0.425781 -0.225586 -0.689453
v -0.080566 -0.154297 0.496094
v -0.080566 -0.155273 0.521484
v -0.081543 -0.142578 0.521484
v -0.080078 -0.173828 0.494141
v -0.081055 -0.140625 0.498047
v -0.839844 -0.103027 -0.040039
v 0.589844 -0.345703 -0.689453
v -0.730469 -0.077637 -0.037842
v 0.886719 -0.199219 0.464844
v -0.014465 0.257812 -0.049561
v 0.005493 0.257812 0.048340
v -0.785156 -0.104980 0.035400
v -0.812500 -0.677734 -0.298828
v -0.808594 -0.677734 -0.298828
v 0.636719 -0.217773 -0.147461
v 0.476562 -0.216797 -0.412109
v -0.439453 -0.131836 0.014221
v 0.154297 0.521484 -0.038086
v 0.220703 0.521484 -0.038574
v 0.988281 -0.666016 0.002419
v -0.570312 -0.133789 -0.032471
v 0.337891 -0.143555 0.544922
v -0.636719 -0.065918 0.029419
v -0.636719 -0.070801 0.035645
v -0.625000 -0.063965 0.030762
v 0.322266 -0.283203 0.443359
v 0.332031 -0.263672 0.443359
v 0.914062 -0.626953 0.705078
v -0.439453 -0.088867 -0.045654
v -0.427734 -0.082520 -0.034912
v -0.781250 -0.191406 -0.190430
v -0.496094 -0.090820 0.050049
v -0.515625 -0.099121 0.051270
v -0.527344 -0.099121 0.052002
v -0.671875 -0.072754 -0.005188
v -0.106934 0.094727 -0.136719
v -0.110840 0.047607 -0.138672
v -0.024414 0.098144 -0.261719
v 0.281250 0.259766 0.146484
v 0.194336 0.261719 0.168945
v -0.066406 -0.669922 -0.728516
v -0.925781 -0.121094 0.003525
v -0.921875 -0.118164 0.013672
v -0.435547 -0.115723 0.018311
v 0.953125 -0.654297 0.002853
v 0.957031 -0.650391 -0.001068
v -0.613281 -0.650391 -0.712891
v -0.792969 -0.654297 -0.292969
v 0.324219 0.075684 0.267578
v 0.341797 0.082520 0.285156
v 0.176758 0.078613 0.273438
v 0.326172 0.050781 0.271484
v 0.167969 -0.263672 0.544922
v -0.812500 -0.124023 0.007843
v 0.472656 -0.173828 0.572266
v -0.730469 -0.126953 -0.026123
v 0.886719 -0.521484 -0.705078
v -0.597656 -0.529297 0.720703
v 0.498047 -0.021484 -0.118164
v -0.012512 0.277344 -0.049805
v 0.410156 -0.220703 0.689453
v 0.404297 -0.218750 0.697266
v 0.203125 0.548828 -0.013123
v -0.992188 -0.662109 0.010864
v -1.000000 -0.666016 0.005280
v -0.812500 -0.658203 0.291016
v -0.198242 -0.070801 -0.118164
v -0.304688 -0.074219 -0.231445
v 0.167969 0.261719 0.166992
v 0.357422 -0.142578 -0.556641
v 0.335938 -0.142578 -0.552734
v 0.353516 -0.142578 -0.525391
v -0.878906 -0.059326 -0.007812
v -0.640625 -0.658203 -0.732422
v -0.753906 -0.195312 0.203125
v 0.174805 0.673828 0.000374
v -0.144531 -0.023560 0.118652
v -0.492188 -0.314453 -0.229492
v -0.306641 -0.314453 -0.231445
v 0.156250 -0.240234 -0.580078
v 0.000805 0.180664 0.249023
v -0.006134 0.171875 0.257812
v 0.010071 0.181641 0.239258
v -0.069336 -0.291016 0.576172
v -0.660156 -0.081055 -0.020630
v -0.664062 -0.099121 -0.023193
v -0.660156 -0.093262 -0.024048
v -0.660156 -0.086914 -0.024414
v 0.322266 -0.172852 -0.449219
v 0.320312 -0.155273 -0.460938
v -0.765625 -0.066406 0.028931
v 0.169922 -0.153320 0.441406
v -0.275391 -0.204102 0.712891
v -0.275391 -0.199219 0.705078
v -0.261719 -0.208008 0.720703
v -0.281250 -0.200195 0.708984
v 0.589844 -0.025513 0.140625
v 0.632812 -0.203125 0.147461
v 0.632812 -0.203125 -0.148438
v -0.664062 -0.112793 0.029297
v -0.667969 -0.105957 0.028320
v -0.664062 -0.109375 0.024170
v -0.664062 -0.118164 0.021729
v -0.105469 -0.207031 0.394531
v 0.322266 -0.142578 -0.572266
v 0.333984 -0.142578 -0.525391
v -0.816406 -0.666016 -0.300781
v -0.585938 -0.090332 0.052490
v 0.396484 -0.221680 0.697266
v 0.330078 -0.291016 0.701172
v 0.287109 0.349609 -0.132812
v 0.180664 0.349609 -0.152344
v 0.183594 0.351562 0.001057
v 0.953125 -0.658203 0.423828
v -0.820312 -0.062500 0.016174
v 0.460938 -0.292969 -0.533203
v 0.458984 -0.292969 -0.560547
v 0.472656 -0.292969 -0.572266
v -0.703125 -0.086426 -0.038574
v -0.750000 -0.131836 -0.000565
v -0.275391 -0.216797 -0.685547
v -0.753906 -0.214844 -0.198242
v 0.181641 0.353516 -0.165039
v 0.470703 -0.219727 -0.398438
v -0.108398 -0.216797 -0.408203
v 0.177734 -0.218750 -0.402344
v -0.839844 -0.084473 0.038574
v 0.601562 -0.025147 -0.140625
v 0.867188 -0.225586 0.439453
v 0.871094 -0.225586 -0.005402
v -0.112305 0.046387 -0.144531
v -0.143555 -0.012207 -0.124023
v -0.882812 -0.117188 0.030640
v 0.160156 0.626953 -0.006836
v 0.320312 -0.218750 -0.548828
v 0.180664 0.082031 0.296875
v 0.894531 -0.200195 -0.006836
v 0.898438 -0.196289 0.441406
v 0.902344 -0.204102 0.437500
v 0.367188 0.176758 -0.255859
v 0.130859 -0.140625 -0.455078
v 0.205078 0.576172 0.006134
v -0.640625 -0.080078 -0.038818
v 0.875000 -0.201172 -0.451172
v 0.417969 -0.200195 -0.701172
v -0.042725 -0.292969 0.576172
v 0.392578 0.049805 -0.261719
v 0.330078 -0.142578 -0.447266
v 0.320312 -0.142578 -0.449219
v 0.203125 0.630859 0.005768
v 0.205078 0.650391 -0.000931
v 0.204102 0.650391 0.005264
v 0.175781 -0.014282 0.361328
v 0.417969 -0.292969 0.576172
v -0.310547 -0.074707 -0.218750
v -0.312500 -0.314453 -0.219727
v 0.324219 -0.155273 0.544922
v 0.322266 -0.173828 0.544922
v -0.925781 -0.074707 0.030151
v -0.929688 -0.078125 0.026367
v 0.441406 -0.292969 -0.447266
v -0.226562 -0.318359 0.108887
v -0.218750 -0.312500 -0.110352
v -0.589844 -0.537109 0.697266
v -0.033935 0.087891 -0.251953
v -0.976562 -0.404297 -0.009399
v -0.006592 -0.152344 0.576172
v -0.419922 -0.339844 -0.712891
v -0.081055 -0.218750 -0.548828
v 0.384766 0.179688 0.067383
v -0.125000 -0.034424 -0.110840
v -0.812500 -0.083496 -0.034912
v -0.765625 -0.207031 0.215820
v -0.703125 -0.328125 0.445312
v 0.316406 0.194336 0.174805
v 0.482422 -0.211914 -0.417969
v -0.945312 -0.404297 -0.106445
v -0.531250 0.006714 0.125488
v -0.542969 0.006378 -0.115234
v -0.114746 -0.207031 0.414062
v 0.180664 -0.176758 0.414062
v 0.296875 0.289062 -0.164062
v -0.269531 -0.219727 0.697266
v -0.648438 -0.074707 -0.034912
v -0.648438 -0.082031 -0.038086
v -0.067871 -0.658203 -0.736328
v 0.384766 -0.654297 -0.732422
v -0.089844 -0.439453 -0.732422
v 0.474609 0.045898 0.141602
v 0.484375 0.041992 -0.100098
v 0.472656 -0.153320 -0.556641
v 0.312500 -0.259766 0.728516
v -0.644531 -0.658203 0.728516
v -0.820312 -0.642578 0.292969
v 0.480469 -0.209961 0.414062
v 0.992188 -0.673828 0.002785
v 0.937500 -0.673828 -0.451172
v -0.068359 -0.142578 0.517578
v 0.003769 0.041504 0.291016
v 0.427734 -0.198242 0.716797
v 0.435547 -0.202148 0.720703
v 0.609375 -0.326172 0.716797
v -0.667969 -0.109375 -0.027222
v -0.429688 -0.084473 0.030273
v -0.427734 -0.079590 0.028076
v -0.996094 -0.517578 -0.003693
v -0.730469 -0.085938 -0.039551
v -0.664062 -0.064453 -0.005707
v -0.064453 -0.666016 -0.728516
v -0.792969 -0.065430 -0.014282
v -0.683594 -0.125977 0.020020
v -0.812500 -0.673828 -0.298828
v 0.175781 -0.224609 -0.402344
v -0.314453 -0.069336 0.206055
v -0.312500 -0.002472 0.121094
v -0.664062 -0.092285 -0.031494
v -0.664062 -0.118164 0.008606
v -0.664062 -0.115234 0.015747
v 0.949219 -0.501953 -0.419922
v -0.069336 -0.292969 0.470703
v 0.382812 0.085938 0.240234
v -0.925781 -0.095215 -0.038818
v -0.996094 -0.382812 0.008728
v 0.092285 -0.141602 -0.556641
v -0.750000 -0.085938 0.043701
v -0.664062 -0.125000 0.005814
v -0.761719 -0.207031 0.219727
v 0.007996 0.171875 0.243164
v -0.523438 -0.134766 0.030518
v -0.523438 -0.126953 0.038574
v 0.129883 -0.294922 0.576172
v -0.435547 -0.113770 -0.023193
v -0.921875 -0.113281 -0.018188
v -0.925781 -0.108887 -0.026123
v 0.363281 0.179688 -0.250000
v 0.322266 -0.153320 -0.449219
v -0.028686 -0.027222 -0.292969
v -0.960938 -0.388672 -0.078125
v -0.656250 -0.063965 0.018433
v 0.917969 -0.666016 0.728516
v -0.574219 -0.529297 -0.701172
v 0.996094 -0.509766 0.002104
v 0.164062 0.498047 0.007111
v -0.585938 -0.107422 -0.049560
v -0.103516 -0.225586 -0.392578
v -0.237305 -0.228516 -0.144531
v 0.178711 -0.227539 0.000458
v 0.455078 -0.022461 0.371094
v 0.178711 -0.030762 -0.104004
v -0.007996 0.154297 -0.065918
v -0.781250 -0.207031 -0.179688
v 0.133789 -0.140625 -0.583984
v 0.130859 -0.194336 0.439453
v 0.435547 -0.019775 0.333984
v 0.175781 -0.208008 -0.402344
v -0.102051 -0.209961 -0.394531
v 0.470703 -0.213867 -0.398438
v 0.324219 -0.143555 0.544922
v 0.281250 0.275391 -0.144531
v -0.808594 -0.666016 0.289062
v -0.306641 -0.003693 -0.114258
v -0.306641 -0.002899 0.115723
v -0.648438 -0.062500 0.019775
v -0.204102 -0.071289 0.116211
v -0.116211 -0.209961 0.417969
v -0.777344 -0.208984 -0.196289
v -0.146484 -0.027466 -0.123047
v 0.482422 0.092773 -0.095703
v 0.488281 0.092773 0.099609
v 0.090820 -0.292969 -0.529297
v -0.730469 -0.333984 -0.427734
v -0.009338 0.296875 0.058594
v 0.178711 -0.223633 0.404297
v -0.781250 -0.060303 -0.007446
v -0.031494 0.045898 -0.267578
v -0.110840 0.163086 -0.112793
v -0.106445 0.174805 -0.113281
v -0.106934 0.174805 0.111328
v 0.416016 -0.292969 0.441406
v 0.574219 -0.355469 0.697266
v 0.582031 -0.347656 0.697266
v -0.118652 -0.204102 0.417969
v 0.345703 -0.217773 -0.580078
v 0.048828 -0.194336 -0.011597
v 0.194336 0.283203 -0.186523
v 0.390625 0.163086 -0.069336
v 0.470703 -0.292969 -0.580078
v 0.470703 -0.283203 -0.580078
v -0.010071 0.324219 -0.065430
v -0.914062 -0.058838 -0.002625
v -0.921875 -0.059815 -0.008118
v 0.503906 -0.026733 -0.119629
v 0.500000 -0.036377 0.121582
v -0.699219 -0.330078 0.441406
v 0.359375 0.275391 0.048828
v 0.357422 0.273438 -0.044922
v -0.014771 0.169922 -0.067383
v -0.006653 0.161133 -0.065430
v -0.486328 -0.312500 0.221680
v -0.800781 -0.677734 0.294922
v -0.632812 -0.673828 0.724609
v -0.632812 -0.673828 0.732422
v -0.636719 -0.666016 -0.724609
v -0.613281 -0.141602 -0.002594
v -0.486328 -0.324219 0.227539
v -0.636719 -0.057373 0.000801
v 0.929688 -0.677734 0.414062
v -0.043701 -0.292969 0.470703
v -0.109863 -0.207031 -0.412109
v 0.178711 -0.216797 -0.416016
v -1.000000 -0.669922 -0.006775
v -0.519531 -0.066406 0.036377
v -0.527344 -0.063477 0.030640
v -0.445312 -0.095215 -0.049072
v -0.267578 -0.191406 -0.701172
v -0.275391 -0.192383 -0.697266
v 0.441406 -0.292969 -0.560547
v 0.427734 -0.219727 0.693359
v 0.180664 0.162109 0.000717
v -0.761719 -0.199219 0.211914
v -0.147461 -0.027100 0.121094
v -0.257812 -0.214844 0.149414
v -0.726562 -0.128906 -0.018066
v -0.291016 -0.207031 0.712891
v -0.265625 -0.190430 0.712891
v -0.018311 0.163086 -0.069336
v -0.023315 0.179688 0.070312
v 0.435547 -0.013794 0.339844
v -0.664062 -0.086914 -0.031006
v -0.593750 -0.525391 0.705078
v 0.402344 -0.189453 0.697266
v 0.177734 -0.208008 -0.419922
v 0.474609 -0.208008 -0.414062
v -0.714844 -0.341797 -0.416016
v -0.109375 0.164062 0.111328
v -0.112305 0.154297 -0.112305
v 0.221680 0.513672 -0.042969
v -0.804688 -0.412109 -0.289062
v -0.490234 -0.065430 0.215820
v 0.585938 -0.347656 0.732422
v -0.769531 -0.101074 -0.037842
v -0.804688 -0.521484 0.289062
v 0.004547 -0.673828 0.525391
v 0.976562 -0.673828 0.004074
v 0.010864 -0.673828 -0.015137
v 0.402344 -0.202148 -0.708984
v -0.710938 -0.057617 -0.007751
v 0.051025 0.178711 -0.168945
v -0.025391 0.195312 -0.069336
v -0.125977 0.094238 0.099609
v -0.593750 -0.537109 -0.697266
v -0.753906 -0.197266 0.206055
v 0.153320 -0.172852 0.441406
v 0.163086 0.650391 0.007324
v -0.009399 0.324219 0.067871
v -0.996094 -0.642578 -0.007812
v 0.306641 -0.437500 -0.732422
v 0.566406 -0.373047 -0.724609
v -1.000000 -0.662109 -0.000687
v -0.531250 -0.108398 0.049805
v -0.800781 -0.073242 0.014160
v 0.601562 -0.023437 0.141602
v -0.804688 -0.521484 -0.294922
v -0.437500 -0.134766 0.003685
v 0.416016 -0.202148 0.728516
v -0.125000 0.094238 -0.097656
v -0.112305 0.163086 0.114746
v -0.761719 -0.189453 0.204102
v -0.660156 -0.102539 0.038818
v -0.667969 -0.096191 0.030762
v -0.667969 -0.101074 0.030762
v -0.523438 -0.060303 0.022827
v -0.921875 -0.078125 -0.018677
v 0.636719 -0.212891 -0.148438
v 0.478516 0.164062 -0.112305
v -0.016357 0.180664 0.066894
v -0.015015 0.169922 0.066894
v 0.056396 0.168945 0.165039
v 0.382812 0.158203 -0.066895
v 0.373047 0.154297 0.064941
v 0.380859 0.157227 0.067871
v -0.796875 -0.120605 -0.005127
v 0.636719 -0.204102 0.149414
v -0.112305 -0.218750 0.408203
v 0.419922 -0.195312 -0.712891
v -0.921875 -0.074219 -0.013794
v -0.835938 -0.116699 -0.030029
v -0.406250 -0.324219 -0.001266
v 0.375000 0.298828 -0.058106
v -0.121094 0.094238 -0.103027
v 0.426129 -0.220017 0.043480
v -0.173215 -0.213173 0.199239
v 0.343347 -0.265780 0.729069
v -0.208509 -0.129028 0.000488
v -0.464193 -0.044545 0.154785
v 0.083822 -0.659505 -0.733724
v -0.064941 -0.666016 -0.732422
v -0.609375 -0.065430 -0.111328
vn -0.9641 0.2000 -0.1745
vn -0.7390 -0.3521 0.5744
vn -0.0114 -0.5540 -0.8324
vn 0.1966 -0.9097 0.3657
vn -0.4627 -0.6497 -0.6031
vn 0.0012 -0.8564 -0.5164
vn -0.7701 -0.5837 -0.2573
vn -0.1499 -0.9825 0.1101
vn -0.1123 -0.9928 0.0423
vn -0.4259 -0.8697 -0.2495
vn -0.3437 -0.8506 -0.3980
vn -0.0008 -1.0000 0.0035
vn -0.0050 -1.0000 -0.0079
vn -0.0000 -1.0000 -0.0000
vn 0.0156 -0.9983 0.0566
vn -0.0165 -0.9985 0.0530
vn -0.1952 0.5615 0.8041
vn -0.0918 0.5200 0.8492
vn -0.0971 0.7261 0.6807
vn -0.1016 0.6650 0.7399
vn -0.1771 0.5276 0.8308
vn -0.2140 0.3690 0.9044
vn -0.1794 0.2821 0.9425
vn 0.2100 -0.6847 0.6979
vn 0.0975 -0.8036 0.5871
vn 0.2008 -0.8338 0.5143
vn 0.3936 -0.7238 0.5667
vn 0.0621 -0.6420 0.7642
vn 0.2743 -0.6623 0.6972
vn 0.1424 -0.5776 0.8038
vn -0.9935 -0.1031 -0.0492
vn -0.5380 -0.8425 -0.0269
vn -0.6022 -0.5139 0.6109
vn -0.9967 -0.0205 -0.0788
vn -0.9994 -0.0307 -0.0128
vn -0.6973 -0.7166 -0.0162
vn -0.9961 -0.0473 -0.0744
vn -0.7983 -0.0231 0.6018
vn 0.9970 0.0774 -0.0069
vn 0.9866 -0.0829 0.1408
vn 0.9230 -0.3741 0.0903
vn 0.5800 -0.2413 -0.7781
vn 0.4169 0.0546 -0.9073
vn 0.9638 0.2647 0.0324
vn 0.6562 -0.6415 -0.3974
vn 0.5434 -0.5472 -0.6367
vn 0.6810 -0.3274 -0.6551
vn 0.6999 -0.4924 -0.5174
vn 0.5782 -0.3939 -0.7145
vn 0.7585 -0.3859 -0.5251
vn 0.5786 -0.6533 -0.4882
vn 0.5494 -0.5410 -0.6367
vn -0.5001 -0.5898 -0.6340
vn -0.3225 -0.6512 -0.6870
vn -0.0163 -0.9991 0.0383
vn -0.6188 -0.6115 -0.4932
vn -0.7571 -0.0642 -0.6501
vn -0.5305 -0.0590 -0.8456
vn 0.9797 -0.1730 0.1011
vn 0.9820 -0.1652 0.0919
vn 0.6479 -0.7589 0.0657
vn 0.9419 -0.1966 0.2724
vn 0.9947 -0.0336 0.0977
vn 0.9024 -0.1533 0.4026
vn 0.9900 0.1403 -0.0149
vn 0.6299 0.6821 -0.3714
vn 0.9321 0.0173 0.3619
vn 0.9621 0.0031 0.2728
vn 0.8742 0.2551 -0.4131
vn 0.6908 0.6080 -0.3914
vn -0.8069 -0.1462 -0.5723
vn -0.3923 -0.8284 -0.3998
vn -0.9511 -0.1310 -0.2796
vn -0.3649 -0.7891 -0.4941
vn -0.9982 -0.0023 -0.0593
vn -0.9946 0.0860 -0.0582
vn -0.8617 0.0971 -0.4981
vn 0.1025 0.1312 0.9860
vn -0.0025 0.0787 0.9969
vn 0.4862 0.1285 0.8644
vn 0.0185 0.1592 0.9871
vn 0.3832 0.2339 0.8935
vn -0.1243 -0.1133 -0.9858
vn -0.0000 -0.0000 -1.0000
vn 0.0392 -0.1046 -0.9937
vn 0.3795 -0.0809 -0.9217
vn 0.0288 -0.0965 -0.9949
vn 0.0190 -0.0649 -0.9977
vn 0.0812 0.9946 0.0648
vn 0.1036 0.9907 0.0878
vn 0.0810 0.9562 0.2812
vn -0.0548 0.8800 -0.4718
vn 0.0998 0.9797 -0.1741
vn 0.1210 0.9751 0.1859
vn 0.0999 0.9741 0.2027
vn -0.8920 0.2838 0.3518
vn -0.9935 -0.1134 0.0136
vn -0.9562 0.1137 -0.2696
vn -0.5054 -0.7890 -0.3495
vn -0.7460 -0.5921 0.3049
vn -0.8069 -0.5506 0.2136
vn 0.9998 0.0142 -0.0107
vn 0.4449 -0.4256 -0.7880
vn 0.6859 -0.5306 -0.4980
vn 0.9989 0.0391 -0.0250
vn 0.9995 0.0194 0.0253
vn 0.5299 -0.8479 -0.0166
vn 0.9964 0.0437 -0.0729
vn 0.0220 0.4852 0.8741
vn 0.0316 0.7185 0.6948
vn 0.0564 0.6721 0.7383
vn 0.0717 0.4508 0.8897
vn 0.0288 0.2121 0.9768
vn 0.0151 0.4702 0.8824
vn 0.0699 0.2459 0.9668
vn 0.0277 -0.9980 0.0568
vn -0.0201 -0.9997 -0.0150
vn -0.0193 -0.9997 0.0163
vn -0.0228 -0.9996 0.0138
vn 0.0175 -0.9988 0.0463
vn -0.0280 -0.9995 0.0144
vn 0.0124 -0.9997 -0.0231
vn 0.5205 0.8499 -0.0816
vn 0.2354 0.8823 -0.4077
vn 0.1080 0.9823 -0.1530
vn 0.4044 0.9097 0.0948
vn 0.7296 0.5611 -0.3910
vn 0.4614 0.8801 -0.1116
vn 0.1605 0.9849 -0.0652
vn 0.0010 -0.0573 -0.9984
vn 0.0222 -0.0296 -0.9993
vn 0.0109 -0.0104 -0.9999
vn -0.0152 -0.0565 -0.9983
vn -0.0447 -0.0014 -0.9990
vn -0.0000 0.0347 -0.9994
vn 0.3813 0.5025 -0.7760
vn 0.1984 0.4836 -0.8525
vn 0.1865 0.6447 -0.7414
vn 0.3383 0.6554 -0.6752
vn 0.7721 0.3948 -0.4979
vn 0.7351 0.3478 -0.5819
vn 0.3961 0.3617 -0.8440
vn 0.0281 -0.9886 0.1478
vn -0.0192 -0.9864 0.1630
vn -0.0114 -0.9874 0.1577
vn 0.0284 -0.9995 0.0166
vn -0.0275 -0.9468 -0.3207
vn -0.1098 -0.9938 0.0181
vn -0.1100 -0.9843 -0.1383
vn 0.0131 0.8143 -0.5803
vn 0.4914 0.6093 -0.6224
vn 0.0114 0.9999 0.0007
vn -0.0000 1.0000 0.0012
vn -0.1300 0.9899 -0.0570
vn 0.5652 0.7692 0.2980
vn 0.2881 0.6448 0.7080
vn 0.4041 0.5391 0.7390
vn 0.4756 0.8546 0.2086
vn 0.0021 0.9963 -0.0860
vn 0.4944 0.8661 -0.0738
vn -0.9255 0.2774 0.2578
vn -0.9625 0.2521 0.1005
vn -0.9716 -0.0356 -0.2341
vn -0.9808 0.1950 0.0067
vn -0.9890 0.1477 0.0112
vn 0.4177 -0.6824 0.5999
vn 0.5793 -0.7575 0.3012
vn 0.8330 -0.4529 0.3179
vn 0.4426 -0.7851 0.4332
vn 0.0832 -0.9648 0.2496
vn 0.4430 -0.7746 0.4514
vn 0.0336 -0.8308 0.5556
vn -0.0305 -0.7575 0.6522
vn -0.0205 -0.9989 0.0432
vn 0.5673 -0.6239 0.5375
vn 0.6171 0.0018 0.7869
vn 0.0564 -0.9451 0.3219
vn 0.0473 -0.0198 0.9987
vn 0.0050 -0.9990 -0.0433
vn -0.0203 -0.9995 -0.0232
vn -0.0189 -0.9990 0.0393
vn 0.0195 -0.8592 0.5113
vn -0.0252 -0.7272 0.6860
vn -0.0008 -0.9994 0.0349
vn -0.0391 -0.9983 0.0432
vn -0.0645 -0.3387 0.9387
vn 0.0015 -0.0345 0.9994
vn -0.1553 -0.1447 0.9772
vn -0.0073 -0.3954 0.9185
vn -0.0205 -0.1051 0.9943
vn -0.2504 -0.5885 0.7687
vn -0.0887 -0.7030 0.7056
vn 0.1058 -0.9269 0.3601
vn 0.0013 -0.9349 0.3548
vn 0.0310 -0.9919 0.1233
vn 0.0898 -0.8944 0.4381
vn 0.1245 -0.8251 0.5510
vn 0.0671 -0.8311 0.5521
vn 0.0259 -0.9699 0.2421
vn -0.0770 0.1139 -0.9905
vn -0.5843 0.1722 -0.7931
vn -0.2156 0.1551 -0.9641
vn -0.1930 0.1993 -0.9608
vn -0.2647 0.1069 -0.9584
vn 0.0656 0.1942 -0.9788
vn -0.5325 0.1959 -0.8234
vn -0.0625 -0.3805 0.9227
vn 0.0332 -0.5257 0.8500
vn 0.0206 -0.6717 0.7406
vn -0.3076 -0.6417 0.7026
vn 0.0535 -0.9424 0.3302
vn -0.2780 -0.5609 0.7798
vn 0.0030 0.0968 0.9953
vn 0.0075 0.0143 0.9999
vn 0.1414 -0.3812 0.9136
vn 0.0038 -0.8576 0.5144
vn 0.0020 -0.0005 1.0000
vn 0.0067 -0.3706 0.9288
vn 0.0314 -0.0869 0.9957
vn -0.4318 0.2676 0.8613
vn 0.0200 -0.4453 -0.8951
vn -0.1547 -0.1867 -0.9702
vn -0.0815 -0.1754 -0.9811
vn -0.1313 -0.3893 -0.9117
vn -0.0314 -0.4319 -0.9014
vn -0.0189 -0.6237 -0.7815
vn -0.0325 -0.6557 -0.7544
vn -0.0547 -0.0005 -0.9985
vn -0.0000 0.0871 -0.9962
vn -0.0000 0.0034 -1.0000
vn -0.5297 0.0600 -0.8461
vn -0.0310 0.0609 -0.9977
vn 0.0052 -0.7548 -0.6559
vn -0.4025 -0.6845 -0.6078
vn 0.0503 -0.8704 -0.4897
vn 0.9933 0.1157 0.0002
vn 0.9936 0.1066 0.0385
vn 0.9520 0.1947 -0.2362
vn 0.9338 -0.2548 0.2512
vn 0.9858 0.1662 -0.0240
vn -0.9981 0.0374 -0.0484
vn -0.9988 0.0430 -0.0242
vn -0.9989 0.0094 -0.0463
vn -0.9985 0.0386 -0.0396
vn -0.9999 0.0123 -0.0115
vn -1.0000 -0.0000 -0.0000
vn -0.9989 0.0468 -0.0000
vn -0.0032 0.8469 0.5317
vn 0.0088 0.8992 0.4374
vn -0.0044 0.8320 0.5547
vn 0.0647 0.8284 0.5565
vn 0.0361 0.9046 0.4248
vn -0.0211 0.7329 0.6800
vn 0.0559 0.6305 0.7741
vn -0.4090 -0.7708 0.4884
vn -0.4671 -0.8454 -0.2592
vn -0.9575 -0.2867 -0.0332
vn -0.9156 -0.3466 0.2038
vn 0.8076 0.0377 -0.5886
vn -0.7890 0.4801 0.3834
vn 0.0042 -1.0000 -0.0046
vn -0.0423 -0.9986 0.0319
vn -0.5342 0.8388 0.1056
vn -0.6593 0.5994 -0.4539
vn -0.9796 0.0581 0.1923
vn -0.6289 0.7761 0.0468
vn -0.0440 0.9990 0.0009
vn -0.0103 0.9999 -0.0026
vn 0.3677 0.5680 -0.7363
vn 0.4210 0.5546 -0.7178
vn 0.5512 0.4765 -0.6849
vn 0.4680 0.4231 -0.7758
vn 0.3606 0.5774 -0.7325
vn 0.6744 0.2610 -0.6907
vn 0.3179 0.4456 -0.8369
vn -0.3912 -0.2493 -0.8859
vn -0.1667 -0.1422 -0.9757
vn -0.8243 0.1131 0.5547
vn -0.1998 0.9595 -0.1987
vn -0.5331 0.8414 -0.0884
vn -0.3326 0.9180 0.2160
vn -0.2983 -0.0095 0.9544
vn 0.0304 -0.0232 0.9993
vn 0.0561 0.0317 0.9979
vn -0.9998 -0.0076 -0.0210
vn -0.5984 -0.1191 0.7923
vn -0.3939 0.6368 0.6628
vn 0.8274 0.0874 -0.5548
vn 0.9461 0.0147 -0.3236
vn 0.8062 0.0189 -0.5913
vn 0.7496 0.1100 -0.6527
vn 0.9166 0.0301 -0.3986
vn 0.5039 0.0579 -0.8618
vn 0.5826 0.1452 -0.7997
vn 0.9995 -0.0018 0.0307
vn 0.6973 -0.0560 -0.7146
vn 0.9987 -0.0420 0.0293
vn 0.9993 -0.0347 -0.0162
vn 0.9997 -0.0028 -0.0239
vn 0.9996 0.0075 0.0274
vn 0.8169 0.0345 -0.5758
vn -0.3394 -0.1814 -0.9230
vn -0.7243 -0.2351 -0.6482
vn -0.6341 -0.1600 -0.7565
vn -0.4162 0.0796 -0.9058
vn -0.2774 -0.2693 -0.9222
vn -0.2458 -0.2614 -0.9334
vn -0.1968 -0.3598 -0.9120
vn 0.6991 -0.6991 -0.1498
vn 0.7118 -0.6335 -0.3034
vn 0.7705 -0.4791 -0.4204
vn 0.9374 -0.1821 -0.2969
vn 0.7397 -0.6156 -0.2716
vn 0.3438 -0.9389 -0.0168
vn 0.0074 -0.9997 0.0222
vn 0.0063 -1.0000 0.0049
vn 0.2878 -0.9547 -0.0758
vn 0.5605 -0.8189 -0.1239
vn 0.4560 -0.8791 0.1390
vn 0.0127 0.8156 -0.5785
vn -0.0249 0.9988 -0.0425
vn 0.2861 0.9537 0.0924
vn 0.8956 0.2109 -0.3916
vn -0.1473 0.7606 -0.6323
vn 0.7189 0.6820 -0.1344
vn -0.9570 0.0705 -0.2814
vn -0.9591 0.1174 0.2575
vn -0.8958 0.2135 0.3899
vn -0.8650 0.0722 -0.4966
vn -0.0922 0.0078 -0.9957
vn -0.3596 -0.4528 -0.8159
vn -0.9774 0.1574 0.1410
vn 0.0218 -0.9998 -0.0016
vn -0.0215 -0.9994 0.0258
vn 0.0441 -0.9978 0.0486
vn 0.0619 -0.9981 -0.0000
vn 0.8079 -0.5175 -0.2818
vn 0.8076 -0.3818 -0.4495
vn 0.9750 -0.0982 0.1991
vn 0.9921 0.1042 0.0694
vn 0.9859 -0.1003 0.1340
vn 0.7714 -0.1693 0.6134
vn 0.7826 -0.1665 0.5998
vn 0.9956 0.0216 0.0907
vn 0.0136 -0.6264 -0.7794
vn 0.0154 -0.5700 -0.8215
vn 0.0661 -0.6191 -0.7826
vn 0.0758 -0.7462 -0.6614
vn -0.0320 -0.5680 -0.8224
vn -0.0861 -0.5221 -0.8485
vn -0.5270 -0.0010 0.8499
vn -0.7849 0.0086 0.6195
vn -0.7573 -0.0122 0.6530
vn -0.5739 -0.0056 0.8189
vn -0.3070 0.0153 0.9516
vn -0.2567 0.0203 0.9663
vn -0.5446 0.0261 0.8383
vn 0.9251 0.3433 0.1625
vn 0.9546 0.2978 0.0037
vn 0.9631 0.2596 0.0707
vn 0.9455 0.3255 0.0080
vn 0.9497 0.3133 0.0012
vn 0.9842 0.0486 0.1703
vn -0.0468 0.9985 -0.0283
vn -0.0300 0.7761 0.6299
vn 0.0045 1.0000 -0.0089
vn -0.0153 0.9997 -0.0178
vn -0.7735 0.6335 -0.0198
vn -0.8381 0.5429 -0.0526
vn -0.7650 -0.6438 -0.0150
vn 0.5070 -0.4908 0.7086
vn -0.3554 -0.3891 0.8499
vn 0.4559 -0.2697 0.8482
vn -0.9988 0.0484 0.0009
vn -0.9998 0.0148 0.0141
vn -0.9990 0.0420 -0.0154
vn -0.6936 0.7202 -0.0143
vn -0.9976 0.0329 -0.0608
vn 0.0013 -0.1151 0.9934
vn -0.0172 -0.0769 0.9969
vn 0.0181 -0.0240 0.9995
vn 0.0367 -0.0896 0.9953
vn 0.0017 -0.0628 0.9980
vn -0.0000 0.0976 0.9952
vn 0.0006 0.0019 1.0000
vn -0.4542 -0.8305 0.3224
vn -0.8294 -0.5544 -0.0686
vn -0.7822 -0.6144 0.1032
vn -0.6168 -0.6946 0.3703
vn -0.1274 -0.5906 0.7969
vn -0.6911 0.0445 0.7213
vn -0.0788 -0.8365 0.5422
vn -0.1475 -0.9094 0.3888
vn -0.0630 -0.8645 0.4987
vn -0.3173 -0.8562 0.4077
vn -0.0138 -0.7489 0.6625
vn -0.2740 -0.7340 0.6215
vn -0.9638 0.2585 -0.0654
vn -0.7526 0.0263 -0.6580
vn -0.9996 0.0264 0.0032
vn -0.0326 0.1318 -0.9907
vn -0.7041 0.6590 -0.2646
vn 0.0197 0.9995 -0.0259
vn 0.1423 0.1102 -0.9837
vn -0.5587 -0.2743 -0.7827
vn 0.0203 0.0342 -0.9992
vn 0.0448 -0.0122 -0.9989
vn 0.4089 -0.6417 -0.6489
vn 0.6409 0.3453 -0.6855
vn 0.4182 -0.2232 -0.8805
vn 0.6945 -0.1119 -0.7107
vn -0.7293 0.6605 -0.1785
vn -0.7779 0.5823 -0.2363
vn 0.8098 -0.0422 0.5852
vn -0.8592 0.4062 0.3111
vn -0.7395 0.6209 0.2600
vn -0.0466 0.0072 -0.9989
vn 0.3141 -0.6524 -0.6897
vn 0.7188 -0.4379 -0.5400
vn 0.6231 -0.3382 0.7053
vn 0.6827 -0.4647 -0.5638
vn 0.5087 -0.8178 -0.2691
vn -0.1553 -0.9054 -0.3952
vn 0.6395 -0.4893 0.5929
vn 0.2007 -0.9796 -0.0088
vn 0.0461 -0.1384 0.9893
vn -0.0024 -0.0944 0.9955
vn -0.0391 -0.0391 0.9985
vn 0.1687 0.3916 0.9046
vn -0.0256 0.6915 0.7219
vn 0.1082 0.0317 0.9936
vn 0.1567 -0.0746 0.9848
vn -0.0593 -0.0138 0.9981
vn -0.9962 0.0195 -0.0847
vn -0.4241 -0.7601 -0.4922
vn -0.9952 -0.0119 -0.0967
vn -0.9878 0.0294 -0.1529
vn -0.9999 0.0095 0.0130
vn -0.9997 0.0221 0.0101
vn -0.9996 0.0209 -0.0192
vn -0.9709 0.2353 0.0436
vn -0.9678 -0.1794 0.1766
vn -0.9910 0.0367 0.1284
vn 0.0147 0.4858 0.8739
vn -0.3244 0.4705 0.8206
vn -0.4209 0.5503 0.7211
vn -0.5832 0.6934 0.4232
vn 0.8017 -0.2034 0.5621
vn 0.8669 -0.0120 0.4984
vn 0.8703 0.0058 0.4924
vn 0.0481 -0.7198 -0.6926
vn 0.6911 -0.2390 0.6821
vn 0.8732 -0.0787 0.4810
vn 0.9021 -0.2862 0.3228
vn 0.5346 -0.4921 0.6870
vn 0.1233 0.9924 -0.0000
vn -0.2426 0.9701 0.0027
vn -0.2419 0.9700 0.0232
vn 0.0848 0.9913 -0.1002
vn 0.5655 0.8248 -0.0000
vn 0.0003 0.9878 -0.1554
vn 0.4421 0.8598 -0.2555
vn -0.5476 -0.6702 0.5011
vn -0.9006 -0.1989 0.3864
vn -0.3598 -0.9319 0.0459
vn -0.6885 0.3151 0.6532
vn -0.4918 -0.5466 0.6777
vn 0.0488 -0.9931 0.1067
vn 0.0229 -0.9404 0.3393
vn 0.0542 -0.9804 0.1893
vn 0.1392 -0.9874 0.0755
vn 0.0902 -0.9949 0.0450
vn 0.0512 -0.9873 0.1503
vn 0.6501 -0.7596 0.0190
vn 0.9999 -0.0016 -0.0124
vn 0.9999 0.0018 0.0138
vn 0.6590 -0.7503 0.0522
vn 0.0302 -0.9975 0.0646
vn -0.0162 -0.9995 -0.0255
vn 0.5697 -0.8206 -0.0450
vn 0.3424 -0.2934 -0.8925
vn 0.2253 -0.0829 -0.9708
vn 0.3603 -0.4804 -0.7996
vn 0.2890 -0.1033 -0.9517
vn 0.8316 -0.4169 -0.3670
vn 0.3829 -0.5993 -0.7030
vn 0.8201 -0.2588 -0.5103
vn 0.8437 -0.0140 -0.5366
vn 0.8855 -0.4361 0.1605
vn 0.8341 -0.2259 -0.5032
vn 0.8329 -0.0122 -0.5533
vn 0.0258 0.9997 -0.0000
vn 0.4182 0.9083 -0.0058
vn 0.5284 0.8489 0.0127
vn 0.0238 0.9997 -0.0069
vn -0.0000 0.9999 0.0173
vn 0.0045 1.0000 0.0078
vn 0.0088 0.9999 -0.0090
vn -0.0465 -0.0530 0.9975
vn -0.0317 0.0343 0.9989
vn 0.0417 0.0417 0.9983
vn 0.5019 0.0269 0.8645
vn -0.0926 -0.0000 0.9957
vn 0.7365 -0.0378 0.6754
vn -0.1018 -0.0443 0.9938
vn -0.0125 0.9793 -0.2020
vn 0.0026 0.9128 -0.4083
vn -0.0231 0.9812 -0.1915
vn 0.1045 0.9936 -0.0428
vn 0.0382 0.9835 -0.1771
vn 0.1492 0.9861 -0.0737
vn 0.0037 0.8941 -0.4478
vn 0.0047 -0.0881 -0.9961
vn -0.0177 -0.0843 -0.9963
vn -0.0274 -0.1266 -0.9916
vn 0.0335 0.0303 -0.9990
vn -0.0168 0.6898 -0.7238
vn -0.0036 -0.1173 -0.9931
vn 0.0745 0.6722 -0.7366
vn 0.8411 0.4907 -0.2274
vn 0.7031 0.7101 0.0384
vn 0.8442 -0.3585 0.3985
vn 0.8976 0.4404 0.0193
vn 0.6102 0.5180 0.5995
vn 0.8465 0.0950 0.5239
vn 0.9701 0.2121 0.1180
vn -0.8261 0.4203 0.3753
vn -0.9977 0.0376 0.0569
vn -0.9971 0.0358 0.0668
vn -0.7878 0.3459 0.5097
vn -0.4461 0.1758 0.8776
vn -0.3354 0.3895 0.8578
vn -0.3643 0.4605 0.8095
vn 0.4407 -0.8609 -0.2543
vn 0.1923 -0.8924 -0.4081
vn 0.4558 -0.7593 -0.4645
vn 0.2512 -0.9373 -0.2416
vn 0.4183 -0.8661 -0.2738
vn 0.7288 -0.5827 -0.3595
vn -0.2778 0.1058 0.9548
vn -0.4691 0.0832 0.8792
vn -0.0628 0.1706 0.9833
vn -0.2127 0.1718 0.9619
vn -0.2533 0.1479 0.9560
vn -0.2863 0.0685 0.9557
vn 0.0261 -0.1304 -0.9911
vn -0.0093 0.1120 -0.9937
vn 0.2546 0.1781 -0.9505
vn 0.9956 -0.0308 -0.0890
vn 0.9158 -0.3900 -0.0964
vn 0.8319 0.1830 -0.5239
vn 0.0048 -0.6214 -0.7835
vn 0.0136 0.0378 -0.9992
vn 0.8040 -0.2490 0.5400
vn 0.3288 -0.4191 0.8463
vn 0.7443 -0.4702 0.4743
vn -0.8645 -0.1273 -0.4862
vn 0.8181 -0.0319 0.5742
vn 0.3791 -0.1291 0.9163
vn -0.7109 -0.3796 -0.5921
vn -0.0314 0.0395 0.9987
vn -0.1801 0.3267 0.9278
vn 0.1068 0.5189 0.8481
vn -0.1259 0.0998 0.9870
vn -0.0390 0.0298 0.9988
vn -0.0032 0.0030 1.0000
vn -0.0903 0.0633 0.9939
vn 0.9981 0.0038 -0.0615
vn 0.9937 0.0194 -0.1108
vn 0.9986 -0.0449 -0.0297
vn 0.9866 0.1571 -0.0452
vn 1.0000 -0.0000 -0.0000
vn 0.9995 -0.0218 -0.0235
vn -0.0167 0.8185 -0.5742
vn 0.0145 0.9259 -0.3774
vn -0.0046 0.9205 -0.3908
vn -0.0061 0.8337 -0.5522
vn 0.0273 0.7572 -0.6526
vn -0.0047 0.6463 -0.7631
vn -0.0256 0.8256 -0.5637
vn -0.9037 0.1039 -0.4153
vn -0.8909 -0.0078 -0.4541
vn -0.9533 0.2082 -0.2186
vn -0.8449 0.2802 -0.4557
vn -0.9854 0.1411 -0.0957
vn -0.9305 0.2979 -0.2132
vn 0.0159 0.9998 0.0118
vn -0.0232 0.9997 0.0030
vn 0.0243 0.9996 0.0153
vn -0.0204 0.9998 -0.0004
vn -0.0120 0.9999 -0.0101
vn 0.0042 1.0000 0.0056
vn 0.0134 0.9988 -0.0462
vn 0.0326 -0.0534 -0.9980
vn -0.0562 -0.0315 -0.9979
vn 0.0478 -0.0219 -0.9986
vn -0.0519 -0.0216 -0.9984
vn -0.0585 0.8212 0.5676
vn -0.0946 0.8298 0.5500
vn -0.0457 0.6758 0.7357
vn -0.0440 0.9438 0.3275
vn -0.0637 0.6447 0.7618
vn 0.0261 0.8235 0.5667
vn 0.0048 0.9483 0.3172
vn -0.9983 0.0045 0.0581
vn -0.9999 -0.0030 -0.0123
vn -1.0000 -0.0044 -0.0058
vn -0.9995 0.0208 0.0236
vn -0.9999 -0.0141 -0.0039
vn -0.9973 -0.0321 0.0663
vn -0.9990 0.0353 -0.0284
vn 0.9506 -0.0616 -0.3043
vn 0.9997 -0.0114 -0.0201
vn 0.9696 -0.1518 0.1918
vn 0.8385 -0.5176 -0.1706
vn 0.5997 -0.1203 -0.7911
vn 0.9081 -0.4163 -0.0454
vn 0.7115 -0.0498 -0.7009
vn 0.0001 -0.8781 -0.4785
vn 0.0120 -0.9959 0.0898
vn 0.0752 -0.9904 -0.1164
vn -0.5235 -0.4924 -0.6954
vn -0.1071 0.0296 -0.9938
vn -0.0540 -0.8229 -0.5656
vn -0.0860 -0.2606 -0.9616
vn 0.1231 -0.4489 -0.8851
vn 0.0984 -0.1994 -0.9750
vn 0.9803 -0.1809 0.0792
vn 0.9144 -0.3042 0.2670
vn 0.7285 -0.5810 0.3631
vn 0.9649 0.0358 0.2603
vn 0.8738 -0.3930 0.2864
vn 0.9924 -0.1220 0.0158
vn 0.5215 0.1008 0.8473
vn 0.6855 -0.0611 0.7255
vn 0.9573 0.0864 0.2759
vn 0.7077 0.4207 0.5676
vn 0.9872 0.0777 0.1395
vn 0.9751 0.1396 0.1724
vn 0.0546 -0.9985 0.0103
vn -0.1752 -0.9845 0.0075
vn -0.0052 -0.9999 0.0142
vn -0.0859 -0.9963 -0.0073
vn 0.0348 -0.9994 -0.0075
vn -0.0007 -1.0000 -0.0047
vn -0.0560 -0.9978 -0.0366
vn -0.5288 -0.8483 0.0283
vn 0.0465 -0.9988 -0.0137
vn -0.6382 -0.7695 0.0241
vn -0.9993 0.0309 0.0188
vn -0.9990 0.0445 0.0070
vn -0.7254 -0.6883 -0.0047
vn 0.5404 0.1247 0.8321
vn 0.0543 0.1517 0.9869
vn 0.0018 0.0913 0.9958
vn 0.9431 0.2501 0.2193
vn 0.8025 0.1874 0.5665
vn 0.4058 0.2438 0.8808
vn 0.0919 0.2485 0.9643
vn -0.0038 -0.2851 0.9585
vn 0.8083 0.2103 0.5499
vn 0.4859 -0.3489 0.8013
vn 0.0033 0.7217 0.6922
vn 0.0043 1.0000 0.0090
vn 0.7826 0.5933 0.1887
vn 0.1922 -0.0704 0.9788
vn 0.3736 0.1804 0.9099
vn 0.1217 0.3000 -0.9461
vn 0.0811 0.2733 0.9585
vn 0.0324 0.1203 0.9922
vn 0.0774 -0.0389 0.9962
vn 0.3204 0.0128 0.9472
vn 0.3882 0.3275 0.8614
vn 0.0150 0.3128 0.9497
vn 0.1081 0.4730 0.8744
vn -0.6531 0.7570 -0.0225
vn -0.4387 0.8934 -0.0965
vn -0.0015 0.9999 -0.0127
vn -0.7989 0.5610 0.2168
vn -0.8591 0.5002 -0.1086
vn -0.7405 0.6218 -0.2550
vn -0.6993 0.6780 0.2266
vn -0.9362 -0.0476 -0.3483
vn -0.6676 0.7256 0.1669
vn -0.0099 0.9999 0.0114
vn 0.0447 0.9983 0.0363
vn -0.0985 0.9951 0.0059
vn 0.5492 -0.4503 0.7040
vn 0.3025 -0.9526 -0.0325
vn 0.0182 -0.9985 -0.0508
vn 0.4264 -0.4165 0.8030
vn 0.9979 -0.0465 0.0447
vn -0.0014 -0.0903 0.9959
vn 0.0561 -0.3185 0.9463
vn -0.0272 -0.2675 0.9632
vn 0.0351 0.1589 0.9867
vn 0.0492 -0.1128 0.9924
vn -0.0546 -0.0631 0.9965
vn -0.0352 -0.0345 -0.9988
vn -0.0000 0.0001 -1.0000
vn -0.5920 0.0079 -0.8059
vn -0.0487 0.0076 -0.9988
vn -0.0314 0.0011 -0.9995
vn -0.0329 -0.0397 -0.9987
vn -0.6147 0.0266 -0.7883
vn -0.0013 1.0000 -0.0010
vn 0.0200 0.9998 -0.0088
vn 0.0007 1.0000 -0.0069
vn 0.0210 0.9996 -0.0202
vn 0.0057 0.9999 -0.0120
vn 0.2799 0.9430 -0.1800
vn 0.0035 1.0000 0.0009
vn 0.3745 0.9147 -0.1521
vn 0.7999 -0.0000 0.6001
vn 0.5237 -0.0479 0.8505
vn 0.9998 -0.0154 0.0101
vn 0.9999 0.0170 -0.0006
vn -0.0407 -0.0859 0.9955
vn 0.4293 0.6022 0.6731
vn 0.1105 0.9559 -0.2721
vn 0.1751 0.9845 -0.0128
vn 0.0693 0.9846 -0.1605
vn 0.2297 0.8715 -0.4332
vn 0.1310 0.8678 -0.4794
vn 0.1006 0.9757 -0.1948
vn -0.0003 -0.4516 0.8922
vn 0.0022 -0.9495 0.3136
vn -0.5481 -0.8015 0.2389
vn -0.2664 -0.8699 0.4150
vn -0.0000 -0.0000 1.0000
vn 0.0090 -0.2888 0.9573
vn 0.9949 -0.0631 0.0790
vn 0.9983 -0.0042 0.0589
vn 0.9998 0.0152 0.0147
vn 0.7719 -0.0818 -0.6305
vn 0.9942 -0.0652 0.0853
vn 0.9993 -0.0262 0.0252
vn -0.2364 0.9396 -0.2476
vn -0.2316 0.8802 -0.4143
vn -0.3440 0.9268 -0.1505
vn -0.0644 0.9972 -0.0388
vn -0.1424 0.9893 -0.0326
vn -0.1063 0.9942 0.0149
vn -0.7889 0.5833 0.1932
vn -0.0287 -0.6582 -0.7523
vn -0.0440 -0.4736 -0.8796
vn -0.0543 -0.6541 -0.7544
vn -0.0334 -0.7837 -0.6202
vn -0.0018 -0.7527 -0.6583
vn -0.0161 -0.6413 -0.7671
vn -0.0220 -0.4591 -0.8881
vn 0.2621 0.0002 0.9650
vn 0.0344 -0.0226 0.9992
vn 0.2280 -0.0119 0.9736
vn 0.6073 0.0323 0.7938
vn 0.6461 0.0187 0.7630
vn 0.3032 0.0154 0.9528
vn 0.0888 -0.0199 0.9958
vn 0.0388 0.1313 -0.9906
vn 0.0139 0.0625 -0.9979
vn -0.0016 0.0406 -0.9992
vn 0.0314 0.0971 -0.9948
vn 0.0184 -0.1486 -0.9887
vn -0.0096 -0.7245 -0.6892
vn 0.0120 -0.6042 -0.7967
vn 0.1211 -0.8228 -0.5553
vn -0.1902 0.4745 -0.8595
vn 0.3799 0.9212 0.0837
vn -0.1212 -0.2179 -0.9684
vn 0.0543 -0.9584 -0.2803
vn -0.4197 -0.6831 -0.5977
vn -0.5637 -0.6726 -0.4794
vn -0.3922 -0.7992 -0.4554
vn -0.9771 0.1206 -0.1753
vn -0.4066 -0.6439 -0.6482
vn -0.4090 -0.8930 -0.1877
vn -0.9344 -0.3539 -0.0393
vn -0.0090 -0.9205 -0.3907
vn -0.0903 -0.8063 -0.5846
vn -0.6639 -0.1702 -0.7282
vn -0.2311 -0.8320 -0.5044
vn 0.1889 0.2871 -0.9391
vn -0.0352 0.0628 -0.9974
vn -0.1292 -0.7276 -0.6738
vn 0.2350 -0.7903 -0.5658
vn 0.9454 -0.1152 -0.3050
vn 0.9933 -0.0010 0.1152
vn -0.6346 0.0096 0.7728
vn -0.5917 0.0043 0.8061
vn -0.9998 0.0116 -0.0150
vn -0.7806 0.0163 0.6248
vn -0.9999 0.0128 -0.0021
vn 0.3474 -0.9116 -0.2198
vn 0.2185 -0.9703 0.1037
vn 0.1088 -0.9926 -0.0544
vn 0.0008 -1.0000 -0.0054
vn 0.2484 -0.8445 -0.4745
vn 0.4619 -0.3515 -0.8143
vn 0.6583 -0.0418 -0.7516
vn 0.6802 -0.0411 -0.7319
vn 0.9972 -0.0723 -0.0208
vn 0.0170 -0.0273 -0.9995
vn 0.0431 0.0470 -0.9980
vn 0.8659 0.0855 -0.4928
vn -0.1550 0.7479 -0.6455
vn -0.0611 0.8163 -0.5744
vn -0.1322 0.6483 -0.7498
vn -0.0692 0.9339 -0.3508
vn -0.2087 0.7213 -0.6604
vn -0.2099 0.8697 -0.4467
vn -0.1772 0.6432 -0.7449
vn 0.7825 0.6197 0.0598
vn 0.6162 -0.7487 -0.2444
vn 0.0142 0.9996 -0.0244
vn 0.0223 0.9989 -0.0414
vn 0.9140 0.1039 -0.3922
vn 0.5911 -0.1635 -0.7898
vn 0.0302 -0.0121 -0.9995
vn -0.0135 0.9999 0.0007
vn 0.5040 0.5977 0.6235
vn -0.0022 0.4017 0.9158
vn -0.0346 -0.0610 0.9975
vn 0.8014 -0.0511 0.5960
vn 0.9992 -0.0295 0.0266
vn 0.4326 0.6277 0.6472
vn 0.0702 0.5833 0.8092
vn 0.3980 0.5572 0.7288
vn 0.4252 0.3933 0.8152
vn 0.2612 0.2707 0.9266
vn 0.2881 0.3741 0.8815
vn 0.7780 0.6148 -0.1293
vn 0.9831 0.1774 -0.0449
vn 0.3407 0.9353 -0.0956
vn 0.7900 0.6045 0.1028
vn -0.4025 -0.3357 0.8516
vn 0.4292 -0.8853 0.1792
vn 0.3531 0.9302 0.1004
vn 0.0001 0.9986 0.0524
vn -0.0001 1.0000 0.0011
vn -0.0793 0.9953 -0.0563
vn 0.1767 0.9618 0.2093
vn -0.0116 0.9863 0.1648
vn -0.1231 0.9716 -0.2021
vn -0.0263 0.9996 0.0073
vn 0.8654 -0.0074 0.5011
vn 0.9081 0.0173 0.4185
vn 0.9786 0.0288 0.2039
vn 0.6265 0.0059 0.7794
vn 0.7698 0.0326 0.6374
vn 0.8560 0.0261 0.5163
vn 0.6338 -0.0121 0.7734
vn 0.9998 -0.0119 -0.0134
vn 0.9987 -0.0462 0.0231
vn 0.9990 -0.0091 0.0433
vn 0.7801 -0.6219 -0.0678
vn 0.6815 -0.7318 0.0097
vn 0.9990 0.0441 -0.0098
vn 0.9998 -0.0124 0.0174
vn 0.0645 0.1251 0.9901
vn 0.0559 -0.1590 0.9857
vn 0.0936 -0.2118 0.9728
vn 0.9216 -0.1086 0.3727
vn 0.8370 -0.0115 0.5471
vn 0.7524 -0.5943 0.2841
vn 0.8078 -0.0912 0.5824
vn 0.7498 -0.5003 0.4330
vn 0.7355 -0.6273 0.2560
vn 0.0191 0.2143 0.9766
vn -0.0166 0.2094 0.9777
vn -0.0945 0.2059 0.9740
vn -0.0308 0.2422 0.9697
vn -0.0009 0.1886 0.9821
vn 0.6294 0.6250 -0.4617
vn 0.9519 -0.2756 0.1342
vn 0.9332 0.2221 -0.2827
vn 0.9963 0.0793 -0.0332
vn 0.4647 0.5485 -0.6951
vn 0.8785 -0.0456 -0.4756
vn 0.9326 -0.3350 -0.1339
vn 0.4661 0.8484 0.2507
vn 0.4846 0.8575 0.1730
vn 0.0137 0.9995 0.0274
vn 0.3200 0.3949 0.8612
vn 0.5099 0.6039 0.6127
vn -0.4626 0.8758 0.1375
vn -0.6080 -0.0021 0.7940
vn 0.5052 0.7848 0.3590
vn 0.8848 -0.1277 -0.4481
vn 0.5125 -0.8118 -0.2800
vn 0.7613 -0.4984 -0.4148
vn 0.8687 -0.0197 0.4949
vn 0.9402 -0.2875 0.1828
vn 0.2393 -0.1251 -0.9629
vn 0.6084 0.7936 0.0114
vn 0.0020 -1.0000 0.0010
vn 0.0104 -0.9999 0.0017
vn -0.0269 -0.9996 -0.0000
vn 0.0144 -0.9998 -0.0112
vn -0.0096 -0.9999 -0.0036
vn -0.0047 -1.0000 -0.0012
vn -0.0014 -1.0000 -0.0000
vn -0.7220 -0.4211 -0.5489
vn -0.9617 0.2527 -0.1061
vn -0.7916 -0.1865 -0.5818
vn -0.5418 -0.2224 -0.8106
vn -0.5737 -0.4971 -0.6510
vn -0.6615 -0.4971 -0.5615
vn -0.9658 0.1130 -0.2334
vn 0.1696 -0.7698 0.6153
vn 0.1079 -0.8164 0.5673
vn 0.2295 -0.8124 0.5361
vn 0.2978 -0.6286 0.7184
vn 0.2424 -0.5092 0.8258
vn 0.0953 -0.7196 0.6878
vn 0.1066 -0.8484 0.5185
vn -0.0000 1.0000 -0.0000
vn 0.0057 0.6290 -0.7774
vn -0.2593 0.6034 -0.7541
vn 0.9539 0.3000 -0.0065
vn 0.9997 0.0056 0.0254
vn 0.9492 0.3147 -0.0069
vn 0.9374 0.3480 -0.0137
vn 0.9915 0.0914 0.0925
vn -0.6723 0.6759 -0.3019
vn -0.0641 0.3643 -0.9291
vn -0.0099 0.2451 -0.9695
vn -0.0194 0.3394 -0.9405
vn -0.0069 -0.2931 -0.9560
vn 0.1473 -0.7844 -0.6025
vn -0.3243 -0.8232 -0.4661
vn -0.0095 -0.0951 -0.9954
vn -0.7300 -0.1127 -0.6741
vn -0.8370 -0.2411 -0.4913
vn -0.1647 0.0098 -0.9863
vn -0.0208 0.9990 -0.0399
vn -0.0222 0.9998 -0.0000
vn 0.0113 0.9998 0.0157
vn 0.0083 0.9999 0.0144
vn -0.0084 1.0000 -0.0009
vn -0.0053 0.9999 0.0152
vn -0.0206 -0.0345 -0.9992
vn -0.0150 -0.0248 -0.9996
vn -0.0407 0.0367 -0.9985
vn -0.0260 0.9403 0.3392
vn -0.0659 0.9964 0.0525
vn -0.0466 0.9988 0.0122
vn 0.0158 0.8911 0.4536
vn -0.0004 0.8709 0.4915
vn -0.0118 0.9773 0.2116
vn -0.0621 0.8721 0.4854
vn -0.0548 0.9763 0.2092
vn 0.0947 -0.7140 0.6937
vn 0.3515 -0.8805 0.3182
vn -0.8571 -0.3039 0.4160
vn -0.9499 0.1283 0.2850
vn -0.8782 -0.4778 0.0225
vn -0.0241 0.1240 0.9920
vn -0.7423 0.2816 0.6081
vn 0.1691 -0.9532 0.2506
vn -0.1873 -0.1818 0.9653
vn 0.0005 0.0660 0.9978
vn -0.0939 -0.8050 0.5857
vn -0.0078 -0.9999 -0.0120
vn -0.0098 -0.9999 -0.0027
vn -0.0991 -0.8933 -0.4383
vn 0.0032 -0.9999 -0.0167
vn -0.3147 -0.8671 -0.3861
vn 0.9984 0.0361 -0.0444
vn 0.9993 -0.0285 -0.0253
vn 0.9995 0.0289 -0.0114
vn 0.9993 0.0203 -0.0321
vn 0.9998 -0.0127 -0.0133
vn 0.0060 0.7226 -0.6912
vn -0.0063 0.8201 -0.5722
vn -0.0249 0.7151 -0.6986
vn 0.0309 0.8133 -0.5810
vn -0.0157 0.5163 -0.8563
vn -0.0311 0.4970 -0.8672
vn -0.0343 0.6870 -0.7258
vn 0.6922 0.3134 -0.6501
vn 0.7768 0.1145 -0.6192
vn 0.7676 0.1565 -0.6216
vn 0.5497 0.2374 -0.8009
vn -0.1419 0.6382 -0.7567
vn 0.1815 0.2392 -0.9539
vn 0.0636 0.0666 -0.9958
vn 0.0686 0.0861 -0.9939
vn 0.0356 0.0535 -0.9979
vn 0.0292 0.0345 -0.9990
vn -0.0000 0.0810 -0.9967
vn -0.0322 -0.0322 -0.9990
vn -0.0760 0.1141 -0.9906
vn -0.9979 0.0492 0.0430
vn -0.9883 -0.1522 -0.0021
vn -0.5430 0.6449 -0.5378
vn -0.3845 0.8684 -0.3132
vn -0.3731 0.5219 -0.7670
vn -0.5716 0.5549 -0.6044
vn -0.5546 0.5434 -0.6302
vn -0.6034 0.5575 -0.5702
vn -0.5730 0.5544 -0.6036
vn -0.6188 0.6149 -0.4889
vn 0.0481 -0.9351 0.3512
vn 0.0521 -0.9969 0.0591
vn 0.3659 -0.8651 0.3430
vn 0.4591 -0.6197 0.6366
vn 0.5250 -0.0056 0.8511
vn 0.0394 -0.0162 0.9991
vn -0.0149 -0.6858 0.7277
vn -0.0260 -0.9994 0.0227
vn 0.9944 -0.0075 -0.1054
vn 0.9265 0.3373 0.1668
vn 0.8069 -0.5859 -0.0744
vn 0.9930 -0.0000 -0.1180
vn 0.7492 0.0749 -0.6581
vn 0.6726 -0.7362 -0.0747
vn -0.0170 0.9998 0.0082
vn -0.0090 0.9982 0.0594
vn 0.0022 1.0000 0.0094
vn -0.0000 0.6709 -0.7416
vn -0.1166 0.6264 -0.7708
vn -0.0166 0.9991 -0.0397
vn -0.9989 0.0159 -0.0448
vn -0.9988 0.0446 0.0187
vn -0.9992 0.0373 0.0164
vn -0.8350 -0.5121 0.2014
vn -0.3821 0.0382 -0.9233
vn -0.5172 -0.6034 -0.6070
vn -0.0696 0.2840 -0.9563
vn -0.4914 -0.0670 -0.8683
vn -0.0041 0.3797 -0.9251
vn -0.0068 0.5390 -0.8423
vn -0.3544 0.9277 -0.1174
vn 0.0051 0.4168 -0.9090
vn 0.2888 0.2561 -0.9225
vn 0.0389 0.9896 -0.1384
vn -0.0428 0.9935 -0.1051
vn -0.1348 0.9805 -0.1430
vn 0.2525 0.8828 0.3962
vn -0.2288 0.9290 0.2909
vn -0.0408 0.9671 -0.2509
vn 0.2661 0.9235 0.2764
vn 0.3855 0.8915 -0.2381
vn 0.3057 0.9411 0.1446
vn 0.7629 0.6461 0.0242
vn 0.7985 0.6010 0.0349
vn 0.2273 0.9166 -0.3288
vn 0.1739 0.9144 -0.3656
vn 0.8986 -0.3575 0.2546
vn 0.9326 -0.2474 0.2627
vn 0.2707 -0.9159 0.2963
vn 0.9361 0.1957 -0.2923
vn 0.9614 0.1919 0.1972
vn 0.2930 -0.9553 0.0381
vn 0.8393 -0.5431 -0.0247
vn 0.8782 -0.4740 0.0636
vn 0.0411 -0.9991 0.0120
vn 0.9975 0.0712 -0.0000
vn 0.9993 0.0366 0.0028
vn 0.7326 -0.6805 0.0137
vn 0.0526 0.2871 -0.9565
vn 0.0437 -0.0129 -0.9990
vn 0.0559 0.0026 -0.9984
vn 0.0529 0.2623 -0.9635
vn 0.0366 0.5045 -0.8626
vn 0.0352 0.2612 -0.9646
vn 0.0908 0.5386 -0.8377
vn -0.0075 0.0076 0.9999
vn 0.4008 0.6464 0.6492
vn -0.8753 0.3448 0.3392
vn -0.3730 -0.6744 -0.6372
vn -0.5683 -0.0128 0.8228
vn -0.0507 -0.0357 0.9981
vn -0.0266 -0.0248 0.9993
vn 0.0279 0.9971 0.0705
vn 0.1015 0.9641 0.2452
vn 0.1398 0.9885 0.0582
vn 0.0445 0.9929 -0.1104
vn 0.0011 1.0000 -0.0032
vn 0.0068 0.9999 0.0131
vn 0.0029 1.0000 0.0017
vn -0.0000 0.0286 0.9996
vn -0.0390 0.0493 0.9980
vn -0.0006 0.0553 0.9985
vn -0.0027 0.0437 0.9990
vn -0.0526 -0.0044 0.9986
vn -0.0022 -0.0244 0.9997
vn 0.1896 0.4551 0.8700
vn 0.1365 0.4380 0.8886
vn 0.1095 0.3078 0.9451
vn 0.2212 0.4756 0.8514
vn 0.1722 0.0994 0.9800
vn 0.3290 0.2834 0.9008
vn 0.2477 0.4730 0.8455
vn 0.1508 -0.9617 -0.2290
vn 0.2585 -0.9254 -0.2773
vn 0.1169 -0.9895 -0.0855
vn 0.1587 -0.9781 -0.1345
vn 0.0559 -0.9618 -0.2679
vn 0.0365 -0.9181 -0.3946
vn 0.1743 -0.8786 -0.4446
vn -0.0005 1.0000 0.0072
vn 0.0073 0.8573 0.5148
vn -0.0225 0.8017 0.5973
vn 0.0900 0.9889 0.1181
vn 0.0026 1.0000 0.0002
vn 0.9998 0.0191 0.0066
vn 1.0000 -0.0055 0.0053
vn 0.9999 -0.0068 0.0143
vn 0.9996 0.0061 0.0269
vn 0.9999 0.0030 0.0167
vn 0.9998 0.0128 0.0167
vn -0.1975 0.9677 0.1569
vn -0.5886 0.7875 -0.1824
vn -0.7907 0.6052 0.0920
vn -0.8603 0.4585 0.2228
vn 0.2499 0.9682 -0.0108
vn 0.5535 -0.7207 -0.4174
vn 0.4506 -0.8735 -0.1839
vn 0.3399 -0.8425 -0.4180
vn 0.3867 -0.3156 -0.8665
vn 0.5451 0.0158 -0.8382
vn 0.5486 -0.4959 -0.6732
vn 0.3694 -0.5195 -0.7705
vn 0.2499 -0.0296 -0.9678
vn 0.5331 -0.0158 -0.8459
vn 0.8002 0.0218 -0.5993
vn 0.2390 -0.0131 -0.9709
vn -0.0223 -0.6638 -0.7476
vn 0.0410 -0.9992 0.0007
vn -0.0276 -0.9990 -0.0339
vn 0.0039 0.0357 -0.9994
vn 0.0621 -0.5204 -0.8517
vn -0.0093 -0.7091 -0.7051
vn 0.0028 -0.0013 -1.0000
vn -0.0938 0.0250 -0.9953
vn -0.0068 0.1510 -0.9885
vn -0.0474 -0.1527 -0.9871
vn -0.2760 -0.3669 -0.8884
vn -0.5283 -0.2627 -0.8074
vn -0.0881 -0.0029 -0.9961
vn -0.6241 0.7773 -0.0800
vn -0.7839 0.6209 -0.0039
vn -0.8348 0.5160 -0.1922
vn -0.6641 0.7475 0.0158
vn -0.9544 0.2859 0.0865
vn -0.7736 0.4808 0.4126
vn -0.0015 0.9995 0.0304
vn -0.0043 0.9998 -0.0205
vn 0.0300 0.9994 -0.0192
vn -0.0419 0.9991 0.0051
vn -0.0341 0.9992 0.0227
vn -0.0028 1.0000 0.0045
vn 0.0126 0.9999 0.0071
vn -0.0225 0.9994 0.0244
vn -0.0209 -0.0417 0.9989
vn 0.0015 -0.0563 0.9984
vn -0.0922 0.0053 0.9957
vn -0.0407 0.9214 -0.3864
vn -0.0501 0.9425 -0.3304
vn -0.0387 0.9670 -0.2517
vn -0.0312 0.8330 -0.5524
vn -0.0533 0.8520 -0.5209
vn -0.0469 0.9288 -0.3675
vn -0.0187 0.9886 -0.1492
vn -0.9984 -0.0389 -0.0415
vn -0.9999 0.0122 -0.0117
vn -0.9990 -0.0342 -0.0293
vn -0.9993 -0.0227 -0.0281
vn -0.9997 -0.0200 -0.0169
vn -0.9997 -0.0263 0.0010
vn -0.8204 -0.0426 0.5702
vn -0.9980 -0.0414 -0.0483
vn -0.5420 -0.5716 0.6161
vn -0.6140 0.0444 0.7880
vn 0.0264 -0.0205 0.9994
vn -0.0752 -0.3143 0.9463
vn -0.0559 -0.0532 0.9970
vn -0.1525 0.0576 0.9866
vn -0.1281 -0.5351 0.8350
vn -0.0742 -0.5168 0.8529
vn -0.0752 -0.3066 0.9489
vn -0.1136 -0.1924 0.9747
vn -0.7689 -0.6359 -0.0666
vn -0.4474 -0.8793 -0.1636
vn -0.8258 -0.3844 -0.4126
vn -0.6015 -0.7552 -0.2604
vn -0.9150 -0.1818 -0.3601
vn -0.9235 -0.2850 0.2568
vn -0.7538 -0.6462 -0.1188
vn -0.0078 0.2068 0.9783
vn -0.2934 0.1477 0.9445
vn -0.0145 0.2383 0.9711
vn 0.5773 0.1906 0.7940
vn 0.3944 0.6382 0.6612
vn -0.6936 0.1423 0.7061
vn -0.2037 0.0984 0.9741
vn 0.2825 0.2057 0.9370
vn 0.1939 0.1143 0.9743
vn -0.0306 0.5721 0.8196
vn 0.9754 0.1421 -0.1685
vn 0.9897 0.0584 -0.1310
vn 0.9915 0.0925 -0.0911
vn 0.9991 -0.0366 -0.0218
vn 0.8333 -0.0774 0.5474
vn -0.6104 0.0624 -0.7897
vn 0.3256 0.4589 0.8267
vn 0.4256 0.1690 0.8890
vn 0.7534 0.1055 0.6490
vn -0.0048 -0.0503 -0.9987
vn 0.0012 -0.0253 -0.9997
vn 0.0236 -0.0152 -0.9996
vn -0.0067 -0.0808 -0.9967
vn 0.3421 -0.1568 -0.9265
vn 0.0100 -0.1005 -0.9949
vn 0.0045 -0.0275 -0.9996
vn 0.4131 -0.1314 -0.9011
vn 0.8161 -0.2550 -0.5187
vn -0.0105 -0.0016 0.9999
vn 0.0380 -0.0722 0.9967
vn 0.0025 -0.0057 1.0000
vn -0.0064 0.7369 0.6760
vn -0.0075 0.7624 0.6471
vn -0.0014 -0.0624 0.9981
vn 0.0001 -1.0000 0.0023
vn 0.7755 -0.1095 0.6218
vn -0.0002 -0.9715 0.2371
vn -0.9509 -0.0409 -0.3068
vn -0.0053 -1.0000 0.0063
vn 0.4022 -0.7868 -0.4682
vn -0.0232 -0.9988 0.0430
vn 0.0799 0.3055 -0.9488
vn 0.1512 0.0316 -0.9880
vn 0.0799 0.1607 -0.9838
vn 0.0154 0.2329 -0.9724
vn 0.0466 0.5284 -0.8477
vn 0.0772 0.2629 -0.9617
vn 0.0565 0.5521 -0.8318
vn 0.4425 -0.7843 0.4348
vn 0.1735 -0.9317 -0.3191
vn -0.0453 -0.9615 -0.2710
vn 0.7660 -0.4706 -0.4378
vn -0.0489 -0.8542 -0.5177
vn -0.7345 -0.5449 -0.4044
vn -0.0078 -0.0140 -0.9999
vn 0.8390 0.2899 -0.4604
vn 0.6884 0.5132 -0.5125
vn -0.0152 0.9998 -0.0127
vn -0.5656 0.4968 -0.6582
vn -0.2127 0.8130 0.5420
vn -0.9966 -0.0467 -0.0673
vn 0.0375 -0.1946 -0.9802
vn 0.0500 0.0384 -0.9980
vn 0.0786 -0.4715 -0.8784
vn 0.0451 -0.4406 -0.8966
vn 0.0713 -0.2045 -0.9763
vn 0.0142 -0.2372 -0.9714
vn -0.0342 -0.9990 0.0293
vn -0.0007 -0.9994 0.0336
vn -0.0011 -1.0000 -0.0095
vn -0.0218 -0.9997 -0.0113
vn -0.0096 -0.9999 -0.0041
vn 0.0781 0.9662 0.2456
vn 0.0013 0.7970 0.6039
vn -0.0171 0.4012 0.9159
vn -0.0075 0.9094 0.4159
vn 0.4001 0.8992 0.1771
vn 0.0807 0.7610 -0.6438
vn 0.2995 0.9536 0.0304
vn 0.2046 0.9533 -0.2222
vn -0.2585 0.4117 -0.8739
vn 0.1055 0.3887 -0.9153
vn 0.2779 0.3969 -0.8748
vn 0.3970 0.5871 -0.7055
vn -0.0032 0.9998 0.0207
vn -0.1148 0.9597 -0.2566
vn 0.0775 0.7647 -0.6397
vn 0.5244 0.8495 0.0579
vn 0.7997 0.5984 0.0494
vn 0.7846 0.6184 -0.0448
vn 0.5090 0.8493 -0.1400
vn 0.1779 0.9840 0.0131
vn 0.3650 0.9303 0.0356
vn 0.0385 -0.3423 -0.9388
vn -0.4175 0.6705 -0.6133
vn -0.1727 0.2231 -0.9594
vn -0.1626 0.1363 -0.9772
vn -0.0036 0.0181 -0.9998
vn 0.0050 0.0908 -0.9959
vn -0.9023 -0.2838 -0.3245
vn 0.0087 -0.9997 0.0211
vn 0.0736 -0.9943 0.0767
vn 0.2337 -0.9266 0.2947
vn -0.0088 -0.9998 0.0161
vn 0.0223 -0.8859 0.4634
vn -0.1280 -0.9917 0.0084
vn -0.3290 -0.5544 0.7645
vn -0.2076 -0.9093 0.3606
vn -0.0091 -0.9998 -0.0154
vn -0.0080 -0.9999 0.0105
vn 0.0160 -0.9998 -0.0088
vn -0.5420 -0.8289 0.1382
vn -0.8015 0.2067 0.5611
vn -0.8522 0.2837 0.4396
vn -0.8245 0.1761 0.5377
vn -0.8160 0.1681 0.5531
vn -0.9291 0.0794 0.3613
vn -0.8384 0.3356 0.4294
vn -0.2590 0.9185 0.2988
vn 0.0240 -0.5232 0.8519
vn -0.0151 -0.4730 0.8809
vn 0.0348 -0.3922 0.9192
vn -0.0042 -0.6748 0.7380
vn -0.0538 -0.6339 0.7715
vn 0.0092 -0.5257 0.8506
vn -0.0580 -0.3679 0.9280
vn 0.3042 0.3019 -0.9035
vn 0.3072 0.6580 -0.6876
vn 0.5651 0.3172 -0.7616
vn -0.1118 0.2543 -0.9606
vn 0.3026 0.1046 -0.9474
vn -0.0000 -0.0141 0.9999
vn -0.0642 0.1190 0.9908
vn -0.0412 0.1223 0.9916
vn 0.1199 -0.8528 0.5082
vn -0.0320 -0.9869 -0.1579
vn -0.4811 0.0926 0.8718
vn -0.9999 -0.0161 -0.0000
vn 0.3268 -0.0566 0.9434
vn -0.0140 -0.6897 -0.7240
vn -0.0974 -0.5657 -0.8188
vn 0.0520 -0.4405 -0.8963
vn 0.1417 -0.5057 -0.8510
vn -0.1127 -0.7235 -0.6811
vn 0.0641 -0.7797 -0.6229
vn -0.0093 -0.8407 -0.5414
vn -0.7980 0.1605 0.5809
vn -0.7134 0.4052 0.5717
vn -0.8028 0.1929 0.5643
vn -0.4943 0.3262 0.8058
vn -0.9066 -0.0162 0.4216
vn -0.5207 0.1528 0.8399
vn -0.8172 0.0635 0.5728
vn -0.0263 -0.0298 0.9992
vn 0.6035 -0.0284 0.7969
vn 0.7568 0.0195 0.6534
vn 0.0272 0.0308 0.9992
vn 0.0016 -0.0016 1.0000
vn 0.0294 -0.0147 0.9995
vn -0.7581 0.1353 0.6379
vn -0.4304 0.4601 0.7765
vn 0.0231 0.4086 0.9124
vn -0.6051 0.4274 0.6717
vn -0.9116 0.1708 0.3739
vn 0.7214 -0.2981 0.6251
vn 0.9620 -0.2634 -0.0724
vn 0.7095 0.0116 0.7046
vn 0.9621 0.0031 0.2726
vn 0.0763 0.9970 0.0090
vn 0.1178 0.7385 -0.6639
vn -0.0063 0.9999 0.0138
vn 0.0460 0.9989 0.0077
vn 0.0864 0.6912 -0.7175
vn -0.0213 0.9998 -0.0023
vn -0.9972 0.0305 0.0676
vn -0.9980 0.0134 -0.0621
vn -0.9971 0.0718 0.0258
vn -0.7127 -0.0230 0.7011
vn -0.9989 -0.0027 -0.0459
vn -0.5374 0.0717 0.8403
vn -0.9897 0.0426 0.1366
vn -0.0562 0.7882 -0.6128
vn -0.0759 0.9121 -0.4028
vn -0.0305 0.9086 -0.4166
vn -0.0348 0.6973 -0.7159
vn -0.0532 0.6493 -0.7586
vn -0.1129 0.7817 -0.6134
vn 0.9055 -0.2628 -0.3331
vn 0.7754 -0.1021 -0.6232
vn 0.8022 -0.2955 -0.5188
vn 0.8024 -0.2029 -0.5612
vn -0.0127 -0.4522 -0.8918
vn -0.1622 0.5892 -0.7916
vn 0.0108 0.6916 -0.7222
vn -0.0243 -0.5129 -0.8581
vn -0.0074 -0.9508 -0.3098
vn -0.2505 -0.7952 -0.5522
vn 0.6152 0.7413 -0.2682
vn 0.9326 0.3608 0.0013
vn 0.5955 0.7403 0.3119
vn 0.9399 0.3414 0.0054
vn 0.1245 0.9904 -0.0602
vn -0.7110 -0.1546 -0.6860
vn -0.4641 0.7805 -0.4188
vn -0.2588 0.7995 -0.5420
vn -0.3599 -0.8242 -0.4373
vn -0.6683 -0.6593 -0.3444
vn -0.8607 0.3537 -0.3662
vn 0.0595 -0.9970 -0.0505
vn 0.0563 -0.9906 -0.1247
vn 0.0814 -0.9766 -0.1992
vn 0.0604 -0.9867 -0.1506
vn 0.1400 -0.9900 -0.0159
vn 0.1194 -0.9839 0.1329
vn 0.1503 -0.9753 0.1619
vn -0.0000 -0.9994 -0.0360
vn 0.5664 -0.8241 -0.0000
vn 0.5685 -0.8222 -0.0273
vn 0.0115 -0.9996 0.0268
vn 0.0695 -0.9970 0.0331
vn -0.0110 -0.9996 -0.0253
vn 0.2980 -0.4493 0.8422
vn 0.5819 -0.5210 0.6244
vn 0.7943 -0.1407 0.5910
vn 0.2853 -0.3044 0.9088
vn 0.3204 -0.5194 0.7922
vn 0.1988 -0.3255 0.9244
vn 0.2390 -0.5272 0.8154
vn -0.8440 -0.0218 -0.5360
vn -0.9245 0.0946 -0.3694
vn -0.8099 0.3344 -0.4819
vn -0.8746 -0.4769 -0.0878
vn -0.7850 -0.4552 -0.4202
vn -0.3149 -0.8612 -0.3990
vn -0.0060 0.9999 -0.0119
vn 0.0112 0.9999 0.0095
vn 0.0159 0.7372 -0.6755
vn 0.0164 0.7326 -0.6805
vn 0.0057 0.9996 -0.0284
vn 0.0052 1.0000 0.0064
vn 0.0470 0.0365 -0.9982
vn -0.1100 0.0374 -0.9932
vn 0.7308 -0.0209 -0.6823
vn 0.0706 -0.0094 -0.9975
vn -0.0380 0.1588 -0.9866
vn 0.7651 -0.0235 -0.6435
vn 0.1123 -0.0000 -0.9937
vn 0.0422 0.9267 0.3734
vn 0.0206 0.9347 0.3549
vn 0.0223 0.9866 0.1619
vn 0.0151 0.9897 0.1426
vn 0.0241 0.8467 0.5316
vn 0.0422 0.0355 0.9985
vn 0.0223 -0.0401 0.9989
vn -0.0742 0.0121 0.9972
vn 0.9546 0.0214 -0.2971
vn 0.9684 0.1566 -0.1942
vn 0.9857 -0.0400 -0.1635
vn -0.0421 -0.9991 -0.0032
vn -0.0277 -0.9994 -0.0194
vn 0.0122 -0.9999 -0.0113
vn -0.0191 -0.9998 0.0087
vn -0.0156 -0.9998 0.0135
vn -0.0461 -0.9989 -0.0099
vn 0.0179 -0.9998 0.0117
vn 0.2649 -0.0115 -0.9642
vn 0.3360 -0.1570 -0.9287
vn 0.1710 0.0838 -0.9817
vn 0.2161 0.2691 -0.9386
vn 0.3320 -0.0000 -0.9433
vn 0.1513 0.2881 -0.9456
vn 0.3241 -0.1868 -0.9274
vn -0.2022 -0.9560 0.2126
vn -0.2179 -0.9610 0.1704
vn -0.2023 -0.9713 0.1250
vn -0.1678 -0.9319 0.3217
vn -0.1539 -0.8707 0.4671
vn -0.2029 -0.8527 0.4814
vn -0.3578 -0.8735 0.3302
vn 0.0075 0.7031 -0.7110
vn 0.3358 0.7266 -0.5995
vn 0.7098 0.2075 -0.6731
vn 0.0312 0.9324 -0.3600
vn -0.1634 0.9169 -0.3642
vn 0.0161 0.3351 -0.9420
vn -0.3450 0.7218 -0.6000
vn 0.1702 -0.1000 -0.9803
vn -0.4611 -0.1707 -0.8708
vn -0.7930 -0.1768 -0.5830
vn 0.0107 -0.1108 -0.9938
vn -0.5173 -0.2323 -0.8236
vn 0.0178 -0.1714 -0.9850
vn 0.0244 0.5689 -0.8220
vn 0.0365 0.2904 -0.9562
vn 0.0328 0.5544 -0.8316
vn -0.0119 0.7014 -0.7126
vn 0.0442 0.5222 -0.8517
vn 0.0476 0.6925 -0.7198
vn 0.0404 0.2920 -0.9556
vn -0.2324 0.2242 -0.9464
vn -0.0118 0.0018 -0.9999
vn -0.1070 0.0778 -0.9912
vn -0.4219 0.4280 -0.7993
vn -0.4977 0.4790 -0.7231
vn -0.0043 0.0244 -0.9997
vn -0.0231 0.0798 -0.9965
vn -0.0241 -0.9997 -0.0108
vn 0.0485 -0.9963 -0.0705
vn -0.1183 -0.9438 0.3088
vn 0.6007 -0.7930 0.1014
vn -0.0300 0.0221 0.9993
vn -0.0682 0.7189 0.6918
vn -0.0299 -0.0397 0.9988
vn 0.0147 0.6264 0.7794
vn -0.0154 0.0335 0.9993
vn 0.0132 -0.0192 0.9997
vn -0.0422 0.9349 0.3524
vn -0.0782 0.9877 0.1354
vn -0.6071 0.7735 0.1819
vn -0.4443 0.8687 0.2188
vn 0.0178 0.8634 0.5042
vn -0.5861 -0.7535 0.2979
vn -0.8900 0.3654 -0.2729
vn -0.5301 -0.8128 0.2417
vn -0.5864 0.6822 -0.4367
vn -0.7634 0.5437 -0.3487
vn -0.4896 0.5625 -0.6663
vn -0.6967 0.6930 -0.1852
vn -0.5147 0.8200 -0.2502
vn -0.5229 0.6861 -0.5058
vn -0.5021 0.4802 -0.7192
vn -0.4457 0.1880 -0.8752
vn -0.6980 0.1740 -0.6946
vn -0.4150 -0.6119 -0.6733
vn -0.1089 -0.1221 -0.9865
vn -0.0699 -0.7518 -0.6557
vn -0.6833 -0.3524 -0.6395
vn -0.4089 -0.5745 -0.7090
vn -0.3991 -0.5749 -0.7143
vn 0.1790 -0.4980 -0.8485
vn -0.3855 -0.8416 -0.3783
vn -0.2231 0.8786 -0.4223
vn -0.2978 0.8334 -0.4656
vn -0.3176 0.8913 -0.3237
vn -0.2343 0.7892 -0.5676
vn -0.2114 0.8045 -0.5551
vn -0.1553 0.9840 -0.0878
vn -0.1534 0.9289 -0.3372
vn 0.0097 0.0038 -0.9999
vn -0.0000 0.0043 -1.0000
vn -0.0569 0.0209 -0.9982
vn -0.0443 0.0488 -0.9978
vn 0.1244 0.9039 -0.4092
vn 0.8372 0.2077 0.5059
vn 0.4599 0.2957 -0.8373
vn 0.8401 0.4625 -0.2836
vn 0.9481 -0.1780 -0.2634
vn 0.8890 0.0205 -0.4574
vn 0.7132 0.6743 -0.1915
vn -0.9991 0.0413 0.0005
vn -0.9995 0.0324 -0.0000
vn -0.9992 0.0297 0.0280
vn -0.2277 0.8509 0.4734
vn -0.2313 0.8485 0.4761
vn -0.2358 0.9154 0.3263
vn -0.1665 0.8687 0.4666
vn -0.1912 0.7165 0.6709
vn -0.2944 -0.9434 -0.1524
vn -0.2597 -0.8797 -0.3984
vn -0.2816 -0.8895 -0.3598
vn -0.3043 -0.9463 -0.1091
vn -0.2484 -0.9468 -0.2044
vn -0.3325 -0.9386 -0.0922
vn -0.3494 -0.9370 0.0013
vn -0.0161 0.4651 0.8851
vn 0.1436 0.9505 0.2757
vn -0.0004 0.8679 0.4967
vn 0.1841 0.9219 0.3408
vn 0.0015 0.3658 0.9307
vn -0.0191 0.3395 0.9404
vn -0.6111 0.7702 0.1828
vn 0.1282 0.7835 -0.6080
vn 0.4510 0.5724 -0.6848
vn 0.3711 0.5609 -0.7401
vn 0.3474 0.6922 -0.6326
vn 0.3923 0.5367 -0.7470
vn 0.6882 0.6545 -0.3130
vn 0.3110 0.6550 -0.6887
vn -0.7221 0.3350 0.6053
vn -0.9486 -0.0967 0.3013
vn -0.9943 0.1057 -0.0150
vn -0.9908 0.0170 0.1345
vn -0.9997 -0.0200 -0.0119
vn -0.9845 -0.1658 0.0571
vn -0.9030 0.2963 0.3111
vn 0.0659 0.2827 0.9569
vn 0.0732 0.6650 0.7432
vn 0.8715 -0.4902 -0.0138
vn 0.9862 -0.0297 -0.1629
vn 0.6698 0.6978 -0.2538
vn 0.9489 0.0373 -0.3134
vn 0.8505 -0.4494 -0.2733
vn -0.0305 -0.9983 -0.0488
vn -0.0083 -0.9998 -0.0200
vn 0.0225 -0.9994 -0.0258
vn 0.4186 -0.9077 -0.0299
vn -0.0539 -0.6171 -0.7850
vn 0.0103 -0.5356 -0.8444
vn 0.0273 -0.1243 -0.9919
vn -0.0142 -0.6833 -0.7300
vn -0.0360 -0.2251 -0.9737
vn 0.0667 -0.5214 -0.8507
vn -0.0140 -0.7560 -0.6544
vn -0.0323 -0.7227 -0.6904
vn -0.7087 -0.4864 0.5109
vn -0.8092 -0.2666 0.5235
vn -0.6206 -0.7269 0.2941
vn -0.5725 -0.7629 0.3004
vn -0.5227 -0.5179 -0.6772
vn -0.0025 -0.3090 -0.9511
vn -0.0083 0.0804 -0.9967
vn 0.4290 -0.3621 -0.8275
vn -0.0066 -0.8227 -0.5685
vn -0.0238 -0.4125 -0.9106
vn -0.0643 0.0214 -0.9977
vn 0.2281 -0.8378 -0.4960
vn 0.4916 -0.0854 0.8666
vn 0.2043 -0.8076 0.5532
vn 0.1352 0.7749 -0.6175
vn -0.2251 0.7034 -0.6742
vn -0.1302 0.7643 -0.6316
vn 0.0131 0.8160 -0.5779
vn 0.5189 0.7267 -0.4502
vn 0.9433 0.2956 -0.1510
vn 0.7882 0.1870 -0.5863
vn -0.0964 0.3582 -0.9287
vn 0.9504 -0.3109 0.0076
vn 0.8485 -0.5279 -0.0363
vn 0.7316 -0.6462 -0.2173
vn 0.9581 -0.2408 -0.1550
vn 0.7608 -0.2772 0.5868
vn 0.9812 -0.1721 0.0872
vn 0.4363 -0.1506 0.8871
vn 0.8924 0.1290 0.4324
vn 0.0258 0.9997 0.0008
vn -0.2879 0.9568 0.0414
vn 0.0136 0.9999 -0.0089
vn 0.0046 1.0000 0.0074
vn 0.0164 0.9999 -0.0044
vn -0.2068 -0.5225 0.8271
vn 0.1434 -0.4948 0.8571
vn 0.0172 -0.0219 0.9996
vn -0.2089 -0.0360 0.9773
vn -0.4157 -0.5899 0.6923
vn -0.9943 0.0847 0.0648
vn -0.8460 0.4923 -0.2048
vn -0.8945 0.2866 0.3432
vn -0.9870 -0.1476 0.0639
vn -0.0147 0.9998 0.0141
vn -0.9951 0.0281 0.0948
vn 0.3421 -0.3369 0.8772
vn 0.5713 0.7840 0.2428
vn 0.3624 0.3527 0.8627
vn -0.5687 0.4414 0.6940
vn 0.4109 -0.7377 0.5356
vn -0.5764 -0.6990 0.4233
vn 0.0723 -0.9974 -0.0082
vn -0.0261 -0.9993 0.0280
vn -0.0892 -0.9899 0.1104
vn -0.0389 -0.9837 0.1755
vn 0.0940 -0.9956 -0.0026
vn -0.0203 -0.9720 -0.2340
vn -0.0191 -0.9850 -0.1712
vn 0.2530 0.8920 -0.3747
vn 0.0090 0.8661 -0.4998
vn 0.9565 0.2028 -0.2098
vn 0.4012 0.5776 -0.7109
vn 0.9990 -0.0450 -0.0056
vn 0.9995 -0.0089 -0.0309
vn 0.9998 -0.0101 -0.0164
vn 0.9983 -0.0542 0.0223
vn 0.9990 -0.0332 -0.0309
vn 0.9993 -0.0346 -0.0150
vn -0.0213 0.9562 -0.2918
vn -0.0367 0.9068 -0.4199
vn -0.0349 0.9694 -0.2428
vn -0.8160 0.2465 -0.5229
vn -0.8463 0.1511 -0.5108
vn -0.7146 0.2913 -0.6360
vn -0.4505 0.7005 -0.5535
vn -0.9174 0.2107 -0.3377
vn -0.7510 0.0097 -0.6603
vn 0.0038 -0.9998 -0.0184
vn 0.0033 -0.9997 -0.0247
vn -0.2079 0.9744 -0.0857
vn -0.7481 0.5383 -0.3881
vn -0.2995 0.9356 0.1872
vn -0.6010 -0.0043 -0.7992
vn -0.6182 0.0255 -0.7856
vn 0.0194 0.0119 -0.9997
vn -0.5634 -0.0439 -0.8250
vn 0.0348 -0.0114 -0.9993
vn 0.2252 0.9591 -0.1715
vn 0.5723 0.7806 -0.2514
vn 0.1705 0.9545 -0.2446
vn 0.0039 0.0098 0.9999
vn 0.0433 -0.0618 0.9971
vn 0.1595 0.0910 0.9830
vn 0.0084 0.0116 0.9999
vn 0.0161 -0.0045 0.9999
vn -0.0042 0.0106 0.9999
vn 0.0352 0.0652 0.9973
vn 0.0267 0.0939 0.9952
vn 0.0015 0.0016 1.0000
vn -0.0790 -0.2233 0.9716
vn -0.1423 0.2531 0.9569
vn -0.2149 0.1832 0.9593
vn 0.0272 0.0215 0.9994
vn 0.0257 0.0637 0.9976
vn -0.0201 0.0407 0.9990
vn -0.9504 -0.3110 -0.0045
vn 0.0141 0.9894 -0.1447
vn 0.1407 0.9385 0.3154
vn -0.0337 0.9992 -0.0211
vn 0.0449 0.9990 0.0001
vn 0.9892 0.0433 0.1397
vn 0.9883 0.0504 0.1440
vn 0.9913 0.0258 0.1289
vn 0.9918 0.0129 0.1270
vn 0.9873 0.0486 0.1511
vn -0.0582 0.3015 -0.9517
vn -0.0351 0.1758 -0.9838
vn -0.0842 0.2280 -0.9700
vn -0.8194 0.1782 -0.5448
vn -0.8037 0.2654 -0.5325
vn 0.0043 0.2171 -0.9761
vn -0.8089 0.2472 -0.5334
vn -0.0607 0.7178 -0.6936
vn -0.5929 0.5789 -0.5597
vn -0.5489 -0.8328 0.0725
vn -0.9993 0.0237 0.0279
vn -0.9996 0.0157 0.0222
vn 0.0296 -0.9986 0.0449
vn 0.0176 -0.9995 0.0280
vn -0.4432 -0.8951 -0.0494
vn 0.0383 0.7337 -0.6783
vn 0.0291 0.0655 -0.9974
vn 0.0276 0.0552 -0.9981
vn -0.0224 0.7208 -0.6928
vn 0.0013 0.9994 -0.0354
vn 0.0164 0.9988 -0.0455
vn -0.0154 0.6036 -0.7971
vn -0.0409 0.1745 -0.9838
vn 0.0485 0.0925 -0.9945
vn 0.3665 -0.2775 -0.8881
vn 0.0428 0.4144 -0.9091
vn -0.2989 0.1678 -0.9394
vn -0.7390 0.6655 0.1051
vn -0.2568 0.9629 0.0824
vn -0.6767 0.7351 -0.0420
vn -0.9348 0.1642 -0.3149
vn -0.7610 0.6107 0.2189
vn -0.9540 -0.0388 0.2972
vn 0.2689 -0.9419 -0.2012
vn 0.1901 -0.9513 -0.2425
vn 0.2026 -0.9644 -0.1700
vn 0.2314 -0.9276 -0.2933
vn 0.3754 -0.8812 -0.2874
vn 0.1893 -0.9710 -0.1463
vn -0.1788 0.2160 0.9599
vn 0.0930 0.9741 0.2062
vn -0.1396 0.1464 0.9793
vn -0.2003 0.1230 0.9720
vn -0.2681 0.2040 0.9416
vn -0.4011 0.7534 0.5211
vn -0.0754 -0.9735 -0.2159
vn 0.1381 -0.9876 -0.0751
vn 0.0211 -0.9997 -0.0116
vn 0.1849 -0.9598 -0.2111
vn -0.2023 -0.9750 -0.0921
vn -0.0712 -0.8103 -0.5816
vn 0.2828 -0.9274 -0.2448
vn -0.0203 -0.2391 0.9708
vn 0.0706 -0.6239 0.7783
vn 0.0308 -0.5223 0.8522
vn 0.0297 -0.9992 -0.0260
vn -0.0374 -0.9985 -0.0402
vn -0.0225 -0.9993 0.0294
vn -0.0075 -0.9998 -0.0192
vn 0.0099 -0.9997 -0.0204
vn 0.0860 0.9786 -0.1870
vn -0.0019 0.9998 -0.0177
vn 0.0061 0.9999 -0.0133
vn 0.2833 0.9581 -0.0429
vn 0.4356 0.8899 -0.1358
vn 0.2213 0.8974 -0.3818
vn -0.0043 0.9624 -0.2718
vn -0.8699 0.2798 0.4062
vn 0.3427 0.8973 0.2781
vn -0.0589 0.8140 0.5779
vn 0.5032 -0.7074 0.4964
vn 0.3727 0.7864 0.4926
vn -0.3403 -0.0174 0.9402
vn 0.1353 0.6488 -0.7488
vn 0.1650 0.5501 -0.8187
vn 0.1222 0.6769 -0.7259
vn 0.1593 0.7586 -0.6318
vn 0.0983 0.7784 -0.6200
vn 0.8210 -0.0234 -0.5704
vn 0.9250 -0.3061 0.2252
vn 0.9530 -0.0014 -0.3029
vn 0.7696 0.6384 0.0141
vn 0.9999 0.0140 -0.0056
vn 0.6612 0.7498 0.0237
vn 0.9994 -0.0258 0.0221
vn 0.9996 0.0197 0.0197
vn 0.9998 0.0150 0.0165
vn 0.8160 -0.0404 0.5767
vn 0.9985 -0.0505 -0.0214
vn 1.0000 0.0052 -0.0000
vn 0.0381 0.8426 -0.5372
vn 0.1840 0.8215 -0.5398
vn 0.0489 0.7369 -0.6742
vn 0.0416 0.9515 -0.3047
vn 0.1348 0.9225 -0.3616
vn 0.0446 0.9036 -0.4260
vn 0.0010 0.8126 -0.5829
vn -0.9922 -0.1169 0.0437
vn -0.9971 -0.0711 0.0279
vn -0.9971 -0.0451 0.0619
vn -0.8713 0.4904 0.0197
vn -0.9996 -0.0203 0.0215
vn -0.9969 -0.0791 0.0030
vn 0.4437 0.5168 0.7321
vn 0.0431 0.3374 0.9404
vn 0.2220 0.5280 0.8197
vn 0.5685 0.6923 0.4444
vn 0.3476 0.8437 0.4090
vn 0.1831 0.5387 0.8224
vn 0.2123 0.9492 0.2323
vn -0.0155 -0.0126 0.9998
vn 0.0072 -0.0049 1.0000
vn -0.0271 -0.0138 0.9995
vn -0.0272 -0.0215 0.9994
vn -0.0011 -0.0513 0.9987
vn 0.0205 -0.0607 0.9979
vn 0.0123 -0.0123 0.9998
vn -0.0308 0.3742 0.9268
vn -0.0342 0.4577 0.8884
vn -0.2153 0.4203 0.8815
vn -0.0139 0.5192 0.8546
vn -0.1782 0.2713 0.9458
vn -0.0257 0.1288 0.9913
vn -0.0419 0.3241 0.9451
vn -0.9887 0.0071 0.1500
vn -0.9738 -0.1358 -0.1826
vn -0.9996 0.0292 0.0041
vn -0.9415 0.0169 0.3366
vn -0.9329 0.0037 0.3602
vn 0.0193 0.6179 0.7860
vn -0.1075 0.4202 0.9011
vn 0.0095 0.9999 0.0066
vn 0.0785 -0.1473 0.9860
vn -0.0187 0.9982 -0.0565
vn 0.2141 0.6039 0.7677
vn 0.9983 -0.0278 0.0522
vn 0.9994 -0.0111 0.0318
vn 0.9993 0.0274 0.0268
vn 0.9994 -0.0216 0.0269
vn 0.9997 -0.0103 0.0243
vn 0.9989 -0.0324 0.0329
vn 0.9981 -0.0416 0.0455
vn -0.0960 0.9314 0.3510
vn -0.0579 0.8582 0.5101
vn -0.9991 -0.0301 -0.0295
vn -0.9990 0.0015 -0.0457
vn 0.7309 0.6819 0.0282
vn 0.8657 0.3923 -0.3109
vn 0.6336 0.5856 -0.5056
vn 0.1176 0.8785 0.4630
vn -0.9956 0.0293 -0.0894
vn -1.0000 -0.0000 0.0030
vn -0.6136 -0.0747 -0.7861
vn -0.6764 -0.0166 -0.7363
vn -0.9994 0.0107 -0.0336
vn -0.9983 0.0154 0.0566
vn -0.0959 0.0597 -0.9936
vn -0.1017 0.2426 -0.9648
vn -0.0234 0.2712 -0.9622
vn -0.1138 0.0166 -0.9934
vn -0.1405 -0.2109 -0.9674
vn -0.0310 0.1913 -0.9810
vn -0.4125 -0.8904 0.1924
vn -0.3332 -0.8996 0.2824
vn -0.4427 -0.8273 0.3458
vn -0.3737 -0.9261 0.0518
vn -0.2953 -0.9522 0.0782
vn -0.7096 -0.5759 -0.4060
vn -0.4742 -0.8650 0.1643
vn 0.2389 0.2500 -0.9383
vn 0.6098 -0.2851 -0.7395
vn 0.2641 -0.1539 -0.9521
vn 0.1188 0.3831 -0.9160
vn 0.1766 0.2167 -0.9601
vn 0.3900 0.8950 -0.2164
vn 0.3249 -0.9454 0.0240
vn 0.8830 0.1315 0.4506
vn 0.8474 -0.1832 -0.4984
vn 0.0548 -0.9616 0.2691
vn 0.9591 0.2312 0.1632
vn 0.3352 -0.4283 -0.8392
vn 0.4607 -0.3112 -0.8312
vn 0.8139 -0.1760 -0.5537
vn 0.9107 -0.1703 -0.3763
vn 0.4610 -0.3422 -0.8188
vn -0.9968 0.0789 0.0142
vn -0.9986 0.0531 -0.0030
vn -0.9912 0.0334 -0.1278
vn -0.9943 0.1055 -0.0180
vn -0.9973 0.0610 0.0416
vn -0.9955 -0.0261 -0.0909
vn 0.8097 0.1646 0.5633
vn 0.8193 0.1380 0.5565
vn 0.8258 0.1417 0.5459
vn 0.2559 0.3375 -0.9059
vn -0.1543 -0.4532 -0.8780
vn -0.3185 -0.0921 -0.9434
vn 0.0191 0.4850 0.8743
vn 0.0309 0.7064 0.7071
vn 0.0432 0.3828 0.9228
vn 0.2019 0.7089 0.6758
vn -0.6895 0.7017 -0.1792
vn -0.7522 0.4573 -0.4744
vn -0.9823 0.0447 0.1820
vn -0.9941 -0.1027 -0.0359
vn -0.9557 -0.2913 0.0424
vn -0.9005 -0.3842 0.2036
vn -0.9162 -0.1373 0.3765
vn -0.7283 -0.0571 0.6829
vn -0.7206 -0.0480 0.6917
vn -0.9912 -0.0433 0.1250
vn -0.9615 -0.1835 0.2047
vn -0.6313 -0.1833 0.7536
vn -0.9937 -0.0995 0.0521
vn -0.9940 0.0104 0.1089
vn -0.9772 -0.2025 0.0644
vn -0.9698 -0.1801 0.1642
vn 0.0814 -0.0635 0.9947
vn 0.0546 0.2125 0.9756
vn 0.1061 -0.0274 0.9940
vn 0.1275 -0.3777 0.9171
vn 0.0551 -0.2943 0.9541
vn -0.0330 0.1318 0.9907
vn -0.0029 -0.1016 0.9948
vn -0.0295 -0.9995 0.0109
vn 0.0684 -0.9955 0.0662
vn 0.0077 -0.9997 0.0211
vn 0.0308 -0.7909 -0.6112
vn -0.0205 -0.9998 -0.0000
vn 0.0196 -0.7541 -0.6565
vn 0.9995 -0.0299 0.0113
vn 0.5181 0.8550 -0.0250
vn 0.7062 0.7062 -0.0504
vn 0.5980 0.5436 0.5889
vn 0.8874 -0.0321 0.4598
vn 0.9995 -0.0085 0.0307
vn 0.9986 0.0507 0.0133
vn 0.9991 -0.0356 0.0209
vn -0.0340 0.0402 0.9986
vn -0.0448 0.0040 0.9990
vn -0.0669 0.0884 0.9938
vn 0.0386 0.0596 0.9975
vn -0.0450 0.0810 0.9957
vn -0.0199 0.0876 0.9960
vn -0.6700 0.6886 -0.2773
vn -0.2568 0.7905 -0.5560
vn -0.4685 0.7362 -0.4884
vn -0.3857 0.2279 0.8940
vn -0.8334 0.2598 0.4878
vn -0.1278 0.1335 0.9828
vn -0.4940 0.2298 0.8386
vn 0.0101 -0.9999 0.0015
vn 0.0069 -1.0000 -0.0052
vn -0.0315 -0.8393 -0.5428
vn -0.1177 0.9930 -0.0013
vn -0.0521 0.9986 -0.0034
vn -0.1170 0.9861 0.1183
vn 0.0064 0.9982 -0.0597
vn 0.1406 0.9793 0.1453
vn 0.4219 0.8892 0.1769
vn 0.2425 0.9702 0.0007
vn 0.0223 -0.7752 -0.6314
vn -0.0010 -0.7631 -0.6463
vn -0.0281 -0.6520 -0.7577
vn 0.0490 -0.8861 -0.4609
vn 0.0283 -0.8842 -0.4662
vn 0.0730 -0.5984 -0.7979
vn 0.0459 -0.7527 -0.6568
vn 0.2206 0.1245 0.9674
vn 0.2374 0.2506 0.9385
vn 0.2267 0.2072 0.9517
vn -0.0600 -0.9032 0.4250
vn -0.2064 0.8991 0.3860
vn 0.0708 -0.7545 -0.6525
vn 0.0371 -0.9977 -0.0567
vn -0.0127 -0.9991 -0.0407
vn -0.0180 0.0330 -0.9993
vn -0.6006 -0.5317 -0.5972
vn -0.1181 0.8529 -0.5086
vn -0.7096 0.4503 -0.5420
vn -0.0772 -0.9009 -0.4271
vn 0.3027 -0.6491 0.6979
vn -0.0381 0.8072 -0.5890
vn -0.0101 -0.8160 0.5780
vn 0.0053 -0.6358 0.7718
vn -0.0338 -0.6649 0.7462
vn -0.0317 -0.8207 0.5705
vn -0.0082 -0.9524 0.3048
vn 0.0092 0.9999 -0.0057
vn 0.0097 0.9999 0.0060
vn -0.1697 0.9125 -0.3722
vn -0.4127 0.8775 -0.2445
vn 0.0202 0.9986 -0.0491
vn 0.1252 -0.1777 -0.9761
vn 0.0216 -0.9998 -0.0000
vn -0.7119 0.5862 -0.3867
vn -0.9177 -0.3226 -0.2319
vn -0.6317 -0.6060 -0.4835
vn -0.5388 -0.8396 -0.0688
vn -0.8424 -0.5219 0.1343
vn -0.9868 -0.1165 0.1127
vn -0.1334 -0.9910 0.0044
vn 0.3179 0.6626 0.6782
vn 0.4239 0.8982 0.1166
vn 0.2099 0.9560 0.2048
vn 0.1661 0.9130 0.3725
vn -0.0089 0.5687 0.8225
vn 1.0000 -0.0089 0.0039
vn 0.5609 0.8278 0.0096
vn 0.9999 0.0114 0.0062
vn 0.9977 -0.0475 0.0482
vn 0.0092 0.9782 0.2075
vn -0.0352 0.9007 0.4331
vn 0.0509 0.8713 0.4881
vn -0.0343 0.9800 0.1962
vn 0.0478 0.9723 0.2290
vn 0.0684 0.9976 -0.0092
vn -0.0689 0.9976 -0.0066
vn 0.0013 -1.0000 -0.0027
vn -0.0073 -1.0000 0.0003
vn -0.5050 -0.2152 -0.8359
vn 0.1086 -0.9846 0.1367
vn -0.0068 -0.9999 -0.0101
vn -0.6285 -0.4409 -0.6408
vn 0.0485 -0.9834 0.1750
vn 0.0018 -1.0000 0.0040
vn -0.1209 -0.0171 -0.9925
vn -0.9215 0.0329 -0.3869
vn -0.0000 0.5581 -0.8298
vn -0.8852 -0.4305 0.1762
vn -0.8291 -0.5591 -0.0031
vn -0.7816 -0.6237 -0.0062
vn -0.8656 -0.5007 0.0016
vn -0.9401 -0.3405 -0.0155
vn -0.8583 -0.4653 -0.2165
vn -0.8799 -0.4752 -0.0021
vn -0.1970 0.9803 -0.0132
vn -0.3499 0.6263 0.6967
vn -0.0560 0.9864 0.1547
vn -0.0016 0.9998 0.0202
vn 0.0361 -0.7975 0.6022
vn 0.0656 -0.9091 0.4115
vn 0.1281 -0.9199 0.3706
vn 0.9999 0.0110 0.0018
vn 0.5405 -0.6063 0.5833
vn 0.7886 -0.6118 0.0619
vn 0.9999 0.0095 0.0107
vn 0.5316 0.1091 0.8399
vn 0.4159 -0.0562 0.9077
vn 0.9994 -0.0327 -0.0105
vn -0.9797 -0.0710 -0.1873
vn -0.9786 0.1454 -0.1456
vn -0.9162 -0.3515 -0.1923
vn -0.6400 0.2187 -0.7366
vn -0.7562 0.4920 0.4314
vn -0.8403 0.4592 0.2881
vn -0.8124 0.3275 0.4824
vn -0.8200 0.4095 0.3999
vn -0.7876 0.3128 0.5308
vn -0.8415 0.1995 0.5021
vn -0.0056 0.8267 -0.5627
vn 0.2096 0.4630 -0.8612
vn 0.4098 0.5456 0.7310
vn 0.4173 0.4180 0.8070
vn 0.0224 0.9973 -0.0700
vn 0.0282 0.9834 -0.1794
vn 0.0854 0.9959 -0.0301
vn 0.0037 0.9843 -0.1763
vn -0.0771 0.9969 -0.0140
vn 0.0204 -0.0571 -0.9982
vn 0.0665 0.0081 -0.9978
vn -0.0318 -0.0386 -0.9987
vn 0.9958 0.0888 0.0208
vn 0.8511 0.4846 0.2018
vn 0.8980 0.1120 0.4254
vn 0.9950 0.1001 -0.0051
vn 0.7661 0.4600 0.4489
vn 0.0111 -0.9995 0.0310
vn 0.0182 -0.9983 0.0547
vn -0.0085 -0.9998 0.0159
vn -0.0000 -0.4019 0.9157
vn -0.0174 -0.4566 0.8895
vn -0.0456 -0.6479 0.7603
vn 0.0912 -0.1835 0.9788
vn 0.0212 -0.2542 0.9669
vn 0.1581 -0.7684 -0.6201
vn 0.0917 -0.6327 -0.7690
vn -0.1341 0.2303 0.9638
vn -0.2785 0.1703 0.9452
vn -0.2242 0.5814 0.7821
vn 0.1728 0.2121 -0.9618
vn 0.3555 0.1615 -0.9206
vn 0.0254 0.0271 -0.9993
vn 0.3795 0.5522 -0.7424
vn 0.2409 -0.0000 -0.9706
vn 0.2927 0.8646 0.4084
vn 0.0297 0.9077 0.4185
vn 0.1556 0.8063 0.5707
vn 0.6368 0.5939 0.4917
vn 0.2537 0.9651 0.0651
vn 0.0092 0.9534 0.3016
vn 0.3851 0.9086 0.1617
vn 0.7457 0.5940 0.3018
vn -0.5888 0.1682 0.7906
vn -0.1791 -0.0000 0.9838
vn -0.1864 0.1235 0.9747
vn -0.1154 0.2114 0.9706
vn -0.2705 0.2198 0.9373
vn -0.9005 0.0310 0.4337
vn -0.9484 0.2306 0.2177
vn -0.7217 0.1392 0.6781
vn -0.6012 0.5208 0.6060
vn -0.5007 0.0677 0.8630
vn 0.5886 0.7605 -0.2742
vn 0.8710 -0.2385 -0.4295
vn 0.6965 0.2342 -0.6783
vn 0.2265 0.9250 -0.3050
vn 0.4926 0.8482 0.1946
vn 0.0208 -0.0569 -0.9982
vn 0.0422 0.0025 -0.9991
vn 0.0407 -0.0093 -0.9991
vn 0.0133 0.0142 -0.9998
vn -0.0222 -0.0418 -0.9989
vn 0.0195 0.0246 -0.9995
vn -0.9298 0.2248 -0.2914
vn -0.3293 0.6212 -0.7111
vn -0.8606 0.0559 -0.5062
vn -0.7377 0.5212 -0.4291
vn -0.3290 0.7867 -0.5223
vn -0.8738 -0.2577 0.4124
vn -0.9013 -0.4327 -0.0181
vn -0.8793 0.0816 0.4691
vn -0.8230 0.2378 0.5158
vn -0.9219 0.1661 0.3501
vn -0.8633 -0.0229 0.5041
vn 0.0131 0.0170 -0.9998
vn 0.0300 -0.0679 -0.9972
vn -0.0322 -0.0308 -0.9990
vn -0.0189 0.0272 -0.9995
vn 0.0629 -0.0226 -0.9978
vn -0.0540 0.6713 -0.7393
vn -0.1339 0.8138 -0.5655
vn -0.1230 0.4872 -0.8646
vn -0.1582 0.6615 -0.7331
vn -0.0264 0.6927 -0.7208
vn -0.0552 0.4903 -0.8698
vn -0.6600 -0.0294 0.7507
vn -0.0175 -0.0308 0.9994
vn 0.0166 0.0278 0.9995
vn -0.6187 0.0298 0.7850
vn -0.6774 -0.0260 0.7351
vn 0.4473 0.2154 0.8681
vn 0.5975 0.2101 0.7738
vn 0.0036 -0.0607 0.9981
vn 0.5661 0.0749 0.8210
vn 0.2374 0.1442 0.9607
vn 0.2358 0.1424 0.9613
vn 0.0099 0.0145 -0.9998
vn -0.0262 0.0843 -0.9961
vn 0.0043 0.0108 -0.9999
vn 0.0078 0.0135 -0.9999
vn 0.2577 0.6736 0.6927
vn 0.9359 -0.2710 -0.2250
vn 0.7838 -0.5622 0.2638
vn 0.9901 -0.1394 0.0182
vn -0.1749 -0.4357 -0.8829
vn -0.1845 -0.2159 -0.9588
vn -0.1340 -0.2187 -0.9665
vn -0.1427 -0.6246 -0.7678
vn -0.1702 -0.5975 -0.7836
vn -0.1149 -0.4370 -0.8921
vn -0.1661 -0.4304 -0.8872
vn 0.6571 0.6930 0.2966
vn -0.3765 0.8738 -0.3078
vn -0.4420 0.8435 0.3053
vn -0.4546 0.5495 -0.7009
vn 0.5366 0.8270 0.1674
vn 0.2657 0.9412 0.2084
vn 0.9881 0.0555 -0.1436
vn 0.9706 0.2075 -0.1218
vn 0.9517 0.3066 -0.0181
vn 0.9878 0.0748 -0.1365
vn 0.9892 0.0410 -0.1409
vn 0.9709 0.2304 -0.0650
vn 0.9879 -0.0165 -0.1542
vn 0.9917 -0.0045 -0.1288
vn 0.1870 -0.8068 -0.5604
vn 0.8314 -0.5204 -0.1947
vn 0.5450 -0.8141 -0.2008
vn -0.9385 -0.2649 -0.2216
vn -0.9991 0.0231 -0.0364
vn -0.9988 0.0425 0.0261
vn -0.9999 0.0125 -0.0096
vn 0.4078 -0.4016 -0.8200
vn 0.0030 -0.9484 -0.3171
vn -0.0239 0.4014 -0.9156
vn -0.0032 0.2343 -0.9722
vn 0.5612 -0.0727 0.8245
vn -0.1058 0.0031 0.9944
vn 0.5019 -0.0218 0.8646
vn 0.9992 -0.0411 -0.0020
vn 0.5990 0.0241 0.8004
vn 0.9990 -0.0440 0.0005
vn -0.0696 -0.0348 0.9970
vn -0.0725 0.9549 -0.2878
vn -0.0663 0.9492 -0.3075
vn 0.0426 0.9983 -0.0397
vn -0.2785 -0.9595 0.0428
vn -0.7054 -0.6677 0.2379
vn -0.7247 -0.6829 0.0919
vn -0.4194 -0.9075 -0.0242
vn -0.2157 -0.8213 -0.5282
vn 0.0498 -0.9021 -0.4286
vn -0.1567 0.9869 -0.0386
vn -0.4275 0.4536 -0.7819
vn -0.2060 0.2005 -0.9578
vn 0.0138 -0.9998 0.0131
vn 0.4082 -0.9118 0.0460
vn 0.0452 -0.4114 -0.9103
vn 0.0592 -0.6062 -0.7931
vn 0.0539 -0.3957 -0.9168
vn 0.0650 -0.1891 -0.9798
vn 0.0202 -0.9997 0.0104
vn 0.0026 0.9440 0.3300
vn 0.0013 -0.0093 1.0000
vn -0.0461 -0.0637 0.9969
vn -0.0249 0.0238 0.9994
vn -0.4811 0.5551 0.6785
vn -0.7391 0.5540 0.3832
vn -0.1794 0.6810 0.7100
vn -0.1338 0.8183 0.5590
vn -0.7328 0.5809 0.3543
vn 0.2267 -0.8586 0.4598
vn 0.0041 -1.0000 -0.0014
vn -0.0139 -0.9999 0.0044
vn 0.0497 -0.9338 -0.3544
vn -0.2213 -0.9670 0.1260
vn 0.9992 0.0389 -0.0008
vn 0.5824 0.8122 -0.0336
vn 0.6081 0.7938 -0.0120
vn 0.1315 0.6208 -0.7729
vn 0.8250 0.4131 -0.3858
vn 0.8992 0.2695 -0.3448
vn 0.0719 0.7186 0.6917
vn 0.2370 0.7030 0.6705
vn 0.0851 0.8465 0.5256
vn 0.0533 0.8213 0.5680
vn 0.0355 0.6198 0.7840
vn 0.0087 0.5030 0.8643
vn 0.4621 -0.8795 -0.1137
vn 0.0028 -0.9999 0.0148
vn 0.2792 -0.9458 0.1658
vn 0.0152 -0.9998 0.0111
vn 0.3312 -0.8073 -0.4885
vn 0.2621 -0.0301 -0.9646
vn -0.0559 -0.0093 -0.9984
vn 0.2657 -0.0094 -0.9640
vn -0.0422 -0.0312 -0.9986
vn 0.5396 -0.0196 -0.8417
vn 0.0103 -0.0235 -0.9997
vn 0.0003 0.0295 -0.9996
vn 0.0175 -0.0738 -0.9971
vn 0.0466 0.0015 -0.9989
vn -0.0428 0.0308 -0.9986
vn -0.0179 -0.0186 -0.9997
vn -0.0116 0.2840 -0.9588
vn 0.0051 0.2109 -0.9775
vn -0.0090 0.2552 -0.9668
vn -0.0076 -0.0883 -0.9961
vn 0.0272 -0.8024 -0.5962
vn 0.0287 -0.9274 -0.3730
vn 0.0187 -0.9145 -0.4042
vn -0.0270 0.0677 0.9973
vn -0.0491 0.9916 0.1194
vn -0.7981 0.0494 0.6005
vn 0.0606 0.0243 0.9979
vn 0.0469 0.9673 0.2491
vn -0.0162 0.0026 0.9999
vn 0.0081 -0.0106 0.9999
vn -0.0455 -0.0841 0.9954
vn -0.0126 0.0005 0.9999
vn -0.0011 -0.0224 0.9997
vn 0.0025 -0.0885 0.9961
vn 0.0001 -0.0000 1.0000
vn 0.0306 -0.1475 0.9886
vn -0.0005 -0.0114 0.9999
vn -0.0096 -0.0280 0.9996
vn 0.0157 0.6843 0.7291
vn 0.0240 0.8493 0.5274
vn 0.0362 0.4150 0.9091
vn 0.0328 0.6642 0.7468
vn -0.0540 0.7102 0.7019
vn -0.0807 0.4744 0.8766
vn -0.0083 0.0203 0.9998
vn 0.0017 0.0030 1.0000
vn -0.0007 0.0080 1.0000
vn -0.8991 0.2375 0.3676
vn -0.0082 0.0137 0.9999
vn -0.3031 -0.1335 0.9436
vn -0.0136 0.0381 0.9992
vn 0.9109 0.1617 -0.3796
vn 0.9100 -0.2754 0.3100
vn 0.9866 0.1606 0.0290
vn 0.8025 0.1828 -0.5679
vn 0.9569 0.0482 -0.2864
vn 0.4552 0.1236 -0.8817
vn 0.8182 0.1972 -0.5400
vn 0.9887 0.1495 -0.0057
vn 0.9068 -0.1315 -0.4005
vn -0.9929 0.0088 0.1186
vn -0.9992 0.0300 0.0259
vn -0.9943 0.0792 0.0709
vn -0.9992 0.0300 0.0256
vn -0.9990 0.0131 0.0422
vn 0.0927 0.4882 -0.8678
vn -0.0910 -0.9370 0.3372
vn -0.1378 -0.8962 0.4217
vn -0.1727 -0.9139 0.3673
vn -0.0995 -0.9457 0.3093
vn -0.0641 -0.9086 0.4128
vn -0.2002 -0.9641 0.1746
vn -0.0812 -0.9784 0.1899
vn -0.1507 0.0530 -0.9872
vn -0.5548 0.1871 -0.8107
vn -0.2483 -0.0545 -0.9671
vn -0.4973 -0.1201 -0.8592
vn -0.0162 -0.2981 -0.9544
vn -0.2173 0.1648 -0.9621
vn -0.8444 0.3460 -0.4091
vn 0.9919 -0.1271 -0.0008
vn 0.9990 0.0259 -0.0371
vn 0.9997 0.0180 0.0143
vn 0.9974 -0.0661 0.0276
vn 0.7968 0.6036 0.0271
vn 0.9955 -0.0942 -0.0039
vn 0.5643 0.7625 -0.3165
vn -0.7472 0.6567 0.1028
vn -0.6980 0.6614 0.2745
vn -0.9571 0.1091 -0.2683
vn 0.2623 0.0994 -0.9598
vn -0.0412 0.3997 -0.9157
vn 0.2616 0.6963 -0.6683
vn -0.1158 0.9695 -0.2162
vn 0.9899 0.0349 -0.1376
vn 0.9909 0.0143 0.1335
vn 0.9407 -0.0130 -0.3391
vn 0.6409 -0.7669 0.0346
vn 0.9997 -0.0033 0.0250
vn 0.0192 -0.9994 0.0296
vn 0.7044 -0.3447 0.6205
vn 0.9980 -0.0292 0.0565
vn 0.9508 -0.3092 0.0215
vn 0.7928 0.1128 0.5989
vn -0.8669 0.1211 -0.4836
vn -0.9362 0.0982 -0.3374
vn -0.8200 -0.0634 -0.5688
vn -0.6912 0.3952 0.6050
vn -0.8101 0.0018 -0.5863
vn -0.8706 0.0672 -0.4873
vn 0.0455 -0.3254 0.9445
vn 0.0042 -0.2311 0.9729
vn -0.4015 -0.3872 0.8300
vn -0.1462 0.1455 0.9785
vn 0.3865 -0.7731 -0.5028
vn 0.4205 -0.7275 -0.5422
vn 0.4219 -0.5683 -0.7064
vn 0.8445 -0.4967 -0.2003
vn -0.0849 -0.6856 -0.7230
vn 0.2467 -0.4985 -0.8310
vn 0.8240 -0.3862 -0.4146
vn 0.2095 0.9716 -0.1096
vn -0.7732 -0.3254 0.5443
vn 0.9177 -0.3628 0.1621
vn 0.5163 -0.5875 0.6231
vn 0.6249 -0.6473 0.4364
vn 0.9737 -0.1350 0.1836
vn -0.3649 -0.5924 -0.7183
vn 0.9278 -0.3711 0.0394
vn 0.8460 -0.3609 0.3924
vn 0.0046 0.1102 0.9939
vn 0.0164 0.0373 0.9992
vn -0.8795 -0.3742 -0.2941
vn -0.6108 0.5096 -0.6061
vn -0.7812 0.1591 -0.6037
vn -0.9975 0.0181 -0.0685
vn -0.9981 0.0188 -0.0591
vn 0.0543 -0.9982 -0.0252
vn -0.1041 -0.9821 0.1569
vn -0.5933 0.0017 -0.8050
vn -0.0158 -0.8294 -0.5585
vn -0.4654 -0.7753 -0.4270
vn -0.9748 0.0847 -0.2064
vn -0.6792 0.0246 -0.7336
vn -0.0208 0.0163 -0.9997
vn -0.0173 -0.0207 -0.9996
vn 0.5892 -0.8043 0.0770
vn 0.9211 -0.3725 0.1132
vn 0.5997 -0.7974 0.0679
vn 0.4500 -0.8916 0.0505
vn 0.3970 -0.9164 0.0511
vn 0.6171 -0.7839 0.0683
vn 0.9898 -0.1320 -0.0538
vn 0.0933 -0.2253 -0.9698
vn 0.1135 -0.3625 -0.9251
vn 0.0941 -0.4379 -0.8941
vn 0.0210 -0.0089 -0.9997
vn 0.0353 -0.0514 -0.9981
vn 0.1132 -0.2466 -0.9625
vn -0.0234 -0.9790 -0.2024
vn -0.0152 -0.9954 0.0942
vn 0.0936 0.8630 0.4965
vn -0.5150 0.5472 0.6598
vn 0.0899 0.0513 0.9946
vn 0.0477 0.7147 0.6978
vn -0.0000 0.9998 -0.0195
vn -0.0052 0.9980 -0.0627
vn -0.0302 -0.0318 -0.9990
vn -0.0007 -0.1338 -0.9910
vn -0.0424 -0.8037 -0.5935
vn -0.1035 -0.6994 -0.7072
vn -0.0339 -0.9493 -0.3124
vn 0.0156 -0.9216 -0.3878
vn 0.2874 -0.8995 0.3290
vn 0.2615 -0.9647 -0.0316
vn 0.3933 -0.9166 0.0722
vn -0.0065 -1.0000 -0.0030
vn -0.1606 -0.9837 -0.0814
vn -0.1852 -0.9803 -0.0692
vn -0.0122 -0.3527 0.9357
vn -0.0866 -0.2902 0.9530
vn -0.0679 -0.4748 0.8775
vn -0.0048 -0.5105 0.8598
vn -0.0649 -0.0633 0.9959
vn -0.0441 -0.3477 0.9366
vn -0.0237 -0.1208 0.9924
vn -0.4992 -0.8379 0.2206
vn -0.1464 -0.8773 0.4570
vn -0.4891 -0.7402 0.4613
vn -0.7466 -0.6316 0.2090
vn -0.5726 -0.8154 0.0846
vn -0.1543 -0.9338 0.3228
vn -0.4265 -0.8770 -0.2211
vn 0.0080 0.9999 -0.0100
vn 0.0319 0.9995 0.0023
vn -0.0152 0.9999 -0.0000
vn 0.0002 0.9997 -0.0228
vn -0.0101 0.9998 0.0151
vn 0.0236 0.9997 -0.0104
vn -0.7108 -0.1042 0.6956
vn -0.4331 -0.0201 0.9011
vn -0.9993 -0.0280 0.0256
vn -0.9915 0.0298 0.1265
vn -0.0448 -0.0560 0.9974
vn -0.4092 0.0675 0.9100
vn -0.0479 -0.0599 0.9971
vn -0.0213 0.9819 -0.1880
vn -0.0618 0.9892 -0.1328
vn -0.2380 -0.7862 0.5703
vn -0.7170 -0.2233 0.6603
vn -0.6892 -0.6517 0.3166
vn -0.0034 -1.0000 0.0057
vn 0.0778 -0.3058 0.9489
vn -0.4496 -0.7914 0.4142
vn 0.0479 0.9928 -0.1094
vn 0.9486 0.3165 0.0043
vn 0.9366 0.3505 0.0001
vn 0.0667 -0.5879 -0.8062
vn 0.1896 -0.6493 -0.7365
vn 0.1107 -0.7450 -0.6578
vn 0.0889 -0.6040 -0.7920
vn 0.1385 -0.5637 -0.8143
vn 1.0000 0.0021 0.0016
vn 0.9996 0.0203 -0.0220
vn 0.9993 0.0230 -0.0300
vn 0.9945 -0.0818 0.0652
vn 0.9991 -0.0434 -0.0010
vn 0.5685 0.8213 -0.0476
vn 0.6346 0.3405 -0.6938
vn -0.9735 0.0831 -0.2129
vn -0.0811 -0.8631 -0.4985
vn -0.1392 -0.8728 -0.4678
vn -0.0996 -0.7562 -0.6468
vn -0.2001 -0.8190 -0.5378
vn -0.1013 -0.9425 -0.3185
vn -0.0657 -0.9732 -0.2205
vn -0.0179 0.2487 0.9684
vn -0.4082 -0.0114 0.9128
vn 0.3704 0.5876 0.7194
vn -0.0095 0.4748 0.8801
vn -0.1410 -0.0000 -0.9900
vn 0.7800 -0.0587 -0.6230
vn 0.3166 0.0736 -0.9457
vn 0.0861 -0.0947 -0.9918
vn 0.0366 -0.0261 -0.9990
vn 0.0335 0.9729 0.2287
vn 0.0885 0.9611 0.2615
vn -0.0116 0.9946 0.1030
vn 0.0043 0.9976 0.0697
vn 0.0181 0.9744 0.2243
vn 0.0469 0.8927 0.4483
vn 0.0576 0.8858 0.4604
vn 0.0144 0.0386 0.9992
vn 0.0319 0.0623 0.9975
vn -0.0337 0.0225 0.9992
vn 0.9957 0.0767 0.0519
vn 0.9568 0.2622 0.1257
vn 0.9290 0.2608 -0.2627
vn 0.9914 -0.1214 -0.0482
vn 0.8344 0.4045 0.3743
vn 0.9927 0.1128 -0.0433
vn 0.9579 0.1213 -0.2603
vn 0.0010 -0.9996 0.0296
vn 0.0554 -0.9967 -0.0595
vn -0.1038 -0.9755 -0.1941
vn 0.0193 -0.9997 0.0130
vn -0.1485 -0.9889 -0.0016
vn -0.0170 -0.9986 0.0494
vn -0.2936 -0.1446 -0.9449
vn -0.3361 -0.4388 -0.8334
vn -0.4330 -0.0352 -0.9007
vn 0.0262 -0.9366 0.3495
vn 0.1910 -0.9301 0.3136
vn -0.2390 -0.0132 -0.9709
vn 0.0416 -0.0255 -0.9988
vn -0.5565 -0.0249 -0.8305
vn -0.5055 -0.0062 -0.8628
vn -0.2084 -0.0169 -0.9779
vn -0.2687 0.0001 -0.9632
vn 0.0672 0.0692 0.9953
vn 0.2807 0.1358 0.9501
vn 0.5941 0.2189 0.7741
vn 0.0183 0.0231 0.9996
vn 0.0186 0.0905 0.9957
vn 0.0356 -0.1027 0.9941
vn 0.0327 -0.0075 0.9994
vn 0.9440 0.3277 -0.0390
vn -0.2169 0.2112 -0.9531
vn -0.5529 0.3491 -0.7566
vn -0.6348 0.3173 -0.7045
vn -0.4640 0.1289 -0.8764
vn -0.1287 0.0883 -0.9877
vn 0.0390 -0.9980 0.0505
vn 0.3344 -0.9403 0.0630
vn 0.8429 -0.5200 0.1378
vn 0.3567 -0.7766 0.5193
vn 0.0032 -0.9996 0.0280
vn -0.0077 -1.0000 0.0010
vn 0.0305 0.0292 0.9991
vn 0.0297 -0.0280 0.9992
vn -0.0228 0.0149 0.9996
vn 0.0004 -0.0243 0.9997
vn 0.0332 0.0166 0.9993
vn -0.0185 0.3858 0.9224
vn 0.0121 0.0194 0.9997
vn 0.0684 0.2942 0.9533
vn 0.0069 0.5286 0.8489
vn -0.0092 0.5953 0.8035
vn -0.0304 0.3617 0.9318
vn -0.0575 0.0380 0.9976
vn -0.8986 -0.0764 0.4320
vn -0.9048 0.3367 -0.2606
vn -0.6944 -0.5652 0.4455
vn -0.5309 -0.7760 0.3406
vn -0.8315 -0.1807 0.5253
vn -0.7236 -0.5215 -0.4522
vn -0.7306 -0.4567 -0.5076
vn -0.0034 0.6018 -0.7987
vn -0.0202 0.4806 -0.8767
vn -0.0521 0.3058 -0.9507
vn -0.0497 0.3043 -0.9513
vn -0.0533 0.4880 -0.8712
vn 0.0044 0.6611 -0.7503
vn -0.9995 -0.0279 -0.0111
vn -0.9998 -0.0202 0.0025
vn -0.7626 -0.0299 -0.6462
vn -0.6530 -0.0214 -0.7571
vn -0.9981 0.0110 0.0604
vn -0.9994 -0.0037 -0.0337
vn 0.3521 0.5269 0.7736
vn 0.9612 0.1744 0.2136
vn 0.6462 0.5899 0.4841
vn 0.3068 0.9487 0.0765
vn 0.4088 0.7453 0.5267
vn -0.9982 0.0199 -0.0558
vn -0.5530 -0.8324 -0.0365
vn -0.9960 -0.0899 -0.0000
vn -0.5730 -0.8194 -0.0185
vn 0.0315 0.2579 0.9657
vn -0.0974 0.2463 0.9643
vn -0.0061 -0.0424 0.9991
vn -0.3686 -0.8537 -0.3679
vn -0.2958 -0.9532 -0.0617
vn 0.2220 0.1706 0.9600
vn -0.0491 0.3182 0.9468
vn 0.9669 0.1676 -0.1922
vn 0.9875 0.1247 -0.0968
vn 0.9891 0.0374 -0.1426
vn 0.8747 0.4094 -0.2593
vn 0.8603 0.4621 0.2153
vn 0.2070 0.0918 0.9740
vn 0.9270 0.0813 0.3662
vn 0.8853 0.3370 0.3204
vn 0.7346 0.3391 0.5877
vn -0.9993 0.0331 -0.0184
vn -0.9997 0.0140 -0.0199
vn -0.9993 0.0365 0.0109
vn -0.9980 0.0409 0.0489
vn 0.3543 0.9350 0.0169
vn 0.3788 0.3926 0.8381
vn 0.2641 0.4665 0.8442
vn 0.0734 0.7082 -0.7022
vn 0.0845 0.6830 -0.7255
vn 0.0405 0.8089 -0.5866
vn 0.3294 0.6743 -0.6609
vn 0.1444 0.5275 -0.8372
vn 0.1117 0.8369 -0.5358
vn 0.2579 0.8170 -0.5158
vn -0.0486 0.8176 0.5737
vn -0.3761 0.9024 0.2101
vn -0.1356 0.9874 -0.0815
vn -0.1680 0.9580 0.2323
vn -0.4978 0.6891 0.5266
vn -0.5777 0.7110 0.4011
vn -0.9845 0.1680 0.0511
vn -0.8326 0.5042 0.2293
vn -0.9504 0.0472 -0.3075
vn -0.9875 -0.0392 0.1524
vn 0.9988 0.0205 -0.0451
vn 0.9993 0.0333 -0.0185
vn 0.7442 -0.6667 -0.0402
vn -0.0994 0.2614 -0.9601
vn -0.0468 0.3178 -0.9470
vn -0.0922 0.4463 -0.8901
vn -0.0555 -0.0042 -0.9985
vn -0.0541 0.0449 -0.9975
vn -0.0146 0.2994 -0.9540
vn -0.0272 -0.4678 0.8834
vn -0.0143 -0.9985 -0.0525
vn 0.0179 -0.6857 0.7277
vn -0.5213 -0.6515 0.5512
vn 0.0045 0.0303 0.9995
vn -0.0000 -0.0616 0.9981
vn 0.1362 0.9903 -0.0275
vn 0.0155 0.9992 -0.0379
vn 0.0283 0.9996 0.0088
vn -0.0168 0.9991 -0.0389
vn 0.3722 0.9278 0.0254
vn -0.0000 0.9993 0.0378
vn -0.0063 0.9999 0.0154
vn -0.0372 0.9915 0.1243
vn -0.1818 0.9777 -0.1048
vn 0.9839 0.1781 0.0170
vn 0.7933 0.5918 0.1430
vn 0.9832 0.1735 0.0574
vn -0.6439 0.3622 -0.6740
vn 0.0059 -1.0000 -0.0049
vn 0.0262 -0.9295 0.3680
vn 0.0256 -0.9983 0.0532
vn -0.0150 -0.9938 0.1103
vn 0.3313 -0.8012 0.4983
vn 0.9992 -0.0404 -0.0000
vn 0.7490 -0.0460 0.6610
vn 0.8168 -0.0000 0.5769
vn -0.0727 -0.8909 0.4483
vn -0.0315 -0.8242 0.5654
vn -0.0143 -0.7963 0.6047
vn -0.0785 -0.9307 0.3572
vn 0.2761 0.1660 -0.9467
vn 0.3451 0.0265 -0.9382
vn -0.5486 -0.8076 0.2166
vn 0.2052 -0.9516 0.2286
vn -0.8121 -0.5811 -0.0525
vn -0.5452 0.6456 0.5347
vn -0.8376 0.3825 0.3899
vn -0.8381 -0.4827 -0.2542
vn -0.9381 0.3426 -0.0504
vn -0.7539 -0.5763 -0.3156
vn -0.7645 0.2855 0.5780
vn -0.8186 -0.0580 0.5715
vn -0.8676 -0.0117 0.4971
vn -0.5841 0.5130 0.6291
vn -0.7868 0.4324 0.4404
vn -0.9134 0.1495 0.3787
vn -0.7962 0.3635 0.4837
vn -0.8736 -0.0190 0.4862
vn -0.4195 -0.2220 -0.8802
vn -0.7746 -0.1562 -0.6128
vn -0.0197 -0.5895 0.8075
vn -0.3925 0.8815 0.2624
vn -0.0020 1.0000 0.0032
vn 0.1065 -0.0018 -0.9943
vn -0.1482 -0.3727 -0.9160
vn 0.9151 -0.2313 0.3304
vn -0.1578 0.0722 -0.9848
vn -0.2452 0.0332 -0.9689
vn -0.6019 0.0281 0.7981
vn -0.9996 0.0149 0.0242
vn -0.9988 0.0390 0.0287
vn -0.0192 -0.0300 0.9994
vn -0.7933 -0.0068 0.6088
vn -0.0119 0.9999 -0.0117
vn 0.0130 0.9999 -0.0007
vn -0.0942 0.0301 -0.9951
vn -0.0604 -0.0680 -0.9959
vn -0.0051 0.0135 -0.9999
vn -0.9998 0.0107 -0.0196
vn -0.1488 0.9554 0.2551
vn -0.3853 0.9222 0.0325
vn -0.1452 0.9885 0.0432
vn 0.0016 0.0586 -0.9983
vn 0.0708 -0.4197 -0.9049
vn -0.0178 -0.5831 -0.8122
vn 0.3424 -0.1926 -0.9196
vn 0.0003 0.0248 -0.9997
vn 0.0044 -1.0000 -0.0034
vn 0.0142 -0.9998 -0.0152
vn 0.0267 -0.9996 -0.0133
vn 0.0980 -0.9763 0.1930
vn -0.8555 -0.3697 0.3626
vn -0.5873 -0.5116 0.6272
vn -0.3827 -0.5684 0.7283
vn -0.9396 -0.2659 0.2155
vn -0.9988 -0.0181 -0.0446
vn -0.9197 -0.2614 0.2930
vn -0.9845 0.1587 -0.0741
vn -0.9816 0.1891 -0.0262
vn -0.5612 0.4453 0.6977
vn -0.9552 -0.2253 0.1919
vn -0.9409 0.1864 0.2828
vn -0.9705 0.2014 0.1326
vn 0.0285 -0.6530 0.7568
vn 0.0807 -0.5462 0.8337
vn 0.0382 -0.7791 0.6257
vn 0.0306 -0.8027 0.5956
vn 0.0157 -0.6090 0.7930
vn 0.4324 0.0650 -0.8993
vn -0.0072 0.0926 -0.9957
vn 0.5610 0.0355 -0.8271
vn 0.3481 0.0415 -0.9365
vn -0.0014 0.0131 0.9999
vn -0.9854 0.1016 -0.1366
vn -0.9931 0.1084 -0.0436
vn -0.9701 0.1330 -0.2032
vn -0.7308 0.5428 -0.4139
vn -0.6651 0.4529 -0.5937
vn -0.2399 -0.9418 0.2355
vn -0.6602 -0.7075 0.2521
vn -0.2681 -0.9504 -0.1574
vn -0.0579 0.9607 -0.2715
vn 0.0043 1.0000 -0.0037
vn 0.9985 0.0209 -0.0497
vn 0.9998 -0.0136 -0.0163
vn 0.9999 0.0104 -0.0109
vn 0.9988 0.0171 -0.0469
vn 0.0055 0.9292 -0.3696
vn 0.0201 0.9880 -0.1532
vn 0.0356 0.8263 -0.5620
vn 0.0257 0.8304 -0.5566
vn 0.0210 0.9303 -0.3662
vn 0.0167 0.9427 -0.3333
vn 0.0009 -0.0021 -1.0000
vn -0.1345 0.0552 -0.9894
vn 0.0349 -0.1340 -0.9904
vn 0.0253 0.0346 -0.9991
vn 0.0503 -0.1070 -0.9930
vn 0.8146 0.5672 0.1214
vn 0.9463 0.1588 -0.2817
vn -0.0287 -0.0890 0.9956
vn -0.0312 0.0039 0.9995
vn -0.0207 -0.7138 0.7000
vn -0.0465 -0.0242 0.9986
vn 0.0236 -0.0563 0.9981
vn 0.0128 -0.0013 0.9999
vn -0.0022 -0.7597 0.6502
vn 0.3521 -0.3154 0.8812
vn 0.3597 -0.4060 0.8401
vn 0.4527 -0.3072 0.8371
vn 0.8610 -0.2945 -0.4147
vn 0.9703 -0.1921 -0.1471
vn 0.9921 -0.1231 -0.0257
vn 0.9186 -0.3654 0.1506
vn 0.3986 -0.8949 -0.2010
vn -0.9476 -0.2050 0.2450
vn -0.0013 0.2186 0.9758
vn 0.0173 -0.0909 0.9957
vn -0.0037 0.4114 0.9114
vn -0.2048 0.1555 0.9664
vn 0.2687 -0.8022 -0.5332
vn 0.4562 -0.3548 -0.8161
vn 0.6226 -0.7228 -0.2998
vn 0.1661 -0.9624 -0.2147
vn 0.0126 -0.9996 -0.0258
vn -0.0059 -0.7839 -0.6209
vn -0.0034 -0.2389 -0.9710
vn -0.0013 -0.0450 -0.9990
vn -0.0779 0.5076 -0.8581
vn -0.0419 0.4762 -0.8783
vn 0.0232 0.2391 -0.9707
vn -0.8367 -0.1967 -0.5111
vn -0.9211 -0.1028 -0.3756
vn -0.9516 0.0217 -0.3064
vn -0.9059 0.0373 -0.4218
vn -0.0136 -0.0206 -0.9997
vn -0.0085 -0.0034 -1.0000
vn 0.0074 0.0310 -0.9995
vn 0.0180 0.0009 -0.9998
vn 0.0757 0.1172 -0.9902
vn 0.2949 0.5400 -0.7883
vn 0.1384 0.1772 -0.9744
vn -0.0023 0.9888 0.1493
vn 0.0056 0.9959 0.0907
vn -0.0261 0.9899 0.1392
vn -0.9992 -0.0400 -0.0052
vn -0.9991 -0.0243 -0.0361
vn -0.5571 0.0494 0.8290
vn -0.6032 -0.0212 0.7973
vn -0.9986 -0.0491 -0.0215
vn -0.9996 -0.0080 -0.0283
vn 0.9988 0.0330 0.0374
vn 0.6839 -0.4125 -0.6018
vn 0.8301 0.0349 -0.5565
vn 0.2261 0.9638 0.1410
vn 0.6597 0.6522 0.3732
vn -0.9876 -0.0834 0.1327
vn -0.6677 -0.7415 0.0660
vn -0.9993 -0.0245 0.0280
vn -0.9982 -0.0303 0.0519
vn -0.6412 -0.7069 0.2986
vn 0.1578 0.1898 -0.9691
vn 0.1486 -0.1203 -0.9816
vn -0.0369 0.3274 -0.9442
vn 0.0799 0.1871 -0.9791
vn 0.0774 0.0919 -0.9928
vn -0.3192 -0.7867 0.5284
vn -0.3002 -0.7342 0.6090
vn -0.2796 -0.7531 0.5955
vn -0.2330 -0.8482 0.4756
vn -0.4116 -0.7418 0.5295
vn 0.9764 0.1569 0.1482
vn 0.9948 0.0578 0.0834
vn 0.8787 -0.2490 -0.4074
vn 0.0780 -0.9780 0.1933
vn -0.8471 -0.2117 0.4874
vn -0.0361 -0.1773 0.9835
vn -0.0131 0.0076 0.9999
vn -0.0623 0.0372 0.9974
vn -0.0098 -0.0194 0.9998
vn 0.1980 -0.6358 0.7460
vn 0.9997 -0.0262 -0.0016
vn 0.9994 -0.0010 -0.0354
vn 0.9995 -0.0222 0.0231
vn 0.6735 -0.0228 0.7389
vn -0.2315 0.8485 0.4760
vn 0.4767 -0.6405 -0.6021
vn 0.2512 -0.6836 -0.6853
vn 0.8546 -0.3754 -0.3589
vn 0.2813 -0.8021 -0.5268
vn 0.9966 -0.0526 -0.0636
vn 0.6817 -0.5911 -0.4311
vn -0.5679 0.7077 0.4202
vn -0.6192 0.7482 0.2382
vn 0.2194 -0.9735 -0.0650
vn 0.2983 -0.9361 -0.1866
vn 0.0057 -1.0000 -0.0010
vn -0.0041 -1.0000 -0.0080
vn 0.0020 0.0288 0.9996
vn -0.0104 0.0116 -0.9999
vn -0.0316 -0.0056 -0.9995
vn -0.0253 -0.0403 -0.9989
vn -0.0000 -0.8519 -0.5238
vn 0.6719 0.7399 0.0340
vn 0.7682 0.6402 -0.0000
vn 0.0013 -0.0837 0.9965
vn 0.0398 -0.0381 0.9985
vn 0.1233 0.0715 0.9898
vn 0.0541 0.0232 0.9983
vn 0.4359 0.7858 -0.4387
vn 0.2026 0.7813 -0.5904
vn 0.7238 0.6345 -0.2713
vn 0.8134 0.4833 -0.3238
vn 0.3576 0.8126 -0.4602
vn 0.5821 -0.8119 0.0450
vn 0.5901 -0.7643 0.2600
vn 0.5247 -0.8290 -0.1936
vn -0.0187 0.1765 -0.9841
vn 0.0762 0.1911 -0.9786
vn 0.0137 0.1716 -0.9851
vn -0.3867 0.9171 -0.0972
vn -0.0040 1.0000 0.0020
vn 0.0528 0.9974 0.0481
vn -0.0702 0.9941 -0.0831
vn -0.4447 0.8900 -0.1013
vn 0.0140 0.9999 0.0062
vn -0.0438 0.9947 -0.0928
vn 0.0072 0.9996 -0.0268
vn -0.0021 0.9746 -0.2238
vn -0.1828 0.9823 -0.0417
vn -0.0519 0.9952 -0.0827
vn -0.4427 0.8743 -0.1990
vn -0.0047 0.8310 -0.5563
vn -0.0093 -0.8837 -0.4679
vn -0.0272 -0.8654 -0.5004
vn -0.0309 -0.8973 -0.4403
vn 0.1682 0.9794 0.1117
vn 0.2651 0.1470 0.9529
vn -0.0052 -0.9998 -0.0213
vn 0.0105 -0.9998 -0.0193
vn -0.0592 -0.7407 -0.6692
vn -0.0180 -0.9998 -0.0003
vn -0.0223 -0.9998 -0.0010
vn -0.0148 -0.9998 0.0119
vn -0.8629 0.1513 -0.4822
vn -0.6809 0.3365 -0.6505
vn -0.8214 0.1706 0.5442
vn -0.8192 0.1672 0.5486
vn -0.8236 0.1931 0.5333
vn 0.0002 0.8033 -0.5955
vn 0.1114 0.3905 -0.9138
vn -0.5184 0.8218 0.2364
vn -0.3444 0.9188 -0.1927
vn -0.6857 0.6708 -0.2825
vn -0.3071 0.1734 0.9358
vn 0.5173 -0.8248 0.2285
vn 0.1710 -0.9286 0.3293
vn 0.4072 -0.8132 0.4157
vn 0.7082 -0.6955 0.1213
vn 0.6060 -0.7929 -0.0643
vn -0.0140 -0.9996 -0.0246
vn 0.0306 -0.9993 -0.0204
vn -0.1628 -0.4666 -0.8694
vn -0.3292 -0.7059 -0.6271
vn -0.4104 -0.5829 -0.7013
vn -0.3148 -0.4420 -0.8400
vn -0.2049 -0.6795 -0.7045
vn -0.2396 -0.6829 0.6901
vn -0.2166 -0.6311 0.7448
vn -0.2988 -0.6504 0.6983
vn -0.1480 -0.4571 0.8770
vn -0.1726 -0.5032 0.8467
vn 0.9688 0.2412 0.0565
vn 0.9583 0.2375 0.1587
vn 0.7343 0.5760 0.3592
vn 0.9208 0.3893 -0.0243
vn -0.1636 -0.9420 -0.2930
vn -0.6103 -0.6388 -0.4685
vn -0.7280 -0.2107 -0.6524
vn -0.2204 -0.7348 -0.6415
vn 0.0032 -1.0000 -0.0065
vn 0.0373 -0.9849 -0.1688
vn 0.0034 0.9996 0.0276
vn 0.0017 0.9999 -0.0117
vn 0.0166 0.9995 -0.0271
vn 0.0051 0.6732 0.7395
vn -0.0227 0.9997 -0.0035
vn 0.9981 -0.0563 0.0238
vn 0.9976 -0.0428 0.0551
vn 0.9995 -0.0063 0.0301
vn 0.9998 -0.0000 -0.0194
vn 0.9986 -0.0512 0.0152
vn 0.3653 0.8160 0.4479
vn 0.2467 0.9303 0.2715
vn 0.1984 0.8974 0.3942
vn 0.7960 0.5281 0.2958
vn 0.1893 0.8238 0.5343
vn 0.3894 0.7144 0.5814
vn 0.6509 0.5503 0.5230
vn -0.2788 -0.7831 -0.5559
vn -0.1602 -0.9761 -0.1470
vn -0.2791 -0.8859 -0.3706
vn -0.2202 0.0882 0.9715
vn -0.3891 -0.1557 0.9079
vn -0.1322 -0.2092 0.9689
vn 0.1230 0.3645 0.9231
vn 0.1120 0.1505 0.9822
vn 0.0017 0.0835 0.9965
vn 0.0260 0.0221 0.9994
vn 0.5976 0.2068 0.7747
vn 0.8900 0.3990 -0.2205
vn 0.9896 0.1388 -0.0368
vn 0.9613 0.1302 0.2427
vn -0.3620 -0.7774 -0.5145
vn -0.7114 -0.0000 -0.7028
vn 0.0074 0.0382 -0.9992
vn -0.1056 0.0245 -0.9941
vn 0.8732 -0.0270 -0.4866
vn 0.2938 0.3173 0.9017
vn 0.0398 0.0582 0.9975
vn 0.3031 0.4327 0.8491
vn 0.4346 0.8509 -0.2951
vn 0.7534 0.5229 -0.3986
vn -0.0574 0.7460 -0.6634
vn -0.3693 0.6341 -0.6793
vn -0.0801 0.9165 -0.3919
vn -0.5451 0.5652 -0.6193
vn -0.6099 0.6188 -0.4951
vn -0.0565 0.1021 -0.9932
vn -0.0226 0.1157 -0.9930
vn 0.0003 0.0650 -0.9979
vn -0.3191 0.3190 -0.8924
vn 0.8485 0.0402 0.5277
vn 0.8564 0.0168 0.5160
vn 0.9588 -0.0100 0.2839
vn 0.9491 -0.0168 0.3146
vn 0.9998 -0.0164 0.0079
vn 0.9945 -0.0513 0.0914
vn 0.9987 -0.0469 0.0199
vn -0.0331 -0.1747 0.9841
vn -0.0246 -0.2016 0.9792
vn 0.0358 0.1059 0.9937
vn -0.0138 -0.9965 0.0827
vn 0.0067 -0.9973 0.0729
vn 0.0134 -0.9997 -0.0204
vn -0.0383 -0.9985 0.0397
vn -0.0380 0.1879 -0.9815
vn -0.1971 0.1368 -0.9708
vn -0.7420 0.5750 -0.3447
vn -0.4196 0.5835 -0.6953
vn -0.7665 0.1239 -0.6301
vn 0.0451 -0.8571 0.5132
vn -0.0392 -0.9992 -0.0056
vn 0.5205 -0.5928 0.6145
vn -0.0000 0.0312 0.9995
vn 0.0078 -0.7168 0.6973
vn -0.0455 0.2660 -0.9629
vn -0.0245 0.0475 -0.9986
vn -0.0910 0.0641 -0.9938
vn 0.0473 0.9092 0.4136
vn -0.0254 -0.0155 -0.9996
vn -0.0860 0.7618 -0.6421
vn 0.5885 -0.1007 -0.8022
vn 0.0468 -0.0616 -0.9970
vn 0.5918 0.5640 -0.5759
vn -0.0621 -0.0450 0.9971
vn 0.0010 0.0399 0.9992
vn -0.6515 0.0126 0.7585
vn -0.0206 -0.0243 0.9995
vn -0.6539 -0.0412 0.7554
vn -0.0027 -0.0072 1.0000
vn 0.0302 0.4709 0.8817
vn 0.0599 0.4242 0.9036
vn 0.0259 0.2307 0.9727
vn -0.0865 -0.9654 -0.2460
vn -0.0693 -0.9643 -0.2555
vn -0.1990 -0.9721 -0.1242
vn -0.1892 -0.8976 -0.3981
vn -0.1305 -0.9878 -0.0851
vn -0.0881 -0.8966 -0.4339
vn -0.7511 0.6464 0.1341
vn -0.9997 0.0254 0.0027
vn -0.6202 0.7845 -0.0000
vn -0.9985 0.0526 -0.0138
vn 0.8481 0.3853 -0.3638
vn 0.4897 0.5369 -0.6870
vn -0.9982 -0.0393 -0.0452
vn -0.9917 -0.1238 0.0339
vn -0.9156 0.2583 0.3080
vn -0.9987 0.0395 0.0314
vn -0.9965 -0.0436 0.0711
vn -0.7276 0.1581 0.6676
vn -0.9345 0.1053 0.3400
vn -0.9432 -0.1255 0.3075
vn -0.9994 -0.0123 -0.0334
vn 0.0271 -0.5242 -0.8511
vn 0.0785 -0.9937 0.0795
vn 0.4856 -0.6326 -0.6033
vn 0.3885 -0.2031 -0.8988
vn 0.3272 -0.2592 -0.9087
vn -0.9570 0.2339 0.1716
vn -0.8805 0.3805 0.2828
vn -0.8339 0.3766 0.4034
vn -0.8129 0.1318 0.5673
vn -0.5385 0.8021 0.2579
vn -0.9747 -0.2114 -0.0730
vn 0.1502 -0.4349 -0.8879
vn 0.1028 -0.8932 -0.4377
vn 0.0046 0.6759 -0.7370
vn 0.2324 0.9232 -0.3062
vn -0.0803 0.0384 -0.9960
vn -0.1075 0.0210 -0.9940
vn -0.0173 0.0282 -0.9995
vn 0.6851 0.0403 -0.7273
vn 0.0488 -0.0402 -0.9980
vn 0.7091 0.0040 -0.7051
vn 0.0012 0.7141 -0.7000
vn 0.0309 0.8429 -0.5371
vn 0.0555 0.6770 -0.7338
vn -0.0168 0.5251 -0.8509
vn -0.0182 0.8220 -0.5692
vn -0.0147 0.9995 0.0291
vn -0.0118 0.9999 0.0044
vn 0.0134 0.9998 0.0125
vn 0.0161 0.8732 0.4871
vn 0.0042 0.9999 -0.0104
vn -0.0365 0.7768 0.6287
vn 0.0082 0.9991 -0.0424
vn 0.2132 0.2925 -0.9322
vn -0.9560 -0.1179 0.2686
vn -0.9737 -0.0448 0.2234
vn -0.6057 0.7034 0.3719
vn -0.9983 -0.0573 0.0044
vn -0.8065 0.5625 0.1822
vn 0.5474 -0.6945 0.4670
vn 0.7405 -0.5122 0.4352
vn 0.5478 -0.5467 0.6333
vn 0.2730 -0.6244 0.7318
vn -0.5340 -0.7195 0.4440
vn -0.0071 -0.0010 1.0000
vn -0.7293 0.0007 0.6842
vn -0.9976 0.0334 0.0601
vn -0.5046 -0.7168 0.4812
vn 0.0081 -0.9999 -0.0146
vn 0.8113 -0.5790 -0.0815
vn 0.0441 -0.4057 0.9129
vn 0.0738 -0.4875 0.8700
vn 0.0707 -0.5285 0.8460
vn 0.1588 -0.5950 0.7879
vn 0.0975 -0.3447 0.9336
vn 0.1059 0.1405 0.9844
vn 0.4524 -0.6584 0.6016
vn 0.0079 0.4103 -0.9119
vn 0.0876 0.1553 -0.9840
vn 0.0027 0.3036 -0.9528
vn 0.0032 0.9995 -0.0323
vn -0.0901 0.9934 -0.0711
vn 0.0275 -0.1252 0.9918
vn -0.0239 -0.0003 0.9997
vn 0.0273 -0.0292 0.9992
vn -0.0001 -0.0974 0.9952
vn 0.0531 -0.0899 0.9945
vn 0.0161 -0.0821 0.9965
vn -0.8606 0.4313 0.2710
vn -0.8172 0.5758 0.0240
vn -0.5369 0.8397 0.0814
vn -0.7656 0.4683 0.4410
vn -0.8431 -0.0141 0.5376
vn -0.8248 0.0380 0.5641
vn -0.8109 0.0180 0.5850
vn -0.9143 0.0085 0.4048
vn -0.9008 0.0279 0.4334
vn -0.0067 0.9999 -0.0108
vn -0.2194 0.9756 0.0121
vn -0.1626 0.9864 -0.0230
vn -0.1549 0.9809 0.1175
vn -0.1805 0.9731 0.1435
vn -0.1320 0.9789 -0.1557
vn -0.1818 0.9803 -0.0772
vn -0.4718 0.8815 0.0210
vn -0.5507 0.6310 -0.5464
vn -0.6618 0.7497 -0.0026
vn 0.8274 0.0047 0.5616
vn 0.6007 0.0074 0.7994
vn 0.5913 0.0328 0.8058
vn 0.8741 0.0009 0.4858
vn -1.0000 0.0063 0.0011
vn -0.9997 -0.0088 -0.0230
vn -0.1424 0.1389 0.9800
vn -0.0632 -0.0930 0.9937
vn -0.1009 0.0299 0.9944
vn -0.1621 0.2692 0.9493
vn -0.2428 0.2791 0.9291
vn -0.2354 0.0347 0.9713
vn -0.0999 0.1925 0.9762
vn -0.3330 -0.7519 -0.5690
vn -0.3276 -0.8009 -0.5012
vn 0.2489 -0.0933 -0.9640
vn 0.0074 0.0006 -1.0000
vn 0.0058 0.0702 -0.9975
vn 0.1479 0.1295 -0.9805
vn 0.6366 0.1555 -0.7554
vn 0.0084 -0.5542 -0.8323
vn 0.0074 0.0028 -1.0000
vn 0.0032 -0.8891 -0.4577
vn -0.0940 0.0845 0.9920
vn -0.0021 0.0077 1.0000
vn 0.0120 0.0199 0.9997
vn -0.4676 0.2643 0.8435
vn -0.1543 0.1131 0.9815
vn 0.5636 -0.6437 -0.5177
vn 0.5094 -0.4678 -0.7222
vn 0.3711 -0.9259 -0.0701
vn 0.5852 0.0618 -0.8085
vn 0.9991 -0.0248 -0.0344
vn 0.0497 0.4575 -0.8878
vn 0.0259 0.5708 -0.8207
vn 0.0714 0.8653 -0.4961
vn -0.1232 -0.7250 0.6777
vn -0.1565 -0.6652 0.7301
vn -0.1631 -0.7144 0.6805
vn -0.1144 -0.7801 0.6151
vn -0.0997 -0.6739 0.7320
vn -0.4605 0.0363 -0.8869
vn -0.7764 0.0303 -0.6295
vn -0.4962 0.0368 -0.8674
vn -0.3085 0.0192 -0.9510
vn -0.7924 0.0360 -0.6089
vn 0.9912 0.0536 0.1212
vn 0.0123 0.1856 -0.9825
vn -0.5328 0.0109 -0.8461
vn -0.1365 0.1560 -0.9783
vn 0.1004 -0.9930 -0.0628
vn -0.0091 -1.0000 0.0027
vn -0.0945 -0.9800 0.1751
vn -0.6864 -0.7115 0.1502
vn 0.7250 0.6868 0.0509
vn 0.0273 0.0785 -0.9965
vn 0.0023 0.1053 -0.9944
vn 0.7729 0.5734 0.2716
vn 0.3488 0.8648 0.3612
vn 0.1689 0.8082 0.5642
vn 0.6036 0.6033 0.5212
vn 0.9754 -0.0316 0.2183
vn 0.1882 -0.8148 -0.5483
vn 0.2221 -0.8991 -0.3773
vn -0.2145 -0.9752 0.0539
vn -0.3347 -0.9387 0.0823
vn -0.2221 -0.9698 -0.1012
vn -0.0028 -1.0000 -0.0024
vn 0.0039 -1.0000 0.0020
vn -0.0064 -0.9999 0.0121
vn -0.8010 0.2113 0.5602
vn -0.6012 -0.0452 0.7978
vn -0.8869 -0.0229 0.4613
vn 0.0448 -0.9033 0.4267
vn 0.0489 -0.9570 0.2859
vn 0.0415 -0.8759 0.4808
vn 0.0488 -0.8301 0.5555
vn 0.0906 -0.9106 0.4032
vn 0.1805 0.1064 -0.9778
vn 0.1276 -0.0030 -0.9918
vn -0.0130 -0.9998 0.0116
vn -0.0030 -0.9998 -0.0192
vn -0.0121 -0.9997 0.0196
vn 0.0207 -0.9998 -0.0000
vn 0.3737 -0.7206 -0.5840
vn -0.8957 -0.0277 0.4437
vn -0.8277 0.2403 0.5072
vn -0.8954 0.0693 -0.4398
vn 0.6719 0.7257 0.1481
vn -0.7556 0.4209 -0.5019
vn -0.5521 0.7142 -0.4303
vn -0.1552 0.9853 -0.0714
vn -0.2575 0.9484 -0.1850
vn -0.3882 0.8857 0.2545
vn 0.0032 1.0000 -0.0091
vn 0.0034 0.9999 0.0096
vn 0.0004 1.0000 -0.0032
vn -0.0182 -0.9994 -0.0283
vn 0.0021 -0.5037 0.8639
vn -0.0026 -0.3010 0.9536
vn -0.0034 -0.5216 0.8532
vn 0.0211 0.9840 -0.1769
vn 0.0739 0.9971 -0.0199
vn 0.1080 0.8829 -0.4569
vn -0.0064 0.8937 -0.4485
vn -0.0437 0.9407 -0.3365
vn -0.1923 0.2206 0.9562
vn 0.5165 0.5393 0.6651
vn 0.9825 0.1072 0.1525
vn -0.9364 -0.0009 -0.3508
vn -0.6133 0.2514 -0.7488
vn -0.2618 0.1242 -0.9571
vn 0.2190 -0.6218 -0.7519
vn 0.2365 -0.7686 -0.5944
vn 0.1493 0.0905 0.9846
vn 0.5263 0.3774 0.7620
vn 0.7313 0.6358 0.2467
vn 0.6887 0.3635 0.6273
vn -0.9964 -0.0000 -0.0853
vn -0.5503 -0.5510 -0.6273
vn -0.9767 -0.0544 -0.2075
vn -0.7257 -0.6521 0.2195
vn -0.7397 -0.6707 0.0542
vn -0.9900 -0.1320 0.0495
vn -0.9957 -0.0781 0.0496
vn -0.9821 -0.0962 0.1622
vn -0.6742 -0.4328 0.5985
vn -0.7333 -0.3025 0.6089
vn -0.9564 -0.2706 0.1096
vn -0.0072 0.6189 0.7855
vn -0.0011 -0.0722 0.9974
vn -0.0128 0.4848 0.8746
vn -0.0288 0.9996 0.0005
vn 0.0189 0.9998 -0.0020
vn 0.9998 0.0099 -0.0178
vn 0.9980 0.0414 -0.0476
vn 0.0742 0.7902 0.6083
vn 0.0392 0.8033 0.5943
vn -0.0080 0.7749 0.6320
vn 0.1258 0.6786 0.7236
vn 0.0167 0.9059 0.4232
vn 0.0174 0.9260 0.3772
vn -0.9989 0.0402 -0.0239
vn -0.9937 0.0649 -0.0914
vn 0.8846 0.4021 -0.2360
vn 0.0234 -0.6722 -0.7400
vn 0.2040 -0.2287 -0.9519
vn 0.3988 -0.3769 -0.8360
vn 0.2993 -0.4376 -0.8479
vn 0.9646 -0.0629 0.2561
vn 0.6064 -0.7363 -0.3003
vn -0.9936 0.0353 0.1075
vn -0.8288 -0.4329 -0.3547
vn -0.9639 -0.2170 -0.1540
vn -0.6697 -0.4852 -0.5623
vn 0.0334 0.5701 -0.8209
vn 0.0268 0.6946 -0.7189
vn 0.3607 0.4299 -0.8277
vn 0.0654 0.4110 -0.9093
vn 0.2334 0.6731 -0.7017
vn -0.8535 0.1892 -0.4855
vn -0.8427 0.3597 -0.4007
vn -0.5727 0.4645 -0.6754
vn -0.5061 0.4657 -0.7259
vn -0.7942 0.3120 -0.5214
vn -0.3943 0.3323 -0.8568
vn 0.3504 0.9351 0.0538
vn 0.7849 -0.1229 0.6073
vn 0.4042 0.8292 0.3861
vn 0.8542 0.3734 0.3619
vn 0.2803 0.7077 0.6485
vn 0.6003 -0.7802 -0.1761
vn 0.0342 0.0066 0.9994
vn -0.0002 -0.0864 0.9963
vn 0.0153 0.0287 0.9995
vn 0.0048 0.7199 0.6941
vn 0.0090 0.7580 0.6522
vn -0.2034 0.6010 0.7729
vn -0.6930 0.7133 -0.1047
vn -0.6950 0.1342 -0.7064
vn -0.4817 0.5529 0.6799
vn -0.0245 -0.6364 -0.7709
vn 0.2115 -0.4075 -0.8884
vn -0.0000 0.0322 -0.9995
vn 0.0769 -0.4739 -0.8772
vn 0.0209 -0.9986 0.0490
vn -0.0713 0.1659 0.9836
vn -0.0240 0.4727 0.8809
vn -0.5450 -0.8381 0.0233
vn -0.9999 0.0037 0.0097
vn -0.9997 -0.0193 0.0156
vn -0.8165 -0.5773 -0.0041
vn -0.4908 -0.8713 -0.0051
vn -0.7044 -0.0201 -0.7095
vn 0.0209 -0.0255 -0.9995
vn -0.8155 0.0833 -0.5728
vn -0.1271 0.2880 -0.9492
vn -0.1499 0.5315 -0.8337
vn -0.1228 0.4932 -0.8612
vn -0.2810 -0.9556 0.0884
vn -0.2135 -0.9377 0.2740
vn 0.6155 0.7881 -0.0046
vn 0.0159 0.9999 -0.0049
vn 0.3829 0.5783 0.7204
vn -0.5191 -0.4272 -0.7403
vn -0.9438 0.0655 -0.3240
vn -1.0000 0.0069 -0.0058
vn -0.9994 -0.0050 0.0350
vn -0.9998 0.0106 0.0177
vn -0.9981 0.0570 -0.0214
vn -0.9996 0.0286 0.0045
vn 0.0480 -0.3790 0.9242
vn 0.1110 -0.7194 0.6857
vn 0.0310 -0.4439 0.8955
vn 0.1640 -0.4603 0.8725
vn -0.0982 0.1531 -0.9833
vn -0.4721 0.8573 -0.2053
vn -0.4202 -0.7844 -0.4562
vn -0.3187 -0.9356 -0.1521
vn 0.9983 0.0370 0.0453
vn 0.9991 -0.0082 0.0412
vn 0.9983 0.0565 0.0140
vn 0.7407 0.0198 0.6715
vn 0.9975 -0.0091 0.0703
vn 0.7355 -0.0000 0.6775
vn -0.0199 0.0365 -0.9991
vn -0.0295 0.0436 -0.9986
vn 0.0866 0.0030 -0.9962
vn -0.0006 0.0021 -1.0000
vn 0.8657 0.0883 -0.4927
vn 0.9841 0.1680 -0.0579
vn 0.9580 0.2683 0.1015
vn -0.2367 -0.0510 -0.9702
vn 0.0093 -0.5328 -0.8462
vn 0.0822 -0.0180 -0.9965
vn -0.5632 -0.0354 -0.8256
vn 0.9925 -0.0335 0.1178
vn 0.9911 0.0697 0.1133
vn 0.9915 0.0357 0.1247
vn 0.9927 -0.0021 0.1205
vn 0.9924 0.0321 0.1187
vn 0.7999 0.4821 -0.3573
vn 0.0013 0.3089 0.9511
vn -0.0772 -0.1337 -0.9880
vn -0.1556 -0.9791 -0.1309
vn -0.2663 -0.9638 -0.0137
vn -0.0054 0.6752 -0.7376
vn 0.0224 -0.0767 -0.9968
vn 0.0883 0.9830 -0.1612
vn 0.0625 0.9582 0.2794
vn -0.7560 0.4681 0.4575
vn -0.7831 0.4556 0.4232
vn -0.7589 0.4847 0.4350
vn -0.6540 0.6873 0.3161
vn -0.9019 0.0223 0.4315
vn 0.0434 0.2664 0.9629
vn 0.0328 0.3126 0.9493
vn 0.0720 0.2767 0.9582
vn 0.1615 0.1641 0.9731
vn 0.0837 0.2492 0.9648
vn 0.9132 -0.3840 -0.1365
vn 0.4664 -0.8706 -0.1565
vn 0.0040 -0.9986 0.0519
vn -0.0835 -0.9965 -0.0000
vn -0.6917 -0.7220 0.0177
vn -0.7010 -0.7129 0.0208
vn 0.0229 -0.9995 0.0229
vn -0.0467 -0.5239 0.8505
vn -0.0744 -0.6766 0.7326
vn -0.0020 -0.4758 0.8795
vn -0.0524 -0.2682 0.9619
vn -0.0948 -0.5055 0.8576
vn -0.1142 -0.6824 0.7220
vn 0.0312 -0.3255 0.9450
vn -0.0940 -0.6358 -0.7661
vn -0.0994 -0.7900 -0.6049
vn -0.1130 -0.7954 -0.5955
vn -0.2129 -0.0428 0.9761
vn 0.9878 0.1361 -0.0759
vn 0.9848 0.0877 -0.1498
vn 0.9078 0.4184 0.0284
vn 0.9906 0.0134 -0.1358
vn 0.9563 0.2879 0.0514
vn -0.1470 -0.9403 0.3069
vn 0.0559 -0.9869 0.1516
vn 0.0041 -0.8101 0.5862
vn -0.4130 -0.9044 0.1072
vn -0.0685 -0.9841 0.1636
vn -0.3246 -0.7043 0.6313
vn 0.4644 -0.7874 -0.4054
vn -0.0065 -1.0000 0.0003
vn -0.6034 -0.7811 0.1609
vn -0.0274 -0.9974 -0.0665
vn 0.4675 -0.6838 0.5603
vn -0.0000 -0.1287 -0.9917
vn -0.0642 -0.1232 -0.9903
vn 0.0918 -0.0807 -0.9925
vn 0.0086 0.6206 -0.7841
vn -0.0060 0.6167 -0.7872
vn 0.9993 -0.0344 -0.0128
vn 0.9998 0.0189 -0.0074
vn 0.9999 0.0062 -0.0119
vn 0.9996 -0.0280 -0.0067
vn 0.9994 -0.0176 -0.0308
vn 0.9987 -0.0452 -0.0226
vn 0.9989 -0.0394 -0.0250
vn 0.6675 0.3792 -0.6408
vn 0.6500 0.5833 -0.4871
vn 0.9942 0.0239 -0.1051
vn 0.6680 0.4532 -0.5902
vn 0.3868 0.4540 -0.8027
vn 0.0831 -0.9622 0.2592
vn 0.2015 -0.9594 0.1975
vn 0.1936 -0.8803 0.4332
vn 0.1021 -0.9947 0.0145
vn 0.1180 -0.9927 -0.0248
vn 0.2941 0.8680 -0.4001
vn -0.2066 0.2768 -0.9385
vn 0.0217 0.0560 0.9982
vn 0.0206 0.1091 0.9938
vn 0.0615 0.1054 0.9925
vn -0.0416 -0.2185 -0.9749
vn -0.0592 -0.4464 -0.8928
vn -0.0301 -0.2035 -0.9786
vn 0.3102 -0.8220 0.4776
vn 0.8962 -0.0426 -0.4416
vn 0.5276 -0.2404 0.8148
vn 0.9736 -0.1479 -0.1737
vn -0.9958 0.0854 0.0316
vn -0.9997 0.0169 0.0162
vn 0.1179 0.8576 0.5006
vn 0.1449 0.8122 0.5651
vn 0.1605 0.9563 0.2443
vn 0.1757 0.8014 0.5717
vn 0.0901 0.9689 0.2304
vn 0.8061 0.2712 0.5261
vn 0.8311 0.0362 0.5550
vn 0.0006 0.3067 0.9518
vn 0.0697 0.1075 0.9918
vn 0.0174 -0.5255 0.8506
vn 0.1310 0.3286 0.9353
vn 0.0057 0.2970 0.9549
vn -0.0036 -0.9637 0.2669
vn 0.8429 -0.0072 -0.5380
vn 0.7929 -0.0000 -0.6094
vn -0.0283 0.9994 0.0214
vn 0.1006 0.8626 0.4958
vn -0.5690 0.6022 0.5600
vn -0.3720 0.8099 0.4536
vn 0.0896 0.9537 -0.2872
vn 0.2101 0.9714 0.1107
vn 0.3873 0.2681 -0.8821
vn 0.5432 0.7280 -0.4184
vn -0.7090 0.7013 -0.0748
vn -0.0054 0.0084 -1.0000
vn 0.0072 -0.0145 -0.9999
vn -0.8693 0.2068 -0.4489
vn -0.9157 0.1004 0.3891
vn -0.9704 -0.1346 0.2006
vn -0.6522 0.4315 -0.6233
vn -0.9655 0.2572 -0.0406
vn -0.4147 0.4120 -0.8114
vn -0.0255 -0.9919 -0.1246
vn 0.1158 -0.9933 0.0007
vn -0.0868 -0.9958 0.0279
vn -0.0811 -0.9958 -0.0426
vn -0.4247 -0.8978 -0.1162
vn -0.5684 0.1103 0.8153
vn -0.6620 -0.2600 0.7029
vn -0.5683 -0.4529 0.6869
vn -0.9981 0.0599 -0.0137
vn -0.5971 0.8021 -0.0134
vn -0.9944 0.0647 0.0835
vn -0.6790 0.7337 0.0274
vn -0.1033 0.9798 0.1715
vn -0.0371 0.9850 0.1685
vn -0.0949 0.9920 0.0831
vn -0.1500 0.9253 0.3483
vn -0.0621 0.9389 0.3385
vn 0.0092 0.2549 0.9669
vn -0.0186 0.1428 0.9896
vn 0.9847 -0.1363 0.1085
vn 0.9228 0.0063 -0.3853
vn -0.5667 -0.8217 0.0602
vn 0.0680 -0.9967 0.0453
vn -0.6704 -0.7418 -0.0170
vn -0.9996 -0.0200 -0.0182
vn -0.8288 -0.1384 -0.5422
vn -0.9389 -0.3279 -0.1044
vn 0.7049 -0.5894 0.3945
vn 0.4917 -0.7171 0.4940
vn 0.9771 -0.1758 0.1197
vn -0.0359 0.0243 -0.9991
vn 0.2270 -0.1912 0.9549
vn 0.0816 0.0961 0.9920
vn 0.3629 0.5731 0.7347
vn 0.3948 0.5768 0.7152
vn 0.7986 0.1626 0.5795
vn 0.1416 0.1711 0.9750
vn 0.8734 0.1996 -0.4442
vn 0.9168 -0.3413 -0.2072
vn 0.0207 -0.0396 -0.9990
vn -0.0112 0.0153 -0.9998
vn -0.1533 0.1588 -0.9753
vn -0.0745 0.0602 -0.9954
vn 0.9999 -0.0061 0.0117
vn 0.9997 0.0233 -0.0007
vn 1.0000 0.0019 -0.0005
vn 0.0223 0.8857 0.4637
vn -0.0189 0.7398 0.6726
vn 0.0319 0.8492 0.5271
vn -0.8790 -0.4529 -0.1494
vn 0.1268 -0.9742 0.1866
vn 0.5869 -0.4126 -0.6967
vn -0.9975 -0.0656 -0.0243
vn -0.7814 -0.5245 0.3383
vn -0.8111 0.0061 0.5848
vn 0.0416 -0.3208 0.9462
vn -0.0012 -0.0325 0.9995
vn 0.7034 -0.6412 0.3067
vn 0.9489 -0.2427 0.2018
vn 0.9253 0.2426 0.2913
vn 0.9824 -0.1752 -0.0651
vn 0.4788 0.5705 -0.6673
vn 0.8278 0.5607 -0.0200
vn 0.9986 -0.0512 -0.0160
vn 0.0225 -0.0216 0.9995
vn 0.0722 0.0393 0.9966
vn 0.0602 0.0214 0.9980
vn -0.7802 0.5634 -0.2716
vn -0.9978 -0.0596 0.0285
vn 0.0105 0.1466 -0.9891
vn -0.0865 0.1470 -0.9853
vn 0.0072 0.2407 -0.9706
vn 0.5311 -0.1717 0.8297
vn 0.0380 -0.6479 0.7608
vn 0.8831 -0.3437 0.3195
vn 0.9986 -0.0176 0.0503
vn 0.3550 -0.6390 0.6824
vn 0.9878 0.1413 0.0647
vn 0.9674 0.1046 0.2307
vn -0.0015 1.0000 -0.0030
vn -0.0025 1.0000 -0.0086
vn 0.0303 -0.3957 -0.9179
vn 0.0210 -0.6264 -0.7792
vn -0.0000 -0.6246 -0.7810
vn -0.0133 -0.4452 -0.8953
vn 0.0206 -0.1978 -0.9800
vn -0.0379 -0.1993 -0.9792
vn 0.9999 -0.0020 0.0149
vn 0.9994 -0.0321 0.0105
vn -0.6294 -0.1959 -0.7520
vn -0.9747 0.0367 -0.2203
vn -0.9866 -0.1483 -0.0685
vn -0.9550 -0.2363 -0.1795
vn -0.3653 0.8620 -0.3514
vn -0.5001 0.8600 0.1013
vn -0.7759 0.5703 0.2695
vn -0.0919 0.9954 -0.0277
vn -0.3467 0.8957 0.2785
vn -0.0083 0.9644 -0.2643
vn -0.4799 0.8642 0.1511
vn 0.9912 0.1255 0.0418
vn -0.0185 -0.9998 -0.0003
vn 0.3402 0.7061 -0.6211
vn 0.3978 0.5276 -0.7506
vn 0.1345 0.9699 -0.2030
vn 0.0217 0.9749 0.2215
vn -0.1080 -0.9850 -0.1347
vn 0.9590 -0.2533 0.1267
vn 0.2583 0.9153 0.3089
vn 0.3001 -0.9138 0.2738
vn 0.9265 0.3762 0.0066
vn 0.9420 0.3297 -0.0633
vn 0.8159 0.5782 0.0051
vn 0.8907 0.4506 0.0606
vn 0.9340 0.3569 0.0144
vn -0.3713 0.7523 0.5442
vn -0.0203 0.8808 0.4730
vn -0.2072 0.9396 0.2723
vn -0.3569 0.6046 0.7121
vn -0.0006 0.7746 0.6324
vn -0.7920 0.5937 0.1425
vn -0.9995 0.0248 0.0199
vn -0.0899 0.9802 -0.1765
vn 0.1712 0.9237 -0.3427
vn 0.0202 0.5186 -0.8548
vn -0.2078 -0.8867 -0.4130
vn -0.9930 -0.0345 -0.1131
vn -0.9773 -0.1547 -0.1447
vn -0.4824 -0.6133 -0.6255
vn -0.5935 -0.5676 -0.5706
vn -0.0009 1.0000 0.0045
vn 0.0252 0.9997 0.0011
vn -0.0090 0.9995 0.0308
vn 0.0015 1.0000 -0.0038
vn -0.0333 0.9993 0.0181
vn 0.9971 0.0478 0.0598
vn 0.0157 0.9202 -0.3911
vn 0.0238 0.9996 -0.0139
vn 0.0202 0.9993 -0.0303
vn 0.0164 0.9998 -0.0087
vn 0.4429 0.8816 0.1631
vn 0.1527 0.9269 0.3429
vn 0.0131 0.9998 -0.0135
vn 0.2291 0.9734 0.0037
vn 0.0083 1.0000 0.0039
vn -0.0272 -0.4623 0.8863
vn 0.0649 -0.0331 0.9973
vn 0.0138 -0.0666 0.9977
vn 0.0210 -0.2978 0.9544
vn 0.0352 0.2572 0.9657
vn 0.1067 -0.9916 -0.0729
vn -0.1809 -0.9525 0.2449
vn -0.0523 -0.8361 0.5460
vn -0.4349 -0.4602 0.7740
vn 0.2083 -0.8502 0.4835
vn 0.1393 0.2059 -0.9686
vn 0.1889 0.0707 -0.9795
vn 0.4239 -0.5381 0.7285
vn 0.4089 -0.4076 -0.8165
vn 0.0012 -0.0138 -0.9999
vn 0.0832 -0.0951 -0.9920
vn 0.5330 0.2362 -0.8125
vn 0.7919 0.1019 -0.6021
vn 0.1624 0.1158 -0.9799
vn 0.8241 0.1386 -0.5492
vn -0.0054 0.4637 -0.8860
vn 0.0862 0.1353 -0.9871
vn 0.0074 0.2216 -0.9751
vn 0.0270 0.0390 -0.9989
vn -0.0567 0.0907 -0.9943
vn 0.0055 0.0090 -0.9999
vn -0.0848 0.6684 -0.7389
vn -0.0539 0.8044 -0.5917
vn -0.0156 0.7319 -0.6812
vn -0.0186 -0.9757 0.2183
vn -0.0870 -0.2128 -0.9732
vn -0.0003 -0.0368 -0.9993
vn -0.0078 -0.0237 -0.9997
vn -0.1405 0.0135 -0.9900
vn -0.0634 0.0555 -0.9964
vn -0.0037 0.2006 -0.9797
vn -0.9995 0.0244 0.0204
vn -0.6582 0.0601 -0.7504
vn -0.5529 0.0046 -0.8332
vn 0.0476 -0.8113 -0.5827
vn -0.1952 -0.9807 0.0141
vn -0.0396 0.7215 0.6913
vn -0.0611 0.6976 0.7139
vn -0.0806 0.4573 0.8857
vn 0.0003 0.8087 0.5882
vn -0.0776 0.4568 0.8862
vn 0.8402 0.4334 -0.3258
vn -0.7933 0.2132 0.5702
vn -0.8893 0.2743 0.3660
vn -0.9885 0.1290 0.0794
vn -0.9351 -0.2186 -0.2788
vn 0.6087 0.0094 -0.7933
vn 0.8013 0.0061 -0.5982
vn 0.7954 0.0007 -0.6060
vn 0.6114 -0.0521 -0.7896
vn 0.2194 -0.0707 -0.9731
vn 0.2758 -0.0807 -0.9578
vn -0.0435 -0.8688 -0.4932
vn -0.0356 -0.3994 -0.9161
vn 0.2333 -0.8866 -0.3993
vn -0.5341 -0.4029 -0.7433
vn 0.9992 0.0297 -0.0276
vn 0.9966 0.0099 0.0823
vn 0.9966 -0.0416 -0.0716
vn 0.7291 0.0035 -0.6844
vn 0.2613 0.9594 0.1062
vn 0.5469 0.8369 -0.0237
vn 0.3491 0.9337 -0.0796
vn 0.0082 -0.1030 0.9946
vn -0.0111 0.0109 0.9999
vn 0.0107 -0.0661 0.9978
vn 0.0051 0.0010 1.0000
vn -0.0487 -0.0379 0.9981
vn 0.8113 0.5258 0.2555
vn 0.3251 0.9446 -0.0448
vn 0.7330 0.5269 -0.4302
vn 0.0035 -0.6772 -0.7358
vn 0.0618 -0.3821 -0.9220
vn 0.0625 -0.8099 -0.5832
vn -0.3175 -0.4163 0.8520
vn -0.3621 -0.4729 0.8033
vn -0.2942 -0.1897 0.9367
vn -0.3839 -0.2142 0.8982
vn -0.1558 -0.2389 0.9585
vn -0.6515 0.7525 -0.0968
vn -0.4380 0.7342 -0.5188
vn -0.5680 0.7866 0.2422
vn -0.3077 0.8655 0.3952
vn 0.9074 0.2147 -0.3612
vn 0.7426 0.2841 0.6065
vn 0.9581 -0.0116 0.2861
vn 0.6145 0.7804 0.1157
vn 0.3994 0.3058 0.8643
vn -0.0039 0.9999 0.0133
vn 0.0130 0.9994 -0.0324
vn -0.0102 0.9999 0.0061
vn -0.0141 0.9999 0.0007
vn -0.0173 0.9999 0.0008
vn 0.0319 0.9994 -0.0104
vn -0.0180 -0.0429 0.9989
vn 0.0479 0.1010 0.9937
vn -0.0034 0.9286 -0.3711
vn 0.0104 0.9552 -0.2958
vn 0.0015 0.8834 -0.4687
vn -0.8857 -0.0166 -0.4640
vn -0.9019 0.0085 -0.4319
vn 0.0969 0.9914 0.0875
vn 0.1435 0.6042 0.7838
vn 0.2126 -0.7317 0.6476
vn -0.0600 0.3500 0.9348
vn -0.0018 1.0000 0.0040
vn -0.0303 0.7409 0.6709
vn 0.1508 0.3633 0.9194
vn -0.3720 0.2215 0.9014
vn -0.8779 0.4142 0.2402
vn -0.1075 0.7187 0.6869
vn -0.0417 -0.0636 0.9971
vn 0.0405 0.0347 0.9986
vn -0.0246 0.0878 0.9958
vn 0.0381 -0.0255 0.9989
vn -0.5357 0.0295 0.8439
vn 0.0311 -0.0286 0.9991
vn 0.0246 0.9206 -0.3898
vn 0.0647 0.9518 -0.2999
vn 0.0173 0.9229 -0.3846
vn 0.0350 0.8498 -0.5260
vn 0.0466 0.9770 -0.2081
vn -0.1622 -0.8317 0.5309
vn 0.3492 -0.4884 -0.7997
vn 0.8720 -0.4803 0.0943
vn 0.9920 -0.0738 0.1026
vn -0.0391 0.2074 -0.9775
vn 0.1906 -0.9418 -0.2769
vn 0.0914 -0.8843 -0.4578
vn -0.0148 0.9999 0.0043
vn 0.0040 0.9997 -0.0258
vn 0.7617 0.5953 0.2558
vn 0.2247 0.9302 0.2903
vn 0.2227 0.9405 0.2565
vn 0.2192 -0.7845 -0.5801
vn 0.1729 -0.6777 -0.7147
vn 0.1468 -0.9410 -0.3049
vn 0.0447 -0.8221 -0.5676
vn -0.5710 0.0216 0.8207
vn -0.0034 0.0504 0.9987
vn 0.0354 0.8405 0.5406
vn 0.0076 0.7100 0.7042
vn 0.0177 0.8985 0.4387
vn 0.0016 0.9434 0.3316
vn 0.0324 0.9178 0.3957
vn -0.1320 -0.9908 -0.0304
vn 0.0069 -1.0000 -0.0026
vn -0.4546 -0.8903 -0.0254
vn -0.9420 -0.3353 -0.0160
vn -0.1386 -0.9144 0.3803
vn -0.1785 -0.9622 0.2057
vn -0.1292 -0.9734 0.1893
vn -0.1131 -0.8507 0.5133
vn -0.0929 -0.9298 0.3562
vn -0.1229 -0.8353 0.5359
vn -0.3055 -0.8623 -0.4040
vn 0.1244 0.9115 0.3920
vn 0.0165 0.9289 0.3698
vn 0.1254 0.7526 0.6464
vn 0.5165 0.8134 0.2677
vn 0.2560 0.8109 0.5263
vn 0.0375 0.9914 -0.1253
vn -0.0186 0.9998 0.0106
vn -0.5832 0.6640 -0.4679
vn -0.0168 0.5859 -0.8102
vn 0.6913 -0.4993 0.5224
vn 0.4250 -0.4749 0.7706
vn 0.8688 -0.0220 0.4946
vn -0.9636 0.0113 0.2672
vn -0.7830 -0.5176 0.3450
vn -0.7625 0.0870 0.6412
vn -0.7263 0.6350 -0.2633
vn -0.7607 0.5912 -0.2679
vn -0.8918 0.0090 0.4523
vn -0.7886 0.0286 0.6143
vn -0.9939 0.0446 -0.1007
vn -0.9838 -0.0952 0.1516
vn -0.9542 -0.0141 0.2987
vn -0.9345 -0.0009 0.3560
vn -0.0440 -0.9989 -0.0179
vn -0.1406 0.0309 0.9896
vn -0.0869 -0.0135 0.9961
vn -0.0357 0.2313 0.9722
vn -0.0094 -0.9989 0.0456
vn -0.0008 1.0000 0.0024
vn -0.0266 0.9993 0.0255
vn -0.0179 0.9997 0.0174
vn 0.0188 0.6991 0.7148
vn 0.0057 0.9998 -0.0200
vn -0.2408 -0.4337 -0.8683
vn -0.0903 -0.1343 -0.9868
vn -0.4140 -0.8418 -0.3464
vn -0.0950 -0.9423 -0.3210
vn -0.6958 0.7132 -0.0850
vn -0.3489 0.9282 -0.1290
vn -0.9107 0.2850 0.2989
vn -0.7693 0.6359 -0.0621
vn 0.7680 -0.1791 -0.6149
vn 0.9115 -0.1427 -0.3857
vn 0.0815 -0.7157 -0.6937
vn -0.9386 -0.3446 -0.0150
vn -0.5837 -0.3090 -0.7509
vn -0.5929 -0.7679 -0.2423
vn -0.0989 0.9945 -0.0359
vn -0.3394 0.9379 0.0718
vn 0.0604 0.9943 -0.0875
vn -0.3541 0.9048 -0.2365
vn -0.0000 1.0000 -0.0052
vn -0.1584 0.9873 -0.0141
vn 0.0036 -0.1701 -0.9854
vn -0.7574 0.3422 -0.5560
vn -0.4948 0.1305 -0.8591
vn 0.0805 0.2578 -0.9628
vn -0.2274 -0.0703 -0.9713
vn -0.1835 0.2262 -0.9566
vn 0.0151 0.9998 0.0093
vn -0.0074 0.9920 -0.1261
vn 0.0956 0.9579 0.2706
vn -0.0076 1.0000 0.0060
vn -0.0485 0.2388 -0.9699
vn 0.0356 0.0211 -0.9991
vn 0.5402 -0.5723 -0.6170
vn 0.9426 0.3332 -0.0229
vn 0.9959 -0.0433 0.0798
vn 0.9570 -0.2672 0.1131
vn 0.9980 0.0554 0.0306
vn 0.9981 0.0382 0.0479
vn 0.9907 -0.1319 0.0340
vn 0.9751 0.2127 0.0631
vn 0.8323 0.0064 0.5543
vn 0.9793 -0.0986 0.1765
vn 0.9927 -0.1057 0.0590
vn 0.8750 -0.0484 -0.4818
vn 0.9957 -0.0587 -0.0711
vn 0.8426 0.1807 0.5074
vn -0.0151 0.9998 -0.0156
vn 0.9985 -0.0292 -0.0469
vn 0.9988 0.0157 -0.0472
vn 0.9992 -0.0406 0.0009
vn 0.9997 -0.0161 -0.0181
vn 0.0644 0.7997 0.5969
vn 0.0531 0.7310 0.6803
vn 0.0504 0.8095 0.5849
vn -0.0135 0.0159 -0.9998
vn -0.0298 0.5031 -0.8637
vn -0.0142 0.6047 -0.7963
vn 0.0427 0.0453 -0.9981
vn 0.0111 0.0144 -0.9998
vn 0.0219 0.0044 -0.9997
vn 0.0106 -0.0085 -0.9999
vn -0.7080 -0.1729 -0.6847
vn -0.4206 0.0485 -0.9059
vn -1.0000 -0.0000 -0.0002
vn -0.8557 0.2028 -0.4761
vn 0.0966 -0.9882 0.1189
vn -0.0006 -0.9489 0.3156
vn 0.5420 -0.1050 -0.8338
vn -0.0144 -0.0793 -0.9967
vn 0.4263 -0.9035 0.0446
vn 0.7738 -0.6254 0.1007
vn 0.0010 -0.8334 0.5526
vn 0.5255 -0.7793 0.3413
vn 0.5594 -0.5422 0.6269
vn 0.6875 -0.7046 -0.1758
vn 0.2362 -0.5421 0.8064
vn 0.3391 -0.3287 0.8815
vn 0.0434 0.0035 0.9991
vn 0.0080 0.1508 0.9885
vn -0.0235 0.1495 0.9885
vn -0.0142 0.5652 0.8248
vn -0.0007 0.7142 0.7000
vn 0.0460 0.0536 0.9975
vn 0.8617 0.0276 0.5067
vn -0.0077 0.9856 -0.1689
vn -0.0642 0.9978 -0.0162
vn -0.0339 0.9241 -0.3806
vn -0.0472 0.9891 -0.1392
vn 0.0178 0.9821 -0.1876
vn 0.0123 0.9154 -0.4023
vn -0.0334 0.0951 -0.9949
vn -0.0070 -0.0423 -0.9991
vn -0.0042 -0.0083 -1.0000
vn -0.0148 0.0160 -0.9998
vn 0.0360 0.1798 -0.9831
vn 0.1831 -0.7846 -0.5923
vn 0.7922 0.5886 0.1608
vn 0.8627 0.2045 -0.4625
vn 0.5463 -0.8334 -0.0832
vn -0.3435 -0.9391 -0.0000
vn 0.0035 -0.6765 0.7364
vn -0.7018 -0.4577 -0.5459
vn -0.5452 -0.5964 -0.5891
vn 0.0135 0.1982 0.9801
vn 0.9777 0.0895 -0.1898
vn 0.4367 0.5292 -0.7275
vn 0.9362 0.1752 -0.3046
vn 0.9760 0.1378 -0.1685
vn 0.9385 0.1527 -0.3096
vn -0.0552 0.0419 0.9976
vn 0.9984 -0.0559 0.0064
vn 0.9998 -0.0222 -0.0000
vn -0.8519 0.0505 -0.5213
vn 0.4926 -0.8667 0.0788
vn -0.0115 -0.9987 0.0498
vn 0.7168 -0.6969 0.0238
vn 0.0036 0.0049 -1.0000
vn -0.0153 0.2686 -0.9631
vn 0.0067 -0.2167 -0.9762
vn 0.0284 0.0356 -0.9990
vn -0.5540 -0.0569 0.8306
vn 0.6567 0.4380 0.6139
vn 0.0312 0.9992 0.0265
vn -0.9995 0.0175 -0.0262
vn 0.1247 0.8209 0.5573
vn -0.2957 -0.2078 0.9324
vn 0.2245 -0.8817 0.4150
vn 0.8308 -0.4723 -0.2946
vn 0.0053 -1.0000 -0.0025
vn 0.0038 -0.9705 -0.2410
vn -0.0188 -0.9158 0.4011
vn -0.0174 -0.8079 0.5890
vn -0.0220 -0.6906 0.7229
vn 0.0070 -0.9994 -0.0348
vn 0.0054 -0.9989 -0.0462
vn -0.7895 -0.2626 0.5548
vn -0.8301 -0.0375 0.5563
vn -0.8579 -0.2044 0.4714
vn -0.7667 0.0576 0.6394
vn -0.8150 -0.0008 0.5794
vn -0.8779 -0.0151 0.4787
vn -0.0106 0.6416 0.7670
vn 0.0032 0.9996 0.0289
vn -0.4819 -0.8273 -0.2888
vn -0.8176 -0.3368 0.4671
vn 0.5455 0.0679 0.8353
vn 0.8498 -0.2214 -0.4784
vn 0.8917 0.4477 -0.0670
vn -0.2428 0.6744 -0.6973
vn -0.1810 -0.0954 -0.9788
vn -0.2406 0.0066 -0.9706
vn -0.5795 -0.1165 -0.8066
vn 0.5159 -0.5407 -0.6644
vn -0.0457 0.0581 -0.9973
vn 0.8453 0.3131 0.4330
vn -0.2405 -0.6476 -0.7230
vn -0.3873 -0.7097 -0.5885
vn -0.2480 -0.7852 -0.5674
vn 0.2042 -0.0090 0.9789
vn 0.2666 -0.5662 0.7800
vn 0.9996 -0.0021 -0.0280
vn 0.9971 0.0181 -0.0733
vn 0.9917 -0.0678 -0.1090
vn -0.0181 0.9998 -0.0025
vn -0.0181 0.9996 -0.0196
vn -0.0016 0.9996 -0.0268
vn -0.0327 0.9987 -0.0399
vn -0.0119 0.9999 0.0103
vn 0.0675 -0.9074 0.4148
vn 0.0253 0.9442 -0.3283
vn 0.0365 0.9987 0.0357
vn 0.5445 0.7404 0.3940
vn 0.0003 0.8668 -0.4987
vn 0.1348 0.9272 -0.3495
vn -0.6984 -0.6199 0.3577
vn -0.6954 -0.3921 0.6022
vn -0.9904 -0.0566 0.1259
vn -0.3755 -0.7697 0.5163
vn -0.9966 -0.0821 -0.0037
vn -0.2118 0.2099 -0.9545
vn -0.5718 0.5969 -0.5629
vn -0.2932 0.3095 -0.9046
vn 0.0865 0.9876 -0.1312
vn -0.0006 -0.0328 0.9995
vn 0.0024 -0.0258 0.9997
vn 0.0275 0.0350 0.9990
vn 0.0012 -0.0035 1.0000
vn -0.9422 -0.3349 0.0092
vn -0.9529 -0.2440 0.1802
vn -0.2670 -0.4887 -0.8306
vn -0.7616 -0.5807 -0.2875
vn 0.3758 0.4592 -0.8050
vn 0.3761 0.5649 -0.7345
vn -0.9987 -0.0302 -0.0414
vn -0.3066 0.1833 0.9340
vn 0.0015 -0.0142 -0.9999
vn -0.0234 0.0184 -0.9996
vn -0.0073 -0.0298 -0.9995
vn 0.0866 -0.0023 -0.9962
vn 0.0570 -0.9948 0.0846
vn -0.0057 -0.9971 0.0763
vn -0.0888 -0.6571 -0.7486
vn -0.1471 -0.9616 0.2316
vn -0.0487 0.6623 0.7476
vn -0.0016 0.2379 0.9713
vn -0.0079 -0.0810 0.9967
vn -0.0833 -0.0015 0.9965
vn -0.0895 -0.2748 0.9573
vn -0.4737 -0.5704 0.6710
vn 0.8157 0.1235 -0.5652
vn 0.8322 0.2011 -0.5168
vn 0.8306 0.1391 -0.5392
vn -0.9924 0.0773 0.0960
vn -0.9995 0.0192 -0.0245
vn 0.0099 0.4100 -0.9120
vn -0.0335 0.4626 -0.8859
vn -0.7858 0.0210 -0.6181
vn -0.5900 0.4960 -0.6370
vn -0.1524 -0.2772 -0.9486
vn 0.9413 0.3354 0.0376
vn 0.9272 0.2555 0.2738
vn 0.9816 0.1696 0.0878
vn 0.9641 0.2261 0.1394
vn -0.0000 0.9999 0.0107
vn 0.4352 0.7031 0.5624
vn 0.0166 0.9890 0.1471
vn 0.4886 0.6107 0.6232
vn 0.5642 0.0278 0.8251
vn 0.4239 -0.0558 0.9040
vn -0.8912 0.2316 -0.3899
vn -0.6089 0.2229 -0.7613
vn -0.8657 0.2511 -0.4329
vn -0.6895 0.2759 -0.6697
vn -0.2275 -0.8106 0.5397
vn 0.0063 -0.4285 0.9035
vn -0.4817 -0.3579 0.8000
vn 0.0210 -0.0199 0.9996
vn 0.0169 -0.0103 0.9998
vn 0.0532 -0.0034 0.9986
vn 0.0360 -0.0576 0.9977
vn 0.0157 0.9997 0.0201
vn 0.3217 0.8878 -0.3292
vn -0.0076 0.9997 -0.0217
vn -0.8179 0.2979 0.4922
vn -0.4605 0.5959 -0.6579
vn -0.1231 -0.1379 -0.9828
vn 0.6836 0.1538 -0.7134
vn 0.0143 0.5686 -0.8225
vn 0.4068 0.6609 -0.6307
vn -0.0313 -0.4075 0.9127
vn 0.0349 -0.2914 0.9560
vn -0.0052 -0.6190 0.7854
vn -0.9532 -0.2163 0.2114
vn -0.2442 0.6112 0.7528
vn -0.7448 0.5276 0.4086
vn -0.5883 0.5234 0.6164
vn -0.5669 0.5612 0.6030
vn -0.3556 0.7232 0.5921
vn -0.4843 0.7023 0.5218
vn -0.9820 -0.1716 0.0785
vn -0.9358 -0.0514 -0.3488
vn -0.9394 -0.0758 -0.3343
vn -0.9959 -0.0198 -0.0883
vn -0.9579 -0.2092 -0.1969
vn -0.9738 -0.2167 -0.0689
vn -0.9947 0.0207 -0.1004
vn -0.9390 -0.0077 -0.3438
vn -0.9986 0.0363 -0.0375
vn 0.0190 0.2376 -0.9712
vn -0.4568 -0.8837 0.1019
vn -0.3521 -0.4512 -0.8200
vn 0.5390 -0.1702 -0.8249
vn -0.9912 0.1148 0.0659
vn -0.9993 -0.0034 0.0362
vn -0.0292 0.0250 -0.9993
vn -0.9655 -0.2558 0.0496
vn -0.9592 -0.2782 -0.0498
vn -0.9741 0.1758 0.1419
vn -0.6346 -0.7699 -0.0682
vn -0.7159 0.6982 -0.0067
vn -0.9874 0.0535 -0.1488
vn -0.8522 -0.5207 -0.0508
vn -0.6669 -0.7052 0.2410
vn -0.8392 0.5277 -0.1317
vn -0.4529 0.5667 0.6883
vn -0.2492 0.0139 0.9684
vn -0.3751 0.0284 0.9266
vn 0.0225 -0.0697 -0.9973
vn -0.2114 0.2620 -0.9416
vn -0.3522 0.4627 -0.8136
vn -0.1440 -0.0449 -0.9886
vn -0.1819 0.5376 -0.8233
vn 0.1636 -0.9753 0.1481
vn 0.2218 -0.9682 0.1160
vn -0.0008 -0.8942 0.4476
vn -0.0602 -0.9982 -0.0051
vn 0.3089 -0.3021 0.9018
vn -0.1644 -0.9641 0.2084
vn 0.9126 -0.0814 -0.4006
vn -0.0320 -0.9993 -0.0175
vn 0.0124 -0.9987 -0.0498
vn 0.0266 -0.8463 0.5320
vn -0.0309 -0.8298 0.5573
vn -0.0028 -0.9988 0.0479
vn 0.0182 -0.1977 0.9801
vn 0.0014 -0.5008 0.8656
vn -0.4932 0.2906 -0.8200
vn -0.3238 -0.7904 0.5200
vn 0.5803 0.0893 0.8095
vn -0.0992 -0.9274 -0.3606
vn -0.5575 -0.8296 0.0296
vn -0.1648 -0.8998 -0.4039
vn 0.9567 0.2782 0.0857
vn 0.7880 0.5626 -0.2500
vn -0.6664 -0.7170 -0.2047
vn -0.9712 0.2370 -0.0242
vn -0.0237 -0.7721 -0.6350
vn 0.0037 -0.9410 -0.3383
vn 0.0198 -0.7237 -0.6898
vn 0.0046 -0.8242 -0.5663
vn -0.0125 0.9999 -0.0006
vn -0.0093 0.9998 -0.0155
vn -0.0215 0.9985 0.0513
vn -0.7747 0.4520 0.4421
vn -0.8922 0.0125 0.4515
vn -0.0687 0.0141 -0.9975
vn -0.6335 0.6337 -0.4441
vn -0.1148 0.8518 -0.5112
vn 0.0418 0.9911 0.1265
vn 0.0728 0.9931 0.0920
vn -0.0157 0.8589 0.5119
vn -0.3112 -0.9472 0.0772
vn 0.3900 -0.7575 0.5236
vn 0.6247 -0.5804 0.5224
vn -0.1648 0.9609 -0.2224
vn -0.4032 0.9151 -0.0000
vn 0.9934 0.0607 0.0977
vn 0.9360 0.3521 0.0004
vn -0.6938 -0.6434 0.3234
vn -0.0686 -0.8745 0.4801
vn -0.5743 -0.7999 0.1744
vn -0.0056 0.9997 0.0219
vn -0.0009 0.9997 -0.0228
vn 0.9997 -0.0226 -0.0000
vn 0.7085 0.6719 -0.2159
vn 0.2014 -0.8515 0.4841
vn 0.1629 -0.8246 0.5417
vn 0.1937 -0.6635 0.7227
vn 0.2964 -0.8415 0.4517
vn 0.3261 -0.7803 0.5337
vn 0.2213 -0.8636 0.4530
vn 0.0094 1.0000 0.0001
vn -0.0000 1.0000 0.0001
vn 0.0064 0.0681 0.9977
vn 0.0116 0.9247 -0.3805
vn 0.9744 -0.1299 0.1833
vn 0.9492 -0.0344 -0.3127
vn 0.6015 0.0732 0.7955
vn 0.6060 -0.3564 0.7111
vn 0.8311 -0.4783 -0.2836
vn 0.0395 0.6767 0.7352
vn 0.1301 0.7251 0.6762
vn -0.8274 -0.0432 -0.5600
vn -0.9627 0.0104 -0.2704
vn -0.8703 0.0109 -0.4924
vn -0.8117 0.0085 -0.5840
vn -0.8696 0.1477 -0.4711
vn 0.9749 0.2216 0.0222
vn 0.4326 0.6570 -0.6174
vn 0.3276 0.7103 -0.6231
vn 0.2918 0.3922 -0.8724
vn 0.4744 0.5831 -0.6595
vn -0.9992 -0.0330 0.0220
vn 0.0146 0.9997 -0.0190
vn -0.0127 0.9998 -0.0136
vn -0.9992 -0.0377 0.0129
vn -0.7321 -0.0412 0.6799
vn -0.9871 0.0150 0.1595
vn -0.3986 -0.2818 0.8727
vn -0.7264 0.1155 0.6774
vn -0.4586 -0.6762 -0.5766
vn 0.1396 0.0213 -0.9900
vn -0.2573 -0.6104 0.7492
vn -0.3567 0.9274 -0.1130
vn -0.1969 -0.9355 0.2933
vn 0.1771 -0.8325 0.5249
vn -0.0600 -0.9873 0.1471
vn -0.6862 0.6854 0.2437
vn -0.5358 0.7314 0.4219
vn -0.5475 0.6685 -0.5034
vn 0.0730 -0.7664 0.6382
vn 0.0481 0.0238 0.9986
vn 0.6554 0.7553 0.0001
vn 0.8709 0.0793 0.4851
vn -0.0637 -0.1104 -0.9918
vn 0.0259 0.0337 -0.9991
vn 0.0014 -0.1409 -0.9900
vn -0.0000 -0.0617 -0.9981
vn -0.5167 0.8418 -0.1563
vn -0.5656 0.7941 0.2227
vn -0.7757 0.3608 -0.5179
vn -0.9422 -0.1315 -0.3081
vn -0.7918 -0.0223 -0.6104
vn -0.7745 0.4240 -0.4693
vn -0.7833 0.4427 -0.4364
vn -0.5439 0.3309 -0.7711
vn -0.4941 -0.4275 0.7571
vn 0.2566 0.8385 -0.4807
vn -0.0594 -0.9925 -0.1064
vn 0.0011 -1.0000 0.0082
vn -0.0457 -0.5190 0.8536
vn -0.0091 -0.6873 0.7263
vn -0.0077 -0.6706 0.7418
vn 0.9593 -0.0074 -0.2823
vn -0.2924 0.8491 0.4400
vn 0.1002 0.5484 0.8302
vn -0.0333 0.9989 -0.0320
vn -0.4257 0.9042 -0.0332
vn -0.3605 -0.0132 0.9327
vn -0.5244 0.0324 0.8509
vn 0.0175 0.0327 0.9993
vn -0.0010 -0.0376 0.9993
vn -0.5178 0.5513 0.6541
vn -0.9977 -0.0129 0.0661
vn 0.2980 0.0282 0.9542
vn 0.2414 0.0594 0.9686
vn 0.5304 0.1945 0.8252
vn 0.1097 -0.9796 -0.1685
vn 0.0252 -0.9766 -0.2138
vn 0.1348 -0.9898 -0.0465
vn -0.0068 -0.3552 0.9348
vn -0.3926 -0.8115 0.4328
vn 0.0519 -0.0961 0.9940
vn 0.0006 1.0000 -0.0045
vn -0.0174 0.9995 0.0249
vn 0.2609 0.7270 0.6351
vn 0.0189 0.9784 0.2057
vn -0.9991 0.0062 -0.0411
vn -0.9996 -0.0097 -0.0272
vn -1.0000 -0.0022 0.0053
vn 0.0001 1.0000 0.0005
vn 0.0080 0.9974 0.0712
vn 0.1205 0.9862 0.1132
vn -0.0287 -0.0018 -0.9996
vn 0.0275 -0.0000 -0.9996
vn -0.0700 0.0584 -0.9958
vn -0.0329 0.0692 -0.9971
vn 0.2028 -0.4555 -0.8668
vn 0.0080 -0.1672 -0.9859
vn -0.9832 -0.1682 0.0709
vn -0.0001 -0.0008 -1.0000
vn -0.3747 -0.5817 -0.7220
vn 0.0165 0.8104 -0.5857
vn 0.0004 -0.0719 0.9974
vn -0.0108 -0.0379 0.9992
vn -0.0000 0.0246 -0.9997
vn -0.0098 0.6079 -0.7940
vn -0.0041 -1.0000 0.0070
vn -0.0788 -0.9968 0.0140
vn -0.1940 -0.0080 0.9810
vn -0.9248 0.0068 0.3804
vn -0.9673 -0.0176 0.2529
vn -0.8114 0.3318 -0.4812
vn -0.7799 0.4862 -0.3942
vn -0.8336 0.5262 -0.1679
vn -0.9835 -0.0830 -0.1605
vn -0.6549 -0.5500 -0.5182
vn -0.3694 -0.6682 0.6458
vn 0.9904 0.0442 0.1309
vn 0.9886 0.0758 0.1303
vn -0.0791 0.1101 -0.9908
vn 0.8604 -0.4712 -0.1941
vn 0.4995 -0.3460 -0.7942
vn -0.0201 0.9995 0.0228
vn -0.0063 0.9995 0.0307
vn 0.9628 0.0480 0.2660
vn 0.9998 -0.0199 0.0010
vn -0.2693 -0.8051 -0.5285
vn 0.0298 0.5743 0.8181
vn 0.0231 0.0036 -0.9997
vn 0.0492 -0.0010 -0.9988
vn 0.0772 -0.4773 0.8753
vn -0.0091 -0.9974 -0.0710
vn -0.0039 -0.6008 0.7994
vn 0.0190 -0.8649 0.5016
vn 0.5404 0.2054 -0.8160
vn -0.0298 0.0137 -0.9995
vn 0.0375 0.0053 -0.9993
vn -0.3263 0.5799 -0.7465
vn 0.3802 0.5681 0.7299
vn 0.1064 0.9863 -0.1260
vn -0.0031 1.0000 -0.0051
vn -0.2754 0.9223 -0.2712
vn -0.1426 0.9436 -0.2988
vn 0.0214 0.9998 -0.0032
vn -0.0273 0.9987 0.0440
vn -0.0501 0.0826 0.9953
vn -0.9281 -0.1890 -0.3208
vn -0.0966 0.6301 -0.7705
vn 0.0076 -0.9981 -0.0608
vn 0.0175 -0.9998 -0.0104
vn 0.9802 0.1874 -0.0647
vn 0.8187 0.1267 0.5600
vn -0.0774 -0.0022 0.9970
vn -0.6375 0.0382 0.7695
vn 0.0161 0.4566 0.8895
vn 0.0594 -0.9964 0.0598
vn -0.0183 -0.9802 0.1970
vn -0.0130 -0.9706 0.2404
vn -0.0128 -0.9678 -0.2514
vn -0.0636 -0.9897 -0.1286
vn -0.0681 -0.9776 -0.1990
vn -0.9032 0.4246 -0.0626
vn 0.9555 0.2586 -0.1418
vn -0.7472 0.5614 0.3557
vn -0.4087 0.9126 -0.0056
vn -0.2758 0.8963 0.3473
vn 0.3081 -0.9501 0.0484
vn 0.2141 -0.7614 -0.6119
vn 0.2305 -0.3387 -0.9122
vn 0.0468 0.6975 -0.7150
vn 0.0409 0.5199 -0.8532
vn -0.0210 0.0316 0.9993
vn 0.0159 0.0663 -0.9977
vn 0.9606 -0.1550 0.2308
vn 0.8163 0.3166 0.4831
vn 0.9442 0.1837 0.2736
vn 0.9954 0.0394 0.0876
vn -0.5712 0.6256 -0.5313
vn -0.5434 -0.5780 0.6089
vn -0.5896 -0.0447 0.8065
vn -0.0545 -0.9090 0.4132
vn -0.0418 -0.9180 0.3944
vn -0.0303 -0.8068 0.5901
vn -0.0431 -0.8171 0.5748
vn -0.0183 0.9998 -0.0124
vn 0.0016 1.0000 -0.0080
vn 0.0462 0.9811 -0.1880
vn -0.7889 0.4349 0.4341
vn -0.6545 0.7116 -0.2554
vn -0.0851 -0.9961 -0.0221
vn -0.0174 -0.9997 0.0142
vn 0.7959 0.1560 0.5851
vn -0.0895 0.9952 0.0409
vn -0.1282 0.9703 0.2051
vn -0.0439 0.9989 -0.0131
vn -0.0116 -0.9999 0.0024
vn -0.0000 -0.3148 -0.9492
vn -0.2234 -0.9003 -0.3735
vn 0.0005 -0.9996 0.0290
vn 0.2788 -0.8702 0.4062
vn -0.9541 -0.2970 0.0383
vn -0.5075 -0.7429 0.4365
vn -0.4060 -0.6239 0.6678
vn -0.7348 0.3030 0.6068
vn 0.0788 0.1553 0.9847
vn -0.0808 0.9022 0.4238
vn -0.2149 -0.0995 0.9716
vn 0.0556 0.2263 -0.9725
vn 0.0533 0.0123 -0.9985
vn 0.7082 0.0017 -0.7060
vn 0.0523 -0.9984 0.0235
vn 0.0571 -0.8709 0.4881
vn -1.0000 0.0001 -0.0000
vn -0.1799 -0.9714 0.1548
vn 0.9947 0.0261 -0.0991
vn 0.9988 -0.0000 -0.0487
vn 0.0448 0.8159 -0.5764
vn 0.0542 0.9926 -0.1083
vn -0.0266 -0.7703 0.6371
vn -0.0523 0.0362 0.9980
vn -0.0249 -0.9997 -0.0017
vn -0.4858 -0.6096 0.6264
vn -0.6026 -0.2061 0.7710
vn -0.4971 -0.4005 0.7698
vn -0.2661 0.0556 0.9623
vn 0.3015 0.1624 0.9395
vn 0.0730 0.0327 0.9968
vn 0.6135 0.4920 0.6177
vn -0.0926 -0.9920 -0.0860
vn -0.0039 -1.0000 -0.0074
vn -0.0373 0.1873 -0.9816
vn -0.0396 0.1194 -0.9921
vn -0.0192 0.1746 -0.9845
vn -0.0193 0.4036 -0.9147
vn -0.9511 0.1031 -0.2912
vn 0.0308 0.9995 0.0060
vn -0.0410 0.9372 0.3463
vn -0.0671 0.9898 0.1260
vn 0.1905 0.8296 0.5248
vn -0.1960 0.7006 0.6861
vn -1.0000 0.0012 0.0021
vn 0.3926 -0.4550 -0.7993
vn 0.5921 0.2153 0.7765
vn 0.9140 0.1853 0.3610
vn 0.9557 -0.2221 -0.1930
vn 0.7696 0.1390 0.6232
vn 0.6158 -0.6199 -0.4864
vn -0.0090 0.0660 -0.9978
vn 0.6542 0.0140 0.7562
vn 0.0276 0.4694 0.8825
vn 0.0321 0.1761 0.9838
vn -0.0435 -0.9989 0.0161
vn -0.0047 -1.0000 -0.0001
vn 0.9212 0.1346 0.3652
vn 0.8282 0.5599 -0.0253
vn -0.9996 0.0121 -0.0260
vn -0.9966 0.0310 -0.0769
vn -0.9995 0.0305 -0.0000
vn 0.0192 -0.9996 -0.0206
vn -0.2290 -0.9255 -0.3018
vn 0.0370 -0.7177 -0.6954
vn 0.1667 -0.9714 0.1689
vn -0.2264 0.9715 0.0707
vn -0.0118 -0.8825 -0.4702
vn -0.0466 -0.7605 -0.6477
vn -0.0300 -0.7732 -0.6335
vn -0.1178 -0.8763 -0.4672
vn -0.0297 -0.8934 -0.4483
vn -0.0401 -0.9967 0.0712
vn -0.8796 0.0053 0.4757
vn 0.0425 0.0061 -0.9991
vn -0.8882 0.2462 -0.3879
vn -0.7440 0.5850 -0.3228
vn -0.2356 0.9699 -0.0620
vn -0.4395 0.8871 -0.1410
vn 0.8318 -0.2111 0.5133
vn 0.8513 0.4257 0.3066
vn 0.9749 -0.0752 0.2095
vn -0.9984 0.0135 0.0556
vn -0.9997 -0.0227 0.0100
vn 0.0408 0.0186 0.9990
vn 0.9458 -0.2792 -0.1661
vn 0.7698 -0.1687 -0.6155
vn -0.0081 0.9994 0.0348
vn -0.0070 0.9999 0.0139
vn -0.0493 0.9986 -0.0171
vn 0.0019 0.9993 0.0362
vn 0.0007 1.0000 -0.0053
vn -0.0132 0.9999 -0.0091
vn -0.2230 0.7148 -0.6628
vn 0.9985 -0.0070 -0.0545
vn 0.8884 -0.4072 0.2120
vn -0.0258 0.6753 -0.7371
vn -0.7944 0.5752 -0.1950
vn -0.1783 -0.8903 -0.4190
vn 0.2966 0.6389 0.7098
vn 0.1946 0.7713 0.6060
vn 0.2366 -0.7758 -0.5850
vn 0.9992 -0.0329 0.0226
vn -0.8946 0.4439 -0.0509
vn -0.9621 0.0894 0.2576
vn -0.9941 0.0017 0.1083
vn -0.8545 -0.3756 -0.3589
vn -0.3727 0.3433 0.8621
vn -0.0006 -1.0000 -0.0007
vn 0.0414 -0.9852 -0.1661
vn -0.0146 -0.0570 0.9983
vn -0.0047 0.1918 0.9814
vn -0.9996 0.0251 -0.0140
vn 0.7867 -0.5923 -0.1738
vn 0.0221 0.6868 -0.7265
vn 0.0865 0.7282 -0.6799
vn 0.0246 0.4012 -0.9157
vn 0.3536 -0.8589 0.3705
vn 0.9072 0.2070 0.3662
vn 0.3682 0.5648 0.7385
vn -0.7792 0.4753 -0.4087
vn -0.7663 0.6425 0.0059
vn 0.3655 -0.0487 0.9295
vn 0.0139 -0.0669 0.9977
vn 0.4859 -0.6134 0.6226
vn -0.1978 -0.3713 0.9072
vn -0.9617 0.0022 -0.2739
vn 0.4563 0.8244 0.3348
vn 0.3763 0.9033 0.2059
vn 0.4549 -0.4341 -0.7776
vn -0.0062 -0.0201 -0.9998
vn -0.0134 0.0142 -0.9998
vn 0.9585 -0.1907 -0.2121
vn 0.9018 -0.3019 -0.3094
vn 0.9611 -0.1317 -0.2429
vn -0.0377 -0.8214 0.5691
vn -0.9596 -0.2813 -0.0086
vn -0.9932 -0.0826 -0.0819
vn -0.9489 -0.2376 -0.2079
vn -0.9539 -0.2991 -0.0230
vn 0.8351 -0.4235 0.3511
vn -0.1774 0.9582 -0.2243
vn -0.5424 0.6586 -0.5216
vn -0.7205 0.6818 0.1262
vn 0.9982 0.0593 -0.0008
vn -0.1008 0.4675 0.8782
vn -0.1283 0.2195 0.9671
vn 0.0535 0.5416 0.8390
vn -0.0142 0.0369 0.9992
vn 0.0849 -0.7415 -0.6655
vn 0.1795 -0.8507 -0.4941
vn 0.4786 -0.8771 0.0399
vn 0.0687 -0.9976 0.0026
vn -0.3878 -0.5388 0.7479
vn 0.1325 -0.9912 -0.0083
vn -0.0238 -0.0404 0.9989
vn 0.9998 0.0099 -0.0148
vn 0.0615 0.7028 0.7087
vn 0.0838 0.4218 0.9028
vn 0.7703 0.5872 -0.2488
vn 0.1977 0.9649 -0.1728
vn -0.1370 -0.6430 -0.7535
vn -0.1489 0.3114 -0.9385
vn -0.1855 0.3033 -0.9347
vn 0.2619 -0.9638 0.0503
vn 0.5605 -0.1846 -0.8073
vn -0.2949 0.4256 -0.8555
vn -0.0052 0.6900 0.7238
vn 0.0281 0.8314 0.5549
vn 0.0014 0.8013 0.5983
vn 0.0363 0.0728 0.9967
vn -0.0103 0.9999 0.0022
vn -0.5942 -0.0799 -0.8003
vn -0.0306 -0.0424 -0.9986
vn -0.4706 -0.0498 -0.8810
vn -0.9990 -0.0289 -0.0351
vn -0.0005 0.0337 0.9994
vn 0.0343 0.0281 0.9990
vn 0.0434 0.0147 0.9990
vn 0.8006 0.3761 -0.4665
vn -0.0117 -0.0230 -0.9997
vn 0.9218 -0.0187 -0.3873
vn 0.9790 0.2018 0.0280
vn 0.9181 -0.2439 0.3124
vn 0.8949 -0.3967 -0.2042
vn 0.9757 -0.1161 0.1861
vn 0.4082 0.1542 -0.8998
vn 0.7935 0.1801 -0.5812
vn 0.8205 0.1217 -0.5586
vn -0.0195 0.0305 -0.9993
vn 0.6460 0.0102 -0.7632
vn 0.4056 0.0711 -0.9113
vn 0.1831 -0.7024 0.6878
vn -0.0037 0.9320 -0.3624
vn -0.0054 -0.3893 -0.9211
vn 0.6253 -0.3725 0.6858
vn 0.0423 -0.0147 0.9990
vn 0.0305 0.9991 0.0288
vn 0.0447 -0.0286 -0.9986
vn 0.0469 -0.0821 -0.9955
vn -0.0325 -0.8227 0.5675
vn -0.1186 -0.8351 0.5372
vn 0.0813 -0.0045 0.9967
vn 0.0273 0.0818 0.9963
vn -0.7210 -0.4793 0.5005
vn 0.0303 -0.5929 0.8047
vn -0.3307 -0.9026 0.2756
vn -0.4248 -0.8745 0.2341
vn -0.0110 0.5333 -0.8458
vn 0.0016 0.8783 -0.4781
vn 0.4488 -0.8235 0.3471
vn 0.2039 -0.9150 -0.3482
vn 0.0044 -1.0000 0.0023
vn 0.7700 0.0018 0.6380
vn -0.3706 0.0410 -0.9279
vn -0.9982 0.0599 -0.0070
vn 0.1928 -0.9203 0.3404
vn 0.7217 -0.2190 0.6567
vn -0.0788 0.8283 0.5547
vn -0.1177 0.7111 0.6931
vn -0.1116 0.4479 0.8871
vn -0.1097 -0.6215 -0.7757
vn 0.0048 -0.9999 0.0101
vn 0.5139 0.8444 -0.1514
vn 0.0575 0.9983 -0.0024
vn 0.1942 0.8418 -0.5037
vn -0.8169 -0.4167 -0.3988
vn -0.9831 0.1437 0.1132
vn -0.6944 0.7192 -0.0248
vn -0.9998 -0.0149 -0.0164
vn -0.5788 0.8155 -0.0014
vn -0.5218 0.5739 -0.6312
vn 0.4769 0.7266 -0.4946
vn 0.7154 0.3257 -0.6182
vn 0.0152 -0.9918 0.1272
vn 0.0695 -0.9970 -0.0333
vn 0.1249 0.1408 -0.9821
vn 0.9994 -0.0213 0.0274
vn 0.9997 -0.0190 0.0174
vn -0.0143 0.9996 -0.0257
vn 0.0074 0.9999 0.0133
vn -0.0207 0.0300 0.9993
vn 0.0170 0.0285 0.9994
vn -0.0267 0.0138 0.9995
vn -0.2044 0.9767 -0.0659
vn -0.0054 1.0000 -0.0004
vn -0.1532 0.9860 0.0653
vn -0.0116 0.9999 -0.0092
vn -0.5962 -0.0399 0.8019
vn -0.2596 -0.0064 0.9657
vn -0.0047 0.0021 -1.0000
vn -0.5973 -0.8001 -0.0557
vn -0.0132 -0.5254 0.8507
vn 0.0280 0.0280 0.9992
vn 0.0242 0.0147 0.9996
vn 0.0542 0.0048 0.9985
vn 0.0178 0.4753 0.8796
vn -0.9263 0.3666 -0.0865
vn -0.0595 -0.6901 0.7213
vn 0.9976 -0.0003 0.0687
vn -0.0222 0.9997 0.0049
vn -0.0008 1.0000 -0.0085
vn 0.2911 -0.8610 -0.4171
vn 0.1962 0.8337 0.5162
vn 0.1375 0.6019 0.7867
vn 0.0411 0.9992 0.0016
vn -0.0968 0.9813 0.1663
vn -0.1328 0.9018 0.4112
vn -0.5490 0.0484 0.8344
vn -0.8656 -0.1693 0.4712
vn 0.0024 -0.3176 0.9482
vn 0.0199 0.9974 -0.0688
vn 0.1727 0.9841 0.0422
vn 0.0722 0.9963 -0.0463
vn 0.0052 1.0000 -0.0078
vn -0.9918 0.0624 0.1113
vn -0.0360 -0.9896 0.1396
vn -0.0220 -0.9499 0.3117
vn -0.5819 0.6589 -0.4767
vn 0.0043 -0.9995 -0.0320
vn -0.0082 -0.9998 0.0180
vn -0.0006 -0.9997 0.0257
vn -0.7535 -0.5449 0.3679
vn -0.0809 -0.4664 -0.8809
vn -0.1311 -0.5940 -0.7937
vn -0.1155 -0.6755 -0.7283
vn -0.1726 -0.4715 -0.8648
vn -0.1233 -0.1926 -0.9735
vn 0.9403 0.1617 0.2996
vn 0.9887 0.0369 0.1451
vn 0.7070 -0.1840 0.6828
vn -0.0166 0.0159 0.9997
vn 0.3800 -0.0037 0.9250
vn -0.0351 -0.0206 0.9992
vn 0.4381 0.5879 0.6800
vn -0.1773 -0.7189 -0.6721
vn -0.2644 -0.7505 -0.6057
vn 0.4967 0.8136 0.3021
vn 0.8421 0.0311 -0.5385
vn 0.9697 0.2442 0.0073
vn 0.9929 0.0125 -0.1182
vn -0.0265 0.6930 0.7205
vn -0.0236 -0.0028 -0.9997
vn -0.0442 0.0285 0.9986
vn -0.8746 0.3496 -0.3359
vn -0.3625 0.8923 -0.2692
vn -0.8025 0.5932 -0.0644
vn -0.2741 -0.9435 0.1862
vn 0.3367 -0.9269 -0.1659
vn -0.7802 -0.3637 0.5089
vn -0.4315 -0.2664 0.8619
vn 0.2053 -0.9764 -0.0674
vn 0.5069 -0.7975 0.3271
vn 0.4456 -0.7560 0.4795
vn -0.1470 -0.5844 0.7980
vn -0.0007 -0.9996 0.0286
vn -0.7788 0.4447 0.4424
vn -0.9952 -0.0048 0.0981
vn -0.9352 0.0128 -0.3540
vn -0.9250 -0.0044 -0.3800
vn -0.0402 -0.9991 -0.0109
vn -0.0545 -0.9983 -0.0226
vn 0.4351 -0.5302 0.7277
vn -0.0547 0.0346 0.9979
vn -0.3285 -0.5161 0.7911
vn -0.0803 0.8974 0.4338
vn -0.1853 0.1303 -0.9740
vn 0.0024 1.0000 0.0091
vn 0.0037 1.0000 0.0027
vn 0.0055 1.0000 -0.0071
vn 0.0071 1.0000 -0.0065
vn 0.0749 0.9866 -0.1446
vn 0.2041 0.9789 -0.0022
vn 0.1090 -0.6529 0.7496
vn 0.1022 -0.8167 0.5679
vn -0.9477 0.0178 -0.3188
vn -0.9997 0.0214 0.0079
vn -0.9837 0.0275 -0.1776
vn -0.0204 -0.0050 0.9998
vn -0.1228 -0.9904 -0.0633
vn -0.0068 0.9134 0.4071
vn 0.3276 -0.7037 -0.6304
vn 0.6206 -0.5591 -0.5498
vn 0.1004 -0.6477 0.7553
vn -0.3961 0.3484 0.8495
vn -0.0060 0.9995 0.0323
vn 0.9987 -0.0500 0.0137
vn 0.9998 0.0137 0.0121
vn -0.9993 -0.0164 0.0335
vn -0.9532 -0.2951 -0.0662
vn -0.1879 -0.9652 0.1821
vn -0.2667 -0.9419 -0.2043
vn 0.0075 0.0139 -0.9999
vn -0.2196 -0.4418 0.8698
vn 0.7409 0.2327 0.6300
vn -0.3483 -0.0583 0.9356
vn -0.7890 -0.5763 -0.2129
vn 0.0765 0.9817 0.1743
vn -0.3324 0.9293 0.1612
vn -0.7926 0.6085 0.0400
vn -0.0878 -0.5010 -0.8610
vn -0.6555 -0.7552 0.0050
vn -0.0024 0.1676 0.9859
vn 0.0136 -0.6515 0.7585
vn 0.7392 -0.6684 -0.0832
vn 0.8362 -0.3339 0.4352
vn -0.0365 0.7051 0.7082
vn 0.0589 0.8208 -0.5681
vn -0.1451 -0.8920 0.4281
vn -0.8589 -0.1332 -0.4944
vn -0.8116 0.1363 -0.5681
vn 0.3786 -0.9246 0.0430
vn 0.1739 -0.8535 0.4912
vn -0.0049 -0.4510 0.8925
vn -0.8611 -0.0026 -0.5084
vn -0.5238 -0.4321 0.7341
vn -0.1036 0.9945 -0.0128
vn -0.0084 0.9733 0.2292
vn -0.0127 -0.0510 0.9986
vn 0.9939 0.1028 0.0395
vn 0.0450 -0.0187 0.9988
vn -0.0336 0.0814 0.9961
vn -0.0174 0.0063 0.9998
vn -0.0930 0.0153 0.9955
vn -0.3033 0.8502 0.4304
vn 0.0276 -0.9826 -0.1837
vn -0.3526 -0.1049 0.9299
vn -0.0758 0.0444 0.9961
vn -0.9953 0.0317 0.0911
vn -0.9993 0.0126 -0.0340
vn 0.0747 -0.4355 0.8971
vn -0.7792 -0.3177 0.5403
vn -0.0263 0.9996 0.0057
vn -0.0448 0.9990 0.0005
vn -0.7809 0.6142 -0.1138
vn 0.3721 0.5619 0.7388
vn -0.9904 -0.1294 -0.0489
vn -0.9926 0.0563 -0.1079
vn 0.8260 0.2817 0.4883
vn -0.0096 -1.0000 0.0008
vn -0.0098 0.9999 0.0101
vn -0.0055 0.9977 0.0674
vn -0.0139 0.9980 -0.0609
vn 0.0581 0.9979 -0.0277
vn -0.0520 -0.9983 -0.0260
vn -0.2845 0.2038 -0.9368
vn 0.0160 -0.8399 0.5425
vn 0.0489 -0.9887 -0.1419
vn 0.0191 0.9170 0.3984
vn 0.0714 0.8713 0.4855
vn 0.9867 0.1192 0.1109
vn -0.9352 -0.3030 -0.1832
vn -0.0024 -0.0378 -0.9993
vn -0.0252 -0.0021 -0.9997
vn -0.9974 0.0137 0.0712
vn -0.9999 0.0067 -0.0107
vn 0.3146 0.7550 0.5753
vn -0.0642 0.0780 -0.9949
vn 0.8243 0.5352 0.1845
vn 0.0233 -0.9823 0.1860
vn 0.3964 0.5525 -0.7332
vn -0.2633 0.0455 -0.9636
vn 0.4783 0.1351 0.8678
vn 0.0118 -0.3061 -0.9519
vn 0.1814 0.7174 0.6726
vn -0.0942 -0.9321 -0.3497
vn 0.0089 0.9999 -0.0099
vn 0.9990 0.0439 0.0010
vn 0.9989 -0.0028 -0.0468
vn 0.0380 -0.0230 -0.9990
vn -0.8065 -0.1836 -0.5620
vn -0.3234 -0.6468 -0.6907
vn 0.1349 -0.2988 -0.9447
vn 0.3409 -0.4073 -0.8473
vn -0.0080 0.9996 -0.0282
vn -0.0185 0.9991 0.0370
vn 0.0462 0.9989 -0.0127
vn -0.0137 0.0914 0.9957
vn -0.2381 0.8896 0.3898
vn -0.0978 0.1661 0.9813
vn -0.0042 0.9997 -0.0241
vn 0.5954 0.8006 0.0676
vn -0.0400 0.9975 0.0591
vn 0.0608 0.9656 0.2530
vn -0.0003 1.0000 0.0080
vn 0.0031 0.9993 0.0369
vn -0.3620 0.9277 0.0915
vn -0.8296 -0.1666 0.5329
vn -0.0140 -0.1258 0.9920
vn 0.0322 0.0314 0.9990
vn -0.0077 0.9693 0.2459
vn -0.0752 -0.0049 -0.9972
vn -0.0039 0.6809 -0.7324
vn 0.0481 0.0163 0.9987
vn 0.0354 -0.0422 0.9985
vn -0.9917 -0.0639 0.1115
vn -0.7073 -0.0111 0.7068
vn 0.2045 -0.6808 -0.7033
vn 0.2715 -0.6248 -0.7321
vn 0.4264 -0.6698 -0.6079
vn -0.1737 0.9083 0.3805
vn 0.4535 0.7853 0.4215
vn -0.5771 0.5272 0.6238
vn -0.0858 0.0573 0.9947
vn -0.6666 0.5005 0.5525
vn -0.5874 0.5516 0.5923
vn 0.4466 -0.8079 -0.3845
vn -0.6664 0.7128 -0.2188
vn -0.7767 0.5353 -0.3321
vn -0.8086 0.5469 -0.2169
vn 0.9975 -0.0663 -0.0245
vn 0.9996 -0.0028 0.0292
vn 0.0417 -0.4651 -0.8843
vn -0.1084 -0.9791 0.1720
vn -0.2042 0.2767 -0.9390
vn -0.0812 0.2190 -0.9723
vn -0.0257 0.1831 -0.9828
vn -0.0010 0.0956 -0.9954
vn -0.3873 0.4701 -0.7931
vn 0.4817 -0.2787 0.8308
vn 0.0102 -0.7822 0.6229
vn -0.2055 0.4743 0.8560
vn 0.0518 -0.1787 0.9825
vn -0.2671 -0.9590 -0.0945
vn 0.0471 -0.0010 0.9989
vn -0.9992 -0.0196 0.0351
vn -0.7312 0.0127 -0.6820
vn -0.9986 -0.0340 0.0395
vn 0.9327 0.0776 -0.3522
vn -0.6230 0.4927 0.6075
vn 0.9019 0.2980 0.3127
vn 0.6902 0.6987 -0.1883
vn -0.9983 0.0535 0.0246
vn -0.1408 0.3090 0.9406
vn 0.4150 -0.8185 -0.3973
vn 0.1092 -0.1065 -0.9883
vn 0.9998 -0.0137 0.0115
vn 0.9998 -0.0124 -0.0124
vn 0.8052 0.5410 0.2428
vn -0.0324 0.8865 0.4615
vn 0.0163 0.9998 -0.0119
vn 0.0072 1.0000 -0.0057
vn -0.3456 -0.5997 0.7217
vn -0.3918 -0.6701 0.6304
vn -0.2833 -0.8004 0.5284
vn -0.5435 -0.5007 0.6737
vn 0.0137 -0.0158 -0.9998
vn -0.3658 0.3595 -0.8584
vn 0.8077 0.5818 0.0959
vn -0.9737 -0.2167 -0.0707
vn -0.1987 0.9745 0.1048
vn -0.9442 0.2140 0.2504
vn -0.9996 0.0022 0.0277
vn 0.6682 0.0242 0.7436
vn 0.0063 -0.4978 0.8673
vn 0.8953 -0.1095 0.4319
vn -0.9996 0.0138 -0.0229
vn -0.1353 0.9647 0.2259
vn 0.1741 0.8333 0.5247
vn 0.9995 0.0221 -0.0240
vn -0.8931 0.0146 0.4496
vn -0.6457 0.6485 -0.4032
vn 0.9139 0.3568 0.1937
vn 0.6205 0.3185 0.7166
vn 0.2853 -0.0855 0.9546
vn -0.2381 0.6657 -0.7072
vn -0.4279 0.8740 0.2303
vn -0.1791 -0.9654 -0.1892
vn -0.0755 -0.9796 0.1864
vn -0.1607 0.9693 -0.1863
vn -0.0279 0.0298 0.9992
vn -0.6617 0.7240 -0.1949
vn -0.3442 0.8941 -0.2866
vn -0.0031 1.0000 -0.0090
vn -0.0107 0.0555 -0.9984
vn -0.0929 0.9922 -0.0830
vn 0.1398 0.2167 0.9662
vn 0.9056 -0.3619 0.2213
vn 0.5229 0.8502 0.0603
vn 0.0293 -0.9996 -0.0000
vn 0.8017 -0.4165 -0.4287
vn 0.8311 -0.3619 -0.4223
vn 0.3948 -0.4757 -0.7860
vn 0.3243 -0.7964 0.5105
vn 0.3344 -0.8692 0.3642
vn -0.0072 0.8902 0.4556
vn -0.9560 0.0590 0.2872
vn 0.0059 0.9998 -0.0205
vn -0.0185 0.9998 0.0059
vn -0.0190 0.0205 0.9996
vn -0.0185 0.8098 -0.5865
vn -0.0490 0.7979 -0.6008
vn -0.8889 0.4577 0.0188
vn 0.9663 -0.2366 -0.1013
vn 0.0449 0.1962 0.9795
vn -0.2952 0.5848 -0.7556
vn -0.5963 0.4423 -0.6699
vn -0.1585 0.6891 -0.7071
vn -0.2302 0.7497 -0.6205
vn -0.7589 -0.0039 -0.6512
vn -0.7592 -0.0426 -0.6495
vn -0.8169 -0.0149 -0.5766
vn 0.0559 -0.9747 0.2165
vn -0.7248 0.2630 -0.6368
vn 0.4030 -0.5520 0.7300
vn -0.0379 0.9970 -0.0673
vn 0.0413 0.9986 -0.0317
vn -0.0096 -0.7104 0.7037
vn -0.4561 0.7137 0.5317
vn -0.8875 0.2640 0.3776
vn -0.1258 -0.9867 0.1028
vn -0.3285 -0.9405 -0.0867
vn 0.6329 0.2212 0.7420
vn -0.2322 -0.9461 -0.2260
vn -0.7408 0.6696 -0.0535
vn 0.4397 0.8982 -0.0000
vn -0.9992 -0.0324 0.0218
vn -0.9997 -0.0147 -0.0198
vn -0.7068 0.7074 0.0030
vn -0.9992 -0.0333 0.0231
vn -0.6503 0.7595 0.0171
vn 0.1124 -0.1296 -0.9852
vn -0.0265 -0.8101 0.5857
vn 0.3923 0.5722 0.7202
vn 0.3620 0.5574 0.7472
vn -0.4235 -0.5353 0.7309
vn -0.3161 -0.8660 -0.3875
vn -0.7836 -0.5593 -0.2704
vn -0.3216 -0.9237 -0.2083
vn 0.8043 -0.5540 0.2147
vn 0.1103 -0.9729 -0.2031
vn 0.8365 -0.5478 0.0151
vn 0.7321 -0.5659 0.3792
vn 0.0130 0.9808 0.1945
vn 0.0228 0.9996 -0.0184
vn 0.9767 -0.0524 0.2079
vn -0.0253 -0.7814 -0.6235
vn -0.0122 0.9999 -0.0095
vn -0.1822 0.8294 0.5281
vn -0.1592 0.6889 0.7072
vn -0.0610 0.8448 0.5316
vn -0.5176 0.0324 -0.8550
vn -0.0858 0.0286 -0.9959
vn 0.9895 0.0743 0.1239
vn 0.5248 0.0704 -0.8483
vn 0.9140 -0.0637 -0.4007
vn 0.0352 0.1134 0.9929
vn 0.0808 -0.1016 0.9915
vn -0.8162 0.1420 -0.5601
vn -0.8174 0.1963 -0.5415
vn -0.8173 0.1763 -0.5486
vn 0.0221 0.9248 0.3798
vn 0.4411 0.4464 0.7786
vn 0.1147 0.8629 -0.4921
vn 0.7364 0.2336 0.6350
vn -0.1527 -0.3267 0.9327
vn -0.0884 -0.9041 0.4180
vn 0.0065 -0.5160 0.8566
vn -0.0076 0.7263 0.6873
vn 0.9997 -0.0228 -0.0019
vn 0.2147 -0.9601 0.1791
vn 0.7377 0.0282 0.6745
vn -0.0200 -0.8162 -0.5775
vn 0.1771 0.2531 -0.9511
vn -0.1643 0.1187 0.9792
vn 0.7946 -0.0081 -0.6071
vn 0.1388 0.2611 0.9553
vn -0.8504 -0.0214 0.5258
vn -0.1751 0.9299 0.3234
vn -0.0191 0.9998 0.0048
vn -0.7491 0.0443 -0.6610
vn -0.2258 -0.8711 0.4362
vn -0.0526 0.8295 0.5560
vn -0.1127 -0.1447 -0.9830
vn 0.0689 -0.0250 -0.9973
vn -0.7054 0.6398 0.3051
vn -0.2254 0.8682 0.4420
vn -0.0243 -0.4894 0.8717
vn 0.9804 0.1085 -0.1645
vn 0.9245 -0.3686 -0.0975
vn 0.9538 -0.2777 -0.1145
vn 0.9894 0.0315 -0.1417
vn -0.6220 0.0230 0.7827
vn -0.9993 -0.0170 0.0339
vn -0.1138 0.8367 0.5356
vn -0.1599 0.8695 0.4673
vn 0.0773 0.9048 0.4187
vn -0.3600 0.6676 0.6516
vn 0.0100 0.2023 0.9793
vn 0.1570 0.9428 0.2941
vn -0.8891 -0.3688 0.2710
vn -0.9434 -0.3129 -0.1101
vn -0.9889 -0.1361 -0.0591
vn -0.8594 -0.1570 0.4867
vn -0.5250 0.8493 0.0560
vn -0.0382 0.9992 -0.0119
vn -0.1807 0.9418 -0.2834
vn -0.0396 0.1261 0.9912
vn -0.0263 0.0004 -0.9997
vn 0.0054 0.9999 -0.0091
vn 0.0101 0.9999 0.0123
vn 0.8499 -0.5195 0.0880
vn 0.0846 0.8959 0.4361
vn 0.4175 -0.9081 0.0314
vn -0.0052 0.1438 -0.9896
vn 0.0310 0.9522 -0.3040
vn 0.5226 -0.6942 -0.4949
vn 0.0316 0.3205 0.9467
vn -0.6050 -0.5962 0.5278
vn -0.7943 0.2455 -0.5556
vn -0.0131 -0.7211 0.6927
vn -0.9554 0.0135 -0.2950
vn -0.9996 0.0294 -0.0007
vn -0.0016 -0.9377 0.3474
vn 0.6883 0.7254 -0.0036
vn 0.9345 0.3560 -0.0064
vn 0.2788 0.8754 -0.3949
vn -0.1549 0.4406 -0.8842
vn 0.4430 -0.8880 -0.1237
vn -0.0000 -0.6455 0.7638
vn 0.8182 0.2953 -0.4932
vn -0.0278 0.8950 0.4452
vn -0.6184 0.5621 0.5492
vn 0.9941 0.0320 0.1033
vn 0.0011 0.9602 0.2794
vn -0.0116 -0.8054 0.5927
vn -0.9993 0.0233 -0.0301
vn -0.9988 0.0487 -0.0008
vn -0.9714 0.0310 0.2352
vn 0.4346 -0.8852 -0.1660
vn -0.5527 -0.8048 0.2163
vn -0.9992 -0.0000 0.0390
vn 0.1594 0.2709 -0.9493
vn -0.2041 0.8352 0.5107
vn -0.5845 0.6513 0.4839
vn -0.5245 -0.6612 0.5364
vn -0.0822 0.9966 0.0073
vn -0.8441 -0.0453 -0.5343
vn 0.5381 0.6371 -0.5518
vn 0.2330 0.1625 -0.9588
vn -0.0257 -0.0059 -0.9997
vn -0.2105 0.6478 -0.7321
vn -0.2253 0.3896 -0.8930
vn 0.0199 0.0149 -0.9997
vn -0.0003 0.0211 -0.9998
vn 0.8177 0.1445 0.5573
vn 0.9979 -0.0651 -0.0011
vn 0.2878 -0.9567 0.0426
vn 0.2334 -0.9641 0.1265
vn 0.0281 0.9996 -0.0024
vn 0.4092 0.5876 0.6981
vn 0.9401 -0.2234 -0.2574
vn -0.7383 -0.3487 0.5773
vn -0.8901 0.0044 0.4557
vn -0.0368 -0.9992 0.0139
vn -0.3365 0.8227 -0.4581
vn 0.2503 -0.9165 0.3121
vn 0.7927 -0.0133 -0.6094
vn -0.8675 -0.2242 0.4441
vn -0.9825 -0.1205 0.1421
vn 0.9886 0.0158 -0.1497
vn 0.6494 -0.6824 0.3356
vn -0.7657 -0.1503 -0.6253
vn -0.9020 0.2176 0.3729
vn -0.1194 0.1791 0.9766
vn 0.0541 -0.0004 -0.9985
vn -0.5766 0.8011 0.1602
vn -0.0361 -0.7382 0.6736
vn -0.8565 0.3124 0.4108
vn 0.0793 0.9876 -0.1356
vn -0.5436 -0.0351 0.8386
vn -0.8627 0.0459 -0.5037
vn -0.2085 0.9603 0.1855
vn 0.9328 -0.3454 0.1031
vn 0.0610 -0.0543 0.9967
vn -0.0497 -0.2417 -0.9691
vn -0.5520 -0.8148 -0.1772
vn -0.0062 -1.0000 -0.0063
vn -0.7317 0.6804 -0.0417
vn 0.0274 -0.8484 -0.5286
vn -0.1627 0.9190 0.3591
vn 0.9620 0.0031 0.2729
vn -0.5517 -0.6409 0.5338
vn -0.7638 0.5183 -0.3847
vn 0.9688 -0.0363 -0.2450
vn -0.8335 0.1591 -0.5291
vn -0.7480 0.2475 0.6158
vn 0.1454 -0.9702 -0.1938
vn 0.5394 -0.5765 -0.6138
vn 0.8569 0.0343 -0.5144
vn -0.5439 -0.2130 -0.8117
vn -0.8854 -0.4150 -0.2093
vn -0.0627 -0.9977 0.0265
vn 0.2214 -0.9617 -0.1618
vn 0.0990 0.0673 -0.9928
vn 0.2334 -0.9652 0.1176
vn 0.0059 1.0000 0.0063
vn 0.7773 0.2054 -0.5947
vn 0.0651 0.0466 -0.9968
vn -0.8447 -0.2780 -0.4574
vn -0.3189 -0.3320 -0.8877
vn -0.8762 0.0247 0.4813
vn -0.8678 0.0443 -0.4950
vn 0.2519 0.3722 0.8933
vn 0.2142 -0.7614 -0.6119
vn -0.0324 -0.7227 -0.6904
vn -0.2321 0.9690 -0.0843
vn 0.0946 -0.9952 -0.0268
vn -0.0440 0.1762 0.9834
vn 0.0087 0.3396 0.9405
vn 0.2411 -0.9451 -0.2205
vn -0.1446 0.9893 -0.0189
vn -0.0055 0.3156 0.9489
vt 0.470920 0.077784
vt 0.472151 0.079249
vt 0.470284 0.078539
vt 0.122546 0.832470
vt 0.124741 0.832456
vt 0.123197 0.832873
vt 0.470193 0.077362
vt 0.470183 0.076638
vt 0.471529 0.077943
vt 0.123124 0.832084
vt 0.122098 0.304160
vt 0.129014 0.278484
vt 0.131247 0.278319
vt 0.306261 0.397335
vt 0.306950 0.398328
vt 0.295079 0.402277
vt 0.464574 0.204521
vt 0.464574 0.247912
vt 0.437931 0.213848
vt 0.292305 0.381399
vt 0.070832 0.041820
vt 0.068574 0.070832
vt 0.068574 0.040808
vt 0.601726 0.545324
vt 0.600598 0.541890
vt 0.604581 0.542770
vt 0.605422 0.546005
vt 0.604603 0.547905
vt 0.600295 0.546964
vt 0.596842 0.543782
vt 0.472179 0.141225
vt 0.471858 0.139943
vt 0.473426 0.139416
vt 0.473578 0.140640
vt 0.472335 0.143637
vt 0.471106 0.143655
vt 0.470729 0.141837
vt 0.304637 0.174117
vt 0.305730 0.173061
vt 0.305712 0.174222
vt 0.305203 0.175343
vt 0.304163 0.173393
vt 0.304053 0.174809
vt 0.303416 0.174036
vt 0.294493 0.963099
vt 0.296138 0.961285
vt 0.296595 0.962868
vt 0.292589 0.965082
vt 0.293815 0.960763
vt 0.295019 0.959082
vt 0.294189 0.967706
vt 0.295779 0.964760
vt 0.019718 0.656774
vt 0.015754 0.656011
vt 0.019679 0.655424
vt 0.020679 0.656004
vt 0.021250 0.657279
vt 0.019561 0.658516
vt 0.249542 0.432806
vt 0.222613 0.442848
vt 0.221185 0.441533
vt 0.379159 0.902258
vt 0.360770 0.924981
vt 0.360770 0.847425
vt 0.049125 0.437491
vt 0.049125 0.391453
vt 0.049999 0.437214
vt 0.371607 0.490127
vt 0.365803 0.522255
vt 0.364881 0.521580
vt 0.251648 0.483182
vt 0.240977 0.462349
vt 0.372600 0.490016
vt 0.319186 0.419924
vt 0.321322 0.420076
vt 0.325410 0.424991
vt 0.317379 0.420139
vt 0.317083 0.415575
vt 0.319154 0.415254
vt 0.697878 0.109116
vt 0.678188 0.083957
vt 0.699493 0.108833
vt 0.696902 0.110877
vt 0.678151 0.084602
vt 0.714372 0.155205
vt 0.655205 0.923531
vt 0.653111 0.937743
vt 0.640533 0.903811
vt 0.367775 0.175871
vt 0.368742 0.206153
vt 0.367775 0.206246
vt 0.928506 0.987480
vt 0.928200 0.987129
vt 0.942599 0.978015
vt 0.668256 0.935623
vt 0.245548 0.879434
vt 0.268957 0.856081
vt 0.246161 0.879852
vt 0.267870 0.855745
vt 0.032507 0.177583
vt 0.033333 0.177697
vt 0.032507 0.212496
vt 0.251397 0.347910
vt 0.251397 0.312945
vt 0.252078 0.312945
vt 0.244895 0.879183
vt 0.129164 0.229660
vt 0.129164 0.264578
vt 0.128373 0.229789
vt 0.250533 0.749991
vt 0.251668 0.726094
vt 0.263993 0.748979
vt 0.239385 0.732886
vt 0.244276 0.758398
vt 0.304958 0.007559
vt 0.304840 0.009360
vt 0.303205 0.009031
vt 0.132805 0.474946
vt 0.134438 0.473890
vt 0.134240 0.475224
vt 0.132689 0.476071
vt 0.306244 0.007385
vt 0.303388 0.007255
vt 0.305461 0.005899
vt 0.273557 0.021861
vt 0.273072 0.020389
vt 0.274169 0.020158
vt 0.023160 0.669226
vt 0.021564 0.667767
vt 0.024366 0.668428
vt 0.274128 0.022871
vt 0.273043 0.023564
vt 0.274745 0.021639
vt 0.272606 0.022184
vt 0.239645 0.414687
vt 0.241662 0.420451
vt 0.238594 0.415515
vt 0.237832 0.414201
vt 0.238750 0.413628
vt 0.240214 0.413183
vt 0.145631 0.014240
vt 0.146827 0.014256
vt 0.146678 0.017157
vt 0.536526 0.449075
vt 0.535032 0.453816
vt 0.534976 0.450781
vt 0.538963 0.449545
vt 0.536514 0.453426
vt 0.535621 0.447633
vt 0.537203 0.446534
vt 0.298622 0.167327
vt 0.297591 0.169849
vt 0.297656 0.167784
vt 0.298654 0.165508
vt 0.299753 0.167327
vt 0.298702 0.169144
vt 0.299741 0.165504
vt 0.228270 0.282478
vt 0.233329 0.278397
vt 0.232054 0.281878
vt 0.226885 0.280451
vt 0.226845 0.285245
vt 0.225541 0.283559
vt 0.229366 0.284616
vt 0.744968 0.338010
vt 0.745094 0.308256
vt 0.746389 0.308519
vt 0.179723 0.699986
vt 0.205564 0.687925
vt 0.205144 0.689214
vt 0.757864 0.366659
vt 0.743814 0.338207
vt 0.746585 0.337150
vt 0.761261 0.364725
vt 0.624364 0.686750
vt 0.623974 0.682214
vt 0.627566 0.682587
vt 0.624535 0.689873
vt 0.620929 0.686653
vt 0.627636 0.689441
vt 0.627885 0.685999
vt 0.220562 0.007342
vt 0.219403 0.008083
vt 0.219311 0.007039
vt 0.220454 0.006509
vt 0.221236 0.006462
vt 0.221268 0.007474
vt 0.220720 0.008529
vt 0.429158 0.400884
vt 0.426554 0.403281
vt 0.426744 0.400776
vt 0.428809 0.398352
vt 0.214539 0.020833
vt 0.214026 0.019731
vt 0.217455 0.020154
vt 0.224146 0.407549
vt 0.225709 0.408671
vt 0.225434 0.410814
vt 0.211911 0.020817
vt 0.428648 0.404213
vt 0.136015 0.474510
vt 0.135147 0.474931
vt 0.138122 0.474280
vt 0.136672 0.475181
vt 0.137361 0.473578
vt 0.688357 0.531364
vt 0.642837 0.569320
vt 0.687113 0.531266
vt 0.688660 0.530022
vt 0.689597 0.531294
vt 0.721407 0.569416
vt 0.010931 0.249995
vt 0.015643 0.181928
vt 0.017047 0.182152
vt 0.407535 0.332222
vt 0.414575 0.306972
vt 0.414575 0.333326
vt 0.157750 0.187038
vt 0.164830 0.213457
vt 0.157750 0.216662
vt 0.989563 0.576707
vt 0.987226 0.584932
vt 0.988776 0.570500
vt 0.096772 0.010957
vt 0.160413 0.001016
vt 0.107620 0.027083
vt 0.095314 0.011479
vt 0.096102 0.010865
vt 0.385409 0.791639
vt 0.302522 0.734169
vt 0.303574 0.733959
vt 0.004167 0.932884
vt 0.003564 0.933314
vt 0.003564 0.862599
vt 0.946220 0.480894
vt 0.925414 0.480714
vt 0.925964 0.479696
vt 0.947668 0.480655
vt 0.947369 0.482388
vt 0.946113 0.479839
vt 0.946319 0.481852
vt 0.132837 0.496714
vt 0.132355 0.499990
vt 0.131091 0.496627
vt 0.133245 0.493494
vt 0.134215 0.496599
vt 0.131897 0.493679
vt 0.134012 0.499914
vt 0.281210 0.008642
vt 0.280270 0.009239
vt 0.280413 0.007820
vt 0.281731 0.010546
vt 0.280544 0.010684
vt 0.281575 0.007609
vt 0.282643 0.008921
vt 0.286063 0.016264
vt 0.286403 0.014685
vt 0.287429 0.015134
vt 0.286374 0.017823
vt 0.285282 0.018349
vt 0.285136 0.016310
vt 0.287540 0.016733
vt 0.035491 0.570208
vt 0.042334 0.550709
vt 0.043454 0.559019
vt 0.039677 0.569265
vt 0.062459 0.574228
vt 0.938809 0.911647
vt 0.935915 0.896778
vt 0.944334 0.911097
vt 0.932585 0.901401
vt 0.025700 0.578420
vt 0.431564 0.902393
vt 0.431996 0.854637
vt 0.432151 0.902183
vt 0.872988 0.536796
vt 0.919688 0.530796
vt 0.920245 0.532055
vt 0.236594 0.023470
vt 0.250248 0.075163
vt 0.234960 0.022924
vt 0.429904 0.902615
vt 0.430749 0.854647
vt 0.677988 0.082217
vt 0.677815 0.081683
vt 0.714773 0.035477
vt 0.236869 0.022495
vt 0.251619 0.074548
vt 0.872930 0.537221
vt 0.920542 0.532858
vt 0.713751 0.034800
vt 0.716652 0.036040
vt 0.108262 0.200921
vt 0.111762 0.202232
vt 0.109049 0.202077
vt 0.191285 0.017373
vt 0.193130 0.017364
vt 0.193385 0.019079
vt 0.105325 0.201043
vt 0.104399 0.199972
vt 0.107282 0.199665
vt 0.110833 0.200544
vt 0.478488 0.502581
vt 0.476521 0.504051
vt 0.476852 0.500794
vt 0.479784 0.503272
vt 0.478411 0.505207
vt 0.477777 0.500033
vt 0.480051 0.501977
vt 0.479300 0.501077
vt 0.223897 0.791743
vt 0.208031 0.799553
vt 0.205440 0.788499
vt 0.158855 0.402075
vt 0.158855 0.353064
vt 0.172913 0.400274
vt 0.262643 0.779497
vt 0.253410 0.779476
vt 0.268103 0.776854
vt 0.595991 0.518696
vt 0.599867 0.518156
vt 0.596605 0.521177
vt 0.595659 0.516338
vt 0.599237 0.515470
vt 0.594455 0.521672
vt 0.594080 0.519150
vt 0.406416 0.402950
vt 0.404336 0.401991
vt 0.406241 0.399812
vt 0.405946 0.405438
vt 0.404168 0.405335
vt 0.408546 0.400747
vt 0.408536 0.402245
vt 0.090245 0.274994
vt 0.094170 0.241412
vt 0.095831 0.241078
vt 0.643366 0.838268
vt 0.642729 0.837082
vt 0.666733 0.842750
vt 0.620344 0.874982
vt 0.642501 0.837044
vt 0.983313 0.936699
vt 0.976086 0.947121
vt 0.965042 0.927120
vt 0.733665 0.974980
vt 0.724852 0.949309
vt 0.744783 0.945905
vt 0.611978 0.694439
vt 0.613491 0.694452
vt 0.614845 0.696715
vt 0.609097 0.694073
vt 0.609280 0.692635
vt 0.611837 0.692452
vt 0.441246 0.282922
vt 0.456532 0.267484
vt 0.442232 0.284234
vt 0.433857 0.257296
vt 0.456102 0.266787
vt 0.440976 0.287119
vt 0.440165 0.284621
vt 0.965533 0.079449
vt 0.964678 0.081313
vt 0.937664 0.077840
vt 0.969214 0.083888
vt 0.970430 0.082422
vt 0.935703 0.285546
vt 0.947203 0.280834
vt 0.948668 0.283540
vt 0.983313 0.057888
vt 0.175357 0.094329
vt 0.177932 0.094825
vt 0.174629 0.096072
vt 0.175185 0.092991
vt 0.177865 0.092975
vt 0.174078 0.094660
vt 0.327922 0.386332
vt 0.329934 0.390570
vt 0.328448 0.390705
vt 0.327765 0.383418
vt 0.329306 0.386409
vt 0.326798 0.386416
vt 0.326198 0.383848
vt 0.190064 0.652615
vt 0.190419 0.650917
vt 0.192544 0.653317
vt 0.191782 0.655513
vt 0.189357 0.654521
vt 0.187965 0.651779
vt 0.188548 0.650818
vt 0.234697 0.420244
vt 0.235889 0.419251
vt 0.235661 0.420847
vt 0.234692 0.421822
vt 0.232953 0.420892
vt 0.234724 0.418822
vt 0.232299 0.419113
vt 0.366043 0.525135
vt 0.365801 0.523694
vt 0.366268 0.523899
vt 0.364674 0.525722
vt 0.401476 0.551472
vt 0.567632 0.801313
vt 0.571143 0.825699
vt 0.539010 0.832822
vt 0.770092 0.826869
vt 0.781168 0.809079
vt 0.782934 0.809821
vt 0.561152 0.783165
vt 0.569200 0.800914
vt 0.545420 0.794283
vt 0.324385 0.848340
vt 0.352867 0.840102
vt 0.324399 0.849961
vt 0.320764 0.833202
vt 0.352617 0.838848
vt 0.323178 0.849610
vt 0.049592 0.125616
vt 0.049999 0.125496
vt 0.049999 0.160413
vt 0.052476 0.810815
vt 0.065631 0.796908
vt 0.075154 0.835278
vt 0.074113 0.835511
vt 0.052153 0.811252
vt 0.674580 0.608063
vt 0.644194 0.627876
vt 0.650565 0.591927
vt 0.033333 0.012485
vt 0.033333 0.052082
vt 0.016228 0.024408
vt 0.608308 0.538763
vt 0.607597 0.541730
vt 0.606617 0.538393
vt 0.607837 0.543366
vt 0.606938 0.534959
vt 0.608263 0.535048
vt 0.609639 0.538848
vt 0.610057 0.534977
vt 0.415944 0.415436
vt 0.416878 0.415306
vt 0.415691 0.421264
vt 0.414702 0.414604
vt 0.416099 0.413637
vt 0.415605 0.416060
vt 0.213652 0.015513
vt 0.212638 0.014340
vt 0.215174 0.014935
vt 0.215095 0.016413
vt 0.212142 0.015972
vt 0.210669 0.014447
vt 0.523573 0.118126
vt 0.522116 0.118307
vt 0.521514 0.112585
vt 0.523437 0.112388
vt 0.525388 0.117925
vt 0.525894 0.123574
vt 0.524150 0.123818
vt 0.694892 0.463113
vt 0.694692 0.463600
vt 0.694232 0.462059
vt 0.507625 0.290610
vt 0.477963 0.273019
vt 0.508323 0.277186
vt 0.704437 0.472993
vt 0.506331 0.291437
vt 0.694880 0.462019
vt 0.171679 0.094358
vt 0.172615 0.095424
vt 0.169536 0.096592
vt 0.170452 0.092814
vt 0.172356 0.091913
vt 0.173559 0.093862
vt 0.742281 0.924818
vt 0.728211 0.908391
vt 0.743500 0.924410
vt 0.086406 0.120825
vt 0.087498 0.139097
vt 0.086406 0.139580
vt 0.724852 0.922541
vt 0.598565 0.513349
vt 0.602791 0.514590
vt 0.602157 0.512340
vt 0.595279 0.512893
vt 0.595185 0.514260
vt 0.176279 0.669495
vt 0.178963 0.666773
vt 0.180921 0.669045
vt 0.170175 0.667098
vt 0.174755 0.666647
vt 0.178280 0.671839
vt 0.171674 0.670198
vt 0.051926 0.664453
vt 0.052204 0.667567
vt 0.050708 0.665600
vt 0.051076 0.662754
vt 0.052041 0.662206
vt 0.052300 0.663942
vt 0.284083 0.008681
vt 0.285326 0.007856
vt 0.284917 0.010148
vt 0.284197 0.007586
vt 0.283127 0.010380
vt 0.282576 0.007383
vt 0.942918 0.839897
vt 0.944516 0.795576
vt 0.946053 0.795754
vt 0.941308 0.840097
vt 0.956230 0.847896
vt 0.932961 0.850388
vt 0.632896 0.672885
vt 0.634352 0.673139
vt 0.633003 0.675458
vt 0.630078 0.673332
vt 0.630026 0.671322
vt 0.335205 0.956091
vt 0.334619 0.957507
vt 0.332633 0.955645
vt 0.633081 0.671338
vt 0.634589 0.671142
vt 0.817193 0.215324
vt 0.816633 0.215438
vt 0.816346 0.214986
vt 0.935374 0.050280
vt 0.935180 0.050492
vt 0.910028 0.075278
vt 0.066665 0.076119
vt 0.065693 0.075821
vt 0.066665 0.041404
vt 0.814907 0.193472
vt 0.935397 0.099998
vt 0.003012 0.440435
vt 0.004167 0.440379
vt 0.004167 0.466657
vt 0.185091 0.505759
vt 0.169154 0.505675
vt 0.169549 0.504646
vt 0.036305 0.027667
vt 0.037499 0.053938
vt 0.036305 0.054166
vt 0.185011 0.504508
vt 0.318601 0.991024
vt 0.314156 0.987694
vt 0.319239 0.987849
vt 0.321291 0.991909
vt 0.317341 0.992647
vt 0.322416 0.987383
vt 0.322239 0.990243
vt 0.313158 0.991380
vt 0.608888 0.523304
vt 0.609707 0.520454
vt 0.609795 0.523326
vt 0.608667 0.526262
vt 0.606928 0.526521
vt 0.606281 0.523318
vt 0.608319 0.520330
vt 0.149933 0.019838
vt 0.148923 0.019808
vt 0.149663 0.019233
vt 0.412443 0.383583
vt 0.413195 0.383912
vt 0.412654 0.386458
vt 0.411412 0.384516
vt 0.410682 0.382753
vt 0.150413 0.019694
vt 0.148831 0.020833
vt 0.472236 0.011318
vt 0.527234 0.016118
vt 0.524103 0.032716
vt 0.416307 0.452039
vt 0.389824 0.437490
vt 0.408839 0.447897
vt 0.524256 0.055585
vt 0.467166 0.022212
vt 0.512912 0.006542
vt 0.412453 0.449887
vt 0.488532 0.491657
vt 0.468042 0.254931
vt 0.468173 0.254617
vt 0.507860 0.261454
vt 0.507688 0.261852
vt 0.468430 0.255706
vt 0.467089 0.254261
vt 0.467513 0.255662
vt 0.038801 0.877517
vt 0.023453 0.878230
vt 0.021429 0.876853
vt 0.038855 0.880635
vt 0.040708 0.875874
vt 0.308781 0.171006
vt 0.307731 0.171484
vt 0.308452 0.169716
vt 0.310170 0.168688
vt 0.310116 0.170765
vt 0.308455 0.172563
vt 0.183106 0.658185
vt 0.186112 0.656191
vt 0.184697 0.658995
vt 0.182031 0.660484
vt 0.180189 0.659797
vt 0.181335 0.657393
vt 0.184796 0.655336
vt 0.021250 0.654764
vt 0.022900 0.655800
vt 0.023851 0.652983
vt 0.024629 0.654890
vt 0.021052 0.654081
vt 0.021845 0.652301
vt 0.403005 0.550676
vt 0.419205 0.546693
vt 0.402854 0.551973
vt 0.384324 0.515612
vt 0.415653 0.539014
vt 0.141174 0.481339
vt 0.140588 0.482478
vt 0.139992 0.481324
vt 0.141792 0.482903
vt 0.140341 0.479427
vt 0.142127 0.479810
vt 0.142662 0.481560
vt 0.321827 0.975728
vt 0.318251 0.975955
vt 0.320510 0.971205
vt 0.323543 0.971678
vt 0.318809 0.980076
vt 0.323396 0.975464
vt 0.321937 0.979697
vt 0.080200 0.212800
vt 0.079859 0.211608
vt 0.084183 0.212747
vt 0.080871 0.214034
vt 0.077422 0.213252
vt 0.084659 0.214106
vt 0.076880 0.211739
vt 0.292844 0.005420
vt 0.296616 0.005580
vt 0.296694 0.006879
vt 0.475580 0.519715
vt 0.477639 0.518862
vt 0.479168 0.521212
vt 0.293156 0.007004
vt 0.474839 0.514887
vt 0.292780 0.004687
vt 0.476320 0.522220
vt 0.330719 0.380342
vt 0.328719 0.380389
vt 0.329214 0.379366
vt 0.329546 0.381316
vt 0.533862 0.131384
vt 0.532470 0.130682
vt 0.532693 0.129705
vt 0.330625 0.382436
vt 0.534015 0.129664
vt 0.533593 0.132302
vt 0.603204 0.538189
vt 0.595717 0.540439
vt 0.179719 0.024100
vt 0.181883 0.024039
vt 0.181289 0.024957
vt 0.180809 0.022489
vt 0.472342 0.146814
vt 0.471043 0.146833
vt 0.471481 0.145511
vt 0.178809 0.025701
vt 0.472668 0.145473
vt 0.473598 0.146824
vt 0.227346 0.011665
vt 0.221847 0.015681
vt 0.226204 0.011541
vt 0.223274 0.016146
vt 0.228117 0.010874
vt 0.226606 0.011129
vt 0.575078 0.345027
vt 0.588984 0.321824
vt 0.584993 0.357604
vt 0.564763 0.348952
vt 0.561072 0.327070
vt 0.571830 0.325605
vt 0.437338 0.297837
vt 0.437251 0.294946
vt 0.437953 0.295559
vt 0.438377 0.297835
vt 0.438422 0.298912
vt 0.438453 0.296267
vt 0.436475 0.298762
vt 0.436465 0.297238
vt 0.301874 0.176358
vt 0.301774 0.175093
vt 0.302910 0.176421
vt 0.302002 0.177570
vt 0.300935 0.176398
vt 0.300647 0.175280
vt 0.302934 0.177464
vt 0.817298 0.278206
vt 0.802052 0.290656
vt 0.801515 0.290250
vt 0.815981 0.271705
vt 0.834008 0.265799
vt 0.829969 0.272543
vt 0.811980 0.312436
vt 0.197238 0.659074
vt 0.196328 0.655473
vt 0.197926 0.657004
vt 0.198515 0.660192
vt 0.196218 0.661822
vt 0.195785 0.657715
vt 0.038156 0.664786
vt 0.042503 0.666763
vt 0.038962 0.666939
vt 0.042460 0.664738
vt 0.038213 0.662907
vt 0.034722 0.663383
vt 0.033793 0.664819
vt 0.756514 0.787949
vt 0.750062 0.798553
vt 0.745615 0.783311
vt 0.757137 0.788624
vt 0.756845 0.787454
vt 0.792482 0.832345
vt 0.792031 0.832878
vt 0.790600 0.831806
vt 0.069667 0.924605
vt 0.069112 0.920499
vt 0.070484 0.922597
vt 0.199024 0.674327
vt 0.193769 0.675781
vt 0.197428 0.672251
vt 0.343287 0.516064
vt 0.349022 0.514249
vt 0.349031 0.518355
vt 0.343487 0.512885
vt 0.342953 0.518774
vt 0.338136 0.518382
vt 0.338393 0.515216
vt 0.546095 0.443422
vt 0.545400 0.445359
vt 0.543069 0.442908
vt 0.543906 0.440541
vt 0.547212 0.440659
vt 0.547986 0.445853
vt 0.548917 0.443723
vt 0.475074 0.135267
vt 0.475069 0.137681
vt 0.473497 0.137619
vt 0.476862 0.136013
vt 0.473458 0.135803
vt 0.475185 0.133473
vt 0.477006 0.133623
vt 0.175760 0.077640
vt 0.171905 0.077619
vt 0.174195 0.075606
vt 0.178208 0.076255
vt 0.175530 0.082014
vt 0.173310 0.079364
vt 0.178063 0.080201
vt 0.267015 0.376908
vt 0.265459 0.376960
vt 0.265459 0.361778
vt 0.268346 0.376790
vt 0.269248 0.391667
vt 0.267565 0.361711
vt 0.268058 0.392688
vt 0.072915 0.104165
vt 0.070033 0.074961
vt 0.072400 0.074828
vt 0.635331 0.691614
vt 0.637487 0.688893
vt 0.637058 0.691843
vt 0.635671 0.693300
vt 0.633882 0.691679
vt 0.635480 0.688759
vt 0.210536 0.013350
vt 0.214908 0.013844
vt 0.212886 0.013157
vt 0.424600 0.415325
vt 0.422073 0.414373
vt 0.424128 0.413806
vt 0.423985 0.419015
vt 0.421899 0.415534
vt 0.425706 0.414358
vt 0.427716 0.415461
vt 0.669463 0.083043
vt 0.669995 0.082263
vt 0.671192 0.083147
vt 0.641412 0.519754
vt 0.641966 0.521130
vt 0.639882 0.520675
vt 0.645383 0.517858
vt 0.668662 0.524777
vt 0.671581 0.088017
vt 0.133082 0.833479
vt 0.135644 0.815867
vt 0.159174 0.838015
vt 0.691996 0.870520
vt 0.723038 0.896360
vt 0.694732 0.894738
vt 0.141817 0.862482
vt 0.969766 0.557240
vt 0.983476 0.548926
vt 0.980273 0.560975
vt 0.958416 0.570037
vt 0.269745 0.680121
vt 0.267092 0.718038
vt 0.244911 0.704868
vt 0.484875 0.501272
vt 0.480812 0.500384
vt 0.485100 0.499633
vt 0.488853 0.500729
vt 0.489026 0.502209
vt 0.485732 0.502419
vt 0.481664 0.501833
vt 0.577752 0.827577
vt 0.583143 0.833866
vt 0.570748 0.852912
vt 0.573877 0.800707
vt 0.582951 0.806107
vt 0.600564 0.830241
vt 0.592003 0.835115
vt 0.568564 0.852308
vt 0.585601 0.822695
vt 0.574965 0.826867
vt 0.316059 0.342631
vt 0.343743 0.310611
vt 0.343743 0.366659
vt 0.010380 0.405131
vt 0.009991 0.405274
vt 0.010416 0.384735
vt 0.400548 0.001048
vt 0.431241 0.001048
vt 0.401434 0.039582
vt 0.877065 0.397022
vt 0.857240 0.422755
vt 0.856953 0.422006
vt 0.010416 0.427075
vt 0.280240 0.021693
vt 0.280841 0.019665
vt 0.281087 0.021121
vt 0.281122 0.022546
vt 0.280105 0.022757
vt 0.279810 0.019766
vt 0.279247 0.021792
vt 0.128862 0.885081
vt 0.063868 0.842175
vt 0.130408 0.884138
vt 0.126916 0.886538
vt 0.054885 0.861428
vt 0.130760 0.886475
vt 0.385409 0.243601
vt 0.375488 0.291661
vt 0.374839 0.291661
vt 0.247110 0.970925
vt 0.238192 0.979772
vt 0.246447 0.969421
vt 0.249520 0.970289
vt 0.931999 0.179707
vt 0.944015 0.181671
vt 0.933685 0.191394
vt 0.257685 0.977823
vt 0.931453 0.192961
vt 0.587724 0.543780
vt 0.586524 0.542867
vt 0.588627 0.542887
vt 0.590345 0.544492
vt 0.534264 0.460148
vt 0.534705 0.457829
vt 0.536039 0.458444
vt 0.535807 0.460506
vt 0.534325 0.461509
vt 0.469261 0.127665
vt 0.467704 0.130100
vt 0.467742 0.128152
vt 0.470880 0.127202
vt 0.469237 0.130147
vt 0.469419 0.125298
vt 0.471070 0.125427
vt 0.173822 0.070828
vt 0.175945 0.068837
vt 0.177497 0.070463
vt 0.171520 0.072608
vt 0.168911 0.070164
vt 0.171208 0.068307
vt 0.175367 0.072534
vt 0.203663 0.784523
vt 0.143927 0.777329
vt 0.177319 0.762103
vt 0.185549 0.790525
vt 0.164905 0.783969
vt 0.203950 0.785763
vt 0.210517 0.765154
vt 0.069147 0.353049
vt 0.070832 0.399629
vt 0.069147 0.399992
vt 0.217350 0.772148
vt 0.191621 0.671832
vt 0.190338 0.670803
vt 0.191525 0.669593
vt 0.192711 0.670826
vt 0.190580 0.673143
vt 0.192194 0.672620
vt 0.217893 0.002813
vt 0.217317 0.001461
vt 0.219097 0.002761
vt 0.219112 0.004011
vt 0.217941 0.004460
vt 0.216769 0.003093
vt 0.520747 0.890522
vt 0.520413 0.889960
vt 0.529670 0.834754
vt 0.520943 0.891648
vt 0.519826 0.890729
vt 0.521457 0.890713
vt 0.530548 0.834912
vt 0.337493 0.967528
vt 0.335466 0.962622
vt 0.336690 0.962522
vt 0.336142 0.968964
vt 0.626985 0.670299
vt 0.626898 0.671725
vt 0.337181 0.973935
vt 0.623744 0.670266
vt 0.623528 0.667674
vt 0.066225 0.795919
vt 0.085483 0.815536
vt 0.085191 0.816393
vt 0.249995 0.016033
vt 0.249995 0.047916
vt 0.248752 0.016428
vt 0.672903 0.730479
vt 0.643550 0.779644
vt 0.642758 0.778402
vt 0.254161 0.343507
vt 0.253631 0.343743
vt 0.253631 0.311432
vt 0.067020 0.794844
vt 0.065906 0.796455
vt 0.098568 0.199822
vt 0.097677 0.201131
vt 0.095650 0.199859
vt 0.094699 0.198571
vt 0.097548 0.198499
vt 0.101468 0.199796
vt 0.101407 0.200888
vt 0.529390 0.111749
vt 0.527160 0.106329
vt 0.529345 0.106065
vt 0.530936 0.111686
vt 0.530816 0.117426
vt 0.529519 0.117499
vt 0.527655 0.111164
vt 0.296274 0.015369
vt 0.296241 0.014016
vt 0.299948 0.015659
vt 0.292906 0.013982
vt 0.292510 0.015483
vt 0.296129 0.016195
vt 0.299788 0.016376
vt 0.919781 0.327077
vt 0.919781 0.251671
vt 0.920814 0.251677
vt 0.037687 0.374969
vt 0.039583 0.257555
vt 0.039583 0.374992
vt 0.005254 0.178446
vt 0.007292 0.177492
vt 0.007292 0.295827
vt 0.276819 0.004782
vt 0.277737 0.004980
vt 0.277208 0.005872
vt 0.276249 0.005667
vt 0.275067 0.004981
vt 0.048067 0.648804
vt 0.049503 0.648641
vt 0.048367 0.650589
vt 0.048302 0.647126
vt 0.050709 0.646812
vt 0.045724 0.647185
vt 0.045387 0.649048
vt 0.130450 0.285989
vt 0.131507 0.318743
vt 0.130450 0.318177
vt 0.016666 0.354603
vt 0.014375 0.408325
vt 0.014375 0.301269
vt 0.400811 0.303415
vt 0.400145 0.305174
vt 0.430463 0.295063
vt 0.131254 0.285667
vt 0.131779 0.318316
vt 0.417446 0.415781
vt 0.008282 0.007459
vt 0.008333 0.008333
vt 0.007790 0.007264
vt 0.417417 0.414206
vt 0.225361 0.289125
vt 0.224698 0.291329
vt 0.223374 0.290641
vt 0.227423 0.287652
vt 0.226823 0.289642
vt 0.225763 0.287515
vt 0.224019 0.288611
vt 0.260411 0.406242
vt 0.233952 0.397189
vt 0.235149 0.395315
vt 0.269507 0.376862
vt 0.270224 0.376947
vt 0.270923 0.389955
vt 0.270078 0.390790
vt 0.275197 0.363532
vt 0.277471 0.365024
vt 0.197903 0.654820
vt 0.196313 0.653402
vt 0.199340 0.658121
vt 0.196577 0.651269
vt 0.198145 0.652848
vt 0.199423 0.656211
vt 0.231722 0.427965
vt 0.229410 0.428889
vt 0.228872 0.426901
vt 0.232710 0.430229
vt 0.234443 0.427440
vt 0.235148 0.429218
vt 0.230533 0.426675
vt 0.159407 0.428205
vt 0.207527 0.436202
vt 0.206637 0.437035
vt 0.471865 0.574988
vt 0.437627 0.545245
vt 0.437195 0.544500
vt 0.529156 0.474240
vt 0.528126 0.475142
vt 0.527514 0.414984
vt 0.189150 0.495394
vt 0.142209 0.512284
vt 0.527514 0.518739
vt 0.227286 0.254161
vt 0.134397 0.226514
vt 0.262495 0.226514
vt 0.140891 0.483244
vt 0.141525 0.483831
vt 0.140954 0.484542
vt 0.140215 0.483586
vt 0.139801 0.482646
vt 0.234294 0.079455
vt 0.235678 0.080464
vt 0.233426 0.080282
vt 0.207314 0.059725
vt 0.208192 0.059548
vt 0.235894 0.078970
vt 0.067433 0.215119
vt 0.066068 0.214076
vt 0.068350 0.213586
vt 0.299090 0.182439
vt 0.298813 0.181472
vt 0.299751 0.181321
vt 0.299716 0.182050
vt 0.299528 0.183330
vt 0.293486 0.177387
vt 0.069056 0.214613
vt 0.097275 0.215349
vt 0.116664 0.242984
vt 0.097857 0.264572
vt 0.561065 0.903598
vt 0.561488 0.901889
vt 0.586648 0.945565
vt 0.676812 0.752927
vt 0.677587 0.753659
vt 0.676935 0.753808
vt 0.674218 0.706722
vt 0.678513 0.752877
vt 0.097275 0.264578
vt 0.532345 0.104902
vt 0.533273 0.104743
vt 0.534029 0.111478
vt 0.530591 0.100311
vt 0.532389 0.099830
vt 0.532711 0.111584
vt 0.530893 0.105852
vt 0.131342 0.487275
vt 0.132388 0.486351
vt 0.133283 0.487251
vt 0.131457 0.488430
vt 0.130522 0.487873
vt 0.132303 0.488082
vt 0.129875 0.486039
vt 0.280721 0.018156
vt 0.281972 0.019526
vt 0.281845 0.018025
vt 0.546530 0.007930
vt 0.557873 0.020196
vt 0.623528 0.159597
vt 0.609082 0.185645
vt 0.606156 0.185487
vt 0.572905 0.002719
vt 0.659689 0.139978
vt 0.659522 0.142336
vt 0.637687 0.096366
vt 0.591550 0.855645
vt 0.599792 0.855536
vt 0.586593 0.876040
vt 0.585369 0.875051
vt 0.590258 0.855741
vt 0.047194 0.049060
vt 0.046957 0.057242
vt 0.046785 0.049137
vt 0.037559 0.026005
vt 0.047916 0.074998
vt 0.047766 0.048978
vt 0.047916 0.024235
vt 0.001662 0.886290
vt 0.002083 0.917795
vt 0.001154 0.917602
vt 0.530397 0.973485
vt 0.529550 0.972192
vt 0.530436 0.972014
vt 0.903221 0.868311
vt 0.913469 0.878489
vt 0.913285 0.878675
vt 0.557226 0.978236
vt 0.549930 0.991769
vt 0.888276 0.878537
vt 0.901034 0.867825
vt 0.528482 0.987888
vt 0.076016 0.724365
vt 0.076792 0.754870
vt 0.039831 0.751055
vt 0.066665 0.183330
vt 0.065984 0.149657
vt 0.066665 0.149434
vt 0.034188 0.725125
vt 0.075321 0.723732
vt 0.082940 0.685103
vt 0.103123 0.729271
vt 0.307313 0.958125
vt 0.306967 0.960328
vt 0.301823 0.960854
vt 0.314375 0.958702
vt 0.313658 0.961914
vt 0.301431 0.957798
vt 0.306927 0.954420
vt 0.201699 0.019640
vt 0.202284 0.019877
vt 0.201443 0.020403
vt 0.199991 0.020402
vt 0.200131 0.019284
vt 0.201695 0.018547
vt 0.203188 0.018850
vt 0.419545 0.407932
vt 0.421771 0.407236
vt 0.421260 0.409733
vt 0.418622 0.410463
vt 0.417172 0.408829
vt 0.419216 0.406268
vt 0.421576 0.405534
vt 0.321657 0.380766
vt 0.323202 0.381396
vt 0.321671 0.381399
vt 0.320849 0.379723
vt 0.322286 0.379365
vt 0.323105 0.380480
vt 0.320155 0.380762
vt 0.235941 0.158303
vt 0.236947 0.160012
vt 0.235423 0.159396
vt 0.217595 0.126611
vt 0.232693 0.146413
vt 0.085768 0.818086
vt 0.674278 0.433716
vt 0.706466 0.422167
vt 0.705347 0.440124
vt 0.083108 0.825067
vt 0.673393 0.440104
vt 0.672915 0.433142
vt 0.821649 0.647525
vt 0.799901 0.640294
vt 0.800874 0.638976
vt 0.863365 0.956196
vt 0.864565 0.957101
vt 0.847530 0.968885
vt 0.824241 0.941445
vt 0.821584 0.646428
vt 0.809332 0.672001
vt 0.823501 0.679603
vt 0.605571 0.690014
vt 0.609556 0.690278
vt 0.300072 0.998269
vt 0.308672 0.998185
vt 0.307955 0.999979
vt 0.296393 0.995107
vt 0.300762 0.996742
vt 0.605749 0.687014
vt 0.603584 0.692754
vt 0.302988 0.010808
vt 0.300267 0.010464
vt 0.300007 0.012229
vt 0.304774 0.011112
vt 0.302823 0.012564
vt 0.273619 0.013402
vt 0.272555 0.016022
vt 0.272138 0.014008
vt 0.273922 0.010230
vt 0.275163 0.011190
vt 0.273056 0.010819
vt 0.274986 0.013273
vt 0.273463 0.015491
vt 0.396518 0.051066
vt 0.396363 0.052048
vt 0.395809 0.051536
vt 0.397740 0.050815
vt 0.397703 0.052254
vt 0.848966 0.247609
vt 0.847223 0.248069
vt 0.847368 0.247430
vt 0.848685 0.246825
vt 0.397118 0.052496
vt 0.848200 0.248074
vt 0.394936 0.048956
vt 0.849556 0.247890
vt 0.395124 0.049532
vt 0.949238 0.906937
vt 0.960948 0.887500
vt 0.962480 0.910361
vt 0.941079 0.895560
vt 0.948404 0.907818
vt 0.333978 0.970347
vt 0.334858 0.975393
vt 0.331424 0.971671
vt 0.332998 0.965437
vt 0.331905 0.977137
vt 0.097728 0.207160
vt 0.097948 0.208706
vt 0.094976 0.207530
vt 0.101806 0.208340
vt 0.094880 0.206343
vt 0.097631 0.206140
vt 0.101658 0.207233
vt 0.886321 0.102304
vt 0.891648 0.092837
vt 0.888125 0.102180
vt 0.890048 0.091491
vt 0.779703 0.255215
vt 0.757331 0.272627
vt 0.779446 0.254570
vt 0.780627 0.257085
vt 0.885627 0.102405
vt 0.543950 0.431610
vt 0.543219 0.434127
vt 0.540917 0.431247
vt 0.546364 0.434378
vt 0.547814 0.431876
vt 0.541823 0.429258
vt 0.544855 0.429642
vt 0.182748 0.022662
vt 0.188226 0.027531
vt 0.449991 0.872899
vt 0.436067 0.821518
vt 0.449991 0.790980
vt 0.452651 0.120935
vt 0.451933 0.119872
vt 0.471377 0.097106
vt 0.435503 0.131373
vt 0.435271 0.130990
vt 0.472064 0.097477
vt 0.484294 0.116306
vt 0.459463 0.170410
vt 0.271379 0.928052
vt 0.272155 0.926725
vt 0.273697 0.927608
vt 0.274487 0.928702
vt 0.272331 0.928921
vt 0.271777 0.928902
vt 0.254666 0.928572
vt 0.255143 0.927413
vt 0.198233 0.269096
vt 0.197577 0.270135
vt 0.136008 0.230544
vt 0.538778 0.692977
vt 0.553194 0.697724
vt 0.539108 0.693860
vt 0.553111 0.697176
vt 0.198494 0.268872
vt 0.187943 0.316660
vt 0.355381 0.508137
vt 0.355238 0.510645
vt 0.349410 0.508120
vt 0.349263 0.506735
vt 0.159684 0.080067
vt 0.159624 0.078679
vt 0.162414 0.081721
vt 0.355183 0.507181
vt 0.159653 0.083684
vt 0.180458 0.070080
vt 0.182098 0.071807
vt 0.178740 0.071974
vt 0.181802 0.068910
vt 0.179502 0.068675
vt 0.180290 0.068008
vt 0.743069 0.302006
vt 0.742662 0.301488
vt 0.765713 0.284420
vt 0.679654 0.857119
vt 0.691497 0.867576
vt 0.688641 0.867912
vt 0.768779 0.288789
vt 0.744343 0.307820
vt 0.680046 0.857816
vt 0.677344 0.849321
vt 0.066633 0.474494
vt 0.069198 0.472888
vt 0.066637 0.474772
vt 0.066465 0.473983
vt 0.068138 0.473096
vt 0.681236 0.945814
vt 0.680808 0.945809
vt 0.681236 0.875014
vt 0.932477 0.433324
vt 0.932477 0.362321
vt 0.933314 0.433320
vt 0.006250 0.746131
vt 0.003696 0.792859
vt 0.001170 0.792590
vt 0.133293 0.034215
vt 0.132123 0.033893
vt 0.134175 0.032809
vt 0.135679 0.034293
vt 0.134058 0.035387
vt 0.020241 0.667484
vt 0.019173 0.666610
vt 0.020933 0.666152
vt 0.022657 0.667079
vt 0.287393 0.023645
vt 0.286945 0.023261
vt 0.287063 0.022661
vt 0.287877 0.024307
vt 0.287356 0.025028
vt 0.287060 0.024482
vt 0.288003 0.022890
vt 0.325662 0.963550
vt 0.323863 0.965102
vt 0.322133 0.963314
vt 0.326737 0.965510
vt 0.329052 0.964105
vt 0.327058 0.961860
vt 0.086119 0.205309
vt 0.082662 0.203867
vt 0.086009 0.203972
vt 0.083205 0.205162
vt 0.085326 0.206518
vt 0.088967 0.205153
vt 0.088143 0.206516
vt 0.953569 0.312599
vt 0.954147 0.312959
vt 0.953912 0.345332
vt 0.467457 0.741047
vt 0.518974 0.724856
vt 0.518615 0.724977
vt 0.953335 0.345334
vt 0.953281 0.313122
vt 0.466734 0.742248
vt 0.466860 0.739813
vt 0.559042 0.650567
vt 0.537805 0.627110
vt 0.560598 0.649162
vt 0.594779 0.651257
vt 0.696825 0.346470
vt 0.720070 0.359946
vt 0.692677 0.399205
vt 0.537633 0.628188
vt 0.509588 0.685744
vt 0.503205 0.655176
vt 0.587282 0.524206
vt 0.583430 0.523227
vt 0.586278 0.521739
vt 0.589205 0.520400
vt 0.589577 0.523416
vt 0.587904 0.527528
vt 0.584284 0.526471
vt 0.411844 0.411419
vt 0.410113 0.408704
vt 0.412300 0.408987
vt 0.410322 0.411820
vt 0.413574 0.410907
vt 0.412855 0.412867
vt 0.411430 0.414180
vt 0.219543 0.018486
vt 0.221618 0.017447
vt 0.222597 0.017961
vt 0.220300 0.019339
vt 0.216256 0.019144
vt 0.215686 0.017925
vt 0.218661 0.017225
vt 0.228366 0.740559
vt 0.214642 0.722827
vt 0.229153 0.739593
vt 0.212753 0.766412
vt 0.213475 0.723417
vt 0.241028 0.759653
vt 0.135500 0.478973
vt 0.133886 0.480086
vt 0.134144 0.477779
vt 0.135568 0.476927
vt 0.136906 0.478482
vt 0.136912 0.480852
vt 0.694758 0.926153
vt 0.721014 0.926137
vt 0.721314 0.927422
vt 0.117624 0.213826
vt 0.118748 0.239306
vt 0.117624 0.239578
vt 0.694195 0.924710
vt 0.683347 0.945814
vt 0.695771 0.926728
vt 0.689766 0.940586
vt 0.251440 0.483726
vt 0.303119 0.512489
vt 0.251294 0.484475
vt 0.250834 0.483365
vt 0.055645 0.375577
vt 0.056249 0.478203
vt 0.055645 0.479157
vt 0.302156 0.510278
vt 0.326617 0.414924
vt 0.328180 0.419701
vt 0.326502 0.419260
vt 0.324519 0.409035
vt 0.326584 0.408965
vt 0.328578 0.414844
vt 0.324948 0.414971
vt 0.180694 0.646578
vt 0.182825 0.648709
vt 0.179317 0.647788
vt 0.182338 0.645699
vt 0.184207 0.648086
vt 0.175643 0.645164
vt 0.176692 0.644233
vt 0.046070 0.656213
vt 0.044333 0.657312
vt 0.044378 0.654831
vt 0.046954 0.654644
vt 0.048293 0.654922
vt 0.047770 0.657269
vt 0.967572 0.662486
vt 0.939242 0.603736
vt 0.968395 0.661624
vt 0.248115 0.579103
vt 0.246257 0.624151
vt 0.216044 0.593614
vt 0.247814 0.578570
vt 0.249211 0.578609
vt 0.249347 0.579806
vt 0.264053 0.242762
vt 0.269387 0.239709
vt 0.270066 0.243188
vt 0.488135 0.524989
vt 0.482908 0.524911
vt 0.484291 0.522578
vt 0.487800 0.522309
vt 0.493669 0.524547
vt 0.270126 0.245828
vt 0.264296 0.245828
vt 0.263924 0.239026
vt 0.308442 0.987933
vt 0.313262 0.984424
vt 0.318219 0.984127
vt 0.113722 0.209449
vt 0.116424 0.209141
vt 0.115690 0.210262
vt 0.110857 0.208535
vt 0.114298 0.208057
vt 0.110999 0.209763
vt 0.113290 0.210706
vt 0.493738 0.512347
vt 0.490384 0.512498
vt 0.493348 0.509593
vt 0.493799 0.515046
vt 0.490658 0.515365
vt 0.495445 0.509644
vt 0.495611 0.512201
vt 0.594953 0.528758
vt 0.596400 0.528661
vt 0.595213 0.529737
vt 0.596059 0.526334
vt 0.594301 0.526985
vt 0.593463 0.529651
vt 0.416735 0.395020
vt 0.414397 0.397298
vt 0.415052 0.394827
vt 0.418379 0.392650
vt 0.418704 0.394377
vt 0.416157 0.397491
vt 0.416835 0.392467
vt 0.203232 0.015577
vt 0.201727 0.014577
vt 0.203625 0.015008
vt 0.201893 0.016256
vt 0.205460 0.017397
vt 0.204839 0.017840
vt 0.202867 0.016929
vt 0.614763 0.250726
vt 0.605740 0.257630
vt 0.578514 0.249849
vt 0.618496 0.222786
vt 0.623934 0.224578
vt 0.619251 0.280817
vt 0.611348 0.278918
vt 0.594234 0.244466
vt 0.607046 0.245390
vt 0.618560 0.251387
vt 0.441554 0.288432
vt 0.445946 0.284241
vt 0.440878 0.295046
vt 0.442227 0.285929
vt 0.300185 0.176912
vt 0.300929 0.177956
vt 0.298623 0.175628
vt 0.299541 0.175454
vt 0.299508 0.177647
vt 0.216696 0.441584
vt 0.222453 0.452226
vt 0.190873 0.495169
vt 0.208087 0.437573
vt 0.207832 0.436692
vt 0.219047 0.442273
vt 0.222673 0.451741
vt 0.219229 0.441359
vt 0.216909 0.440683
vt 0.560867 0.464706
vt 0.563491 0.465127
vt 0.559656 0.467042
vt 0.558780 0.463091
vt 0.562226 0.462857
vt 0.557475 0.465192
vt 0.678589 0.341416
vt 0.628890 0.359151
vt 0.679153 0.338188
vt 0.784257 0.342304
vt 0.803532 0.365605
vt 0.783261 0.424991
vt 0.810307 0.322281
vt 0.628576 0.361440
vt 0.783261 0.341062
vt 0.670134 0.443741
vt 0.028948 0.659922
vt 0.026444 0.657569
vt 0.028957 0.657811
vt 0.033271 0.658961
vt 0.029730 0.661456
vt 0.026407 0.659497
vt 0.033199 0.660989
vt 0.364797 0.525205
vt 0.364780 0.522463
vt 0.364765 0.524377
vt 0.364774 0.522999
vt 0.366383 0.522484
vt 0.943307 0.793929
vt 0.944803 0.793918
vt 0.942443 0.795320
vt 0.530731 0.528215
vt 0.580742 0.582610
vt 0.541554 0.561718
vt 0.490615 0.664570
vt 0.460513 0.644456
vt 0.442008 0.611048
vt 0.581238 0.440100
vt 0.529526 0.528543
vt 0.474249 0.531562
vt 0.079755 0.202735
vt 0.079452 0.204221
vt 0.076271 0.201423
vt 0.079720 0.201386
vt 0.076220 0.202851
vt 0.083093 0.202585
vt 0.490051 0.493994
vt 0.489010 0.496906
vt 0.485455 0.493872
vt 0.493793 0.494178
vt 0.492907 0.497068
vt 0.129808 0.499443
vt 0.127665 0.499748
vt 0.127745 0.496143
vt 0.538108 0.625694
vt 0.502828 0.626078
vt 0.503062 0.625231
vt 0.538594 0.624392
vt 0.606197 0.774278
vt 0.606238 0.774910
vt 0.553495 0.775358
vt 0.553722 0.774444
vt 0.186857 0.382201
vt 0.185131 0.380686
vt 0.185246 0.379675
vt 0.186256 0.385134
vt 0.184632 0.384414
vt 0.186996 0.385967
vt 0.185128 0.382378
vt 0.186634 0.377967
vt 0.188457 0.380407
vt 0.188362 0.383180
vt 0.408680 0.423855
vt 0.409417 0.422000
vt 0.409782 0.423691
vt 0.220479 0.002074
vt 0.220395 0.002900
vt 0.401014 0.410353
vt 0.408257 0.421956
vt 0.408995 0.424991
vt 0.399130 0.410803
vt 0.721150 0.205041
vt 0.720911 0.204679
vt 0.722190 0.204783
vt 0.724255 0.261181
vt 0.723463 0.261734
vt 0.739128 0.213718
vt 0.738935 0.215138
vt 0.724370 0.211135
vt 0.907490 0.427448
vt 0.909046 0.427630
vt 0.907588 0.427701
vt 0.720123 0.205165
vt 0.145980 0.899923
vt 0.158813 0.897460
vt 0.149644 0.919525
vt 0.147932 0.920048
vt 0.148820 0.878256
vt 0.144945 0.899206
vt 0.398645 0.625104
vt 0.369474 0.631037
vt 0.398827 0.624473
vt 0.231964 0.869021
vt 0.265482 0.817339
vt 0.265904 0.818109
vt 0.399006 0.626652
vt 0.353546 0.664570
vt 0.399666 0.625329
vt 0.231964 0.775791
vt 0.042943 0.883098
vt 0.047565 0.892429
vt 0.020143 0.884238
vt 0.042309 0.874910
vt 0.048989 0.865640
vt 0.020748 0.883175
vt 0.040946 0.882509
vt 0.303672 0.164701
vt 0.303524 0.166511
vt 0.302385 0.166434
vt 0.466077 0.126274
vt 0.464311 0.128657
vt 0.464170 0.126192
vt 0.466356 0.128080
vt 0.467921 0.125796
vt 0.467772 0.123987
vt 0.466221 0.123883
vt 0.324314 0.383152
vt 0.324500 0.381259
vt 0.326172 0.381947
vt 0.322849 0.383235
vt 0.324334 0.384095
vt 0.181343 0.665994
vt 0.179879 0.664322
vt 0.177427 0.664240
vt 0.786258 0.522104
vt 0.787484 0.420297
vt 0.787484 0.522906
vt 0.272208 0.005142
vt 0.273169 0.005718
vt 0.273192 0.006297
vt 0.272319 0.006099
vt 0.052700 0.665293
vt 0.000048 0.320827
vt 0.064473 0.212633
vt 0.064556 0.214277
vt 0.141800 0.708319
vt 0.040231 0.650886
vt 0.043679 0.652944
vt 0.041026 0.653294
vt 0.037651 0.651586
vt 0.043831 0.650989
vt 0.036758 0.649333
vt 0.039456 0.648708
vt 0.523074 0.130555
vt 0.523851 0.131340
vt 0.521506 0.130067
vt 0.524748 0.131174
vt 0.521768 0.128878
vt 0.524598 0.130293
vt 0.522818 0.128179
vt 0.538179 0.464109
vt 0.535730 0.462065
vt 0.538127 0.462613
vt 0.541010 0.464285
vt 0.541404 0.466015
vt 0.538345 0.465979
vt 0.535666 0.463371
vt 0.641388 0.516933
vt 0.631863 0.522945
vt 0.631935 0.522279
vt 0.057632 0.128985
vt 0.058380 0.128913
vt 0.057463 0.162497
vt 0.904148 0.465082
vt 0.904148 0.514573
vt 0.879492 0.492533
vt 0.057463 0.107705
vt 0.416266 0.366051
vt 0.441658 0.366051
vt 0.441550 0.393742
vt 0.887404 0.451115
vt 0.028817 0.957933
vt 0.050505 0.959189
vt 0.050063 0.960503
vt 0.222202 0.546292
vt 0.247912 0.543105
vt 0.244817 0.573500
vt 0.034865 0.925183
vt 0.034348 0.925250
vt 0.029072 0.959347
vt 0.010576 0.976013
vt 0.555896 0.447849
vt 0.554610 0.448663
vt 0.554138 0.447807
vt 0.556865 0.449365
vt 0.554717 0.450512
vt 0.555323 0.446344
vt 0.557918 0.445287
vt 0.294183 0.976200
vt 0.292649 0.975331
vt 0.293883 0.971556
vt 0.295155 0.972377
vt 0.292788 0.981016
vt 0.295337 0.977264
vt 0.294447 0.981987
vt 0.226165 0.429499
vt 0.229213 0.430947
vt 0.226788 0.431451
vt 0.227274 0.427275
vt 0.223265 0.427809
vt 0.224557 0.429882
vt 0.208123 0.436036
vt 0.211062 0.397803
vt 0.219667 0.437919
vt 0.194655 0.396740
vt 0.218085 0.440227
vt 0.456142 0.463647
vt 0.424544 0.496626
vt 0.423902 0.496715
vt 0.799381 0.772647
vt 0.797233 0.774391
vt 0.794791 0.756473
vt 0.798679 0.754821
vt 0.801376 0.754848
vt 0.801009 0.775561
vt 0.689551 0.528901
vt 0.713213 0.484145
vt 0.714077 0.484796
vt 0.689089 0.527872
vt 0.851358 0.796035
vt 0.877412 0.757644
vt 0.852180 0.796687
vt 0.876254 0.756842
vt 0.689624 0.529809
vt 0.960389 0.276697
vt 0.962747 0.278730
vt 0.961903 0.280640
vt 0.958984 0.276076
vt 0.970251 0.272837
vt 0.971581 0.274723
vt 0.074672 0.195627
vt 0.077348 0.195437
vt 0.078417 0.196471
vt 0.075531 0.196546
vt 0.071558 0.196003
vt 0.309413 0.173886
vt 0.308179 0.173648
vt 0.309800 0.172569
vt 0.072727 0.194151
vt 0.308320 0.174607
vt 0.127141 0.486767
vt 0.126949 0.484698
vt 0.127946 0.485661
vt 0.126724 0.488739
vt 0.126044 0.485705
vt 0.128305 0.489856
vt 0.128558 0.487849
vt 0.282836 0.022483
vt 0.283973 0.023010
vt 0.282944 0.023088
vt 0.282001 0.022055
vt 0.283938 0.021940
vt 0.282190 0.021026
vt 0.283179 0.021001
vt 0.330681 0.236539
vt 0.330484 0.235073
vt 0.331480 0.236258
vt 0.338108 0.283547
vt 0.337011 0.284487
vt 0.330214 0.236267
vt 0.343744 0.507658
vt 0.339024 0.507501
vt 0.339042 0.505902
vt 0.343801 0.506289
vt 0.343729 0.509938
vt 0.338743 0.509535
vt 0.539897 0.444127
vt 0.542561 0.444680
vt 0.542343 0.445962
vt 0.537461 0.441799
vt 0.540064 0.442385
vt 0.539756 0.445435
vt 0.537829 0.443812
vt 0.477272 0.131841
vt 0.477477 0.129454
vt 0.479388 0.129011
vt 0.479177 0.130800
vt 0.475160 0.131075
vt 0.180145 0.096262
vt 0.176430 0.097753
vt 0.181301 0.093188
vt 0.329940 0.396617
vt 0.331777 0.390899
vt 0.331532 0.396436
vt 0.301622 0.951568
vt 0.302239 0.949337
vt 0.309345 0.949730
vt 0.296802 0.952366
vt 0.300913 0.954171
vt 0.296725 0.955363
vt 0.307919 0.951771
vt 0.219276 0.010250
vt 0.220102 0.011107
vt 0.217976 0.010531
vt 0.219599 0.009173
vt 0.220936 0.009579
vt 0.217739 0.009442
vt 0.221251 0.010661
vt 0.149950 0.012030
vt 0.148668 0.013138
vt 0.148717 0.011072
vt 0.150286 0.010520
vt 0.151471 0.011139
vt 0.150796 0.012532
vt 0.149636 0.013101
vt 0.124039 0.378554
vt 0.116562 0.353955
vt 0.117966 0.353221
vt 0.120134 0.380692
vt 0.115273 0.405941
vt 0.127175 0.378451
vt 0.118103 0.407582
vt 0.561152 0.240395
vt 0.556270 0.236904
vt 0.561295 0.239711
vt 0.557200 0.241400
vt 0.571805 0.244183
vt 0.572811 0.245947
vt 0.075327 0.207339
vt 0.075304 0.205750
vt 0.078568 0.206877
vt 0.076273 0.208786
vt 0.073963 0.207354
vt 0.079056 0.208345
vt 0.073450 0.205923
vt 0.450776 0.118595
vt 0.459865 0.097484
vt 0.469820 0.094358
vt 0.434665 0.130591
vt 0.470747 0.095971
vt 0.445190 0.116858
vt 0.433321 0.130062
vt 0.946379 0.249995
vt 0.929617 0.238501
vt 0.945407 0.239080
vt 0.935988 0.248130
vt 0.279655 0.917172
vt 0.949365 0.237516
vt 0.261917 0.920683
vt 0.502150 0.518298
vt 0.500612 0.521027
vt 0.500503 0.517148
vt 0.263755 0.232756
vt 0.269237 0.233774
vt 0.263599 0.234200
vt 0.503919 0.515717
vt 0.263679 0.230560
vt 0.269368 0.232223
vt 0.273771 0.009187
vt 0.272795 0.008644
vt 0.273164 0.008034
vt 0.274120 0.008043
vt 0.274975 0.008619
vt 0.283502 0.006157
vt 0.283502 0.006453
vt 0.282695 0.006312
vt 0.284974 0.005998
vt 0.283406 0.005853
vt 0.284404 0.005677
vt 0.318236 0.383074
vt 0.316859 0.382152
vt 0.317624 0.381213
vt 0.318598 0.381996
vt 0.319819 0.383224
vt 0.319797 0.384211
vt 0.317974 0.384108
vt 0.901957 0.025736
vt 0.903467 0.025525
vt 0.904675 0.025768
vt 0.514251 0.256990
vt 0.524235 0.205224
vt 0.524578 0.205973
vt 0.533561 0.226137
vt 0.528940 0.260892
vt 0.012500 0.089121
vt 0.011427 0.089581
vt 0.011427 0.021463
vt 0.902887 0.026971
vt 0.892026 0.003544
vt 0.197600 0.028392
vt 0.198927 0.028285
vt 0.199457 0.029405
vt 0.196505 0.026956
vt 0.197703 0.026873
vt 0.197666 0.029834
vt 0.196422 0.028511
vt 0.753739 0.226840
vt 0.762484 0.258661
vt 0.102231 0.044109
vt 0.103452 0.043435
vt 0.120962 0.068196
vt 0.754755 0.225832
vt 0.120889 0.071874
vt 0.585058 0.797482
vt 0.590244 0.782498
vt 0.587410 0.796103
vt 0.797778 0.829218
vt 0.798096 0.813560
vt 0.799711 0.815013
vt 0.592517 0.797527
vt 0.592579 0.798139
vt 0.584693 0.797850
vt 0.589414 0.782160
vt 0.603294 0.520222
vt 0.600280 0.520606
vt 0.603327 0.517381
vt 0.410122 0.384937
vt 0.408711 0.384505
vt 0.407682 0.383987
vt 0.408317 0.387363
vt 0.410613 0.387079
vt 0.198181 0.012779
vt 0.198931 0.014515
vt 0.197706 0.014187
vt 0.199953 0.013523
vt 0.197045 0.012142
vt 0.197417 0.011106
vt 0.198727 0.011566
vt 0.266116 0.669286
vt 0.238195 0.686828
vt 0.265266 0.668377
vt 0.239231 0.688318
vt 0.270249 0.673461
vt 0.287241 0.644742
vt 0.282575 0.638549
vt 0.603090 0.715997
vt 0.602096 0.716858
vt 0.589052 0.710401
vt 0.588409 0.681791
vt 0.597398 0.674945
vt 0.602712 0.718487
vt 0.365617 0.448442
vt 0.187232 0.387838
vt 0.604141 0.717222
vt 0.628418 0.712863
vt 0.605480 0.314106
vt 0.637604 0.300766
vt 0.303438 0.371192
vt 0.310410 0.372912
vt 0.303438 0.389575
vt 0.021372 0.016666
vt 0.023231 0.005916
vt 0.023400 0.010686
vt 0.100247 0.045414
vt 0.102081 0.060033
vt 0.100247 0.060415
vt 0.062554 0.239578
vt 0.062554 0.220860
vt 0.064582 0.239262
vt 0.021372 0.001948
vt 0.601591 0.314990
vt 0.367410 0.307318
vt 0.366186 0.307005
vt 0.368075 0.305684
vt 0.369539 0.307525
vt 0.356629 0.307122
vt 0.331387 0.419721
vt 0.331845 0.414808
vt 0.332704 0.420509
vt 0.330191 0.413977
vt 0.329669 0.419850
vt 0.182929 0.654513
vt 0.178628 0.656052
vt 0.180189 0.653352
vt 0.184085 0.651962
vt 0.185947 0.652935
vt 0.034177 0.652978
vt 0.037580 0.653457
vt 0.036763 0.655094
vt 0.035100 0.650865
vt 0.034208 0.654988
vt 0.029956 0.653330
vt 0.031608 0.650939
vt 0.028977 0.651018
vt 0.473086 0.583381
vt 0.482101 0.534545
vt 0.473411 0.583666
vt 0.442150 0.591460
vt 0.472791 0.582994
vt 0.482054 0.534634
vt 0.442425 0.592788
vt 0.488532 0.000803
vt 0.780272 0.757330
vt 0.782541 0.757184
vt 0.784100 0.783955
vt 0.778722 0.757848
vt 0.776900 0.732206
vt 0.779932 0.731496
vt 0.782443 0.784040
vt 0.628930 0.357921
vt 0.612880 0.359623
vt 0.947247 0.689569
vt 0.951414 0.657949
vt 0.952064 0.657839
vt 0.609210 0.354189
vt 0.654928 0.065565
vt 0.668436 0.090541
vt 0.658750 0.100355
vt 0.641460 0.069744
vt 0.640297 0.068604
vt 0.644404 0.051679
vt 0.644921 0.050906
vt 0.655701 0.064898
vt 0.066424 0.197327
vt 0.067190 0.196493
vt 0.068209 0.197731
vt 0.066149 0.198440
vt 0.065113 0.196665
vt 0.065104 0.197601
vt 0.414590 0.412732
vt 0.413091 0.414830
vt 0.131318 0.882736
vt 0.132630 0.884646
vt 0.394551 0.140749
vt 0.365190 0.162497
vt 0.393918 0.139420
vt 0.272911 0.000825
vt 0.126951 0.080909
vt 0.129001 0.079302
vt 0.133215 0.882097
vt 0.192542 0.038025
vt 0.525065 0.096276
vt 0.527027 0.096019
vt 0.527237 0.101418
vt 0.525066 0.100860
vt 0.523384 0.096654
vt 0.526851 0.091077
vt 0.441335 0.611036
vt 0.459431 0.645451
vt 0.458427 0.645356
vt 0.428850 0.590719
vt 0.429453 0.590199
vt 0.440781 0.611203
vt 0.054832 0.925475
vt 0.034885 0.924104
vt 0.048994 0.914833
vt 0.074998 0.959696
vt 0.781234 0.905300
vt 0.776803 0.923469
vt 0.920814 0.154164
vt 0.884563 0.127428
vt 0.920814 0.127116
vt 0.457301 0.127812
vt 0.457268 0.125427
vt 0.459203 0.125402
vt 0.458963 0.127812
vt 0.457221 0.129591
vt 0.094746 0.195193
vt 0.097621 0.196247
vt 0.093723 0.196277
vt 0.097678 0.195259
vt 0.090827 0.195176
vt 0.185112 0.791377
vt 0.163878 0.784679
vt 0.204811 0.787574
vt 0.185247 0.792764
vt 0.194579 0.665395
vt 0.197241 0.663453
vt 0.195760 0.666303
vt 0.194577 0.660711
vt 0.193123 0.667576
vt 0.192668 0.664069
vt 0.042477 0.668410
vt 0.046837 0.666612
vt 0.046018 0.667891
vt 0.853031 0.694239
vt 0.878850 0.702990
vt 0.878309 0.703395
vt 0.500546 0.086461
vt 0.472253 0.095076
vt 0.475191 0.091151
vt 0.851524 0.697656
vt 0.811492 0.722902
vt 0.851989 0.650733
vt 0.781036 0.782936
vt 0.777163 0.757663
vt 0.755072 0.776066
vt 0.358670 0.861425
vt 0.354506 0.839343
vt 0.557795 0.969489
vt 0.014583 0.613825
vt 0.013247 0.649987
vt 0.013247 0.613475
vt 0.528482 0.943927
vt 0.014294 0.611731
vt 0.170759 0.075970
vt 0.168376 0.077962
vt 0.167038 0.076466
vt 0.173091 0.074176
vt 0.169237 0.074541
vt 0.093413 0.338060
vt 0.095408 0.335871
vt 0.113698 0.355166
vt 0.004104 0.165847
vt 0.035456 0.156590
vt 0.037066 0.158723
vt 0.429746 0.854757
vt 0.407801 0.894782
vt 0.390816 0.898098
vt 0.012424 0.172611
vt 0.389127 0.895835
vt 0.408332 0.852677
vt 0.035041 0.154113
vt 0.369440 0.396656
vt 0.370477 0.396112
vt 0.378158 0.408454
vt 0.381027 0.408309
vt 0.345205 0.415889
vt 0.367631 0.395976
vt 0.002564 0.165512
vt 0.206246 0.021079
vt 0.202309 0.020672
vt 0.126061 0.075678
vt 0.422256 0.799984
vt 0.421264 0.799714
vt 0.421264 0.695323
vt 0.443741 0.794115
vt 0.122559 0.075109
vt 0.324873 0.379261
vt 0.322499 0.377350
vt 0.326336 0.379294
vt 0.324419 0.379385
vt 0.325102 0.380283
vt 0.326477 0.380295
vt 0.236537 0.112685
vt 0.234965 0.086250
vt 0.255287 0.108334
vt 0.237983 0.143713
vt 0.219271 0.118033
vt 0.811695 0.732512
vt 0.803042 0.754572
vt 0.800424 0.732596
vt 0.970327 0.260779
vt 0.971889 0.268797
vt 0.948664 0.270210
vt 0.811153 0.756251
vt 0.981151 0.280046
vt 0.976272 0.277105
vt 0.814589 0.733494
vt 0.977945 0.265121
vt 0.950014 0.268268
vt 0.970203 0.260019
vt 0.491704 0.500675
vt 0.494026 0.501666
vt 0.492087 0.501790
vt 0.488994 0.499319
vt 0.492605 0.499337
vt 0.493998 0.500573
vt 0.612758 0.680501
vt 0.614231 0.676709
vt 0.614462 0.680410
vt 0.612669 0.676804
vt 0.611655 0.686046
vt 0.611072 0.680889
vt 0.613035 0.685600
vt 0.290040 0.815923
vt 0.286992 0.817346
vt 0.296691 0.805872
vt 0.287253 0.818473
vt 0.835054 0.891236
vt 0.838981 0.896362
vt 0.834688 0.928415
vt 0.834265 0.890707
vt 0.289247 0.817734
vt 0.406996 0.381910
vt 0.406196 0.383481
vt 0.405761 0.381367
vt 0.407531 0.380585
vt 0.408231 0.382124
vt 0.405806 0.380296
vt 0.023103 0.646974
vt 0.021161 0.646688
vt 0.022668 0.645172
vt 0.024261 0.647959
vt 0.021503 0.648714
vt 0.024844 0.645736
vt 0.599990 0.280000
vt 0.600597 0.279313
vt 0.609168 0.277975
vt 0.598214 0.281871
vt 0.593304 0.260773
vt 0.596644 0.262117
vt 0.222050 0.274055
vt 0.200447 0.265222
vt 0.342701 0.228723
vt 0.064582 0.937481
vt 0.053045 0.868361
vt 0.064582 0.866417
vt 0.864407 0.169744
vt 0.859916 0.097933
vt 0.865067 0.169110
vt 0.865509 0.169561
vt 0.199939 0.266117
vt 0.859916 0.189579
vt 0.302253 0.167803
vt 0.304861 0.166119
vt 0.303367 0.167868
vt 0.305270 0.164784
vt 0.083838 0.042547
vt 0.087498 0.037119
vt 0.087498 0.045832
vt 0.165547 0.649403
vt 0.167882 0.646811
vt 0.172485 0.648297
vt 0.170584 0.651770
vt 0.226109 0.277275
vt 0.222765 0.279652
vt 0.167418 0.654389
vt 0.178201 0.056002
vt 0.182007 0.057788
vt 0.176651 0.058289
vt 0.720740 0.391842
vt 0.704661 0.418820
vt 0.720158 0.391159
vt 0.721755 0.359821
vt 0.722090 0.359569
vt 0.721505 0.392127
vt 0.705342 0.419752
vt 0.129210 0.745552
vt 0.124490 0.716384
vt 0.132619 0.748198
vt 0.303181 0.699986
vt 0.272127 0.677222
vt 0.283228 0.678185
vt 0.117103 0.747491
vt 0.096120 0.714511
vt 0.374992 0.208329
vt 0.373327 0.181634
vt 0.374992 0.181332
vt 0.217510 0.007237
vt 0.217620 0.008136
vt 0.216294 0.007021
vt 0.218038 0.005856
vt 0.216835 0.005683
vt 0.435561 0.544567
vt 0.419924 0.547217
vt 0.436534 0.545507
vt 0.135562 0.475504
vt 0.134614 0.475867
vt 0.136508 0.476623
vt 0.325481 0.975138
vt 0.324996 0.971085
vt 0.327051 0.969750
vt 0.324038 0.979460
vt 0.326371 0.979305
vt 0.328521 0.973849
vt 0.071759 0.211111
vt 0.069406 0.210991
vt 0.072103 0.209473
vt 0.072258 0.212547
vt 0.070732 0.212431
vt 0.074053 0.212172
vt 0.074447 0.210369
vt 0.487863 0.517900
vt 0.484594 0.518241
vt 0.484340 0.516277
vt 0.488946 0.519200
vt 0.487293 0.515859
vt 0.491149 0.517403
vt 0.529289 0.131666
vt 0.528022 0.130798
vt 0.529458 0.130673
vt 0.530577 0.131825
vt 0.530439 0.132890
vt 0.527925 0.132392
vt 0.529244 0.132891
vt 0.136093 0.492910
vt 0.137883 0.492062
vt 0.137122 0.495917
vt 0.135367 0.496436
vt 0.134417 0.493410
vt 0.133535 0.491198
vt 0.135341 0.490632
vt 0.278041 0.008950
vt 0.277114 0.009004
vt 0.277195 0.007366
vt 0.277348 0.011020
vt 0.278324 0.007460
vt 0.279172 0.008818
vt 0.278533 0.010903
vt 0.257386 0.565357
vt 0.257264 0.565323
vt 0.265430 0.550603
vt 0.249468 0.576692
vt 0.250639 0.576844
vt 0.265533 0.551113
vt 0.258324 0.565662
vt 0.348161 0.522397
vt 0.342351 0.521926
vt 0.342579 0.520572
vt 0.353702 0.524730
vt 0.347929 0.524087
vt 0.348413 0.521045
vt 0.354073 0.523331
vt 0.543868 0.457462
vt 0.543870 0.460521
vt 0.541190 0.455914
vt 0.541366 0.453287
vt 0.544061 0.453835
vt 0.546789 0.456819
vt 0.546735 0.460564
vt 0.476884 0.137856
vt 0.475309 0.138967
vt 0.177191 0.091691
vt 0.174209 0.090858
vt 0.327648 0.380648
vt 0.328817 0.382159
vt 0.326911 0.380886
vt 0.327196 0.379863
vt 0.631332 0.695311
vt 0.628094 0.695449
vt 0.628008 0.693718
vt 0.630855 0.693567
vt 0.633941 0.695180
vt 0.631537 0.697332
vt 0.225733 0.421740
vt 0.228260 0.423376
vt 0.225193 0.423979
vt 0.228865 0.421429
vt 0.226373 0.420121
vt 0.223332 0.422191
vt 0.223912 0.420155
vt 0.462710 0.148577
vt 0.462735 0.146997
vt 0.464003 0.147774
vt 0.461811 0.149997
vt 0.461679 0.147761
vt 0.464468 0.149050
vt 0.463330 0.149805
vt 0.078949 0.574818
vt 0.076494 0.577180
vt 0.078896 0.566140
vt 0.102705 0.568524
vt 0.105570 0.569154
vt 0.080032 0.573823
vt 0.678396 0.083285
vt 0.677088 0.082140
vt 0.066906 0.203263
vt 0.064553 0.205423
vt 0.064315 0.203448
vt 0.070998 0.201943
vt 0.070152 0.203206
vt 0.067758 0.204286
vt 0.066714 0.201343
vt 0.069884 0.201767
vt 0.482436 0.503211
vt 0.481191 0.505341
vt 0.481069 0.503327
vt 0.486353 0.504797
vt 0.482991 0.505347
vt 0.480865 0.502277
vt 0.252832 0.758418
vt 0.258897 0.755475
vt 0.262223 0.772934
vt 0.382385 0.909687
vt 0.404522 0.960986
vt 0.382385 0.946860
vt 0.364874 0.606405
vt 0.368742 0.586328
vt 0.368742 0.627070
vt 0.407048 0.934694
vt 0.095385 0.840514
vt 0.160413 0.269453
vt 0.158353 0.269725
vt 0.158353 0.248386
vt 0.159045 0.291661
vt 0.278591 0.020389
vt 0.277797 0.019962
vt 0.278717 0.018877
vt 0.278140 0.022019
vt 0.397971 0.124904
vt 0.400418 0.124951
vt 0.399028 0.164196
vt 0.031212 0.476840
vt 0.033333 0.430661
vt 0.033333 0.477074
vt 0.397971 0.163409
vt 0.312989 0.416543
vt 0.313627 0.415045
vt 0.315066 0.421780
vt 0.519774 0.101289
vt 0.518578 0.096765
vt 0.519918 0.096374
vt 0.519721 0.107009
vt 0.518382 0.102122
vt 0.521524 0.101189
vt 0.521495 0.106068
vt 0.418716 0.597905
vt 0.418503 0.596569
vt 0.419410 0.595354
vt 0.420706 0.594921
vt 0.428705 0.619144
vt 0.416837 0.628191
vt 0.407546 0.614153
vt 0.300741 0.172769
vt 0.299942 0.172735
vt 0.300892 0.171407
vt 0.301937 0.171445
vt 0.301893 0.172590
vt 0.299951 0.173881
vt 0.300972 0.173925
vt 0.173527 0.059269
vt 0.180102 0.062149
vt 0.170356 0.644371
vt 0.177929 0.063052
vt 0.176488 0.063536
vt 0.174811 0.645998
vt 0.171672 0.643169
vt 0.171905 0.060140
vt 0.552148 0.461979
vt 0.553863 0.460073
vt 0.553566 0.461743
vt 0.553490 0.462868
vt 0.552354 0.463167
vt 0.549644 0.460280
vt 0.552349 0.459971
vt 0.549666 0.462126
vt 0.314362 0.970969
vt 0.309168 0.969986
vt 0.312854 0.965937
vt 0.317821 0.971247
vt 0.313500 0.975251
vt 0.317744 0.966986
vt 0.200960 0.028304
vt 0.198957 0.026880
vt 0.200162 0.027136
vt 0.838295 0.249713
vt 0.838427 0.248524
vt 0.836877 0.251897
vt 0.834704 0.250240
vt 0.271940 0.389525
vt 0.281881 0.399379
vt 0.281078 0.400643
vt 0.198194 0.109319
vt 0.200361 0.159271
vt 0.199054 0.159550
vt 0.196985 0.109546
vt 0.198296 0.107781
vt 0.200395 0.108564
vt 0.198647 0.110152
vt 0.082463 0.198677
vt 0.084880 0.198693
vt 0.085913 0.199893
vt 0.078932 0.197466
vt 0.081911 0.197336
vt 0.082983 0.199800
vt 0.079517 0.198615
vt 0.593330 0.223900
vt 0.595775 0.243632
vt 0.591310 0.222003
vt 0.607785 0.224441
vt 0.594111 0.224357
vt 0.302719 0.016726
vt 0.303583 0.018121
vt 0.302385 0.017500
vt 0.302610 0.015781
vt 0.304233 0.016809
vt 0.123463 0.484651
vt 0.124887 0.484175
vt 0.125342 0.485018
vt 0.282206 0.005549
vt 0.281931 0.005771
vt 0.280854 0.005695
vt 0.026271 0.393716
vt 0.028124 0.277725
vt 0.028124 0.393742
vt 0.031249 0.387492
vt 0.029168 0.387468
vt 0.031249 0.271483
vt 0.283411 0.005352
vt 0.868732 0.177080
vt 0.867514 0.102575
vt 0.868732 0.102573
vt 0.284877 0.014280
vt 0.283800 0.016382
vt 0.283599 0.014384
vt 0.284924 0.012242
vt 0.285726 0.012163
vt 0.032958 0.523187
vt 0.071541 0.511809
vt 0.047615 0.540641
vt 0.045980 0.543066
vt 0.030669 0.524118
vt 0.035754 0.498067
vt 0.634763 0.675691
vt 0.330554 0.953442
vt 0.329212 0.954025
vt 0.327349 0.951409
vt 0.670538 0.109159
vt 0.669637 0.090626
vt 0.051105 0.811994
vt 0.071769 0.835929
vt 0.068138 0.077698
vt 0.068749 0.077923
vt 0.068138 0.112498
vt 0.111277 0.295708
vt 0.112498 0.260912
vt 0.112498 0.295827
vt 0.665669 0.638025
vt 0.644079 0.630457
vt 0.643985 0.628700
vt 0.070586 0.836532
vt 0.050455 0.812801
vt 0.601987 0.830517
vt 0.604223 0.806458
vt 0.605288 0.808305
vt 0.603447 0.830738
vt 0.601456 0.855140
vt 0.139135 0.481594
vt 0.139151 0.479774
vt 0.138255 0.479970
vt 0.137924 0.482253
vt 0.402166 0.400484
vt 0.404703 0.397594
vt 0.404076 0.400567
vt 0.402673 0.396686
vt 0.402303 0.402714
vt 0.399699 0.402582
vt 0.399654 0.399506
vt 0.336371 0.285420
vt 0.228532 0.299994
vt 0.329198 0.236242
vt 0.336563 0.284941
vt 0.366876 0.299614
vt 0.329636 0.236255
vt 0.666578 0.198052
vt 0.719186 0.262752
vt 0.699181 0.281280
vt 0.716630 0.205536
vt 0.653466 0.293744
vt 0.615121 0.692915
vt 0.615039 0.694648
vt 0.613557 0.692997
vt 0.418026 0.661129
vt 0.400304 0.626418
vt 0.400765 0.625932
vt 0.546320 0.154133
vt 0.525250 0.201821
vt 0.545643 0.153915
vt 0.417604 0.661400
vt 0.547746 0.154820
vt 0.526099 0.202258
vt 0.419099 0.660568
vt 0.593839 0.778136
vt 0.643017 0.780214
vt 0.591638 0.779080
vt 0.476388 0.618641
vt 0.503211 0.628548
vt 0.475563 0.616563
vt 0.465896 0.366659
vt 0.465896 0.324073
vt 0.497906 0.362441
vt 0.305662 0.172144
vt 0.307107 0.172553
vt 0.307088 0.173486
vt 0.182627 0.662519
vt 0.180869 0.663041
vt 0.181572 0.662061
vt 0.183622 0.660949
vt 0.181567 0.663814
vt 0.183144 0.664969
vt 0.183480 0.664629
vt 0.237790 0.421266
vt 0.237853 0.422359
vt 0.237630 0.420462
vt 0.236345 0.422226
vt 0.384346 0.032833
vt 0.387492 0.041122
vt 0.385821 0.041666
vt 0.387492 0.002000
vt 0.380644 0.031787
vt 0.382211 0.029941
vt 0.706100 0.420693
vt 0.672702 0.432349
vt 0.721877 0.392625
vt 0.015676 0.180177
vt 0.039582 0.161498
vt 0.644536 0.554426
vt 0.014621 0.180719
vt 0.097125 0.212753
vt 0.096667 0.211583
vt 0.100955 0.212358
vt 0.092829 0.211984
vt 0.480982 0.129157
vt 0.481135 0.126767
vt 0.480946 0.131560
vt 0.093249 0.213103
vt 0.476287 0.507431
vt 0.473821 0.509535
vt 0.473821 0.506092
vt 0.476715 0.510405
vt 0.478586 0.508152
vt 0.553636 0.411973
vt 0.535590 0.401110
vt 0.574077 0.416405
vt 0.562707 0.432206
vt 0.541808 0.405811
vt 0.597147 0.534004
vt 0.600656 0.533445
vt 0.598829 0.537135
vt 0.595537 0.531337
vt 0.597803 0.531639
vt 0.595378 0.536832
vt 0.594538 0.533436
vt 0.417206 0.406939
vt 0.417606 0.404490
vt 0.419576 0.404609
vt 0.415550 0.409624
vt 0.415569 0.406819
vt 0.218052 0.016063
vt 0.217347 0.014625
vt 0.526453 0.130957
vt 0.525988 0.129305
vt 0.526596 0.132567
vt 0.566632 0.697858
vt 0.563993 0.698589
vt 0.564229 0.695760
vt 0.567742 0.698656
vt 0.586512 0.679305
vt 0.295131 0.175804
vt 0.294657 0.174618
vt 0.296050 0.175444
vt 0.298785 0.179423
vt 0.293274 0.174810
vt 0.294007 0.174785
vt 0.294417 0.176480
vt 0.298849 0.180230
vt 0.634287 0.451772
vt 0.633251 0.451364
vt 0.634374 0.450503
vt 0.632026 0.454083
vt 0.631337 0.453056
vt 0.634654 0.453320
vt 0.632445 0.454854
vt 0.635338 0.451982
vt 0.635242 0.450042
vt 0.635692 0.451066
vt 0.798563 0.791546
vt 0.801233 0.790041
vt 0.800807 0.801532
vt 0.798883 0.803638
vt 0.796171 0.789494
vt 0.186302 0.640202
vt 0.188595 0.644526
vt 0.183176 0.640964
vt 0.350252 0.497790
vt 0.350673 0.495204
vt 0.355917 0.498451
vt 0.349920 0.500394
vt 0.344374 0.497536
vt 0.355430 0.500688
vt 0.191713 0.644718
vt 0.049024 0.662321
vt 0.048474 0.662570
vt 0.048981 0.660762
vt 0.049581 0.664604
vt 0.047807 0.664801
vt 0.049880 0.661288
vt 0.049867 0.662814
vt 0.744127 0.870315
vt 0.757730 0.855537
vt 0.783887 0.842789
vt 0.869221 0.925053
vt 0.873140 0.920597
vt 0.864055 0.943731
vt 0.661053 0.473161
vt 0.635417 0.456637
vt 0.765908 0.866159
vt 0.748462 0.918731
vt 0.617159 0.679980
vt 0.620507 0.679279
vt 0.617441 0.682543
vt 0.614597 0.685529
vt 0.617086 0.676608
vt 0.194223 0.025302
vt 0.195281 0.026672
vt 0.193511 0.026615
vt 0.194420 0.023760
vt 0.196015 0.025498
vt 0.115061 0.206944
vt 0.111432 0.207215
vt 0.192662 0.023550
vt 0.112096 0.205853
vt 0.496795 0.509412
vt 0.497708 0.506228
vt 0.498355 0.509020
vt 0.497243 0.512195
vt 0.496299 0.506681
vt 0.586485 0.386333
vt 0.550165 0.380678
vt 0.183410 0.278772
vt 0.187301 0.295341
vt 0.185381 0.295103
vt 0.181483 0.278760
vt 0.560475 0.380174
vt 0.588848 0.387810
vt 0.570734 0.381735
vt 0.850561 0.900403
vt 0.862482 0.866030
vt 0.862482 0.928652
vt 0.847501 0.928468
vt 0.411828 0.251327
vt 0.428639 0.257555
vt 0.432771 0.281883
vt 0.839221 0.896978
vt 0.297911 0.787472
vt 0.297911 0.805718
vt 0.269222 0.798269
vt 0.284604 0.023967
vt 0.282510 0.027083
vt 0.283934 0.023833
vt 0.284904 0.023160
vt 0.285617 0.023988
vt 0.195976 0.018230
vt 0.196877 0.019964
vt 0.195075 0.019679
vt 0.195175 0.016440
vt 0.196317 0.016857
vt 0.194223 0.017938
vt 0.197705 0.018770
vt 0.526251 0.134463
vt 0.525371 0.134192
vt 0.525482 0.133388
vt 0.528485 0.135414
vt 0.525815 0.135186
vt 0.528102 0.134049
vt 0.526610 0.133434
vt 0.476078 0.273895
vt 0.466315 0.259899
vt 0.467862 0.256991
vt 0.456949 0.269104
vt 0.468384 0.288665
vt 0.477578 0.273536
vt 0.495279 0.287539
vt 0.494473 0.291868
vt 0.039853 0.752504
vt 0.103123 0.779658
vt 0.076370 0.755750
vt 0.047916 0.098093
vt 0.047916 0.137497
vt 0.030472 0.124200
vt 0.218367 0.280963
vt 0.217808 0.279261
vt 0.219638 0.280115
vt 0.182708 0.076416
vt 0.180130 0.074101
vt 0.219932 0.282609
vt 0.218324 0.284730
vt 0.742025 0.299065
vt 0.764967 0.283635
vt 0.685444 0.867477
vt 0.765290 0.283869
vt 0.676428 0.860619
vt 0.186694 0.668009
vt 0.185467 0.669297
vt 0.184748 0.666661
vt 0.187686 0.666888
vt 0.188610 0.669553
vt 0.185783 0.665618
vt 0.187183 0.670858
vt 0.271401 0.016061
vt 0.033077 0.670953
vt 0.029902 0.668870
vt 0.033508 0.669249
vt 0.272479 0.018277
vt 0.271508 0.018586
vt 0.147328 0.012916
vt 0.148960 0.013974
vt 0.148060 0.013428
vt 0.062375 0.564231
vt 0.058254 0.565755
vt 0.044241 0.559742
vt 0.061177 0.571321
vt 0.059096 0.568248
vt 0.062780 0.563839
vt 0.679011 0.083278
vt 0.701270 0.108541
vt 0.083088 0.201440
vt 0.079486 0.199923
vt 0.085948 0.201202
vt 0.086004 0.202765
vt 0.485255 0.496906
vt 0.503048 0.627163
vt 0.587866 0.518082
vt 0.587497 0.515515
vt 0.589810 0.515407
vt 0.584094 0.519484
vt 0.590445 0.517655
vt 0.473772 0.145449
vt 0.179277 0.020950
vt 0.182347 0.021034
vt 0.473403 0.144873
vt 0.475056 0.143771
vt 0.181359 0.020171
vt 0.475038 0.146121
vt 0.251444 0.490134
vt 0.259966 0.538148
vt 0.152881 0.556239
vt 0.252772 0.489904
vt 0.484076 0.535415
vt 0.474758 0.584499
vt 0.483254 0.534486
vt 0.586446 0.595821
vt 0.194069 0.669251
vt 0.194564 0.670486
vt 0.196340 0.667827
vt 0.466231 0.255921
vt 0.466746 0.256550
vt 0.456969 0.268284
vt 0.297484 0.174439
vt 0.297526 0.175367
vt 0.296147 0.174540
vt 0.296661 0.173670
vt 0.297741 0.173995
vt 0.298757 0.174498
vt 0.462490 0.310467
vt 0.462490 0.366659
vt 0.412118 0.361099
vt 0.143166 0.606775
vt 0.144265 0.605918
vt 0.204162 0.647903
vt 0.143253 0.606569
vt 0.066934 0.647903
vt 0.324931 0.403032
vt 0.322422 0.397098
vt 0.324761 0.397019
vt 0.322275 0.403144
vt 0.326392 0.402957
vt 0.187646 0.647160
vt 0.185278 0.644665
vt 0.189505 0.649172
vt 0.185604 0.647790
vt 0.191357 0.647715
vt 0.192552 0.649673
vt 0.042586 0.659063
vt 0.040096 0.657105
vt 0.046913 0.658632
vt 0.040958 0.655063
vt 0.032633 0.648636
vt 0.029802 0.647413
vt 0.034985 0.646888
vt 0.920568 0.521350
vt 0.921177 0.523498
vt 0.918177 0.522333
vt 0.941207 0.522847
vt 0.940115 0.524053
vt 0.925512 0.481739
vt 0.398454 0.580659
vt 0.419354 0.592775
vt 0.398461 0.581437
vt 0.413898 0.576514
vt 0.419368 0.588193
vt 0.279161 0.839284
vt 0.274886 0.841165
vt 0.267295 0.816143
vt 0.932254 0.359229
vt 0.921987 0.346829
vt 0.927855 0.311524
vt 0.393785 0.558466
vt 0.267449 0.815271
vt 0.939311 0.339294
vt 0.473533 0.131606
vt 0.474940 0.129277
vt 0.471730 0.132080
vt 0.473595 0.129811
vt 0.473423 0.133999
vt 0.471528 0.134473
vt 0.873491 0.538510
vt 0.914589 0.557057
vt 0.874358 0.558676
vt 0.531239 0.834640
vt 0.872930 0.538155
vt 0.920814 0.533417
vt 0.583504 0.407878
vt 0.604969 0.393071
vt 0.626235 0.439563
vt 0.522143 0.890999
vt 0.621325 0.454114
vt 0.621278 0.462154
vt 0.568994 0.781021
vt 0.571416 0.800464
vt 0.786496 0.811247
vt 0.797102 0.813263
vt 0.787455 0.831233
vt 0.798224 0.804854
vt 0.818364 0.804674
vt 0.786370 0.783475
vt 0.793544 0.788775
vt 0.807682 0.811580
vt 0.784311 0.810075
vt 0.776748 0.828933
vt 0.628242 0.698309
vt 0.287994 0.966113
vt 0.288074 0.972406
vt 0.285864 0.971152
vt 0.289054 0.967025
vt 0.624621 0.695859
vt 0.624505 0.698479
vt 0.290689 0.957376
vt 0.215262 0.008687
vt 0.460432 0.139496
vt 0.461680 0.139810
vt 0.460885 0.142281
vt 0.460202 0.137252
vt 0.461676 0.137525
vt 0.459484 0.142649
vt 0.459034 0.139844
vt 0.280143 0.403969
vt 0.295012 0.407583
vt 0.292456 0.414085
vt 0.295832 0.405876
vt 0.280782 0.401968
vt 0.154164 0.384578
vt 0.133676 0.388321
vt 0.270289 0.411024
vt 0.135222 0.378581
vt 0.134792 0.416682
vt 0.330328 0.989899
vt 0.328766 0.986883
vt 0.331876 0.986682
vt 0.327784 0.990270
vt 0.329149 0.992710
vt 0.333490 0.990124
vt 0.331859 0.992234
vt 0.314839 0.382673
vt 0.316052 0.381147
vt 0.316372 0.383142
vt 0.432233 0.132139
vt 0.431197 0.131323
vt 0.433800 0.131851
vt 0.364378 0.170609
vt 0.362175 0.169242
vt 0.363958 0.169582
vt 0.401957 0.187496
vt 0.342965 0.152080
vt 0.342965 0.103285
vt 0.343743 0.103431
vt 0.429158 0.218745
vt 0.331874 0.408776
vt 0.333326 0.414773
vt 0.330173 0.408844
vt 0.535406 0.098554
vt 0.534306 0.098548
vt 0.533414 0.095488
vt 0.129332 0.486884
vt 0.128525 0.484924
vt 0.130120 0.489126
vt 0.281902 0.023021
vt 0.282994 0.023850
vt 0.281808 0.023911
vt 0.281060 0.023137
vt 0.761469 0.706612
vt 0.759073 0.707170
vt 0.754615 0.672355
vt 0.898425 0.670852
vt 0.858869 0.631393
vt 0.899497 0.669923
vt 0.768974 0.673630
vt 0.779873 0.701129
vt 0.889321 0.685458
vt 0.241486 0.704911
vt 0.253338 0.725430
vt 0.238804 0.705516
vt 0.228125 0.715800
vt 0.113245 0.837025
vt 0.124997 0.800935
vt 0.114319 0.837177
vt 0.014583 0.283327
vt 0.011281 0.257746
vt 0.012090 0.257748
vt 0.043578 0.401781
vt 0.043749 0.424377
vt 0.042936 0.424608
vt 0.828023 0.876170
vt 0.829150 0.876015
vt 0.816511 0.912481
vt 0.124997 0.872899
vt 0.816511 0.839801
vt 0.049325 0.912977
vt 0.887435 0.114516
vt 0.887783 0.112655
vt 0.913613 0.110742
vt 0.305016 0.176809
vt 0.303951 0.175725
vt 0.305143 0.175896
vt 0.306095 0.176959
vt 0.305861 0.177672
vt 0.304675 0.177637
vt 0.303965 0.176464
vt 0.306192 0.966375
vt 0.304916 0.975109
vt 0.305277 0.970017
vt 0.201347 0.025027
vt 0.200194 0.026117
vt 0.200386 0.024789
vt 0.202090 0.023126
vt 0.201805 0.026685
vt 0.840918 0.799984
vt 0.840918 0.707360
vt 0.885398 0.741880
vt 0.115649 0.254452
vt 0.116664 0.254590
vt 0.115649 0.304160
vt 0.511008 0.308327
vt 0.511008 0.203060
vt 0.512489 0.307676
vt 0.364009 0.524052
vt 0.324408 0.556328
vt 0.362493 0.533524
vt 0.362493 0.649987
vt 0.929134 0.234502
vt 0.931293 0.236239
vt 0.928689 0.236096
vt 0.927026 0.234282
vt 0.934356 0.195787
vt 0.936985 0.194716
vt 0.931584 0.234827
vt 0.258751 0.155568
vt 0.258111 0.155027
vt 0.259899 0.111698
vt 0.260573 0.111193
vt 0.259778 0.156697
vt 0.258477 0.156951
vt 0.257846 0.156602
vt 0.074064 0.203051
vt 0.072512 0.202277
vt 0.074370 0.201720
vt 0.075777 0.204258
vt 0.073827 0.204488
vt 0.071812 0.203647
vt 0.089758 0.196238
vt 0.085888 0.195143
vt 0.458504 0.123616
vt 0.310410 0.166427
vt 0.309184 0.167518
vt 0.297156 0.992128
vt 0.295428 0.991388
vt 0.297437 0.990613
vt 0.300480 0.993122
vt 0.299401 0.993807
vt 0.296049 0.993069
vt 0.300360 0.008663
vt 0.300422 0.007118
vt 0.296653 0.008636
vt 0.042959 0.649160
vt 0.046354 0.651087
vt 0.039432 0.647181
vt 0.043082 0.647310
vt 0.505085 0.310816
vt 0.463371 0.306321
vt 0.505256 0.309579
vt 0.508323 0.373951
vt 0.462737 0.307092
vt 0.815374 0.597768
vt 0.814819 0.598386
vt 0.814785 0.597253
vt 0.505474 0.311093
vt 0.815671 0.598573
vt 0.467325 0.136350
vt 0.467444 0.138308
vt 0.465923 0.139096
vt 0.466028 0.137032
vt 0.468785 0.136301
vt 0.467254 0.134725
vt 0.468577 0.134641
vt 0.843373 0.869881
vt 0.876910 0.851892
vt 0.877239 0.852809
vt 0.763260 0.567918
vt 0.767325 0.609340
vt 0.761961 0.567958
vt 0.787484 0.536493
vt 0.842459 0.868854
vt 0.086023 0.124997
vt 0.086023 0.090764
vt 0.087498 0.090980
vt 0.820996 0.906231
vt 0.557321 0.452900
vt 0.555171 0.453660
vt 0.559440 0.447479
vt 0.559895 0.450763
vt 0.559402 0.455135
vt 0.555421 0.456853
vt 0.294702 0.986655
vt 0.295553 0.989746
vt 0.293935 0.989740
vt 0.293744 0.986243
vt 0.296940 0.986921
vt 0.295512 0.982261
vt 0.296725 0.982813
vt 0.230044 0.432890
vt 0.233691 0.431938
vt 0.956958 0.657972
vt 0.952375 0.633814
vt 0.958314 0.657909
vt 0.749245 0.946322
vt 0.772901 0.959624
vt 0.745079 0.964236
vt 0.952375 0.693736
vt 0.743592 0.964103
vt 0.772901 0.932576
vt 0.672512 0.431131
vt 0.686758 0.505690
vt 0.507043 0.264106
vt 0.468493 0.256679
vt 0.507428 0.263084
vt 0.085777 0.814395
vt 0.074517 0.200315
vt 0.072631 0.199436
vt 0.074024 0.198810
vt 0.076644 0.200131
vt 0.072795 0.200919
vt 0.127706 0.481744
vt 0.128607 0.482610
vt 0.126738 0.483241
vt 0.128984 0.480481
vt 0.129860 0.481175
vt 0.127325 0.481388
vt 0.126122 0.482405
vt 0.147935 0.020078
vt 0.227010 0.412379
vt 0.230421 0.412645
vt 0.229223 0.414171
vt 0.226726 0.414014
vt 0.225094 0.412270
vt 0.228299 0.410450
vt 0.231786 0.737971
vt 0.217170 0.720172
vt 0.242894 0.759098
vt 0.230319 0.738769
vt 0.550914 0.446304
vt 0.550423 0.447340
vt 0.552439 0.447866
vt 0.551786 0.444382
vt 0.553079 0.446668
vt 0.294008 0.172362
vt 0.294157 0.173431
vt 0.292967 0.172934
vt 0.292799 0.171828
vt 0.293876 0.170855
vt 0.295078 0.171402
vt 0.295289 0.172703
vt 0.182505 0.097033
vt 0.183313 0.102081
vt 0.181037 0.101128
vt 0.228783 0.294247
vt 0.225877 0.293842
vt 0.229384 0.291882
vt 0.225144 0.295827
vt 0.233169 0.292552
vt 0.127312 0.526758
vt 0.135794 0.532584
vt 0.143028 0.541598
vt 0.147491 0.522982
vt 0.129746 0.527014
vt 0.212716 0.914056
vt 0.210784 0.928493
vt 0.210087 0.927971
vt 0.118758 0.525657
vt 0.142206 0.520879
vt 0.317947 0.951397
vt 0.309257 0.948015
vt 0.319085 0.949636
vt 0.317239 0.953232
vt 0.326543 0.952254
vt 0.324735 0.953314
vt 0.198622 0.020310
vt 0.198867 0.019076
vt 0.199883 0.021371
vt 0.424125 0.405691
vt 0.423982 0.407373
vt 0.320929 0.403238
vt 0.322428 0.409162
vt 0.319023 0.403358
vt 0.319026 0.397175
vt 0.320620 0.409297
vt 0.321010 0.397986
vt 0.239165 0.078620
vt 0.249049 0.077940
vt 0.239933 0.079693
vt 0.233695 0.069265
vt 0.248437 0.075797
vt 0.210061 0.052179
vt 0.236653 0.078254
vt 0.064399 0.214815
vt 0.065967 0.212369
vt 0.852066 0.643425
vt 0.851133 0.643737
vt 0.851133 0.567129
vt 0.731660 0.204991
vt 0.722848 0.204160
vt 0.730685 0.203013
vt 0.734963 0.204147
vt 0.735386 0.205130
vt 0.268418 0.745047
vt 0.281588 0.764853
vt 0.280746 0.766344
vt 0.267000 0.746518
vt 0.256731 0.725023
vt 0.270391 0.745489
vt 0.136730 0.489559
vt 0.139396 0.491089
vt 0.135937 0.488099
vt 0.137672 0.487680
vt 0.134621 0.489033
vt 0.279053 0.014847
vt 0.280196 0.014710
vt 0.279405 0.016795
vt 0.278388 0.016921
vt 0.277903 0.015479
vt 0.278662 0.012884
vt 0.279854 0.012759
vt 0.265709 0.549679
vt 0.266788 0.551616
vt 0.744343 0.663037
vt 0.745439 0.663291
vt 0.744385 0.663582
vt 0.482532 0.533677
vt 0.482575 0.534431
vt 0.266666 0.549928
vt 0.267085 0.550638
vt 0.253652 0.489296
vt 0.253777 0.489675
vt 0.253329 0.489628
vt 0.265032 0.550360
vt 0.482954 0.533804
vt 0.300636 0.005741
vt 0.296606 0.004680
vt 0.329648 0.967874
vt 0.109381 0.206063
vt 0.106297 0.204636
vt 0.110124 0.204599
vt 0.105396 0.205899
vt 0.107698 0.207205
vt 0.481836 0.516255
vt 0.482704 0.518330
vt 0.480968 0.518220
vt 0.480814 0.516384
vt 0.483960 0.513382
vt 0.482209 0.513696
vt 0.942906 0.523430
vt 0.948388 0.481936
vt 0.958314 0.527130
vt 0.908060 0.857171
vt 0.915566 0.842886
vt 0.916945 0.843957
vt 0.941827 0.524193
vt 0.946254 0.537489
vt 0.598361 0.526386
vt 0.596574 0.530137
vt 0.598904 0.528892
vt 0.598353 0.530389
vt 0.412200 0.400887
vt 0.412513 0.397965
vt 0.414123 0.400146
vt 0.200603 0.015573
vt 0.200452 0.012430
vt 0.202779 0.013671
vt 0.559633 0.357540
vt 0.552851 0.353392
vt 0.556500 0.702767
vt 0.556677 0.700364
vt 0.567779 0.706719
vt 0.553995 0.723904
vt 0.186826 0.312135
vt 0.197121 0.271153
vt 0.521901 0.903278
vt 0.527727 0.940014
vt 0.507462 0.933225
vt 0.526837 0.878656
vt 0.522648 0.902989
vt 0.628347 0.036575
vt 0.502813 0.893715
vt 0.542323 0.912519
vt 0.220386 0.285727
vt 0.221793 0.283857
vt 0.222436 0.287009
vt 0.219508 0.288437
vt 0.284959 0.679001
vt 0.303195 0.652211
vt 0.304160 0.651977
vt 0.374992 0.029166
vt 0.374114 0.029048
vt 0.374992 0.001503
vt 0.285845 0.679441
vt 0.023578 0.662855
vt 0.026194 0.662710
vt 0.026831 0.664673
vt 0.021749 0.663010
vt 0.023749 0.661599
vt 0.024164 0.664491
vt 0.022272 0.664533
vt 0.519781 0.091567
vt 0.372306 0.306118
vt 0.370376 0.304484
vt 0.020711 0.399572
vt 0.020711 0.291772
vt 0.022059 0.399992
vt 0.018750 0.404158
vt 0.017841 0.402777
vt 0.018750 0.296347
vt 0.249948 0.627200
vt 0.248728 0.627350
vt 0.249326 0.626159
vt 0.251618 0.627424
vt 0.314460 0.383575
vt 0.313854 0.381998
vt 0.316006 0.387234
vt 0.314616 0.386223
vt 0.521077 0.131590
vt 0.522212 0.131669
vt 0.313650 0.384231
vt 0.331014 0.961964
vt 0.332606 0.960216
vt 0.328759 0.959314
vt 0.098417 0.204761
vt 0.101561 0.205013
vt 0.101682 0.206252
vt 0.095558 0.203518
vt 0.099541 0.203728
vt 0.095740 0.204741
vt 0.495879 0.499687
vt 0.494644 0.498896
vt 0.497279 0.498320
vt 0.495015 0.500586
vt 0.498094 0.499932
vt 0.496636 0.501094
vt 0.608039 0.674300
vt 0.607525 0.676542
vt 0.604644 0.673955
vt 0.332840 0.994592
vt 0.330549 0.995271
vt 0.611248 0.676762
vt 0.612465 0.668243
vt 0.610833 0.674266
vt 0.609379 0.666676
vt 0.025323 0.686982
vt 0.072915 0.699637
vt 0.000380 0.743735
vt 0.024345 0.685599
vt 0.025751 0.685770
vt 0.411083 0.422149
vt 0.409299 0.420430
vt 0.411136 0.420683
vt 0.722260 0.203640
vt 0.180728 0.294229
vt 0.182056 0.294801
vt 0.177803 0.309609
vt 0.161845 0.295924
vt 0.176918 0.279813
vt 0.178480 0.279552
vt 0.546816 0.462516
vt 0.546945 0.463952
vt 0.543892 0.462480
vt 0.549882 0.463638
vt 0.311109 0.870236
vt 0.293744 0.187532
vt 0.280811 0.193746
vt 0.280811 0.162331
vt 0.461296 0.136443
vt 0.461871 0.133640
vt 0.462633 0.135695
vt 0.459969 0.135472
vt 0.076234 0.565098
vt 0.072139 0.587488
vt 0.930829 0.895092
vt 0.933883 0.880549
vt 0.929151 0.881997
vt 0.037977 0.483007
vt 0.035800 0.438820
vt 0.037039 0.438455
vt 0.038506 0.438704
vt 0.432923 0.854741
vt 0.036128 0.483111
vt 0.039583 0.483136
vt 0.050239 0.650458
vt 0.050898 0.649675
vt 0.050321 0.651462
vt 0.048977 0.650805
vt 0.050444 0.649052
vt 0.049160 0.652346
vt 0.295725 0.623392
vt 0.265985 0.581102
vt 0.287297 0.598580
vt 0.293465 0.627413
vt 0.280213 0.606664
vt 0.326100 0.624439
vt 0.847361 0.219282
vt 0.837288 0.246048
vt 0.835181 0.248355
vt 0.306668 0.648655
vt 0.047916 0.162497
vt 0.043937 0.141850
vt 0.047916 0.140692
vt 0.296682 0.324757
vt 0.312494 0.341660
vt 0.293929 0.327897
vt 0.294378 0.321968
vt 0.312494 0.309003
vt 0.200691 0.379159
vt 0.200691 0.269467
vt 0.209371 0.298363
vt 0.520415 0.410298
vt 0.524989 0.527072
vt 0.497269 0.467377
vt 0.478264 0.430436
vt 0.477971 0.430115
vt 0.581167 0.584318
vt 0.540797 0.563300
vt 0.519875 0.409633
vt 0.784393 0.065603
vt 0.799984 0.168747
vt 0.715420 0.168747
vt 0.195422 0.021089
vt 0.197815 0.021344
vt 0.495911 0.503999
vt 0.495115 0.506785
vt 0.494717 0.504076
vt 0.497322 0.503619
vt 0.495459 0.501771
vt 0.608202 0.681008
vt 0.603584 0.677174
vt 0.329861 0.997822
vt 0.325991 0.996745
vt 0.557479 0.431525
vt 0.556189 0.432686
vt 0.553092 0.430216
vt 0.609570 0.517160
vt 0.560653 0.432992
vt 0.559833 0.434140
vt 0.608156 0.517298
vt 0.609354 0.514248
vt 0.405918 0.386783
vt 0.404592 0.383027
vt 0.403872 0.386222
vt 0.469637 0.079223
vt 0.409987 0.075047
vt 0.409510 0.073823
vt 0.469976 0.080935
vt 0.465372 0.085662
vt 0.378337 0.184534
vt 0.402075 0.219077
vt 0.378337 0.227079
vt 0.939259 0.881006
vt 0.946104 0.869186
vt 0.430557 0.401599
vt 0.458324 0.437216
vt 0.430557 0.447907
vt 0.305599 0.474990
vt 0.291487 0.433541
vt 0.316660 0.433541
vt 0.962480 0.865659
vt 0.399627 0.623712
vt 0.399028 0.623709
vt 0.405195 0.611817
vt 0.400602 0.624426
vt 0.405517 0.612915
vt 0.406145 0.612762
vt 0.262495 0.395825
vt 0.255180 0.392806
vt 0.262495 0.363799
vt 0.014504 0.891286
vt 0.053321 0.910430
vt 0.045455 0.894393
vt 0.379439 0.029166
vt 0.379439 0.000828
vt 0.381242 0.000944
vt 0.875685 0.194692
vt 0.903928 0.193113
vt 0.893613 0.195124
vt 0.420825 0.295442
vt 0.398378 0.302077
vt 0.406501 0.297310
vt 0.304658 0.167930
vt 0.303326 0.169471
vt 0.306158 0.166251
vt 0.306053 0.167609
vt 0.304574 0.169295
vt 0.324589 0.386671
vt 0.323272 0.385970
vt 0.326486 0.391750
vt 0.324707 0.390901
vt 0.183573 0.667715
vt 0.238891 0.424664
vt 0.239465 0.425414
vt 0.237900 0.423153
vt 0.237933 0.426302
vt 0.236775 0.425374
vt 0.147554 0.011353
vt 0.147047 0.013642
vt 0.145984 0.012079
vt 0.141950 0.779067
vt 0.969670 0.595821
vt 0.969140 0.594662
vt 0.987683 0.586923
vt 0.136327 0.762103
vt 0.325642 0.990575
vt 0.329185 0.982521
vt 0.332079 0.982058
vt 0.325826 0.987251
vt 0.087742 0.211145
vt 0.088906 0.212414
vt 0.082167 0.209935
vt 0.086472 0.209399
vt 0.091347 0.210451
vt 0.082994 0.211505
vt 0.476967 0.512858
vt 0.478949 0.510656
vt 0.479127 0.513346
vt 0.473836 0.512772
vt 0.477406 0.515956
vt 0.523577 0.415190
vt 0.534708 0.399659
vt 0.529671 0.420906
vt 0.087117 0.315894
vt 0.096688 0.333230
vt 0.590164 0.533240
vt 0.591822 0.531015
vt 0.593167 0.532330
vt 0.590420 0.528833
vt 0.587785 0.536258
vt 0.588321 0.531972
vt 0.591531 0.534609
vt 0.415264 0.410746
vt 0.417201 0.411566
vt 0.415884 0.412540
vt 0.228169 0.010204
vt 0.226860 0.010178
vt 0.227961 0.009799
vt 0.428992 0.414701
vt 0.427407 0.414527
vt 0.428082 0.412777
vt 0.229103 0.009580
vt 0.229162 0.011363
vt 0.418024 0.596152
vt 0.299682 0.174778
vt 0.300772 0.174600
vt 0.298897 0.173594
vt 0.627950 0.441059
vt 0.182176 0.818493
vt 0.182264 0.817183
vt 0.206156 0.817383
vt 0.205011 0.819494
vt 0.182062 0.819482
vt 0.157292 0.819436
vt 0.157965 0.818134
vt 0.194039 0.648294
vt 0.046849 0.660824
vt 0.042551 0.661214
vt 0.040040 0.659028
vt 0.746389 0.664294
vt 0.757052 0.708015
vt 0.748755 0.663543
vt 0.758310 0.671111
vt 0.349459 0.505270
vt 0.343932 0.502627
vt 0.349719 0.503125
vt 0.355177 0.505924
vt 0.343654 0.504895
vt 0.267201 0.800954
vt 0.266149 0.802476
vt 0.430841 0.258368
vt 0.439459 0.284707
vt 0.432189 0.258012
vt 0.478869 0.133779
vt 0.480529 0.133957
vt 0.478695 0.136214
vt 0.180677 0.090066
vt 0.176643 0.089279
vt 0.222208 0.294768
vt 0.224018 0.293174
vt 0.223215 0.295133
vt 0.180891 0.091022
vt 0.179714 0.087360
vt 0.219952 0.294012
vt 0.222617 0.292547
vt 0.956681 0.195000
vt 0.964563 0.237864
vt 0.949716 0.236619
vt 0.954859 0.195389
vt 0.955393 0.192327
vt 0.283327 0.972013
vt 0.269763 0.970010
vt 0.964509 0.183350
vt 0.292567 0.953816
vt 0.294485 0.950872
vt 0.292871 0.956005
vt 0.290999 0.960828
vt 0.293894 0.948829
vt 0.634183 0.697791
vt 0.635654 0.694805
vt 0.290760 0.953973
vt 0.212641 0.011853
vt 0.214690 0.012729
vt 0.210929 0.011952
vt 0.211357 0.010552
vt 0.213101 0.010250
vt 0.214442 0.011260
vt 0.463963 0.146331
vt 0.463879 0.142733
vt 0.464976 0.145200
vt 0.462716 0.143640
vt 0.465548 0.147670
vt 0.252375 0.080907
vt 0.248566 0.078666
vt 0.067272 0.206140
vt 0.065012 0.207128
vt 0.030344 0.118748
vt 0.030344 0.062071
vt 0.031249 0.118517
vt 0.038560 0.166241
vt 0.039583 0.166008
vt 0.039583 0.222912
vt 0.452074 0.787484
vt 0.450454 0.686893
vt 0.452074 0.686883
vt 0.475531 0.690985
vt 0.476368 0.690482
vt 0.492156 0.697633
vt 0.486803 0.698599
vt 0.475109 0.690654
vt 0.457170 0.701924
vt 0.138677 0.483454
vt 0.137233 0.484181
vt 0.136730 0.483394
vt 0.139247 0.484256
vt 0.409928 0.382730
vt 0.408506 0.384162
vt 0.021077 0.651046
vt 0.023598 0.651006
vt 0.020989 0.652789
vt 0.023589 0.649694
vt 0.019618 0.652189
vt 0.020768 0.650613
vt 0.525551 0.132740
vt 0.523780 0.132422
vt 0.183518 0.352439
vt 0.182458 0.352501
vt 0.189579 0.329043
vt 0.189579 0.377076
vt 0.160413 0.127097
vt 0.128416 0.137497
vt 0.128416 0.082877
vt 0.286741 0.426019
vt 0.255627 0.444868
vt 0.253922 0.444096
vt 0.304160 0.481240
vt 0.933314 0.865265
vt 0.549524 0.992740
vt 0.178147 0.067125
vt 0.173489 0.066430
vt 0.175721 0.064247
vt 0.179305 0.066371
vt 0.553679 0.457133
vt 0.553672 0.453976
vt 0.300333 0.979033
vt 0.299629 0.983236
vt 0.304118 0.979333
vt 0.297374 0.977776
vt 0.300899 0.974465
vt 0.220382 0.004136
vt 0.219191 0.005766
vt 0.221177 0.003153
vt 0.221153 0.004145
vt 0.220411 0.005283
vt 0.400697 0.552580
vt 0.367112 0.574988
vt 0.317521 0.543752
vt 0.657929 0.219785
vt 0.659704 0.144945
vt 0.660874 0.144187
vt 0.801654 0.754855
vt 0.803199 0.777204
vt 0.801353 0.776067
vt 0.817286 0.099998
vt 0.817286 0.001530
vt 0.860399 0.027584
vt 0.879149 0.758577
vt 0.853591 0.798008
vt 0.852370 0.797248
vt 0.507946 0.260731
vt 0.507875 0.261070
vt 0.467617 0.253982
vt 0.878593 0.758266
vt 0.330197 0.603747
vt 0.371867 0.724985
vt 0.314623 0.724985
vt 0.491568 0.203787
vt 0.812483 0.104165
vt 0.769216 0.028405
vt 0.812483 0.001686
vt 0.879149 0.845816
vt 0.793398 0.273919
vt 0.793734 0.275944
vt 0.770248 0.290187
vt 0.887845 0.083370
vt 0.863910 0.071090
vt 0.864285 0.069258
vt 0.888220 0.081838
vt 0.887676 0.084824
vt 0.769419 0.289267
vt 0.793168 0.272339
vt 0.093736 0.197252
vt 0.090755 0.197468
vt 0.096686 0.197330
vt 0.596643 0.242608
vt 0.605257 0.243591
vt 0.296094 0.017021
vt 0.292391 0.016811
vt 0.292463 0.016244
vt 0.299753 0.016967
vt 0.299575 0.018344
vt 0.295796 0.018310
vt 0.281550 0.006369
vt 0.899982 0.722902
vt 0.795817 0.688370
vt 0.783109 0.663427
vt 0.718394 0.915944
vt 0.721173 0.923102
vt 0.693681 0.923436
vt 0.721030 0.902504
vt 0.696850 0.908664
vt 0.718013 0.909716
vt 0.107609 0.177080
vt 0.107609 0.156988
vt 0.108331 0.157019
vt 0.640576 0.893732
vt 0.693174 0.861866
vt 0.727068 0.893732
vt 0.147103 0.344824
vt 0.147914 0.344899
vt 0.147103 0.379159
vt 0.069362 0.122125
vt 0.672903 0.132289
vt 0.658665 0.102123
vt 0.074998 0.158014
vt 0.147592 0.343577
vt 0.638049 0.510307
vt 0.637241 0.510639
vt 0.307887 0.176005
vt 0.307134 0.174642
vt 0.306731 0.175546
vt 0.307690 0.176889
vt 0.068837 0.194739
vt 0.068435 0.195715
vt 0.309310 0.175370
vt 0.308652 0.176802
vt 0.297759 0.958549
vt 0.298617 0.961121
vt 0.233127 0.417379
vt 0.234196 0.416068
vt 0.235607 0.417671
vt 0.230510 0.417558
vt 0.231509 0.415698
vt 0.465238 0.142423
vt 0.464836 0.141189
vt 0.466264 0.144597
vt 0.466149 0.140501
vt 0.466683 0.142248
vt 0.323306 0.379507
vt 0.324450 0.380343
vt 0.217497 0.122923
vt 0.207633 0.107825
vt 0.201559 0.108091
vt 0.201087 0.110159
vt 0.958570 0.572036
vt 0.980818 0.562387
vt 0.981028 0.563356
vt 0.959269 0.573324
vt 0.135309 0.813119
vt 0.157207 0.820893
vt 0.135023 0.810590
vt 0.081348 0.195414
vt 0.082340 0.196315
vt 0.305417 0.994676
vt 0.311930 0.994238
vt 0.307529 0.996574
vt 0.305852 0.993066
vt 0.300775 0.995046
vt 0.132651 0.481413
vt 0.135273 0.481643
vt 0.133791 0.482716
vt 0.131026 0.482382
vt 0.131296 0.479972
vt 0.277294 0.023351
vt 0.276134 0.023102
vt 0.276294 0.022438
vt 0.277473 0.023925
vt 0.277108 0.022251
vt 0.277994 0.023184
vt 0.278433 0.023619
vt 0.232727 0.414275
vt 0.230284 0.410599
vt 0.232543 0.412602
vt 0.604247 0.259218
vt 0.420857 0.592933
vt 0.417606 0.595011
vt 0.298820 0.172679
vt 0.299796 0.171192
vt 0.167544 0.670891
vt 0.173441 0.672898
vt 0.169166 0.673883
vt 0.233329 0.289960
vt 0.166045 0.667717
vt 0.164580 0.131247
vt 0.162829 0.130425
vt 0.158511 0.106924
vt 0.193380 0.935493
vt 0.206162 0.936701
vt 0.204182 0.949336
vt 0.157411 0.131247
vt 0.204583 0.932863
vt 0.130372 0.526991
vt 0.388726 0.181246
vt 0.388726 0.149358
vt 0.402075 0.178616
vt 0.617851 0.694296
vt 0.614956 0.689791
vt 0.618105 0.692760
vt 0.404643 0.504346
vt 0.389169 0.460590
vt 0.038004 0.160066
vt 0.015263 0.179414
vt 0.641521 0.554834
vt 0.639845 0.554867
vt 0.640494 0.522404
vt 0.067625 0.212354
vt 0.066627 0.210816
vt 0.117353 0.033641
vt 0.114727 0.032348
vt 0.115884 0.032326
vt 0.115491 0.033384
vt 0.114708 0.032837
vt 0.116301 0.034348
vt 0.118306 0.035281
vt 0.117132 0.040573
vt 0.117606 0.032360
vt 0.118726 0.033211
vt 0.119212 0.033811
vt 0.532561 0.116520
vt 0.532335 0.123076
vt 0.534207 0.117150
vt 0.534062 0.123049
vt 0.133851 0.485294
vt 0.134917 0.486448
vt 0.131142 0.485175
vt 0.281084 0.012615
vt 0.281335 0.014592
vt 0.280570 0.016663
vt 0.287213 0.013048
vt 0.287219 0.010931
vt 0.288231 0.011898
vt 0.288388 0.014555
vt 0.072240 0.556543
vt 0.064564 0.562398
vt 0.026732 0.527138
vt 0.044012 0.546416
vt 0.023987 0.530066
vt 0.320794 0.965030
vt 0.318410 0.963369
vt 0.322467 0.966174
vt 0.320651 0.967376
vt 0.317712 0.964741
vt 0.103407 0.204418
vt 0.104370 0.203328
vt 0.108144 0.203417
vt 0.540395 0.764082
vt 0.356243 0.030321
vt 0.356243 0.155205
vt 0.341242 0.082283
vt 0.457170 0.793734
vt 0.614089 0.673927
vt 0.612254 0.674287
vt 0.613854 0.672214
vt 0.616942 0.673755
vt 0.612292 0.672298
vt 0.592037 0.525131
vt 0.591397 0.522638
vt 0.592913 0.522040
vt 0.590137 0.526194
vt 0.593879 0.524343
vt 0.592631 0.527641
vt 0.410425 0.403201
vt 0.410499 0.399989
vt 0.412134 0.403324
vt 0.195184 0.011987
vt 0.192978 0.011263
vt 0.193361 0.009875
vt 0.196029 0.013342
vt 0.195816 0.010275
vt 0.194286 0.013003
vt 0.291570 0.994474
vt 0.289115 0.991868
vt 0.292134 0.993591
vt 0.605997 0.694598
vt 0.615400 0.698944
vt 0.615139 0.701844
vt 0.601723 0.717621
vt 0.588254 0.710639
vt 0.252142 0.033333
vt 0.252142 0.015356
vt 0.254161 0.032921
vt 0.069770 0.423786
vt 0.077591 0.425385
vt 0.069770 0.441658
vt 0.577153 0.297838
vt 0.551980 0.325904
vt 0.537432 0.310199
vt 0.045832 0.037499
vt 0.044271 0.023263
vt 0.045832 0.023093
vt 0.083012 0.424986
vt 0.087498 0.423777
vt 0.582096 0.296407
vt 0.169431 0.079251
vt 0.185719 0.649637
vt 0.184683 0.650209
vt 0.187575 0.649399
vt 0.187185 0.650312
vt 0.022889 0.657523
vt 0.024663 0.655862
vt 0.623199 0.464032
vt 0.621299 0.463804
vt 0.622237 0.463004
vt 0.627323 0.460169
vt 0.651274 0.492151
vt 0.619313 0.496731
vt 0.621659 0.464729
vt 0.810631 0.918731
vt 0.792273 0.886176
vt 0.794004 0.886351
vt 0.796549 0.737527
vt 0.798255 0.734890
vt 0.794135 0.738904
vt 0.791993 0.737134
vt 0.620208 0.673578
vt 0.623498 0.673374
vt 0.623581 0.675390
vt 0.620015 0.672135
vt 0.620188 0.675858
vt 0.616723 0.672342
vt 0.091169 0.207677
vt 0.090258 0.209005
vt 0.087239 0.207810
vt 0.091095 0.206253
vt 0.094196 0.209068
vt 0.497194 0.521070
vt 0.492776 0.520011
vt 0.496223 0.519514
vt 0.497660 0.518820
vt 0.495067 0.521609
vt 0.498895 0.519581
vt 0.499042 0.523506
vt 0.285855 0.818109
vt 0.186516 0.021500
vt 0.184547 0.022212
vt 0.184503 0.020237
vt 0.188344 0.021775
vt 0.186489 0.019727
vt 0.300807 0.732706
vt 0.302287 0.732729
vt 0.339681 0.734237
vt 0.340499 0.735911
vt 0.912481 0.347910
vt 0.898630 0.318807
vt 0.912481 0.267383
vt 0.253178 0.928719
vt 0.254347 0.930147
vt 0.252938 0.929498
vt 0.251381 0.929215
vt 0.252265 0.927353
vt 0.438548 0.300034
vt 0.463472 0.305343
vt 0.301890 0.173954
vt 0.302831 0.172408
vt 0.302954 0.173555
vt 0.302934 0.174691
vt 0.301881 0.174409
vt 0.422204 0.190298
vt 0.439574 0.168499
vt 0.436895 0.202079
vt 0.422204 0.155329
vt 0.745059 0.985396
vt 0.933314 0.915125
vt 0.909209 0.913612
vt 0.913441 0.879920
vt 0.795347 0.777430
vt 0.793951 0.778163
vt 0.791201 0.756301
vt 0.791567 0.756171
vt 0.795525 0.776668
vt 0.177332 0.677628
vt 0.171094 0.676391
vt 0.175435 0.675393
vt 0.182312 0.676107
vt 0.179122 0.679153
vt 0.172826 0.678707
vt 0.184471 0.677532
vt 0.272672 0.006803
vt 0.273486 0.006873
vt 0.272358 0.007890
vt 0.271791 0.006375
vt 0.795427 0.851218
vt 0.805956 0.856640
vt 0.792634 0.854189
vt 0.801495 0.841615
vt 0.814013 0.851807
vt 0.786219 0.842802
vt 0.269337 0.235088
vt 0.263878 0.235725
vt 0.185822 0.014832
vt 0.186931 0.016385
vt 0.185326 0.017753
vt 0.479578 0.144746
vt 0.477898 0.145835
vt 0.478198 0.143993
vt 0.197498 0.031099
vt 0.195696 0.030038
vt 0.479790 0.142812
vt 0.480986 0.143155
vt 0.198996 0.031086
vt 0.482902 0.519725
vt 0.481418 0.519457
vt 0.484534 0.519641
vt 0.532414 0.127176
vt 0.531068 0.128015
vt 0.530883 0.123164
vt 0.534217 0.127176
vt 0.595328 0.524045
vt 0.597534 0.523604
vt 0.415156 0.388824
vt 0.416480 0.389871
vt 0.415179 0.392212
vt 0.413425 0.389371
vt 0.414384 0.386028
vt 0.415861 0.386338
vt 0.413524 0.391962
vt 0.199781 0.016212
vt 0.197980 0.015640
vt 0.553864 0.697186
vt 0.553766 0.696278
vt 0.555464 0.696616
vt 0.555666 0.697488
vt 0.555443 0.698243
vt 0.553038 0.696386
vt 0.553357 0.696401
vt 0.552690 0.696388
vt 0.303884 0.177431
vt 0.001005 0.008819
vt 0.002083 0.008835
vt 0.001005 0.083332
vt 0.629595 0.415518
vt 0.627898 0.413562
vt 0.626701 0.396770
vt 0.631434 0.396025
vt 0.632508 0.419854
vt 0.804140 0.798891
vt 0.807020 0.800955
vt 0.802609 0.788199
vt 0.194753 0.652624
vt 0.194480 0.654190
vt 0.026315 0.661226
vt 0.029642 0.662995
vt 0.029457 0.664917
vt 0.421804 0.392025
vt 0.420042 0.392784
vt 0.421713 0.389460
vt 0.421702 0.394559
vt 0.420084 0.395331
vt 0.152464 0.011760
vt 0.423903 0.392123
vt 0.151814 0.012908
vt 0.319363 0.391966
vt 0.317761 0.386810
vt 0.319480 0.386827
vt 0.321181 0.391936
vt 0.317389 0.391109
vt 0.693960 0.464166
vt 0.942652 0.977243
vt 0.965953 0.980032
vt 0.966066 0.979113
vt 0.185036 0.531068
vt 0.169154 0.531239
vt 0.949658 0.949005
vt 0.802381 0.497348
vt 0.771416 0.599988
vt 0.458196 0.797986
vt 0.491974 0.807481
vt 0.464436 0.891648
vt 0.747445 0.552072
vt 0.747445 0.443891
vt 0.783317 0.534933
vt 0.364576 0.385409
vt 0.257250 0.355585
vt 0.265260 0.309325
vt 0.481240 0.942270
vt 0.451739 0.951811
vt 0.435117 0.886274
vt 0.328949 0.235858
vt 0.326617 0.992243
vt 0.545380 0.436518
vt 0.540523 0.439811
vt 0.541891 0.436534
vt 0.550119 0.434809
vt 0.548817 0.437465
vt 0.409536 0.418855
vt 0.404546 0.412985
vt 0.406186 0.412648
vt 0.408066 0.415501
vt 0.411673 0.418562
vt 0.219540 0.015698
vt 0.220327 0.016800
vt 0.592963 0.131487
vt 0.593809 0.132164
vt 0.588078 0.152879
vt 0.747061 0.636177
vt 0.741941 0.659720
vt 0.741058 0.659890
vt 0.559128 0.133883
vt 0.567421 0.089022
vt 0.608972 0.104598
vt 0.020228 0.875194
vt 0.019533 0.866798
vt 0.021110 0.875967
vt 0.307319 0.167738
vt 0.308787 0.166068
vt 0.308007 0.168727
vt 0.307113 0.169542
vt 0.305808 0.169184
vt 0.307626 0.165932
vt 0.100103 0.558685
vt 0.098680 0.559881
vt 0.177738 0.658801
vt 0.173265 0.661034
vt 0.173765 0.657942
vt 0.177258 0.661227
vt 0.051096 0.654657
vt 0.050874 0.656722
vt 0.050462 0.655087
vt 0.142705 0.649174
vt 0.051498 0.656355
vt 0.050562 0.652996
vt 0.141305 0.629372
vt 0.050082 0.196761
vt 0.065028 0.200523
vt 0.402075 0.125567
vt 0.399722 0.164580
vt 0.496878 0.093410
vt 0.472349 0.095647
vt 0.206846 0.374574
vt 0.208329 0.327060
vt 0.208329 0.374992
vt 0.532352 0.316006
vt 0.522027 0.297316
vt 0.533531 0.314665
vt 0.069334 0.414355
vt 0.094551 0.418019
vt 0.094990 0.420392
vt 0.543660 0.329543
vt 0.082540 0.379666
vt 0.523829 0.355204
vt 0.594881 0.546454
vt 0.590861 0.543478
vt 0.595073 0.545062
vt 0.598948 0.547811
vt 0.466164 0.130667
vt 0.467519 0.132612
vt 0.466032 0.132680
vt 0.722902 0.569780
vt 0.690649 0.531039
vt 0.068632 0.472281
vt 0.155205 0.520823
vt 0.068293 0.474851
vt 0.057173 0.374331
vt 0.214980 0.003006
vt 0.215583 0.001538
vt 0.216788 0.004431
vt 0.215021 0.004549
vt 0.213787 0.003057
vt 0.397731 0.404187
vt 0.399783 0.405104
vt 0.213728 0.001730
vt 0.622024 0.462264
vt 0.217254 0.096406
vt 0.218442 0.097459
vt 0.140097 0.426621
vt 0.098954 0.425638
vt 0.119347 0.408834
vt 0.306686 0.414575
vt 0.119017 0.446928
vt 0.127760 0.412512
vt 0.070834 0.200291
vt 0.070425 0.198824
vt 0.608369 0.223912
vt 0.579495 0.216182
vt 0.642418 0.207149
vt 0.639568 0.204279
vt 0.608660 0.528913
vt 0.610013 0.526330
vt 0.610404 0.529037
vt 0.609744 0.530526
vt 0.608505 0.530498
vt 0.606901 0.529223
vt 0.150379 0.017054
vt 0.150128 0.016381
vt 0.150950 0.016311
vt 0.151040 0.017138
vt 0.150290 0.017747
vt 0.610235 0.187484
vt 0.606978 0.187359
vt 0.189224 0.675488
vt 0.187746 0.674952
vt 0.191344 0.673923
vt 0.185731 0.678358
vt 0.192686 0.674269
vt 0.190707 0.675884
vt 0.547098 0.453813
vt 0.549741 0.454594
vt 0.544375 0.450199
vt 0.547153 0.450753
vt 0.296514 0.168240
vt 0.296432 0.169878
vt 0.296640 0.166446
vt 0.297493 0.165970
vt 0.295149 0.169881
vt 0.295181 0.167811
vt 0.221674 0.289857
vt 0.220793 0.291723
vt 0.104544 0.315078
vt 0.103613 0.283701
vt 0.114601 0.306267
vt 0.099492 0.325521
vt 0.636675 0.684738
vt 0.302498 0.948308
vt 0.634960 0.685101
vt 0.635600 0.679660
vt 0.218390 0.011876
vt 0.221039 0.011795
vt 0.219932 0.012498
vt 0.018868 0.649403
vt 0.018458 0.648793
vt 0.020238 0.648511
vt 0.019775 0.650465
vt 0.019411 0.647329
vt 0.533393 0.224074
vt 0.525473 0.205519
vt 0.527609 0.206863
vt 0.552257 0.234275
vt 0.071767 0.207832
vt 0.073558 0.208969
vt 0.069574 0.207772
vt 0.071640 0.206261
vt 0.069286 0.209146
vt 0.735038 0.203008
vt 0.735869 0.203039
vt 0.737013 0.203186
vt 0.737412 0.203975
vt 0.730252 0.202311
vt 0.736068 0.204433
vt 0.586085 0.821694
vt 0.592360 0.822981
vt 0.586501 0.810194
vt 0.587823 0.820146
vt 0.583850 0.807316
vt 0.591966 0.822734
vt 0.139544 0.487732
vt 0.139010 0.495027
vt 0.140985 0.490138
vt 0.140809 0.494209
vt 0.276357 0.011075
vt 0.276111 0.009554
vt 0.276357 0.007573
vt 0.050339 0.647654
vt 0.051843 0.646815
vt 0.051127 0.648217
vt 0.535933 0.441729
vt 0.535989 0.438328
vt 0.537604 0.438959
vt 0.536150 0.443716
vt 0.534769 0.443145
vt 0.470474 0.140048
vt 0.471800 0.138142
vt 0.224327 0.284410
vt 0.224874 0.286647
vt 0.223398 0.285491
vt 0.222114 0.282430
vt 0.225589 0.285786
vt 0.624783 0.694132
vt 0.624684 0.692429
vt 0.621359 0.694046
vt 0.621310 0.693194
vt 0.230653 0.422807
vt 0.230158 0.424904
vt 0.228561 0.425284
vt 0.460144 0.144423
vt 0.460251 0.148084
vt 0.458530 0.144474
vt 0.461554 0.143974
vt 0.137641 0.477859
vt 0.139202 0.477525
vt 0.687221 0.529296
vt 0.308327 0.400597
vt 0.295220 0.404811
vt 0.307816 0.399380
vt 0.379159 0.386624
vt 0.375827 0.387492
vt 0.375827 0.359042
vt 0.018750 0.020833
vt 0.017517 0.020774
vt 0.018750 0.006665
vt 0.490438 0.509883
vt 0.487041 0.510549
vt 0.486680 0.507568
vt 0.490088 0.507276
vt 0.493010 0.506981
vt 0.785401 0.060626
vt 0.717533 0.151039
vt 0.717533 0.036647
vt 0.556201 0.148955
vt 0.524278 0.057401
vt 0.572905 0.029341
vt 0.282953 0.018424
vt 0.283929 0.017874
vt 0.282791 0.016444
vt 0.283099 0.019416
vt 0.370043 0.299994
vt 0.910595 0.427336
vt 0.911451 0.427463
vt 0.908807 0.427461
vt 0.718354 0.204756
vt 0.717377 0.204772
vt 0.708374 0.174574
vt 0.916648 0.394181
vt 0.718625 0.205130
vt 0.540813 0.462074
vt 0.538406 0.458900
vt 0.541036 0.459831
vt 0.540842 0.463302
vt 0.538206 0.461412
vt 0.543984 0.463633
vt 0.649873 0.590563
vt 0.677069 0.544464
vt 0.672903 0.829150
vt 0.064101 0.388286
vt 0.064582 0.420815
vt 0.064101 0.420825
vt 0.599537 0.586859
vt 0.160381 0.073734
vt 0.163042 0.076993
vt 0.159754 0.076877
vt 0.355405 0.503663
vt 0.164648 0.074943
vt 0.166493 0.072487
vt 0.161977 0.070089
vt 0.893492 0.003076
vt 0.905375 0.024931
vt 0.222332 0.003641
vt 0.222390 0.004724
vt 0.226404 0.006148
vt 0.222461 0.002889
vt 0.412059 0.424238
vt 0.411438 0.423350
vt 0.683319 0.409981
vt 0.682874 0.410408
vt 0.682874 0.305565
vt 0.320722 0.415966
vt 0.323096 0.419991
vt 0.323036 0.415057
vt 0.319213 0.409454
vt 0.654016 0.487058
vt 0.682261 0.448041
vt 0.691615 0.460392
vt 0.676100 0.085238
vt 0.666765 0.497994
vt 0.691818 0.461869
vt 0.687100 0.471391
vt 0.317159 0.504569
vt 0.329341 0.501203
vt 0.313622 0.533322
vt 0.010576 0.915910
vt 0.017695 0.283327
vt 0.017695 0.257583
vt 0.018991 0.283171
vt 0.313622 0.486099
vt 0.805580 0.143917
vt 0.806166 0.143784
vt 0.806854 0.165875
vt 0.391659 0.043749
vt 0.390470 0.022657
vt 0.391659 0.022555
vt 0.265184 0.828334
vt 0.269676 0.857785
vt 0.283328 0.839080
vt 0.300514 0.004837
vt 0.303613 0.005869
vt 0.026091 0.669767
vt 0.027105 0.668704
vt 0.272124 0.020579
vt 0.273893 0.018581
vt 0.122271 0.083373
vt 0.092731 0.136449
vt 0.119327 0.081384
vt 0.215134 0.356243
vt 0.249714 0.331111
vt 0.249995 0.331584
vt 0.121262 0.079123
vt 0.125846 0.082124
vt 0.215251 0.355212
vt 0.123783 0.085458
vt 0.635457 0.347572
vt 0.632565 0.336749
vt 0.675420 0.316052
vt 0.629517 0.356403
vt 0.677598 0.330442
vt 0.066264 0.195514
vt 0.069352 0.196585
vt 0.606722 0.532268
vt 0.608757 0.532407
vt 0.603765 0.530564
vt 0.606394 0.530579
vt 0.603998 0.532500
vt 0.417961 0.400323
vt 0.420298 0.399617
vt 0.417793 0.402824
vt 0.415902 0.400192
vt 0.418264 0.397706
vt 0.420289 0.397029
vt 0.415989 0.402725
vt 0.193436 0.016028
vt 0.195595 0.014880
vt 0.193866 0.014493
vt 0.524897 0.105762
vt 0.576120 0.754047
vt 0.586976 0.731573
vt 0.587373 0.734276
vt 0.569712 0.754379
vt 0.572021 0.763988
vt 0.561883 0.876021
vt 0.559003 0.874537
vt 0.566915 0.851881
vt 0.013766 0.895564
vt 0.046128 0.896070
vt 0.045922 0.897780
vt 0.563971 0.876347
vt 0.014098 0.894081
vt 0.014191 0.897205
vt 0.898273 0.939564
vt 0.885284 0.916378
vt 0.908889 0.914947
vt 0.322129 0.772380
vt 0.341802 0.793965
vt 0.314480 0.800330
vt 0.379159 0.472907
vt 0.355733 0.459961
vt 0.379159 0.446159
vt 0.342495 0.776134
vt 0.304008 0.785262
vt 0.755364 0.982157
vt 0.556093 0.443325
vt 0.553911 0.441830
vt 0.558669 0.440263
vt 0.554288 0.445307
vt 0.560082 0.441339
vt 0.557211 0.444365
vt 0.188620 0.661435
vt 0.186566 0.659535
vt 0.188188 0.657090
vt 0.190560 0.658316
vt 0.191033 0.662408
vt 0.189216 0.665492
vt 0.186996 0.663985
vt 0.020636 0.662552
vt 0.019680 0.663460
vt 0.019217 0.661441
vt 0.020965 0.660559
vt 0.021934 0.661201
vt 0.287761 0.018308
vt 0.287654 0.020431
vt 0.286506 0.019893
vt 0.288447 0.016197
vt 0.288659 0.018336
vt 0.041286 0.568851
vt 0.061582 0.572082
vt 0.682010 0.066464
vt 0.671684 0.033575
vt 0.677614 0.079860
vt 0.676183 0.065537
vt 0.098575 0.202389
vt 0.095607 0.201165
vt 0.101400 0.202416
vt 0.835592 0.927116
vt 0.745565 0.258943
vt 0.806159 0.812817
vt 0.809888 0.827403
vt 0.804947 0.814898
vt 0.806595 0.812696
vt 0.600807 0.782141
vt 0.591919 0.795705
vt 0.810060 0.827206
vt 0.605841 0.514342
vt 0.605767 0.517192
vt 0.404563 0.408161
vt 0.405192 0.410365
vt 0.403515 0.411075
vt 0.406486 0.407463
vt 0.402774 0.408040
vt 0.572088 0.027276
vt 0.569785 0.028870
vt 0.571823 0.013585
vt 0.271029 0.674014
vt 0.288662 0.645811
vt 0.289114 0.646274
vt 0.246750 0.691795
vt 0.245586 0.691453
vt 0.271432 0.674295
vt 0.547754 0.447136
vt 0.544999 0.446597
vt 0.293060 0.173852
vt 0.295321 0.173761
vt 0.374353 0.309646
vt 0.370242 0.307053
vt 0.519781 0.518739
vt 0.327040 0.378975
vt 0.326524 0.379154
vt 0.328755 0.378649
vt 0.328112 0.379764
vt 0.327029 0.378745
vt 0.356243 0.495627
vt 0.179495 0.642897
vt 0.178099 0.639405
vt 0.048558 0.659480
vt 0.049794 0.657166
vt 0.049867 0.659198
vt 0.047911 0.658987
vt 0.049235 0.657399
vt 0.047825 0.660678
vt 0.287899 0.007217
vt 0.287259 0.008677
vt 0.286909 0.007979
vt 0.046758 0.646157
vt 0.044032 0.645619
vt 0.045711 0.644385
vt 0.049219 0.645143
vt 0.286905 0.006379
vt 0.587158 0.286681
vt 0.142398 0.875561
vt 0.145276 0.876246
vt 0.139282 0.898332
vt 0.136393 0.860363
vt 0.597121 0.314195
vt 0.605386 0.512099
vt 0.601237 0.511340
vt 0.608013 0.511848
vt 0.605120 0.510848
vt 0.478307 0.142119
vt 0.478421 0.139725
vt 0.480002 0.141017
vt 0.476688 0.142679
vt 0.476760 0.141440
vt 0.361384 0.305417
vt 0.356934 0.306673
vt 0.534807 0.104288
vt 0.331969 0.403414
vt 0.333281 0.409186
vt 0.330112 0.402742
vt 0.294367 0.953931
vt 0.297022 0.950252
vt 0.294501 0.956199
vt 0.292865 0.959804
vt 0.236149 0.418156
vt 0.237367 0.418955
vt 0.420039 0.413364
vt 0.421754 0.413387
vt 0.420802 0.413985
vt 0.322958 0.391090
vt 0.671395 0.079475
vt 0.672654 0.077509
vt 0.641599 0.522047
vt 0.641761 0.522677
vt 0.671511 0.081753
vt 0.639458 0.522261
vt 0.638148 0.521147
vt 0.066519 0.209273
vt 0.064838 0.210785
vt 0.441961 0.115239
vt 0.458084 0.097633
vt 0.470090 0.082141
vt 0.470398 0.091706
vt 0.132433 0.483760
vt 0.135335 0.484395
vt 0.136079 0.485386
vt 0.276912 0.020722
vt 0.277163 0.018478
vt 0.276408 0.019746
vt 0.660820 0.141964
vt 0.301520 0.734453
vt 0.662486 0.143364
vt 0.301089 0.733933
vt 0.659909 0.140159
vt 0.662412 0.141314
vt 0.922908 0.480966
vt 0.924090 0.480013
vt 0.924263 0.481795
vt 0.916507 0.523563
vt 0.908110 0.479298
vt 0.913576 0.469405
vt 0.956230 0.783074
vt 0.411487 0.357565
vt 0.435117 0.960397
vt 0.302102 0.169620
vt 0.300955 0.169601
vt 0.884941 0.915173
vt 0.870381 0.937609
vt 0.888032 0.879498
vt 0.317860 0.437476
vt 0.337493 0.456716
vt 0.317860 0.477074
vt 0.865438 0.879307
vt 0.553480 0.448273
vt 0.553386 0.449136
vt 0.552262 0.449164
vt 0.305007 0.983826
vt 0.304457 0.988150
vt 0.300434 0.988033
vt 0.201247 0.029310
vt 0.201926 0.028080
vt 0.790166 0.756606
vt 0.790106 0.736093
vt 0.791401 0.736815
vt 0.871232 0.195023
vt 0.818033 0.193952
vt 0.871495 0.194153
vt 0.897898 0.239578
vt 0.276501 0.863290
vt 0.299034 0.889426
vt 0.298626 0.890780
vt 0.934779 0.436333
vt 0.939564 0.405183
vt 0.935515 0.436432
vt 0.939564 0.468740
vt 0.074774 0.110414
vt 0.074506 0.085349
vt 0.074998 0.085424
vt 0.891648 0.040599
vt 0.793734 0.322563
vt 0.771212 0.291663
vt 0.092722 0.201404
vt 0.088914 0.200008
vt 0.092735 0.200002
vt 0.089828 0.201308
vt 0.092728 0.202614
vt 0.095493 0.202428
vt 0.127424 0.483867
vt 0.129827 0.483864
vt 0.278258 0.005681
vt 0.279783 0.006294
vt 0.278604 0.006640
vt 0.277732 0.006437
vt 0.278828 0.005591
vt 0.246380 0.625794
vt 0.247822 0.624330
vt 0.247248 0.626868
vt 0.212682 0.658320
vt 0.454157 0.823273
vt 0.454157 0.901944
vt 0.452030 0.900519
vt 0.317929 0.380504
vt 0.317030 0.379993
vt 0.333929 0.958559
vt 0.494997 0.496996
vt 0.627293 0.331425
vt 0.537403 0.617627
vt 0.503465 0.617861
vt 0.286383 0.819486
vt 0.285178 0.818764
vt 0.024675 0.685202
vt 0.025547 0.685523
vt 0.355143 0.865830
vt 0.356243 0.866947
vt 0.355545 0.867140
vt 0.025745 0.685359
vt 0.024181 0.684946
vt 0.400159 0.407880
vt 0.397713 0.406957
vt 0.401893 0.405209
vt 0.389500 0.437078
vt 0.408077 0.447049
vt 0.407260 0.446817
vt 0.388904 0.436749
vt 0.514758 0.715230
vt 0.389490 0.436913
vt 0.162162 0.936311
vt 0.162497 0.935813
vt 0.602201 0.720036
vt 0.602040 0.719615
vt 0.602933 0.719594
vt 0.599134 0.760903
vt 0.587629 0.734747
vt 0.548360 0.327429
vt 0.548372 0.352970
vt 0.545471 0.328572
vt 0.549335 0.326804
vt 0.549878 0.353097
vt 0.535480 0.312076
vt 0.176559 0.073529
vt 0.101570 0.568053
vt 0.084260 0.570313
vt 0.097625 0.566556
vt 0.098430 0.561477
vt 0.000026 0.142995
vt 0.015776 0.117913
vt 0.918682 0.573739
vt 0.238003 0.416120
vt 0.237598 0.416763
vt 0.236405 0.415543
vt 0.237384 0.415089
vt 0.139705 0.475730
vt 0.137757 0.476074
vt 0.141169 0.473559
vt 0.141023 0.477598
vt 0.142223 0.474606
vt 0.324534 0.967664
vt 0.094157 0.210222
vt 0.488358 0.520271
vt 0.490623 0.521742
vt 0.484331 0.520915
vt 0.645062 0.210463
vt 0.627331 0.226568
vt 0.646155 0.212706
vt 0.126427 0.513889
vt 0.113689 0.521574
vt 0.111778 0.519446
vt 0.653937 0.189696
vt 0.656236 0.194680
vt 0.594118 0.530798
vt 0.413986 0.406987
vt 0.413964 0.404297
vt 0.415872 0.405235
vt 0.412250 0.405880
vt 0.224573 0.016002
vt 0.603983 0.259690
vt 0.605307 0.275164
vt 0.601480 0.262934
vt 0.608848 0.277674
vt 0.440301 0.287122
vt 0.439710 0.287274
vt 0.302843 0.174930
vt 0.240304 0.463021
vt 0.239543 0.463978
vt 0.221791 0.442806
vt 0.185297 0.794436
vt 0.186391 0.802051
vt 0.180703 0.807079
vt 0.203543 0.798100
vt 0.162986 0.785983
vt 0.179845 0.801692
vt 0.162531 0.787660
vt 0.339085 0.504404
vt 0.339429 0.502221
vt 0.344287 0.500036
vt 0.045970 0.662519
vt 0.046802 0.664070
vt 0.041677 0.662979
vt 0.288532 0.009041
vt 0.286315 0.009950
vt 0.029166 0.084551
vt 0.014058 0.089581
vt 0.014058 0.031257
vt 0.583642 0.292702
vt 0.519815 0.409013
vt 0.477855 0.429253
vt 0.510913 0.400347
vt 0.551282 0.248837
vt 0.573647 0.244275
vt 0.581238 0.585405
vt 0.191975 0.020251
vt 0.194275 0.020809
vt 0.110055 0.203425
vt 0.193491 0.021868
vt 0.112894 0.204431
vt 0.481524 0.508243
vt 0.480176 0.508177
vt 0.479835 0.505573
vt 0.962403 0.488878
vt 0.958299 0.460378
vt 0.964563 0.488830
vt 0.220939 0.375988
vt 0.958299 0.514573
vt 0.173262 0.269446
vt 0.774853 0.733277
vt 0.772974 0.734393
vt 0.408790 0.397744
vt 0.409351 0.394046
vt 0.411334 0.394324
vt 0.406724 0.396881
vt 0.410924 0.397063
vt 0.437323 0.545376
vt 0.572577 0.028866
vt 0.694583 0.900224
vt 0.179163 0.211648
vt 0.045832 0.170276
vt 0.045832 0.202079
vt 0.044213 0.170668
vt 0.171231 0.210239
vt 0.213241 0.302077
vt 0.213241 0.273853
vt 0.214579 0.273969
vt 0.694313 0.898442
vt 0.163541 0.259763
vt 0.170830 0.263231
vt 0.163541 0.291661
vt 0.326667 0.396851
vt 0.328326 0.396782
vt 0.328376 0.402851
vt 0.192551 0.651376
vt 0.026444 0.656113
vt 0.023908 0.657721
vt 0.939885 0.895561
vt 0.938703 0.896000
vt 0.938138 0.880882
vt 0.947383 0.908934
vt 0.619945 0.670422
vt 0.616623 0.670610
vt 0.616215 0.668353
vt 0.619631 0.668177
vt 0.623429 0.671667
vt 0.329614 0.500515
vt 0.360409 0.488896
vt 0.433324 0.001295
vt 0.433324 0.029166
vt 0.419587 0.028684
vt 0.328696 0.499414
vt 0.502127 0.503496
vt 0.500316 0.508422
vt 0.499928 0.504977
vt 0.502504 0.507440
vt 0.139853 0.497949
vt 0.137843 0.498766
vt 0.501044 0.500127
vt 0.141700 0.497374
vt 0.603737 0.806222
vt 0.051489 0.368742
vt 0.051489 0.320755
vt 0.054166 0.367501
vt 0.835327 0.816636
vt 0.819231 0.804218
vt 0.820562 0.803230
vt 0.193746 0.374774
vt 0.191472 0.374992
vt 0.191472 0.325462
vt 0.558186 0.652926
vt 0.558815 0.653334
vt 0.166173 0.939690
vt 0.168169 0.972977
vt 0.165765 0.939714
vt 0.168747 0.971821
vt 0.009375 0.231438
vt 0.008375 0.295827
vt 0.008375 0.177597
vt 0.552335 0.696359
vt 0.467588 0.144848
vt 0.467897 0.146072
vt 0.468550 0.143906
vt 0.468995 0.145825
vt 0.468118 0.142087
vt 0.674218 0.802067
vt 0.133449 0.886261
vt 0.679153 0.753995
vt 0.395825 0.139588
vt 0.365190 0.038709
vt 0.384161 0.433324
vt 0.384161 0.327870
vt 0.385409 0.432877
vt 0.524416 0.134235
vt 0.524422 0.133720
vt 0.317997 0.378840
vt 0.317893 0.379417
vt 0.319641 0.377986
vt 0.523282 0.133847
vt 0.316301 0.379441
vt 0.442565 0.284760
vt 0.373891 0.282574
vt 0.358859 0.270188
vt 0.374573 0.281851
vt 0.359180 0.287494
vt 0.357877 0.286648
vt 0.358147 0.271028
vt 0.564054 0.454298
vt 0.563889 0.457604
vt 0.560028 0.458573
vt 0.563708 0.449255
vt 0.566655 0.448016
vt 0.566588 0.455940
vt 0.184372 0.672410
vt 0.182780 0.670660
vt 0.033658 0.667204
vt 0.038026 0.669007
vt 0.037665 0.670425
vt 0.030097 0.667121
vt 0.768006 0.670464
vt 0.763187 0.658496
vt 0.778913 0.664592
vt 0.578004 0.874010
vt 0.581010 0.871296
vt 0.584859 0.874500
vt 0.577385 0.874774
vt 0.579955 0.855149
vt 0.583251 0.856805
vt 0.426214 0.937475
vt 0.405732 0.972897
vt 0.902262 0.778455
vt 0.914218 0.785374
vt 0.901453 0.779472
vt 0.063199 0.099998
vt 0.052035 0.082240
vt 0.913197 0.767284
vt 0.914565 0.767433
vt 0.882772 0.763960
vt 0.892245 0.752635
vt 0.297496 0.968677
vt 0.297375 0.965629
vt 0.300499 0.965323
vt 0.297139 0.972959
vt 0.295244 0.967807
vt 0.300675 0.969871
vt 0.211476 0.004445
vt 0.210844 0.003341
vt 0.213242 0.004353
vt 0.212707 0.005933
vt 0.210354 0.006236
vt 0.223862 0.432706
vt 0.227426 0.433280
vt 0.225093 0.433951
vt 0.463534 0.141537
vt 0.324809 0.419961
vt 0.259500 0.112148
vt 0.255610 0.152938
vt 0.785941 0.265297
vt 0.763750 0.282058
vt 0.788009 0.267134
vt 0.072508 0.196908
vt 0.075959 0.197450
vt 0.316836 0.993992
vt 0.312755 0.995812
vt 0.312375 0.992993
vt 0.132681 0.478886
vt 0.136217 0.030141
vt 0.138812 0.029794
vt 0.137875 0.031392
vt 0.275282 0.023639
vt 0.275163 0.022656
vt 0.135689 0.032003
vt 0.026217 0.649574
vt 0.028054 0.651831
vt 0.027093 0.647424
vt 0.029640 0.649531
vt 0.248448 0.969211
vt 0.250241 0.969207
vt 0.156052 0.852576
vt 0.164580 0.850406
vt 0.164580 0.922898
vt 0.157771 0.843751
vt 0.475139 0.127477
vt 0.473869 0.127425
vt 0.475685 0.125700
vt 0.477549 0.125258
vt 0.477251 0.127638
vt 0.873039 0.535857
vt 0.529285 0.834610
vt 0.519424 0.889767
vt 0.528401 0.834295
vt 0.752068 0.635711
vt 0.742405 0.659816
vt 0.594732 0.132814
vt 0.591073 0.154566
vt 0.425049 0.394796
vt 0.426708 0.392317
vt 0.426693 0.394905
vt 0.422932 0.394664
vt 0.425373 0.392235
vt 0.424656 0.398170
vt 0.422413 0.398044
vt 0.295029 0.403403
vt 0.366037 0.393026
vt 0.366954 0.393104
vt 0.367645 0.394539
vt 0.927064 0.168747
vt 0.925804 0.168064
vt 0.927064 0.096945
vt 0.163701 0.102890
vt 0.198727 0.107264
vt 0.364716 0.393055
vt 0.381242 0.324011
vt 0.073145 0.215062
vt 0.073032 0.213811
vt 0.075422 0.214364
vt 0.292466 0.174237
vt 0.071959 0.214583
vt 0.698792 0.864144
vt 0.699986 0.791385
vt 0.699986 0.864566
vt 0.095430 0.037855
vt 0.026220 0.000696
vt 0.518694 0.262236
vt 0.520823 0.365161
vt 0.518694 0.366659
vt 0.531231 0.095753
vt 0.530100 0.096163
vt 0.533137 0.095737
vt 0.496285 0.495318
vt 0.280717 0.006967
vt 0.281689 0.006849
vt 0.279459 0.007479
vt 0.566777 0.986473
vt 0.565798 0.983324
vt 0.567247 0.984433
vt 0.941910 0.602607
vt 0.453004 0.904148
vt 0.520471 0.118524
vt 0.522287 0.123233
vt 0.312415 0.397559
vt 0.313632 0.397174
vt 0.313726 0.405079
vt 0.520792 0.123467
vt 0.519546 0.119195
vt 0.518949 0.112788
vt 0.520179 0.112730
vt 0.592095 0.542148
vt 0.589054 0.540957
vt 0.590946 0.538858
vt 0.469235 0.141975
vt 0.469070 0.139576
vt 0.470380 0.138131
vt 0.181004 0.066188
vt 0.183330 0.066570
vt 0.556757 0.461582
vt 0.554900 0.461809
vt 0.555770 0.459876
vt 0.556014 0.463628
vt 0.559816 0.460950
vt 0.166350 0.843561
vt 0.166663 0.844183
vt 0.166349 0.914565
vt 0.166349 0.843352
vt 0.907243 0.025851
vt 0.908250 0.025368
vt 0.906887 0.025941
vt 0.403570 0.381434
vt 0.239348 0.428757
vt 0.239259 0.430449
vt 0.238645 0.428720
vt 0.404378 0.379545
vt 0.239218 0.427802
vt 0.240867 0.426160
vt 0.219551 0.412521
vt 0.220535 0.440821
vt 0.375853 0.489414
vt 0.945613 0.237189
vt 0.460872 0.665005
vt 0.462490 0.679910
vt 0.414029 0.693778
vt 0.748977 0.689305
vt 0.143747 0.046546
vt 0.126125 0.072915
vt 0.126125 0.033580
vt 0.417902 0.664294
vt 0.950257 0.266661
vt 0.949953 0.267466
vt 0.935703 0.251297
vt 0.970113 0.259290
vt 0.831250 0.728669
vt 0.837483 0.768467
vt 0.817207 0.735963
vt 0.969782 0.258395
vt 0.067862 0.927941
vt 0.116664 0.927941
vt 0.092304 0.989563
vt 0.879351 0.104321
vt 0.862928 0.072818
vt 0.888504 0.086071
vt 0.878227 0.105093
vt 0.849717 0.088335
vt 0.130100 0.171776
vt 0.133331 0.174419
vt 0.130100 0.202079
vt 0.889005 0.090751
vt 0.882791 0.133331
vt 0.884453 0.102424
vt 0.005935 0.412492
vt 0.005724 0.391187
vt 0.006250 0.391257
vt 0.544088 0.376958
vt 0.532058 0.394543
vt 0.545382 0.377732
vt 0.546899 0.352665
vt 0.304317 0.015984
vt 0.304330 0.014598
vt 0.305399 0.014588
vt 0.305286 0.016044
vt 0.124998 0.482801
vt 0.125767 0.483656
vt 0.281165 0.024134
vt 0.286380 0.024156
vt 0.019503 0.654029
vt 0.019429 0.659949
vt 0.278915 0.024379
vt 0.280041 0.024111
vt 0.017731 0.663510
vt 0.016769 0.664415
vt 0.278628 0.026269
vt 0.278196 0.025271
vt 0.018478 0.662610
vt 0.278099 0.024704
vt 0.139580 0.039583
vt 0.136793 0.035174
vt 0.137698 0.034200
vt 0.136061 0.036293
vt 0.436351 0.545962
vt 0.437694 0.546147
vt 0.570822 0.029120
vt 0.190496 0.679153
vt 0.194804 0.672277
vt 0.541939 0.447536
vt 0.544681 0.448124
vt 0.541826 0.449663
vt 0.539448 0.447012
vt 0.296364 0.171434
vt 0.297539 0.171460
vt 0.296340 0.172794
vt 0.165090 0.078223
vt 0.164162 0.079752
vt 0.162462 0.079512
vt 0.630490 0.680755
vt 0.630700 0.685301
vt 0.633318 0.680341
vt 0.630199 0.676174
vt 0.201251 0.021611
vt 0.200330 0.022693
vt 0.202114 0.021828
vt 0.201071 0.022693
vt 0.426325 0.405784
vt 0.423946 0.403165
vt 0.935445 0.880390
vt 0.937369 0.896676
vt 0.254767 0.079365
vt 0.254202 0.079787
vt 0.253609 0.076757
vt 0.255485 0.078789
vt 0.513645 0.711186
vt 0.514345 0.711755
vt 0.514106 0.713371
vt 0.493403 0.696325
vt 0.523765 0.678731
vt 0.513185 0.711894
vt 0.590280 0.835612
vt 0.584089 0.835073
vt 0.578483 0.854967
vt 0.637487 0.871509
vt 0.637487 0.949980
vt 0.277678 0.013481
vt 0.276241 0.013132
vt 0.095322 0.094703
vt 0.790262 0.831268
vt 0.790492 0.830953
vt 0.790309 0.832709
vt 0.792822 0.271507
vt 0.322753 0.983820
vt 0.324600 0.983587
vt 0.106098 0.210842
vt 0.108752 0.211987
vt 0.104410 0.211883
vt 0.106823 0.209699
vt 0.109408 0.210995
vt 0.101383 0.211199
vt 0.102841 0.209723
vt 0.135843 0.976244
vt 0.131579 0.987480
vt 0.131579 0.939119
vt 0.136607 0.943868
vt 0.137039 0.943578
vt 0.409001 0.122024
vt 0.407265 0.120250
vt 0.430019 0.129638
vt 0.137281 0.974650
vt 0.209575 0.927713
vt 0.204470 0.930971
vt 0.204884 0.926716
vt 0.148955 0.523589
vt 0.210847 0.915029
vt 0.206168 0.925795
vt 0.208299 0.913825
vt 0.601276 0.530831
vt 0.603757 0.534980
vt 0.419610 0.402096
vt 0.202394 0.017796
vt 0.200652 0.017918
vt 0.528050 0.129814
vt 0.566575 0.701638
vt 0.567556 0.700259
vt 0.567702 0.700904
vt 0.585933 0.712765
vt 0.564162 0.700082
vt 0.613515 0.380049
vt 0.615277 0.380783
vt 0.803425 0.829202
vt 0.193767 0.656462
vt 0.192409 0.659639
vt 0.917724 0.189969
vt 0.933451 0.193369
vt 0.331683 0.956349
vt 0.327891 0.955140
vt 0.330494 0.957719
vt 0.089877 0.203801
vt 0.092002 0.205062
vt 0.089855 0.202514
vt 0.092787 0.203752
vt 0.832355 0.441314
vt 0.832045 0.441091
vt 0.185413 0.051637
vt 0.185054 0.085415
vt 0.185054 0.051632
vt 0.833025 0.441714
vt 0.323314 0.991551
vt 0.321813 0.992982
vt 0.607850 0.514237
vt 0.407329 0.410744
vt 0.249664 0.693171
vt 0.247576 0.692008
vt 0.292046 0.648898
vt 0.014583 0.233295
vt 0.960397 0.781234
vt 0.952987 0.751138
vt 0.953954 0.750998
vt 0.713046 0.735735
vt 0.728543 0.712475
vt 0.732051 0.715143
vt 0.713354 0.736720
vt 0.034000 0.793734
vt 0.701155 0.689518
vt 0.460586 0.132600
vt 0.462639 0.131425
vt 0.464376 0.130693
vt 0.168903 0.658554
vt 0.168787 0.660916
vt 0.164658 0.657833
vt 0.050838 0.659042
vt 0.275686 0.557505
vt 0.310905 0.563376
vt 0.310589 0.565989
vt 0.274849 0.572557
vt 0.272306 0.570201
vt 0.274650 0.233579
vt 0.274732 0.234680
vt 0.879411 0.369801
vt 0.879749 0.370671
vt 0.848412 0.412492
vt 0.914565 0.383516
vt 0.848412 0.328160
vt 0.880486 0.369133
vt 0.381242 0.334597
vt 0.378488 0.358777
vt 0.377753 0.358762
vt 0.344352 0.825588
vt 0.320699 0.832025
vt 0.344290 0.824158
vt 0.362443 0.828027
vt 0.069272 0.200343
vt 0.545942 0.428127
vt 0.548614 0.429957
vt 0.549273 0.428963
vt 0.542722 0.427716
vt 0.280178 0.023287
vt 0.198049 0.017339
vt 0.199241 0.017710
vt 0.196673 0.015428
vt 0.529282 0.100456
vt 0.528991 0.096549
vt 0.569705 0.765709
vt 0.555701 0.768734
vt 0.558899 0.757436
vt 0.240399 0.160669
vt 0.256593 0.155857
vt 0.571765 0.765364
vt 0.356243 0.518029
vt 0.354360 0.516508
vt 0.163291 0.093853
vt 0.167365 0.093952
vt 0.164519 0.098830
vt 0.160660 0.092014
vt 0.164969 0.089779
vt 0.354121 0.521506
vt 0.307168 0.170464
vt 0.336302 0.505905
vt 0.335909 0.509295
vt 0.334718 0.508507
vt 0.026539 0.666713
vt 0.024733 0.666613
vt 0.149707 0.014835
vt 0.150630 0.015567
vt 0.149940 0.015973
vt 0.150520 0.013934
vt 0.149256 0.015308
vt 0.321576 0.384152
vt 0.320220 0.381496
vt 0.321539 0.383230
vt 0.638148 0.555923
vt 0.670582 0.033285
vt 0.292735 0.170560
vt 0.077713 0.214334
vt 0.075090 0.213249
vt 0.938831 0.311721
vt 0.461912 0.719175
vt 0.504395 0.712023
vt 0.732047 0.338379
vt 0.523436 0.725584
vt 0.553599 0.469979
vt 0.550370 0.468691
vt 0.554201 0.467865
vt 0.549021 0.470824
vt 0.958314 0.158330
vt 0.932398 0.132827
vt 0.958314 0.106214
vt 0.513510 0.964760
vt 0.515855 0.940335
vt 0.517742 0.940295
vt 0.515291 0.964132
vt 0.474322 0.997896
vt 0.477174 0.962432
vt 0.527073 0.997896
vt 0.136715 0.456711
vt 0.133781 0.458881
vt 0.587653 0.680952
vt 0.569632 0.699985
vt 0.904548 0.194937
vt 0.895825 0.195712
vt 0.904467 0.193970
vt 0.922898 0.233329
vt 0.145830 0.073174
vt 0.145830 0.093748
vt 0.143486 0.093252
vt 0.924962 0.427075
vt 0.924565 0.425580
vt 0.924981 0.425788
vt 0.143131 0.605572
vt 0.143582 0.605540
vt 0.239071 0.469044
vt 0.008333 0.848685
vt 0.004438 0.848865
vt 0.004234 0.848755
vt 0.250156 0.484665
vt 0.005302 0.848692
vt 0.947625 0.234265
vt 0.181271 0.650874
vt 0.177764 0.649396
vt 0.046301 0.652862
vt 0.286205 0.007726
vt 0.215915 0.721506
vt 0.720990 0.924570
vt 0.943824 0.368742
vt 0.436383 0.556838
vt 0.429247 0.589826
vt 0.428485 0.589578
vt 0.437706 0.557130
vt 0.469022 0.138184
vt 0.467545 0.140343
vt 0.226128 0.286687
vt 0.808276 0.802027
vt 0.802756 0.787364
vt 0.803203 0.786638
vt 0.618053 0.695486
vt 0.621340 0.695775
vt 0.223021 0.426169
vt 0.226168 0.425575
vt 0.745818 0.440865
vt 0.745818 0.555197
vt 0.694716 0.529248
vt 0.608891 0.511742
vt 0.608761 0.510592
vt 0.610404 0.511401
vt 0.687736 0.528720
vt 0.669645 0.525845
vt 0.686304 0.506181
vt 0.684792 0.526014
vt 0.084047 0.061754
vt 0.089581 0.057361
vt 0.089581 0.083332
vt 0.982125 0.564514
vt 0.481943 0.520705
vt 0.532204 0.131411
vt 0.532918 0.133598
vt 0.531487 0.132980
vt 0.530835 0.131100
vt 0.133971 0.487922
vt 0.135392 0.487127
vt 0.473404 0.090397
vt 0.471961 0.090573
vt 0.472428 0.081762
vt 0.471303 0.094796
vt 0.472495 0.080652
vt 0.179096 0.310301
vt 0.183675 0.294852
vt 0.175594 0.319734
vt 0.180563 0.311136
vt 0.181370 0.321577
vt 0.122098 0.254415
vt 0.550315 0.464888
vt 0.551243 0.466406
vt 0.547380 0.465045
vt 0.552621 0.464157
vt 0.553959 0.465218
vt 0.637883 0.509730
vt 0.621982 0.498177
vt 0.629252 0.472750
vt 0.646174 0.109806
vt 0.640258 0.069652
vt 0.657860 0.100704
vt 0.584731 0.623785
vt 0.645755 0.668308
vt 0.598085 0.653569
vt 0.544546 0.625640
vt 0.583732 0.622637
vt 0.583874 0.623968
vt 0.305555 0.490160
vt 0.306244 0.489900
vt 0.306244 0.527072
vt 0.022916 0.474990
vt 0.022233 0.442241
vt 0.022916 0.442015
vt 0.101590 0.550324
vt 0.071937 0.552569
vt 0.112393 0.576778
vt 0.099812 0.544748
vt 0.301654 0.963269
vt 0.298253 0.962804
vt 0.306158 0.963388
vt 0.203899 0.018262
vt 0.797160 0.235811
vt 0.834347 0.248647
vt 0.832101 0.250183
vt 0.931231 0.602012
vt 0.911744 0.658320
vt 0.911744 0.578680
vt 0.814647 0.269413
vt 0.292300 0.628508
vt 0.293114 0.628076
vt 0.311909 0.658320
vt 0.799918 0.287838
vt 0.251307 0.626360
vt 0.313323 0.409577
vt 0.311850 0.409880
vt 0.315093 0.408928
vt 0.518626 0.107241
vt 0.315492 0.415667
vt 0.312379 0.404896
vt 0.556390 0.233871
vt 0.553876 0.233977
vt 0.549474 0.198766
vt 0.563632 0.202622
vt 0.573080 0.243605
vt 0.579773 0.209867
vt 0.078632 0.205685
vt 0.674809 0.840300
vt 0.674986 0.839185
vt 0.973356 0.950491
vt 0.950029 0.948561
vt 0.950191 0.947563
vt 0.617608 0.697806
vt 0.287817 0.986178
vt 0.290475 0.989811
vt 0.617845 0.701679
vt 0.299919 0.013981
vt 0.292961 0.012240
vt 0.296589 0.012202
vt 0.275015 0.006518
vt 0.275885 0.006344
vt 0.275517 0.006881
vt 0.275046 0.005518
vt 0.274305 0.007184
vt 0.273951 0.006197
vt 0.286531 0.005583
vt 0.285794 0.005813
vt 0.286196 0.005223
vt 0.286862 0.005060
vt 0.285246 0.005449
vt 0.049988 0.646282
vt 0.623777 0.279536
vt 0.608897 0.543437
vt 0.606790 0.547268
vt 0.469892 0.143753
vt 0.470278 0.145579
vt 0.875931 0.492726
vt 0.628078 0.692265
vt 0.233045 0.422428
vt 0.234994 0.423332
vt 0.230478 0.421234
vt 0.232568 0.424330
vt 0.428286 0.409307
vt 0.427756 0.411822
vt 0.425623 0.410880
vt 0.425641 0.409150
vt 0.428557 0.406732
vt 0.689653 0.530330
vt 0.094063 0.010989
vt 0.094144 0.010699
vt 0.094372 0.011343
vt 0.493514 0.696996
vt 0.095159 0.010734
vt 0.958314 0.470923
vt 0.902020 0.796799
vt 0.917421 0.796532
vt 0.131237 0.491117
vt 0.131163 0.489426
vt 0.132143 0.489867
vt 0.132577 0.491266
vt 0.129737 0.490660
vt 0.281508 0.016562
vt 0.282597 0.014462
vt 0.721405 0.203103
vt 0.907944 0.428542
vt 0.147284 0.878435
vt 0.152366 0.861458
vt 0.757916 0.614292
vt 0.745757 0.608907
vt 0.759034 0.613797
vt 0.756339 0.616126
vt 0.745819 0.609303
vt 0.301262 0.651242
vt 0.007045 0.018652
vt 0.008333 0.017498
vt 0.008333 0.087498
vt 0.903614 0.026889
vt 0.933314 0.250058
vt 0.932877 0.303344
vt 0.932129 0.302940
vt 0.892026 0.085415
vt 0.906290 0.026917
vt 0.222360 0.005938
vt 0.221255 0.005379
vt 0.843924 0.221206
vt 0.237625 0.926768
vt 0.926973 0.237452
vt 0.917724 0.245443
vt 0.539885 0.560407
vt 0.539814 0.561888
vt 0.529480 0.528737
vt 0.091766 0.198771
vt 0.086777 0.196823
vt 0.088890 0.198801
vt 0.087642 0.197767
vt 0.609175 0.686908
vt 0.612116 0.690001
vt 0.271772 0.010858
vt 0.260488 0.583117
vt 0.265161 0.579992
vt 0.798864 0.733926
vt 0.412952 0.694872
vt 0.616654 0.165621
vt 0.614998 0.140204
vt 0.809164 0.226473
vt 0.787872 0.222885
vt 0.802687 0.210514
vt 0.809012 0.227658
vt 0.833316 0.243117
vt 0.665921 0.633970
vt 0.605959 0.809258
vt 0.604772 0.830954
vt 0.602902 0.855024
vt 0.609928 0.532697
vt 0.419886 0.411439
vt 0.418647 0.414033
vt 0.527921 0.133161
vt 0.529300 0.133818
vt 0.572610 0.764850
vt 0.586214 0.765366
vt 0.236430 0.160691
vt 0.219257 0.160994
vt 0.745257 0.608024
vt 0.601390 0.563350
vt 0.617270 0.547931
vt 0.633885 0.557603
vt 0.602542 0.564969
vt 0.549989 0.952064
vt 0.526790 0.941277
vt 0.560837 0.442455
vt 0.562342 0.445183
vt 0.189800 0.668402
vt 0.019072 0.664986
vt 0.285438 0.020979
vt 0.285300 0.019893
vt 0.284343 0.021423
vt 0.286001 0.022571
vt 0.284986 0.022449
vt 0.286787 0.021530
vt 0.113844 0.403875
vt 0.118286 0.380293
vt 0.248483 0.074566
vt 0.097314 0.210349
vt 0.474148 0.501447
vt 0.938250 0.853732
vt 0.942252 0.867013
vt 0.940565 0.866425
vt 0.124729 0.937481
vt 0.143441 0.921006
vt 0.145491 0.921117
vt 0.390759 0.379941
vt 0.393742 0.379649
vt 0.393742 0.410408
vt 0.393016 0.351942
vt 0.203631 0.955061
vt 0.232477 0.974980
vt 0.177942 0.974980
vt 0.408380 0.404751
vt 0.408825 0.408356
vt 0.729268 0.787203
vt 0.704107 0.808608
vt 0.729774 0.777406
vt 0.730908 0.786863
vt 0.736032 0.796425
vt 0.707574 0.810914
vt 0.334622 0.506906
vt 0.333235 0.506913
vt 0.334848 0.505556
vt 0.333326 0.509221
vt 0.465788 0.255042
vt 0.432867 0.257766
vt 0.430734 0.244305
vt 0.264946 0.803744
vt 0.284394 0.820569
vt 0.265571 0.802793
vt 0.800918 0.289070
vt 0.049708 0.655074
vt 0.274972 0.239288
vt 0.269504 0.237278
vt 0.194558 0.028162
vt 0.193905 0.029680
vt 0.535078 0.110380
vt 0.603369 0.528841
vt 0.151255 0.017998
vt 0.150247 0.018667
vt 0.152186 0.017550
vt 0.151985 0.018297
vt 0.151595 0.018794
vt 0.200960 0.016923
vt 0.018750 0.737078
vt 0.017620 0.812483
vt 0.017620 0.736771
vt 0.121681 0.086718
vt 0.122914 0.203217
vt 0.121681 0.204162
vt 0.297911 0.883315
vt 0.296871 0.883008
vt 0.297911 0.808505
vt 0.121727 0.216348
vt 0.113275 0.198401
vt 0.126789 0.217656
vt 0.420093 0.389385
vt 0.154163 0.013007
vt 0.152372 0.014034
vt 0.318873 0.380500
vt 0.319901 0.379434
vt 0.318922 0.379736
vt 0.297627 0.892908
vt 0.276505 0.874650
vt 0.345794 0.889340
vt 0.345292 0.890826
vt 0.871378 0.193388
vt 0.154163 0.389984
vt 0.154163 0.422908
vt 0.153403 0.422904
vt 0.863380 0.072171
vt 0.197202 0.374992
vt 0.197866 0.342119
vt 0.197913 0.374992
vt 0.491657 0.188152
vt 0.474418 0.199996
vt 0.474418 0.160161
vt 0.498078 0.496266
vt 0.499960 0.497870
vt 0.135023 0.499707
vt 0.136251 0.499498
vt 0.324393 0.992220
vt 0.323858 0.990244
vt 0.555807 0.438818
vt 0.557646 0.436543
vt 0.560769 0.437525
vt 0.550333 0.441371
vt 0.552531 0.438028
vt 0.020950 0.882737
vt 0.023771 0.880776
vt 0.460756 0.125406
vt 0.174544 0.654896
vt 0.758318 0.267621
vt 0.726409 0.310092
vt 0.725487 0.309948
vt 0.137497 0.897125
vt 0.133186 0.924981
vt 0.131459 0.888626
vt 0.400037 0.312253
vt 0.403130 0.306390
vt 0.402832 0.345576
vt 0.133796 0.888983
vt 0.747066 0.269996
vt 0.118748 0.166802
vt 0.115264 0.187496
vt 0.114933 0.166891
vt 0.114933 0.162259
vt 0.027083 0.007445
vt 0.024302 0.009441
vt 0.024128 0.007273
vt 0.055383 0.339576
vt 0.086457 0.215058
vt 0.086457 0.275809
vt 0.882728 0.238452
vt 0.918731 0.249534
vt 0.918411 0.250465
vt 0.136946 0.228723
vt 0.882728 0.322910
vt 0.047111 0.265371
vt 0.465836 0.134836
vt 0.464181 0.134961
vt 0.464313 0.137183
vt 0.428065 0.969965
vt 0.433324 0.905071
vt 0.722726 0.359078
vt 0.933314 0.533359
vt 0.933314 0.604154
vt 0.932211 0.533775
vt 0.012732 0.179928
vt 0.011901 0.178688
vt 0.000107 0.000899
vt 0.126996 0.215273
vt 0.125967 0.214101
vt 0.211383 0.001757
vt 0.397713 0.397861
vt 0.400356 0.396610
vt 0.226639 0.435408
vt 0.975270 0.276680
vt 0.497369 0.516893
vt 0.497462 0.514890
vt 0.499064 0.514713
vt 0.498700 0.516921
vt 0.497271 0.518133
vt 0.496270 0.516928
vt 0.529257 0.123241
vt 0.529248 0.128096
vt 0.531043 0.129599
vt 0.146814 0.020250
vt 0.407145 0.375505
vt 0.409373 0.380882
vt 0.027955 0.645862
vt 0.031415 0.645361
vt 0.289559 0.019270
vt 0.288490 0.020618
vt 0.028525 0.643792
vt 0.024948 0.644691
vt 0.143326 0.899018
vt 0.408325 0.077244
vt 0.408325 0.104165
vt 0.405970 0.103973
vt 0.140851 0.898581
vt 0.151819 0.860280
vt 0.563517 0.460774
vt 0.587830 0.510381
vt 0.590497 0.511702
vt 0.587965 0.513356
vt 0.592568 0.510430
vt 0.564251 0.463464
vt 0.479457 0.126011
vt 0.177640 0.084909
vt 0.174851 0.086760
vt 0.180387 0.083363
vt 0.087235 0.320563
vt 0.111198 0.356113
vt 0.091239 0.338999
vt 0.085334 0.325594
vt 0.522051 0.411179
vt 0.533446 0.395251
vt 0.633752 0.688811
vt 0.633554 0.685454
vt 0.630913 0.689249
vt 0.216261 0.011207
vt 0.218354 0.013392
vt 0.216509 0.012285
vt 0.148209 0.014662
vt 0.553236 0.238799
vt 0.552281 0.237811
vt 0.076384 0.210242
vt 0.513003 0.715234
vt 0.513089 0.713148
vt 0.411559 0.449376
vt 0.617521 0.687094
vt 0.617855 0.690779
vt 0.613213 0.689586
vt 0.346310 0.175500
vt 0.374992 0.221870
vt 0.243570 0.221870
vt 0.881232 0.242992
vt 0.881232 0.333326
vt 0.851089 0.245454
vt 0.908315 0.596093
vt 0.908315 0.681236
vt 0.859939 0.596609
vt 0.814432 0.578592
vt 0.847899 0.566687
vt 0.847899 0.662486
vt 0.279375 0.007774
vt 0.278381 0.007141
vt 0.277503 0.007152
vt 0.977752 0.644544
vt 0.971099 0.661287
vt 0.970410 0.657911
vt 0.945182 0.599520
vt 0.979147 0.599520
vt 0.778899 0.652108
vt 0.727068 0.915441
vt 0.558616 0.977564
vt 0.237206 0.417689
vt 0.236094 0.416969
vt 0.466562 0.146539
vt 0.693584 0.463628
vt 0.683140 0.507469
vt 0.788424 0.267444
vt 0.889580 0.091429
vt 0.437267 0.242298
vt 0.451696 0.243732
vt 0.437393 0.243745
vt 0.438139 0.217417
vt 0.452074 0.242688
vt 0.788644 0.666119
vt 0.316620 0.997512
vt 0.315904 0.996514
vt 0.128280 0.479947
vt 0.130400 0.479253
vt 0.139580 0.031200
vt 0.234943 0.413914
vt 0.603519 0.276091
vt 0.560171 0.653941
vt 0.559799 0.653630
vt 0.303179 0.171060
vt 0.164557 0.660836
vt 0.169201 0.662651
vt 0.164852 0.662733
vt 0.232861 0.284271
vt 0.233083 0.285649
vt 0.810911 0.782171
vt 0.621128 0.690072
vt 0.620708 0.682384
vt 0.199576 0.025577
vt 0.939327 0.088977
vt 0.789113 0.267738
vt 0.668922 0.527288
vt 0.071431 0.213571
vt 0.361753 0.167441
vt 0.360714 0.167455
vt 0.358407 0.031861
vt 0.362564 0.167446
vt 0.363437 0.168060
vt 0.530387 0.133606
vt 0.531019 0.133537
vt 0.325836 0.377677
vt 0.326439 0.378136
vt 0.279350 0.010824
vt 0.147597 0.014391
vt 0.104655 0.207176
vt 0.478590 0.499142
vt 0.481845 0.497857
vt 0.581897 0.782883
vt 0.584490 0.798079
vt 0.592292 0.806803
vt 0.590922 0.520005
vt 0.592476 0.519602
vt 0.410322 0.404889
vt 0.457226 0.131389
vt 0.459045 0.129597
vt 0.458896 0.131992
vt 0.100639 0.195260
vt 0.101507 0.196311
vt 0.103582 0.195120
vt 0.104479 0.196314
vt 0.457503 0.133185
vt 0.294272 0.991801
vt 0.598933 0.718382
vt 0.641614 0.297950
vt 0.644444 0.294123
vt 0.654807 0.315625
vt 0.002544 0.520816
vt 0.627686 0.277743
vt 0.650272 0.321868
vt 0.226446 0.291851
vt 0.186587 0.651202
vt 0.025543 0.652375
vt 0.026506 0.653999
vt 0.035142 0.438467
vt 0.082456 0.208353
vt 0.081958 0.206773
vt 0.500990 0.514559
vt 0.539623 0.434692
vt 0.412718 0.417378
vt 0.409982 0.415682
vt 0.411362 0.415115
vt 0.414036 0.416800
vt 0.404158 0.345826
vt 0.392597 0.114306
vt 0.393742 0.068031
vt 0.393742 0.114581
vt 0.404158 0.307240
vt 0.762484 0.188556
vt 0.755192 0.218692
vt 0.885399 0.152686
vt 0.871537 0.183330
vt 0.871537 0.103160
vt 0.521425 0.096425
vt 0.523358 0.101066
vt 0.460818 0.129608
vt 0.460882 0.127803
vt 0.462429 0.127227
vt 0.462765 0.129032
vt 0.349158 0.510839
vt 0.354950 0.513361
vt 0.043425 0.669990
vt 0.046090 0.669505
vt 0.249294 0.624963
vt 0.096683 0.422929
vt 0.086718 0.443951
vt 0.327180 0.957629
vt 0.323556 0.955535
vt 0.593456 0.823886
vt 0.051437 0.379930
vt 0.052082 0.380079
vt 0.051437 0.429158
vt 0.356243 0.232014
vt 0.356243 0.281244
vt 0.355952 0.231873
vt 0.429013 0.205906
vt 0.233579 0.433741
vt 0.402972 0.388596
vt 0.405081 0.389170
vt 0.401309 0.392414
vt 0.401458 0.387290
vt 0.400080 0.390278
vt 0.718628 0.206041
vt 0.718683 0.205118
vt 0.719495 0.262535
vt 0.565834 0.851218
vt 0.573193 0.826478
vt 0.401418 0.625246
vt 0.723210 0.900147
vt 0.694326 0.897160
vt 0.723336 0.898291
vt 0.242626 0.704613
vt 0.585724 0.615282
vt 0.580778 0.605574
vt 0.596776 0.588096
vt 0.585015 0.616866
vt 0.544740 0.597782
vt 0.918024 0.842548
vt 0.920360 0.797304
vt 0.918821 0.797139
vt 0.179730 0.661535
vt 0.179488 0.662863
vt 0.240138 0.425750
vt 0.149020 0.010007
vt 0.147698 0.009777
vt 0.428911 0.392459
vt 0.326667 0.983226
vt 0.328831 0.978410
vt 0.079252 0.210265
vt 0.292967 0.010590
vt 0.296597 0.010437
vt 0.293077 0.008803
vt 0.335365 0.383341
vt 0.337493 0.382606
vt 0.337493 0.429158
vt 0.352621 0.979147
vt 0.369322 0.917014
vt 0.389575 0.979147
vt 0.914937 0.024028
vt 0.960397 0.006589
vt 0.960397 0.074998
vt 0.589250 0.537633
vt 0.585966 0.538590
vt 0.593236 0.535912
vt 0.587642 0.539609
vt 0.468875 0.146500
vt 0.467991 0.147407
vt 0.526128 0.127641
vt 0.528991 0.129749
vt 0.527550 0.127470
vt 0.299002 0.178459
vt 0.212496 0.551329
vt 0.212496 0.654153
vt 0.169261 0.599804
vt 0.482610 0.147277
vt 0.543412 0.142823
vt 0.543912 0.153326
vt 0.522772 0.202338
vt 0.035832 0.659039
vt 0.034066 0.656913
vt 0.036742 0.657125
vt 0.037482 0.660783
vt 0.248541 0.576190
vt 0.745334 0.662947
vt 0.776946 0.652428
vt 0.338764 0.512051
vt 0.476850 0.139647
vt 0.478542 0.137962
vt 0.363292 0.304704
vt 0.381531 0.835307
vt 0.382545 0.904435
vt 0.381531 0.905071
vt 0.219363 0.308469
vt 0.388135 0.851779
vt 0.291750 0.962150
vt 0.290573 0.967147
vt 0.084319 0.568657
vt 0.675930 0.081355
vt 0.675913 0.083029
vt 0.066906 0.199838
vt 0.065078 0.200208
vt 0.068737 0.198983
vt 0.096994 0.041031
vt 0.753684 0.220496
vt 0.137912 0.485268
vt 0.472498 0.125532
vt 0.472377 0.127323
vt 0.470684 0.129613
vt 0.706356 0.971569
vt 0.722612 0.961674
vt 0.727068 0.992950
vt 0.688776 0.995813
vt 0.705223 0.970444
vt 0.553569 0.451300
vt 0.290953 0.978938
vt 0.292340 0.970202
vt 0.290133 0.973118
vt 0.534576 0.889565
vt 0.534576 0.811099
vt 0.535406 0.811099
vt 0.197913 0.335410
vt 0.197345 0.334775
vt 0.197913 0.285831
vt 0.920561 0.794878
vt 0.943662 0.792863
vt 0.920102 0.795831
vt 0.221795 0.828692
vt 0.281991 0.764786
vt 0.295062 0.780704
vt 0.295827 0.779026
vt 0.057276 0.844438
vt 0.047998 0.862437
vt 0.047545 0.861786
vt 0.152080 0.270251
vt 0.150931 0.270828
vt 0.150931 0.245000
vt 0.104461 0.197380
vt 0.108167 0.198550
vt 0.105289 0.198668
vt 0.108207 0.197475
vt 0.101535 0.197360
vt 0.126048 0.499990
vt 0.480428 0.495652
vt 0.279888 0.005576
vt 0.297783 0.585559
vt 0.623608 0.678521
vt 0.787921 0.223416
vt 0.761381 0.245828
vt 0.546955 0.919342
vt 0.561185 0.914368
vt 0.555186 0.952064
vt 0.771655 0.216426
vt 0.800303 0.211411
vt 0.307687 0.178631
vt 0.306420 0.178272
vt 0.307019 0.177548
vt 0.064979 0.195197
vt 0.000048 0.089261
vt 0.307970 0.177901
vt 0.301069 0.868732
vt 0.301069 0.793328
vt 0.302077 0.868127
vt 0.135543 0.589415
vt 0.603857 0.526139
vt 0.602217 0.523333
vt 0.601126 0.526106
vt 0.152181 0.018760
vt 0.267285 0.968438
vt 0.258595 0.159422
vt 0.554241 0.766773
vt 0.553260 0.767859
vt 0.258466 0.157903
vt 0.163337 0.085104
vt 0.159822 0.087671
vt 0.166319 0.086199
vt 0.164454 0.082003
vt 0.563237 0.440882
vt 0.564408 0.442982
vt 0.564949 0.439739
vt 0.562823 0.438866
vt 0.191197 0.666121
vt 0.285959 0.022921
vt 0.936657 0.192637
vt 0.166851 0.973056
vt 0.165198 0.939892
vt 0.726701 0.261625
vt 0.747537 0.689258
vt 0.409952 0.414661
vt 0.408040 0.413736
vt 0.221109 0.014799
vt 0.597836 0.879149
vt 0.550135 0.449286
vt 0.023892 0.009577
vt 0.042460 0.061954
vt 0.043726 0.047475
vt 0.043749 0.062499
vt 0.023894 0.007047
vt 0.034825 0.013352
vt 0.035416 0.024612
vt 0.034825 0.024999
vt 0.024920 0.046347
vt 0.024999 0.046731
vt 0.024920 0.060415
vt 0.815668 0.270654
vt 0.176063 0.652119
vt 0.032330 0.643408
vt 0.035843 0.645216
vt 0.289577 0.016887
vt 0.469112 0.132582
vt 0.470560 0.132021
vt 0.182669 0.081323
vt 0.180812 0.078587
vt 0.940884 0.855678
vt 0.943989 0.867574
vt 0.213381 0.007716
vt 0.214520 0.007238
vt 0.211054 0.008097
vt 0.212931 0.009047
vt 0.746271 0.945903
vt 0.235816 0.081631
vt 0.215747 0.095136
vt 0.143747 0.147965
vt 0.131188 0.154164
vt 0.140523 0.148621
vt 0.526457 0.289731
vt 0.090724 0.447907
vt 0.264578 0.204162
vt 0.257420 0.203329
vt 0.264578 0.174809
vt 0.493728 0.518641
vt 0.922705 0.858316
vt 0.930476 0.531845
vt 0.132813 0.488658
vt 0.133287 0.489720
vt 0.132050 0.488876
vt 0.154163 0.018229
vt 0.153142 0.015444
vt 0.418211 0.389248
vt 0.704107 0.867554
vt 0.732736 0.199369
vt 0.916648 0.460407
vt 0.722615 0.870815
vt 0.621221 0.499487
vt 0.621122 0.498146
vt 0.936886 0.880575
vt 0.467830 0.411924
vt 0.524989 0.374204
vt 0.541046 0.292702
vt 0.530928 0.264574
vt 0.225647 0.010174
vt 0.225411 0.011041
vt 0.224644 0.009888
vt 0.422360 0.400573
vt 0.527228 0.202888
vt 0.583278 0.159429
vt 0.537626 0.216599
vt 0.568090 0.155385
vt 0.395221 0.343806
vt 0.396600 0.391659
vt 0.395221 0.391376
vt 0.540614 0.700073
vt 0.514529 0.712864
vt 0.397909 0.390698
vt 0.564628 0.985447
vt 0.563845 0.985015
vt 0.564591 0.983409
vt 0.565967 0.982177
vt 0.566660 0.982305
vt 0.568539 0.983144
vt 0.564803 0.985726
vt 0.522957 0.132854
vt 0.521785 0.132983
vt 0.538461 0.455709
vt 0.471881 0.135749
vt 0.470292 0.136305
vt 0.554221 0.463403
vt 0.653137 0.914802
vt 0.000355 0.520823
vt 0.229808 0.434585
vt 0.843575 0.253835
vt 0.858316 0.310978
vt 0.076527 0.198615
vt 0.073421 0.197731
vt 0.126070 0.483994
vt 0.125283 0.487662
vt 0.302426 0.018848
vt 0.151255 0.015159
vt 0.818623 0.851841
vt 0.818733 0.852188
vt 0.818340 0.852269
vt 0.818031 0.851531
vt 0.189058 0.672395
vt 0.186023 0.674057
vt 0.538951 0.452675
vt 0.297781 0.172619
vt 0.298837 0.170935
vt 0.178095 0.100835
vt 0.173294 0.102041
vt 0.117120 0.524023
vt 0.097855 0.541225
vt 0.132212 0.514179
vt 0.650612 0.183729
vt 0.137835 0.517327
vt 0.634701 0.679681
vt 0.636190 0.675430
vt 0.195174 0.022453
vt 0.196965 0.022639
vt 0.426039 0.413429
vt 0.070383 0.204555
vt 0.096762 0.040168
vt 0.754006 0.220091
vt 0.756628 0.271783
vt 0.779704 0.253846
vt 0.389503 0.310006
vt 0.389503 0.286950
vt 0.391659 0.309591
vt 0.391023 0.329160
vt 0.276781 0.015111
vt 0.276130 0.017720
vt 0.275519 0.015277
vt 0.301533 0.991785
vt 0.112588 0.211737
vt 0.480442 0.136353
vt 0.480224 0.138700
vt 0.480440 0.513708
vt 0.479187 0.515912
vt 0.480704 0.510928
vt 0.481144 0.510986
vt 0.069334 0.345936
vt 0.522027 0.408473
vt 0.414185 0.402627
vt 0.192077 0.014076
vt 0.192500 0.012631
vt 0.191128 0.015539
vt 0.527554 0.123426
vt 0.527321 0.117732
vt 0.586679 0.711396
vt 0.915494 0.337493
vt 0.915494 0.261485
vt 0.916648 0.337479
vt 0.299626 0.180453
vt 0.299645 0.179670
vt 0.211959 0.498993
vt 0.230007 0.503010
vt 0.207729 0.813305
vt 0.210474 0.806022
vt 0.224919 0.822020
vt 0.207556 0.815574
vt 0.293079 0.783846
vt 0.278011 0.769937
vt 0.280114 0.767926
vt 0.181620 0.815612
vt 0.185183 0.808405
vt 0.204094 0.805984
vt 0.227079 0.814047
vt 0.194540 0.650305
vt 0.020419 0.659163
vt 0.022155 0.659648
vt 0.284324 0.019378
vt 0.047609 0.567023
vt 0.048191 0.564925
vt 0.716652 0.153553
vt 0.704037 0.107962
vt 0.715781 0.153881
vt 0.815690 0.599094
vt 0.973213 0.951642
vt 0.983313 0.984491
vt 0.498968 0.502574
vt 0.327038 0.994510
vt 0.553958 0.435264
vt 0.552355 0.431093
vt 0.338401 0.283168
vt 0.372909 0.294870
vt 0.565465 0.878352
vt 0.897898 0.149006
vt 0.049343 0.352246
vt 0.049148 0.326113
vt 0.049999 0.352090
vt 0.049148 0.377076
vt 0.474812 0.615094
vt 0.462883 0.137333
vt 0.463233 0.139472
vt 0.165196 0.664806
vt 0.169416 0.664482
vt 0.051173 0.661171
vt 0.051908 0.660337
vt 0.051185 0.658520
vt 0.286192 0.006923
vt 0.285387 0.007212
vt 0.815954 0.734750
vt 0.812718 0.756656
vt 0.814712 0.757915
vt 0.239696 0.022211
vt 0.329160 0.147914
vt 0.295333 0.118555
vt 0.258129 0.080757
vt 0.433324 0.901973
vt 0.324311 0.077436
vt 0.339576 0.022216
vt 0.339576 0.147914
vt 0.255575 0.077828
vt 0.319780 0.098327
vt 0.198507 0.021774
vt 0.489671 0.504257
vt 0.590875 0.807950
vt 0.591164 0.807491
vt 0.407545 0.393007
vt 0.410061 0.390534
vt 0.411594 0.391654
vt 0.833316 0.634220
vt 0.818198 0.622726
vt 0.643737 0.581238
vt 0.619549 0.580528
vt 0.848027 0.970041
vt 0.347910 0.156247
vt 0.346227 0.123969
vt 0.347910 0.123615
vt 0.824241 0.991646
vt 0.198028 0.664228
vt 0.199996 0.665588
vt 0.198769 0.667122
vt 0.333981 0.511639
vt 0.199484 0.661098
vt 0.467297 0.224159
vt 0.466378 0.254663
vt 0.294516 0.879149
vt 0.070190 0.092864
vt 0.070832 0.113882
vt 0.070190 0.114581
vt 0.983313 0.108331
vt 0.089581 0.119213
vt 0.088915 0.143747
vt 0.088915 0.118380
vt 0.165967 0.081486
vt 0.167384 0.080555
vt 0.167119 0.083397
vt 0.165452 0.080394
vt 0.325748 0.381021
vt 0.327474 0.382600
vt 0.677069 0.679153
vt 0.644236 0.631461
vt 0.829150 0.349490
vt 0.776867 0.972897
vt 0.810206 0.921231
vt 0.837483 0.972897
vt 0.872445 0.438142
vt 0.893965 0.430815
vt 0.918731 0.470824
vt 0.011773 0.862482
vt 0.011773 0.816313
vt 0.918731 0.386190
vt 0.783064 0.905291
vt 0.030658 0.657294
vt 0.613916 0.668237
vt 0.614268 0.670528
vt 0.796000 0.176283
vt 0.800888 0.210022
vt 0.797257 0.176200
vt 0.903694 0.726376
vt 0.914068 0.766365
vt 0.892759 0.751473
vt 0.892088 0.751207
vt 0.501084 0.511464
vt 0.498769 0.512015
vt 0.504156 0.511452
vt 0.836203 0.814826
vt 0.821321 0.802431
vt 0.538266 0.434345
vt 0.007437 0.008333
vt 0.419595 0.415291
vt 0.927064 0.778191
vt 0.925415 0.779151
vt 0.924285 0.706793
vt 0.436282 0.837495
vt 0.393081 0.750414
vt 0.437491 0.836723
vt 0.362493 0.085415
vt 0.360874 0.038416
vt 0.361956 0.038390
vt 0.564270 0.987480
vt 0.563362 0.985859
vt 0.393081 0.847899
vt 0.523224 0.106695
vt 0.525160 0.112235
vt 0.444252 0.649684
vt 0.189675 0.495248
vt 0.207123 0.437081
vt 0.274109 0.005420
vt 0.000445 0.291661
vt 0.001904 0.172395
vt 0.002083 0.291661
vt 0.583592 0.871437
vt 0.544207 0.464746
vt 0.544594 0.466301
vt 0.548007 0.466425
vt 0.471960 0.129696
vt 0.032212 0.385409
vt 0.032212 0.268952
vt 0.033333 0.268960
vt 0.006840 0.927064
vt 0.006840 0.852260
vt 0.008333 0.927061
vt 0.464664 0.139226
vt 0.240195 0.156099
vt 0.480024 0.521808
vt 0.292095 0.002267
vt 0.296245 0.002575
vt 0.292416 0.003801
vt 0.478217 0.523642
vt 0.069966 0.197544
vt 0.241579 0.759396
vt 0.250897 0.778771
vt 0.249770 0.778765
vt 0.142783 0.484872
vt 0.142945 0.483906
vt 0.403446 0.392595
vt 0.406335 0.389877
vt 0.524189 0.127096
vt 0.273022 0.842010
vt 0.397473 0.582329
vt 0.400871 0.922898
vt 0.836248 0.312494
vt 0.034925 0.483323
vt 0.035435 0.483303
vt 0.430162 0.854803
vt 0.747936 0.336805
vt 0.763125 0.362935
vt 0.765579 0.360901
vt 0.748276 0.309400
vt 0.181535 0.694649
vt 0.205609 0.685039
vt 0.205465 0.686558
vt 0.289388 0.979135
vt 0.426858 0.398268
vt 0.424136 0.400659
vt 0.735402 0.455199
vt 0.095814 0.039134
vt 0.957306 0.247661
vt 0.283327 0.917383
vt 0.128028 0.492712
vt 0.126429 0.491913
vt 0.129948 0.493217
vt 0.282733 0.006628
vt 0.248040 0.577475
vt 0.355143 0.931231
vt 0.297084 0.949046
vt 0.226314 0.418381
vt 0.223935 0.418516
vt 0.224750 0.416386
vt 0.227249 0.416084
vt 0.228713 0.418135
vt 0.227963 0.419832
vt 0.239202 0.080710
vt 0.236644 0.081700
vt 0.588899 0.809257
vt 0.138663 0.486208
vt 0.136635 0.486181
vt 0.139945 0.485374
vt 0.279158 0.022871
vt 0.228910 0.416237
vt 0.224956 0.413913
vt 0.683316 0.447560
vt 0.694554 0.459614
vt 0.682717 0.447465
vt 0.505519 0.307276
vt 0.505326 0.308256
vt 0.463264 0.303532
vt 0.505451 0.294703
vt 0.170328 0.097545
vt 0.166716 0.065319
vt 0.164133 0.067902
vt 0.168920 0.062988
vt 0.175315 0.640695
vt 0.306455 0.991607
vt 0.203102 0.028582
vt 0.200097 0.030293
vt 0.201429 0.029441
vt 0.255713 0.353420
vt 0.265234 0.309319
vt 0.256351 0.354156
vt 0.197081 0.385409
vt 0.254951 0.353075
vt 0.264283 0.308642
vt 0.869137 0.443114
vt 0.848341 0.458662
vt 0.868899 0.442181
vt 0.592480 0.046231
vt 0.606539 0.072009
vt 0.605641 0.072962
vt 0.593492 0.045594
vt 0.877065 0.489573
vt 0.041666 0.372909
vt 0.040413 0.371961
vt 0.041666 0.255029
vt 0.251429 0.626079
vt 0.312525 0.391696
vt 0.313860 0.390932
vt 0.315176 0.397267
vt 0.315418 0.403706
vt 0.325004 0.960136
vt 0.321114 0.957826
vt 0.266589 0.815975
vt 0.266804 0.815494
vt 0.266497 0.816955
vt 0.368740 0.370826
vt 0.368742 0.321164
vt 0.368742 0.370536
vt 0.346057 0.348606
vt 0.405384 0.393585
vt 0.471441 0.082869
vt 0.624987 0.858633
vt 0.603848 0.855098
vt 0.883570 0.923089
vt 0.899982 0.983313
vt 0.864117 0.983313
vt 0.815715 0.758489
vt 0.815648 0.781705
vt 0.602827 0.877245
vt 0.604555 0.717892
vt 0.603508 0.719220
vt 0.083485 0.440386
vt 0.131188 0.139694
vt 0.304192 0.172255
vt 0.305638 0.170770
vt 0.814551 0.851163
vt 0.814712 0.850194
vt 0.817301 0.852218
vt 0.802226 0.841442
vt 0.586418 0.529896
vt 0.228137 0.408580
vt 0.601052 0.877784
vt 0.045832 0.248490
vt 0.045832 0.366659
vt 0.045086 0.313359
vt 0.437618 0.299134
vt 0.399834 0.305839
vt 0.304509 0.170887
vt 0.832615 0.251569
vt 0.296446 0.004129
vt 0.334913 0.980182
vt 0.337493 0.979308
vt 0.334323 0.985389
vt 0.483332 0.508256
vt 0.206246 0.016693
vt 0.189579 0.033302
vt 0.187920 0.033222
vt 0.694213 0.896236
vt 0.170094 0.047916
vt 0.170094 0.017162
vt 0.170830 0.047449
vt 0.989563 0.546098
vt 0.980632 0.561764
vt 0.028030 0.175201
vt 0.029166 0.175029
vt 0.029166 0.206246
vt 0.159115 0.816868
vt 0.043749 0.193190
vt 0.043749 0.227079
vt 0.042627 0.193482
vt 0.908315 0.849714
vt 0.189579 0.744236
vt 0.134238 0.760973
vt 0.133446 0.760481
vt 0.345826 0.888175
vt 0.001252 0.097007
vt 0.002083 0.097220
vt 0.001252 0.131247
vt 0.189404 0.743557
vt 0.315869 0.420458
vt 0.237327 0.685095
vt 0.185725 0.018747
vt 0.188044 0.019790
vt 0.188993 0.018259
vt 0.720873 0.261467
vt 0.399856 0.626916
vt 0.071216 0.764175
vt 0.097915 0.782838
vt 0.469668 0.689569
vt 0.173773 0.664208
vt 0.173599 0.662724
vt 0.053130 0.114152
vt 0.054166 0.170595
vt 0.053130 0.170830
vt 0.052600 0.480422
vt 0.054166 0.379835
vt 0.054166 0.481240
vt 0.142705 0.678331
vt 0.533980 0.462701
vt 0.586936 0.541788
vt 0.613912 0.511082
vt 0.613467 0.511960
vt 0.634939 0.556562
vt 0.042744 0.451816
vt 0.043749 0.478946
vt 0.042744 0.479157
vt 0.215060 0.005751
vt 0.462213 0.141909
vt 0.877975 0.758011
vt 0.971904 0.269974
vt 0.957988 0.275920
vt 0.604935 0.243328
vt 0.604195 0.237209
vt 0.602348 0.227190
vt 0.738621 0.793085
vt 0.266238 0.818533
vt 0.237751 0.872899
vt 0.481240 0.124373
vt 0.479482 0.123616
vt 0.172366 0.098287
vt 0.329919 0.383059
vt 0.161537 0.937481
vt 0.269124 0.230027
vt 0.263608 0.228032
vt 0.269014 0.227604
vt 0.143717 0.492685
vt 0.142454 0.493324
vt 0.142487 0.489288
vt 0.274775 0.230045
vt 0.274896 0.232238
vt 0.275282 0.007584
vt 0.039482 0.645124
vt 0.040076 0.643884
vt 0.183617 0.311554
vt 0.182050 0.311161
vt 0.591482 0.319305
vt 0.167755 0.972893
vt 0.875556 0.577548
vt 0.917622 0.575524
vt 0.874215 0.579155
vt 0.621105 0.702069
vt 0.621238 0.698049
vt 0.290202 0.984786
vt 0.156247 0.208329
vt 0.130822 0.208329
vt 0.151466 0.191154
vt 0.090245 0.218099
vt 0.152565 0.190772
vt 0.592326 0.512811
vt 0.594797 0.511183
vt 0.592855 0.514014
vt 0.669104 0.526109
vt 0.950946 0.284314
vt 0.948310 0.280080
vt 0.948460 0.279598
vt 0.948795 0.278270
vt 0.076504 0.122914
vt 0.076504 0.102415
vt 0.079165 0.122189
vt 0.951362 0.284221
vt 0.359340 0.168858
vt 0.327072 0.377952
vt 0.279203 0.023551
vt 0.662486 0.220829
vt 0.953920 0.780265
vt 0.925815 0.466009
vt 0.183478 0.821523
vt 0.208366 0.841015
vt 0.721792 0.395543
vt 0.779151 0.389961
vt 0.779151 0.499990
vt 0.226739 0.217704
vt 0.130050 0.167722
vt 0.266661 0.167722
vt 0.659513 0.618930
vt 0.754151 0.630426
vt 0.686525 0.668504
vt 0.791399 0.406480
vt 0.827606 0.446192
vt 0.791399 0.508323
vt 0.914443 0.657482
vt 0.943731 0.616274
vt 0.943731 0.687486
vt 0.319933 0.960649
vt 0.198752 0.022852
vt 0.421639 0.403891
vt 0.174462 0.014536
vt 0.174996 0.014550
vt 0.174462 0.045832
vt 0.847972 0.458261
vt 0.084868 0.195949
vt 0.275261 0.019971
vt 0.274729 0.017985
vt 0.397418 0.054803
vt 0.397365 0.053849
vt 0.445244 0.594227
vt 0.394954 0.132289
vt 0.402021 0.119862
vt 0.626915 0.672897
vt 0.626706 0.674639
vt 0.495871 0.514940
vt 0.493984 0.517259
vt 0.547637 0.379534
vt 0.268325 0.168640
vt 0.279161 0.174359
vt 0.267840 0.200400
vt 0.178124 0.393278
vt 0.267840 0.169361
vt 0.340016 0.732658
vt 0.135828 0.230729
vt 0.399165 0.260411
vt 0.399165 0.232523
vt 0.399992 0.232688
vt 0.874467 0.856412
vt 0.875664 0.849901
vt 0.902873 0.845228
vt 0.812440 0.781719
vt 0.132650 0.031646
vt 0.321575 0.386784
vt 0.322611 0.968088
vt 0.733186 0.716112
vt 0.370258 0.664000
vt 0.752068 0.725148
vt 0.408819 0.411642
vt 0.211391 0.019525
vt 0.213523 0.018510
vt 0.223724 0.409128
vt 0.196669 0.669585
vt 0.199575 0.669431
vt 0.547537 0.448702
vt 0.549876 0.451196
vt 0.039583 0.041189
vt 0.039583 0.062499
vt 0.039076 0.062271
vt 0.922898 0.154136
vt 0.154698 0.518643
vt 0.172986 0.642078
vt 0.049159 0.653297
vt 0.048132 0.652124
vt 0.960397 0.720252
vt 0.345826 0.945814
vt 0.282820 0.940202
vt 0.645801 0.798744
vt 0.620344 0.781270
vt 0.119926 0.248219
vt 0.122914 0.282279
vt 0.121898 0.281847
vt 0.518739 0.087359
vt 0.503307 0.062294
vt 0.518739 0.061847
vt 0.502984 0.087498
vt 0.320283 0.994399
vt 0.322286 0.995818
vt 0.324551 0.993533
vt 0.118748 0.162497
vt 0.093759 0.139158
vt 0.118748 0.111977
vt 0.579668 0.855270
vt 0.584265 0.836016
vt 0.576330 0.876191
vt 0.600879 0.761030
vt 0.604602 0.718775
vt 0.601874 0.760956
vt 0.600030 0.760933
vt 0.201327 0.159187
vt 0.277954 0.637193
vt 0.280103 0.637934
vt 0.263064 0.666554
vt 0.734577 0.603633
vt 0.729614 0.569807
vt 0.730997 0.569371
vt 0.687444 0.591989
vt 0.737088 0.603841
vt 0.232042 0.642637
vt 0.814525 0.853798
vt 0.142119 0.485857
vt 0.140994 0.486655
vt 0.278749 0.231253
vt 0.279161 0.232802
vt 0.143354 0.488452
vt 0.293858 0.169382
vt 0.292683 0.169124
vt 0.479516 0.518544
vt 0.480170 0.519751
vt 0.535406 0.122177
vt 0.535360 0.116708
vt 0.332591 0.395732
vt 0.585792 0.533855
vt 0.539582 0.468847
vt 0.535167 0.465590
vt 0.542329 0.468127
vt 0.544846 0.470824
vt 0.180836 0.025994
vt 0.178216 0.027475
vt 0.469776 0.146492
vt 0.219407 0.014261
vt 0.220546 0.013813
vt 0.222481 0.013565
vt 0.267845 0.970298
vt 0.669983 0.741238
vt 0.670820 0.741546
vt 0.669983 0.816650
vt 0.299744 0.179002
vt 0.634060 0.419305
vt 0.633484 0.419202
vt 0.632645 0.397037
vt 0.635258 0.419065
vt 0.918405 0.795638
vt 0.956435 0.469063
vt 0.919119 0.780027
vt 0.907556 0.784303
vt 0.538541 0.879149
vt 0.070767 0.919223
vt 0.069284 0.918814
vt 0.127911 0.887451
vt 0.071028 0.920090
vt 0.790566 0.830435
vt 0.790654 0.830585
vt 0.187541 0.678477
vt 0.552256 0.454129
vt 0.552153 0.457361
vt 0.091364 0.311816
vt 0.216914 0.013478
vt 0.458774 0.137534
vt 0.139902 0.795042
vt 0.140113 0.783916
vt 0.161712 0.799405
vt 0.155020 0.810941
vt 0.136013 0.807879
vt 0.960124 0.587745
vt 0.958980 0.574748
vt 0.968022 0.592385
vt 0.133331 0.317221
vt 0.133094 0.318157
vt 0.131528 0.285364
vt 0.265623 0.747817
vt 0.255285 0.725359
vt 0.043749 0.445824
vt 0.390705 0.000340
vt 0.412150 0.388300
vt 0.498312 0.089572
vt 0.245977 0.917449
vt 0.301159 0.167747
vt 0.170759 0.061367
vt 0.221368 0.002393
vt 0.620663 0.464851
vt 0.523873 0.202871
vt 0.522938 0.203043
vt 0.486175 0.195703
vt 0.149997 0.070314
vt 0.149997 0.102081
vt 0.148533 0.070831
vt 0.709325 0.549222
vt 0.002083 0.472418
vt 0.001022 0.472907
vt 0.001022 0.440356
vt 0.302681 0.014306
vt 0.005208 0.292793
vt 0.003535 0.293744
vt 0.003535 0.174491
vt 0.744343 0.765609
vt 0.504156 0.054144
vt 0.546208 0.468170
vt 0.833316 0.702069
vt 0.823213 0.680140
vt 0.170932 0.081213
vt 0.166464 0.079504
vt 0.168681 0.082838
vt 0.329016 0.383257
vt 0.390264 0.852685
vt 0.864055 0.881310
vt 0.874982 0.920385
vt 0.660321 0.466496
vt 0.922168 0.246044
vt 0.340528 0.001753
vt 0.370826 0.001626
vt 0.370826 0.033333
vt 0.149997 0.426706
vt 0.148985 0.427075
vt 0.149016 0.399915
vt 0.406812 0.261353
vt 0.433324 0.289577
vt 0.406573 0.289577
vt 0.492613 0.504205
vt 0.118617 0.751757
vt 0.118421 0.750538
vt 0.134298 0.749991
vt 0.118095 0.753454
vt 0.305846 0.009452
vt 0.305834 0.011072
vt 0.131382 0.477424
vt 0.131794 0.477799
vt 0.129767 0.478697
vt 0.133211 0.476742
vt 0.136505 0.032844
vt 0.235541 0.412752
vt 0.622360 0.251765
vt 0.629318 0.227362
vt 0.624791 0.252175
vt 0.417494 0.595829
vt 0.610041 0.104644
vt 0.609498 0.104612
vt 0.860399 0.145215
vt 0.838320 0.136502
vt 0.857367 0.105389
vt 0.853015 0.177080
vt 0.626997 0.677770
vt 0.199754 0.024236
vt 0.612540 0.670445
vt 0.336356 0.987812
vt 0.337003 0.983791
vt 0.613955 0.664529
vt 0.016421 0.010209
vt 0.015681 0.011791
vt 0.015624 0.010408
vt 0.016666 0.011963
vt 0.022916 0.042577
vt 0.022228 0.054166
vt 0.022228 0.042101
vt 0.014368 0.003680
vt 0.073860 0.457448
vt 0.073660 0.458253
vt 0.073121 0.453977
vt 0.012500 0.016666
vt 0.011227 0.002919
vt 0.012500 0.002180
vt 0.487426 0.512997
vt 0.268428 0.969226
vt 0.274883 0.981230
vt 0.954037 0.178903
vt 0.282316 0.012489
vt 0.828231 0.939564
vt 0.029166 0.480543
vt 0.027443 0.481240
vt 0.027443 0.431953
vt 0.393595 0.329160
vt 0.393595 0.280911
vt 0.395825 0.328632
vt 0.252169 0.779058
vt 0.219112 0.775017
vt 0.593114 0.516915
vt 0.214729 0.300792
vt 0.365222 0.304072
vt 0.930347 0.678979
vt 0.931231 0.749563
vt 0.930347 0.749985
vt 0.187082 0.653495
vt 0.985396 0.721969
vt 0.981164 0.743740
vt 0.966172 0.725670
vt 0.114781 0.075608
vt 0.968514 0.593241
vt 0.987519 0.586111
vt 0.141049 0.781920
vt 0.987354 0.585571
vt 0.592652 0.331843
vt 0.599622 0.316052
vt 0.608409 0.350644
vt 0.678735 0.335345
vt 0.918731 0.460407
vt 0.917049 0.428176
vt 0.917366 0.427984
vt 0.813601 0.193630
vt 0.733320 0.568840
vt 0.738899 0.603871
vt 0.732452 0.569060
vt 0.740199 0.603755
vt 0.556579 0.299994
vt 0.556579 0.260099
vt 0.574988 0.289692
vt 0.760276 0.568253
vt 0.106384 0.195573
vt 0.108262 0.196476
vt 0.457132 0.135581
vt 0.458746 0.134385
vt 0.457019 0.137941
vt 0.192195 0.009625
vt 0.609755 0.509792
vt 0.607597 0.509145
vt 0.610135 0.507451
vt 0.563460 0.436624
vt 0.562521 0.435441
vt 0.180294 0.674282
vt 0.049896 0.665839
vt 0.047846 0.666889
vt 0.630145 0.276811
vt 0.646018 0.292542
vt 0.655575 0.310093
vt 0.009147 0.517232
vt 0.933224 0.732170
vt 0.958314 0.705182
vt 0.951916 0.747901
vt 0.933224 0.681516
vt 0.336610 0.504031
vt 0.236108 0.430448
vt 0.853732 0.043853
vt 0.474252 0.607836
vt 0.293744 0.167367
vt 0.229464 0.289697
vt 0.233301 0.287426
vt 0.229810 0.287490
vt 0.956067 0.171366
vt 0.963581 0.172526
vt 0.959918 0.174012
vt 0.196393 0.922283
vt 0.961942 0.168870
vt 0.929399 0.175560
vt 0.316066 0.955357
vt 0.221943 0.010637
vt 0.221760 0.011715
vt 0.221959 0.012475
vt 0.421843 0.411552
vt 0.424393 0.412556
vt 0.595951 0.781925
vt 0.274689 0.015388
vt 0.791891 0.833703
vt 0.144325 0.479541
vt 0.144790 0.481465
vt 0.143321 0.476795
vt 0.145830 0.475890
vt 0.274827 0.236654
vt 0.312819 0.980007
vt 0.103892 0.208510
vt 0.107883 0.208522
vt 0.495977 0.518407
vt 0.463581 0.304058
vt 0.314228 0.311195
vt 0.315186 0.311225
vt 0.314228 0.339576
vt 0.127139 0.722245
vt 0.286909 0.680179
vt 0.236297 0.424985
vt 0.236306 0.424049
vt 0.232962 0.425950
vt 0.236937 0.426528
vt 0.317093 0.403498
vt 0.317117 0.409456
vt 0.317047 0.397270
vt 0.401957 0.051646
vt 0.480895 0.032829
vt 0.470184 0.075665
vt 0.407850 0.071116
vt 0.131887 0.459366
vt 0.271421 0.202079
vt 0.648954 0.294550
vt 0.730661 0.298056
vt 0.742141 0.173573
vt 0.745084 0.177874
vt 0.179720 0.279045
vt 0.605032 0.718336
vt 0.651028 0.713141
vt 0.630710 0.713785
vt 0.131887 0.222666
vt 0.135318 0.324586
vt 0.683292 0.943371
vt 0.464576 0.133400
vt 0.049844 0.185460
vt 0.051240 0.651202
vt 0.139824 0.607004
vt 0.449991 0.786666
vt 0.448587 0.787484
vt 0.448587 0.686076
vt 0.847073 0.246158
vt 0.541205 0.427216
vt 0.540089 0.428983
vt 0.375765 0.804402
vt 0.520015 0.124743
vt 0.060415 0.927064
vt 0.956115 0.316660
vt 0.958330 0.292193
vt 0.959497 0.293351
vt 0.188176 0.049764
vt 0.189579 0.049561
vt 0.189579 0.081248
vt 0.043749 0.191178
vt 0.042613 0.191663
vt 0.042613 0.172907
vt 0.134510 0.180577
vt 0.721920 0.960318
vt 0.234767 0.410291
vt 0.233804 0.411847
vt 0.231933 0.409422
vt 0.477525 0.497129
vt 0.292095 0.018106
vt 0.476530 0.497929
vt 0.180496 0.697117
vt 0.957788 0.326657
vt 0.956740 0.326361
vt 0.960247 0.301252
vt 0.956740 0.362493
vt 0.972524 0.319440
vt 0.972897 0.359318
vt 0.387492 0.828837
vt 0.362489 0.826773
vt 0.192994 0.672158
vt 0.382986 0.585791
vt 0.071748 0.356856
vt 0.077082 0.378658
vt 0.071748 0.383325
vt 0.170284 0.085389
vt 0.172168 0.088034
vt 0.170324 0.088950
vt 0.172748 0.083780
vt 0.168634 0.086527
vt 0.029874 0.654992
vt 0.397712 0.583170
vt 0.272720 0.842789
vt 0.461098 0.397883
vt 0.797652 0.828985
vt 0.211180 0.009286
vt 0.199739 0.107050
vt 0.206815 0.062025
vt 0.020833 0.040204
vt 0.019193 0.041666
vt 0.019193 0.038952
vt 0.014368 0.018750
vt 0.003797 0.124997
vt 0.003797 0.101988
vt 0.008333 0.123390
vt 0.013303 0.106248
vt 0.011782 0.093204
vt 0.014583 0.093204
vt 0.029865 0.001016
vt 0.152114 0.016033
vt 0.129164 0.786982
vt 0.124313 0.831401
vt 0.260344 0.537389
vt 0.260765 0.537163
vt 0.298065 0.556239
vt 0.260109 0.537659
vt 0.302077 0.555558
vt 0.938381 0.431241
vt 0.954373 0.397702
vt 0.956230 0.397473
vt 0.091254 0.089943
vt 0.091665 0.089878
vt 0.090066 0.114581
vt 0.090595 0.090174
vt 0.077831 0.068663
vt 0.091665 0.064083
vt 0.306516 0.176349
vt 0.936597 0.191569
vt 0.953145 0.192448
vt 0.682320 0.447030
vt 0.816650 0.599988
vt 0.816251 0.599091
vt 0.101550 0.198554
vt 0.295690 0.993972
vt 0.475034 0.142547
vt 0.473825 0.142459
vt 0.475159 0.140760
vt 0.633967 0.693384
vt 0.631056 0.692104
vt 0.247793 0.081522
vt 0.069750 0.206138
vt 0.066457 0.207741
vt 0.924285 0.778441
vt 0.299989 0.169143
vt 0.301100 0.166810
vt 0.301104 0.165445
vt 0.201922 0.030495
vt 0.189579 0.021702
vt 0.981988 0.577398
vt 0.979920 0.572325
vt 0.967091 0.585736
vt 0.599001 0.227860
vt 0.601547 0.237211
vt 0.409386 0.073052
vt 0.033955 0.378183
vt 0.036458 0.262657
vt 0.036458 0.379159
vt 0.284160 0.005013
vt 0.004167 0.015072
vt 0.004167 0.089581
vt 0.003044 0.089270
vt 0.024836 0.281867
vt 0.026041 0.281880
vt 0.024836 0.397909
vt 0.285715 0.005306
vt 0.474234 0.531862
vt 0.602071 0.162959
vt 0.601385 0.162537
vt 0.808057 0.403715
vt 0.512480 0.059349
vt 0.524148 0.056357
vt 0.387292 0.331152
vt 0.587706 0.838581
vt 0.589736 0.836190
vt 0.586902 0.855867
vt 0.585431 0.839886
vt 0.185209 0.662168
vt 0.287592 0.021605
vt 0.324191 0.987140
vt 0.212578 0.017500
vt 0.439909 0.284455
vt 0.833634 0.251852
vt 0.015955 0.117225
vt 0.293778 0.782669
vt 0.053899 0.028505
vt 0.054166 0.028244
vt 0.054166 0.041666
vt 0.930379 0.170830
vt 0.930379 0.099201
vt 0.931231 0.099830
vt 0.924981 0.354446
vt 0.328418 0.408907
vt 0.794168 0.886658
vt 0.815311 0.854063
vt 0.817454 0.852777
vt 0.195728 0.358139
vt 0.194494 0.358133
vt 0.195829 0.299870
vt 0.254278 0.352464
vt 0.195829 0.358326
vt 0.311801 0.848835
vt 0.004691 0.476858
vt 0.020822 0.477627
vt 0.004479 0.477852
vt 0.020812 0.476864
vt 0.599872 0.264066
vt 0.505264 0.309044
vt 0.604750 0.507154
vt 0.604899 0.509571
vt 0.600183 0.508503
vt 0.271290 0.013791
vt 0.471307 0.080043
vt 0.069583 0.183330
vt 0.081719 0.144441
vt 0.093748 0.183330
vt 0.550557 0.622531
vt 0.584763 0.620580
vt 0.403727 0.063973
vt 0.404158 0.064296
vt 0.403727 0.170830
vt 0.833476 0.314774
vt 0.870816 0.378988
vt 0.833476 0.410408
vt 0.121205 0.074947
vt 0.318296 0.379362
vt 0.417759 0.163833
vt 0.418741 0.164059
vt 0.417759 0.191663
vt 0.314771 0.801586
vt 0.342522 0.795228
vt 0.004131 0.503106
vt 0.020833 0.503243
vt 0.020654 0.504156
vt 0.004344 0.504156
vt 0.316218 0.999654
vt 0.604247 0.681465
vt 0.304613 0.012793
vt 0.305647 0.012863
vt 0.289558 0.014618
vt 0.019688 0.862935
vt 0.048529 0.864383
vt 0.019494 0.864707
vt 0.598822 0.878535
vt 0.019698 0.861466
vt 0.227251 0.286614
vt 0.220758 0.778130
vt 0.222373 0.006866
vt 0.223897 0.009374
vt 0.223118 0.008640
vt 0.428850 0.415330
vt 0.222454 0.007948
vt 0.591729 0.517313
vt 0.592959 0.515213
vt 0.408432 0.390244
vt 0.334887 0.504093
vt 0.128067 0.218118
vt 0.129445 0.219294
vt 0.128233 0.223160
vt 0.127170 0.221241
vt 0.125118 0.213412
vt 0.129994 0.221282
vt 0.034549 0.104165
vt 0.034549 0.064585
vt 0.052082 0.092098
vt 0.147755 0.058332
vt 0.146153 0.025102
vt 0.166663 0.025102
vt 0.918731 0.396816
vt 0.539516 0.430835
vt 0.181284 0.031601
vt 0.181338 0.029718
vt 0.182499 0.030787
vt 0.467043 0.147834
vt 0.467148 0.148776
vt 0.465778 0.148507
vt 0.179644 0.030372
vt 0.730058 0.754151
vt 0.607768 0.510528
vt 0.600519 0.510027
vt 0.050265 0.667412
vt 0.047832 0.668056
vt 0.498559 0.054520
vt 0.469997 0.134546
vt 0.235412 0.939564
vt 0.227999 0.932538
vt 0.235412 0.869183
vt 0.000452 0.889565
vt 0.920814 0.018056
vt 0.105082 0.498067
vt 0.096397 0.539058
vt 0.071558 0.545563
vt 0.656236 0.252727
vt 0.256078 0.107882
vt 0.166889 0.418571
vt 0.189579 0.392263
vt 0.189579 0.427075
vt 0.981213 0.284250
vt 0.755826 0.728669
vt 0.185413 0.505359
vt 0.275704 0.021465
vt 0.288614 0.023179
vt 0.534014 0.448934
vt 0.534544 0.445538
vt 0.536252 0.445520
vt 0.474071 0.125038
vt 0.735402 0.336860
vt 0.215460 0.010006
vt 0.428860 0.395833
vt 0.019987 0.116664
vt 0.019987 0.091321
vt 0.020833 0.116472
vt 0.929148 0.430523
vt 0.928408 0.431241
vt 0.928408 0.359443
vt 0.071842 0.548571
vt 0.063971 0.209533
vt 0.960397 0.458324
vt 0.942867 0.426678
vt 0.960397 0.394163
vt 0.088560 0.242921
vt 0.089581 0.242980
vt 0.088560 0.264578
vt 0.088720 0.221769
vt 0.083159 0.851428
vt 0.279632 0.018270
vt 0.746627 0.177636
vt 0.758318 0.379159
vt 0.676247 0.802200
vt 0.693759 0.807634
vt 0.368511 0.394032
vt 0.162265 0.104012
vt 0.829150 0.447844
vt 0.369337 0.392892
vt 0.524261 0.205011
vt 0.933314 0.304160
vt 0.545264 0.153879
vt 0.960944 0.281639
vt 0.958100 0.289214
vt 0.283616 0.012360
vt 0.315369 0.391975
vt 0.606056 0.520189
vt 0.297656 0.491657
vt 0.589734 0.855560
vt 0.202339 0.159114
vt 0.199927 0.110409
vt 0.200934 0.111277
vt 0.814224 0.782341
vt 0.279149 0.234124
vt 0.333326 0.402348
vt 0.210354 0.016217
vt 0.210885 0.018101
vt 0.223278 0.413556
vt 0.398461 0.004624
vt 0.196729 0.024043
vt 0.945075 0.868169
vt 0.029129 0.670323
vt 0.000380 0.625879
vt 0.467967 0.222774
vt 0.469500 0.222163
vt 0.229692 0.286018
vt 0.795564 0.789278
vt 0.590368 0.513962
vt 0.591440 0.514382
vt 0.332719 0.389314
vt 0.330355 0.385702
vt 0.331848 0.384978
vt 0.281609 0.638424
vt 0.264351 0.667708
vt 0.469668 0.596478
vt 0.497697 0.606304
vt 0.590247 0.593602
vt 0.312907 0.964194
vt 0.807760 0.165294
vt 0.833316 0.151005
vt 0.292120 0.989236
vt 0.292157 0.985532
vt 0.276598 0.007155
vt 0.276864 0.006421
vt 0.534087 0.465255
vt 0.805922 0.602389
vt 0.794841 0.624503
vt 0.794087 0.623658
vt 0.507216 0.934464
vt 0.483969 0.952064
vt 0.597881 0.581238
vt 0.352093 0.462479
vt 0.971945 0.270376
vt 0.403652 0.552715
vt 0.335892 0.512262
vt 0.168605 0.101506
vt 0.167581 0.100725
vt 0.353212 0.527072
vt 0.754654 0.219331
vt 0.145025 0.473884
vt 0.484099 0.510743
vt 0.580111 0.414494
vt 0.591655 0.436449
vt 0.987383 0.545179
vt 0.683292 0.875707
vt 0.370177 0.665091
vt 0.023875 0.659762
vt 0.114956 0.075028
vt 0.114098 0.073568
vt 0.023741 0.000825
vt 0.024538 0.000857
vt 0.141488 0.921555
vt 0.233329 0.972171
vt 0.006250 0.368297
vt 0.457580 0.861631
vt 0.458324 0.861337
vt 0.456004 0.899981
vt 0.456004 0.823413
vt 0.766651 0.847299
vt 0.752730 0.802792
vt 0.763946 0.830518
vt 0.562488 0.912540
vt 0.562457 0.914157
vt 0.051536 0.044212
vt 0.958122 0.667741
vt 0.968730 0.692484
vt 0.958122 0.696555
vt 0.025503 0.088351
vt 0.029166 0.122329
vt 0.025503 0.122914
vt 0.542786 0.617190
vt 0.127519 0.352438
vt 0.145913 0.340890
vt 0.894561 0.002585
vt 0.895777 0.001303
vt 0.499186 0.377405
vt 0.438299 0.397720
vt 0.000452 0.811976
vt 0.847410 0.488591
vt 0.288561 0.021762
vt 0.197757 0.025198
vt 0.197949 0.024010
vt 0.165290 0.973204
vt 0.148900 0.945567
vt 0.164908 0.939748
vt 0.149123 0.974871
vt 0.411289 0.099142
vt 0.268845 0.769218
vt 0.275469 0.791650
vt 0.552321 0.450978
vt 0.520476 0.129008
vt 0.089892 0.157819
vt 0.926746 0.542734
vt 0.354159 0.531203
vt 0.301163 0.000803
vt 0.858316 0.216041
vt 0.001154 0.949980
vt 0.004167 0.000583
vt 0.004096 0.002083
vt 0.003559 0.000583
vt 0.259624 0.157783
vt 0.259885 0.157687
vt 0.136536 0.229461
vt 0.199714 0.267881
vt 0.259011 0.158231
vt 0.168306 0.089520
vt 0.663614 0.642304
vt 0.511927 0.056831
vt 0.417401 0.661644
vt 0.010406 0.883486
vt 0.191899 0.052933
vt 0.363835 0.394639
vt 0.340585 0.411678
vt 0.227689 0.909951
vt 0.219450 0.927039
vt 0.222342 0.012148
vt 0.300145 0.178475
vt 0.042869 0.370826
vt 0.042869 0.252882
vt 0.044791 0.253858
vt 0.131247 0.864565
vt 0.130433 0.864249
vt 0.131247 0.788840
vt 0.802412 0.841054
vt 0.815913 0.849638
vt 0.222806 0.424246
vt 0.515563 0.364576
vt 0.515563 0.259439
vt 0.516656 0.363308
vt 0.007205 0.315092
vt 0.008333 0.314865
vt 0.008333 0.420825
vt 0.564214 0.982873
vt 0.233086 0.218746
vt 0.315184 0.380656
vt 0.182838 0.065396
vt 0.410106 0.424756
vt 0.304008 0.870815
vt 0.132702 0.318553
vt 0.237664 0.427776
vt 0.423703 0.410005
vt 0.129164 0.877065
vt 0.253568 0.481240
vt 0.542296 0.911679
vt 0.538353 0.901271
vt 0.221737 0.009395
vt 0.921700 0.297457
vt 0.921700 0.347118
vt 0.186240 0.032794
vt 0.184529 0.032135
vt 0.180785 0.028545
vt 0.180809 0.027385
vt 0.570216 0.726844
vt 0.220185 0.278869
vt 0.000026 0.169212
vt 0.590030 0.819443
vt 0.048603 0.656766
vt 0.250159 0.578677
vt 0.300585 0.004028
vt 0.300433 0.002944
vt 0.413057 0.394563
vt 0.189049 0.035416
vt 0.186939 0.034403
vt 0.189554 0.034713
vt 0.377076 0.244628
vt 0.197069 0.649210
vt 0.118602 0.075375
vt 0.000107 0.482282
vt 0.910128 0.662401
vt 0.929148 0.686059
vt 0.910128 0.741651
vt 0.002710 0.424130
vt 0.004167 0.319082
vt 0.004167 0.424991
vt 0.935457 0.602071
vt 0.935457 0.537676
vt 0.970813 0.547758
vt 0.911747 0.983313
vt 0.911747 0.915253
vt 0.958314 0.933268
vt 0.144665 0.632372
vt 0.186454 0.715840
vt 0.144665 0.747901
vt 0.646534 0.768734
vt 0.462700 0.124836
vt 0.464252 0.124355
vt 0.177189 0.662776
vt 0.444381 0.788753
vt 0.445824 0.688563
vt 0.445824 0.789567
vt 0.049870 0.189655
vt 0.050079 0.653067
vt 0.523429 0.293868
vt 0.432552 0.654874
vt 0.568738 0.995813
vt 0.814913 0.781883
vt 0.591236 0.515400
vt 0.980961 0.272799
vt 0.980754 0.281501
vt 0.754131 0.797683
vt 0.143162 0.496681
vt 0.476458 0.145648
vt 0.183209 0.018517
vt 0.001678 0.793347
vt 0.253145 0.081255
vt 0.050209 0.193361
vt 0.512296 0.712038
vt 0.506725 0.292090
vt 0.000620 0.590564
vt 0.126039 0.590564
vt 0.056517 0.639570
vt 0.314382 0.422666
vt 0.105284 0.202317
vt 0.129164 0.477074
vt 0.097743 0.477074
vt 0.098997 0.431800
vt 0.246943 0.880696
vt 0.248041 0.881387
vt 0.283328 0.908252
vt 0.111925 0.761873
vt 0.096120 0.819156
vt 0.295827 0.725090
vt 0.050652 0.041666
vt 0.050652 0.026983
vt 0.052082 0.027320
vt 0.189579 0.271588
vt 0.189579 0.289577
vt 0.188284 0.272188
vt 0.085415 0.337249
vt 0.083445 0.337493
vt 0.083445 0.319034
vt 0.215134 0.307880
vt 0.303787 0.004965
vt 0.193203 0.644569
vt 0.339861 0.499678
vt 0.747014 0.689044
vt 0.830522 0.172080
vt 0.616654 0.052423
vt 0.604566 0.026448
vt 0.837685 0.136366
vt 0.293372 0.992444
vt 0.182114 0.085500
vt 0.096895 0.564830
vt 0.583504 0.512489
vt 0.608133 0.072049
vt 0.465362 0.443558
vt 0.468105 0.470152
vt 0.455801 0.470824
vt 0.622690 0.050974
vt 0.476407 0.144485
vt 0.300807 0.837483
vt 0.688776 0.943413
vt 0.766504 0.609655
vt 0.787484 0.635368
vt 0.130248 0.887803
vt 0.085398 0.924981
vt 0.222806 0.416339
vt 0.981230 0.282765
vt 0.957804 0.290911
vt 0.811547 0.827408
vt 0.603033 0.781902
vt 0.593574 0.799706
vt 0.820696 0.824298
vt 0.531606 0.133782
vt 0.295393 0.020833
vt 0.299407 0.019930
vt 0.563362 0.926646
vt 0.591655 0.953984
vt 0.452074 0.175966
vt 0.445088 0.179163
vt 0.445088 0.151464
vt 0.820996 0.814291
vt 0.017412 0.254161
vt 0.044844 0.235850
vt 0.045832 0.237418
vt 0.017412 0.197679
vt 0.401722 0.384735
vt 0.964863 0.580190
vt 0.060415 0.849106
vt 0.060025 0.846346
vt 0.331243 0.019762
vt 0.331243 0.045832
vt 0.329790 0.045775
vt 0.319761 0.949296
vt 0.184888 0.033983
vt 0.311051 0.561967
vt 0.530988 0.262721
vt 0.529665 0.262425
vt 0.187173 0.272800
vt 0.152317 0.101314
vt 0.156247 0.067846
vt 0.156247 0.102081
vt 0.770429 0.639570
vt 0.765453 0.609512
vt 0.318743 0.312070
vt 0.551565 0.432448
vt 0.128138 0.166663
vt 0.080387 0.566550
vt 0.475177 0.498527
vt 0.037499 0.218745
vt 0.035029 0.217898
vt 0.037499 0.188132
vt 0.536669 0.444771
vt 0.537618 0.445065
vt 0.945993 0.910141
vt 0.072752 0.453582
vt 0.072283 0.462267
vt 0.068743 0.448024
vt 0.079165 0.439483
vt 0.468740 0.470824
vt 0.271713 0.009103
vt 0.271290 0.007878
vt 0.049256 0.669102
vt 0.564433 0.781618
vt 0.772948 0.828206
vt 0.662486 0.436198
vt 0.199136 0.650487
vt 0.977063 0.146327
vt 0.977063 0.197913
vt 0.198327 0.913570
vt 0.029166 0.052753
vt 0.027908 0.066665
vt 0.027908 0.052549
vt 0.075523 0.132566
vt 0.077082 0.149597
vt 0.075523 0.149997
vt 0.127464 0.212496
vt 0.881737 0.764555
vt 0.357877 0.230948
vt 0.881737 0.800299
vt 0.448047 0.595821
vt 0.474307 0.584957
vt 0.257641 0.080781
vt 0.257922 0.081115
vt 0.257180 0.081147
vt 0.252808 0.038196
vt 0.114341 0.824983
vt 0.487490 0.893626
vt 0.486315 0.954147
vt 0.486315 0.893568
vt 0.756326 0.708073
vt 0.938381 0.365315
vt 0.734820 0.337431
vt 0.523436 0.824983
vt 0.553670 0.776136
vt 0.890670 0.810400
vt 0.342742 0.413751
vt 0.289237 0.021196
vt 0.457700 0.140879
vt 0.135615 0.889078
vt 0.258328 0.031249
vt 0.257317 0.012347
vt 0.258328 0.011864
vt 0.961983 0.911979
vt 0.961152 0.913733
vt 0.116403 0.211528
vt 0.195680 0.031249
vt 0.118748 0.211119
vt 0.261683 0.110869
vt 0.407064 0.656680
vt 0.415889 0.662258
vt 0.220782 0.276992
vt 0.369624 0.395018
vt 0.088471 0.848658
vt 0.343034 0.025393
vt 0.343743 0.046646
vt 0.343034 0.046736
vt 0.086062 0.849307
vt 0.253841 0.489732
vt 0.474639 0.124555
vt 0.295864 0.165562
vt 0.071172 0.204989
vt 0.212966 0.843652
vt 0.231245 0.890083
vt 0.230651 0.890791
vt 0.168185 0.841236
vt 0.335974 0.252609
vt 0.533461 0.444038
vt 0.490012 0.200227
vt 0.260411 0.360975
vt 0.012500 0.306382
vt 0.012500 0.412492
vt 0.010987 0.306584
vt 0.420825 0.229843
vt 0.348597 0.309156
vt 0.349993 0.309491
vt 0.348597 0.337493
vt 0.907893 0.353372
vt 0.761151 0.568090
vt 0.083332 0.083948
vt 0.083332 0.118748
vt 0.082124 0.118303
vt 0.078484 0.073485
vt 0.079165 0.073470
vt 0.079165 0.108331
vt 0.223163 0.411152
vt 0.633568 0.396950
vt 0.378232 0.845252
vt 0.038851 0.981230
vt 0.601167 0.782396
vt 0.687228 0.669146
vt 0.686606 0.669539
vt 0.022916 0.399144
vt 0.457866 0.143299
vt 0.060885 0.051951
vt 0.062499 0.037246
vt 0.062499 0.052082
vt 0.236894 0.684007
vt 0.745801 0.611806
vt 0.221488 0.008582
vt 0.957512 0.753351
vt 0.985396 0.772901
vt 0.956603 0.754547
vt 0.072915 0.047877
vt 0.180137 0.268004
vt 0.187496 0.266803
vt 0.350415 0.862104
vt 0.352076 0.862311
vt 0.350415 0.933314
vt 0.183125 0.032861
vt 0.920815 0.464574
vt 0.919061 0.427952
vt 0.920158 0.427653
vt 0.343476 0.068749
vt 0.866649 0.169564
vt 0.860662 0.189368
vt 0.552320 0.696835
vt 0.007931 0.752848
vt 0.012500 0.783688
vt 0.008399 0.785560
vt 0.302483 0.732662
vt 0.154163 0.272911
vt 0.152841 0.247043
vt 0.154163 0.246927
vt 0.953290 0.195450
vt 0.735336 0.822710
vt 0.856261 0.104556
vt 0.393742 0.254845
vt 0.393484 0.254831
vt 0.387185 0.231496
vt 0.381242 0.383325
vt 0.119926 0.306244
vt 0.207354 0.057244
vt 0.343474 0.414629
vt 0.230418 0.419641
vt 0.777724 0.876384
vt 0.814010 0.476743
vt 0.845456 0.482603
vt 0.845816 0.483061
vt 0.680977 0.688017
vt 0.733318 0.772109
vt 0.680977 0.795817
vt 0.814010 0.574988
vt 0.261494 0.157429
vt 0.359368 0.166663
vt 0.206246 0.000696
vt 0.833963 0.890523
vt 0.397818 0.402926
vt 0.942763 0.922898
vt 0.150224 0.352079
vt 0.154164 0.380090
vt 0.150224 0.381242
vt 0.127081 0.236226
vt 0.125966 0.258328
vt 0.125966 0.235431
vt 0.007931 0.833316
vt 0.006151 0.841649
vt 0.960397 0.786047
vt 0.960397 0.845816
vt 0.951911 0.816223
vt 0.337051 0.501893
vt 0.195204 0.920734
vt 0.031249 0.727551
vt 0.030286 0.804150
vt 0.030286 0.727550
vt 0.672903 0.024603
vt 0.313023 0.386380
vt 0.220373 0.414747
vt 0.004251 0.553408
vt 0.079165 0.474990
vt 0.731582 0.777512
vt 0.039583 0.438888
vt 0.590283 0.370826
vt 0.593670 0.337939
vt 0.618737 0.370826
vt 0.144063 0.926376
vt 0.000903 0.323421
vt 0.002083 0.323947
vt 0.000903 0.429158
vt 0.398417 0.394353
vt 0.729948 0.775795
vt 0.066665 0.371574
vt 0.066665 0.429158
vt 0.065798 0.371804
vt 0.302269 0.165062
vt 0.238923 0.912481
vt 0.138696 0.175149
vt 0.717903 0.552384
vt 0.138753 0.032170
vt 0.261510 0.516034
vt 0.279161 0.503861
vt 0.279161 0.543739
vt 0.102081 0.080699
vt 0.098049 0.083332
vt 0.098049 0.066195
vt 0.592285 0.334234
vt 0.721439 0.816077
vt 0.920815 0.389564
vt 0.067392 0.194850
vt 0.832669 0.818892
vt 0.129239 0.863920
vt 0.366851 0.395474
vt 0.089410 0.213501
vt 0.292466 0.166920
vt 0.659513 0.739568
vt 0.414575 0.154164
vt 0.406419 0.152396
vt 0.414575 0.127752
vt 0.168161 0.929148
vt 0.454919 0.818733
vt 0.454919 0.721102
vt 0.456241 0.721237
vt 0.178114 0.028840
vt 0.469961 0.148150
vt 0.469124 0.148213
vt 0.398378 0.272741
vt 0.831386 0.533303
vt 0.831196 0.532209
vt 0.870815 0.500664
vt 0.870815 0.593738
vt 0.361443 0.037074
vt 0.294984 0.165996
vt 0.047387 0.219846
vt 0.224161 0.824718
vt 0.947247 0.627012
vt 0.377859 0.051750
vt 0.393742 0.051750
vt 0.388325 0.099998
vt 0.329160 0.016800
vt 0.238777 0.412398
vt 0.187496 0.322910
vt 0.584717 0.295004
vt 0.012500 0.201965
vt 0.011084 0.202079
vt 0.011084 0.184408
vt 0.095831 0.089581
vt 0.093274 0.088845
vt 0.095831 0.063250
vt 0.669005 0.004818
vt 0.048179 0.337493
vt 0.048179 0.308253
vt 0.049999 0.308859
vt 0.943369 0.855739
vt 0.289014 0.011879
vt 0.036167 0.643337
vt 0.146104 0.013495
vt 0.422908 0.423429
vt 0.422908 0.452074
vt 0.409619 0.430914
vt 0.062499 0.143131
vt 0.062499 0.177080
vt 0.061084 0.143332
vt 0.357580 0.943731
vt 0.357580 0.878885
vt 0.358326 0.943531
vt 0.211207 0.374992
vt 0.211398 0.273188
vt 0.212496 0.374992
vt 0.074998 0.059139
vt 0.000874 0.733318
vt 0.000874 0.630555
vt 0.002083 0.733117
vt 0.362493 0.036983
vt 0.334109 0.992806
vt 0.006361 0.004167
vt 0.006361 0.000835
vt 0.008333 0.002861
vt 0.016666 0.388277
vt 0.016666 0.414575
vt 0.062499 0.336246
vt 0.062499 0.362493
vt 0.094363 0.302558
vt 0.538029 0.426609
vt 0.346941 0.419767
vt 0.381242 0.429158
vt 0.078034 0.062584
vt 0.873614 0.407607
vt 0.809924 0.396586
vt 0.373487 0.736182
vt 0.370177 0.779151
vt 0.387185 0.277078
vt 0.830522 0.081988
vt 0.619653 0.635268
vt 0.002887 0.168065
vt 0.920814 0.574537
vt 0.229179 0.565742
vt 0.222202 0.579155
vt 0.024999 0.270045
vt 0.237556 0.572233
vt 0.907288 0.117458
vt 0.464706 0.484487
vt 0.436928 0.498953
vt 0.442646 0.484525
vt 0.436928 0.528038
vt 0.474990 0.529156
vt 0.911583 0.025676
vt 0.165934 0.972983
vt 0.165994 0.961977
vt 0.058332 0.032314
vt 0.057040 0.047916
vt 0.057040 0.032111
vt 0.916163 0.092250
vt 0.546955 0.881810
vt 0.683319 0.966647
vt 0.966339 0.720819
vt 0.899266 0.071802
vt 0.633790 0.966647
s 1
usemtl Material
f 3/1/1 1/2/2 2/3/3
f 3/4/1 4/5/4 5180/6/5
f 3/1/1 5/7/6 6/8/7
f 3/1/1 2/3/3 5/7/6
f 3/1/1 5180/9/5 1/2/2
f 3/4/1 6/10/7 4/5/4
f 9/11/8 7/12/9 10/13/10
f 9/14/8 5175/15/11 8/16/12
f 9/17/8 5196/18/13 7/19/9
f 9/14/8 8/16/12 5196/20/13
f 9/21/8 10/22/10 5175/23/11
f 11/24/14 12/25/14 13/26/14
f 11/24/14 5194/27/15 4994/28/16
f 11/24/14 4993/29/14 14/30/14
f 11/24/14 13/26/14 5194/27/15
f 11/24/14 4994/28/16 4993/29/14
f 11/24/14 14/30/14 12/25/14
f 15/31/17 16/32/18 17/33/19
f 15/31/17 18/34/20 19/35/21
f 15/31/17 19/35/21 20/36/22
f 15/31/17 20/36/22 21/37/23
f 15/31/17 17/33/19 18/34/20
f 15/31/17 21/37/23 16/32/18
f 22/38/24 23/39/25 24/40/26
f 22/38/24 24/40/26 25/41/27
f 22/38/24 26/42/28 23/39/25
f 22/38/24 27/43/29 28/44/30
f 22/38/24 28/44/30 26/42/28
f 22/38/24 25/41/27 27/43/29
f 29/45/31 30/46/32 31/47/33
f 29/45/31 32/48/34 33/49/35
f 29/45/31 33/49/35 34/50/36
f 29/45/31 35/51/37 32/48/34
f 29/45/31 34/50/36 30/46/32
f 29/45/31 36/52/38 35/51/37
f 29/45/31 31/47/33 36/52/38
f 37/53/39 1978/54/40 38/55/41
f 37/53/39 39/56/42 40/57/43
f 37/53/39 41/58/44 1978/54/40
f 37/53/39 40/57/43 41/58/44
f 37/53/39 38/55/41 39/56/42
f 44/59/45 42/60/46 43/61/47
f 44/62/45 45/63/48 47/64/49
f 44/65/45 43/66/47 49/67/50
f 44/68/45 46/69/51 45/70/48
f 44/59/45 47/71/49 48/72/52
f 44/68/45 49/73/50 46/69/51
f 44/59/45 48/72/52 42/60/46
f 50/74/53 51/75/54 52/76/55
f 50/74/53 53/77/56 54/78/57
f 50/74/53 52/76/55 53/77/56
f 50/74/53 54/78/57 55/79/58
f 50/74/53 55/79/58 51/75/54
f 56/80/59 57/81/60 58/82/61
f 56/80/59 3156/83/62 59/84/63
f 56/80/59 60/85/64 3156/83/62
f 56/80/59 59/84/63 57/81/60
f 56/80/59 58/82/61 60/85/64
f 61/86/65 3162/87/66 3485/88/67
f 61/89/65 3485/90/67 5141/91/68
f 61/92/65 4756/93/69 3965/94/70
f 61/86/65 3965/95/70 3162/87/66
f 63/96/71 62/97/72 64/98/73
f 63/96/71 3637/99/74 62/97/72
f 63/100/71 64/101/73 65/102/75
f 63/103/71 65/104/75 66/105/76
f 63/96/71 67/106/77 3637/99/74
f 63/107/71 66/108/76 67/109/77
f 68/110/78 69/111/79 70/112/80
f 68/110/78 71/113/81 69/111/79
f 68/110/78 72/114/82 71/113/81
f 68/110/78 70/112/80 72/114/82
f 73/115/83 74/116/84 75/117/84
f 73/118/83 76/119/85 77/120/86
f 73/118/83 77/120/86 78/121/87
f 73/115/83 78/122/87 74/116/84
f 73/115/83 75/117/84 79/123/88
f 73/115/83 79/123/88 76/124/85
f 80/125/89 3170/126/90 81/127/91
f 80/128/89 82/129/92 84/130/93
f 80/125/89 4670/131/94 82/132/92
f 80/125/89 81/127/91 83/133/95
f 80/125/89 84/134/93 3170/126/90
f 80/125/89 83/133/95 4670/131/94
f 88/135/96 4081/136/97 85/137/98
f 88/135/96 86/138/99 5259/139/100
f 88/135/96 85/137/98 86/138/99
f 88/135/96 5259/139/100 87/140/101
f 88/141/96 87/142/101 4081/143/97
f 89/144/102 3008/145/103 3011/146/104
f 89/144/102 90/147/105 91/148/106
f 89/144/102 92/149/107 93/150/108
f 89/144/102 91/148/106 3008/145/103
f 89/144/102 3011/146/104 92/149/107
f 89/144/102 93/150/108 90/147/105
f 94/151/109 95/152/110 96/153/111
f 94/151/109 96/153/111 4271/154/112
f 94/151/109 97/155/113 98/156/114
f 94/151/109 4271/154/112 99/157/115
f 94/151/109 98/156/114 95/152/110
f 94/151/109 99/157/115 97/155/113
f 100/158/116 1584/159/117 3752/160/118
f 100/158/116 101/161/119 1584/159/117
f 100/158/116 102/162/120 103/163/121
f 100/158/116 104/164/122 102/162/120
f 100/158/116 3752/160/118 104/164/122
f 100/158/116 103/163/121 101/161/119
f 105/165/123 106/166/124 107/167/125
f 105/168/123 108/169/126 5239/170/127
f 105/165/123 5239/171/127 5005/172/128
f 105/165/123 4872/173/129 108/174/126
f 105/165/123 5005/172/128 106/166/124
f 105/165/123 107/167/125 4872/173/129
f 109/175/130 110/176/131 111/177/132
f 109/175/130 112/178/133 113/179/84
f 109/175/130 114/180/134 112/178/133
f 109/175/130 111/177/132 115/181/135
f 109/175/130 113/179/84 110/176/131
f 109/175/130 115/181/135 114/180/134
f 116/182/136 117/183/137 118/184/138
f 116/182/136 119/185/139 120/186/140
f 116/182/136 121/187/141 122/188/142
f 116/182/136 118/184/138 119/185/139
f 116/182/136 120/186/140 121/187/141
f 116/182/136 122/188/142 117/183/137
f 123/189/143 124/190/144 125/191/145
f 123/189/143 125/191/145 126/192/146
f 123/193/143 127/194/147 128/195/148
f 123/196/143 126/197/146 129/198/149
f 123/193/143 129/199/149 127/194/147
f 123/189/143 128/200/148 124/190/144
f 130/201/150 131/202/151 76/119/85
f 130/201/150 132/203/152 133/204/153
f 130/201/150 5129/205/154 132/203/152
f 130/201/150 76/119/85 5129/205/154
f 130/201/150 133/204/153 131/202/151
f 138/206/155 134/207/156 135/208/157
f 138/206/155 135/208/157 136/209/158
f 138/206/155 137/210/159 3016/211/160
f 138/206/155 136/209/158 137/210/159
f 138/212/155 3016/213/160 134/214/156
f 5267/215/161 140/216/162 5213/217/163
f 5267/218/161 139/219/164 140/220/162
f 5267/221/161 5213/222/163 141/223/165
f 144/224/166 2871/225/167 142/226/168
f 144/224/166 2631/227/169 145/228/170
f 144/229/166 143/230/171 2871/231/167
f 144/232/166 145/233/170 143/234/171
f 144/224/166 142/226/168 2631/227/169
f 146/235/172 147/236/173 148/237/174
f 146/235/172 149/238/175 150/239/176
f 146/235/172 148/237/174 151/240/177
f 146/235/172 151/240/177 149/238/175
f 146/235/172 152/241/178 147/236/173
f 146/235/172 150/239/176 152/241/178
f 153/242/179 154/243/180 155/244/181
f 153/242/179 156/245/182 157/246/183
f 153/242/179 158/247/184 156/245/182
f 153/242/179 157/246/183 159/248/185
f 153/242/179 159/248/185 154/243/180
f 153/242/179 155/244/181 158/247/184
f 160/249/186 161/250/187 162/251/188
f 160/249/186 163/252/189 164/253/190
f 160/249/186 162/251/188 165/254/191
f 160/249/186 166/255/192 163/252/189
f 160/249/186 165/254/191 166/255/192
f 160/249/186 164/253/190 161/250/187
f 167/256/193 168/257/194 169/258/195
f 167/256/193 170/259/196 171/260/197
f 167/256/193 171/260/197 172/261/198
f 167/256/193 173/262/199 170/259/196
f 167/256/193 169/258/195 173/262/199
f 167/256/193 172/261/198 168/257/194
f 174/263/200 175/264/201 176/265/202
f 174/263/200 177/266/203 178/267/204
f 174/263/200 176/265/202 177/266/203
f 174/268/200 2462/269/205 179/270/206
f 174/268/200 178/271/204 2462/269/205
f 174/263/200 179/272/206 175/264/201
f 186/273/207 2464/274/208 187/275/209
f 180/276/210 181/277/211 186/278/212
f 186/279/207 182/280/213 183/281/214
f 186/273/207 183/282/214 2467/283/215
f 184/284/216 185/285/217 186/286/212
f 186/279/207 187/287/209 188/288/218
f 186/273/207 2467/283/215 2464/274/208
f 180/276/210 186/278/212 657/289/219
f 657/289/219 186/278/212 189/290/220
f 189/291/220 186/286/212 185/285/217
f 184/284/216 186/286/212 181/292/211
f 186/279/207 188/288/218 182/280/213
f 190/293/221 191/294/222 192/295/223
f 190/296/221 195/297/224 191/298/222
f 190/293/221 193/299/225 194/300/226
f 190/293/221 192/295/223 193/299/225
f 190/293/221 4402/301/227 195/302/224
f 190/293/221 194/300/226 4402/301/227
f 196/303/228 197/304/229 198/305/230
f 196/303/228 199/306/231 200/307/232
f 196/303/228 198/305/230 201/308/233
f 196/303/228 200/307/232 197/304/229
f 196/303/228 202/309/234 199/306/231
f 196/303/228 203/310/235 202/309/234
f 196/303/228 201/308/233 203/310/235
f 207/311/236 204/312/237 205/313/238
f 207/314/236 205/315/238 206/316/239
f 207/317/236 206/318/239 208/319/240
f 209/320/241 210/321/242 211/322/243
f 209/320/241 212/323/244 213/324/245
f 209/320/241 211/322/243 214/325/246
f 209/320/241 214/325/246 215/326/247
f 209/320/241 213/324/245 210/321/242
f 209/320/241 215/326/247 212/323/244
f 216/327/248 217/328/249 218/329/250
f 216/327/248 219/330/251 220/331/252
f 216/327/248 221/332/253 222/333/254
f 216/327/248 222/333/254 219/330/251
f 216/327/248 218/329/250 221/332/253
f 216/327/248 220/331/252 217/328/249
f 223/334/255 224/335/256 225/336/257
f 223/337/255 4687/338/258 226/339/259
f 223/337/255 225/340/257 227/341/260
f 223/342/255 226/343/259 5265/344/261
f 223/345/255 5265/346/261 228/347/262
f 223/337/255 227/341/260 4687/338/258
f 229/348/263 230/349/264 231/350/265
f 229/348/263 232/351/266 233/352/267
f 229/348/263 234/353/268 230/349/264
f 229/348/263 231/350/265 232/351/266
f 229/348/263 233/352/267 234/353/268
f 235/354/269 236/355/270 237/356/271
f 235/354/269 238/357/272 239/358/273
f 235/354/269 237/356/271 240/359/274
f 235/354/269 241/360/275 238/357/272
f 235/354/269 239/358/273 236/355/270
f 235/354/269 240/359/274 241/360/275
f 243/361/276 3814/362/277 244/363/278
f 243/361/276 4458/364/279 3814/362/277
f 243/361/276 242/365/280 4458/364/279
f 243/366/276 244/367/278 245/368/281
f 243/361/276 245/369/281 242/365/280
f 246/370/282 247/371/283 248/372/284
f 246/370/282 249/373/285 250/374/286
f 246/370/282 248/372/284 251/375/287
f 246/370/282 251/375/287 249/373/285
f 246/370/282 250/374/286 247/371/283
f 252/376/288 253/377/289 254/378/290
f 252/376/288 255/379/291 256/380/292
f 252/376/288 257/381/293 258/382/294
f 252/376/288 254/378/290 257/381/293
f 252/376/288 256/380/292 253/377/289
f 252/376/288 258/382/294 255/379/291
f 259/383/295 260/384/296 261/385/297
f 259/383/295 261/385/297 262/386/298
f 259/383/295 263/387/299 264/388/300
f 259/383/295 264/388/300 265/389/301
f 259/383/295 262/386/298 263/387/299
f 259/383/295 265/389/301 260/384/296
f 266/390/302 267/391/303 268/392/304
f 266/390/302 269/393/305 270/394/306
f 266/390/302 271/395/307 267/391/303
f 266/390/302 268/392/304 269/393/305
f 266/390/302 272/396/308 271/395/307
f 266/390/302 270/394/306 272/396/308
f 273/397/309 274/398/310 275/399/311
f 273/397/309 276/400/312 274/398/310
f 273/397/309 277/401/313 276/400/312
f 273/397/309 275/399/311 277/401/313
f 278/402/314 279/403/315 1503/404/316
f 278/405/314 280/406/317 281/407/318
f 278/402/314 281/408/318 5170/409/319
f 278/402/314 5170/409/319 279/403/315
f 278/402/314 1503/404/316 280/410/317
f 282/411/320 283/412/321 284/413/322
f 282/411/320 285/414/323 286/415/324
f 282/411/320 287/416/325 285/414/323
f 282/411/320 284/413/322 287/416/325
f 282/411/320 286/415/324 283/412/321
f 288/417/326 3966/418/327 289/419/328
f 288/420/326 3141/421/329 1720/422/330
f 288/420/326 5186/423/331 3966/424/327
f 288/420/326 1720/422/330 5186/423/331
f 288/425/326 289/426/328 290/427/332
f 288/428/326 290/429/332 3141/430/329
f 291/431/333 292/432/14 293/433/14
f 291/431/333 294/434/334 292/432/14
f 291/431/333 295/435/335 296/436/336
f 291/431/333 297/437/337 294/434/334
f 291/431/333 293/433/14 295/435/335
f 291/431/333 298/438/338 297/437/337
f 291/431/333 296/436/336 298/438/338
f 299/439/339 300/440/340 3149/441/341
f 299/439/339 301/442/342 302/443/343
f 299/439/339 302/443/343 300/440/340
f 299/439/339 3149/441/341 303/444/344
f 299/439/339 303/444/344 301/442/342
f 304/445/345 305/446/346 306/447/347
f 304/445/345 306/447/347 307/448/348
f 304/445/345 307/448/348 308/449/349
f 304/445/345 4519/450/350 305/446/346
f 304/445/345 308/449/349 4519/450/350
f 309/451/351 310/452/352 311/453/353
f 309/451/351 312/454/354 313/455/355
f 309/451/351 314/456/356 315/457/357
f 309/451/351 311/453/353 312/454/354
f 309/451/351 313/455/355 314/456/356
f 309/451/351 315/457/357 310/452/352
f 317/458/358 316/459/359 5119/460/360
f 317/461/358 318/462/361 319/463/362
f 317/458/358 319/464/362 316/459/359
f 317/461/358 320/465/363 318/462/361
f 317/458/358 5119/460/360 320/466/363
f 321/467/364 322/468/365 323/469/366
f 321/467/364 323/469/366 324/470/367
f 321/467/364 324/470/367 325/471/368
f 321/467/364 251/375/287 322/468/365
f 321/467/364 326/472/369 251/375/287
f 321/467/364 325/471/368 326/472/369
f 327/473/370 328/474/371 329/475/372
f 327/473/370 228/347/262 5265/346/261
f 327/473/370 329/475/372 228/347/262
f 327/476/370 330/477/373 328/478/371
f 327/473/370 5265/346/261 330/479/373
f 331/480/374 332/481/375 213/324/245
f 331/480/374 333/482/376 332/481/375
f 331/480/374 334/483/377 333/482/376
f 331/480/374 213/324/245 335/484/378
f 331/480/374 335/484/378 334/483/377
f 336/485/379 337/486/380 338/487/381
f 336/485/379 339/488/382 340/489/383
f 336/485/379 338/487/381 341/490/384
f 336/485/379 342/491/385 339/488/382
f 336/485/379 341/490/384 342/491/385
f 336/485/379 340/489/383 337/486/380
f 343/492/386 344/493/387 345/494/388
f 343/492/386 346/495/389 5250/496/390
f 343/492/386 345/494/388 346/495/389
f 343/492/386 5250/496/390 5263/497/391
f 343/492/386 5263/497/391 344/493/387
f 347/498/392 348/499/393 349/500/394
f 347/498/392 350/501/395 348/499/393
f 347/498/392 351/502/396 166/255/192
f 347/498/392 166/255/192 352/503/397
f 347/498/392 352/503/397 350/501/395
f 353/504/398 354/505/399 355/506/400
f 353/504/398 356/507/401 354/505/399
f 353/504/398 357/508/402 358/509/403
f 353/504/398 358/509/403 356/507/401
f 353/504/398 355/506/400 357/508/402
f 362/510/404 1810/511/405 359/512/406
f 362/510/404 360/513/407 361/514/408
f 362/510/404 359/512/406 360/513/407
f 362/515/404 363/516/409 364/517/410
f 362/510/404 361/514/408 363/518/409
f 362/510/404 364/519/410 1810/511/405
f 365/520/411 366/521/412 5275/522/413
f 4687/523/258 227/524/260 365/525/414
f 367/526/415 368/527/416 365/528/414
f 365/520/411 5275/522/413 369/529/417
f 367/530/415 365/525/414 227/524/260
f 373/531/418 1206/532/419 370/533/420
f 371/534/421 372/535/422 373/536/423
f 374/537/424 373/538/423 372/539/422
f 371/534/421 373/536/423 3898/540/425
f 375/541/426 376/542/427 377/543/428
f 375/541/426 378/544/429 379/545/430
f 375/541/426 380/546/431 381/547/432
f 375/541/426 379/545/430 382/548/433
f 375/541/426 382/548/433 376/542/427
f 375/541/426 381/547/432 378/544/429
f 375/541/426 377/543/428 380/546/431
f 383/549/434 2499/550/435 384/551/436
f 383/549/434 384/551/436 385/552/437
f 383/549/434 386/553/438 387/554/439
f 383/549/434 388/555/440 2499/550/435
f 383/549/434 385/552/437 386/553/438
f 383/549/434 387/554/439 388/555/440
f 391/556/441 389/557/442 390/558/443
f 391/559/441 392/560/444 393/561/445
f 391/559/441 394/562/446 395/563/447
f 391/556/441 390/558/443 392/564/444
f 391/556/441 395/565/447 389/557/442
f 391/559/441 393/561/445 394/562/446
f 398/566/448 396/567/449 397/568/450
f 398/569/448 401/570/451 399/571/452
f 398/566/448 400/572/453 401/573/451
f 398/566/448 397/568/450 400/572/453
f 398/566/448 402/574/454 396/567/449
f 398/569/448 5228/575/455 402/576/454
f 398/569/448 399/571/452 5228/575/455
f 403/577/456 404/578/457 405/579/458
f 403/577/456 1238/580/459 406/581/460
f 403/577/456 5021/582/461 404/578/457
f 403/577/456 405/579/458 1238/580/459
f 403/577/456 406/581/460 407/583/462
f 403/577/456 407/583/462 5021/582/461
f 408/584/463 409/585/464 410/586/465
f 408/584/463 411/587/466 409/585/464
f 408/584/463 412/588/467 411/587/466
f 408/584/463 410/586/465 412/588/467
f 413/589/468 414/590/469 415/591/470
f 413/589/468 415/591/470 2207/592/471
f 413/589/468 2727/593/472 416/594/473
f 413/589/468 2207/592/471 2727/593/472
f 413/589/468 416/594/473 414/590/469
f 417/595/474 418/596/475 419/597/476
f 417/595/474 420/598/477 421/599/478
f 417/595/474 419/597/476 420/598/477
f 417/595/474 422/600/479 423/601/480
f 417/595/474 423/601/480 418/596/475
f 417/595/474 421/599/478 422/600/479
f 424/602/481 425/603/482 39/56/42
f 424/602/481 426/604/483 427/605/484
f 424/602/481 39/56/42 428/606/485
f 424/602/481 429/607/486 426/604/483
f 424/602/481 428/606/485 429/607/486
f 424/602/481 427/605/484 425/603/482
f 430/608/487 431/609/488 432/610/489
f 430/608/487 433/611/490 434/612/491
f 430/608/487 434/612/491 431/609/488
f 430/608/487 277/401/313 275/399/311
f 430/608/487 275/399/311 433/611/490
f 430/608/487 432/610/489 277/401/313
f 435/613/492 436/614/493 437/615/494
f 435/613/492 438/616/495 436/614/493
f 435/613/492 439/617/496 440/618/497
f 435/613/492 440/618/497 441/619/498
f 435/613/492 441/619/498 438/616/495
f 435/613/492 437/615/494 439/617/496
f 442/620/499 443/621/500 444/622/501
f 442/620/499 444/622/501 445/623/502
f 442/620/499 446/624/503 443/621/500
f 442/620/499 447/625/504 448/626/505
f 442/620/499 448/626/505 446/624/503
f 442/620/499 445/623/502 447/625/504
f 449/627/506 450/628/507 451/629/508
f 449/627/506 3797/630/509 452/631/510
f 449/627/506 451/629/508 453/632/511
f 449/627/506 454/633/512 450/628/507
f 449/627/506 452/631/510 454/633/512
f 449/627/506 453/632/511 3797/630/509
f 457/634/513 455/635/514 456/636/515
f 457/637/513 458/638/516 459/639/517
f 457/634/513 456/636/515 460/640/518
f 457/637/513 460/641/518 458/638/516
f 457/634/513 461/642/519 455/635/514
f 457/637/513 459/639/517 461/643/519
f 462/644/520 463/645/521 464/646/522
f 462/644/520 465/647/523 463/645/521
f 462/648/520 466/649/524 467/650/525
f 462/644/520 468/651/526 465/647/523
f 462/648/520 467/650/525 468/652/526
f 462/648/520 464/653/522 466/649/524
f 12/25/14 469/654/14 13/26/14
f 12/25/14 470/655/14 469/654/14
f 12/25/14 14/30/14 470/655/14
f 471/656/527 472/657/528 473/658/529
f 471/656/527 474/659/530 472/657/528
f 471/660/527 475/661/531 476/662/532
f 471/656/527 473/658/529 475/663/531
f 471/660/527 476/662/532 477/664/533
f 471/660/527 477/664/533 474/665/530
f 478/666/534 479/667/535 480/668/536
f 478/666/534 481/669/537 479/667/535
f 478/666/534 482/670/538 481/669/537
f 478/666/534 483/671/539 482/670/538
f 478/666/534 480/668/536 483/671/539
f 484/672/540 4625/673/541 1968/674/542
f 484/672/540 1968/674/542 485/675/543
f 484/672/540 486/676/544 487/677/545
f 484/672/540 485/675/543 486/676/544
f 484/672/540 487/677/545 4625/673/541
f 488/678/546 489/679/547 490/680/548
f 488/678/546 491/681/549 492/682/550
f 488/678/546 490/680/548 493/683/551
f 488/678/546 494/684/552 495/685/553
f 488/678/546 495/685/553 489/679/547
f 488/678/546 492/682/550 494/684/552
f 488/678/546 493/683/551 491/681/549
f 496/686/554 497/687/555 498/688/556
f 496/686/554 4023/689/557 499/690/558
f 496/686/554 499/690/558 500/691/559
f 496/686/554 498/688/556 501/692/560
f 496/686/554 500/691/559 497/687/555
f 496/686/554 501/692/560 4023/689/557
f 502/693/561 503/694/562 504/695/563
f 502/693/561 504/695/563 505/696/564
f 502/693/561 506/697/565 507/698/566
f 502/693/561 507/698/566 4753/699/567
f 502/693/561 4753/699/567 503/694/562
f 502/693/561 505/696/564 506/697/565
f 508/700/568 509/701/569 510/702/570
f 508/700/568 510/702/570 4009/703/571
f 508/700/568 511/704/572 512/705/573
f 508/700/568 4009/703/571 511/704/572
f 508/700/568 512/705/573 509/701/569
f 513/706/574 514/707/575 515/708/576
f 513/706/574 516/709/577 514/707/575
f 513/706/574 517/710/578 516/709/577
f 513/706/574 518/711/579 517/710/578
f 513/706/574 515/708/576 519/712/580
f 513/706/574 519/712/580 518/711/579
f 520/713/581 521/714/582 5083/715/583
f 520/713/581 524/716/584 521/714/582
f 520/713/581 5083/715/583 522/717/585
f 520/718/581 522/719/585 523/720/586
f 520/721/581 523/722/586 524/723/584
f 525/724/587 530/725/588 526/726/589
f 525/727/587 527/728/590 528/729/591
f 525/727/587 529/730/592 527/728/590
f 525/727/587 528/729/591 3661/731/593
f 525/727/587 3661/731/593 530/732/588
f 525/727/587 526/733/589 529/730/592
f 531/734/594 532/735/595 533/736/84
f 531/734/594 534/737/596 535/738/84
f 531/734/594 536/739/597 532/735/595
f 531/734/594 533/736/84 534/737/596
f 531/734/594 537/740/84 536/739/597
f 531/734/594 535/738/84 537/740/84
f 538/741/598 539/742/599 540/743/600
f 538/741/598 541/744/601 539/742/599
f 538/741/598 542/745/602 543/746/603
f 538/741/598 544/747/604 541/744/601
f 538/741/598 540/743/600 542/745/602
f 538/741/598 543/746/603 544/747/604
f 545/748/605 546/749/606 547/750/607
f 545/748/605 547/750/607 548/751/608
f 545/748/605 549/752/609 550/753/610
f 545/748/605 550/753/610 546/749/606
f 545/748/605 548/751/608 551/754/611
f 545/748/605 551/754/611 549/752/609
f 555/755/612 3057/756/613 5047/757/614
f 555/755/612 552/758/615 553/759/616
f 555/755/612 556/760/617 552/758/615
f 555/755/612 553/759/616 554/761/618
f 555/762/612 5047/763/614 556/764/617
f 555/755/612 554/761/618 3057/756/613
f 557/765/619 558/766/620 4517/767/621
f 557/765/619 559/768/622 560/769/623
f 557/765/619 560/769/623 561/770/624
f 557/765/619 561/770/624 558/766/620
f 557/765/619 4517/767/621 559/768/622
f 305/446/346 4519/450/350 1687/771/625
f 305/446/346 562/772/626 306/447/347
f 305/446/346 1687/771/625 563/773/627
f 305/446/346 563/773/627 562/772/626
f 564/774/628 565/775/629 566/776/630
f 564/774/628 3149/777/341 567/778/631
f 564/774/628 566/776/630 568/779/632
f 564/774/628 567/778/631 565/775/629
f 564/774/628 568/779/632 569/780/633
f 564/774/628 569/780/633 3149/777/341
f 571/781/634 573/782/635 570/783/636
f 571/784/634 572/785/637 573/786/635
f 571/784/634 574/787/638 575/788/639
f 571/784/634 575/788/639 572/785/637
f 571/781/634 570/783/636 574/789/638
f 579/790/640 578/791/641 5126/792/642
f 579/793/640 576/794/643 577/795/644
f 579/790/640 5126/792/642 580/796/645
f 579/797/640 577/798/644 5048/799/646
f 579/797/640 5048/799/646 578/800/641
f 579/801/640 580/802/645 576/803/643
f 581/804/647 582/805/648 583/806/14
f 581/804/647 583/806/14 584/807/649
f 581/804/647 584/807/649 585/808/650
f 581/804/647 586/809/651 587/810/652
f 581/804/647 585/808/650 586/809/651
f 581/804/647 587/810/652 582/805/648
f 588/811/653 589/812/654 590/813/655
f 588/811/653 2112/814/656 591/815/657
f 588/811/653 592/816/658 593/817/659
f 588/811/653 590/813/655 594/818/660
f 588/811/653 595/819/661 592/816/658
f 588/811/653 594/818/660 596/820/662
f 588/811/653 596/820/662 2112/814/656
f 588/811/653 593/817/659 589/812/654
f 588/811/653 591/815/657 595/819/661
f 597/821/663 599/822/664 5134/823/665
f 597/824/663 5132/825/666 5133/826/667
f 597/827/663 598/828/668 599/829/664
f 597/830/663 5133/831/667 598/832/668
f 597/824/663 5134/833/665 5132/825/666
f 600/834/669 601/835/670 602/836/671
f 600/834/669 603/837/672 604/838/673
f 600/834/669 605/839/674 601/835/670
f 600/834/669 604/838/673 606/840/675
f 600/834/669 606/840/675 605/839/674
f 600/834/669 602/836/671 603/837/672
f 607/841/676 608/842/677 609/843/678
f 607/841/676 5128/844/679 610/845/680
f 607/841/676 611/846/681 5128/844/679
f 607/841/676 609/843/678 611/846/681
f 607/847/676 610/848/680 608/849/677
f 614/850/682 617/851/683 612/852/684
f 614/850/682 612/852/684 613/853/685
f 614/854/682 616/855/686 615/856/687
f 614/850/682 613/853/685 616/857/686
f 614/854/682 615/856/687 617/858/683
f 618/859/688 623/860/689 619/861/690
f 618/859/688 619/861/690 620/862/691
f 618/863/688 620/864/691 621/865/692
f 618/863/688 621/865/692 622/866/572
f 618/863/688 622/866/572 623/867/689
f 624/868/693 625/869/694 626/870/695
f 624/868/693 627/871/696 628/872/697
f 624/868/693 626/870/695 4911/873/698
f 624/868/693 4911/873/698 99/874/115
f 624/868/693 628/872/697 625/869/694
f 624/868/693 99/874/115 627/871/696
f 629/875/699 630/876/700 631/877/701
f 629/875/699 632/878/702 633/879/703
f 629/875/699 633/879/703 634/880/704
f 629/875/699 634/880/704 630/876/700
f 629/875/699 631/877/701 635/881/705
f 629/875/699 635/881/705 632/878/702
f 641/882/706 636/883/707 637/884/708
f 641/882/706 638/885/709 639/886/710
f 641/882/706 640/887/711 638/885/709
f 641/882/706 637/884/708 642/888/712
f 641/889/706 642/890/712 643/891/713
f 641/882/706 643/892/713 640/887/711
f 641/882/706 639/886/710 636/883/707
f 644/893/714 645/894/715 646/895/716
f 644/893/714 646/895/716 647/896/717
f 644/893/714 648/897/718 645/894/715
f 644/893/714 649/898/719 648/897/718
f 644/893/714 647/896/717 649/898/719
f 650/899/720 3378/900/721 651/901/722
f 650/899/720 652/902/723 653/903/724
f 650/899/720 654/904/725 3378/900/721
f 650/899/720 653/903/724 654/904/725
f 650/899/720 651/901/722 652/902/723
f 655/905/726 656/906/727 657/907/219
f 655/905/726 658/908/728 659/909/729
f 655/905/726 659/909/729 656/906/727
f 655/905/726 660/910/730 658/908/728
f 655/905/726 661/911/731 660/910/730
f 655/905/726 657/907/219 661/911/731
f 662/912/732 663/913/733 361/914/408
f 662/912/732 664/915/734 663/913/733
f 662/916/732 361/514/408 665/917/735
f 662/912/732 667/918/736 664/915/734
f 662/916/732 665/917/735 666/919/737
f 662/916/732 666/919/737 667/920/736
f 669/921/738 1873/922/739 832/923/740
f 669/924/738 4598/925/741 668/926/742
f 669/927/738 670/928/743 4598/929/741
f 669/930/738 3140/931/744 670/932/743
f 669/921/738 668/933/742 1873/922/739
f 669/921/738 832/923/740 3140/934/744
f 671/935/745 672/936/746 673/937/747
f 671/935/745 674/938/748 675/939/749
f 671/935/745 676/940/750 677/941/751
f 671/935/745 675/939/749 676/940/750
f 671/935/745 673/937/747 674/938/748
f 671/935/745 677/941/751 672/936/746
f 678/942/752 679/943/753 680/944/754
f 678/942/752 680/944/754 681/945/755
f 678/942/752 682/946/756 683/947/757
f 678/942/752 681/945/755 682/946/756
f 678/942/752 683/947/757 684/948/758
f 678/942/752 684/948/758 679/943/753
f 685/949/759 686/950/760 687/951/761
f 685/949/759 3993/952/762 686/950/760
f 685/949/759 688/953/763 3993/952/762
f 685/949/759 689/954/764 688/953/763
f 685/949/759 687/951/761 690/955/765
f 685/949/759 690/955/765 689/954/764
f 693/956/766 4406/957/767 691/958/768
f 693/959/766 691/960/768 692/961/769
f 693/962/766 4407/963/770 4406/964/767
f 693/965/766 692/966/769 694/967/771
f 693/965/766 695/968/772 4407/969/770
f 693/965/766 694/967/771 695/968/772
f 696/970/773 697/971/774 698/972/775
f 696/970/773 699/973/776 3913/974/777
f 696/970/773 700/975/778 699/973/776
f 696/970/773 701/976/779 700/975/778
f 696/970/773 698/972/775 701/976/779
f 696/970/773 3913/974/777 697/971/774
f 704/977/780 702/978/781 703/979/782
f 704/980/780 703/981/782 3567/982/783
f 704/983/780 494/684/552 705/984/784
f 704/983/780 3567/985/783 495/685/553
f 704/977/780 705/986/784 706/987/785
f 704/983/780 495/685/553 494/684/552
f 704/977/780 706/987/785 702/978/781
f 300/440/340 707/988/786 3149/441/341
f 300/989/340 708/990/787 707/991/786
f 300/440/340 302/443/343 708/992/787
f 709/993/788 710/994/789 711/995/790
f 709/993/788 712/996/730 713/997/730
f 709/993/788 713/997/730 710/994/789
f 709/993/788 714/998/791 712/996/730
f 709/993/788 715/999/792 714/998/791
f 709/993/788 711/995/790 715/999/792
f 716/1000/793 3460/1001/794 717/1002/795
f 716/1003/793 718/1004/796 719/1005/797
f 716/1003/793 719/1005/797 720/1006/798
f 716/1003/793 552/758/615 3460/1007/794
f 716/1003/793 720/1006/798 552/758/615
f 716/1003/793 717/1008/795 718/1004/796
f 721/1009/799 510/702/570 722/1010/800
f 721/1009/799 723/1011/801 510/702/570
f 721/1009/799 724/1012/802 5230/1013/803
f 721/1009/799 722/1010/800 724/1012/802
f 721/1009/799 4969/1014/804 723/1011/801
f 721/1009/799 5230/1013/803 4969/1014/804
f 725/1015/805 726/1016/806 727/1017/807
f 725/1015/805 728/1018/808 726/1016/806
f 725/1015/805 729/1019/809 730/1020/810
f 725/1015/805 727/1017/807 731/1021/811
f 725/1015/805 731/1021/811 729/1019/809
f 725/1015/805 730/1020/810 728/1018/808
f 732/1022/812 733/1023/813 734/1024/814
f 732/1025/812 735/1026/815 736/1027/816
f 732/1028/812 1227/1029/817 733/1030/813
f 732/1022/812 737/1031/818 3124/1032/819
f 732/1028/812 736/1033/816 1227/1029/817
f 732/1022/812 734/1024/814 737/1031/818
f 732/1034/812 3124/1035/819 735/1036/815
f 738/1037/820 436/614/493 438/616/495
f 738/1037/820 438/616/495 739/1038/821
f 738/1037/820 739/1038/821 740/1039/822
f 738/1037/820 740/1039/822 741/1040/823
f 738/1037/820 741/1040/823 742/1041/824
f 738/1037/820 742/1041/824 436/614/493
f 743/1042/825 744/1043/826 745/1044/827
f 743/1042/825 745/1044/827 746/1045/828
f 743/1042/825 747/1046/829 748/1047/830
f 743/1042/825 748/1047/830 744/1043/826
f 743/1042/825 746/1045/828 747/1046/829
f 749/1048/831 753/1049/832 750/1050/833
f 749/1051/831 751/1052/834 752/1053/835
f 749/1051/831 752/1053/835 2329/1054/836
f 749/1051/831 2329/1054/836 753/1055/832
f 749/1051/831 754/1056/837 751/1052/834
f 749/1048/831 750/1050/833 754/1057/837
f 756/1058/838 755/1059/839 2444/1060/840
f 756/1061/838 757/1062/841 755/1063/839
f 756/1064/838 2775/1065/842 757/1066/841
f 756/1064/838 5223/1067/843 2776/1068/844
f 756/1064/838 2776/1068/844 2775/1065/842
f 756/1058/838 2444/1060/840 5223/1069/843
f 758/1070/845 3296/1071/846 5019/1072/847
f 758/1070/845 759/1073/848 760/1074/849
f 758/1070/845 760/1074/849 3296/1071/846
f 758/1070/845 5019/1072/847 761/1075/850
f 758/1070/845 761/1075/850 762/1076/851
f 758/1070/845 762/1076/851 759/1073/848
f 763/1077/852 764/1078/853 765/1079/854
f 763/1077/852 766/1080/855 767/1081/856
f 763/1077/852 765/1079/854 768/1082/857
f 763/1077/852 769/1083/858 764/1078/853
f 763/1077/852 767/1081/856 769/1083/858
f 763/1077/852 768/1082/857 766/1080/855
f 601/835/670 605/839/674 770/1084/859
f 601/835/670 771/1085/860 602/836/671
f 601/835/670 770/1084/859 772/1086/861
f 601/835/670 772/1086/861 771/1085/860
f 774/1087/862 773/1088/863 396/567/449
f 774/1087/862 396/567/449 402/574/454
f 774/1089/862 775/1090/864 5043/1091/865
f 774/1087/862 5043/1092/865 773/1088/863
f 774/1089/862 776/1093/866 777/1094/867
f 774/1089/862 402/1095/454 776/1093/866
f 774/1089/862 777/1094/867 775/1090/864
f 778/1096/868 592/816/658 779/1097/869
f 778/1096/868 779/1097/869 780/1098/870
f 778/1096/868 781/1099/871 782/1100/872
f 778/1096/868 780/1098/870 781/1099/871
f 778/1096/868 782/1100/872 593/817/659
f 778/1096/868 593/817/659 592/816/658
f 783/1101/873 1717/1102/874 4976/1103/875
f 783/1101/873 4976/1103/875 784/1104/876
f 783/1101/873 5210/1105/877 1717/1102/874
f 783/1101/873 5251/1106/878 5210/1105/877
f 783/1101/873 1449/1107/879 5251/1106/878
f 783/1108/873 784/1109/876 1449/1110/879
f 786/1111/880 790/1112/881 785/1113/882
f 786/1114/880 787/1115/883 788/1116/884
f 786/1111/880 1506/1117/885 4873/1118/886
f 786/1114/880 788/1116/884 789/1119/887
f 786/1111/880 785/1113/882 1506/1117/885
f 786/1114/880 789/1119/887 790/1120/881
f 786/1111/880 4873/1118/886 787/1121/883
f 793/1122/888 791/1123/889 792/1124/890
f 793/1125/888 794/1126/891 795/1127/892
f 793/1122/888 792/1124/890 4981/1128/893
f 793/1122/888 796/1129/894 794/1130/891
f 793/1122/888 4981/1128/893 796/1129/894
f 793/1122/888 795/1131/892 791/1123/889
f 797/1132/895 798/1133/896 799/1134/897
f 797/1132/895 800/1135/898 801/1136/899
f 797/1132/895 802/1137/900 803/1138/901
f 797/1132/895 799/1134/897 802/1137/900
f 797/1132/895 803/1138/901 800/1135/898
f 797/1132/895 801/1136/899 798/1133/896
f 804/1139/902 805/1140/903 806/1141/904
f 804/1139/902 807/1142/905 808/1143/906
f 804/1139/902 809/1144/907 810/1145/908
f 804/1139/902 810/1145/908 805/1140/903
f 804/1139/902 806/1141/904 807/1142/905
f 804/1139/902 808/1143/906 809/1144/907
f 811/1146/909 812/1147/910 813/1148/911
f 811/1146/909 814/1149/912 815/1150/913
f 811/1146/909 816/1151/914 817/1152/915
f 811/1146/909 815/1150/913 816/1151/914
f 811/1146/909 813/1148/911 814/1149/912
f 811/1146/909 817/1152/915 812/1147/910
f 818/1153/916 819/1154/917 820/1155/918
f 818/1153/916 821/1156/916 822/1157/916
f 818/1153/916 822/1157/916 823/1158/916
f 818/1153/916 824/1159/916 821/1156/916
f 818/1153/916 820/1155/918 824/1159/916
f 818/1153/916 823/1158/916 819/1154/917
f 825/1160/919 3778/1161/920 826/1162/921
f 825/1160/919 826/1162/921 827/1163/922
f 825/1160/919 827/1163/922 828/1164/923
f 825/1160/919 828/1164/923 3778/1161/920
f 829/1165/924 3141/421/329 3140/934/744
f 829/1166/924 4064/1167/925 830/1168/926
f 829/1165/924 831/1169/927 1720/422/330
f 829/1165/924 3140/934/744 832/923/740
f 829/1165/924 1720/422/330 3141/421/329
f 829/1166/924 830/1168/926 831/1170/927
f 829/1166/924 832/1171/740 4064/1167/925
f 833/1172/928 4134/1173/929 4136/1174/930
f 833/1175/928 835/1176/931 834/1177/932
f 833/1175/928 834/1177/932 1203/1178/933
f 833/1172/928 4136/1174/930 835/1179/931
f 833/1172/928 1814/1180/934 4134/1173/929
f 833/1172/928 1203/1181/933 1814/1180/934
f 836/1182/935 837/1183/936 233/352/267
f 836/1184/935 838/1185/937 839/1186/938
f 836/1184/935 840/1187/939 841/1188/940
f 836/1182/935 839/1189/938 837/1183/936
f 836/1184/935 841/1188/940 838/1185/937
f 836/1182/935 233/352/267 840/1190/939
f 842/1191/941 843/1192/942 75/117/84
f 842/1191/941 844/1193/84 843/1192/942
f 842/1191/941 74/116/84 845/1194/84
f 842/1191/941 845/1194/84 846/1195/943
f 842/1191/941 846/1195/943 844/1193/84
f 842/1191/941 75/117/84 74/116/84
f 847/1196/944 2018/1197/945 3520/1198/946
f 847/1196/944 848/1199/947 849/1200/948
f 847/1196/944 850/1201/949 848/1199/947
f 847/1196/944 851/1202/950 852/1203/951
f 847/1196/944 3520/1198/946 850/1201/949
f 847/1196/944 852/1203/951 2018/1197/945
f 847/1196/944 849/1200/948 851/1202/950
f 853/1204/952 2465/1205/953 854/1206/954
f 853/1204/952 1438/1207/955 1441/1208/956
f 853/1209/952 855/1210/957 856/1211/958
f 853/1209/952 856/1211/958 858/1212/959
f 853/1204/952 5179/1213/960 2465/1205/953
f 853/1209/952 857/1214/961 855/1210/957
f 853/1204/952 5070/1215/962 1438/1207/955
f 853/1209/952 854/1216/954 857/1214/961
f 853/1204/952 858/1217/959 5070/1215/962
f 853/1204/952 1441/1208/956 5179/1213/960
f 859/1218/963 1149/1219/964 5127/1220/965
f 859/1218/963 860/1221/966 1149/1219/964
f 859/1218/963 5127/1220/965 861/1222/967
f 859/1218/963 861/1222/967 860/1221/966
f 862/1223/968 664/915/734 863/1224/969
f 862/1223/968 864/1225/970 865/1226/971
f 862/1223/968 863/1224/969 866/1227/972
f 862/1223/968 866/1227/972 864/1225/970
f 862/1223/968 865/1226/971 664/915/734
f 867/1228/973 868/1229/974 869/1230/975
f 867/1228/973 870/1231/976 868/1229/974
f 867/1228/973 871/1232/977 872/1233/978
f 867/1228/973 873/1234/979 870/1231/976
f 867/1228/973 869/1230/975 871/1232/977
f 867/1228/973 872/1233/978 873/1234/979
f 874/1235/980 875/1236/981 876/1237/982
f 874/1235/980 877/1238/983 875/1236/981
f 874/1239/980 2697/1240/984 878/1241/985
f 874/1239/980 876/1242/982 2697/1240/984
f 874/1235/980 878/1243/985 877/1238/983
f 879/1244/986 880/1245/987 881/1246/988
f 879/1244/986 882/1247/989 880/1245/987
f 879/1244/986 883/1248/990 882/1247/989
f 879/1244/986 881/1246/988 884/1249/991
f 879/1244/986 885/1250/992 883/1248/990
f 879/1244/986 884/1249/991 885/1250/992
f 472/657/528 474/659/530 886/1251/993
f 472/657/528 887/1252/994 473/658/529
f 472/657/528 886/1251/993 887/1252/994
f 888/1253/995 1725/1254/996 1726/1255/997
f 888/1256/995 889/1257/998 890/1258/999
f 888/1256/995 4638/1259/1000 891/1260/1001
f 888/1256/995 891/1260/1001 889/1257/998
f 888/1256/995 892/1261/1002 1725/1262/996
f 888/1256/995 1726/1263/997 4638/1259/1000
f 888/1256/995 890/1258/999 892/1261/1002
f 893/1264/1003 1338/1265/1004 4512/1266/1005
f 893/1264/1003 4512/1266/1005 2605/1267/1006
f 893/1264/1003 2605/1267/1006 894/1268/1007
f 893/1264/1003 895/1269/1008 896/1270/1009
f 893/1264/1003 896/1270/1009 897/1271/1010
f 893/1264/1003 897/1271/1010 1338/1265/1004
f 893/1264/1003 894/1268/1007 895/1269/1008
f 900/1272/1011 898/1273/1012 899/1274/1013
f 900/1275/1011 901/1276/1014 898/1277/1012
f 900/1275/1011 903/1278/1015 901/1276/1014
f 900/1272/1011 902/1279/1016 903/1280/1015
f 900/1272/1011 899/1274/1013 902/1279/1016
f 906/1281/1017 909/1282/1018 904/1283/1019
f 906/1281/1017 904/1283/1019 905/1284/1020
f 906/1285/1017 908/1286/1021 907/1287/1022
f 906/1281/1017 905/1284/1020 908/1288/1021
f 906/1285/1017 907/1287/1022 909/1289/1018
f 910/1290/1023 2003/1291/1024 911/1292/1025
f 910/1290/1023 912/1293/1026 2003/1291/1024
f 910/1290/1023 911/1292/1025 631/877/701
f 910/1290/1023 913/1294/1027 914/1295/1028
f 910/1290/1023 631/877/701 913/1294/1027
f 910/1290/1023 914/1295/1028 912/1293/1026
f 915/1296/1029 920/1297/1030 916/1298/1031
f 915/1299/1029 917/1300/1032 918/1301/1033
f 915/1296/1029 919/1302/1034 921/1303/1035
f 915/1299/1029 918/1301/1033 920/1304/1030
f 915/1296/1029 916/1298/1031 919/1302/1034
f 915/1299/1029 921/1305/1035 917/1300/1032
f 925/1306/1036 3015/1307/1037 923/1308/1038
f 925/1306/1036 4066/1309/1039 922/1310/1040
f 925/1311/1036 923/1312/1038 924/1313/1041
f 925/1306/1036 922/1310/1040 3015/1307/1037
f 925/1314/1036 926/1315/1042 4066/1316/1039
f 925/1317/1036 924/1318/1041 926/1319/1042
f 927/1320/1043 82/1321/92 928/1322/1044
f 927/1320/1043 928/1322/1044 929/1323/1045
f 927/1320/1043 929/1323/1045 930/1324/1046
f 927/1325/1043 930/1326/1046 931/1327/1047
f 927/1325/1043 932/1328/1048 82/129/92
f 927/1325/1043 931/1327/1047 932/1328/1048
f 933/1329/1049 934/1330/1050 935/1331/1051
f 933/1329/1049 936/1332/1052 937/1333/1053
f 933/1329/1049 938/1334/572 934/1330/1050
f 933/1329/1049 937/1333/1053 938/1334/572
f 933/1329/1049 939/1335/1054 936/1332/1052
f 933/1329/1049 935/1331/1051 939/1335/1054
f 940/1336/1055 941/1337/1056 942/1338/1057
f 940/1336/1055 943/1339/1058 941/1337/1056
f 940/1336/1055 944/1340/1059 943/1339/1058
f 940/1336/1055 945/1341/1060 944/1340/1059
f 940/1336/1055 942/1338/1057 945/1341/1060
f 946/1342/1061 947/1343/1062 948/1344/1063
f 946/1342/1061 949/1345/1064 947/1343/1062
f 946/1342/1061 950/1346/1065 949/1345/1064
f 946/1342/1061 951/1347/1066 952/1348/1067
f 946/1342/1061 952/1348/1067 950/1346/1065
f 946/1342/1061 948/1344/1063 951/1347/1066
f 953/1349/1068 2482/1350/1069 3828/1351/1070
f 953/1352/1068 3380/1353/1071 4924/1354/1072
f 953/1349/1068 954/1355/1073 955/1356/1074
f 953/1352/1068 4924/1354/1072 2482/1357/1069
f 953/1349/1068 3828/1351/1070 954/1355/1073
f 953/1352/1068 955/1358/1074 3380/1353/1071
f 956/1359/1075 957/1360/1076 3802/1361/1077
f 956/1359/1075 3802/1361/1077 958/1362/1078
f 956/1363/1075 958/1364/1078 959/1365/1079
f 956/1359/1075 960/1366/1080 957/1360/1076
f 956/1359/1075 959/1367/1079 1853/1368/1081
f 956/1359/1075 1853/1368/1081 960/1366/1080
f 961/1369/1082 962/1370/1083 963/1371/1084
f 961/1369/1082 964/1372/1085 965/1373/1086
f 961/1369/1082 963/1371/1084 964/1372/1085
f 961/1369/1082 966/1374/1087 967/1375/730
f 961/1369/1082 965/1373/1086 966/1374/1087
f 961/1369/1082 967/1375/730 962/1370/1083
f 968/1376/1088 969/1377/1089 970/1378/1090
f 968/1376/1088 971/1379/1091 969/1377/1089
f 968/1376/1088 972/1380/1092 973/1381/1093
f 968/1376/1088 973/1381/1093 974/1382/1094
f 968/1376/1088 970/1378/1090 972/1380/1092
f 968/1376/1088 974/1382/1094 971/1379/1091
f 975/1383/1095 976/1384/1096 977/1385/1097
f 975/1383/1095 977/1385/1097 3928/1386/1098
f 975/1383/1095 978/1387/1099 979/1388/1100
f 975/1383/1095 979/1388/1100 980/1389/1101
f 975/1383/1095 980/1389/1101 976/1384/1096
f 975/1383/1095 3928/1386/1098 978/1387/1099
f 981/1390/1102 982/1391/1103 983/1392/1104
f 981/1390/1102 637/1393/708 5105/1394/1105
f 981/1390/1102 983/1392/1104 984/1395/1106
f 981/1390/1102 984/1395/1106 637/1393/708
f 981/1390/1102 5105/1394/1105 982/1391/1103
f 985/1396/1107 986/1397/1108 987/1398/1109
f 985/1396/1107 988/1399/1110 989/1400/1111
f 985/1396/1107 987/1398/1109 988/1399/1110
f 985/1396/1107 989/1400/1111 990/1401/1112
f 985/1396/1107 990/1401/1112 986/1397/1108
f 991/1402/1113 982/1403/1103 5105/1404/1105
f 991/1405/1113 4795/1406/1114 992/1407/1115
f 991/1402/1113 5212/1408/1116 982/1403/1103
f 991/1402/1113 992/1409/1115 5212/1408/1116
f 991/1402/1113 5105/1404/1105 993/1410/1117
f 991/1402/1113 993/1410/1117 4795/1411/1114
f 995/1412/1118 994/1413/1119 3817/1414/1120
f 995/1412/1118 3816/1415/1121 47/71/49
f 995/1412/1118 3817/1414/1120 3816/1415/1121
f 995/1416/1118 45/1417/48 994/1418/1119
f 995/1412/1118 47/71/49 45/1419/48
f 996/1420/1122 997/1421/1123 998/1422/1124
f 996/1420/1122 999/1423/1125 1000/1424/1126
f 996/1420/1122 1000/1424/1126 1001/1425/1127
f 996/1420/1122 998/1422/1124 1002/1426/1128
f 996/1420/1122 1002/1426/1128 999/1423/1125
f 996/1420/1122 1001/1425/1127 997/1421/1123
f 1003/1427/1129 1004/1428/1130 1005/1429/1131
f 1003/1427/1129 1006/1430/1132 1007/1431/1133
f 1003/1427/1129 1008/1432/1134 1009/1433/1135
f 1003/1427/1129 1005/1429/1131 1008/1432/1134
f 1003/1427/1129 1007/1431/1133 1004/1428/1130
f 1003/1427/1129 1009/1433/1135 1006/1430/1132
f 1010/1434/1136 1011/1435/1137 1012/1436/1138
f 1010/1434/1136 1012/1436/1138 1013/1437/1139
f 1010/1434/1136 1013/1437/1139 1014/1438/1140
f 1010/1434/1136 1015/1439/1141 1011/1435/1137
f 1010/1434/1136 1014/1438/1140 1015/1439/1141
f 1016/1440/1142 1018/1441/1143 1019/1442/1144
f 1016/1443/1142 1017/1444/1145 1018/1445/1143
f 1016/1443/1142 1019/1446/1144 1020/1447/1146
f 1016/1443/1142 1020/1447/1146 1021/1448/1147
f 1016/1443/1142 1021/1448/1147 1017/1444/1145
f 1023/1449/1148 1022/1450/1149 4835/1451/1150
f 1023/1452/1148 1024/1453/1151 1025/1454/1152
f 1023/1452/1148 1026/1455/1153 1027/1456/1154
f 1023/1449/1148 4835/1451/1150 1028/1457/1155
f 1023/1449/1148 1028/1457/1155 1024/1458/1151
f 1023/1449/1148 1027/1459/1154 1022/1450/1149
f 1023/1452/1148 1025/1454/1152 1026/1455/1153
f 376/542/427 1029/1460/1156 1030/1461/1157
f 376/542/427 1031/1462/1158 377/543/428
f 376/542/427 382/548/433 1029/1460/1156
f 376/542/427 1030/1461/1157 1031/1462/1158
f 1032/1463/1159 4015/1464/1160 1033/1465/1161
f 1032/1463/1159 1034/1466/1162 1035/1467/1163
f 1032/1463/1159 1036/1468/1164 1034/1466/1162
f 1032/1463/1159 1035/1467/1163 4015/1464/1160
f 1032/1463/1159 1033/1465/1161 1037/1469/1165
f 1032/1463/1159 1037/1469/1165 1036/1468/1164
f 1038/1470/1166 1039/1471/246 1040/1472/1167
f 1038/1470/1166 1041/1473/1168 1042/1474/1169
f 1038/1470/1166 1040/1472/1167 1043/1475/1170
f 1038/1470/1166 1044/1476/1171 1041/1473/1168
f 1038/1470/1166 1042/1474/1169 1039/1471/246
f 1038/1470/1166 1043/1475/1170 1044/1476/1171
f 1045/1477/1172 1046/1478/1173 1047/1479/1174
f 1045/1477/1172 1048/1480/246 1046/1478/1173
f 1045/1477/1172 1049/1481/1175 1048/1480/246
f 1045/1477/1172 1050/1482/1176 1049/1481/1175
f 1045/1477/1172 1047/1479/1174 1050/1482/1176
f 1051/1483/1177 1052/1484/1178 1053/1485/1179
f 1051/1483/1177 1054/1486/1180 1055/1487/1181
f 1051/1483/1177 1056/1488/1182 1052/1484/1178
f 1051/1483/1177 1055/1487/1181 1056/1488/1182
f 1051/1483/1177 1057/1489/1183 1054/1486/1180
f 1051/1483/1177 1053/1485/1179 1057/1489/1183
f 1058/1490/1184 1059/1491/1185 1060/1492/1186
f 1058/1490/1184 1061/1493/1187 1059/1491/1185
f 1058/1490/1184 4583/1494/1188 1062/1495/1189
f 1058/1490/1184 1062/1495/1189 1063/1496/1190
f 1058/1490/1184 1060/1492/1186 4583/1494/1188
f 1058/1490/1184 1063/1496/1190 1061/1493/1187
f 1064/1497/1191 1065/1498/1192 3284/1499/1193
f 1064/1497/1191 1066/1500/1194 1067/1501/1195
f 1064/1497/1191 1068/1502/1196 1069/1503/1197
f 1064/1497/1191 1070/1504/1198 1071/1505/1199
f 1064/1497/1191 1069/1503/1197 1065/1498/1192
f 1064/1497/1191 1072/1506/1200 1068/1502/1196
f 1064/1497/1191 1071/1505/1199 1066/1500/1194
f 1064/1497/1191 3284/1499/1193 1070/1504/1198
f 1064/1497/1191 1067/1501/1195 1072/1506/1200
f 1073/1507/1201 1074/1508/1202 1075/1509/1203
f 1073/1507/1201 491/681/549 493/683/551
f 1073/1507/1201 1075/1509/1203 491/681/549
f 1073/1507/1201 1076/1510/1204 1074/1508/1202
f 1073/1507/1201 240/359/274 1076/1510/1204
f 1073/1507/1201 493/683/551 240/359/274
f 1077/1511/1205 4023/689/557 4025/1512/1206
f 1077/1511/1205 1078/1513/1207 1079/1514/1208
f 1077/1511/1205 499/690/558 4023/689/557
f 1077/1511/1205 1080/1515/1209 1078/1513/1207
f 1077/1511/1205 4025/1512/1206 1080/1515/1209
f 1077/1511/1205 1079/1514/1208 499/690/558
f 1081/1516/1210 1082/1517/1211 3450/1518/1212
f 1081/1516/1210 1083/1519/1213 1084/1520/1214
f 1081/1516/1210 1085/1521/1215 1086/1522/1216
f 1081/1516/1210 3450/1518/1212 1083/1519/1213
f 1081/1516/1210 1087/1523/1217 1085/1521/1215
f 1081/1516/1210 1086/1522/1216 1082/1517/1211
f 1081/1516/1210 1084/1520/1214 1088/1524/1218
f 1081/1516/1210 1088/1524/1218 1087/1523/1217
f 1089/1525/1219 2040/1526/1220 2042/1527/1221
f 1089/1525/1219 1090/1528/1222 1091/1529/1223
f 1089/1525/1219 1092/1530/1224 1090/1528/1222
f 1089/1525/1219 2042/1527/1221 1092/1530/1224
f 1089/1525/1219 1091/1529/1223 2040/1526/1220
f 1094/1531/1225 1093/1532/1226 1098/1533/1227
f 1094/1534/1225 1095/1535/1228 1099/1536/1229
f 1094/1534/1225 1096/1537/1230 1095/1535/1228
f 1094/1531/1225 1097/1538/1231 1093/1532/1226
f 1094/1534/1225 1098/1539/1227 1096/1537/1230
f 1094/1531/1225 1099/1540/1229 1097/1538/1231
f 1100/1541/1232 1101/1542/1233 1102/1543/1234
f 1100/1541/1232 1102/1543/1234 1103/1544/1235
f 1100/1541/1232 1104/1545/1236 1105/1546/1237
f 1100/1541/1232 1103/1544/1235 1106/1547/1238
f 1100/1541/1232 1105/1546/1237 1101/1542/1233
f 1100/1541/1232 1106/1547/1238 1104/1545/1236
f 274/398/310 276/400/312 4641/1548/1239
f 274/398/310 994/1549/1119 45/70/48
f 274/398/310 2185/1550/1240 1107/1551/1241
f 274/398/310 45/70/48 46/69/51
f 274/398/310 4641/1548/1239 2185/1550/1240
f 274/398/310 1107/1551/1241 994/1549/1119
f 274/398/310 1108/1552/1242 275/399/311
f 274/398/310 46/69/51 1108/1552/1242
f 354/505/399 1109/1553/1243 3331/1554/1244
f 354/505/399 356/507/401 1110/1555/1245
f 354/505/399 1110/1555/1245 1109/1553/1243
f 354/505/399 3331/1554/1244 355/506/400
f 1111/1556/1246 2486/1557/1247 1112/1558/1248
f 1111/1559/1246 1113/1560/1249 1114/1561/1250
f 1111/1556/1246 1114/1562/1250 2486/1557/1247
f 1111/1556/1246 1115/1563/1251 1113/1564/1249
f 1111/1556/1246 1112/1558/1248 1115/1563/1251
f 1116/1565/1252 947/1343/1062 1117/1566/1253
f 1116/1565/1252 1118/1567/1254 1119/1568/1255
f 1116/1565/1252 1120/1569/1256 1118/1567/1254
f 1116/1565/1252 1121/1570/1257 947/1343/1062
f 1116/1565/1252 1117/1566/1253 1120/1569/1256
f 1116/1565/1252 1119/1568/1255 1121/1570/1257
f 1125/1571/1258 1122/1572/1259 1123/1573/1260
f 1125/1571/1258 154/1574/180 1124/1575/1261
f 1125/1576/1258 1123/1577/1260 1126/1578/1262
f 1125/1576/1258 1126/1578/1262 155/244/181
f 1125/1571/1258 1124/1575/1261 1122/1572/1259
f 1125/1576/1258 155/244/181 154/243/180
f 1127/1579/1263 957/1360/1076 1128/1580/1264
f 1127/1579/1263 3802/1361/1077 957/1360/1076
f 1127/1579/1263 1129/1581/1265 1130/1582/1266
f 1127/1579/1263 1128/1580/1264 1129/1581/1265
f 1127/1583/1263 1130/1584/1266 1131/1585/1267
f 1127/1583/1263 1131/1585/1267 3802/1586/1077
f 1132/1587/1268 4208/1588/1269 4210/1589/1270
f 1132/1587/1268 4663/1590/1271 2145/1591/1272
f 1132/1587/1268 1133/1592/1273 4663/1590/1271
f 1132/1587/1268 2145/1591/1272 2146/1593/1274
f 1132/1587/1268 1134/1594/1275 4856/1595/1276
f 1132/1587/1268 2146/1593/1274 4208/1588/1269
f 1132/1587/1268 4856/1595/1276 5262/1596/1277
f 1132/1587/1268 4210/1589/1270 1134/1594/1275
f 1132/1587/1268 5262/1596/1277 1133/1592/1273
f 1137/1597/1278 1135/1598/1279 1136/1599/1280
f 1137/1600/1278 1138/1601/1281 651/901/722
f 1137/1597/1278 1139/1602/1282 1140/1603/1283
f 1137/1597/1278 1136/1599/1280 1138/1604/1281
f 1137/1597/1278 651/1605/722 1139/1602/1282
f 1137/1597/1278 1140/1603/1283 1135/1598/1279
f 1141/1606/1284 1147/1607/1285 1142/1608/1286
f 1141/1606/1284 702/1609/781 706/1610/785
f 1141/1606/1284 1143/1611/1287 1144/1612/1288
f 1141/1606/1284 1142/1608/1286 1143/1611/1287
f 1141/1606/1284 1144/1612/1288 1145/1613/1289
f 1141/1614/1284 1146/1615/1290 1147/1616/1285
f 1141/1606/1284 706/1610/785 1146/1617/1290
f 1141/1606/1284 1145/1613/1289 702/1609/781
f 1148/1618/1291 1149/1619/964 2512/1620/1292
f 1148/1618/1291 2512/1620/1292 1150/1621/1293
f 1148/1618/1291 2508/1622/1294 1149/1619/964
f 1148/1618/1291 1150/1621/1293 1151/1623/1295
f 1148/1618/1291 1151/1623/1295 2508/1622/1294
f 1152/1624/1296 1153/1625/1297 1154/1626/1298
f 1152/1627/1296 1155/1628/1299 1153/1629/1297
f 1152/1624/1296 1156/1630/1300 4560/1631/1301
f 1152/1624/1296 1157/1632/1302 1156/1630/1300
f 1152/1624/1296 1154/1626/1298 1157/1632/1302
f 1152/1627/1296 4560/1633/1301 1155/1628/1299
f 1158/1634/1303 2518/1635/1304 1159/1636/1305
f 1158/1634/1303 1160/1637/1306 5244/1638/1307
f 1158/1634/1303 1161/1639/1308 1162/1640/1309
f 1158/1634/1303 1159/1636/1305 1161/1639/1308
f 1158/1634/1303 1162/1640/1309 1160/1637/1306
f 1158/1634/1303 5244/1638/1307 2518/1635/1304
f 1163/1641/1310 1168/1642/1311 1167/1643/1312
f 1163/1644/1310 1164/1645/1313 1165/1646/1314
f 1163/1644/1310 1166/1647/1315 1164/1645/1313
f 1163/1644/1310 5237/1648/1316 1166/1647/1315
f 1163/1644/1310 1167/1649/1312 5237/1648/1316
f 1163/1644/1310 1165/1646/1314 1168/1650/1311
f 1169/1651/1317 819/1154/917 1170/1652/1318
f 1169/1651/1317 1170/1652/1318 1171/1653/1319
f 1169/1651/1317 1172/1654/1320 819/1154/917
f 1169/1651/1317 258/382/294 1173/1655/1321
f 1169/1651/1317 1173/1655/1321 1172/1654/1320
f 1169/1651/1317 1171/1653/1319 258/382/294
f 337/486/380 1174/1656/1322 338/487/381
f 337/486/380 1175/1657/1323 1174/1656/1322
f 337/486/380 340/489/383 1176/1658/1324
f 337/486/380 1176/1658/1324 1175/1657/1323
f 1178/1659/1325 2328/1660/1326 2330/1661/1327
f 1178/1662/1325 2330/1663/1327 1177/1664/1328
f 1178/1662/1325 1177/1664/1328 344/1665/387
f 1178/1666/1325 344/493/387 5263/497/391
f 1178/1667/1325 1179/1668/1329 2328/1669/1326
f 1178/1666/1325 5263/497/391 1179/1670/1329
f 1180/1671/1330 1181/1672/1331 1182/1673/1332
f 1180/1671/1330 1182/1673/1332 1183/1674/1333
f 1180/1671/1330 1184/1675/1334 1181/1672/1331
f 1180/1671/1330 1185/1676/1335 1186/1677/1336
f 1180/1671/1330 1186/1677/1336 1184/1675/1334
f 1180/1671/1330 1183/1674/1333 1185/1676/1335
f 1187/1678/1337 1188/1679/1338 1189/1680/1339
f 1187/1678/1337 1190/1681/1340 1188/1679/1338
f 1187/1678/1337 1189/1680/1339 5231/1682/1341
f 1187/1678/1337 1191/1683/1342 1190/1681/1340
f 1187/1678/1337 5231/1682/1341 1192/1684/1343
f 1187/1678/1337 1192/1684/1343 1191/1683/1342
f 1193/1685/1344 1194/1686/1345 1195/1687/1346
f 1193/1685/1344 1196/1688/1347 1197/1689/1348
f 1193/1685/1344 1195/1687/1346 1196/1688/1347
f 1193/1685/1344 1197/1689/1348 1198/1690/730
f 1193/1685/1344 1199/1691/1349 1194/1686/1345
f 1193/1685/1344 1198/1690/730 1199/1691/1349
f 1200/1692/1350 1204/1693/1351 1201/1694/1352
f 1200/1695/1350 1202/1696/1353 1203/1697/933
f 1200/1698/1350 834/1699/932 4452/1700/1354
f 1200/1695/1350 1201/1701/1352 1202/1696/1353
f 1200/1702/1350 1203/1703/933 834/1704/932
f 1200/1698/1350 4452/1700/1354 1204/1705/1351
f 1205/1706/1355 328/1707/371 330/1708/373
f 1205/1709/1355 1206/1710/419 3165/1711/1356
f 1205/1706/1355 3164/1712/1357 328/1707/371
f 1205/1706/1355 5141/1713/1358 3164/1712/1357
f 1205/1706/1355 330/1708/373 370/1714/420
f 1205/1706/1355 370/1714/420 1206/1715/419
f 1207/1716/916 1208/1717/1359 1209/1718/1360
f 1207/1716/916 1210/1719/1361 1211/1720/1362
f 1207/1716/916 1211/1720/1362 1208/1717/1359
f 1207/1716/916 1212/1721/1363 1213/1722/1364
f 1207/1716/916 1213/1722/1364 1210/1719/1361
f 1207/1716/916 1209/1718/1360 1212/1721/1363
f 1214/1723/1365 1215/1724/1366 1216/1725/1367
f 1214/1723/1365 1216/1725/1367 1217/1726/1368
f 1214/1723/1365 1218/1727/1369 1215/1724/1366
f 1214/1723/1365 1219/1728/1370 1220/1729/1371
f 1214/1723/1365 1220/1729/1371 1218/1727/1369
f 1214/1723/1365 1217/1726/1368 1219/1728/1370
f 1221/1730/1372 1222/1731/1373 1223/1732/1374
f 1221/1730/1372 1224/1733/1375 726/1016/806
f 1221/1730/1372 726/1016/806 1222/1731/1373
f 1221/1730/1372 4326/1734/1376 1224/1733/1375
f 1221/1730/1372 1223/1732/1374 3543/1735/1377
f 1221/1730/1372 3543/1735/1377 4326/1734/1376
f 1225/1736/1378 1228/1737/1379 2763/1738/1380
f 1225/1736/1378 733/1023/813 1227/1739/817
f 1225/1736/1378 2763/1738/1380 1226/1740/1381
f 1225/1741/1378 1227/1742/817 1228/1743/1379
f 1225/1736/1378 1226/1740/1381 1088/1524/1218
f 1225/1736/1378 1084/1520/1214 733/1023/813
f 1225/1736/1378 1088/1524/1218 1084/1520/1214
f 1229/1744/1382 1230/1745/1383 1231/1746/1384
f 1229/1744/1382 1232/1747/1385 1233/1748/1386
f 1229/1744/1382 1234/1749/1387 1230/1745/1383
f 1229/1744/1382 1233/1748/1386 1234/1749/1387
f 1229/1744/1382 1231/1746/1384 1232/1747/1385
f 1235/1750/1388 1236/1751/1389 2259/1752/1390
f 1235/1750/1388 1237/1753/1391 1236/1751/1389
f 1235/1750/1388 136/209/158 1237/1753/1391
f 1235/1754/1388 1238/1755/459 1239/1756/1392
f 1235/1754/1388 2259/1757/1390 1238/1755/459
f 1235/1750/1388 1239/1758/1392 136/209/158
f 1240/1759/1393 1241/1760/1394 1242/1761/1395
f 1240/1759/1393 1243/1762/1396 1244/1763/1397
f 1240/1759/1393 1245/1764/1398 1241/1760/1394
f 1240/1759/1393 1242/1761/1395 1243/1762/1396
f 1240/1759/1393 1244/1763/1397 1245/1764/1398
f 1250/1765/1399 1246/1766/1400 1247/1767/1401
f 1250/1765/1399 1248/1768/1402 1249/1769/1403
f 1250/1770/1399 1251/1771/1404 1246/1772/1400
f 1250/1765/1399 1249/1769/1403 1252/1773/1405
f 1250/1770/1399 1252/1774/1405 1251/1771/1404
f 1250/1765/1399 1247/1767/1401 1248/1768/1402
f 1253/1775/1406 1254/1776/1407 1255/1777/1408
f 1253/1775/1406 1256/1778/1409 1257/1779/1410
f 1253/1775/1406 1258/1780/1411 1256/1778/1409
f 1253/1775/1406 1257/1779/1410 1254/1776/1407
f 1253/1775/1406 1255/1777/1408 1259/1781/14
f 1253/1775/1406 1259/1781/14 1258/1780/1411
f 1260/1782/1412 1261/1783/1413 1262/1784/1414
f 1260/1782/1412 1262/1784/1414 1263/1785/1415
f 1260/1782/1412 1264/1786/1416 1261/1783/1413
f 1260/1782/1412 1263/1785/1415 1265/1787/1417
f 1260/1782/1412 1265/1787/1417 1266/1788/1418
f 1260/1782/1412 1266/1788/1418 1264/1786/1416
f 1267/1789/1419 5236/1790/1420 4003/1791/1421
f 1267/1789/1419 3132/1792/1422 1268/1793/1423
f 1267/1789/1419 4372/1794/1424 5236/1790/1420
f 1267/1789/1419 4003/1791/1421 3132/1792/1422
f 1267/1789/1419 1268/1793/1423 4372/1794/1424
f 1269/1795/1425 1270/1796/1426 1271/1797/1427
f 1269/1795/1425 1272/1798/1428 904/1283/1019
f 1269/1795/1425 904/1283/1019 1273/1799/1429
f 1269/1795/1425 1271/1797/1427 1272/1798/1428
f 1269/1795/1425 1274/1800/1430 1270/1796/1426
f 1269/1795/1425 1273/1799/1429 1274/1800/1430
f 1275/1801/1431 1276/1802/1432 1277/1803/1433
f 1275/1801/1431 1278/1804/1434 1279/1805/1435
f 1275/1801/1431 1277/1803/1433 1280/1806/1436
f 1275/1801/1431 1279/1805/1435 1276/1802/1432
f 1275/1801/1431 1280/1806/1436 1281/1807/1437
f 1275/1801/1431 1281/1807/1437 1278/1804/1434
f 1282/1808/1438 1283/1809/1439 1284/1810/1440
f 1282/1808/1438 1284/1810/1440 1285/1811/1441
f 1282/1808/1438 1285/1811/1441 544/747/604
f 1282/1808/1438 1286/1812/1442 1283/1809/1439
f 1282/1808/1438 544/747/604 543/746/603
f 1282/1808/1438 543/746/603 1286/1812/1442
f 247/371/283 1287/1813/1443 1288/1814/1444
f 247/371/283 2298/1815/1445 1287/1813/1443
f 247/371/283 1288/1814/1444 248/372/284
f 247/371/283 250/374/286 2298/1815/1445
f 253/377/289 1289/1816/1446 254/378/290
f 253/377/289 256/380/292 4706/1817/1447
f 253/377/289 4706/1817/1447 1290/1818/1448
f 253/377/289 1290/1818/1448 1289/1816/1446
f 1291/1819/1449 1292/1820/1450 1293/1821/1451
f 1291/1819/1449 1294/1822/1452 1292/1820/1450
f 1291/1819/1449 1295/1823/1453 1296/1824/1454
f 1291/1819/1449 1297/1825/1455 1295/1823/1453
f 1291/1819/1449 1293/1821/1451 1297/1825/1455
f 1291/1819/1449 1296/1824/1454 1294/1822/1452
f 1298/1826/1456 1299/1827/1457 1300/1828/1458
f 1298/1826/1456 1301/1829/1459 1302/1830/1460
f 1298/1826/1456 1303/1831/1461 1301/1829/1459
f 1298/1826/1456 1304/1832/1462 1299/1827/1457
f 1298/1826/1456 1300/1828/1458 1303/1831/1461
f 1298/1826/1456 1302/1830/1460 1304/1832/1462
f 1305/1833/1463 1306/1834/1464 1307/1835/1465
f 1305/1833/1463 1308/1836/1466 2951/1837/1467
f 1305/1833/1463 1309/1838/1468 1310/1839/1469
f 1305/1833/1463 1310/1839/1469 1306/1834/1464
f 1305/1833/1463 2951/1837/1467 1309/1838/1468
f 1305/1833/1463 1307/1835/1465 1308/1836/1466
f 1311/1840/1470 1312/1841/1471 1313/1842/1472
f 1311/1840/1470 1314/1843/1473 1312/1841/1471
f 1311/1840/1470 1315/1844/1474 1314/1843/1473
f 1311/1840/1470 1313/1842/1472 1316/1845/1475
f 1311/1840/1470 1317/1846/1476 1315/1844/1474
f 1311/1840/1470 1316/1845/1475 1317/1846/1476
f 1318/1847/1477 1319/1848/1478 1320/1849/1479
f 1318/1847/1477 1321/1850/1480 1319/1848/1478
f 1318/1847/1477 1322/1851/1481 1323/1852/1482
f 1318/1847/1477 1323/1852/1482 1321/1850/1480
f 1318/1847/1477 1320/1849/1479 1322/1851/1481
f 1324/1853/1483 1325/1854/1484 1326/1855/1485
f 1324/1853/1483 1327/1856/1486 1328/1857/1487
f 1324/1853/1483 1329/1858/1488 1327/1856/1486
f 1324/1853/1483 1326/1855/1485 1329/1858/1488
f 1324/1853/1483 1330/1859/1489 1325/1854/1484
f 1324/1853/1483 1328/1857/1487 1330/1859/1489
f 1331/1860/1490 1332/1861/1491 1333/1862/1492
f 1331/1860/1490 889/1257/998 1334/1863/1493
f 1331/1860/1490 1333/1862/1492 1335/1864/1494
f 1331/1860/1490 1336/1865/1495 1332/1861/1491
f 1331/1860/1490 1334/1863/1493 1337/1866/1496
f 1331/1860/1490 1335/1864/1494 890/1258/999
f 1331/1860/1490 1337/1866/1496 1336/1865/1495
f 1331/1860/1490 890/1258/999 889/1257/998
f 1338/1867/1004 1339/1868/1497 1340/1869/1498
f 1338/1867/1004 1342/1870/1499 1339/1868/1497
f 1338/1265/1004 1341/1871/1500 4512/1266/1005
f 1338/1867/1004 1340/1869/1498 1341/1872/1500
f 1338/1265/1004 897/1271/1010 1342/1873/1499
f 1343/1874/1501 1344/1875/1502 1345/1876/1503
f 1343/1877/1501 1346/1878/1504 1344/1879/1502
f 1343/1874/1501 1345/1876/1503 1347/1880/1505
f 1343/1877/1501 1347/1881/1505 1348/1882/1506
f 1343/1877/1501 1348/1882/1506 1346/1878/1504
f 1349/1883/1507 848/1199/947 850/1201/949
f 1349/1883/1507 850/1201/949 1350/1884/1508
f 1349/1883/1507 1351/1885/1509 1352/1886/1510
f 1349/1883/1507 1350/1884/1508 1351/1885/1509
f 1349/1883/1507 1353/1887/1511 848/1199/947
f 1349/1883/1507 1352/1886/1510 1353/1887/1511
f 1354/1888/246 1355/1889/1512 1356/1890/1513
f 1354/1888/246 1357/1891/1514 1355/1889/1512
f 1354/1888/246 1356/1890/1513 1358/1892/1515
f 1354/1888/246 1359/1893/1516 1357/1891/1514
f 1354/1888/246 1358/1892/1515 1359/1893/1516
f 1360/1894/1517 1361/1895/1518 1362/1896/1519
f 1360/1894/1517 1362/1896/1519 1363/1897/1520
f 1360/1894/1517 1364/1898/1521 1365/1899/1522
f 1360/1894/1517 1365/1899/1522 1366/1900/1523
f 1360/1894/1517 1363/1897/1520 1364/1898/1521
f 1360/1894/1517 1366/1900/1523 1361/1895/1518
f 1369/1901/1524 1367/1902/1525 1368/1903/1526
f 1369/1904/1524 1370/1905/1527 1371/1906/1528
f 1369/1904/1524 1372/1907/1529 1373/1908/1530
f 1369/1909/1524 5195/1910/1531 1370/1911/1527
f 1369/1901/1524 1368/1903/1526 5195/1912/1531
f 1369/1904/1524 1371/1906/1528 1372/1907/1529
f 1369/1901/1524 1373/1913/1530 1367/1902/1525
f 1374/1914/1532 1375/1915/1533 1376/1916/1534
f 1374/1914/1532 1377/1917/1535 1378/1918/1536
f 1374/1914/1532 1376/1916/1534 1379/1919/1537
f 1374/1914/1532 1378/1918/1536 1375/1915/1533
f 1374/1914/1532 1380/1920/1538 1377/1917/1535
f 1374/1914/1532 1379/1919/1537 1380/1920/1538
f 1381/1921/1539 1383/1922/1540 1144/1612/1288
f 1381/1923/1539 1382/1924/1541 1558/1925/1542
f 1381/1921/1539 1143/1611/1287 1382/1926/1541
f 1381/1923/1539 1558/1925/1542 1383/1927/1540
f 1381/1921/1539 1144/1612/1288 1143/1611/1287
f 1384/1928/1543 1386/1929/1544 3727/1930/1545
f 1384/1931/1543 1385/1932/1546 1386/1933/1544
f 1384/1928/1543 3727/1930/1545 1387/1934/1547
f 1384/1928/1543 1388/1935/1548 1389/1936/1549
f 1384/1928/1543 1387/1934/1547 1388/1935/1548
f 1384/1928/1543 1389/1936/1549 1385/1937/1546
f 210/321/242 1390/1938/1550 1391/1939/1551
f 210/321/242 1391/1939/1551 211/322/243
f 210/321/242 1392/1940/1552 1390/1938/1550
f 210/321/242 213/324/245 1392/1940/1552
f 1393/1941/1553 1394/1942/1554 1395/1943/1555
f 1393/1941/1553 1396/1944/1556 1394/1942/1554
f 1393/1941/1553 394/562/446 1397/1945/1557
f 1393/1941/1553 1397/1945/1557 1396/1944/1556
f 1393/1941/1553 395/563/447 394/562/446
f 1398/1946/1558 1399/1947/1559 1400/1948/1560
f 1398/1946/1558 1401/1949/1561 1399/1947/1559
f 1398/1946/1558 1402/1950/1562 1403/1951/1563
f 1398/1946/1558 1403/1951/1563 1404/1952/1564
f 1398/1946/1558 1404/1952/1564 1401/1949/1561
f 1398/1946/1558 1400/1948/1560 1402/1950/1562
f 1405/1953/1565 1406/1954/1566 1407/1955/1567
f 1405/1953/1565 5125/1956/1568 1406/1954/1566
f 1405/1953/1565 1408/1957/1569 5125/1956/1568
f 1405/1953/1565 3974/1958/1570 1408/1957/1569
f 1405/1953/1565 1407/1955/1567 4802/1959/1571
f 1405/1953/1565 4802/1959/1571 3974/1958/1570
f 1413/1960/1572 1409/1961/1573 1410/1962/1574
f 1413/1960/1572 3810/1963/1575 1411/1964/1576
f 1413/1960/1572 1412/1965/1577 1409/1961/1573
f 1413/1966/1572 1411/1967/1576 5262/1596/1277
f 1413/1960/1572 1410/1962/1574 3810/1963/1575
f 1413/1960/1572 1414/1968/1578 1412/1965/1577
f 1413/1960/1572 5262/1969/1277 1414/1968/1578
f 1417/1970/1579 1068/1502/1196 5232/1971/1580
f 1417/1972/1579 1416/1973/1581 5226/1974/1582
f 1417/1975/1579 1415/1976/1583 1416/1977/1581
f 1417/1978/1579 5226/1979/1582 1418/1980/1584
f 1417/1981/1579 1418/1982/1584 5204/1983/1585
f 1417/1975/1579 5232/1984/1580 1415/1976/1583
f 1417/1970/1579 5204/1985/1585 1068/1502/1196
f 503/1986/562 1419/1987/1586 1420/1988/1587
f 503/1986/562 1420/1988/1587 504/1989/563
f 503/1986/562 4753/1990/567 1419/1987/1586
f 1421/1991/1588 2149/1992/1589 2151/1993/1590
f 1421/1991/1588 1422/1994/1591 2149/1992/1589
f 1421/1991/1588 2151/1993/1590 52/76/55
f 1421/1991/1588 52/76/55 1423/1995/1592
f 1421/1991/1588 1423/1995/1592 1422/1994/1591
f 1424/1996/1593 1425/1997/1594 1426/1998/1595
f 1424/1996/1593 1426/1998/1595 1427/1999/14
f 1424/1996/1593 1427/1999/14 1428/2000/1596
f 1424/1996/1593 1428/2000/1596 423/601/480
f 1424/1996/1593 422/600/479 1425/1997/1594
f 1424/1996/1593 423/601/480 422/600/479
f 1429/2001/1597 1430/2002/1598 1431/2003/1599
f 1429/2001/1597 1432/2004/1600 1430/2002/1598
f 1429/2001/1597 1433/2005/1601 1434/2006/1602
f 1429/2001/1597 1435/2007/1603 1432/2004/1600
f 1429/2001/1597 1431/2003/1599 1433/2005/1601
f 1429/2001/1597 1434/2006/1602 5264/2008/1604
f 1429/2001/1597 5264/2008/1604 1435/2007/1603
f 1436/2009/1605 1437/2010/1606 4657/2011/1607
f 1436/2009/1605 1438/2012/955 1439/2013/1608
f 1436/2009/1605 1440/2014/1609 1437/2010/1606
f 1436/2009/1605 4657/2011/1607 1441/2015/956
f 1436/2016/1605 1441/1208/956 1438/1207/955
f 1436/2009/1605 1439/2013/1608 1440/2014/1609
f 1442/2017/1610 1443/2018/1611 1444/2019/1612
f 1442/2017/1610 1445/2020/1613 5114/2021/1614
f 1442/2017/1610 1446/2022/1615 1443/2018/1611
f 1442/2017/1610 1444/2019/1612 1447/2023/1616
f 1442/2017/1610 5114/2021/1614 1446/2022/1615
f 1442/2017/1610 1447/2023/1616 1445/2020/1613
f 1093/1532/1226 5072/2024/1617 1098/1533/1227
f 1093/1532/1226 1097/1538/1231 1448/2025/1618
f 1093/2026/1226 1448/2027/1618 1449/2028/879
f 1093/1532/1226 1449/2029/879 5072/2024/1617
f 1450/2030/1619 1451/2031/1620 1452/2032/1621
f 1450/2030/1619 1453/2033/1622 5138/2034/1623
f 1450/2030/1619 5138/2034/1623 1454/2035/1624
f 1450/2030/1619 1454/2035/1624 1455/2036/1625
f 1450/2030/1619 4137/2037/1626 1451/2031/1620
f 1450/2030/1619 1452/2032/1621 1453/2033/1622
f 1450/2030/1619 1455/2036/1625 4137/2037/1626
f 1456/2038/1627 1457/2039/1628 1458/2040/1629
f 1456/2038/1627 1458/2040/1629 1459/2041/1630
f 1456/2038/1627 4859/2042/1631 1457/2039/1628
f 1456/2038/1627 1459/2041/1630 1460/2043/1632
f 1456/2038/1627 1460/2043/1632 4859/2042/1631
f 292/432/14 294/434/334 5194/27/15
f 292/432/14 5194/27/15 13/26/14
f 292/432/14 13/26/14 293/433/14
f 301/442/342 1461/2044/1633 302/443/343
f 301/442/342 1462/2045/1634 973/1381/1093
f 301/442/342 973/1381/1093 1461/2044/1633
f 301/442/342 303/444/344 1462/2045/1634
f 1463/2046/1635 3503/2047/1636 611/846/681
f 1463/2048/1635 1466/2049/1637 1465/2050/1638
f 1463/2051/1635 608/2052/677 1464/2053/1639
f 1463/2046/1635 1465/2054/1638 3503/2047/1636
f 1463/2046/1635 611/846/681 609/843/678
f 1463/2051/1635 1464/2053/1639 1466/2055/1637
f 1463/2046/1635 609/843/678 608/842/677
f 1467/2056/1640 1468/2057/1641 1469/2058/1642
f 1467/2056/1640 1470/2059/1643 1471/2060/1644
f 1467/2056/1640 1469/2058/1642 1470/2059/1643
f 1467/2056/1640 52/2061/55 1468/2057/1641
f 1467/2056/1640 1471/2060/1644 52/2061/55
f 1472/2062/1645 4922/2063/1646 4923/2064/1647
f 1472/2062/1645 1473/2065/1648 1474/2066/1649
f 1472/2062/1645 1114/1561/1250 4922/2063/1646
f 1472/2062/1645 1475/2067/1650 1473/2065/1648
f 1472/2062/1645 1474/2066/1649 1114/1561/1250
f 1472/2062/1645 4923/2064/1647 1475/2067/1650
f 1477/2068/1651 328/1707/371 3164/1712/1357
f 1477/2068/1651 1476/2069/1652 2170/2070/1653
f 1477/2068/1651 3164/1712/1357 1476/2069/1652
f 1477/2068/1651 329/2071/372 328/1707/371
f 1477/2072/1651 5216/2073/1654 329/475/372
f 1478/2074/1655 1477/2075/1651 4683/2076/1656
f 1482/2077/1657 2209/2078/1658 1479/2079/1659
f 1482/2077/1657 1479/2079/1659 1480/2080/1660
f 1482/2077/1657 1480/2080/1660 1481/2081/1661
f 1482/2082/1657 1483/2083/1662 1484/2084/1663
f 1482/2082/1657 1481/2085/1661 1483/2083/1662
f 1482/2082/1657 1484/2084/1663 2209/2086/1658
f 1485/2087/1664 638/885/709 640/887/711
f 1485/2087/1664 1486/2088/1665 639/886/710
f 1485/2087/1664 640/887/711 4789/2089/1666
f 1485/2087/1664 4789/2089/1666 1487/2090/1667
f 1485/2087/1664 639/886/710 638/885/709
f 1485/2087/1664 1487/2090/1667 1486/2088/1665
f 1488/2091/1668 1489/2092/1669 1490/2093/1670
f 1488/2091/1668 1491/2094/1671 511/704/572
f 1488/2091/1668 511/704/572 1489/2092/1669
f 1488/2091/1668 1490/2093/1670 1492/2095/1672
f 1488/2091/1668 1493/2096/1673 1491/2094/1671
f 1488/2091/1668 1492/2095/1672 1493/2096/1673
f 514/707/575 1494/2097/1674 515/708/576
f 514/707/575 516/709/577 1495/2098/1675
f 514/707/575 1496/2099/1676 1494/2097/1674
f 514/707/575 1495/2098/1675 1496/2099/1676
f 1497/2100/1677 1498/2101/1678 4125/2102/1679
f 1497/2103/1677 1499/2104/1680 1500/2105/1681
f 1497/2100/1677 5148/2106/1682 1499/2107/1680
f 1497/2100/1677 1500/2108/1681 1498/2101/1678
f 1497/2100/1677 4125/2102/1679 5148/2106/1682
f 1501/2109/1683 1502/2110/1684 1445/2020/1613
f 1501/2109/1683 280/406/317 1503/2111/316
f 1501/2109/1683 1445/2020/1613 1447/2023/1616
f 1501/2109/1683 1503/2111/316 1502/2110/1684
f 1501/2109/1683 1447/2023/1616 280/406/317
f 1504/2112/1685 283/412/321 1505/2113/1686
f 1504/2114/1685 1506/1117/885 785/1113/882
f 1504/2115/1685 1505/2116/1686 4127/2117/1687
f 1504/2114/1685 785/1113/882 284/2118/322
f 1504/2112/1685 284/413/322 283/412/321
f 1504/2115/1685 4127/2117/1687 1506/2119/885
f 1507/2120/1688 546/749/606 1508/2121/1689
f 1507/2120/1688 547/750/607 546/749/606
f 1507/2120/1688 1508/2121/1689 1509/2122/1690
f 1507/2120/1688 1510/2123/1691 547/750/607
f 1507/2120/1688 1511/2124/1692 1510/2123/1691
f 1507/2120/1688 1509/2122/1690 1511/2124/1692
f 1312/1841/1471 4099/2125/1693 2550/2126/1694
f 1312/1841/1471 1314/1843/1473 1512/2127/1695
f 1312/1841/1471 2550/2126/1694 1313/1842/1472
f 1312/1841/1471 1512/2127/1695 4099/2125/1693
f 1517/2128/1696 1513/2129/1697 1514/2130/1698
f 1515/2131/1699 1516/2132/1700 1517/2133/1701
f 1517/2128/1696 1514/2130/1698 1518/2134/1702
f 1520/2135/1703 4504/2136/1704 1517/2133/1701
f 1517/2128/1696 3237/2137/1705 1513/2129/1697
f 1515/2131/1699 1517/2133/1701 4504/2136/1704
f 1519/2138/1706 4259/2139/1707 1517/2140/1701
f 1520/2141/1703 1517/2140/1701 4259/2139/1707
f 5217/2142/1708 1521/2143/1709 1517/2140/1701
f 1519/2138/1706 1517/2140/1701 1521/2143/1709
f 1517/2128/1696 3401/2144/1710 3237/2137/1705
f 805/1140/903 810/1145/908 887/2145/994
f 805/1140/903 1522/2146/1711 806/1141/904
f 805/1140/903 887/2145/994 1522/2146/1711
f 1523/2147/1712 1466/2055/1637 1464/2053/1639
f 1523/2148/1712 4952/2149/1713 3838/2150/1714
f 1523/2148/1712 3838/2150/1714 1466/2151/1637
f 1523/2147/1712 1464/2053/1639 4952/2152/1713
f 1524/2153/916 1525/2154/1715 1526/2155/916
f 1524/2153/916 1527/2156/916 1525/2154/1715
f 1524/2153/916 1528/2157/916 1527/2156/916
f 1524/2153/916 1529/2158/916 1528/2157/916
f 1524/2153/916 1526/2155/916 1529/2158/916
f 1530/2159/1716 1531/2160/1717 1532/2161/1718
f 1530/2159/1716 1533/2162/1719 1534/2163/1720
f 1530/2159/1716 1532/2161/1718 1533/2162/1719
f 1530/2159/1716 1534/2163/1720 1531/2160/1717
f 1535/2164/1721 1536/2165/1722 1540/2166/1723
f 1535/2167/1721 1537/2168/1724 5153/2169/1725
f 1535/2164/1721 1538/2170/1726 1536/2165/1722
f 1535/2167/1721 1446/2171/1615 1539/2172/1727
f 1535/2164/1721 1541/2173/1728 1538/2170/1726
f 1535/2167/1721 1540/2174/1723 1446/2171/1615
f 1535/2167/1721 1539/2172/1727 1537/2168/1724
f 1535/2167/1721 5153/2169/1725 5154/2175/1729
f 1535/2167/1721 5154/2175/1729 1541/2176/1728
f 1542/2177/1730 1543/2178/1731 1544/2179/1732
f 1542/2177/1730 1544/2179/1732 584/807/649
f 1542/2177/1730 1545/2180/1733 1546/2181/1734
f 1542/2177/1730 584/807/649 1545/2180/1733
f 1542/2177/1730 1547/2182/1735 1543/2178/1731
f 1542/2177/1730 1546/2181/1734 1547/2182/1735
f 1548/2183/1736 1549/2184/1737 1550/2185/1738
f 1548/2183/1736 1551/2186/1739 1549/2184/1737
f 1548/2183/1736 1552/2187/1740 1553/2188/1741
f 1548/2183/1736 1554/2189/1742 1552/2187/1740
f 1548/2183/1736 1553/2188/1741 1551/2186/1739
f 1548/2183/1736 1550/2185/1738 1554/2189/1742
f 1555/2190/1743 1556/2191/1744 1557/2192/1745
f 1555/2190/1743 3377/2193/1746 1556/2191/1744
f 1555/2194/1743 1557/2195/1745 1558/2196/1542
f 1555/2194/1743 1558/2196/1542 1559/2197/1747
f 1555/2190/1743 1559/2198/1747 3377/2193/1746
f 1560/2199/1748 1561/2200/1749 1562/2201/1750
f 1560/2199/1748 4080/2202/1751 1563/2203/1752
f 1560/2199/1748 1395/1943/1555 1561/2200/1749
f 1560/2199/1748 1564/2204/1753 4080/2202/1751
f 1560/2199/1748 1562/2201/1750 1564/2204/1753
f 1560/2199/1748 1563/2203/1752 1395/1943/1555
f 1565/2205/1754 1566/2206/1755 1567/2207/1756
f 1565/2205/1754 1568/2208/1757 1569/2209/1758
f 1565/2205/1754 1570/2210/1759 1568/2208/1757
f 1565/2205/1754 1569/2209/1758 1566/2206/1755
f 1565/2205/1754 1567/2207/1756 1570/2210/1759
f 1571/2211/1760 1572/2212/1761 1573/2213/1762
f 1571/2211/1760 1069/1503/1197 1574/2214/1763
f 1571/2211/1760 1574/2214/1763 1575/2215/1764
f 1571/2211/1760 1576/2216/1765 1572/2212/1761
f 1571/2211/1760 1573/2213/1762 1069/1503/1197
f 1571/2211/1760 1575/2215/1764 1576/2216/1765
f 1579/2217/1766 4058/2218/1767 1577/2219/1768
f 1579/2220/1766 1577/2221/1768 1578/2222/1769
f 1579/2223/1766 1578/2224/1769 3497/2225/1770
f 1579/2223/1766 3497/2225/1770 1580/2226/1771
f 1579/2217/1766 1581/2227/1772 4058/2218/1767
f 1579/2223/1766 1580/2226/1771 1581/2228/1772
f 1168/1642/1311 1582/2229/1773 1167/1643/1312
f 1168/1642/1311 5107/2230/1774 1583/2231/1775
f 1168/1642/1311 1165/2232/1314 5107/2230/1774
f 1168/1642/1311 1583/2231/1775 1582/2229/1773
f 1587/2233/1776 1584/2234/117 101/2235/119
f 1587/2236/1776 1589/2237/1777 1585/2238/1778
f 1587/2236/1776 1585/2238/1778 1586/2239/1779
f 1587/2240/1776 101/161/119 1588/2241/1780
f 1587/2236/1776 1586/2239/1779 1584/2242/117
f 1587/2243/1776 1588/2244/1780 1589/2245/1777
f 1590/2246/1781 1591/2247/1782 1592/2248/1783
f 1590/2246/1781 1592/2248/1783 1593/2249/1784
f 1590/2246/1781 1594/2250/1785 1595/2251/1786
f 1590/2246/1781 1596/2252/1787 1591/2247/1782
f 1590/2246/1781 1595/2251/1786 1596/2252/1787
f 1590/2246/1781 1593/2249/1784 1594/2250/1785
f 1598/2253/1788 2401/2254/1789 1597/2255/1790
f 1598/2256/1788 1599/2257/1791 1600/2258/1792
f 1598/2253/1788 3742/2259/1793 1599/2260/1791
f 1598/2253/1788 1597/2255/1790 3742/2259/1793
f 1598/2261/1788 1600/2262/1792 2401/2263/1789
f 1601/2264/1794 1602/2265/1795 1603/2266/1796
f 1601/2264/1794 117/183/137 1602/2265/1795
f 1601/2264/1794 1604/2267/1797 118/184/138
f 1601/2264/1794 1605/2268/1798 1604/2267/1797
f 1601/2264/1794 1603/2266/1796 1605/2268/1798
f 1601/2264/1794 118/184/138 117/183/137
f 431/609/488 434/612/491 1606/2269/1799
f 431/609/488 3256/2270/1800 432/610/489
f 431/609/488 1607/2271/1801 3256/2270/1800
f 431/609/488 1606/2269/1799 1607/2271/1801
f 1608/2272/1802 131/202/151 133/204/153
f 1608/2272/1802 1609/2273/1803 131/202/151
f 1608/2272/1802 988/1399/1110 1609/2273/1803
f 1608/2272/1802 1610/2274/1804 988/1399/1110
f 1608/2272/1802 133/204/153 1610/2274/1804
f 1611/2275/1805 1612/2276/1806 1613/2277/1807
f 1611/2275/1805 1614/2278/1808 447/625/504
f 1611/2275/1805 447/625/504 1612/2276/1806
f 1611/2275/1805 1615/2279/1809 1614/2278/1808
f 1611/2275/1805 1613/2277/1807 1616/2280/1810
f 1611/2275/1805 1616/2280/1810 1615/2279/1809
f 1617/2281/1811 1618/2282/1812 1619/2283/1813
f 1617/2281/1811 1620/2284/1814 1621/2285/1815
f 1617/2281/1811 1622/2286/1816 1620/2284/1814
f 1617/2281/1811 1623/2287/1817 1622/2286/1816
f 1617/2281/1811 1621/2285/1815 1618/2282/1812
f 1617/2281/1811 1619/2283/1813 1623/2287/1817
f 1624/2288/1818 1625/2289/1819 1626/2290/1820
f 1624/2288/1818 1627/2291/1821 1625/2289/1819
f 1624/2288/1818 1628/2292/1822 1629/2293/1823
f 1624/2288/1818 1629/2293/1823 1627/2291/1821
f 1624/2288/1818 1626/2290/1820 1628/2292/1822
f 1630/2294/1824 1631/2295/1825 1632/2296/1826
f 1630/2294/1824 1632/2296/1826 1633/2297/1827
f 1630/2294/1824 1633/2297/1827 1634/2298/1828
f 1630/2294/1824 1635/2299/1829 1631/2295/1825
f 1630/2294/1824 1634/2298/1828 1636/2300/1830
f 1630/2294/1824 1636/2300/1830 1635/2299/1829
f 1637/2301/1831 1638/2302/1832 1639/2303/1833
f 1637/2301/1831 1640/2304/1834 1641/2305/1835
f 1637/2301/1831 1642/2306/1836 1643/2307/1837
f 1637/2301/1831 1641/2305/1835 1642/2306/1836
f 1637/2301/1831 1643/2307/1837 1638/2302/1832
f 1637/2301/1831 1639/2303/1833 1640/2304/1834
f 1644/2308/1838 1645/2309/1839 1646/2310/1840
f 1644/2308/1838 1647/2311/1841 1645/2309/1839
f 1644/2308/1838 1648/2312/1842 1649/2313/1843
f 1644/2308/1838 1650/2314/1844 1647/2311/1841
f 1644/2308/1838 1649/2313/1843 1650/2314/1844
f 1644/2308/1838 1646/2310/1840 1648/2312/1842
f 1651/2315/1845 1652/2316/1846 4254/2317/246
f 1651/2315/1845 1653/2318/1847 1652/2316/1846
f 1651/2315/1845 1654/2319/1848 1653/2318/1847
f 1651/2315/1845 1655/2320/246 1656/2321/1849
f 1651/2315/1845 4254/2317/246 1655/2320/246
f 1651/2315/1845 1656/2321/1849 1654/2319/1848
f 1657/2322/1850 3043/2323/1851 4726/2324/1852
f 1657/2322/1850 5044/2325/1853 1658/2326/730
f 1657/2322/1850 1659/2327/1854 1660/2328/1855
f 1657/2322/1850 1658/2326/730 3043/2323/1851
f 1657/2322/1850 1660/2328/1855 5044/2325/1853
f 1657/2322/1850 4726/2324/1852 1659/2327/1854
f 1661/2329/1856 1662/2330/1857 1663/2331/1858
f 1661/2329/1856 1663/2331/1858 1664/2332/1859
f 1661/2329/1856 1665/2333/1860 1666/2334/1861
f 1661/2329/1856 1667/2335/1862 1662/2330/1857
f 1661/2329/1856 1666/2334/1861 1667/2335/1862
f 1661/2329/1856 1664/2332/1859 1665/2333/1860
f 539/742/599 1668/2336/1863 1669/2337/1864
f 539/742/599 541/744/601 1668/2336/1863
f 539/742/599 1669/2337/1864 17/33/19
f 539/742/599 17/33/19 540/743/600
f 249/373/285 1670/2338/1865 250/374/286
f 249/373/285 1671/2339/1866 1670/2338/1865
f 249/373/285 251/375/287 326/472/369
f 249/373/285 326/472/369 1671/2339/1866
f 1672/2340/1867 463/645/521 465/647/523
f 1672/2340/1867 465/647/523 1673/2341/1868
f 1672/2340/1867 1674/2342/1869 1529/2158/916
f 1672/2340/1867 1675/2343/1870 463/645/521
f 1672/2340/1867 1673/2341/1868 1674/2342/1869
f 1672/2340/1867 1529/2158/916 1675/2343/1870
f 1676/2344/1871 1677/2345/1872 1678/2346/1873
f 1676/2344/1871 1678/2346/1873 1679/2347/1874
f 1676/2344/1871 1679/2347/1874 1680/2348/1875
f 1676/2344/1871 1680/2348/1875 1681/2349/1876
f 1676/2344/1871 1681/2349/1876 1677/2345/1872
f 1682/2350/1877 1683/2351/1878 1684/2352/1879
f 1682/2350/1877 1685/2353/1880 1683/2351/1878
f 1682/2350/1877 1686/2354/1881 1685/2353/1880
f 1682/2350/1877 2615/2355/1882 1687/2356/625
f 1682/2350/1877 1687/2356/625 1686/2354/1881
f 1682/2350/1877 1684/2352/1879 2615/2355/1882
f 1688/2357/1883 1689/2358/1884 1690/2359/1885
f 1688/2357/1883 1691/2360/1886 1692/2361/1887
f 1688/2357/1883 1692/2361/1887 1689/2358/1884
f 1688/2357/1883 1693/2362/1888 5103/2363/1889
f 1688/2357/1883 1690/2359/1885 1693/2362/1888
f 1688/2357/1883 5103/2363/1889 1691/2360/1886
f 1694/2364/1890 2463/2365/1891 1695/2366/1892
f 1694/2364/1890 1696/2367/1893 1697/2368/1894
f 1694/2364/1890 1698/2369/1895 1696/2367/1893
f 1694/2364/1890 1697/2368/1894 2463/2365/1891
f 1694/2364/1890 1695/2366/1892 1698/2369/1895
f 57/81/60 1699/2370/1896 58/82/61
f 57/81/60 1700/2371/1897 184/284/216
f 57/81/60 184/284/216 1699/2370/1896
f 57/81/60 59/84/63 1700/2371/1897
f 1701/2372/1898 2627/2373/1899 1702/2374/1900
f 1701/2372/1898 1703/2375/1901 1704/2376/1902
f 1701/2372/1898 1704/2376/1902 1705/2377/1903
f 1701/2372/1898 1702/2374/1900 1706/2378/1904
f 1701/2372/1898 1706/2378/1904 1707/2379/1905
f 1701/2372/1898 1705/2377/1903 2627/2373/1899
f 1701/2372/1898 1707/2379/1905 1703/2375/1901
f 1708/2380/1906 1709/2381/1907 1710/2382/1908
f 1708/2380/1906 1711/2383/1909 1712/2384/1910
f 1708/2380/1906 1712/2384/1910 1709/2381/1907
f 1708/2380/1906 1710/2382/1908 1713/2385/1911
f 1708/2380/1906 586/809/651 1711/2383/1909
f 1708/2380/1906 1713/2385/1911 587/810/652
f 1708/2380/1906 587/810/652 586/809/651
f 1714/2386/1912 206/318/239 72/114/82
f 1714/2386/1912 1715/2387/1913 1716/2388/1914
f 1714/2386/1912 72/114/82 1715/2387/1913
f 1714/2386/1912 1716/2388/1914 206/318/239
f 1719/2389/1915 1717/2390/874 5210/2391/877
f 1719/2392/1915 831/2393/927 1718/2394/1916
f 1719/2389/1915 1718/2395/1916 1717/2390/874
f 1719/2396/1915 1720/422/330 831/1169/927
f 1719/2397/1915 5209/2398/1917 1720/2399/330
f 1719/2397/1915 5210/2400/877 5209/2398/1917
f 1721/2401/1918 1722/2402/1919 1723/2403/1920
f 1721/2401/1918 1724/2404/1921 1722/2402/1919
f 1721/2401/1918 605/839/674 606/840/675
f 1721/2401/1918 1723/2403/1920 605/839/674
f 1721/2401/1918 606/840/675 1724/2404/1921
f 1725/2405/996 3001/2406/1922 4356/2407/1923
f 1725/2408/996 892/2409/1002 3001/2410/1922
f 1725/2405/996 4356/2407/1923 1726/2411/997
f 1727/2412/1924 1729/2413/1925 1728/2414/1926
f 1727/2415/1924 1728/2416/1926 5120/2417/1927
f 1727/2415/1924 3886/2418/1928 1729/2419/1925
f 1727/2415/1924 1730/2420/1929 1731/2421/1930
f 1727/2415/1924 1731/2421/1930 3886/2418/1928
f 1727/2415/1924 5120/2417/1927 1730/2420/1929
f 1732/2422/1931 1733/2423/1932 1734/2424/1933
f 1732/2422/1931 1735/2425/1934 1475/2067/1650
f 1732/2422/1931 1736/2426/1935 1737/2427/1936
f 1732/2422/1931 1738/2428/1937 1733/2423/1932
f 1732/2422/1931 1737/2427/1936 1738/2428/1937
f 1732/2422/1931 1475/2067/1650 1736/2426/1935
f 1732/2422/1931 1734/2424/1933 1735/2425/1934
f 1739/2429/1938 1740/2430/1939 1741/2431/1940
f 1739/2429/1938 1742/2432/1941 1743/2433/1942
f 1739/2429/1938 1744/2434/1943 1740/2430/1939
f 1739/2429/1938 1741/2431/1940 1742/2432/1941
f 1739/2429/1938 1745/2435/1944 1744/2434/1943
f 1739/2429/1938 1743/2433/1942 1745/2435/1944
f 1746/2436/1945 1589/2245/1777 5185/2437/1946
f 1746/2438/1945 1585/2238/1778 1589/2237/1777
f 1746/2436/1945 1747/2439/1947 1748/2440/1948
f 1746/2438/1945 1749/2441/1949 1585/2238/1778
f 1746/2436/1945 5185/2437/1946 1747/2439/1947
f 1746/2438/1945 1750/2442/1950 1749/2441/1949
f 1746/2436/1945 1748/2440/1948 1750/2443/1950
f 1751/2444/1951 1752/2445/1952 1753/2446/1953
f 1751/2444/1951 1754/2447/1954 1755/2448/1955
f 1751/2444/1951 1753/2446/1953 1754/2447/1954
f 1751/2444/1951 1756/2449/1956 1757/2450/1957
f 1751/2444/1951 1757/2450/1957 1752/2445/1952
f 1751/2444/1951 1758/2451/1958 1756/2449/1956
f 1751/2444/1951 1755/2448/1955 1758/2451/1958
f 1759/2452/1959 1760/2453/1960 1761/2454/1961
f 1759/2452/1959 1762/2455/1962 1763/2456/1963
f 1759/2452/1959 1764/2457/1964 1762/2455/1962
f 1759/2452/1959 1763/2456/1963 1760/2453/1960
f 1759/2452/1959 1761/2454/1961 1764/2457/1964
f 1375/1915/1533 1765/2458/1965 1376/1916/1534
f 1375/1915/1533 1378/1918/1536 1766/2459/1966
f 1375/1915/1533 1767/2460/1967 1765/2458/1965
f 1375/1915/1533 1766/2459/1966 1767/2460/1967
f 1768/2461/1968 1769/2462/1969 856/1211/958
f 1768/2461/1968 1770/2463/1970 1771/2464/1971
f 1768/2461/1968 855/1210/957 1770/2463/1970
f 1768/2461/1968 856/1211/958 855/1210/957
f 1768/2461/1968 1771/2464/1971 1769/2462/1969
f 1772/2465/1972 1773/2466/1973 1774/2467/1974
f 1772/2465/1972 718/1004/796 5196/20/13
f 1772/2465/1972 5196/20/13 1773/2466/1973
f 1772/2465/1972 719/1005/797 718/1004/796
f 1772/2465/1972 1774/2467/1974 719/1005/797
f 1775/2468/1975 1776/2469/1976 4691/2470/1977
f 1775/2468/1975 4691/2470/1977 4645/2471/1978
f 1775/2468/1975 1777/2472/1979 1778/2473/1980
f 1775/2468/1975 4645/2471/1978 1777/2472/1979
f 1775/2468/1975 1778/2473/1980 1779/2474/1981
f 1775/2468/1975 1779/2474/1981 1776/2469/1976
f 1780/2475/1982 1781/2476/1983 1782/2477/1984
f 1780/2475/1982 1783/2478/1985 1784/2479/1986
f 1780/2475/1982 1784/2479/1986 1781/2476/1983
f 1780/2475/1982 1782/2477/1984 1785/2480/1987
f 1780/2475/1982 1785/2480/1987 1786/2481/1988
f 1780/2475/1982 1786/2481/1988 1783/2478/1985
f 1787/2482/1989 1788/2483/1990 1070/1504/1198
f 1787/2482/1989 1789/2484/1991 1790/2485/1992
f 1787/2482/1989 1790/2485/1992 1791/2486/1993
f 1787/2482/1989 1070/1504/1198 1789/2484/1991
f 1787/2482/1989 1791/2486/1993 1788/2483/1990
f 1796/2487/1994 1792/2488/1995 1793/2489/1996
f 1796/2487/1994 1793/2489/1996 690/955/765
f 1796/2487/1994 1794/2490/1997 1795/2491/1998
f 1796/2487/1994 687/951/761 1794/2490/1997
f 1796/2487/1994 690/955/765 687/951/761
f 1796/2492/1994 1795/2493/1998 1792/2494/1995
f 1797/2495/1999 1798/2496/2000 1799/2497/2001
f 1797/2498/1999 1800/2499/2002 2933/2500/2003
f 1797/2501/1999 1799/2502/2001 501/2503/560
f 1797/2495/1999 1358/1892/1515 1798/2496/2000
f 1797/2495/1999 2933/2504/2003 1358/1892/1515
f 1797/2505/1999 501/2506/560 1800/2507/2002
f 1801/2508/2004 168/257/194 172/261/198
f 1801/2508/2004 1802/2509/2005 1803/2510/2006
f 1801/2508/2004 1803/2510/2006 1804/2511/2007
f 1801/2508/2004 1804/2511/2007 1805/2512/2008
f 1801/2508/2004 172/261/198 1802/2509/2005
f 1801/2508/2004 1805/2512/2008 168/257/194
f 1806/2513/916 4990/2514/2009 1807/2515/2010
f 1806/2513/916 1808/2516/2011 1809/2517/2012
f 1806/2513/916 1807/2515/2010 1808/2516/2011
f 1806/2513/916 4813/2518/2013 4990/2514/2009
f 1806/2513/916 1809/2517/2012 4813/2518/2013
f 1810/511/405 1812/2519/2014 359/512/406
f 1810/2520/405 1811/2521/2015 1812/2522/2014
f 1810/2520/405 364/517/410 1811/2521/2015
f 1451/2031/1620 1813/2523/2016 1452/2032/1621
f 1451/2031/1620 4137/2037/1626 1814/2524/934
f 1451/2031/1620 1814/2524/934 1813/2523/2016
f 1816/2525/2017 3966/424/327 5002/2526/2018
f 1816/2527/2017 1815/2528/2019 1818/2529/2020
f 1816/2530/2017 1817/2531/2021 3966/2532/327
f 1816/2533/2017 1818/2534/2020 1817/2535/2021
f 1816/2525/2017 5002/2526/2018 1819/2536/2022
f 1816/2525/2017 1819/2536/2022 1815/2537/2019
f 1820/2538/2023 3492/2539/2024 1821/2540/2025
f 1820/2538/2023 1822/2541/2026 1823/2542/2027
f 1820/2538/2023 592/816/658 3492/2539/2024
f 1820/2538/2023 779/1097/869 592/816/658
f 1820/2538/2023 1821/2540/2025 1822/2541/2026
f 1820/2538/2023 1823/2542/2027 779/1097/869
f 1824/2543/2028 1825/2544/2029 437/615/494
f 1824/2543/2028 1826/2545/2030 1825/2544/2029
f 1824/2543/2028 1827/2546/2031 990/1401/1112
f 1824/2543/2028 437/615/494 742/1041/824
f 1824/2543/2028 990/1401/1112 1826/2545/2030
f 1824/2543/2028 742/1041/824 1827/2546/2031
f 1828/2547/2032 1829/2548/2033 1830/2549/2034
f 1828/2547/2032 1831/2550/2035 1829/2548/2033
f 1828/2547/2032 1832/2551/2036 1833/2552/2037
f 1828/2547/2032 4068/2553/2038 1831/2550/2035
f 1828/2547/2032 1830/2549/2034 1832/2551/2036
f 1828/2547/2032 1833/2552/2037 4068/2553/2038
f 1834/2554/2039 2961/2555/2040 4370/2556/2041
f 1834/2554/2039 1835/2557/2042 1836/2558/2043
f 1834/2554/2039 1837/2559/2044 1835/2557/2042
f 1834/2560/2039 3332/2561/2045 1838/2562/2046
f 1834/2554/2039 4370/2556/2041 1837/2559/2044
f 1834/2560/2039 1836/2563/2043 3332/2561/2045
f 1834/2560/2039 1838/2562/2046 2961/2564/2040
f 230/349/264 1839/2565/2047 1840/2566/2048
f 230/349/264 1840/2566/2048 231/350/265
f 230/349/264 234/353/268 1841/2567/2049
f 230/349/264 1841/2567/2049 1839/2565/2047
f 1842/2568/2050 1843/2569/2051 1844/2570/2052
f 1842/2571/2050 1845/2572/2053 1846/2573/2054
f 1842/2568/2050 1846/2574/2054 1843/2569/2051
f 1842/2571/2050 1847/2575/2055 1848/2576/2056
f 1842/2568/2050 1844/2570/2052 1847/2577/2055
f 1842/2571/2050 1848/2576/2056 1845/2572/2053
f 1849/2578/2057 1850/2579/2058 1851/2580/2059
f 1849/2581/2057 1852/2582/2060 1853/1368/1081
f 1849/2581/2057 1851/2583/2059 1852/2582/2060
f 1849/2578/2057 4598/929/741 670/928/743
f 1849/2578/2057 670/928/743 1850/2579/2058
f 1849/2584/2057 1853/2585/1081 4598/2586/741
f 23/39/25 1854/2587/2061 1855/2588/2062
f 23/39/25 1855/2588/2062 1856/2589/2063
f 23/39/25 26/42/28 1854/2587/2061
f 23/39/25 1856/2589/2063 24/40/26
f 1857/2590/2064 1858/2591/2065 1859/2592/2066
f 1857/2590/2064 1859/2592/2066 1860/2593/2067
f 1857/2590/2064 1861/2594/2068 1858/2591/2065
f 1857/2590/2064 1862/2595/2069 1861/2594/2068
f 1857/2590/2064 1860/2593/2067 1863/2596/2070
f 1857/2590/2064 1863/2596/2070 1862/2595/2069
f 1864/2597/2071 4081/136/97 1865/2598/2072
f 1864/2597/2071 268/392/304 1866/2599/2073
f 1864/2597/2071 1866/2599/2073 4081/136/97
f 1864/2597/2071 1867/2600/2074 268/392/304
f 1864/2597/2071 1865/2598/2072 1867/2600/2074
f 1868/2601/2075 3176/2602/2076 1869/2603/2077
f 1868/2601/2075 1946/2604/2078 3176/2602/2076
f 1868/2601/2075 1869/2603/2077 1870/2605/2079
f 1868/2601/2075 1870/2605/2079 1871/2606/2080
f 1868/2601/2075 1871/2606/2080 1946/2604/2078
f 1872/2607/2081 1873/2608/739 1596/2252/1787
f 1872/2607/2081 1874/2609/2082 4064/1167/925
f 1872/2607/2081 4064/1167/925 832/1171/740
f 1872/2607/2081 1596/2252/1787 1595/2251/1786
f 1872/2607/2081 1595/2251/1786 1874/2609/2082
f 1872/2607/2081 832/1171/740 1873/2608/739
f 134/214/156 1875/2610/2083 1876/2611/2084
f 134/207/156 1876/2612/2084 135/208/157
f 134/214/156 922/2613/1040 1875/2610/2083
f 134/214/156 3016/213/160 922/2613/1040
f 1880/2614/2085 1877/2615/2086 1878/2616/2087
f 1880/2614/2085 1879/2617/2088 1877/2615/2086
f 1880/2618/2085 1284/1810/1440 1881/2619/2089
f 1880/2618/2085 1285/1811/1441 1284/1810/1440
f 1880/2618/2085 1878/2620/2087 1285/1811/1441
f 1880/2614/2085 1881/2621/2089 1879/2617/2088
f 1882/2622/2090 197/304/229 200/307/232
f 1882/2622/2090 1883/2623/2091 3903/2624/84
f 1882/2622/2090 1884/2625/84 1883/2623/2091
f 1882/2622/2090 200/307/232 1885/2626/2092
f 1882/2622/2090 3903/2624/84 197/304/229
f 1882/2622/2090 1885/2626/2092 1884/2625/84
f 1886/2627/2093 2552/2628/2094 1887/2629/2095
f 1886/2627/2093 1887/2629/2095 1888/2630/2096
f 1886/2627/2093 1889/2631/2097 2552/2628/2094
f 1890/2632/2098 1891/2633/14 1892/2634/14
f 1890/2632/2098 1893/2635/2099 1894/2636/14
f 1890/2632/2098 1892/2634/14 1895/2637/2100
f 1890/2632/2098 1894/2636/14 1891/2633/14
f 1890/2632/2098 1895/2637/2100 1896/2638/14
f 1890/2632/2098 1896/2638/14 1893/2635/2099
f 1897/2639/2101 1898/2640/2102 1899/2641/2103
f 1897/2639/2101 816/1151/914 815/1150/913
f 1897/2639/2101 815/1150/913 1900/2642/2104
f 1897/2639/2101 1899/2641/2103 816/1151/914
f 1897/2639/2101 1900/2642/2104 1901/2643/2105
f 1897/2639/2101 1901/2643/2105 1898/2640/2102
f 306/447/347 1902/2644/2106 307/448/348
f 306/447/347 562/772/626 1903/2645/2107
f 306/447/347 1903/2645/2107 1902/2644/2106
f 1904/2646/2108 1631/2295/1825 1635/2299/1829
f 1904/2646/2108 1905/2647/2109 1631/2295/1825
f 1904/2646/2108 1190/1681/1340 1191/1683/1342
f 1904/2646/2108 1906/2648/2110 1190/1681/1340
f 1904/2646/2108 1191/1683/1342 1905/2647/2109
f 1904/2646/2108 1635/2299/1829 1906/2648/2110
f 1907/2649/2111 1908/2650/2112 1909/2651/2113
f 1907/2649/2111 1910/2652/2114 1908/2650/2112
f 1907/2649/2111 1909/2651/2113 1911/2653/2115
f 1907/2649/2111 1911/2653/2115 1910/2652/2114
f 1912/2654/2116 1913/2655/2117 1914/2656/2118
f 1912/2654/2116 1914/2656/2118 1915/2657/2119
f 1912/2654/2116 1916/2658/2120 1917/2659/2121
f 1912/2654/2116 1918/2660/2122 1916/2658/2120
f 1912/2654/2116 1915/2657/2119 1919/2661/2123
f 1912/2654/2116 1919/2661/2123 1918/2660/2122
f 1912/2654/2116 1917/2659/2121 1913/2655/2117
f 1920/2662/2124 1921/2663/2125 1922/2664/2126
f 1920/2662/2124 1923/2665/2127 1924/2666/2128
f 1920/2662/2124 1925/2667/2129 1926/2668/2130
f 1920/2662/2124 4754/2669/2131 1925/2667/2129
f 1920/2662/2124 1924/2666/2128 1921/2663/2125
f 1920/2662/2124 1927/2670/2132 5207/2671/2133
f 1920/2662/2124 1926/2668/2130 1923/2665/2127
f 1920/2662/2124 1922/2664/2126 1927/2670/2132
f 1920/2662/2124 5207/2671/2133 4754/2669/2131
f 1928/2672/2134 1929/2673/2135 1930/2674/2136
f 1928/2672/2134 1931/2675/2137 1932/2676/2138
f 1928/2672/2134 1930/2674/2136 1931/2675/2137
f 1928/2672/2134 1932/2676/2138 1929/2673/2135
f 1934/2677/2139 1933/2678/84 1935/2679/2140
f 1934/2680/2139 1935/2681/2140 4538/2682/2141
f 1934/2680/2139 1936/2683/2142 1937/2684/2143
f 1934/2680/2139 4538/2682/2141 3146/2685/2144
f 1934/2677/2139 1937/2686/2143 1933/2678/84
f 1934/2680/2139 3146/2685/2144 1936/2683/2142
f 1938/2687/2145 1939/2688/2146 1940/2689/2147
f 1938/2687/2145 1941/2690/2148 1942/2691/2149
f 1938/2687/2145 1943/2692/2150 1944/2693/2151
f 1938/2687/2145 1942/2691/2149 1939/2688/2146
f 1938/2687/2145 1944/2693/2151 1941/2690/2148
f 1938/2687/2145 1940/2689/2147 1943/2692/2150
f 1947/2694/2152 1946/2695/2078 1871/2696/2080
f 1947/2697/2152 1945/2698/2153 1946/2699/2078
f 1947/2700/2152 1949/2701/2154 1925/2667/2129
f 1947/2694/2152 1871/2696/2080 1948/2702/2155
f 1947/2694/2152 1948/2702/2155 1949/2703/2154
f 1950/2704/2156 1951/2705/2157 1952/2706/2158
f 1950/2704/2156 1953/2707/2159 1550/2185/1738
f 1950/2704/2156 1549/2184/1737 1954/2708/2160
f 1950/2704/2156 1954/2708/2160 1951/2705/2157
f 1950/2704/2156 1550/2185/1738 1549/2184/1737
f 1950/2704/2156 1952/2706/2158 1953/2707/2159
f 1958/2709/2161 1955/2710/2162 1035/2711/1163
f 1958/2709/2161 1956/2712/2163 1957/2713/2164
f 1958/2714/2161 1035/1467/1163 1959/2715/2165
f 1958/2709/2161 1957/2713/2164 1955/2710/2162
f 1958/2709/2161 1960/2716/2166 1956/2712/2163
f 1958/2714/2161 1959/2715/2165 1960/2717/2166
f 1961/2718/2167 1962/2719/2168 1963/2720/2169
f 1961/2718/2167 1964/2721/2170 1044/1476/1171
f 1961/2718/2167 1965/2722/2171 1962/2719/2168
f 1961/2718/2167 1963/2720/2169 1964/2721/2170
f 1961/2718/2167 1044/1476/1171 1043/1475/1170
f 1961/2718/2167 1043/1475/1170 1965/2722/2171
f 1967/2723/2172 2552/2628/2094 1966/2724/2173
f 1967/2723/2172 1887/2629/2095 2552/2628/2094
f 1967/2725/2172 1968/2726/542 1969/2727/2174
f 1967/2725/2172 1969/2727/2174 1971/2728/2175
f 1967/2723/2172 1966/2724/2173 1970/2729/2176
f 1967/2723/2172 1971/2730/2175 1887/2629/2095
f 1967/2723/2172 1972/2731/2177 1968/674/542
f 1967/2723/2172 1970/2729/2176 1972/2731/2177
f 1975/2732/2178 1974/2733/2179 703/2734/782
f 1975/2732/2178 703/2734/782 3243/2735/2180
f 1975/2736/2178 1973/2737/2181 1974/2738/2179
f 1975/2732/2178 3243/2735/2180 1976/2739/2182
f 1975/2740/2178 1976/2741/2182 1973/2742/2181
f 1977/2743/2183 1978/2744/40 1979/2745/572
f 1977/2743/2183 1979/2745/572 1980/2746/2184
f 1977/2743/2183 1980/2746/2184 1981/2747/2185
f 1977/2743/2183 1981/2747/2185 1978/2744/40
f 1982/2748/2186 1983/2749/2187 1984/2750/2188
f 1982/2748/2186 1985/2751/2189 1986/2752/2190
f 1982/2748/2186 1987/2753/2191 1985/2751/2189
f 1982/2748/2186 1988/2754/2192 1983/2749/2187
f 1982/2748/2186 1984/2750/2188 1987/2753/2191
f 1982/2748/2186 1986/2752/2190 1988/2754/2192
f 1989/2755/2193 1990/2756/2194 1991/2757/2195
f 1989/2755/2193 1525/2758/1715 3507/2759/2196
f 1989/2755/2193 1992/2760/2197 1525/2758/1715
f 1989/2755/2193 1993/2761/2198 1992/2760/2197
f 1989/2755/2193 1991/2757/2195 1993/2761/2198
f 1989/2755/2193 3507/2759/2196 1990/2756/2194
f 1994/2762/2199 1995/2763/2200 1996/2764/2201
f 1994/2762/2199 1997/2765/2202 1995/2763/2200
f 1994/2762/2199 1074/1508/1202 1997/2765/2202
f 1994/2762/2199 1998/2766/2203 1074/1508/1202
f 1994/2762/2199 1999/2767/2204 2000/2768/2205
f 1994/2762/2199 2001/2769/2206 1998/2766/2203
f 1994/2762/2199 1996/2764/2201 1999/2767/2204
f 1994/2762/2199 2000/2768/2205 2001/2769/2206
f 791/1123/889 2002/2770/2207 792/1124/890
f 791/1123/889 4652/2771/2208 4651/2772/2209
f 791/2773/889 795/2774/892 4652/2775/2208
f 791/1123/889 4651/2772/2209 2002/2770/2207
f 2003/2776/1024 912/2777/1026 3614/2778/2210
f 2003/1291/1024 2006/2779/2211 2004/2780/2212
f 2003/2776/1024 3614/2778/2210 2005/2781/2213
f 2003/1291/1024 2004/2780/2212 911/1292/1025
f 2003/2776/1024 2005/2781/2213 2006/2782/2211
f 920/1297/1030 2010/2783/2214 2007/2784/2215
f 920/1304/1030 918/1301/1033 2008/2785/2216
f 920/1297/1030 2007/2784/2215 2009/2786/2217
f 920/1297/1030 2009/2786/2217 916/1298/1031
f 920/1304/1030 2008/2785/2216 2010/2787/2214
f 2011/2788/2218 2012/2789/2219 2013/2790/2220
f 2011/2788/2218 2014/2791/2221 2015/2792/2222
f 2011/2788/2218 2013/2790/2220 2016/2793/2223
f 2011/2788/2218 2017/2794/2224 2012/2789/2219
f 2011/2788/2218 2016/2793/2223 2014/2791/2221
f 2011/2788/2218 2015/2792/2222 2017/2794/2224
f 2018/1197/945 2020/2795/2225 3520/1198/946
f 2018/2796/945 2019/2797/2226 2020/2798/2225
f 2018/1197/945 852/1203/951 2021/2799/2227
f 2018/1197/945 2021/2799/2227 2019/2800/2226
f 1306/1834/1464 2022/2801/2228 1307/1835/1465
f 1306/1834/1464 2023/2802/2229 2024/2803/2230
f 1306/1834/1464 1310/1839/1469 2023/2802/2229
f 1306/1834/1464 2024/2803/2230 2022/2801/2228
f 2025/2804/2231 2026/2805/2232 2027/2806/2233
f 2025/2804/2231 2028/2807/2234 2029/2808/2235
f 2025/2804/2231 2029/2808/2235 2026/2805/2232
f 2025/2804/2231 2027/2806/2233 2030/2809/2236
f 2025/2804/2231 2030/2809/2236 2028/2807/2234
f 1699/2370/1896 2031/2810/2237 2032/2811/2238
f 1699/2370/1896 184/284/216 2031/2810/2237
f 1699/2370/1896 2032/2811/2238 58/82/61
f 2033/2812/2239 2034/2813/2240 1785/2480/1987
f 2033/2812/2239 1121/1570/1257 1119/1568/1255
f 2033/2812/2239 1785/2480/1987 2035/2814/2241
f 2033/2812/2239 1119/1568/1255 2034/2813/2240
f 2033/2812/2239 2036/2815/2242 1121/1570/1257
f 2033/2812/2239 2035/2814/2241 2036/2815/2242
f 1122/1572/1259 1545/2180/1733 2037/2816/2243
f 1122/1572/1259 1124/1575/1261 1546/2181/1734
f 1122/1572/1259 2037/2816/2243 1123/1573/1260
f 1122/1572/1259 1546/2181/1734 1545/2180/1733
f 957/1360/1076 960/1366/1080 2038/2817/2244
f 957/1360/1076 2038/2817/2244 1128/1580/1264
f 2039/2818/2245 2040/2819/1220 2041/2820/2246
f 2039/2818/2245 964/1372/1085 963/1371/1084
f 2039/2818/2245 963/1371/1084 2042/2821/1221
f 2039/2818/2245 2042/2821/1221 2040/2819/1220
f 2039/2818/2245 2043/2822/2247 964/1372/1085
f 2039/2818/2245 2041/2820/2246 2043/2822/2247
f 2044/2823/2248 474/665/530 477/664/533
f 2044/2824/2248 2045/2825/2249 474/659/530
f 2044/2823/2248 2046/2826/2250 2047/2827/2251
f 2044/2824/2248 2048/2828/2252 2045/2825/2249
f 2044/2823/2248 2047/2827/2251 2048/2829/2252
f 2044/2823/2248 477/664/533 2046/2826/2250
f 2049/2830/2253 4057/2831/2254 5222/2832/2255
f 2049/2830/2253 2050/2833/2256 4057/2831/2254
f 2049/2834/2253 2051/2835/2257 2050/2836/2256
f 2049/2834/2253 5222/2837/2255 2051/2835/2257
f 2052/2838/2258 2053/2839/2259 647/896/717
f 2052/2838/2258 1490/2093/1670 2054/2840/2260
f 2052/2838/2258 2054/2840/2260 2053/2839/2259
f 2052/2838/2258 647/896/717 1492/2095/1672
f 2052/2838/2258 1492/2095/1672 1490/2093/1670
f 236/355/270 2055/2841/2261 2056/2842/2262
f 236/355/270 239/358/273 2055/2841/2261
f 236/355/270 2056/2842/2262 2057/2843/2263
f 236/355/270 2057/2843/2263 237/356/271
f 2058/2844/2264 2059/2845/2265 2060/2846/2266
f 2058/2844/2264 1078/1513/1207 2059/2845/2265
f 2058/2844/2264 2061/2847/2267 2062/2848/2268
f 2058/2844/2264 2063/2849/2269 1078/1513/1207
f 2058/2844/2264 2062/2848/2268 2063/2849/2269
f 2058/2844/2264 2060/2846/2266 2061/2847/2267
f 2064/2850/2270 4116/2851/2271 4938/2852/2272
f 2064/2853/2270 2065/2854/2273 4116/2855/2271
f 2064/2853/2270 2066/2856/2274 2065/2854/2273
f 2064/2853/2270 4938/2857/2272 2066/2856/2274
f 2067/2858/2275 2068/2859/2276 2069/2860/2277
f 2067/2858/2275 2070/2861/2278 2068/2859/2276
f 2067/2858/2275 999/1423/1125 2070/2861/2278
f 2067/2858/2275 1000/1424/1126 999/1423/1125
f 2067/2858/2275 2069/2860/2277 2071/2862/2279
f 2067/2858/2275 2071/2862/2279 1000/1424/1126
f 2072/2863/2280 1006/1430/1132 2073/2864/2281
f 2072/2863/2280 2074/2865/2282 2075/2866/2283
f 2072/2863/2280 2073/2864/2281 2076/2867/2284
f 2072/2863/2280 2075/2866/2283 1006/1430/1132
f 2072/2863/2280 2076/2867/2284 2077/2868/2285
f 2072/2863/2280 2077/2868/2285 2074/2865/2282
f 1011/1435/1137 2078/2869/2286 2079/2870/2287
f 1011/1435/1137 1015/1439/1141 2080/2871/2288
f 1011/1435/1137 2080/2871/2288 2078/2869/2286
f 1011/1435/1137 2079/2870/2287 2081/2872/2289
f 1011/1435/1137 2081/2872/2289 1012/1436/1138
f 2082/2873/2290 1432/2004/1600 1435/2007/1603
f 2082/2873/2290 2083/2874/2291 2084/2875/2292
f 2082/2873/2290 1185/1676/1335 1432/2004/1600
f 2082/2873/2290 1435/2007/1603 2083/2874/2291
f 2082/2873/2290 2084/2875/2292 1185/1676/1335
f 2085/2876/2293 2086/2877/2294 2087/2878/2295
f 2085/2876/2293 2088/2879/2296 2089/2880/2297
f 2085/2876/2293 2087/2878/2295 2090/2881/2298
f 2085/2876/2293 2090/2881/2298 2088/2879/2296
f 2085/2876/2293 2089/2880/2297 2086/2877/2294
f 2091/2882/2299 2092/2883/2300 2093/2884/2301
f 2091/2882/2299 2094/2885/2302 2095/2886/2303
f 2091/2887/2299 2093/2888/2301 2096/2889/2304
f 2091/2882/2299 2095/2886/2303 2092/2883/2300
f 2091/2890/2299 2097/2891/2305 2635/2892/2306
f 2091/2882/2299 2098/2893/2307 2094/2885/2302
f 2091/2887/2299 2096/2889/2304 2097/2894/2305
f 2091/2890/2299 2635/2892/2306 2098/2895/2307
f 2099/2896/2308 2100/2897/2309 1286/1812/1442
f 2099/2896/2308 2101/2898/2310 2102/2899/2311
f 2099/2896/2308 2103/2900/2312 2104/2901/2313
f 2099/2896/2308 2104/2901/2313 2101/2898/2310
f 2099/2896/2308 2102/2899/2311 2100/2897/2309
f 2099/2896/2308 1286/1812/1442 2103/2900/2312
f 2106/2902/2314 3399/2903/2315 2105/2904/2316
f 2106/2905/2314 660/910/730 661/911/731
f 2106/2902/2314 661/2906/731 189/290/220
f 2106/2902/2314 189/290/220 3400/2907/2317
f 2106/2902/2314 3400/2907/2317 3399/2903/2315
f 2106/2908/2314 2105/2909/2316 2107/2910/2318
f 2106/2905/2314 2109/2911/2319 660/910/730
f 2106/2908/2314 2108/2912/2320 2109/2913/2319
f 2106/2908/2314 2107/2910/2318 2108/2912/2320
f 2111/2914/2321 2112/814/656 2110/2915/2322
f 2111/2916/2321 4164/2917/2323 2112/2918/656
f 2111/2916/2321 2113/2919/2324 5252/2920/2325
f 2111/2916/2321 2114/2921/2326 2115/2922/2327
f 2111/2916/2321 5145/2923/2328 4164/2917/2323
f 2111/2916/2321 5169/2924/2329 2114/2921/2326
f 2111/2916/2321 2110/2925/2322 5169/2924/2329
f 2111/2916/2321 2115/2922/2327 2113/2919/2324
f 2111/2916/2321 5252/2920/2325 5145/2923/2328
f 2116/2926/2330 1677/2345/1872 1681/2349/1876
f 2116/2927/2330 2117/2928/2331 2118/2929/2332
f 2116/2927/2330 2119/2930/2333 2117/2928/2331
f 2116/2926/2330 2120/2931/2334 1677/2345/1872
f 2116/2926/2330 2118/2932/2332 2120/2931/2334
f 2116/2927/2330 1681/2933/1876 2119/2930/2333
f 1602/2265/1795 117/183/137 1301/1829/1459
f 1602/2265/1795 1301/1829/1459 1303/1831/1461
f 1602/2265/1795 1303/1831/1461 2121/2934/2335
f 2122/2935/2336 2123/2936/2337 2124/2937/2338
f 2122/2935/2336 2125/2938/2339 2126/2939/2340
f 2122/2935/2336 2127/2940/2341 2128/2941/2342
f 2122/2935/2336 2128/2941/2342 2125/2938/2339
f 2122/2935/2336 2124/2937/2338 2127/2940/2341
f 2122/2935/2336 2126/2939/2340 2123/2936/2337
f 2132/2942/2343 2129/2943/2344 2135/2944/2345
f 2132/2942/2343 2130/2945/2346 2129/2943/2344
f 2132/2942/2343 2131/2946/2347 2130/2945/2346
f 2132/2947/2343 2133/2948/2348 1316/1845/1475
f 2132/2942/2343 2134/2949/2349 554/761/618
f 2132/2942/2343 553/759/616 720/1006/798
f 2132/2947/2343 1316/1845/1475 2134/2950/2349
f 2132/2942/2343 720/1006/798 2131/2946/2347
f 2132/2947/2343 2135/2951/2345 2133/2948/2348
f 2132/2942/2343 554/761/618 553/759/616
f 2136/2952/2350 2137/2953/2351 2138/2954/2352
f 2136/2952/2350 2139/2955/2353 2137/2953/2351
f 2136/2952/2350 2140/2956/2354 2139/2955/2353
f 2136/2952/2350 2138/2954/2352 4778/2957/2355
f 2136/2952/2350 4778/2957/2355 2440/2958/2356
f 2136/2952/2350 2440/2958/2356 2140/2956/2354
f 1361/1895/1518 4359/2959/2357 2141/2960/2358
f 1361/1895/1518 1366/1900/1523 2142/2961/2359
f 1361/1895/1518 2142/2961/2359 4359/2959/2357
f 1361/1895/1518 2141/2960/2358 1362/1896/1519
f 2143/2962/2360 3708/2963/2361 2144/2964/2362
f 2143/2965/2360 2144/2966/2362 4209/2967/2363
f 2143/2962/2360 2145/2968/1272 3708/2963/2361
f 2143/2969/2360 2146/2970/1274 2145/2971/1272
f 2143/2965/2360 4209/2967/2363 2146/2972/1274
f 2149/1992/1589 2147/2973/2364 2150/2974/2365
f 2149/1992/1589 1422/1994/1591 2148/2975/2366
f 2149/2976/1589 2150/2977/2365 2151/2978/1590
f 2149/1992/1589 2148/2975/2366 2147/2973/2364
f 2152/2979/2367 2153/2980/2368 769/1083/858
f 2152/2979/2367 2154/2981/2369 1259/1781/14
f 2152/2979/2367 769/1083/858 767/1081/856
f 2152/2979/2367 767/1081/856 2154/2981/2369
f 2152/2979/2367 1255/1777/1408 2153/2980/2368
f 2152/2979/2367 1259/1781/14 1255/1777/1408
f 2155/2982/2370 603/837/672 1263/1785/1415
f 2155/2982/2370 2156/2983/2371 2157/2984/2372
f 2155/2982/2370 2157/2984/2372 2158/2985/2373
f 2155/2982/2370 1262/1784/1414 2156/2983/2371
f 2155/2982/2370 2158/2985/2373 603/837/672
f 2155/2982/2370 1263/1785/1415 1262/1784/1414
f 2159/2986/2374 4747/2987/2375 2160/2988/2376
f 2159/2989/2374 3856/2990/2377 4747/2991/2375
f 2159/2986/2374 2161/2992/2378 2162/2993/2379
f 2159/2989/2374 1500/2108/1681 3856/2990/2377
f 2159/2989/2374 2162/2994/2379 1500/2108/1681
f 2159/2986/2374 2160/2988/2376 2161/2992/2378
f 69/111/79 2163/2995/2380 2164/2996/2381
f 69/111/79 2165/2997/2382 2163/2995/2380
f 69/111/79 2164/2996/2381 70/112/80
f 69/111/79 71/113/81 4126/2998/2383
f 69/111/79 4126/2998/2383 2165/2997/2382
f 2166/2999/2384 2167/3000/2385 4739/3001/2386
f 2166/3002/2384 2168/3003/2387 2167/3004/2385
f 2166/3005/2384 3167/3006/2388 2169/3007/2389
f 2166/3008/2384 5053/3009/2390 2168/3010/2387
f 2166/2999/2384 4739/3001/2386 3167/3011/2388
f 2166/3008/2384 2169/3012/2389 5053/3009/2390
f 2170/2070/1653 1476/2069/1652 3533/3013/2391
f 2170/3014/1653 3533/3015/2391 5216/3016/2392
f 2171/3017/2393 2172/3018/2394 2173/3019/2395
f 2171/3017/2393 2173/3019/2395 2174/3020/2396
f 2171/3017/2393 4493/3021/2397 4921/3022/2398
f 2171/3017/2393 4921/3022/2398 2175/3023/2399
f 2171/3017/2393 2174/3020/2396 4493/3021/2397
f 2171/3017/2393 2175/3023/2399 2172/3018/2394
f 1760/2453/1960 2176/3024/2400 1761/2454/1961
f 1760/2453/1960 2177/3025/2401 2178/3026/730
f 1760/2453/1960 2178/3026/730 2176/3024/2400
f 1760/2453/1960 1763/2456/1963 2177/3025/2401
f 2179/3027/2402 2180/3028/2403 2181/3029/2404
f 2179/3027/2402 2182/3030/2405 887/2145/994
f 2179/3027/2402 887/2145/994 2183/3031/2406
f 2179/3027/2402 2183/3031/2406 2180/3028/2403
f 2179/3027/2402 2181/3029/2404 2182/3030/2405
f 2184/3032/2407 4116/3033/2271 2065/3034/2273
f 2184/3035/2407 2185/3036/1240 4278/3037/2408
f 2184/3038/2407 2065/3039/2273 1107/3040/1241
f 2184/3041/2407 1107/1551/1241 2185/1550/1240
f 2184/3042/2407 4278/3043/2408 4116/3044/2271
f 2186/3045/2409 2187/3046/2410 2188/3047/2411
f 2186/3045/2409 2189/3048/2412 2190/3049/2413
f 2186/3045/2409 2190/3049/2413 2191/3050/2414
f 2186/3045/2409 2192/3051/2415 2187/3046/2410
f 2186/3045/2409 2188/3047/2411 2189/3048/2412
f 2186/3045/2409 2191/3050/2414 2192/3051/2415
f 2193/3052/2416 2194/3053/2417 2195/3054/2418
f 2193/3052/2416 2195/3054/2418 2196/3055/2419
f 2193/3052/2416 2197/3056/2420 2198/3057/2421
f 2193/3052/2416 2198/3057/2421 2199/3058/2422
f 2193/3052/2416 2196/3055/2419 2197/3056/2420
f 2193/3052/2416 2199/3058/2422 2194/3053/2417
f 2200/3059/2423 2201/3060/2424 2202/3061/2425
f 2200/3059/2423 1120/1569/1256 2203/3062/2426
f 2200/3059/2423 2204/3063/2427 2205/3064/2428
f 2200/3059/2423 2202/3061/2425 1120/1569/1256
f 2200/3059/2423 2203/3062/2426 2204/3063/2427
f 2200/3059/2423 2205/3064/2428 2201/3060/2424
f 2209/2086/1658 2206/3065/2429 2207/3066/471
f 2209/2078/1658 2208/3067/2430 1479/2079/1659
f 2209/3068/1658 2207/592/471 2208/3069/2430
f 2209/2086/1658 1484/2084/1663 2206/3065/2429
f 2210/3070/2431 2211/3071/2432 2212/3072/2433
f 2210/3070/2431 2212/3072/2433 2213/3073/2434
f 2210/3070/2431 2213/3073/2434 2214/3074/2435
f 2210/3070/2431 2214/3074/2435 2215/3075/2436
f 2210/3070/2431 2215/3075/2436 2211/3071/2432
f 2216/3076/2437 2217/3077/2438 79/123/88
f 2216/3076/2437 843/1192/942 2218/3078/84
f 2216/3076/2437 456/636/515 2217/3077/2438
f 2216/3076/2437 75/117/84 843/1192/942
f 2216/3076/2437 2218/3078/84 456/636/515
f 2216/3076/2437 79/123/88 75/117/84
f 848/1199/947 1353/1887/1511 849/1200/948
f 2219/3079/2439 2220/3080/2440 1184/1675/1334
f 2219/3079/2439 1184/1675/1334 1186/1677/1336
f 2219/3079/2439 2221/3081/2441 2222/3082/2442
f 2219/3079/2439 2222/3082/2442 701/976/779
f 2219/3079/2439 1186/1677/1336 2221/3081/2441
f 2219/3079/2439 701/976/779 2220/3080/2440
f 2225/3083/2443 2223/3084/2444 2227/3085/2445
f 2225/3083/2443 2961/3086/2040 2224/3087/2446
f 2225/3083/2443 2224/3087/2446 2223/3084/2444
f 2225/3088/2443 4421/3089/2447 2226/3090/2448
f 2225/3083/2443 2226/3091/2448 2961/3086/2040
f 2225/3088/2443 2227/3092/2445 4421/3089/2447
f 2228/3093/2449 2229/3094/2450 2230/3095/2451
f 2228/3093/2449 2230/3095/2451 2231/3096/2452
f 2228/3093/2449 2232/3097/2453 2229/3094/2450
f 2228/3093/2449 2231/3096/2452 2233/3098/2454
f 2228/3093/2449 2233/3098/2454 2234/3099/2455
f 2228/3093/2449 2234/3099/2455 2232/3097/2453
f 2236/3100/2456 2235/3101/2457 2237/3102/2458
f 2236/3103/2456 2237/3104/2458 5199/3105/2459
f 2236/3103/2456 5199/3105/2459 2238/3106/2460
f 2236/3100/2456 2239/3107/2461 2235/3101/2457
f 2236/3108/2456 2238/3109/2460 5123/3110/2462
f 2236/3100/2456 5123/3111/2462 2239/3107/2461
f 2240/3112/2463 2241/3113/2464 1210/1719/1361
f 2240/3112/2463 2242/3114/2465 2243/3115/2466
f 2240/3112/2463 1210/1719/1361 2242/3114/2465
f 2240/3112/2463 2244/3116/2467 2245/3117/2468
f 2240/3112/2463 2245/3117/2468 2241/3113/2464
f 2240/3112/2463 2243/3115/2466 2244/3116/2467
f 2246/3118/2469 2247/3119/2470 2248/3120/2471
f 2246/3118/2469 2248/3120/2471 2249/3121/2472
f 2246/3118/2469 2250/3122/2473 2247/3119/2470
f 2246/3118/2469 2251/3123/2474 2252/3124/2475
f 2246/3118/2469 2252/3124/2475 2250/3122/2473
f 2246/3118/2469 2249/3121/2472 2251/3123/2474
f 1222/1731/1373 2253/3125/2476 1223/1732/1374
f 1222/1731/1373 726/1016/806 728/1018/808
f 1222/1731/1373 728/1018/808 2254/3126/2477
f 1222/1731/1373 2254/3126/2477 2253/3125/2476
f 2255/3127/2478 2256/3128/2479 3806/3129/2480
f 2255/3130/2478 3208/3131/2481 5182/3132/2482
f 2255/3127/2478 3806/3129/2480 3808/3133/2483
f 2255/3130/2478 5182/3132/2482 2256/3134/2479
f 2255/3130/2478 3808/3135/2483 3208/3131/2481
f 1591/2247/1782 1596/2252/1787 2260/3136/2484
f 1591/2247/1782 959/1365/1079 1592/2248/1783
f 1591/2247/1782 2260/3136/2484 959/1365/1079
f 1236/1751/1389 1237/1753/1391 2257/3137/2485
f 1236/1751/1389 2257/3137/2485 319/464/362
f 1236/3138/1389 2258/3139/2486 406/581/460
f 1236/3138/1389 318/462/361 2258/3139/2486
f 1236/3138/1389 319/463/362 318/462/361
f 1236/3138/1389 406/581/460 2259/3140/1390
f 1873/922/739 668/933/742 2260/3141/2484
f 1873/2608/739 2260/3136/2484 1596/2252/1787
f 2261/3142/2487 2262/3143/2488 2263/3144/2489
f 2261/3142/2487 2263/3144/2489 2264/3145/2490
f 2261/3142/2487 1118/1567/1254 2202/3061/2425
f 2261/3142/2487 2264/3145/2490 1118/1567/1254
f 2261/3142/2487 2202/3061/2425 2265/3146/2491
f 2261/3142/2487 2265/3146/2491 2262/3143/2488
f 2266/3147/2492 2267/3148/2493 2268/3149/2494
f 2266/3147/2492 2269/3150/2495 2270/3151/2496
f 2266/3147/2492 3645/3152/2497 2269/3150/2495
f 2266/3147/2492 2271/3153/2498 3645/3152/2497
f 2266/3147/2492 2268/3149/2494 2271/3153/2498
f 2266/3147/2492 2270/3151/2496 2267/3148/2493
f 389/557/442 4081/143/97 390/558/443
f 389/557/442 2272/3154/2499 4081/143/97
f 389/557/442 395/565/447 2272/3154/2499
f 2273/3155/2500 2274/3156/2501 2275/3157/2502
f 2273/3155/2500 2276/3158/2503 4676/3159/2504
f 2273/3155/2500 2277/3160/2505 2274/3156/2501
f 2273/3155/2500 4676/3159/2504 129/198/149
f 2273/3155/2500 129/198/149 2277/3160/2505
f 2273/3155/2500 2275/3157/2502 2276/3158/2503
f 2278/3161/2506 2279/3162/2507 4126/2998/2383
f 2278/3161/2506 71/113/81 72/114/82
f 2278/3161/2506 2280/3163/2508 2281/3164/2509
f 2278/3161/2506 72/114/82 2280/3163/2508
f 2278/3161/2506 2281/3164/2509 2279/3162/2507
f 2278/3161/2506 4126/2998/2383 71/113/81
f 2282/3165/2510 2283/3166/2511 536/739/597
f 2282/3165/2510 536/739/597 537/740/84
f 2282/3165/2510 2284/3167/2512 2283/3166/2511
f 2282/3165/2510 537/740/84 2285/3168/2513
f 2282/3165/2510 2285/3168/2513 2286/3169/2514
f 2282/3165/2510 2286/3169/2514 2284/3167/2512
f 2287/3170/2515 2288/3171/2516 2289/3172/2517
f 2287/3170/2515 3798/3173/2518 2290/3174/2519
f 2287/3170/2515 2291/3175/2520 2292/3176/2521
f 2287/3170/2515 2289/3172/2517 3798/3173/2518
f 2287/3170/2515 2292/3176/2521 2288/3171/2516
f 2287/3170/2515 2290/3174/2519 2291/3175/2520
f 2295/3177/730 2293/3178/2522 2294/3179/2523
f 2295/3180/730 2296/3181/2524 2297/3182/730
f 2295/3177/730 1287/1813/1443 2298/1815/1445
f 2295/3177/730 2294/3179/2523 1287/1813/1443
f 2295/3180/730 2298/3183/1445 2296/3181/2524
f 2295/3180/730 2297/3182/730 2293/3184/2522
f 2299/3185/2525 2756/3186/2526 3995/3187/2527
f 2299/3185/2525 2302/3188/2528 2300/3189/2529
f 2299/3190/2525 2301/3191/2530 2302/3192/2528
f 2299/3185/2525 2303/3193/2531 2301/3194/2530
f 2299/3185/2525 2300/3189/2529 2756/3186/2526
f 2299/3185/2525 3995/3187/2527 2303/3193/2531
f 2304/3195/2532 3058/3196/2533 2305/3197/2534
f 2304/3195/2532 2306/3198/2535 1293/1821/1451
f 2304/3195/2532 2305/3197/2534 2307/3199/2536
f 2304/3195/2532 2307/3199/2536 2308/3200/2537
f 2304/3195/2532 1293/1821/1451 3058/3196/2533
f 2304/3195/2532 2308/3200/2537 2306/3198/2535
f 807/1142/905 2309/3201/2538 2310/3202/2539
f 807/1142/905 806/1141/904 2311/3203/2540
f 807/1142/905 2310/3202/2539 808/1143/906
f 807/1142/905 2311/3203/2540 2309/3201/2538
f 812/1147/910 2312/3204/2541 2313/3205/2542
f 812/1147/910 2313/3205/2542 813/1148/911
f 812/1147/910 817/1152/915 2312/3204/2541
f 2314/3206/2543 2070/2861/2278 2315/3207/2544
f 2314/3206/2543 2316/3208/2545 2317/3209/2546
f 2314/3206/2543 2315/3207/2544 2318/3210/2547
f 2314/3206/2543 2318/3210/2547 2316/3208/2545
f 2314/3206/2543 2319/3211/2548 2070/2861/2278
f 2314/3206/2543 2317/3209/2546 2319/3211/2548
f 2320/3212/2549 2321/3213/2550 2322/3214/2551
f 2320/3212/2549 2323/3215/2552 2324/3216/2553
f 2320/3212/2549 744/1043/826 748/1047/830
f 2320/3212/2549 2322/3214/2551 744/1043/826
f 2320/3212/2549 2325/3217/2554 2323/3215/2552
f 2320/3212/2549 748/1047/830 2326/3218/2555
f 2320/3212/2549 2326/3218/2555 2325/3217/2554
f 2320/3212/2549 2324/3216/2553 2321/3213/2550
f 2328/1669/1326 753/1049/832 2329/3219/836
f 2328/1669/1326 1179/1668/1329 2327/3220/2556
f 2328/3221/1326 2329/3222/836 2330/3223/1327
f 2328/1669/1326 2327/3220/2556 753/1049/832
f 2331/3224/2557 2332/3225/2558 2333/3226/2559
f 2331/3224/2557 2334/3227/2560 2335/3228/2561
f 2331/3224/2557 1143/1611/1287 1142/1608/1286
f 2331/3224/2557 2335/3228/2561 1143/1611/1287
f 2331/3224/2557 1142/1608/1286 2332/3225/2558
f 2331/3224/2557 2333/3226/2559 2334/3227/2560
f 2336/3229/2562 2337/3230/2563 2338/3231/2564
f 2336/3229/2562 2339/3232/2565 2340/3233/2566
f 2336/3229/2562 2341/3234/2567 2337/3230/2563
f 2336/3229/2562 2340/3233/2566 580/802/645
f 2336/3229/2562 2338/3231/2564 2339/3232/2565
f 2336/3229/2562 580/802/645 2341/3234/2567
f 2342/3235/2568 2343/3236/2569 1638/2302/1832
f 2342/3235/2568 2344/3237/2570 2345/3238/2571
f 2342/3235/2568 1638/2302/1832 1643/2307/1837
f 2342/3235/2568 2345/3238/2571 2343/3236/2569
f 2342/3235/2568 2346/3239/2572 2344/3237/2570
f 2342/3235/2568 1643/2307/1837 2346/3239/2572
f 2347/3240/2573 2348/3241/2574 2349/3242/2575
f 2347/3240/2573 2350/3243/2576 2351/3244/2577
f 2347/3240/2573 2352/3245/2578 2353/3246/2579
f 2347/3240/2573 2351/3244/2577 2352/3245/2578
f 2347/3240/2573 2349/3242/2575 2350/3243/2576
f 2347/3240/2573 2353/3246/2579 2348/3241/2574
f 2357/3247/246 2354/3248/2580 1655/2320/246
f 2357/3249/246 2359/3250/2581 5188/3251/2582
f 2357/3252/246 2355/3253/2583 1437/2010/1606
f 2357/3247/246 1440/3254/1609 2356/3255/2584
f 2357/3256/246 2358/3257/2585 2360/3258/2586
f 2357/3247/246 1655/2320/246 4254/2317/246
f 2357/3247/246 4254/2317/246 2359/3259/2581
f 2357/3252/246 2360/3260/2586 2355/3253/2583
f 2357/3247/246 2356/3255/2584 2354/3248/2580
f 455/635/514 2361/3261/84 2217/3077/2438
f 455/635/514 2217/3077/2438 456/636/515
f 455/635/514 2362/3262/2587 2361/3261/84
f 455/635/514 461/642/519 2362/3262/2587
f 2363/3263/572 864/1225/970 1616/2280/1810
f 2363/3263/572 1613/2277/1807 944/1340/1059
f 2363/3263/572 944/1340/1059 865/1226/971
f 2363/3263/572 865/1226/971 864/1225/970
f 2363/3263/572 1616/2280/1810 1613/2277/1807
f 2364/3264/2588 2365/3265/2589 2366/3266/2590
f 2364/3264/2588 2366/3266/2590 1960/2717/2166
f 2364/3264/2588 2367/3267/2591 2365/3265/2589
f 2364/3264/2588 1960/2717/2166 1959/2715/2165
f 2364/3264/2588 1959/2715/2165 2368/3268/2592
f 2364/3264/2588 2368/3268/2592 2367/3267/2591
f 2369/3269/2593 2370/3270/2594 2371/3271/2595
f 2369/3269/2593 2371/3271/2595 2372/3272/2596
f 2369/3269/2593 2373/3273/2597 1626/2290/1820
f 2369/3269/2593 2374/3274/2598 2373/3273/2597
f 2369/3269/2593 2372/3272/2596 2374/3274/2598
f 2369/3269/2593 1626/2290/1820 2370/3270/2594
f 2377/3275/2599 2375/3276/2600 2376/3277/2601
f 2377/3278/2599 2376/3279/2601 2378/3280/2602
f 2377/3275/2599 4333/3281/2603 2088/2879/2296
f 2377/3275/2599 2378/3282/2602 4333/3281/2603
f 2377/3275/2599 2088/2879/2296 150/239/176
f 2377/3275/2599 150/239/176 2375/3276/2600
f 1046/1478/1173 1048/1480/246 2379/3283/2604
f 1046/1478/1173 2380/3284/2605 1047/1479/1174
f 1046/1478/1173 2379/3283/2604 2381/3285/2606
f 1046/1478/1173 2382/3286/2607 2380/3284/2605
f 1046/1478/1173 2381/3285/2606 2382/3286/2607
f 1052/1484/1178 2383/3287/2608 2384/3288/2609
f 1052/1484/1178 1056/1488/1182 2385/3289/2610
f 1052/1484/1178 2385/3289/2610 2383/3287/2608
f 1052/1484/1178 2384/3288/2609 1053/1485/1179
f 1059/1491/1185 1061/1493/1187 2386/3290/2611
f 1059/1491/1185 1401/1949/1561 2387/3291/2612
f 1059/1491/1185 1691/3292/1886 1060/1492/1186
f 1059/1491/1185 2387/3291/2612 1691/3292/1886
f 1059/1491/1185 2386/3290/2611 1401/1949/1561
f 2388/3293/2613 1968/674/542 1972/2731/2177
f 2388/3293/2613 1966/2724/2173 2389/3294/2614
f 2388/3293/2613 2389/3294/2614 1968/674/542
f 2388/3293/2613 1972/2731/2177 1970/2729/2176
f 2388/3293/2613 1970/2729/2176 1966/2724/2173
f 2392/3295/2615 2390/3296/2616 2391/3297/2617
f 2392/3295/2615 898/1277/1012 2390/3296/2616
f 2392/3295/2615 2391/3297/2617 2393/3298/2618
f 2392/3299/2615 2393/3300/2618 898/1273/1012
f 2394/3301/2619 3975/3302/2620 2395/3303/2621
f 2394/3301/2619 1454/3304/1624 2396/3305/2622
f 2394/3306/2619 1455/2036/1625 1454/2035/1624
f 2394/3301/2619 2395/3303/2621 1455/3307/1625
f 2394/3301/2619 2396/3305/2622 4604/3308/2623
f 2394/3301/2619 4604/3308/2623 3975/3302/2620
f 2397/3309/2624 2006/2782/2211 2005/2781/2213
f 2397/3309/2624 2398/3310/2625 2399/3311/2626
f 2397/3309/2624 4322/3312/2627 2006/2782/2211
f 2397/3309/2624 2005/2781/2213 2398/3310/2625
f 2397/3309/2624 2399/3311/2626 4322/3312/2627
f 2401/3313/1789 3941/3314/2628 2400/3315/2629
f 2401/3316/1789 2402/3317/2630 1597/3318/1790
f 2401/3313/1789 2400/3315/2629 2402/3319/2630
f 2401/3313/1789 1600/2258/1792 3941/3314/2628
f 2403/3320/2631 2404/3321/2632 2405/3322/2633
f 2403/3320/2631 2406/3323/2634 2407/3324/2635
f 2403/3320/2631 2405/3322/2633 2408/3325/2636
f 2403/3320/2631 2409/3326/2637 2406/3323/2634
f 2403/3320/2631 2408/3325/2636 2409/3326/2637
f 2403/3320/2631 2407/3324/2635 2404/3321/2632
f 2411/3327/2638 2413/3328/2639 2410/3329/2640
f 2411/3330/2638 2410/3331/2640 2414/3332/2641
f 2411/3333/2638 2412/3334/2642 2413/3335/2639
f 2411/3336/2638 2414/3337/2641 2415/3338/2643
f 2411/3336/2638 2415/3338/2643 2412/3339/2642
f 2419/3340/2644 2416/3341/2645 4359/2959/2357
f 2419/3340/2644 2417/3342/2646 2418/3343/2647
f 2419/3344/2644 1189/1680/1339 2416/3345/2645
f 2419/3340/2644 4359/2959/2357 2142/2961/2359
f 2419/3340/2644 2142/2961/2359 2417/3342/2646
f 2419/3340/2644 2418/3343/2647 1189/3346/1339
f 2420/3347/2648 2421/3348/2649 865/1226/971
f 2420/3347/2648 2422/3349/2650 2421/3348/2649
f 2420/3347/2648 944/1340/1059 945/1341/1060
f 2420/3347/2648 945/1341/1060 2422/3349/2650
f 2420/3347/2648 865/1226/971 944/1340/1059
f 2423/3350/2651 2424/3351/2652 2425/3352/2653
f 2423/3350/2651 2425/3352/2653 872/1233/978
f 2423/3350/2651 2426/3353/2654 2427/3354/2655
f 2423/3350/2651 2428/3355/2656 2426/3353/2654
f 2423/3350/2651 2427/3354/2655 2424/3351/2652
f 2423/3350/2651 872/1233/978 2428/3355/2656
f 2429/3356/2657 2430/3357/2658 2431/3358/2659
f 2429/3356/2657 2432/3359/2660 2430/3357/2658
f 2429/3356/2657 2433/3360/2661 2434/3361/2662
f 2429/3356/2657 2431/3358/2659 2433/3360/2661
f 2429/3356/2657 2434/3361/2662 2432/3359/2660
f 2436/3362/2663 2496/3363/2664 2435/3364/2665
f 2436/3365/2663 2435/3366/2665 2440/2958/2356
f 2436/3362/2663 2437/3367/2666 2496/3363/2664
f 2436/3362/2663 2438/3368/2667 2439/3369/2668
f 2436/3362/2663 2440/3370/2356 2438/3368/2667
f 2436/3362/2663 2439/3369/2668 2437/3367/2666
f 2441/3371/2669 755/3372/839 2442/3373/2670
f 2441/3371/2669 2442/3373/2670 2443/3374/2671
f 2441/3371/2669 2444/3375/840 755/3372/839
f 2441/3371/2669 2443/3374/2671 2444/3375/840
f 1135/1598/1279 2445/3376/2672 1136/1599/1280
f 1135/1598/1279 1140/1603/1283 2446/3377/2673
f 1135/1598/1279 2446/3377/2673 2447/3378/2674
f 1135/1598/1279 2447/3378/2674 2445/3376/2672
f 2332/3225/2558 1147/1607/1285 2448/3379/2675
f 2332/3225/2558 1142/1608/1286 1147/1607/1285
f 2332/3225/2558 2448/3379/2675 2333/3226/2559
f 2449/3380/2676 2450/3381/2677 2451/3382/2678
f 2449/3380/2676 5196/3383/13 2452/3384/2679
f 2449/3380/2676 2452/3384/2679 3459/3385/2680
f 2449/3380/2676 3459/3385/2680 2450/3381/2677
f 2449/3380/2676 2451/3382/2678 5196/3383/13
f 2453/3386/2681 1662/2330/1857 1667/2335/1862
f 2453/3386/2681 2454/3387/2682 2455/3388/572
f 2453/3386/2681 2455/3388/572 1662/2330/1857
f 2453/3386/2681 2456/3389/2683 2454/3387/2682
f 2453/3386/2681 1667/2335/1862 1758/2451/1958
f 2453/3386/2681 1758/2451/1958 2456/3389/2683
f 790/3390/881 287/416/325 284/413/322
f 790/1112/881 284/2118/322 785/1113/882
f 790/3391/881 789/3392/887 287/3393/325
f 2457/3394/2684 2458/3395/2685 2459/3396/2686
f 2457/3394/2684 2125/2938/2339 2460/3397/2687
f 2457/3394/2684 2459/3396/2686 2126/2939/2340
f 2457/3394/2684 2126/2939/2340 2125/2938/2339
f 2457/3394/2684 2460/3397/2687 2458/3395/2685
f 2463/2365/1891 2461/3398/2688 1695/2366/1892
f 2463/2365/1891 2462/3399/205 2461/3398/2688
f 2463/3400/1891 3873/3401/2689 2462/269/205
f 2463/3400/1891 1697/3402/1894 3873/3401/2689
f 2464/3403/208 2465/3404/953 5179/3405/960
f 2464/3403/208 5179/3405/960 2466/3406/2690
f 2464/274/208 4440/3407/2691 187/275/209
f 2464/3403/208 2467/3408/215 2465/3404/953
f 2464/3403/208 2466/3406/2690 4440/3409/2691
f 2468/3410/2692 4858/3411/2693 2469/3412/2694
f 2468/3410/2692 2470/3413/2695 2471/3414/2696
f 2468/3410/2692 2469/3412/2694 2472/3415/2697
f 2468/3410/2692 2471/3414/2696 4858/3411/2693
f 2468/3410/2692 2472/3415/2697 2470/3413/2695
f 2473/3416/2698 2474/3417/2699 2475/3418/2700
f 2473/3416/2698 3949/3419/2701 2476/3420/2702
f 2473/3416/2698 2475/3418/2700 2477/3421/2703
f 2473/3422/2698 2477/3423/2703 2478/3424/2704
f 2473/3416/2698 2476/3420/2702 2474/3417/2699
f 2473/3416/2698 2478/3425/2704 3949/3419/2701
f 2479/3426/2705 4056/3427/2706 2480/3428/2707
f 2479/3429/2705 2480/3430/2707 4937/3431/2708
f 2479/3429/2705 2481/3432/2709 4056/3433/2706
f 2479/3429/2705 4937/3431/2708 2481/3432/2709
f 2486/3434/1247 2482/3435/1069 2800/3436/2710
f 2486/3437/1247 2800/3438/2710 3124/3439/819
f 2486/3437/1247 737/3440/818 2483/3441/2711
f 2486/1557/1247 2484/3442/2712 2485/3443/2713
f 2486/3437/1247 2483/3441/2711 2484/3444/2712
f 2486/3445/1247 1114/3446/1250 2482/3447/1069
f 2486/1557/1247 2485/3443/2713 1112/1558/1248
f 2486/3437/1247 3124/3439/819 737/3440/818
f 1983/2749/2187 2487/3448/2714 1984/2750/2188
f 1983/2749/2187 2309/3201/2538 2488/3449/2715
f 1983/2749/2187 2488/3449/2715 2487/3448/2714
f 1983/2749/2187 1988/2754/2192 2309/3201/2538
f 2489/3450/2716 2490/3451/2717 2491/3452/2718
f 2489/3450/2716 2492/3453/2719 1965/2722/2171
f 2489/3450/2716 1965/2722/2171 2490/3451/2717
f 2489/3450/2716 2493/3454/2720 2434/3361/2662
f 2489/3450/2716 2491/3452/2718 2493/3454/2720
f 2489/3450/2716 2434/3361/2662 2492/3453/2719
f 2496/3363/2664 2437/3367/2666 1553/2188/1741
f 2496/3363/2664 2494/3455/2721 2495/3456/2722
f 2496/3457/2664 2495/3458/2722 2435/3366/2665
f 2496/3363/2664 1553/2188/1741 2494/3455/2721
f 2497/3459/2723 2498/3460/84 2499/3461/435
f 2497/3462/2723 2499/550/435 388/555/440
f 2497/3459/2723 2502/3463/2724 2500/3464/2725
f 2497/3459/2723 2500/3464/2725 2498/3460/84
f 2497/3462/2723 388/555/440 2501/3465/2726
f 2497/3462/2723 2501/3465/2726 2502/3466/2724
f 1561/2200/1749 1395/1943/1555 2503/3467/2727
f 1561/2200/1749 3623/3468/2728 1562/2201/1750
f 1561/2200/1749 2503/3467/2727 2504/3469/2729
f 1561/2200/1749 2504/3469/2729 3623/3468/2728
f 2505/3470/2730 5063/3471/2731 5274/3472/2732
f 2505/3470/2730 2/3/3 2506/3473/2733
f 2505/3470/2730 2507/3474/2734 5063/3471/2731
f 2505/3470/2730 2506/3473/2733 2507/3474/2734
f 2505/3470/2730 5274/3472/2732 2/3/3
f 1149/3475/964 2508/3476/1294 2511/3477/2735
f 1149/1219/964 860/1221/966 2509/3478/2736
f 1149/1219/964 2509/3478/2736 2510/3479/2737
f 1149/3480/964 2511/3481/2735 5127/3482/965
f 1149/3483/964 5257/3484/2738 2512/3485/1292
f 1149/1219/964 2510/3479/2737 5257/3486/2738
f 2513/3487/2739 4615/3488/2740 2514/3489/2741
f 2513/3487/2739 2515/3490/2742 1157/1632/1302
f 2513/3487/2739 2514/3489/2741 2516/3491/2743
f 2513/3487/2739 1157/1632/1302 4615/3488/2740
f 2513/3487/2739 2517/3492/2744 2515/3490/2742
f 2513/3487/2739 2516/3491/2743 2517/3492/2744
f 2518/3493/1304 4460/3494/2745 5009/3495/2746
f 2518/1635/1304 4429/3496/2747 1159/1636/1305
f 2518/1635/1304 5144/3497/2748 5198/3498/2749
f 2518/3499/1304 5009/3500/2746 5144/3501/2748
f 2518/3502/1304 5227/3503/2750 4460/3504/2745
f 2518/1635/1304 5198/3498/2749 4429/3496/2747
f 2518/3505/1304 5244/3506/1307 5227/3507/2750
f 2519/3508/2751 2520/3509/2752 1583/2231/1775
f 2519/3508/2751 5106/3510/2753 2521/3511/2754
f 2519/3508/2751 2522/3512/2755 2520/3509/2752
f 2519/3508/2751 2521/3511/2754 2522/3512/2755
f 2519/3508/2751 5107/2230/1774 5106/3510/2753
f 2519/3508/2751 1583/2231/1775 5107/2230/1774
f 2523/3513/2756 2524/3514/2757 1173/1655/1321
f 2523/3513/2756 257/381/293 2525/3515/2758
f 2523/3513/2756 2526/3516/2759 2524/3514/2757
f 2523/3513/2756 2525/3515/2758 2526/3516/2759
f 2523/3513/2756 1173/1655/1321 257/381/293
f 1174/1656/1322 1861/2594/2068 1862/2595/2069
f 1174/1656/1322 1175/1657/1323 1861/2594/2068
f 1174/1656/1322 1862/2595/2069 2527/3517/2760
f 1174/1656/1322 2527/3517/2760 338/487/381
f 2528/3518/2761 4081/136/97 2529/3519/2762
f 2528/3518/2761 2530/3520/2763 4081/136/97
f 2528/3518/2761 2529/3519/2762 2531/3521/2764
f 2528/3518/2761 2531/3521/2764 2532/3522/2765
f 2528/3518/2761 2532/3522/2765 2530/3520/2763
f 2022/2801/2228 4868/3523/2766 1307/1835/1465
f 2022/2801/2228 2024/2803/2230 2533/3524/2767
f 2022/2801/2228 4765/3525/2768 4868/3523/2766
f 2022/2801/2228 2533/3524/2767 4765/3525/2768
f 636/883/707 1486/2088/1665 2534/3526/2769
f 636/883/707 639/886/710 1486/2088/1665
f 636/3527/707 2534/3528/2769 2535/3529/2770
f 636/883/707 2535/3530/2770 637/884/708
f 2137/2953/2351 2139/2955/2353 2536/3531/2771
f 2137/2953/2351 2537/3532/2772 2538/3533/2773
f 2137/2953/2351 2536/3531/2771 2539/3534/2774
f 2137/2953/2351 2538/3533/2773 2138/2954/2352
f 2137/2953/2351 2539/3534/2774 2537/3532/2772
f 2540/3535/2775 1879/2617/2088 2541/3536/2776
f 2540/3535/2775 2542/3537/2777 2543/3538/2778
f 2540/3535/2775 2544/3539/2779 1879/2617/2088
f 2540/3535/2775 2541/3536/2776 2545/3540/2780
f 2540/3535/2775 2545/3540/2780 2542/3537/2777
f 2540/3535/2775 2543/3538/2778 2544/3539/2779
f 2546/3541/2781 1884/2625/84 2547/3542/2782
f 2546/3541/2781 2547/3542/2782 2548/3543/2783
f 2546/3541/2781 460/641/518 4236/3544/2784
f 2546/3541/2781 4236/3544/2784 1884/2625/84
f 2546/3541/2781 2549/3545/2785 460/641/518
f 2546/3541/2781 2548/3543/2783 2549/3545/2785
f 2552/2628/2094 2550/3546/1694 4095/3547/2786
f 2552/2628/2094 4095/3547/2786 1966/2724/2173
f 2552/2628/2094 1889/2631/2097 2551/3548/2787
f 2552/3549/2094 2551/3550/2787 2550/2126/1694
f 2553/3551/2788 2554/3552/2789 2555/3553/2790
f 2553/3551/2788 2556/3554/2791 2554/3552/2789
f 2553/3551/2788 2557/3555/2792 2558/3556/2793
f 2553/3551/2788 2558/3556/2793 2556/3554/2791
f 2553/3551/2788 2555/3553/2790 2559/3557/2794
f 2553/3551/2788 2559/3557/2794 2557/3555/2792
f 2560/3558/2795 1461/2044/1633 972/1380/1092
f 2560/3558/2795 815/1150/913 2561/3559/2796
f 2560/3558/2795 1900/2642/2104 815/1150/913
f 2560/3558/2795 972/1380/1092 1900/2642/2104
f 2560/3558/2795 2562/3560/2797 1461/2044/1633
f 2560/3558/2795 2561/3559/2796 2562/3560/2797
f 2565/3561/2798 2563/3562/2799 2564/3563/2800
f 2565/3564/2798 2566/3565/2801 2567/3566/2802
f 2565/3561/2798 482/670/538 483/671/539
f 2565/3561/2798 483/671/539 2563/3562/2799
f 2565/3561/2798 2564/3563/2800 2566/3567/2801
f 2565/3561/2798 2567/3568/2802 482/670/538
f 1733/2423/1932 2568/3569/2803 1734/2424/1933
f 1733/2423/1932 1738/2428/1937 2517/3492/2744
f 1733/2423/1932 2517/3492/2744 2568/3569/2803
f 2569/3570/2804 2570/3571/2805 500/691/559
f 2569/3570/2804 2063/2849/2269 2571/3572/2806
f 2569/3570/2804 1744/2434/1943 2570/3571/2805
f 2569/3570/2804 2571/3572/2806 1744/2434/1943
f 2569/3570/2804 500/691/559 1079/1514/1208
f 2569/3570/2804 1079/1514/1208 2063/2849/2269
f 1921/2663/2125 1924/2666/2128 2572/3573/2807
f 1921/2663/2125 2572/3573/2807 1922/2664/2126
f 2573/3574/2808 2574/3575/2809 2575/3576/2810
f 2573/3574/2808 2576/3577/2811 2577/3578/2812
f 2573/3574/2808 2578/3579/2813 2579/3580/2814
f 2573/3574/2808 2577/3578/2812 2578/3579/2813
f 2573/3574/2808 2579/3580/2814 2574/3575/2809
f 2573/3574/2808 2575/3576/2810 2576/3577/2811
f 1933/2678/84 2073/2864/2281 1935/2679/2140
f 1933/2678/84 2580/3581/2815 2076/2867/2284
f 1933/2678/84 1937/2686/2143 2580/3581/2815
f 1933/2678/84 2076/2867/2284 2073/2864/2281
f 2078/2869/2286 2581/3582/2816 2582/3583/2817
f 2078/2869/2286 2582/3583/2817 2583/3584/2818
f 2078/2869/2286 2080/2871/2288 2581/3582/2816
f 2078/2869/2286 2583/3584/2818 2079/2870/2287
f 2584/3585/2819 4747/2987/2375 4984/3586/2820
f 2584/3585/2819 2359/3250/2581 2585/3587/2821
f 2584/3585/2819 2585/3587/2821 2586/3588/2822
f 2584/3585/2819 4984/3586/2820 2359/3250/2581
f 2584/3585/2819 2586/3588/2822 2160/2988/2376
f 2584/3585/2819 2160/2988/2376 4747/2987/2375
f 2587/3589/2823 2588/3590/2824 2589/3591/2825
f 2587/3589/2823 2590/3592/84 908/1288/1021
f 2587/3589/2823 2589/3591/2825 2590/3592/84
f 2587/3589/2823 908/1288/1021 905/1284/1020
f 2587/3589/2823 905/1284/1020 2591/3593/2826
f 2587/3589/2823 2591/3593/2826 2588/3590/2824
f 2593/3594/2827 1556/2191/1744 2592/3595/2828
f 2593/3596/2827 1974/2738/2179 1973/2737/2181
f 2593/3594/2827 1557/2192/1745 1556/2191/1744
f 2593/3594/2827 1973/2742/2181 1557/2192/1745
f 2593/3596/2827 2594/3597/2829 1974/2738/2179
f 2593/3596/2827 2592/3598/2828 2594/3597/2829
f 2595/3599/2830 541/744/601 544/747/604
f 2595/3599/2830 1285/1811/1441 1878/2620/2087
f 2595/3599/2830 1878/2620/2087 2596/3600/2831
f 2595/3599/2830 544/747/604 1285/1811/1441
f 2595/3599/2830 2597/3601/2832 541/744/601
f 2595/3599/2830 2596/3600/2831 2597/3601/2832
f 2599/3602/2833 1670/2338/1865 2598/3603/2834
f 2599/3604/2833 2600/3605/2835 2601/3606/2836
f 2599/3602/2833 2601/3607/2836 1670/2338/1865
f 2599/3602/2833 2598/3603/2834 2602/3608/2837
f 2599/3604/2833 2602/3609/2837 2603/3610/2838
f 2599/3604/2833 2603/3610/2838 2600/3605/2835
f 2604/3611/2839 2605/3612/1006 4513/3613/2840
f 2604/3611/2839 2606/3614/2841 4785/3615/2842
f 2604/3616/2839 2607/3617/2843 2605/1267/1006
f 2604/3611/2839 4785/3615/2842 2607/3618/2843
f 2604/3611/2839 4513/3613/2840 2606/3614/2841
f 2612/3619/2844 2608/3620/2845 2609/3621/2846
f 2612/3619/2844 2610/3622/2847 1681/2933/1876
f 2612/3619/2844 2609/3621/2846 2610/3622/2847
f 2612/3619/2844 2611/3623/2848 2608/3620/2845
f 2612/3624/2844 1680/2348/1875 2611/3625/2848
f 2612/3619/2844 1681/2933/1876 1680/3626/1875
f 2613/3627/2849 2614/3628/2850 563/773/627
f 2613/3627/2849 2615/3629/1882 5084/3630/2851
f 2613/3627/2849 5084/3630/2851 2616/3631/2852
f 2613/3627/2849 563/773/627 2615/3629/1882
f 2613/3627/2849 2616/3631/2852 2617/3632/2853
f 2613/3627/2849 2617/3632/2853 2614/3628/2850
f 2618/3633/2854 2619/3634/2855 2620/3635/2856
f 2618/3633/2854 1689/2358/1884 2621/3636/2857
f 2618/3633/2854 2620/3635/2856 2622/3637/2858
f 2618/3633/2854 2622/3637/2858 1690/2359/1885
f 2618/3633/2854 1690/2359/1885 1689/2358/1884
f 2618/3633/2854 2621/3636/2857 2619/3634/2855
f 2321/3213/2550 182/280/213 2623/3638/2859
f 2321/3213/2550 2623/3638/2859 2624/3639/2860
f 2321/3213/2550 2624/3639/2860 2322/3214/2551
f 2321/3213/2550 2324/3216/2553 182/280/213
f 2627/2373/1899 2625/3640/2861 2626/3641/2862
f 2627/2373/1899 1705/2377/1903 2625/3640/2861
f 2627/3642/1899 2629/3643/2863 1702/3644/1900
f 2627/3645/1899 2626/3646/2862 2628/3647/2864
f 2627/3648/1899 2628/3649/2864 2629/3650/2863
f 2630/3651/2865 2631/3652/169 2632/3653/2866
f 2630/3651/2865 2632/3653/2866 2633/3654/2867
f 2630/3651/2865 2634/3655/2868 2631/3652/169
f 2630/3651/2865 2633/3654/2867 2635/3656/2306
f 2630/3651/2865 2635/3656/2306 2634/3655/2868
f 2636/3657/2869 2637/3658/2870 2638/3659/2871
f 2636/3657/2869 2638/3659/2871 1827/2546/2031
f 2636/3657/2869 1827/2546/2031 742/1041/824
f 2636/3657/2869 741/1040/823 2639/3660/2872
f 2636/3657/2869 2639/3660/2872 2637/3658/2870
f 2636/3657/2869 742/1041/824 741/1040/823
f 1563/2203/1752 395/3661/447 1394/3662/2873
f 1394/1942/1554 2503/3467/2727 1395/1943/1555
f 2640/3663/2874 2641/3664/2875 429/607/486
f 2640/3663/2874 429/607/486 2642/3665/2876
f 2640/3663/2874 2643/3666/2877 2641/3664/2875
f 2640/3663/2874 2642/3665/2876 2644/3667/2878
f 2640/3663/2874 1569/2209/1758 2643/3666/2877
f 2640/3663/2874 2644/3667/2878 2645/3668/2879
f 2640/3663/2874 2645/3668/2879 1569/2209/1758
f 1188/1679/1338 2416/3345/2645 1189/1680/1339
f 1188/1679/1338 1190/1681/1340 2646/3669/2880
f 1188/1679/1338 2647/3670/2881 2416/3345/2645
f 1188/1679/1338 2646/3669/2880 2647/3670/2881
f 2649/3671/2882 2167/3672/2385 2648/3673/2883
f 2649/3671/2882 4739/3674/2386 2167/3672/2385
f 2649/3675/2882 2648/3676/2883 5124/3677/2884
f 2649/3678/2882 2650/3679/2885 4739/3680/2386
f 2649/3678/2882 5124/3681/2884 2650/3679/2885
f 787/1115/883 2651/3682/2886 788/1116/884
f 787/1121/883 4873/1118/886 2651/3683/2886
f 2652/3684/2887 630/876/700 2653/3685/2888
f 2652/3684/2887 913/1294/1027 630/876/700
f 2652/3684/2887 2654/3686/2889 1748/2440/1948
f 2652/3684/2887 2655/3687/2890 914/1295/1028
f 2652/3684/2887 1748/2440/1948 2655/3687/2890
f 2652/3684/2887 914/1295/1028 913/1294/1027
f 2652/3684/2887 2653/3685/2888 2654/3686/2889
f 2241/3113/2464 2245/3117/2468 2656/3688/2891
f 2241/3113/2464 1211/1720/1362 1210/1719/1361
f 2241/3113/2464 2656/3688/2891 2657/3689/2892
f 2241/3113/2464 2657/3689/2892 1211/1720/1362
f 2658/3690/730 2659/3691/2893 2252/3124/2475
f 2658/3690/730 2177/3025/2401 2660/3692/2894
f 2658/3690/730 2660/3692/2894 2659/3691/2893
f 2658/3690/730 2661/3693/2895 2662/3694/2896
f 2658/3690/730 2252/3124/2475 2661/3693/2895
f 2658/3690/730 2662/3694/2896 2177/3025/2401
f 2663/3695/2897 2664/3696/2898 652/902/723
f 2663/3695/2897 1138/1601/1281 5085/3697/2899
f 2663/3695/2897 5085/3697/2899 2665/3698/2900
f 2663/3695/2897 652/902/723 1138/1601/1281
f 2663/3695/2897 2666/3699/2901 2664/3696/2898
f 2663/3695/2897 2665/3698/2900 2666/3699/2901
f 276/400/312 3039/3700/2902 2667/3701/2903
f 276/400/312 2668/3702/2904 4641/1548/1239
f 276/400/312 277/401/313 3039/3700/2902
f 276/3703/312 2667/3704/2903 2668/3705/2904
f 1536/2165/1722 2669/3706/2905 1540/2166/1723
f 1536/2165/1722 1538/2170/1726 2670/3707/2906
f 1536/2165/1722 2670/3707/2906 2671/3708/2907
f 1536/2165/1722 2671/3708/2907 2669/3706/2905
f 2675/3709/2908 755/3710/839 2672/3711/2909
f 2675/3712/2908 2673/3713/2910 3929/3714/2911
f 2675/3715/2908 2674/3716/2912 2442/3717/2670
f 2675/3712/2908 3929/3714/2911 2674/3718/2912
f 2675/3719/2908 3838/3720/1714 3017/3721/2913
f 2675/3715/2908 2442/3717/2670 755/3722/839
f 2675/3723/2908 2672/3724/2909 3838/3725/1714
f 2675/3712/2908 3017/3726/2913 2673/3713/2910
f 2676/3727/2914 2679/3728/2915 2677/3729/2916
f 2676/3730/2914 4744/3731/2917 2678/3732/2918
f 2676/3730/2914 2678/3732/2918 2679/3733/2915
f 2676/3730/2914 2680/3734/2919 4744/3731/2917
f 2676/3727/2914 2677/3729/2916 2681/3735/2920
f 2676/3727/2914 2681/3735/2920 2680/3736/2919
f 2682/3737/2921 2683/3738/2922 2206/3065/2429
f 2682/3737/2921 2684/3739/2923 675/939/749
f 2682/3737/2921 2206/3065/2429 1484/2084/1663
f 2682/3737/2921 674/938/748 2683/3738/2922
f 2682/3737/2921 675/939/749 674/938/748
f 2682/3737/2921 1484/2084/1663 2684/3739/2923
f 1788/2483/1990 2685/3740/2924 2686/3741/2925
f 1788/2483/1990 1791/2486/1993 2685/3740/2924
f 1788/2483/1990 1071/1505/1199 1070/1504/1198
f 1788/2483/1990 2686/3741/2925 1071/1505/1199
f 2687/3742/2926 2688/3743/2927 4871/3744/2928
f 2687/3742/2926 2689/3745/2929 2690/3746/2930
f 2687/3742/2926 689/954/764 2689/3745/2929
f 2687/3742/2926 2691/3747/2931 2688/3743/2927
f 2687/3742/2926 2690/3746/2930 2691/3747/2931
f 2687/3742/2926 4871/3744/2928 689/954/764
f 1798/2496/2000 1356/1890/1513 2692/3748/2932
f 1798/2496/2000 1358/1892/1515 1356/1890/1513
f 1798/2496/2000 2692/3748/2932 1799/2497/2001
f 1498/2101/1678 2693/3749/2933 4125/2102/1679
f 1498/3750/1678 2161/2992/2378 2693/3751/2933
f 1498/2101/1678 1500/2108/1681 2162/2994/2379
f 1498/3750/1678 2162/2993/2379 2161/2992/2378
f 2694/3752/2934 2279/3753/2507 140/3754/162
f 2694/3752/2934 2165/3755/2382 2279/3753/2507
f 2694/3752/2934 140/3754/162 2695/3756/2935
f 2694/3752/2934 2696/3757/2936 2165/3755/2382
f 2694/3752/2934 2695/3756/2935 2696/3757/2936
f 917/3758/1032 4387/3759/2937 2697/3760/984
f 917/1300/1032 2697/3761/984 918/1301/1033
f 917/1300/1032 921/1305/1035 4389/3762/2938
f 917/1300/1032 4389/3762/2938 4387/3763/2937
f 2699/3764/2939 3864/3765/2940 2698/3766/2941
f 2699/3767/2939 1202/1696/1353 1201/1701/1352
f 2699/3768/2939 2698/3769/2941 1813/2523/2016
f 2699/3767/2939 1813/3770/2016 1202/1696/1353
f 2699/3764/2939 2700/3771/2942 3864/3765/2940
f 2699/3772/2939 1201/1694/1352 2700/3773/2942
f 2701/3774/2943 2702/3775/2944 1252/1774/1405
f 2701/3774/2943 2703/3776/2945 2702/3775/2944
f 2701/3774/2943 5241/3777/2946 2703/3776/2945
f 2701/3778/2943 1249/1769/1403 2704/3779/2947
f 2701/3774/2943 1252/1774/1405 1249/3780/1403
f 2701/3774/2943 2704/3781/2947 5241/3777/2946
f 2705/3782/2948 30/46/32 34/50/36
f 2705/3782/2948 802/1137/900 2706/3783/2949
f 2705/3782/2948 1295/1823/1453 802/1137/900
f 2705/3782/2948 34/50/36 1296/1824/1454
f 2705/3782/2948 1296/1824/1454 1295/1823/1453
f 2705/3782/2948 2706/3783/2949 30/46/32
f 2707/3784/2950 2708/3785/2951 2709/3786/2952
f 2707/3784/2950 271/395/307 272/396/308
f 2707/3784/2950 272/396/308 2710/3787/2953
f 2707/3784/2950 2709/3786/2952 271/395/307
f 2707/3784/2950 2710/3787/2953 2711/3788/2954
f 2707/3784/2950 2711/3788/2954 2708/3785/2951
f 2712/3789/2955 2619/3634/2855 2713/3790/2956
f 2712/3789/2955 2714/3791/2957 2620/3635/2856
f 2712/3789/2955 2715/3792/2958 2716/3793/2959
f 2712/3789/2955 2620/3635/2856 2619/3634/2855
f 2712/3789/2955 2713/3790/2956 2715/3792/2958
f 2712/3789/2955 2716/3793/2959 2714/3791/2957
f 2717/3794/916 1525/2154/1715 1527/2156/916
f 2717/3794/916 822/1157/916 1525/2154/1715
f 2717/3794/916 2718/3795/916 823/1158/916
f 2717/3794/916 1527/2156/916 2718/3795/916
f 2717/3794/916 823/1158/916 822/1157/916
f 2719/3796/2960 2720/3797/2961 1534/2163/1720
f 2719/3796/2960 2721/3798/2962 2720/3797/2961
f 2719/3796/2960 1534/2163/1720 828/1164/923
f 2719/3796/2960 2722/3799/2963 2721/3798/2962
f 2719/3796/2960 827/1163/922 2722/3799/2963
f 2719/3796/2960 828/1164/923 827/1163/922
f 2724/3800/2964 578/800/641 4587/3801/2965
f 2724/3800/2964 2723/3802/2966 2726/3803/2967
f 2724/3804/2964 2578/3579/2813 2725/3805/2968
f 2724/3800/2964 4587/3801/2965 2723/3802/2966
f 2724/3804/2964 2725/3805/2968 578/791/641
f 2724/3804/2964 2726/3806/2967 2578/3579/2813
f 1246/1772/1400 1251/1771/1404 416/594/473
f 1246/1766/1400 2727/3807/472 2728/3808/2969
f 1246/1766/1400 2728/3808/2969 1247/1767/1401
f 1246/1772/1400 416/594/473 2727/593/472
f 2729/3809/2970 2730/3810/2971 2731/3811/2972
f 2729/3809/2970 2213/3073/2434 2732/3812/2973
f 2729/3809/2970 2214/3074/2435 2213/3073/2434
f 2729/3809/2970 2732/3812/2973 2730/3810/2971
f 2729/3809/2970 2733/3813/2974 2214/3074/2435
f 2729/3809/2970 2731/3811/2972 2733/3813/2974
f 2734/3814/2975 986/1397/1108 2735/3815/2976
f 2734/3814/2975 2736/3816/2977 2737/3817/2978
f 2734/3814/2975 2737/3817/2978 2270/3151/2496
f 2734/3814/2975 2735/3815/2976 2736/3816/2977
f 2734/3814/2975 2270/3151/2496 2738/3818/2979
f 2734/3814/2975 2738/3818/2979 986/1397/1108
f 2739/3819/2980 2740/3820/2981 2741/3821/2982
f 2739/3819/2980 3557/3822/2983 2740/3820/2981
f 2739/3819/2980 2742/3823/2984 2743/3824/2985
f 2739/3819/2980 2744/3825/2986 3557/3822/2983
f 2739/3819/2980 2743/3824/2985 2744/3825/2986
f 2739/3819/2980 2741/3821/2982 2742/3823/2984
f 2274/3156/2501 2745/3826/2987 2275/3157/2502
f 2274/3156/2501 2277/3160/2505 2746/3827/2988
f 2274/3156/2501 2746/3827/2988 2747/3828/2989
f 2274/3156/2501 2747/3828/2989 2745/3826/2987
f 1065/1498/1192 2748/3829/2990 1575/2215/1764
f 1065/1498/1192 1069/1503/1197 1573/2213/1762
f 1065/1498/1192 1573/2213/1762 2748/3829/2990
f 1065/1498/1192 1575/2215/1764 3284/1499/1193
f 2092/2883/2300 2095/2886/2303 2749/3830/2991
f 2092/2883/2300 2750/3831/2992 2093/2884/2301
f 2092/2883/2300 2749/3830/2991 1734/2424/1933
f 2092/2883/2300 1734/2424/1933 2750/3831/2992
f 1740/2430/1939 2751/3832/2993 2752/3833/2994
f 1740/2430/1939 1744/2434/1943 2571/3572/2806
f 1740/2430/1939 2571/3572/2806 2751/3832/2993
f 1740/2430/1939 2752/3833/2994 1741/2431/1940
f 2293/3834/2522 342/491/385 2753/3835/2995
f 2293/3834/2522 2753/3835/2995 2294/3836/2523
f 2293/3184/2522 2297/3182/730 2754/3837/2996
f 2293/3834/2522 2754/3838/2996 342/491/385
f 2756/3839/2526 4821/3840/2997 2755/3841/2998
f 2756/3842/2526 2757/3843/2999 2758/3844/3000
f 2756/3839/2526 4822/3845/3001 4821/3840/2997
f 2756/3842/2526 2755/3846/2998 2757/3843/2999
f 2756/3186/2526 2300/3189/2529 4822/3847/3001
f 2756/3848/2526 2758/3849/3000 3995/3850/2527
f 1839/2565/2047 2759/3851/3002 1840/2566/2048
f 1839/2565/2047 2760/3852/3003 2761/3853/3004
f 1839/2565/2047 1841/2567/2049 2760/3852/3003
f 1839/2565/2047 2761/3853/3004 2759/3851/3002
f 1377/1917/1535 1955/2710/2162 1957/2713/2164
f 1377/1917/1535 1957/2713/2164 1378/1918/1536
f 1377/1917/1535 1380/1920/1538 1955/2710/2162
f 1228/1743/1379 1227/1742/817 736/1027/816
f 1228/1743/1379 434/612/491 2762/3854/3005
f 1228/1743/1379 736/1027/816 1606/2269/1799
f 1228/1743/1379 2762/3854/3005 2763/3855/1380
f 1228/1743/1379 1606/2269/1799 434/612/491
f 436/614/493 742/1041/824 437/615/494
f 2764/3856/3006 1875/2610/2083 2765/3857/3007
f 2764/3856/3006 1876/2611/2084 1875/2610/2083
f 2764/3858/3006 1514/3859/1698 2766/3860/3008
f 2764/3856/3006 2765/3857/3007 1514/2130/1698
f 2764/3858/3006 2766/3860/3008 1876/2612/2084
f 2767/3861/3009 2768/3862/3010 1618/2282/1812
f 2767/3861/3009 753/1049/832 2327/3220/2556
f 2767/3861/3009 1618/2282/1812 1621/2285/1815
f 2767/3861/3009 1621/2285/1815 750/1050/833
f 2767/3861/3009 2327/3220/2556 2768/3862/3010
f 2767/3861/3009 750/1050/833 753/1049/832
f 2769/3863/3011 3593/3864/3012 3590/3865/3013
f 2769/3863/3011 2770/3866/3014 2771/3867/3015
f 2769/3863/3011 2772/3868/3016 2770/3866/3014
f 2769/3863/3011 2773/3869/3017 2774/3870/3018
f 2769/3863/3011 2775/3871/842 2776/3872/844
f 2769/3863/3011 4787/3873/3019 2773/3869/3017
f 2769/3863/3011 2776/3872/844 4787/3873/3019
f 2769/3863/3011 2771/3867/3015 3593/3864/3012
f 2769/3863/3011 2774/3870/3018 2772/3868/3016
f 2769/3863/3011 3590/3865/3013 2775/3871/842
f 2777/3874/3020 2778/3875/3021 682/946/756
f 2777/3874/3020 2779/3876/3022 5027/3877/3023
f 2777/3874/3020 5027/3877/3023 2778/3875/3021
f 2777/3874/3020 682/946/756 681/945/755
f 2777/3874/3020 681/945/755 761/1075/850
f 2777/3874/3020 761/1075/850 2779/3876/3022
f 764/1078/853 2780/3878/3024 2781/3879/3025
f 764/1078/853 2782/3880/3026 2780/3878/3024
f 764/1078/853 769/1083/858 2782/3880/3026
f 764/1078/853 2781/3879/3025 765/1079/854
f 2348/3241/2574 2783/3881/3027 2784/3882/3028
f 2348/3241/2574 2353/3246/2579 2783/3881/3027
f 2348/3241/2574 2784/3882/3028 2785/3883/3029
f 2348/3241/2574 2785/3883/3029 2349/3242/2575
f 2786/3884/3030 2787/3885/3031 4624/3886/3032
f 2786/3884/3030 168/257/194 1805/2512/2008
f 2786/3884/3030 169/258/195 168/257/194
f 2786/3884/3030 2788/3887/3033 169/258/195
f 2786/3884/3030 1805/2512/2008 2787/3885/3031
f 2786/3884/3030 4624/3886/3032 2788/3887/3033
f 175/264/201 2789/3888/3034 2790/3889/3035
f 175/264/201 4178/3890/3036 2791/3891/3037
f 175/264/201 2791/3891/3037 2789/3888/3034
f 175/264/201 5166/3892/3038 4178/3890/3036
f 175/264/201 179/272/206 5166/3892/3038
f 175/264/201 2790/3889/3035 176/265/202
f 2792/3893/3039 2793/3894/3040 942/1338/1057
f 2792/3893/3039 2794/3895/3041 2795/3896/3042
f 2792/3893/3039 2796/3897/3043 2793/3894/3040
f 2792/3893/3039 2795/3896/3042 2796/3897/3043
f 2792/3893/3039 942/1338/1057 2794/3895/3041
f 2365/3265/2589 2367/3267/2591 2797/3898/3044
f 2365/3265/2589 2797/3898/3044 2798/3899/3045
f 2365/3265/2589 2799/3900/3046 2366/3266/2590
f 2365/3265/2589 2798/3899/3045 2799/3900/3046
f 2482/1357/1069 4924/1354/1072 3125/3901/3047
f 2482/3902/1069 1114/3903/1250 3828/3904/1070
f 2482/1357/1069 3125/3901/3047 2800/3905/2710
f 2801/3906/3048 1549/2184/1737 1551/2186/1739
f 2801/3906/3048 1551/2186/1739 2802/3907/3049
f 2801/3906/3048 2803/3908/3050 2804/3909/3051
f 2801/3906/3048 2805/3910/3052 2803/3908/3050
f 2801/3906/3048 2804/3909/3051 1954/2708/2160
f 2801/3906/3048 1954/2708/2160 1549/2184/1737
f 2801/3906/3048 2802/3907/3049 2805/3910/3052
f 2806/3911/3053 2807/3912/3054 2808/3913/3055
f 2806/3911/3053 2556/3554/2791 2809/3914/3056
f 2806/3911/3053 2810/3915/3057 2811/3916/3058
f 2806/3911/3053 2811/3916/3058 2556/3554/2791
f 2806/3911/3053 2809/3914/3056 2807/3912/3054
f 2806/3911/3053 2808/3913/3055 2810/3915/3057
f 2383/3287/2608 2812/3917/3059 2813/3918/3060
f 2383/3287/2608 2814/3919/3061 2812/3917/3059
f 2383/3287/2608 2385/3289/2610 2814/3919/3061
f 2383/3287/2608 2813/3918/3060 2384/3288/2609
f 2815/3920/3062 4803/3921/3063 2816/3922/3064
f 2815/3920/3062 1402/1950/1562 2817/3923/3065
f 2815/3920/3062 2816/3922/3064 5181/3924/3066
f 2815/3920/3062 2818/3925/3067 4803/3921/3063
f 2815/3920/3062 2817/3923/3065 2818/3925/3067
f 2815/3920/3062 5181/3924/3066 1402/1950/1562
f 2819/3926/3068 2822/3927/3069 2820/3928/3070
f 2819/3929/3068 2821/3930/3071 2822/3931/3069
f 2819/3929/3068 840/1190/939 232/351/266
f 2819/3929/3068 232/351/266 2821/3930/3071
f 2819/3926/3068 2820/3928/3070 840/1187/939
f 1409/1961/1573 1412/1965/1577 2823/3932/3072
f 1409/1961/1573 2824/3933/3073 1410/1962/1574
f 1409/1961/1573 2823/3932/3072 2824/3933/3073
f 2825/3934/3074 3117/3935/3075 5253/3936/3076
f 2825/3937/3074 2826/3938/3077 4331/3939/3078
f 2825/3940/3074 4625/673/541 2827/3941/3079
f 2825/3940/3074 2827/3941/3079 2828/3942/3080
f 2825/3943/3074 4331/3944/3078 3117/3945/3075
f 2825/3937/3074 5149/3946/3081 2826/3938/3077
f 2825/3937/3074 2828/3947/3080 5149/3946/3081
f 2825/3940/3074 5253/3948/3076 4625/673/541
f 546/749/606 2829/3949/3082 1508/2121/1689
f 546/749/606 550/753/610 2829/3949/3082
f 2830/3950/3083 2831/3951/3084 1007/1431/1133
f 2830/3950/3083 1007/1431/1133 2075/2866/2283
f 2830/3950/3083 2832/3952/84 2833/3953/3085
f 2830/3950/3083 2075/2866/2283 2832/3952/84
f 2830/3950/3083 2833/3953/3085 2831/3951/3084
f 425/603/482 2834/3954/3086 40/57/43
f 425/603/482 40/57/43 39/56/42
f 425/603/482 427/605/484 2835/3955/3087
f 425/603/482 2835/3955/3087 2834/3954/3086
f 2840/3956/3088 658/3957/728 2836/3958/3089
f 2840/3956/3088 2836/3958/3089 2837/3959/3090
f 2840/3956/3088 1949/2701/2154 2838/3960/3091
f 2840/3956/3088 2837/3959/3090 1949/2701/2154
f 2840/3956/3088 2841/3961/3092 2839/3962/3093
f 2840/3956/3088 2839/3962/3093 658/3957/728
f 2840/3963/3088 2838/3964/3091 2841/3965/3092
f 2842/3966/3094 2843/3967/3095 1232/1747/1385
f 2842/3966/3094 1232/1747/1385 2844/3968/3096
f 2842/3966/3094 2844/3968/3096 2845/3969/3097
f 2842/3966/3094 2845/3969/3097 2843/3967/3095
f 2846/3970/3098 2847/3971/3099 2848/3972/3100
f 2846/3970/3098 2849/3973/3101 2847/3971/3099
f 2846/3970/3098 2850/3974/3102 2804/3909/3051
f 2846/3970/3098 2804/3909/3051 2851/3975/3103
f 2846/3970/3098 2851/3975/3103 2849/3973/3101
f 2846/3970/3098 2848/3972/3100 2850/3974/3102
f 2852/3976/3104 2853/3977/3105 2854/3978/3106
f 2852/3976/3104 2854/3978/3106 952/1348/1067
f 2852/3976/3104 2855/3979/3107 869/1230/975
f 2852/3976/3104 2856/3980/3108 2853/3977/3105
f 2852/3976/3104 952/1348/1067 2855/3979/3107
f 2852/3976/3104 869/1230/975 2856/3980/3108
f 2857/3981/3109 2858/3982/3110 2859/3983/3111
f 2857/3981/3109 2859/3983/3111 2860/3984/3112
f 2857/3981/3109 2861/3985/3113 2858/3982/3110
f 2857/3981/3109 2862/3986/3114 2863/3987/3115
f 2857/3981/3109 2863/3987/3115 2861/3985/3113
f 2857/3981/3109 2860/3984/3112 2862/3986/3114
f 1556/2191/1744 3377/2193/1746 2864/3988/3116
f 1556/2191/1744 2864/3988/3116 2592/3595/2828
f 2865/3989/3117 887/1252/994 2866/3990/3118
f 2865/3989/3117 2866/3990/3118 2867/3991/3119
f 2865/3989/3117 2868/3992/3120 887/1252/994
f 2865/3989/3117 2869/3993/3121 2868/3992/3120
f 2865/3989/3117 2867/3991/3119 2869/3993/3121
f 2871/231/167 3326/3994/3122 2870/3995/3123
f 2871/231/167 4353/3996/3124 3691/3997/3125
f 2871/231/167 143/230/171 3326/3994/3122
f 2871/231/167 2870/3995/3123 4353/3996/3124
f 2871/3998/167 3691/3999/3125 142/4000/168
f 2872/4001/3126 2873/4002/3127 2874/4003/3128
f 2872/4001/3126 3950/4004/3129 4755/4005/3130
f 2872/4001/3126 2874/4003/3128 3950/4004/3129
f 2872/4001/3126 896/1270/1009 2873/4002/3127
f 2872/4001/3126 897/1271/1010 896/1270/1009
f 2872/4001/3126 4755/4005/3130 897/1271/1010
f 2223/3084/2444 2224/3087/2446 2875/4006/3131
f 2223/3084/2444 2876/4007/3132 2227/3085/2445
f 2223/3084/2444 2875/4006/3131 2876/4007/3132
f 2877/4008/3133 2878/4009/3134 2879/4010/3135
f 2877/4008/3133 2880/4011/3136 2881/4012/3137
f 2877/4008/3133 2881/4012/3137 1745/2435/1944
f 2877/4008/3133 28/44/30 2880/4011/3136
f 2877/4008/3133 1745/2435/1944 1743/2433/1942
f 2877/4008/3133 2879/4010/3135 28/44/30
f 2877/4008/3133 1743/2433/1942 2878/4009/3134
f 2256/4013/2479 2651/4014/2886 3806/4015/2480
f 2256/4013/2479 2883/4016/3138 2651/4014/2886
f 2256/3134/2479 5182/3132/2482 2882/4017/3139
f 2256/4018/2479 2882/4019/3139 2883/4020/3138
f 2884/4021/3140 2885/4022/3141 2886/4023/3142
f 2884/4021/3140 2670/3707/2906 2885/4022/3141
f 2884/4021/3140 2887/4024/3143 2888/4025/3144
f 2884/4021/3140 2888/4025/3144 2671/3708/2907
f 2884/4021/3140 2886/4023/3142 2887/4024/3143
f 2884/4021/3140 2671/3708/2907 2670/3707/2906
f 2889/4026/3145 2890/4027/3146 2891/4028/3147
f 2889/4026/3145 2891/4028/3147 2892/4029/3148
f 2889/4026/3145 1658/4030/730 2893/4031/3149
f 2889/4026/3145 2894/4032/3150 1658/4030/730
f 2889/4026/3145 2892/4029/3148 2894/4032/3150
f 2889/4026/3145 2893/4031/3149 2890/4027/3146
f 2895/4033/3151 2896/4034/3152 1351/1885/1509
f 2895/4033/3151 1351/1885/1509 2897/4035/3153
f 2895/4033/3151 1177/1664/1328 2896/4034/3152
f 2895/4033/3151 2897/4035/3153 2898/4036/3154
f 2895/4033/3151 344/1665/387 1177/1664/1328
f 2895/4033/3151 2898/4036/3154 344/1665/387
f 2899/4037/3155 2900/4038/3156 2901/4039/3157
f 2899/4037/3155 2902/4040/3158 2903/4041/3159
f 2899/4037/3155 1870/4042/2079 2902/4040/3158
f 2899/4037/3155 2901/4039/3157 1870/4042/2079
f 2899/4037/3155 2903/4041/3159 2900/4038/3156
f 1344/1879/1502 1346/1878/1504 2904/4043/3160
f 1344/1875/1502 2862/3986/3114 1345/1876/1503
f 1344/1879/1502 2904/4043/3160 2863/4044/3115
f 1344/1875/1502 2863/3987/3115 2862/3986/3114
f 1875/2610/2083 922/2613/1040 2765/3857/3007
f 2906/4045/3161 2905/4046/3162 2907/4047/3163
f 2906/4048/3161 2907/4049/3163 2908/4050/3164
f 2906/4051/3161 2909/4052/3165 1379/1919/1537
f 2906/4048/3161 5183/4053/3166 2909/4054/3165
f 2906/4051/3161 1379/1919/1537 2905/4055/3162
f 2906/4048/3161 2908/4050/3164 5183/4053/3166
f 2370/3270/2594 2910/4056/3167 2911/4057/3168
f 2370/3270/2594 2912/4058/3169 2910/4056/3167
f 2370/3270/2594 1625/2289/1819 2912/4058/3169
f 2370/3270/2594 2911/4057/3168 2371/3271/2595
f 2370/3270/2594 1626/2290/1820 1625/2289/1819
f 2913/4059/3170 2914/4060/3171 2915/4061/3172
f 2913/4059/3170 2778/3875/3021 5029/4062/3173
f 2913/4059/3170 5029/4062/3173 468/652/526
f 2913/4059/3170 468/652/526 467/650/525
f 2913/4059/3170 2915/4061/3172 2778/3875/3021
f 2913/4059/3170 467/650/525 2914/4060/3171
f 1048/1480/246 1049/1481/1175 2916/4063/3174
f 1048/1480/246 2916/4063/3174 2917/4064/3175
f 1048/1480/246 2917/4064/3175 2379/3283/2604
f 2918/4065/3176 4337/4066/3177 2919/4067/3178
f 2918/4065/3176 2920/4068/3179 4296/4069/3180
f 2918/4065/3176 4296/4069/3180 2921/4070/3181
f 2918/4065/3176 2922/4071/3182 2920/4068/3179
f 2918/4065/3176 2919/4067/3178 2922/4071/3182
f 2918/4065/3176 2921/4070/3181 4337/4066/3177
f 1399/1947/1559 2923/4072/3183 2924/4073/3184
f 1399/1947/1559 1401/1949/1561 2386/3290/2611
f 1399/1947/1559 2924/4073/3184 1400/1948/1560
f 1399/1947/1559 2386/3290/2611 2923/4072/3183
f 2925/4074/3185 2926/4075/3186 2927/4076/3187
f 2925/4074/3185 2928/4077/3188 2929/4078/3189
f 2925/4074/3185 2930/4079/3190 2931/4080/3191
f 2925/4074/3185 901/1276/1014 903/1278/1015
f 2925/4074/3185 903/1278/1015 2932/4081/3192
f 2925/4074/3185 2931/4080/3191 2926/4075/3186
f 2925/4074/3185 2932/4081/3192 2930/4079/3190
f 2925/4074/3185 2929/4078/3189 901/1276/1014
f 2925/4074/3185 2927/4076/3187 2928/4077/3188
f 1800/4082/2002 498/688/556 2175/3023/2399
f 1800/4083/2002 4921/4084/2398 2933/4085/2003
f 1800/4082/2002 2175/3023/2399 4921/3022/2398
f 1800/4082/2002 501/692/560 498/688/556
f 2934/4086/3193 2935/4087/3194 2936/4088/3195
f 2934/4086/3193 2936/4088/3195 4026/4089/3196
f 2934/4086/3193 2572/3573/2807 2107/2910/2318
f 2934/4086/3193 4026/4089/3196 2937/4090/3197
f 2934/4086/3193 2937/4090/3197 2572/3573/2807
f 2934/4086/3193 2107/2910/2318 2935/4087/3194
f 2938/4091/3198 2939/4092/3199 1930/2674/2136
f 2938/4091/3198 1929/2673/2135 2940/4093/3200
f 2938/4091/3198 2940/4093/3200 2939/4092/3199
f 2938/4091/3198 1930/2674/2136 1929/2673/2135
f 509/701/569 2941/4094/3201 722/1010/800
f 509/701/569 722/1010/800 510/702/570
f 509/701/569 512/705/573 2942/4095/3202
f 509/701/569 2942/4095/3202 2941/4094/3201
f 2404/3321/2632 2943/4096/3203 2944/4097/3204
f 2404/3321/2632 2944/4097/3204 2945/4098/3205
f 2404/3321/2632 2407/3324/2635 2943/4096/3203
f 2404/3321/2632 2945/4098/3205 2405/3322/2633
f 2950/4099/3206 2946/4100/3207 2947/4101/3208
f 2950/4099/3206 2948/4102/3209 2949/4103/3210
f 2950/4104/3206 1309/1838/1468 2951/1837/1467
f 2950/4099/3206 2951/4105/1467 2948/4102/3209
f 2950/4099/3206 2949/4103/3210 2946/4100/3207
f 2950/4104/3206 2947/4106/3208 1309/1838/1468
f 2952/4107/3211 2953/4108/3212 2954/4109/3213
f 2952/4107/3211 2955/4110/3214 2319/3211/2548
f 2952/4107/3211 2954/4109/3213 2955/4110/3214
f 2952/4107/3211 2319/3211/2548 2317/3209/2546
f 2952/4107/3211 2317/3209/2546 2956/4111/3215
f 2952/4107/3211 2956/4111/3215 2953/4108/3212
f 316/459/359 2257/3137/2485 2957/4112/3216
f 316/459/359 2957/4112/3216 5119/460/360
f 316/459/359 319/464/362 2257/3137/2485
f 2959/4113/3217 2958/4114/3218 3965/94/70
f 2959/4113/3217 3964/4115/3219 2958/4114/3218
f 2959/4116/3217 4756/4117/69 372/535/422
f 2959/4113/3217 371/4118/421 3964/4115/3219
f 2959/4116/3217 372/535/422 371/534/421
f 2959/4113/3217 3965/94/70 4756/93/69
f 2961/4119/2040 2226/3090/2448 2960/4120/3220
f 2961/4121/2040 3920/4122/3221 2962/4123/3222
f 2961/4124/2040 2960/4125/3220 3920/4126/3221
f 2961/4127/2040 2962/4128/3222 2963/4129/3223
f 2961/4130/2040 1838/4131/2046 2224/4132/2446
f 2961/2555/2040 2963/4133/3223 4370/2556/2041
f 2139/2955/2353 2140/2956/2354 2964/4134/3224
f 2139/2955/2353 2964/4134/3224 2536/3531/2771
f 2965/4135/84 534/737/596 2966/4136/3225
f 2965/4135/84 2966/4136/3225 2967/4137/3226
f 2965/4135/84 2967/4137/3226 882/1247/989
f 2965/4135/84 882/1247/989 2968/4138/84
f 2965/4135/84 2968/4138/84 2969/4139/84
f 2965/4135/84 2969/4139/84 534/737/596
f 2970/4140/3227 2971/4141/3228 2972/4142/3229
f 2970/4140/3227 2972/4142/3229 2973/4143/3230
f 2970/4140/3227 2973/4143/3230 2974/4144/3231
f 2970/4140/3227 2974/4144/3231 2447/3378/2674
f 2970/4140/3227 2446/3377/2673 2971/4141/3228
f 2970/4140/3227 2447/3378/2674 2446/3377/2673
f 1902/2644/2106 2975/4145/3232 2976/4146/3233
f 1902/2644/2106 980/1389/1101 307/448/348
f 1902/2644/2106 1903/2645/2107 2975/4145/3232
f 1902/2644/2106 2976/4146/3233 980/1389/1101
f 2977/4147/3234 3574/4148/3235 2978/4149/3236
f 2977/4150/3234 2978/4151/3236 2979/4152/3237
f 2977/4147/3234 2979/4153/3237 2980/4154/3238
f 2977/4147/3234 2981/4155/3239 3574/4148/3235
f 2977/4147/3234 2980/4154/3238 2981/4155/3239
f 2982/4156/3240 1160/1637/1306 412/588/467
f 2982/4156/3240 4429/3496/2747 2983/4157/3241
f 2982/4156/3240 412/588/467 2984/4158/3242
f 2982/4156/3240 2984/4158/3242 1159/1636/1305
f 2982/4156/3240 1159/1636/1305 4429/3496/2747
f 2982/4156/3240 2983/4157/3241 1160/1637/1306
f 2985/4159/3243 1479/4160/1659 2986/4161/3244
f 2985/4159/3243 2987/4162/3245 2988/4163/3246
f 2985/4159/3243 2521/3511/2754 4047/4164/3247
f 2985/4159/3243 2988/4163/3246 2521/3511/2754
f 2985/4159/3243 4047/4164/3247 1479/4160/1659
f 2985/4159/3243 2986/4161/3244 2987/4162/3245
f 2461/3398/2688 2462/3399/205 2789/3888/3034
f 2461/3398/2688 2989/4165/3248 2990/4166/3249
f 2461/3398/2688 2789/3888/3034 2989/4165/3248
f 2461/3398/2688 2990/4166/3249 1695/2366/1892
f 2991/4167/3250 1425/1997/1594 422/600/479
f 2991/4167/3250 2992/4168/3251 2993/4169/3252
f 2991/4167/3250 2994/4170/3253 2992/4168/3251
f 2991/4167/3250 422/600/479 421/599/478
f 2991/4167/3250 421/599/478 2994/4170/3253
f 2991/4167/3250 2993/4169/3252 1425/1997/1594
f 2995/4171/3254 2996/4172/3255 2997/4173/3256
f 2995/4171/3254 1702/4174/1900 2629/4175/2863
f 2995/4171/3254 2997/4173/3256 2998/4176/3257
f 2995/4171/3254 2629/4175/2863 2996/4172/3255
f 2995/4171/3254 2998/4176/3257 2999/4177/3258
f 2995/4178/3254 2999/4179/3258 1702/2374/1900
f 3001/2406/1922 5148/4180/1682 4357/4181/3259
f 3001/4182/1922 892/1261/1002 3000/4183/3260
f 3001/4184/1922 3000/4185/3260 5148/4186/1682
f 3001/2406/1922 4357/4181/3259 4356/2407/1923
f 3003/4187/3261 3005/4188/3262 3002/4189/3263
f 3003/4190/3261 3004/4191/3264 3005/4192/3262
f 3003/4187/3261 3002/4189/3263 3006/4193/3265
f 3003/4190/3261 3007/4194/3266 3004/4191/3264
f 3003/4187/3261 3006/4193/3265 3007/4195/3266
f 3008/145/103 91/148/106 620/864/691
f 3008/4196/103 620/862/691 3009/4197/3267
f 3008/4196/103 3010/4198/14 3011/4199/104
f 3008/4196/103 3009/4197/3267 3010/4198/14
f 625/869/694 3012/4200/3268 626/870/695
f 625/869/694 3013/4201/3269 3014/4202/3270
f 625/869/694 628/872/697 3013/4201/3269
f 625/869/694 3014/4202/3270 3012/4200/3268
f 630/876/700 913/1294/1027 631/877/701
f 630/876/700 634/880/704 2653/3685/2888
f 106/166/124 921/1303/1035 2681/3735/2920
f 106/166/124 2677/3729/2916 107/167/125
f 106/166/124 2681/3735/2920 2677/3729/2916
f 106/166/124 5005/172/128 921/1303/1035
f 3015/4203/1037 137/210/159 2673/4204/2910
f 3015/1307/1037 922/1310/1040 3016/4205/160
f 3015/1307/1037 2673/4206/2910 3017/4207/2913
f 3015/1307/1037 3016/4205/160 137/4208/159
f 3015/1307/1037 3017/4207/2913 923/1308/1038
f 3018/4209/3271 3019/4210/3272 654/904/725
f 3018/4209/3271 654/904/725 3020/4211/3273
f 3018/4209/3271 3020/4211/3273 3021/4212/3274
f 3018/4209/3271 3021/4212/3274 5224/4213/3275
f 3018/4214/3271 1833/2552/2037 3019/4215/3272
f 3018/4209/3271 5224/4213/3275 1833/4216/2037
f 1923/2665/2127 3022/4217/3276 1924/2666/2128
f 1923/2665/2127 2836/3958/3089 3022/4217/3276
f 1923/2665/2127 1926/2668/2130 2836/3958/3089
f 2720/3797/2961 3023/4218/3277 3024/4219/3278
f 2720/3797/2961 3024/4219/3278 1534/2163/1720
f 2720/3797/2961 2721/3798/2962 3023/4218/3277
f 2129/4220/2344 4330/4221/3279 3025/4222/3280
f 2129/2943/2344 2130/2945/2346 4331/4223/3078
f 2129/4220/2344 4331/4224/3078 4330/4221/3279
f 2129/4220/2344 3025/4222/3280 3026/4225/3281
f 2129/4220/2344 3026/4225/3281 2135/2951/2345
f 2262/3143/2488 3027/4226/3282 3028/4227/3283
f 2262/3143/2488 3028/4227/3283 2263/3144/2489
f 2262/3143/2488 2265/3146/2491 3027/4226/3282
f 1066/1500/1194 3029/4228/3284 5052/4229/3285
f 1066/1500/1194 4380/4230/3286 1067/1501/1195
f 1066/1500/1194 1071/1505/1199 3029/4228/3284
f 1066/1500/1194 5052/4229/3285 4381/4231/3287
f 1066/1500/1194 4381/4231/3287 4380/4230/3286
f 3030/4232/3288 3767/4233/3289 3031/4234/3290
f 3030/4232/3288 4861/4235/3291 3032/4236/3292
f 3030/4232/3288 3031/4234/3290 4861/4235/3291
f 3030/4232/3288 3032/4236/3292 3033/4237/3293
f 3030/4232/3288 386/553/438 385/552/437
f 3030/4232/3288 385/552/437 3767/4233/3289
f 3030/4232/3288 3033/4237/3293 386/553/438
f 3034/4238/3294 4081/143/97 3035/4239/3295
f 3034/4238/3294 3035/4239/3295 3036/4240/3296
f 3034/4238/3294 3036/4240/3296 3037/4241/3297
f 3034/4238/3294 3038/4242/3298 4081/143/97
f 3034/4238/3294 3037/4241/3297 3038/4242/3298
f 3039/4243/2902 775/1090/864 2667/3704/2903
f 3039/3700/2902 277/401/313 432/610/489
f 3039/4243/2902 432/4244/489 775/1090/864
f 3040/4245/3299 3041/4246/3300 3042/4247/3301
f 3040/4245/3299 3043/4248/1851 2894/4032/3150
f 3040/4245/3299 3042/4247/3301 3044/4249/3302
f 3040/4245/3299 2894/4032/3150 3041/4246/3300
f 3040/4245/3299 3044/4249/3302 3045/4250/3303
f 3040/4245/3299 3045/4250/3303 3043/4248/1851
f 3046/4251/572 3047/4252/3304 1666/2334/1861
f 3046/4251/572 1665/2333/1860 3048/4253/572
f 3046/4251/572 1666/2334/1861 1665/2333/1860
f 3046/4251/572 3049/4254/3305 3047/4252/3304
f 3046/4251/572 3048/4253/572 3049/4254/3305
f 3050/4255/3306 96/153/111 3051/4256/3307
f 3050/4255/3306 5189/4257/3308 3052/4258/3309
f 3050/4255/3306 3052/4258/3309 96/153/111
f 3050/4255/3306 3053/4259/3310 3054/4260/3311
f 3050/4255/3306 3054/4260/3311 5189/4257/3308
f 3050/4255/3306 3051/4256/3307 3053/4259/3310
f 3055/4261/3312 4322/3312/2627 2399/3311/2626
f 3055/4261/3312 715/999/792 711/995/790
f 3055/4261/3312 711/995/790 3056/4262/3313
f 3055/4261/3312 3056/4262/3313 4322/3312/2627
f 3055/4261/3312 2399/3311/2626 715/999/792
f 1888/4263/2096 1887/4264/2095 3057/4265/613
f 1888/4263/2096 3057/4265/613 2551/3550/2787
f 1888/4263/2096 2551/3550/2787 5266/4266/3314
f 3058/4267/2533 558/766/620 561/770/624
f 3058/3196/2533 1292/1820/1450 558/4268/620
f 3058/3196/2533 1293/1821/1451 1292/1820/1450
f 3058/4267/2533 561/770/624 3059/4269/3315
f 3058/4267/2533 3059/4269/3315 2305/4270/2534
f 1299/1827/1457 3060/4271/3316 1300/1828/1458
f 1299/1827/1457 3061/4272/3317 3062/4273/3318
f 1299/1827/1457 1304/1832/1462 3061/4272/3317
f 1299/1827/1457 3062/4273/3318 3060/4271/3316
f 3063/4274/3319 1978/54/40 937/4275/1053
f 3063/4274/3319 3064/4276/3320 3065/4277/572
f 3063/4274/3319 936/4278/1052 3064/4276/3320
f 3063/4274/3319 937/4275/1053 936/4278/1052
f 3063/4274/3319 3065/4277/572 1978/54/40
f 3066/4279/3321 3067/4280/3322 3068/4281/3323
f 3066/4279/3321 3068/4281/3323 3069/4282/3324
f 3066/4279/3321 1372/1907/1529 1371/1906/1528
f 3066/4279/3321 3069/4282/3324 1372/1907/1529
f 3066/4279/3321 1371/1906/1528 3067/4280/3322
f 3070/4283/3325 3071/4284/3326 1619/2283/1813
f 3070/4283/3325 3072/4285/3327 3073/4286/3328
f 3070/4283/3325 3074/4287/3329 3072/4285/3327
f 3070/4283/3325 1328/1857/1487 3071/4284/3326
f 3070/4283/3325 1619/2283/1813 3074/4287/3329
f 3070/4283/3325 3073/4286/3328 1328/1857/1487
f 2334/3227/2560 4851/4288/3330 3075/4289/3331
f 2334/3227/2560 4193/4290/3332 3076/4291/3333
f 2334/3227/2560 3077/4292/3334 4851/4288/3330
f 2334/3227/2560 3075/4289/3331 4193/4290/3332
f 2334/3227/2560 3076/4291/3333 3078/4293/3335
f 2334/3227/2560 3078/4293/3335 2335/3228/2561
f 2334/3227/2560 2333/3226/2559 3077/4292/3334
f 3079/4294/3336 3080/4295/3337 595/819/661
f 3079/4294/3336 3081/4296/3338 3082/4297/3339
f 3079/4294/3336 595/819/661 3083/4298/3340
f 3079/4294/3336 3082/4297/3339 3084/4299/3341
f 3079/4294/3336 3084/4299/3341 3080/4295/3337
f 3079/4294/3336 3083/4298/3340 3081/4296/3338
f 2343/3236/2569 2345/3238/2571 3085/4300/3342
f 2343/3236/2569 3086/4301/3343 1638/2302/1832
f 2343/3236/2569 3087/4302/3344 3088/4303/730
f 2343/3236/2569 3085/4300/3342 3087/4302/3344
f 2343/3236/2569 3088/4303/730 3086/4301/3343
f 1645/2309/1839 1647/2311/1841 3089/4304/3345
f 1645/2309/1839 3090/4305/3346 3091/4306/3347
f 1645/2309/1839 3091/4306/3347 1646/2310/1840
f 1645/2309/1839 3089/4304/3345 3090/4305/3346
f 3092/4307/3348 697/971/774 3913/974/777
f 3092/4307/3348 3912/4308/3349 3093/4309/3350
f 3092/4307/3348 2471/3414/2696 697/971/774
f 3092/4307/3348 3093/4309/3350 2471/3414/2696
f 3094/4310/3351 3095/4311/3352 3096/4312/3353
f 3094/4310/3351 1278/1804/1434 3097/4313/3354
f 3094/4310/3351 3096/4312/3353 1278/1804/1434
f 3094/4310/3351 3097/4313/3354 3917/4314/3355
f 3094/4310/3351 3917/4314/3355 3095/4311/3352
f 16/32/18 3098/4315/3356 3099/4316/3357
f 16/32/18 3099/4316/3357 540/743/600
f 16/32/18 540/743/600 17/33/19
f 16/32/18 21/37/23 3098/4315/3356
f 3100/4317/3358 3101/4318/3359 3102/4319/3360
f 3100/4317/3358 3102/4319/3360 3103/4320/3361
f 3100/4317/3358 1588/2241/1780 103/163/121
f 3100/4317/3358 3103/4320/3361 1588/2241/1780
f 3100/4317/3358 3104/4321/3362 3101/4318/3359
f 3100/4317/3358 103/163/121 3104/4321/3362
f 1592/2248/1783 958/1364/1078 1593/2249/1784
f 1592/2248/1783 959/1365/1079 958/1364/1078
f 3105/4322/3363 1677/2345/1872 2120/2931/2334
f 3105/4322/3363 1678/2346/1873 1677/2345/1872
f 3105/4322/3363 3106/4323/3364 1678/2346/1873
f 3105/4322/3363 2120/2931/2334 3107/4324/3365
f 3105/4322/3363 3107/4324/3365 3108/4325/84
f 3105/4322/3363 3108/4325/84 3106/4323/3364
f 1683/2351/1878 1685/2353/1880 3109/4326/3366
f 1683/2351/1878 3110/4327/3367 3111/4328/3368
f 1683/2351/1878 3109/4326/3366 3110/4327/3367
f 1683/2351/1878 3111/4328/3368 1684/2352/1879
f 3112/4329/3369 1692/2361/1887 2387/4330/2612
f 3112/4329/3369 2127/2940/2341 2124/2937/2338
f 3112/4329/3369 2387/4330/2612 1404/4331/1564
f 3112/4329/3369 3113/4332/3370 1692/2361/1887
f 3112/4329/3369 2124/2937/2338 3113/4332/3370
f 3112/4329/3369 1404/4331/1564 2127/2940/2341
f 1825/2544/2029 1826/2545/2030 3114/4333/3371
f 1825/2544/2029 439/617/496 437/615/494
f 1825/2544/2029 3115/4334/3372 439/617/496
f 1825/2544/2029 3114/4333/3371 3115/4334/3372
f 135/208/157 1876/2612/2084 3116/4335/3373
f 135/208/157 3116/4335/3373 136/209/158
f 3117/4336/3075 2130/2945/2346 3118/4337/3374
f 3117/4336/3075 3118/4337/3374 5174/4338/3375
f 3117/4339/3075 4331/4340/3078 2130/4341/2346
f 3117/4342/3075 5174/4343/3375 5253/4344/3076
f 3119/4345/3376 1039/1471/246 3120/4346/3377
f 3119/4345/3376 3120/4346/3377 3121/4347/3378
f 3119/4345/3376 3121/4347/3378 3122/4348/3379
f 3119/4345/3376 3123/4349/3380 1040/1472/1167
f 3119/4345/3376 1040/1472/1167 1039/1471/246
f 3119/4345/3376 3122/4348/3379 3123/4349/3380
f 2800/4350/2710 735/4351/815 3124/4352/819
f 2800/4353/2710 3125/4354/3047 735/4355/815
f 3126/4356/3381 1802/2509/2005 3127/4357/3382
f 3126/4356/3381 3128/4358/3383 1802/2509/2005
f 3126/4356/3381 771/1085/860 772/1086/861
f 3126/4356/3381 3127/4357/3382 3129/4359/3384
f 3126/4356/3381 772/1086/861 3128/4358/3383
f 3126/4356/3381 3129/4359/3384 771/1085/860
f 3130/4360/3385 1835/2557/2042 1268/1793/1423
f 3130/4361/3385 4428/4362/3386 3133/4363/3387
f 3130/4364/3385 3131/4365/3388 1835/4366/2042
f 3130/4361/3385 3132/4367/1422 4428/4362/3386
f 3130/4364/3385 3133/4368/3387 3131/4365/3388
f 3130/4360/3385 1268/1793/1423 3132/1792/1422
f 3134/4369/3389 3135/4370/3390 3136/4371/3391
f 3134/4369/3389 3137/4372/3392 3138/4373/3393
f 3134/4369/3389 3138/4373/3393 3135/4370/3390
f 3134/4369/3389 2455/3388/572 3139/4374/3394
f 3134/4369/3389 3139/4374/3394 3137/4372/3392
f 3134/4369/3389 3136/4371/3391 2455/3388/572
f 1850/4375/2058 3141/4376/329 290/427/332
f 1850/2579/2058 670/928/743 3140/4377/744
f 1850/4378/2058 3140/4379/744 3141/4380/329
f 1850/4375/2058 290/427/332 1851/4381/2059
f 3142/4382/3395 3143/4383/84 2590/4384/84
f 3142/4385/3395 1936/2683/2142 3146/2685/2144
f 3142/4385/3395 2590/3592/84 2589/3591/2825
f 3142/4382/3395 3144/4386/84 3143/4383/84
f 3142/4382/3395 3145/4387/3396 3144/4386/84
f 3142/4385/3395 2589/3591/2825 1936/2683/2142
f 3142/4382/3395 3146/4388/2144 3145/4387/3396
f 1367/1902/1525 5158/4389/3397 3147/4390/3398
f 1367/1902/1525 1373/1913/1530 5158/4389/3397
f 1367/1902/1525 3147/4390/3398 1368/1903/1526
f 3150/4391/3399 3148/4392/3400 2665/3698/2900
f 3150/4391/3399 3149/4393/341 3148/4392/3400
f 3150/4391/3399 5085/3697/2899 3151/4394/3401
f 3150/4395/3399 3151/4396/3401 3149/441/341
f 3150/4391/3399 2665/3698/2900 5085/3697/2899
f 994/4397/1119 1107/4398/1241 3817/4399/1120
f 3152/4400/3402 3153/4401/3403 51/75/54
f 3152/4400/3402 51/75/54 55/79/58
f 3152/4400/3402 3154/4402/3404 3153/4401/3403
f 3152/4400/3402 2318/3210/2547 3154/4402/3404
f 3152/4400/3402 55/79/58 3155/4403/3405
f 3152/4400/3402 3155/4403/3405 2318/3210/2547
f 3156/4404/62 60/4405/64 3157/4406/3406
f 3156/83/62 574/789/638 3158/4407/3407
f 3156/4404/62 3159/4408/3408 574/787/638
f 3156/4404/62 3157/4406/3406 3160/4409/3409
f 3156/4404/62 3160/4409/3409 3161/4410/3410
f 3156/83/62 3158/4407/3407 59/84/63
f 3156/4404/62 3161/4410/3410 3159/4408/3408
f 3163/4411/3411 3162/4412/66 1476/4413/1652
f 3163/4414/3411 1476/2069/1652 5141/1713/1358
f 3163/4415/3411 3164/4416/3412 3165/4417/1356
f 3163/4411/3411 3166/4418/3413 3162/4412/66
f 3163/4419/3411 3165/4420/1356 3166/4421/3413
f 62/4422/72 3167/4423/2388 5090/4424/3414
f 62/97/72 3637/99/74 3167/4425/2388
f 62/97/72 5122/4426/3415 64/98/73
f 62/97/72 5090/4427/3414 5122/4426/3415
f 2361/3261/84 2362/3262/2587 3168/4428/3416
f 2361/3261/84 3168/4428/3416 3169/4429/3417
f 2361/3261/84 3169/4429/3417 2217/3077/2438
f 3170/4430/90 84/130/93 3171/4431/3418
f 3170/126/90 3171/4432/3418 2021/2799/2227
f 3170/126/90 2021/2799/2227 3172/4433/3419
f 3170/126/90 3172/4433/3419 81/127/91
f 3173/4434/3420 3176/4435/2076 3174/4436/3421
f 3173/4437/3420 3175/4438/3422 3176/4439/2076
f 3173/4434/3420 3174/4436/3421 3177/4440/3423
f 3173/4434/3420 3177/4440/3423 610/4441/680
f 3173/4437/3420 3178/4442/3424 3175/4438/3422
f 3173/4434/3420 610/4441/680 3178/4443/3424
f 3179/4444/3425 3375/4445/3426 3180/4446/3427
f 3179/4444/3425 4798/4447/3428 3375/4445/3426
f 3179/4444/3425 5058/4448/3429 4798/4447/3428
f 3179/4444/3425 3180/4446/3427 5058/4448/3429
f 283/412/321 286/415/324 1505/2113/1686
f 1457/2039/1628 4859/2042/1631 3181/4449/3430
f 1457/2039/1628 3182/4450/3431 1458/2040/1629
f 1457/2039/1628 2704/3779/2947 3182/4450/3431
f 1457/2039/1628 3181/4449/3430 2704/3779/2947
f 3183/4451/3432 3184/4452/3433 296/436/336
f 3183/4451/3432 3185/4453/3434 3186/4454/3435
f 3183/4451/3432 295/435/335 3187/4455/3436
f 3183/4451/3432 3186/4454/3435 3184/4452/3433
f 3183/4451/3432 296/436/336 295/435/335
f 3183/4451/3432 3187/4455/3436 3185/4453/3434
f 3188/4456/3437 3189/4457/3438 3190/4458/3439
f 3188/4456/3437 3191/4459/3440 3192/4460/3441
f 3188/4456/3437 3193/4461/3442 3189/4457/3438
f 3188/4456/3437 3194/4462/3443 3191/4459/3440
f 3188/4456/3437 3192/4460/3441 3193/4461/3442
f 3188/4456/3437 3190/4458/3439 3194/4462/3443
f 1985/2751/2189 1987/2753/2191 3195/4463/3444
f 1985/2751/2189 3196/4464/3445 1986/2752/2190
f 1985/2751/2189 3197/4465/3446 3196/4464/3445
f 1985/2751/2189 3195/4463/3444 3197/4465/3446
f 679/943/753 1470/2059/1643 1469/2058/1642
f 679/943/753 1469/2058/1642 680/944/754
f 679/943/753 3198/4466/3447 1470/2059/1643
f 679/943/753 684/948/758 3198/4466/3447
f 3199/4467/3448 3200/4468/3449 3201/4469/3450
f 3199/4467/3448 3202/4470/3451 3200/4468/3449
f 3199/4467/3448 3201/4469/3450 3203/4471/3452
f 3199/4467/3448 3203/4471/3452 3202/4470/3451
f 3204/4472/3453 3207/4473/3454 3205/4474/3455
f 3204/4475/3453 4863/4476/3456 4722/4477/3457
f 3204/4472/3453 3205/4474/3455 594/818/660
f 3204/4472/3453 594/818/660 3206/4478/3458
f 3204/4475/3453 3206/4479/3458 4863/4476/3456
f 3204/4475/3453 4722/4477/3457 3207/4480/3454
f 3208/4481/2481 4605/4482/3459 3210/4483/3460
f 3208/4484/2481 3807/4485/3461 3209/4486/3462
f 3208/4487/2481 4606/4488/3463 4605/4489/3459
f 3208/4484/2481 3808/4490/2483 3807/4485/3461
f 3208/4484/2481 3209/4486/3462 4606/4491/3463
f 3208/3131/2481 3210/4492/3460 5182/3132/2482
f 3211/4493/84 3212/4494/3464 3213/4495/3465
f 3211/4493/84 3214/4496/3466 3212/4494/3464
f 3211/4493/84 3213/4495/3465 3215/4497/3467
f 3211/4493/84 3216/4498/3468 3214/4496/3466
f 3211/4493/84 3215/4497/3467 3216/4498/3468
f 3217/4499/3469 3218/4500/3470 3219/4501/3471
f 3217/4499/3469 3220/4502/3472 3221/4503/3473
f 3217/4499/3469 3221/4503/3473 3222/4504/3474
f 3217/4499/3469 3219/4501/3471 3220/4502/3472
f 3217/4499/3469 3222/4504/3474 3223/4505/3475
f 3217/4499/3469 3223/4505/3475 3218/4500/3470
f 3224/4506/3476 2406/3323/2634 3225/4507/3477
f 3224/4506/3476 3225/4507/3477 3226/4508/3478
f 3224/4506/3476 3227/4509/3479 3228/4510/3480
f 3224/4506/3476 3228/4510/3480 2406/3323/2634
f 3224/4506/3476 3226/4508/3478 3227/4509/3479
f 3229/4511/3481 3230/4512/3482 3231/4513/3483
f 3229/4511/3481 3232/4514/3484 3233/4515/3485
f 3229/4511/3481 170/259/196 173/262/199
f 3229/4511/3481 173/262/199 3232/4514/3484
f 3229/4511/3481 3233/4515/3485 3230/4512/3482
f 3229/4511/3481 3231/4513/3483 170/259/196
f 177/266/203 176/265/202 2027/2806/2233
f 177/266/203 3234/4516/3486 3235/4517/3487
f 177/266/203 2027/2806/2233 3234/4516/3486
f 177/266/203 3235/4517/3487 178/267/204
f 3236/4518/3488 3237/4519/1705 189/291/220
f 3236/4518/3488 3238/4520/3489 3239/4521/3490
f 3236/4518/3488 3239/4521/3490 3237/4519/1705
f 3236/4518/3488 189/291/220 3238/4520/3489
f 672/936/746 3240/4522/3491 3241/4523/3492
f 672/936/746 3241/4523/3492 673/937/747
f 672/936/746 3242/4524/3493 3240/4522/3491
f 672/936/746 677/941/751 3242/4524/3493
f 1383/4525/1540 1558/2196/1542 1976/2739/2182
f 1383/1922/1540 3243/4526/2180 1144/1612/1288
f 1383/4525/1540 1976/2739/2182 3243/2735/2180
f 3246/4527/3494 3247/4528/3495 3244/4529/3496
f 3246/4527/3494 1385/1932/1546 3245/4530/3497
f 3246/4527/3494 3244/4529/3496 1385/1932/1546
f 3246/4531/3494 1387/1934/1547 3247/4532/3495
f 3246/4527/3494 3245/4530/3497 1387/4533/1547
f 332/481/375 3248/4534/3498 3249/4535/3499
f 332/481/375 333/482/376 3248/4534/3498
f 332/481/375 1392/1940/1552 213/324/245
f 332/481/375 3249/4535/3499 1392/1940/1552
f 3250/4536/3500 3251/4537/3501 3252/4538/3502
f 3250/4536/3500 3253/4539/3503 3251/4537/3501
f 3250/4536/3500 3252/4538/3502 3254/4540/3504
f 3250/4536/3500 219/330/251 3253/4539/3503
f 3250/4536/3500 220/331/252 219/330/251
f 3250/4536/3500 3254/4540/3504 220/331/252
f 773/1088/863 3659/4541/3505 3255/4542/3506
f 773/1088/863 5043/1092/865 3256/4543/1800
f 773/1088/863 400/572/453 397/568/450
f 773/1088/863 3255/4542/3506 400/572/453
f 773/1088/863 397/568/450 396/567/449
f 773/1088/863 3256/4543/1800 3659/4541/3505
f 3257/4544/3507 3258/4545/3508 3942/4546/3509
f 3257/4544/3507 3259/4547/3510 3260/4548/3511
f 3257/4544/3507 1408/1957/1569 3258/4545/3508
f 3257/4544/3507 3260/4548/3511 1408/1957/1569
f 3257/4544/3507 3942/4546/3509 3261/4549/3512
f 3257/4544/3507 3261/4549/3512 3259/4547/3510
f 532/735/595 536/739/597 3262/4550/3513
f 532/735/595 1276/1802/1432 533/736/84
f 532/735/595 3263/4551/3514 1276/1802/1432
f 532/735/595 3262/4550/3513 3263/4551/3514
f 2288/3171/2516 3586/4552/3515 2289/3172/2517
f 2288/3171/2516 1913/2655/2117 3586/4552/3515
f 2288/3171/2516 2292/3176/2521 3264/4553/3516
f 2288/3171/2516 3264/4553/3516 1913/2655/2117
f 2413/3328/2639 3880/4554/3517 3265/4555/3518
f 2413/3328/2639 1420/1988/1587 2410/3329/2640
f 2413/3328/2639 2412/4556/2642 3880/4554/3517
f 2413/3328/2639 3265/4555/3518 1420/1988/1587
f 3266/4557/3519 3267/4558/3520 1525/2154/1715
f 3266/4557/3519 3848/4559/3521 3268/4560/3522
f 3266/4557/3519 1525/2154/1715 3269/4561/3523
f 3266/4557/3519 3269/4561/3523 3848/4559/3521
f 3266/4557/3519 3268/4560/3522 3267/4558/3520
f 1935/2681/2140 3270/4562/3524 4538/2682/2141
f 1935/2679/2140 2073/2864/2281 3271/4563/3525
f 1935/2679/2140 3271/4563/3525 3270/4564/3524
f 3272/4565/3526 3273/4566/3527 3274/4567/3528
f 3272/4565/3526 3275/4568/3529 3276/4569/3530
f 3272/4565/3526 1940/2689/2147 3277/4570/3531
f 3272/4565/3526 3277/4570/3531 3275/4568/3529
f 3272/4565/3526 3274/4567/3528 1940/2689/2147
f 3272/4565/3526 3276/4569/3530 3273/4566/3527
f 3279/4571/3532 3280/4572/3533 3278/4573/3534
f 3279/4574/3532 3448/4575/3535 3280/4576/3533
f 3279/4574/3532 3281/4577/3536 699/973/776
f 3279/4574/3532 699/973/776 700/975/778
f 3279/4574/3532 700/975/778 3448/4575/3535
f 3279/4571/3532 3278/4573/3534 3281/4578/3536
f 3282/4579/3537 1068/1502/1196 5204/1985/1585
f 3282/4580/3537 3283/4581/3538 3284/4582/1193
f 3282/4580/3537 3285/4583/3539 3283/4581/3538
f 3282/4579/3537 1574/2214/1763 1068/1502/1196
f 3282/4579/3537 3284/1499/1193 1575/2215/1764
f 3282/4579/3537 1575/2215/1764 1574/2214/1763
f 3282/4579/3537 5204/1985/1585 3285/4584/3539
f 3286/4585/3540 3248/4534/3498 333/482/376
f 3286/4585/3540 333/482/376 3287/4586/3541
f 3286/4585/3540 3288/4587/3542 3248/4534/3498
f 3286/4585/3540 3289/4588/3543 3288/4587/3542
f 3286/4585/3540 3287/4586/3541 3289/4588/3543
f 3290/4589/3544 3291/4590/3545 3292/4591/3546
f 3290/4589/3544 3293/4592/3547 3294/4593/3548
f 3290/4589/3544 3292/4591/3546 5183/4053/3166
f 3290/4589/3544 5183/4053/3166 2908/4050/3164
f 3290/4589/3544 3294/4593/3548 3291/4590/3545
f 3290/4589/3544 2908/4050/3164 3293/4592/3547
f 1419/1987/1586 3295/4594/3549 1420/1988/1587
f 1419/1987/1586 4753/1990/567 4261/4595/3550
f 1419/1987/1586 4261/4595/3550 3295/4594/3549
f 2147/4596/2364 3296/1071/846 2150/2977/2365
f 2147/2973/2364 4016/4597/3551 3296/4598/846
f 2147/2973/2364 3297/4599/3552 4016/4597/3551
f 2147/2973/2364 2148/2975/2366 3297/4599/3552
f 3298/4600/3553 2608/3620/2845 3299/4601/3554
f 3298/4600/3553 1294/1822/1452 3300/4602/3555
f 3298/4600/3553 2609/3621/2846 2608/3620/2845
f 3298/4600/3553 3299/4601/3554 1294/1822/1452
f 3298/4600/3553 3300/4602/3555 3301/4603/3556
f 3298/4600/3553 3301/4603/3556 2609/3621/2846
f 267/391/303 3302/4604/3557 3303/4605/3558
f 267/391/303 3303/4605/3558 1866/2599/2073
f 267/391/303 271/395/307 3302/4604/3557
f 267/391/303 1866/2599/2073 268/392/304
f 565/775/629 3304/4606/3559 3305/4607/3560
f 565/775/629 3305/4607/3560 566/776/630
f 565/775/629 567/778/631 3306/4608/3561
f 565/775/629 3306/4608/3561 3304/4606/3559
f 2068/2859/2276 2070/2861/2278 2319/3211/2548
f 2068/2859/2276 2955/4110/3214 3307/4609/3562
f 2068/2859/2276 2319/3211/2548 2955/4110/3214
f 2068/2859/2276 3307/4609/3562 2069/2860/2277
f 573/782/635 3308/4610/3563 3309/4611/3564
f 573/786/635 3310/4612/3565 3311/4613/3566
f 573/782/635 3312/4614/3567 570/783/636
f 573/786/635 3311/4613/3566 2766/3860/3008
f 573/786/635 3313/4615/3568 3308/4616/3563
f 573/786/635 572/785/637 3310/4612/3565
f 573/782/635 3309/4611/3564 3312/4614/3567
f 573/786/635 2766/3860/3008 3313/4615/3568
f 2768/3862/3010 3314/4617/3569 3074/4287/3329
f 2768/3862/3010 3074/4287/3329 1618/2282/1812
f 2768/3862/3010 1179/1668/1329 3315/4618/3570
f 2768/3862/3010 2327/3220/2556 1179/1668/1329
f 2768/3862/3010 3315/4618/3570 3314/4617/3569
f 1332/1861/1491 3316/4619/3571 3317/4620/3572
f 1332/1861/1491 3318/4621/3573 3319/4622/3574
f 1332/1861/1491 1336/1865/1495 3316/4619/3571
f 1332/1861/1491 2507/3474/2734 2506/3473/2733
f 1332/1861/1491 2506/3473/2733 3318/4621/3573
f 1332/1861/1491 3319/4622/3574 1333/1862/1492
f 1332/1861/1491 3317/4620/3572 2507/3474/2734
f 2780/3878/3024 2782/3880/3026 3320/4623/3575
f 2780/3878/3024 3320/4623/3575 3321/4624/3576
f 2780/3878/3024 3321/4624/3576 3322/4625/3577
f 2780/3878/3024 3322/4625/3577 2781/3879/3025
f 1722/2402/1919 2742/3823/2984 3323/4626/3578
f 1722/2402/1919 1724/2404/1921 2742/3823/2984
f 1722/2402/1919 3324/4627/3579 2350/3243/2576
f 1722/2402/1919 2350/3243/2576 1723/2403/1920
f 1722/2402/1919 3325/4628/3580 3324/4627/3579
f 1722/2402/1919 3323/4626/3578 3325/4628/3580
f 3326/4629/3122 2668/3705/2904 2667/3704/2903
f 3326/3994/3122 143/230/171 4999/4630/3581
f 3326/4629/3122 3327/4631/3582 2668/3705/2904
f 3326/3994/3122 4999/4630/3581 3328/4632/3583
f 3326/4629/3122 776/1093/866 2870/4633/3123
f 3326/4629/3122 2667/3704/2903 777/1094/867
f 3326/4629/3122 3328/4634/3583 3327/4631/3582
f 3326/4629/3122 777/1094/867 776/1093/866
f 3329/4635/3584 4642/4636/3585 3330/4637/3586
f 3329/4635/3584 357/4638/402 355/4639/400
f 3329/4635/3584 3330/4637/3586 2087/2878/2295
f 3329/4635/3584 3331/4640/1244 4642/4636/3585
f 3329/4635/3584 2087/2878/2295 357/4638/402
f 3329/4641/3584 355/506/400 3331/1554/1244
f 2224/3087/2446 3332/4642/2045 2875/4006/3131
f 2224/4132/2446 1838/4131/2046 3332/4643/2045
f 3333/4644/3587 2520/3509/2752 1742/2432/1941
f 3333/4644/3587 1582/2229/1773 1583/2231/1775
f 3333/4644/3587 1742/2432/1941 1741/2431/1940
f 3333/4644/3587 3334/4645/3588 1582/2229/1773
f 3333/4644/3587 1741/2431/1940 3334/4645/3588
f 3333/4644/3587 1583/2231/1775 2520/3509/2752
f 3335/4646/3589 4605/4482/3459 3336/4647/3590
f 3335/4646/3589 4665/4648/3591 2882/4019/3139
f 3335/4649/3589 3336/4650/3590 4944/4651/3592
f 3335/4646/3589 4944/4652/3592 4665/4648/3591
f 3335/4646/3589 2882/4019/3139 3210/4483/3460
f 3335/4646/3589 3210/4483/3460 4605/4482/3459
f 3337/4653/3593 1208/1717/1359 3338/4654/3594
f 3337/4653/3593 2284/3167/2512 2286/3169/2514
f 3337/4653/3593 3338/4654/3594 3339/4655/3595
f 3337/4653/3593 3339/4655/3595 2284/3167/2512
f 3337/4653/3593 2286/3169/2514 1209/1718/1360
f 3337/4653/3593 1209/1718/1360 1208/1717/1359
f 3340/4656/3596 1029/1460/1156 3341/4657/3597
f 3340/4656/3596 2659/3691/2893 2660/3692/2894
f 3340/4656/3596 3342/4658/3598 2659/3691/2893
f 3340/4656/3596 2660/3692/2894 1030/1461/1157
f 3340/4656/3596 1030/1461/1157 1029/1460/1156
f 3340/4656/3596 3341/4657/3597 3342/4658/3598
f 1765/2458/1965 3343/4659/3599 1376/1916/1534
f 1765/2458/1965 3344/4660/3600 3343/4659/3599
f 1765/2458/1965 2183/3031/2406 3344/4660/3600
f 1765/2458/1965 1767/2460/1967 2183/3031/2406
f 733/1023/813 1084/1520/1214 734/1024/814
f 3345/4661/3601 2885/4022/3141 2114/2921/2326
f 3345/4661/3601 1443/2018/1611 3346/4662/3602
f 3345/4661/3601 2114/2921/2326 1443/2018/1611
f 3345/4661/3601 3347/4663/3603 2886/4023/3142
f 3345/4661/3601 2886/4023/3142 2885/4022/3141
f 3345/4661/3601 3346/4662/3602 3347/4663/3603
f 3353/4664/3604 3350/4665/3605 3348/4666/3606
f 3353/4664/3604 3348/4666/3606 3349/4667/3607
f 3353/4668/3604 3352/4669/3608 3350/4670/3605
f 3353/4671/3604 3351/4672/3609 5260/4673/3610
f 3353/4671/3604 5260/4673/3610 3352/4674/3608
f 3353/4675/3604 3349/4676/3607 3351/4677/3609
f 2679/3733/2915 2678/3732/2918 3354/4678/3611
f 2679/3728/2915 3354/4679/3611 3355/4680/3612
f 2679/3728/2915 3355/4680/3612 2677/3729/2916
f 3356/4681/3613 3357/4682/3614 3358/4683/3615
f 3356/4681/3613 3358/4683/3615 3241/4523/3492
f 3356/4681/3613 3359/4684/3616 3357/4682/3614
f 3356/4681/3613 3360/4685/3617 3359/4684/3616
f 3356/4681/3613 3241/4523/3492 3361/4686/3618
f 3356/4681/3613 3361/4686/3618 3360/4685/3617
f 2267/3148/2493 3362/4687/3619 2268/3149/2494
f 2267/3148/2493 2737/3817/2978 3363/4688/3620
f 2267/3148/2493 3363/4688/3620 3362/4687/3619
f 2267/3148/2493 2270/3151/2496 2737/3817/2978
f 3364/4689/3621 3365/4690/3622 3366/4691/3623
f 3364/4689/3621 3367/4692/3624 694/967/771
f 3364/4689/3621 3366/4691/3623 3367/4692/3624
f 3364/4689/3621 692/966/769 4548/4693/3625
f 3364/4689/3621 4548/4693/3625 3365/4690/3622
f 3364/4689/3621 694/967/771 692/966/769
f 3370/4694/3626 1018/1445/1143 1017/1444/1145
f 3370/4694/3626 1017/1444/1145 3368/4695/3627
f 3370/4694/3626 3368/4695/3627 2415/3338/2643
f 3370/4694/3626 3369/4696/3628 4908/4697/3629
f 3370/4698/3626 4908/4699/3629 1018/4700/1143
f 3370/4694/3626 2415/3338/2643 3369/4696/3628
f 1362/1896/1519 3371/4701/3630 1363/1897/1520
f 1362/1896/1519 3372/4702/3631 3371/4701/3630
f 1362/1896/1519 2141/2960/2358 3372/4702/3631
f 663/913/733 664/915/734 865/1226/971
f 663/913/733 2421/3348/2649 3373/4703/3632
f 663/913/733 363/516/409 361/914/408
f 663/913/733 3373/4703/3632 363/516/409
f 663/913/733 865/1226/971 2421/3348/2649
f 2424/3351/2652 2367/3267/2591 2425/3352/2653
f 2424/3351/2652 2797/3898/3044 2367/3267/2591
f 2424/3351/2652 2427/3354/2655 2797/3898/3044
f 2430/3357/2658 2432/3359/2660 1547/2182/1735
f 2430/3357/2658 3374/4704/3633 2431/3358/2659
f 2430/3357/2658 1124/1575/1261 3374/4704/3633
f 2430/3357/2658 1547/2182/1735 1546/2181/1734
f 2430/3357/2658 1546/2181/1734 1124/1575/1261
f 3375/4445/3426 4798/4447/3428 1130/4705/1266
f 3375/4706/3426 1130/1582/1266 3180/4707/3427
f 3377/2193/1746 4456/4708/3634 3376/4709/3635
f 3377/4710/1746 5223/4711/843 2443/3374/2671
f 3377/4712/1746 5022/4713/3636 4456/4714/3634
f 3377/2193/1746 3376/4709/3635 2864/3988/3116
f 3377/4710/1746 1559/4715/1747 5223/4711/843
f 3377/4710/1746 2443/3374/2671 5022/4716/3636
f 3019/4215/3272 3378/4717/721 654/4718/725
f 3019/4215/3272 1832/2551/2036 3379/4719/3637
f 3019/4215/3272 1833/2552/2037 1832/2551/2036
f 3019/4215/3272 3379/4719/3637 3378/4717/721
f 3380/4720/1071 3381/4721/3638 3382/4722/3639
f 3380/4720/1071 401/570/451 3383/4723/3640
f 3380/4720/1071 3382/4722/3639 399/571/452
f 3380/1353/1071 955/1358/1074 3381/4724/3638
f 3380/4720/1071 3383/4723/3640 4924/4725/1072
f 3380/4720/1071 399/571/452 401/570/451
f 2512/1620/1292 5258/4726/3641 1150/1621/1293
f 2512/1620/1292 5257/4727/2738 5258/4726/3641
f 3384/4728/3642 3385/4729/3643 1412/1965/1577
f 3384/4728/3642 1412/1965/1577 3386/4730/3644
f 3384/4728/3642 5014/4731/3645 3387/4732/3646
f 3384/4728/3642 3387/4732/3646 3385/4729/3643
f 3384/4728/3642 3386/4730/3644 5014/4731/3645
f 3388/4733/3647 3389/4734/3648 3390/4735/3649
f 3388/4733/3647 2828/3942/3080 3391/4736/3650
f 3388/4733/3647 3391/4736/3650 3392/4737/3651
f 3388/4733/3647 3393/4738/3652 2828/3942/3080
f 3388/4733/3647 3392/4737/3651 3389/4734/3648
f 3388/4733/3647 3390/4735/3649 3393/4738/3652
f 547/750/607 3394/4739/3653 548/751/608
f 547/750/607 1510/2123/1691 3394/4739/3653
f 3395/4740/3654 3396/4741/3655 3397/4742/3656
f 3395/4740/3654 1696/2367/1893 1698/2369/1895
f 3395/4740/3654 2990/4166/3249 1696/2367/1893
f 3395/4740/3654 3397/4742/3656 3398/4743/3657
f 3395/4740/3654 1698/2369/1895 3396/4741/3655
f 3395/4740/3654 3398/4743/3657 2990/4166/3249
f 3399/4744/2315 3237/2137/1705 3401/2144/1710
f 3399/4744/2315 3400/4745/2317 3237/2137/1705
f 3399/2903/2315 3401/4746/1710 2105/2904/2316
f 3402/4747/3658 4081/136/97 3403/4748/3659
f 3402/4747/3658 3403/4748/3659 3404/4749/3660
f 3402/4747/3658 3404/4749/3660 3405/4750/3661
f 3402/4747/3658 85/137/98 4081/136/97
f 3402/4747/3658 3405/4750/3661 85/137/98
f 1437/2010/1606 2355/3253/2583 4657/2011/1607
f 3406/4751/3662 3407/4752/3663 132/203/152
f 3406/4751/3662 132/203/152 3408/4753/3664
f 3406/4751/3662 3409/4754/3665 3115/4334/3372
f 3406/4751/3662 3408/4753/3664 5101/4755/3666
f 3406/4751/3662 3115/4334/3372 3407/4752/3663
f 3406/4751/3662 5101/4755/3666 3409/4754/3665
f 1612/2276/1806 3410/4756/3667 943/1339/1058
f 1612/2276/1806 943/1339/1058 1613/2277/1807
f 1612/2276/1806 447/625/504 445/623/502
f 1612/2276/1806 445/623/502 3410/4756/3667
f 2853/3977/3105 2856/3980/3108 3411/4757/3668
f 2853/3977/3105 2544/3539/2779 2543/3538/2778
f 2853/3977/3105 3411/4757/3668 2544/3539/2779
f 2853/3977/3105 2543/3538/2778 2854/3978/3106
f 3412/4758/3669 2858/3982/3110 3413/4759/3670
f 3412/4758/3669 3414/4760/3671 2912/4058/3169
f 3412/4758/3669 2912/4058/3169 1627/2291/1821
f 3412/4758/3669 1026/1455/1153 3414/4760/3671
f 3412/4758/3669 1627/2291/1821 2858/3982/3110
f 3412/4758/3669 3413/4759/3670 1026/1455/1153
f 3415/4761/3672 3416/4762/3673 1067/1501/1195
f 3415/4761/3672 3417/4763/3674 3416/4762/3673
f 3415/4764/3672 3418/4765/3675 3419/4766/3676
f 3415/4761/3672 4380/4230/3286 3418/4767/3675
f 3415/4761/3672 3419/4768/3676 3417/4763/3674
f 3415/4761/3672 1067/1501/1195 4380/4230/3286
f 2554/3552/2789 2556/3554/2791 2811/3916/3058
f 2554/3552/2789 3420/4769/3677 2555/3553/2790
f 2554/3552/2789 1050/1482/1176 3420/4769/3677
f 2554/3552/2789 2811/3916/3058 1050/1482/1176
f 3421/4770/3678 3422/4771/3679 3423/4772/3680
f 3421/4770/3678 1900/2642/2104 972/1380/1092
f 3421/4770/3678 1901/2643/2105 1900/2642/2104
f 3421/4770/3678 972/1380/1092 970/1378/1090
f 3421/4770/3678 3424/4773/3681 3422/4771/3679
f 3421/4770/3678 3423/4772/3680 1901/2643/2105
f 3421/4770/3678 970/1378/1090 3424/4773/3681
f 976/1384/1096 3425/4774/3682 977/1385/1097
f 976/1384/1096 481/669/537 3425/4774/3682
f 976/1384/1096 980/1389/1101 2976/4146/3233
f 976/1384/1096 2976/4146/3233 481/669/537
f 3426/4775/3683 3427/4776/3684 3428/4777/3685
f 3426/4775/3683 3429/4778/3686 3427/4776/3684
f 3426/4775/3683 2748/3829/2990 3429/4778/3686
f 3426/4775/3683 3428/4777/3685 1576/2216/1765
f 3426/4775/3683 1576/2216/1765 2748/3829/2990
f 489/679/547 3430/4779/3687 490/680/548
f 489/679/547 3567/985/783 3568/4780/3688
f 489/679/547 3568/4780/3688 3430/4779/3687
f 489/679/547 495/685/553 3567/985/783
f 497/687/555 2570/3571/2805 2881/4012/3137
f 497/687/555 2881/4012/3137 3431/4781/3689
f 497/687/555 500/691/559 2570/3571/2805
f 497/687/555 3431/4781/3689 498/688/556
f 3432/4782/3690 3816/1415/1121 3433/4783/3691
f 3432/4782/3690 3434/4784/3692 48/72/52
f 3432/4782/3690 3433/4783/3691 3434/4784/3692
f 3432/4782/3690 48/72/52 3816/1415/1121
f 3435/4785/3693 3436/4786/3694 3437/4787/3695
f 3435/4785/3693 205/313/238 3438/4788/3696
f 3435/4785/3693 3439/4789/3697 1487/2090/1667
f 3435/4785/3693 3437/4787/3695 3440/4790/3698
f 3435/4785/3693 3438/4788/3696 3436/4786/3694
f 3435/4785/3693 3440/4790/3698 3441/4791/3699
f 3435/4785/3693 1487/2090/1667 205/313/238
f 3435/4785/3693 3441/4791/3699 3439/4789/3697
f 2588/3590/2824 3442/4792/3700 3443/4793/3701
f 2588/3590/2824 3444/4794/3702 2589/3591/2825
f 2588/3590/2824 3443/4793/3701 3444/4794/3702
f 2588/3590/2824 2591/3593/2826 3442/4792/3700
f 3445/4795/3703 1939/2688/2146 3446/4796/3704
f 3445/4795/3703 2581/3582/2816 3277/4570/3531
f 3445/4795/3703 2582/3583/2817 2581/3582/2816
f 3445/4795/3703 3446/4796/3704 3447/4797/3705
f 3445/4795/3703 3447/4797/3705 2582/3583/2817
f 3445/4795/3703 3277/4570/3531 1939/2688/2146
f 2787/3885/3031 3280/4572/3533 3448/4798/3535
f 2787/3885/3031 3448/4798/3535 4624/3886/3032
f 2787/3885/3031 3449/4799/3706 3280/4572/3533
f 2787/3885/3031 1805/2512/2008 3449/4799/3706
f 176/265/202 2790/3889/3035 2030/2809/2236
f 176/265/202 2030/2809/2236 2027/2806/2233
f 3452/4800/3707 4344/4801/3708 3451/4802/3709
f 3452/4803/3707 1321/1850/1480 1323/1852/1482
f 3452/4804/3707 3450/4805/1212 4344/4806/3708
f 3452/4804/3707 2484/3444/2712 3450/4805/1212
f 3452/4803/3707 3451/4807/3709 1321/1850/1480
f 3452/4803/3707 1323/1852/1482 2485/4808/2713
f 3452/4809/3707 2485/3443/2713 2484/3442/2712
f 3453/4810/3710 191/298/222 3454/4811/3711
f 3453/4812/3710 2366/3266/2590 2799/3900/3046
f 3453/4812/3710 192/295/223 191/294/222
f 3453/4810/3710 3454/4811/3711 3455/4813/3712
f 3453/4812/3710 2799/3900/3046 192/295/223
f 3453/4812/3710 3455/4814/3712 2366/3266/2590
f 1709/2381/1907 3456/4815/3713 3457/4816/3714
f 1709/2381/1907 1712/2384/1910 3456/4815/3713
f 1709/2381/1907 3457/4816/3714 3458/4817/3715
f 1709/2381/1907 3458/4817/3715 1710/2382/1908
f 3460/4818/794 552/4819/615 556/4820/617
f 3460/1001/794 2452/4821/2679 717/1002/795
f 3460/4818/794 556/4820/617 3459/4822/2680
f 3460/4823/794 3459/3385/2680 2452/3384/2679
f 1502/2110/1684 3461/4824/3716 1445/2020/1613
f 1502/2110/1684 1503/2111/316 3462/4825/3717
f 1502/2110/1684 3462/4825/3717 3461/4824/3716
f 3463/4826/3718 3464/4827/3719 3465/4828/3720
f 3463/4826/3718 3466/4829/3721 3464/4827/3719
f 3463/4826/3718 3465/4828/3720 3467/4830/3722
f 3463/4826/3718 221/332/253 218/329/250
f 3463/4826/3718 3467/4830/3722 221/332/253
f 3463/4826/3718 218/329/250 3466/4829/3721
f 735/1026/815 3468/4831/3723 736/1027/816
f 735/4355/815 3125/4354/3047 3468/4832/3723
f 2247/3119/2470 2211/3071/2432 2248/3120/2471
f 2247/3119/2470 2212/3072/2433 2211/3071/2432
f 2247/3119/2470 2250/3122/2473 2212/3072/2433
f 1995/2763/2200 1997/2765/2202 2056/2842/2262
f 1995/2763/2200 2056/2842/2262 1996/2764/2201
f 3469/4833/3724 2165/3755/2382 2696/3757/2936
f 3469/4834/3724 140/220/162 139/219/164
f 3469/4835/3724 2723/4836/2966 4954/4837/3725
f 3469/4833/3724 2696/3757/2936 2695/3756/2935
f 3469/4834/3724 139/219/164 3845/4838/3726
f 3469/4839/3724 3470/4840/3727 2723/4841/2966
f 3469/4833/3724 4954/4842/3725 2165/3755/2382
f 3469/4843/3724 3845/4844/3726 3470/4845/3727
f 3469/4833/3724 2695/3756/2935 140/3754/162
f 1670/2338/1865 1671/2339/1866 2598/3603/2834
f 1670/2338/1865 2601/3607/2836 250/374/286
f 3471/4846/3728 2526/3516/2759 2525/3515/2758
f 3471/4846/3728 2525/3515/2758 3472/4847/3729
f 3471/4846/3728 2069/2860/2277 2526/3516/2759
f 3471/4846/3728 2071/2862/2279 2069/2860/2277
f 3471/4846/3728 3472/4847/3729 3473/4848/3730
f 3471/4846/3728 3473/4848/3730 2071/2862/2279
f 260/384/296 2074/2865/2282 3474/4849/3731
f 260/384/296 2832/3952/84 2074/2865/2282
f 260/384/296 3474/4849/3731 261/385/297
f 260/384/296 265/389/301 2832/3952/84
f 1101/1542/1233 3475/4850/3732 1102/1543/1234
f 1101/1542/1233 1105/1546/1237 3476/4851/3733
f 1101/1542/1233 3476/4851/3733 2835/3955/3087
f 1101/1542/1233 2835/3955/3087 3475/4850/3732
f 3022/4217/3276 658/3957/728 2109/2913/2319
f 3022/4217/3276 2836/3958/3089 658/3957/728
f 3022/4217/3276 2572/3573/2807 1924/2666/2128
f 3022/4217/3276 2109/2913/2319 2108/2912/2320
f 3022/4217/3276 2108/2912/2320 2572/3573/2807
f 3477/4852/3734 860/1221/966 861/1222/967
f 3477/4852/3734 2509/3478/2736 860/1221/966
f 3477/4852/3734 3478/4853/3735 3479/4854/3736
f 3477/4852/3734 3480/4855/3737 3478/4853/3735
f 3477/4852/3734 3479/4854/3736 2509/3478/2736
f 3477/4852/3734 861/1222/967 3480/4855/3737
f 3481/4856/3738 3482/4857/572 3483/4858/3739
f 3481/4856/3738 4579/4859/3740 666/919/737
f 3481/4856/3738 3483/4858/3739 4579/4859/3740
f 3481/4856/3738 2849/3973/3101 3482/4857/572
f 3481/4856/3738 3484/4860/3741 2849/3973/3101
f 3481/4856/3738 666/919/737 3484/4860/3741
f 3162/4412/66 4473/4861/3742 3511/4862/3743
f 3162/4863/66 3511/4864/3743 3485/4865/67
f 3162/4412/66 4472/4866/3744 4473/4861/3742
f 3162/4412/66 3166/4418/3413 4472/4866/3744
f 3488/4867/3745 3486/4868/3746 3487/4869/3747
f 3488/4867/3745 3490/4870/3748 3486/4868/3746
f 3488/4871/3745 3489/4872/3749 3086/4301/3343
f 3488/4871/3745 3086/4301/3343 3088/4303/730
f 3488/4867/3745 3487/4869/3747 3489/4873/3749
f 3488/4871/3745 3088/4303/730 3490/4874/3748
f 3492/2539/2024 592/816/658 3493/4875/3750
f 3492/4876/2024 3491/4877/3751 1821/4878/2025
f 3492/4879/2024 3494/4880/3752 3491/4881/3751
f 3492/4882/2024 3493/4883/3750 3494/4884/3752
f 3496/4885/3753 3495/4886/3754 2930/4079/3190
f 3496/4887/3753 4918/4888/3755 3495/4889/3754
f 3496/4885/3753 2930/4079/3190 2932/4081/3192
f 3496/4887/3753 1578/4890/1769 4918/4888/3755
f 3496/4891/3753 3497/4892/1770 1578/4893/1769
f 3496/4885/3753 2932/4081/3192 3497/4894/1770
f 3498/4895/3756 2714/3791/2957 2716/3793/2959
f 3498/4895/3756 3499/4896/3757 2714/3791/2957
f 3498/4895/3756 3500/4897/3758 3501/4898/3759
f 3498/4895/3756 2716/3793/2959 3502/4899/3760
f 3498/4895/3756 3502/4899/3760 3500/4897/3758
f 3498/4895/3756 3501/4898/3759 3499/4896/3757
f 3503/4900/1636 757/1066/841 2775/1065/842
f 3503/2047/1636 3589/4901/3761 611/846/681
f 3503/4900/1636 2775/1065/842 3590/4902/3013
f 3503/4903/1636 1465/2050/1638 757/4904/841
f 3503/4905/1636 3590/4906/3013 3589/4907/3761
f 3505/4908/3762 1990/2756/2194 3507/2759/2196
f 3505/4908/3762 3504/4909/3763 1990/2756/2194
f 3505/4910/3762 1525/2154/1715 3506/4911/916
f 3505/4910/3762 3507/4912/2196 1525/2154/1715
f 3505/4908/3762 3508/4913/3764 3504/4909/3763
f 3505/4910/3762 3506/4911/916 3508/4914/3764
f 1997/2765/2202 1074/1508/1202 1076/1510/1204
f 1997/2765/2202 3509/4915/3765 2057/2843/2263
f 1997/2765/2202 1076/1510/1204 3509/4915/3765
f 1997/2765/2202 2057/2843/2263 2056/2842/2262
f 3485/4916/67 3510/4917/3766 4757/4918/3767
f 3485/4916/67 3511/4919/3743 3533/4920/3768
f 3485/4916/67 3512/4921/3769 3510/4917/3766
f 3485/4916/67 3533/4920/3768 3512/4921/3769
f 3513/4922/3770 3514/4923/3771 3515/4924/3772
f 3513/4922/3770 2244/3116/2467 3516/4925/3773
f 3513/4922/3770 3516/4925/3773 4949/4926/3774
f 3513/4922/3770 3515/4924/3772 2244/3116/2467
f 3513/4922/3770 4949/4926/3774 4090/4927/3775
f 3513/4922/3770 4090/4927/3775 3514/4923/3771
f 2012/2789/2219 2017/2794/2224 3517/4928/3776
f 2012/2789/2219 3517/4928/3776 3518/4929/3777
f 2012/2789/2219 2527/3517/2760 2013/2790/2220
f 2012/2789/2219 3518/4929/3777 2527/3517/2760
f 2020/2798/2225 3519/4930/3778 4950/4931/3779
f 2020/2798/2225 4950/4931/3779 3520/4932/946
f 2020/2798/2225 2019/2797/2226 3521/4933/3780
f 2020/2798/2225 3521/4933/3780 3519/4930/3778
f 3522/4934/3781 1652/4935/1846 3523/4936/3782
f 3522/4934/3781 2161/2992/2378 2586/3588/2822
f 3522/4934/3781 2586/3588/2822 1652/4935/1846
f 3522/4934/3781 3523/4936/3782 2161/2992/2378
f 3524/4937/3783 3525/4938/3784 3526/4939/3785
f 3524/4937/3783 781/1099/871 3527/4940/3786
f 3524/4937/3783 3527/4940/3786 3528/4941/3787
f 3524/4937/3783 3526/4939/3785 781/1099/871
f 3524/4937/3783 3529/4942/3788 3525/4938/3784
f 3524/4937/3783 3528/4941/3787 3529/4942/3788
f 1717/2390/874 1874/4943/2082 4976/4944/875
f 1717/2390/874 1718/2395/1916 1874/4943/2082
f 3531/4945/3789 367/4946/415 3530/4947/3790
f 3531/4948/3789 3532/4949/3791 368/527/416
f 3531/4945/3789 5055/4950/3792 3532/4951/3791
f 3531/4948/3789 368/527/416 367/526/415
f 3531/4945/3789 3512/4952/3769 3533/4953/3768
f 3531/4945/3789 3533/4953/3768 5055/4950/3792
f 3531/4945/3789 3530/4947/3790 3512/4952/3769
f 2172/3018/2394 2880/4011/3136 27/43/29
f 2172/3018/2394 27/43/29 2173/3019/2395
f 2172/3018/2394 3431/4781/3689 2880/4011/3136
f 2172/3018/2394 2175/3023/2399 3431/4781/3689
f 3534/4954/3793 3535/4955/3794 3536/4956/3795
f 3534/4954/3793 3537/4957/3796 1217/1726/1368
f 3534/4954/3793 3538/4958/3797 3535/4955/3794
f 3534/4954/3793 3539/4959/3798 3537/4957/3796
f 3534/4954/3793 3536/4956/3795 3539/4959/3798
f 3534/4954/3793 1217/1726/1368 3538/4958/3797
f 3540/4960/3799 3545/4961/3800 3541/4962/3801
f 3540/4960/3799 3542/4963/3802 3543/4964/1377
f 3540/4965/3799 1223/1732/1374 3544/4966/3803
f 3540/4960/3799 3541/4962/3801 3542/4963/3802
f 3540/4965/3799 3543/1735/1377 1223/1732/1374
f 3540/4965/3799 3544/4966/3803 3545/4967/3800
f 2619/3634/2855 2621/3636/2857 3546/4968/3804
f 2619/3634/2855 3546/4968/3804 2713/3790/2956
f 3153/4401/3403 3154/4402/3404 3547/4969/3805
f 3153/4401/3403 52/76/55 51/75/54
f 3153/4401/3403 3547/4969/3805 52/76/55
f 2194/3053/2417 3548/4970/3806 2195/3054/2418
f 2194/3053/2417 3549/4971/3807 3548/4970/3806
f 2194/3053/2417 2199/3058/2422 3549/4971/3807
f 875/4972/981 3550/4973/3808 876/1242/982
f 875/4972/981 877/4974/983 3550/4973/3808
f 1248/1768/1402 3551/4975/3809 1249/1769/1403
f 1248/1768/1402 1783/2478/1985 3552/4976/3810
f 1248/1768/1402 3552/4976/3810 3551/4975/3809
f 1248/1768/1402 1247/1767/1401 1783/2478/1985
f 2730/3810/2971 3553/4977/3811 3554/4978/3812
f 2730/3810/2971 2732/3812/2973 3555/4979/3719
f 2730/3810/2971 3555/4979/3719 3553/4977/3811
f 2730/3810/2971 3554/4978/3812 2731/3811/2972
f 986/1397/1108 3556/4980/572 987/1398/1109
f 986/1397/1108 990/1401/1112 2735/3815/2976
f 986/1397/1108 2738/3818/2979 3556/4980/572
f 2740/4981/2981 3557/4982/2983 3558/4983/3813
f 2740/3820/2981 3559/4984/3814 3560/4985/3815
f 2740/3820/2981 3560/4985/3815 2741/3821/2982
f 2740/4981/2981 3558/4983/3813 3559/4986/3814
f 3561/4987/3816 3562/4988/3817 2641/3664/2875
f 3561/4987/3816 2641/3664/2875 2643/3666/2877
f 3561/4987/3816 3563/4989/3818 3564/4990/3819
f 3561/4987/3816 1568/2208/1757 3563/4989/3818
f 3561/4987/3816 2643/3666/2877 1568/2208/1757
f 3561/4987/3816 3564/4990/3819 3562/4988/3817
f 3565/4991/3820 2873/4002/3127 3566/4992/3821
f 3565/4991/3820 612/852/684 2874/4003/3128
f 3565/4991/3820 3566/4992/3821 613/853/685
f 3565/4991/3820 2874/4003/3128 2873/4002/3127
f 3565/4991/3820 613/853/685 612/852/684
f 1974/2738/2179 2594/3597/2829 3568/4780/3688
f 1974/4993/2179 3567/4994/783 703/4995/782
f 1974/4993/2179 3568/4996/3688 3567/4994/783
f 3569/4997/3822 2100/2897/2309 2102/2899/2311
f 3569/4997/3822 3570/4998/3823 5190/4999/3824
f 3569/4997/3822 2102/2899/2311 3570/4998/3823
f 3569/4997/3822 5249/5000/3825 3571/5001/3826
f 3569/4997/3822 3571/5001/3826 2100/2897/2309
f 3569/4997/3822 5190/4999/3824 5249/5000/3825
f 180/276/210 3573/5002/3827 181/277/211
f 180/5003/210 656/906/727 3572/5004/3828
f 180/5003/210 3572/5004/3828 3573/5005/3827
f 180/5003/210 657/907/219 656/906/727
f 3574/5006/3235 3575/5007/3829 2978/4151/3236
f 3574/4148/3235 3631/5008/3830 3575/5009/3829
f 3574/4148/3235 2981/4155/3239 3631/5008/3830
f 117/183/137 122/188/142 1301/1829/1459
f 3576/5010/3831 4230/5011/3832 3577/5012/3833
f 3576/5010/3831 3578/5013/3834 1308/5014/1466
f 3576/5010/3831 1308/5014/1466 4230/5011/3832
f 3576/5010/3831 3577/5012/3833 3579/5015/3835
f 3576/5010/3831 3580/5016/3836 3578/5013/3834
f 3576/5010/3831 3579/5015/3835 3580/5016/3836
f 1773/2466/1973 5196/20/13 8/16/12
f 1773/2466/1973 8/16/12 3581/5017/3837
f 1773/2466/1973 3581/5017/3837 1774/2467/1974
f 3585/5018/3838 3582/5019/3839 3583/5020/3840
f 3585/5021/3838 5077/5022/3841 3584/5023/3842
f 3585/5024/3838 3584/5025/3842 1777/2472/1979
f 3585/5018/3838 3583/5020/3840 5077/5026/3841
f 3585/5018/3838 1777/5027/1979 3582/5019/3839
f 3586/4552/3515 1913/2655/2117 1917/2659/2121
f 3586/5028/3515 3587/5029/3843 2289/5030/2517
f 3586/4552/3515 1916/2658/2120 3588/5031/3844
f 3586/5028/3515 3588/5032/3844 3587/5029/3843
f 3586/4552/3515 1917/2659/2121 1916/2658/2120
f 3593/5033/3012 3589/5034/3761 3590/5035/3013
f 3593/3864/3012 3591/5036/3845 3592/5037/3846
f 3593/5038/3012 3592/5039/3846 3589/5040/3761
f 3593/3864/3012 2771/3867/3015 3591/5036/3845
f 3594/5041/3847 3595/5042/3848 52/2061/55
f 3594/5041/3847 2150/2977/2365 760/1074/849
f 3594/5041/3847 2151/2978/1590 3596/5043/3849
f 3594/5041/3847 760/1074/849 3595/5042/3848
f 3594/5041/3847 3596/5043/3849 2150/2977/2365
f 154/1574/180 3374/4704/3633 1124/1575/1261
f 154/1574/180 159/5044/185 3374/4704/3633
f 3597/5045/3850 3365/4690/3622 1799/2497/2001
f 3597/5045/3850 3598/5046/3851 165/254/191
f 3597/5045/3850 1799/2497/2001 2692/3748/2932
f 3597/5045/3850 3599/5047/3852 3365/4690/3622
f 3597/5045/3850 162/251/188 3599/5047/3852
f 3597/5045/3850 2692/3748/2932 3598/5046/3851
f 3597/5045/3850 165/254/191 162/251/188
f 1018/5048/1143 3601/5049/3853 3600/5050/3854
f 1018/1441/1143 3600/5051/3854 1019/1442/1144
f 1018/4700/1143 4908/4699/3629 3601/5052/3853
f 3602/5053/3855 310/452/352 3603/5054/3856
f 3602/5055/3855 3604/5056/3857 3605/5057/3858
f 3602/5053/3855 4550/5058/3859 3604/5059/3857
f 3602/5053/3855 3605/5060/3858 3606/5061/3860
f 3602/5053/3855 3603/5054/3856 4550/5058/3859
f 3602/5053/3855 3606/5061/3860 310/452/352
f 3607/5062/14 3608/5063/3861 3609/5064/14
f 3607/5062/14 3609/5064/14 470/655/14
f 3607/5062/14 470/655/14 14/30/14
f 3607/5062/14 3010/4198/14 3009/4197/3267
f 3607/5062/14 3009/4197/3267 3608/5063/3861
f 3607/5062/14 14/30/14 3010/4198/14
f 3098/4315/3356 3610/5065/3862 3611/5066/3863
f 3098/4315/3356 3611/5066/3863 3612/5067/3864
f 3098/4315/3356 3612/5067/3864 3099/4316/3357
f 3098/4315/3356 21/37/23 3610/5065/3862
f 912/1293/1026 3613/5068/3865 3614/5069/2210
f 912/1293/1026 914/1295/1028 3613/5068/3865
f 3615/5070/3866 3616/5071/3867 3617/5072/3868
f 3615/5070/3866 1090/1528/1222 3618/5073/3869
f 3615/5070/3866 3617/5072/3868 3515/4924/3772
f 3615/5070/3866 3515/4924/3772 3619/5074/3870
f 3615/5070/3866 3618/5073/3869 3616/5071/3867
f 3615/5070/3866 3619/5074/3870 1090/1528/1222
f 3620/5075/3871 4986/5076/3872 3621/5077/3873
f 3620/5075/3871 3621/5077/3873 4939/5078/3874
f 3620/5079/3871 1368/1903/1526 4986/5080/3872
f 3620/5079/3871 4939/5081/3874 1368/1903/1526
f 3622/5082/3875 1562/2201/1750 3623/3468/2728
f 3622/5083/3875 3623/5084/2728 3624/5085/3876
f 3622/5082/3875 3626/5086/3877 1562/2201/1750
f 3622/5083/3875 3624/5085/3876 3625/5087/3878
f 3622/5083/3875 3625/5087/3878 3626/5088/3877
f 2763/1738/1380 3627/5089/3879 5041/5090/3880
f 2763/1738/1380 5041/5090/3880 1226/1740/1381
f 2763/3855/1380 2762/3854/3005 3627/5091/3879
f 2187/3046/2410 3628/5092/3881 1340/1869/1498
f 2187/3046/2410 1339/1868/1497 2188/3047/2411
f 2187/3046/2410 1340/1869/1498 1339/1868/1497
f 2187/3046/2410 2192/3051/2415 3628/5092/3881
f 3575/5093/3829 3962/5094/3882 3629/5095/3883
f 3575/5007/3829 3630/5096/3884 2978/4151/3236
f 3575/5097/3829 3631/5098/3830 3962/5099/3882
f 3575/5093/3829 3629/5095/3883 3630/5100/3884
f 3635/5101/3885 3632/5102/3886 3633/5103/3887
f 3635/5101/3885 3634/5104/3888 3632/5102/3886
f 3635/5105/3885 4239/5106/3889 3636/5107/3890
f 3635/5101/3885 3636/5108/3890 3634/5104/3888
f 3635/5109/3885 3633/5110/3887 4239/5111/3889
f 3639/5112/3891 4033/5113/3892 3698/5114/3893
f 3639/5112/3891 3637/5115/74 67/5116/77
f 3639/5117/3891 4388/5118/3894 3640/5119/3895
f 3639/5112/3891 3698/5114/3893 3638/5120/3896
f 3639/5112/3891 2169/5121/2389 3637/5115/74
f 3639/5112/3891 3638/5120/3896 4388/5122/3894
f 3639/5123/3891 3640/5124/3895 2169/5125/2389
f 3639/5112/3891 67/5116/77 4033/5113/3892
f 3641/5126/3897 4399/5127/3898 3007/4195/3266
f 3641/5126/3897 3642/5128/3899 4399/5127/3898
f 3641/5126/3897 3389/4734/3648 3642/5128/3899
f 3641/5126/3897 3007/4195/3266 3643/5129/3900
f 3641/5126/3897 3643/5129/3900 3389/4734/3648
f 3646/5130/3901 3644/5131/3902 3645/5132/2497
f 3646/5130/3901 3645/5132/2497 2271/5133/2498
f 3646/5134/3901 2271/3153/2498 3647/5135/3903
f 3646/5134/3901 3647/5135/3903 1795/2493/1998
f 3646/5130/3901 1794/2490/1997 3644/5131/3902
f 3646/5130/3901 1795/2491/1998 1794/2490/1997
f 1978/2744/40 3648/5136/3904 2157/2984/2372
f 1978/2744/40 3649/5137/3905 938/1334/572
f 1978/2744/40 2156/2983/2371 1979/2745/572
f 1978/2744/40 2157/2984/2372 2156/2983/2371
f 1978/2744/40 938/1334/572 937/1333/1053
f 1978/54/40 3650/5138/3906 38/55/41
f 1978/54/40 41/58/44 3651/5139/3907
f 1978/2744/40 3652/5140/572 3653/5141/3908
f 1978/54/40 3654/5142/3909 3655/5143/3910
f 1978/2744/40 3656/5144/3911 5238/5145/3912
f 1978/54/40 3226/4508/3478 3657/5146/3913
f 1978/54/40 3657/5146/3913 3654/5142/3909
f 1978/2744/40 4142/5147/3914 3652/5140/572
f 1978/54/40 3651/5139/3907 3226/4508/3478
f 1978/54/40 3065/4277/572 2644/3667/2878
f 1978/2744/40 5238/5145/3912 4142/5147/3914
f 1978/54/40 2644/3667/2878 3650/5138/3906
f 1978/2744/40 3653/5141/3908 3648/5136/3904
f 1978/5148/40 3658/5149/3915 3656/5150/3911
f 1978/2744/40 1981/2747/2185 3649/5137/3905
f 1978/5148/40 3655/5151/3910 3658/5149/3915
f 3659/5152/3505 3468/4831/3723 3660/5153/3916
f 3659/4541/3505 3660/5154/3916 3255/4542/3506
f 3659/5152/3505 3256/2270/1800 1607/2271/1801
f 3659/5152/3505 1607/2271/1801 3468/4831/3723
f 530/725/588 3661/5155/593 3045/4250/3303
f 530/725/588 3044/4249/3302 3662/5156/3917
f 530/725/588 3662/5156/3917 526/726/589
f 530/725/588 3045/4250/3303 3044/4249/3302
f 3663/5157/3918 1277/1803/1433 3664/5158/3919
f 3663/5157/3918 3665/5159/3920 3666/5160/3921
f 3663/5157/3918 1280/1806/1436 1277/1803/1433
f 3663/5157/3918 3666/5160/3921 1280/1806/1436
f 3663/5157/3918 3664/5158/3919 3048/4253/572
f 3663/5157/3918 3048/4253/572 3665/5159/3920
f 3667/5161/3922 95/152/110 3668/5162/3923
f 3667/5161/3922 2291/3175/2520 3051/4256/3307
f 3667/5161/3922 3669/5163/3924 2292/3176/2521
f 3667/5161/3922 2292/3176/2521 2291/3175/2520
f 3667/5161/3922 3668/5162/3923 3669/5163/3924
f 3667/5161/3922 3051/4256/3307 95/152/110
f 3143/4383/84 3670/5164/3925 3671/5165/3926
f 3143/4383/84 3671/5165/3926 3672/5166/3927
f 3143/4383/84 3144/4386/84 1509/2122/1690
f 3143/4383/84 3672/5166/3927 2590/4384/84
f 3143/4383/84 1509/2122/1690 3670/5164/3925
f 3673/5167/3928 3674/5168/3929 115/181/135
f 3673/5167/3928 359/512/406 3675/5169/3930
f 3673/5167/3928 3676/5170/3931 359/512/406
f 3673/5167/3928 111/177/132 3676/5170/3931
f 3673/5167/3928 3675/5169/3930 3674/5168/3929
f 3673/5167/3928 115/181/135 111/177/132
f 3677/5171/3932 806/1141/904 1522/2146/1711
f 3677/5171/3932 3678/5172/3933 2311/3203/2540
f 3677/5171/3932 1522/2146/1711 3679/5173/3934
f 3677/5171/3932 3680/5174/3935 3678/5172/3933
f 3677/5171/3932 2311/3203/2540 806/1141/904
f 3677/5171/3932 3679/5173/3934 3680/5174/3935
f 124/190/144 3681/5175/3936 2312/3204/2541
f 124/190/144 2312/3204/2541 3682/5176/3937
f 124/190/144 3682/5176/3937 125/191/145
f 124/190/144 128/200/148 3681/5175/3936
f 2462/269/205 3683/5177/3938 3684/5178/3939
f 2462/3399/205 178/267/204 2789/3888/3034
f 2462/269/205 3873/3401/2689 3683/5177/3938
f 2462/269/205 3684/5178/3939 179/270/206
f 3685/5179/3940 2195/3054/2418 3686/5180/3941
f 3685/5179/3940 3686/5180/3941 3687/5181/3942
f 3685/5179/3940 3687/5181/3942 3688/5182/3943
f 3685/5179/3940 3688/5182/3943 2196/3055/2419
f 3685/5179/3940 2196/3055/2419 2195/3054/2418
f 1703/2375/1901 3027/4226/3282 2265/3146/2491
f 1703/2375/1901 2201/3060/2424 1704/2376/1902
f 1703/2375/1901 1707/2379/1905 3027/4226/3282
f 1703/2375/1901 2265/3146/2491 2201/3060/2424
f 3689/5183/3944 3690/5184/3945 4112/5185/3946
f 3689/5183/3944 142/5186/168 3691/5187/3125
f 3689/5183/3944 3692/5188/3947 142/5186/168
f 3689/5183/3944 3691/5187/3125 3690/5184/3945
f 3689/5183/3944 4112/5185/3946 3692/5188/3947
f 589/812/654 3693/5189/3948 3694/5190/3949
f 589/812/654 3694/5190/3949 3695/5191/3950
f 589/812/654 3695/5191/3950 590/813/655
f 589/812/654 593/817/659 3693/5189/3948
f 755/1063/839 1466/5192/1637 2672/5193/2909
f 755/1063/839 757/1062/841 1466/5192/1637
f 1647/2311/1841 1650/2314/1844 3696/5194/3951
f 1647/2311/1841 3696/5194/3951 3697/5195/3952
f 1647/2311/1841 3697/5195/3952 3089/4304/3345
f 3176/4435/2076 1946/5196/2078 3174/4436/3421
f 3176/5197/2076 3175/5198/3422 523/720/586
f 3176/5197/2076 523/720/586 1869/5199/2077
f 919/1302/1034 916/1298/1031 3698/5200/3893
f 919/1302/1034 2680/3736/2919 2681/3735/2920
f 919/1302/1034 2681/3735/2920 921/1303/1035
f 919/1302/1034 3698/5200/3893 2680/3736/2919
f 3699/5201/3953 1614/2278/1808 3700/5202/3954
f 3699/5201/3953 380/546/431 377/543/428
f 3699/5201/3953 1031/1462/1158 448/626/505
f 3699/5201/3953 448/626/505 1614/2278/1808
f 3699/5201/3953 3700/5202/3954 380/546/431
f 3699/5201/3953 377/543/428 1031/1462/1158
f 3701/5203/3955 3702/5204/3956 2596/5205/2831
f 3701/5203/3955 3703/5206/3957 3704/5207/3958
f 3701/5203/3955 3705/5208/3959 3706/5209/3960
f 3701/5203/3955 3704/5207/3958 3702/5204/3956
f 3701/5203/3955 3706/5209/3960 3703/5206/3957
f 3701/5203/3955 2596/5205/2831 3705/5208/3959
f 3707/5210/3961 3708/5211/2361 2145/5212/1272
f 3707/5210/3961 3709/5213/3962 3710/5214/3963
f 3707/5210/3961 2145/5212/1272 3709/5213/3962
f 3707/5215/3961 3711/5216/3964 3712/5217/3965
f 3707/5210/3961 3710/5214/3963 3711/5218/3964
f 3707/5215/3961 3712/5217/3965 3708/2963/2361
f 3714/5219/3966 2302/3192/2528 4823/5220/3967
f 3714/5219/3966 4823/5220/3967 3713/5221/3968
f 3714/5222/3966 4822/3847/3001 2300/3189/2529
f 3714/5219/3966 2300/5223/2529 2302/3192/2528
f 3714/5219/3966 3713/5221/3968 5172/5224/3969
f 3714/5219/3966 5172/5224/3969 4822/5225/3001
f 1891/2633/14 1894/2636/14 2382/3286/2607
f 1891/2633/14 3715/5226/3970 3187/4455/3436
f 1891/2633/14 2382/3286/2607 3715/5226/3970
f 1891/2633/14 3716/5227/14 1892/2634/14
f 1891/2633/14 3187/4455/3436 3716/5227/14
f 1898/2640/2102 1901/2643/2105 3423/4772/3680
f 1898/2640/2102 3423/4772/3680 3190/4458/3439
f 1898/2640/2102 3717/5228/3971 1899/2641/2103
f 1898/2640/2102 3190/4458/3439 3717/5228/3971
f 809/1144/907 3718/5229/3972 810/1145/908
f 809/1144/907 3719/5230/3973 3718/5229/3972
f 809/1144/907 808/1143/906 3719/5230/3973
f 1631/2295/1825 3720/5231/3974 1632/2296/1826
f 1631/2295/1825 1905/2647/2109 3720/5231/3974
f 3721/5232/3975 3722/5233/3976 3723/5234/3977
f 3721/5232/3975 3724/5235/3978 2391/3297/2617
f 3721/5232/3975 2391/3297/2617 3725/5236/3979
f 3721/5232/3975 3725/5236/3979 3722/5233/3976
f 3721/5232/3975 3723/5234/3977 3724/5235/3978
f 2935/4087/3194 4627/5237/730 3726/5238/3980
f 2935/4087/3194 2105/2909/2316 4627/5237/730
f 2935/4087/3194 3726/5238/3980 2936/4088/3195
f 2935/4087/3194 2107/2910/2318 2105/2909/2316
f 1386/1933/1544 1385/1932/1546 3244/4529/3496
f 1386/1933/1544 3244/4529/3496 3727/5239/1545
f 3728/5240/3981 261/385/297 2942/4095/3202
f 3728/5240/3981 3729/5241/3982 262/386/298
f 3728/5240/3981 1491/2094/1671 3729/5241/3982
f 3728/5240/3981 262/386/298 261/385/297
f 3728/5240/3981 512/705/573 1491/2094/1671
f 3728/5240/3981 2942/4095/3202 512/705/573
f 2406/3323/2634 2409/3326/2637 3225/4507/3477
f 2406/3323/2634 3228/4510/3480 2407/3324/2635
f 1017/1444/1145 1021/1448/1147 3368/4695/3627
f 617/858/683 2189/3048/2412 612/5242/684
f 617/858/683 3730/5243/3983 2189/3048/2412
f 617/858/683 615/856/687 3730/5243/3983
f 3731/5244/3984 3732/5245/3985 1811/2521/2015
f 3731/5244/3984 3733/5246/3986 3732/5245/3985
f 3731/5244/3984 1811/2521/2015 364/517/410
f 3731/5244/3984 364/517/410 3373/4703/3632
f 3731/5244/3984 3373/4703/3632 3733/5246/3986
f 3734/5247/3987 3735/5248/3988 951/1347/1066
f 3734/5247/3987 3736/5249/3989 3737/5250/3990
f 3734/5247/3987 3737/5250/3990 3735/5248/3988
f 3734/5247/3987 951/1347/1066 948/1344/1063
f 3734/5247/3987 2036/2815/2242 3736/5249/3989
f 3734/5247/3987 948/1344/1063 2036/2815/2242
f 794/5251/891 3869/5252/3991 598/832/668
f 794/5253/891 796/5254/894 3869/5255/3991
f 794/5251/891 598/832/668 795/5256/892
f 378/544/429 3738/5257/3992 3739/5258/3993
f 378/544/429 381/547/432 3738/5257/3992
f 378/544/429 3739/5258/3993 379/545/430
f 3248/4534/3498 3740/5259/3994 3249/4535/3499
f 3248/4534/3498 3288/4587/3542 3740/5259/3994
f 3251/4537/3501 3253/4539/3503 3741/5260/3995
f 3251/4537/3501 2971/4141/3228 3252/4538/3502
f 3251/4537/3501 2972/4142/3229 2971/4141/3228
f 3251/4537/3501 3741/5260/3995 2972/4142/3229
f 1835/2557/2042 1837/2559/2044 4372/1794/1424
f 1835/4366/2042 3131/4365/3388 1836/2563/2043
f 1835/2557/2042 4372/1794/1424 1268/1793/1423
f 1599/2257/1791 3742/5261/1793 3743/5262/3996
f 1599/2257/1791 3743/5262/3996 3261/4549/3512
f 1599/2257/1791 3744/5263/3997 1600/2258/1792
f 1599/2257/1791 3261/4549/3512 3744/5263/3997
f 2167/3004/2385 2168/3003/2387 4032/5264/3998
f 2167/5265/2385 4032/5266/3998 2648/5267/2883
f 2002/5268/2207 3745/5269/3999 3746/5270/4000
f 2002/5268/2207 3746/5270/4000 792/5271/890
f 2002/2770/2207 4651/2772/2209 2980/5272/3238
f 2002/5268/2207 2980/5273/3238 3745/5269/3999
f 2458/3395/2685 3747/5274/4001 3748/5275/4002
f 2458/3395/2685 2460/3397/2687 3747/5274/4001
f 2458/3395/2685 3748/5275/4002 3749/5276/4003
f 3750/5277/4004 1584/2242/117 2993/4169/3252
f 3750/5277/4004 2992/4168/3251 3751/5278/4005
f 3750/5277/4004 3751/5278/4005 3752/5279/118
f 3750/5277/4004 3752/5279/118 1584/2242/117
f 3750/5277/4004 2993/4169/3252 2992/4168/3251
f 2996/4172/3255 3273/4566/3527 2997/4173/3256
f 2996/4172/3255 3753/5280/4006 3274/4567/3528
f 2996/4172/3255 2629/4175/2863 3753/5280/4006
f 2996/4172/3255 3274/4567/3528 3273/4566/3527
f 3754/5281/4007 2354/3248/2580 3755/5282/4008
f 3754/5281/4007 5071/5283/4009 3756/5284/4010
f 3754/5281/4007 3756/5284/4010 3757/5285/4011
f 3754/5281/4007 3755/5282/4008 5071/5283/4009
f 3754/5281/4007 3757/5285/4011 2354/3248/2580
f 1346/1878/1504 3758/5286/4012 3759/5287/4013
f 1346/1878/1504 3759/5287/4013 2904/4043/3160
f 1346/1878/1504 1348/1882/1506 3758/5286/4012
f 3762/5288/4014 3962/5289/3882 4773/5290/4015
f 3762/5288/4014 3961/5291/4016 3962/5289/3882
f 3762/5288/4014 3760/5292/4017 3761/5293/4018
f 3762/5288/4014 3761/5293/4018 3961/5291/4016
f 3762/5294/4014 4773/5295/4015 3760/5296/4017
f 3763/5297/4019 285/414/323 4945/5298/4020
f 3763/5297/4019 3764/5299/4021 3765/5300/4022
f 3763/5297/4019 4945/5298/4020 3764/5299/4021
f 3763/5297/4019 3765/5300/4022 286/415/324
f 3763/5297/4019 286/415/324 285/414/323
f 3027/4226/3282 1707/2379/1905 3766/5301/4023
f 3027/4226/3282 3766/5301/4023 3028/4227/3283
f 3767/5302/3289 3768/5303/4024 885/1250/992
f 3767/5302/3289 384/5304/436 3768/5303/4024
f 3767/5302/3289 885/1250/992 3031/5305/3290
f 3767/4233/3289 385/552/437 384/551/436
f 3648/5136/3904 3769/5306/4025 2158/2985/2373
f 3648/5136/3904 2158/2985/2373 2157/2984/2372
f 3648/5136/3904 3653/5141/3908 3769/5306/4025
f 3770/5307/4026 3771/5308/4027 2310/3202/2539
f 3770/5307/4026 2310/3202/2539 1988/2754/2192
f 3770/5307/4026 1988/2754/2192 1986/2752/2190
f 3770/5307/4026 2924/4073/3184 3771/5308/4027
f 3770/5307/4026 3772/5309/4028 2924/4073/3184
f 3770/5307/4026 1986/2752/2190 3772/5309/4028
f 1468/2057/1641 3773/5310/4029 1469/2058/1642
f 1468/2057/1641 52/2061/55 3774/5311/4030
f 1468/2057/1641 3774/5311/4030 3773/5310/4029
f 3775/5312/4031 3776/5313/4032 3777/5314/4033
f 3775/5315/4031 3778/1161/920 3776/5316/4032
f 3775/5312/4031 3202/4470/3451 3203/4471/3452
f 3775/5312/4031 3203/4471/3452 3778/5317/920
f 3775/5312/4031 3777/5314/4033 3202/4470/3451
f 3780/5318/4034 528/729/591 3779/5319/4035
f 3780/5320/4034 3781/5321/4036 3782/5322/4037
f 3780/5320/4034 3779/5323/4035 3783/5324/4038
f 3780/5318/4034 3782/5325/4037 528/729/591
f 3780/5320/4034 3783/5324/4038 3781/5321/4036
f 414/590/469 1854/2587/2061 3784/5326/4039
f 414/590/469 1855/2588/2062 1854/2587/2061
f 414/590/469 3784/5326/4039 415/591/470
f 414/590/469 416/594/473 1855/2588/2062
f 1270/1796/1426 3785/5327/4040 1271/1797/1427
f 1270/1796/1426 4453/5328/4041 3786/5329/4042
f 1270/1796/1426 3786/5329/4042 3785/5327/4040
f 1270/1796/1426 1274/1800/1430 4453/5328/4041
f 3787/5330/4043 2405/3322/2633 3521/4933/3780
f 3787/5330/4043 2019/2797/2226 3171/4431/3418
f 3787/5330/4043 2408/3325/2636 2405/3322/2633
f 3787/5330/4043 3171/4431/3418 3788/5331/4044
f 3787/5330/4043 3521/4933/3780 2019/2797/2226
f 3787/5330/4043 3788/5331/4044 2408/3325/2636
f 3789/5332/4045 2023/2802/2229 1310/1839/1469
f 3789/5332/4045 3790/5333/4046 3791/5334/4047
f 3789/5332/4045 1310/1839/1469 3792/5335/4048
f 3789/5332/4045 3793/5336/4049 2023/2802/2229
f 3789/5332/4045 3792/5335/4048 3790/5333/4046
f 3789/5332/4045 3791/5334/4047 3793/5336/4049
f 1364/1898/1521 3794/5337/4050 1365/1899/1522
f 1364/1898/1521 1363/1897/1520 3795/5338/4051
f 1364/1898/1521 3795/5338/4051 3796/5339/4052
f 1364/1898/1521 3796/5339/4052 3794/5337/4050
f 1513/5340/1697 3308/4616/3563 3313/4615/3568
f 1513/5341/1697 3237/4519/1705 3308/4610/3563
f 1513/5340/1697 3313/4615/3568 1514/3859/1698
f 3798/3173/2518 3797/5342/509 2290/3174/2519
f 3798/5343/2518 2289/5030/2517 3799/5344/4053
f 3798/5343/2518 3799/5344/4053 452/631/510
f 3798/5343/2518 452/631/510 3797/630/509
f 3800/5345/4054 2098/2895/2307 2635/2892/2306
f 3800/5346/4054 3801/5347/4055 955/1358/1074
f 3800/5346/4054 2635/3656/2306 3801/5347/4055
f 3800/5345/4054 955/1356/1074 2098/2895/2307
f 3802/5348/1077 1593/2249/1784 958/1364/1078
f 3802/1586/1077 1131/1585/1267 1593/5349/1784
f 962/5350/1083 3803/5351/4056 3804/5352/4057
f 962/5350/1083 3804/5352/4057 2042/1527/1221
f 962/1370/1083 2042/2821/1221 963/1371/1084
f 962/5350/1083 967/5353/730 3803/5351/4056
f 474/659/530 2045/2825/2249 886/1251/993
f 3805/5354/4058 3806/5355/2480 3809/5356/4059
f 3805/5357/4058 4955/5358/4060 3807/5359/3461
f 3805/5357/4058 3807/5359/3461 3808/5360/2483
f 3805/5357/4058 3809/5361/4059 4875/5362/4061
f 3805/5357/4058 3808/5360/2483 3806/5363/2480
f 3805/5357/4058 4875/5362/4061 4955/5358/4060
f 1852/2582/2060 1851/2583/2059 2038/2817/2244
f 1852/2582/2060 960/1366/1080 1853/1368/1081
f 1852/2582/2060 2038/2817/2244 960/1366/1080
f 3810/5364/1575 1133/1592/1273 1411/1967/1576
f 3810/5364/1575 3811/5365/4062 1133/1592/1273
f 3810/1963/1575 1910/2652/2114 3811/5366/4062
f 3810/1963/1575 1410/1962/1574 3812/5367/4063
f 3810/1963/1575 3812/5367/4063 1910/2652/2114
f 3814/5368/277 4458/5369/279 3813/5370/4064
f 3814/5368/277 3813/5370/4064 3815/5371/4065
f 3814/5372/277 3815/5373/4065 244/5374/278
f 3816/5375/1121 2066/5376/2274 3621/5377/3873
f 3816/5378/1121 3817/5379/1120 2066/2856/2274
f 3816/1415/1121 3818/5380/4066 3433/4783/3691
f 3816/5381/1121 3621/5382/3873 3819/5383/4067
f 3816/1415/1121 5060/5384/4068 3818/5380/4066
f 3816/1415/1121 48/72/52 47/71/49
f 3816/5381/1121 3819/5383/4067 5060/5385/4068
f 3628/5092/3881 1341/1872/1500 1340/1869/1498
f 3628/5092/3881 2192/3051/2415 3820/5386/4069
f 3628/5092/3881 3820/5386/4069 4513/3613/2840
f 3628/5092/3881 4513/3613/2840 1341/1872/1500
f 1004/1428/1130 2831/3951/3084 3821/5387/4070
f 1004/1428/1130 1007/1431/1133 2831/3951/3084
f 1004/1428/1130 3822/5388/4071 1005/1429/1131
f 1004/1428/1130 3821/5387/4070 3822/5388/4071
f 1181/1672/1331 1012/1436/1138 1182/1673/1332
f 1181/1672/1331 1013/1437/1139 1012/1436/1138
f 1181/1672/1331 1184/1675/1334 3823/5389/4072
f 1181/1672/1331 3823/5389/4072 1013/1437/1139
f 3280/4572/3533 3824/5390/4073 3278/4573/3534
f 3280/4572/3533 3449/4799/3706 3824/5390/4073
f 982/1391/1103 3825/5391/4074 983/1392/1104
f 982/1403/1103 5212/1408/1116 3825/5392/4074
f 954/1355/1073 2094/5393/2302 955/1356/1074
f 954/5394/1073 3826/5395/4075 3827/5396/4076
f 954/5394/1073 3827/5396/4076 2095/2886/2303
f 954/5394/1073 2095/2886/2303 2094/2885/2302
f 954/5394/1073 3828/5397/1070 3826/5395/4075
f 2229/3094/2450 3829/5398/4077 3830/5399/4078
f 2229/3094/2450 2715/3792/2958 2230/3095/2451
f 2229/3094/2450 3830/5399/4078 2715/3792/2958
f 2229/3094/2450 2232/3097/2453 3829/5398/4077
f 3101/4318/3359 714/998/791 715/999/792
f 3101/4318/3359 715/999/792 2399/3311/2626
f 3101/4318/3359 3831/5400/4079 714/998/791
f 3101/4318/3359 2399/3311/2626 3102/4319/3360
f 3101/4318/3359 3104/4321/3362 3831/5400/4079
f 2939/4092/3199 3832/5401/4080 1931/2675/2137
f 2939/4092/3199 2940/4093/3200 3833/5402/4081
f 2939/4092/3199 3834/5403/4082 3832/5401/4080
f 2939/4092/3199 1931/2675/2137 1930/2674/2136
f 2939/4092/3199 3833/5402/4081 3834/5403/4082
f 2759/3851/3002 3835/5404/4083 1840/2566/2048
f 2759/3851/3002 3836/5405/4084 3835/5404/4083
f 2759/3851/3002 2761/3853/3004 3107/4324/3365
f 2759/3851/3002 3107/4324/3365 3836/5405/4084
f 1224/1733/1375 4326/1734/1376 4885/5406/4085
f 1224/1733/1375 727/1017/807 726/1016/806
f 1224/1733/1375 3837/5407/4086 727/1017/807
f 1224/1733/1375 4885/5406/4085 3837/5407/4086
f 1466/2049/1637 757/4904/841 1465/2050/1638
f 1466/5408/1637 3838/5409/1714 2672/5410/2909
f 3839/5411/4087 3740/5259/3994 3288/4587/3542
f 3839/5411/4087 2502/3466/2724 3740/5259/3994
f 3839/5411/4087 3288/4587/3542 3840/5412/4088
f 3839/5411/4087 4808/5413/4089 2502/3466/2724
f 3839/5411/4087 3840/5412/4088 4808/5413/4089
f 3841/5414/4090 1237/1753/1391 136/209/158
f 3841/5414/4090 136/209/158 3116/4335/3373
f 3841/5414/4090 2257/3137/2485 1237/1753/1391
f 3841/5414/4090 3116/4335/3373 3842/5415/4091
f 3841/5414/4090 3843/5416/4092 2257/3137/2485
f 3841/5414/4090 3842/5415/4091 3844/5417/4093
f 3841/5414/4090 3844/5417/4093 3843/5416/4092
f 141/5418/165 3470/5419/3727 3845/5420/3726
f 141/223/165 5213/222/163 3470/5421/3727
f 2910/4056/3167 3414/4760/3671 3846/5422/4094
f 2910/4056/3167 2912/4058/3169 3414/4760/3671
f 2910/4056/3167 3846/5422/4094 2911/4057/3168
f 3847/5423/4095 3848/5424/3521 4639/5425/4096
f 3847/5423/4095 3849/5426/4097 466/649/524
f 3847/5423/4095 466/649/524 464/653/522
f 3847/5423/4095 1633/2297/1827 3849/5426/4097
f 3847/5423/4095 4639/5425/4096 1633/2297/1827
f 3847/5423/4095 464/653/522 3848/5424/3521
f 2344/3237/2570 2346/3239/2572 3850/5427/4098
f 2344/3237/2570 3850/5427/4098 3851/5428/4099
f 2344/3237/2570 3851/5428/4099 2345/3238/2571
f 603/837/672 2158/2985/2373 604/838/673
f 603/837/672 602/836/671 1263/1785/1415
f 3852/5429/4100 3853/5430/4101 3854/5431/4102
f 3852/5429/4100 1499/2104/1680 3855/5432/4103
f 3852/5429/4100 3854/5431/4102 3856/5433/2377
f 3852/5429/4100 3856/5433/2377 1500/2105/1681
f 3852/5429/4100 1500/2105/1681 1499/2104/1680
f 3852/5429/4100 3855/5432/4103 3853/5430/4101
f 3858/5434/4104 2450/3381/2677 3857/5435/4105
f 3858/5434/4104 7/5436/9 2451/3382/2678
f 3858/5434/4104 3857/5435/4105 5255/5437/4106
f 3858/5434/4104 5255/5437/4106 10/5438/10
f 3858/5434/4104 2451/3382/2678 2450/3381/2677
f 3858/5439/4104 10/13/10 7/12/9
f 3859/5440/4107 2454/3387/2682 2456/3389/2683
f 3859/5440/4107 3860/5441/4108 3861/5442/730
f 3859/5440/4107 3861/5442/730 2454/3387/2682
f 3859/5440/4107 2456/3389/2683 3862/5443/4109
f 3859/5440/4107 3862/5443/4109 3863/5444/4110
f 3859/5440/4107 3863/5444/4110 3860/5441/4108
f 3864/5445/2940 3865/5446/4111 3866/5447/4112
f 3864/5448/2940 3866/5449/4112 3867/5450/4113
f 3864/5445/2940 2700/3773/2942 3865/5446/4111
f 3864/5448/2940 3867/5450/4113 2698/3769/2941
f 3868/5451/4114 3869/5452/3991 796/5453/894
f 3868/5451/4114 3870/5454/4115 1096/5455/1230
f 3868/5451/4114 796/5453/894 4981/5456/893
f 3868/5457/4114 4981/5458/893 4674/5459/4116
f 3868/5460/4114 4674/5461/4116 3870/5462/4115
f 3871/5463/4117 2989/4165/3248 2789/3888/3034
f 3871/5463/4117 2789/3888/3034 3872/5464/4118
f 3871/5463/4117 3873/5465/2689 1697/2368/1894
f 3871/5463/4117 3872/5464/4118 3874/5466/4119
f 3871/5463/4117 2303/3193/2531 3995/3187/2527
f 3871/5463/4117 1697/2368/1894 2989/4165/3248
f 3871/5463/4117 3995/3187/2527 3873/5465/2689
f 3871/5463/4117 3874/5466/4119 2303/3193/2531
f 3875/5467/4120 2176/3024/2400 3536/4956/3795
f 3875/5467/4120 3876/5468/4121 2706/3783/2949
f 3875/5467/4120 799/1134/897 3877/5469/4122
f 3875/5467/4120 3536/4956/3795 3876/5468/4121
f 3875/5467/4120 3877/5469/4122 2176/3024/2400
f 3875/5467/4120 2706/3783/2949 799/1134/897
f 810/1145/908 3878/5470/4123 887/2145/994
f 810/1145/908 3718/5229/3972 3878/5470/4123
f 3882/5471/4124 3884/5472/4125 3879/5473/4126
f 3882/5474/4124 3880/5475/3517 2412/5476/2642
f 3882/5471/4124 3879/5473/4126 3881/5477/4127
f 3882/5478/4124 3883/5479/4128 3884/5480/4125
f 3882/5471/4124 3881/5477/4127 3880/5481/3517
f 3882/5478/4124 3885/5482/4129 3883/5479/4128
f 3882/5478/4124 2412/3339/2642 3885/5482/4129
f 3888/5483/4130 1729/2413/1925 3886/5484/1928
f 3888/5483/4130 3605/5057/3858 3887/5485/4131
f 3888/5486/4130 3886/2418/1928 3606/5061/3860
f 3888/5483/4130 3889/5487/4132 1729/2413/1925
f 3888/5483/4130 3887/5485/4131 3889/5487/4132
f 3888/5483/4130 3606/5488/3860 3605/5057/3858
f 3890/5489/4133 1319/1848/1478 3891/5490/4134
f 3890/5489/4133 3892/5491/4135 3893/5492/4136
f 3890/5489/4133 3894/5493/4137 1320/1849/1479
f 3890/5489/4133 3891/5490/4134 3892/5491/4135
f 3890/5489/4133 3895/5494/4138 3894/5493/4137
f 3890/5489/4133 3893/5492/4136 3895/5494/4138
f 3890/5489/4133 1320/1849/1479 1319/1848/1478
f 1325/1854/1484 3896/5495/4139 1326/1855/1485
f 1325/1854/1484 2204/3063/2427 2203/3062/2426
f 1325/1854/1484 2203/3062/2426 3896/5495/4139
f 1325/1854/1484 1330/1859/1489 2204/3063/2427
f 3897/5496/4140 4687/338/258 4423/5497/4141
f 3897/5498/4140 5033/5499/4142 3898/5500/425
f 3897/5496/4140 226/339/259 4687/338/258
f 3897/5498/4140 5265/344/261 226/343/259
f 3897/5498/4140 3898/5500/425 5265/344/261
f 2822/3931/3069 2821/3930/3071 3899/5501/4143
f 2822/3927/3069 3900/5502/4144 3901/5503/246
f 2822/3927/3069 3901/5503/246 2820/3928/3070
f 2822/3931/3069 3899/5501/4143 3900/5504/4144
f 686/950/760 3902/5505/4145 687/951/761
f 686/950/760 3993/952/762 3903/5506/84
f 686/950/760 3903/5506/84 3904/5507/84
f 686/950/760 3904/5507/84 3902/5505/4145
f 3905/5508/4146 3906/5509/4147 3907/5510/4148
f 3905/5508/4146 3908/5511/4149 3906/5509/4147
f 3905/5508/4146 3907/5510/4148 3909/5512/4150
f 3905/5508/4146 3909/5512/4150 3910/5513/4151
f 3905/5508/4146 3910/5513/4151 3908/5511/4149
f 3915/5514/4152 3281/4578/3536 3911/5515/4153
f 3915/5514/4152 3912/5516/3349 3913/5517/777
f 3915/5514/4152 3911/5515/4153 3914/5518/4154
f 3915/5519/4152 699/973/776 3281/4577/3536
f 3915/5519/4152 3913/974/777 699/973/776
f 3915/5514/4152 3914/5518/4154 3912/5516/3349
f 1068/1502/1196 1072/1506/1200 3916/5520/4155
f 1068/1502/1196 1574/2214/1763 1069/1503/1197
f 1068/1502/1196 3916/5520/4155 5232/1971/1580
f 294/434/334 3095/5521/3352 3917/5522/3355
f 294/434/334 297/437/337 3095/5521/3352
f 294/434/334 3917/5522/3355 5194/27/15
f 3918/5523/4156 3610/5065/3862 21/37/23
f 3918/5523/4156 3500/4897/3758 3610/5065/3862
f 3918/5523/4156 3919/5524/4157 3501/4898/3759
f 3918/5523/4156 20/36/22 3919/5524/4157
f 3918/5523/4156 3501/4898/3759 3500/4897/3758
f 3918/5523/4156 21/37/23 20/36/22
f 3573/5005/3827 3572/5004/3828 2962/4123/3222
f 3573/5002/3827 3920/5525/3221 181/277/211
f 3573/5005/3827 2962/4123/3222 3920/4122/3221
f 2010/2783/2214 3550/4973/3808 2007/2784/2215
f 2010/2783/2214 2697/1240/984 3550/4973/3808
f 2010/2787/2214 2008/2785/2216 2697/3761/984
f 1678/2346/1873 3921/5526/4158 1679/2347/1874
f 1678/2346/1873 3106/4323/3364 3921/5526/4158
f 3922/5527/4159 269/393/305 3923/5528/4160
f 3922/5527/4159 270/394/306 269/393/305
f 3922/5527/4159 3924/5529/4161 270/394/306
f 3922/5527/4159 3925/5530/4162 3109/4326/3366
f 3922/5527/4159 3109/4326/3366 3924/5529/4161
f 3922/5527/4159 3923/5528/4160 3925/5530/4162
f 977/5531/1097 3425/5532/3682 3926/5533/4163
f 977/5531/1097 3927/5534/4164 3928/5535/1098
f 977/5531/1097 3926/5533/4163 3927/5534/4164
f 131/202/151 1609/2273/1803 77/120/86
f 131/202/151 77/120/86 76/119/85
f 137/210/159 136/209/158 3929/5536/2911
f 137/210/159 3929/5536/2911 2673/4204/2910
f 2631/227/169 3930/5537/4165 4559/5538/4166
f 2631/227/169 2634/5539/2868 3930/5537/4165
f 2631/3652/169 142/5186/168 3931/5540/4167
f 2631/227/169 4998/5541/4168 145/228/170
f 2631/227/169 4559/5538/4166 4998/5541/4168
f 2631/3652/169 3931/5540/4167 2632/3653/2866
f 2375/3276/2600 149/238/175 3932/5542/4169
f 2375/5543/2600 3932/5544/4169 2376/3279/2601
f 2375/3276/2600 150/239/176 149/238/175
f 3933/5545/4170 2154/2981/2369 3934/5546/4171
f 3933/5545/4170 3935/5547/4172 3936/5548/4173
f 3933/5545/4170 158/247/184 3937/5549/4174
f 3933/5545/4170 3936/5548/4173 158/247/184
f 3933/5545/4170 3934/5546/4171 3935/5547/4172
f 3933/5545/4170 3937/5549/4174 2154/2981/2369
f 3938/5550/4175 3128/4358/3383 772/1086/861
f 3938/5550/4175 3939/5551/4176 3128/4358/3383
f 3938/5550/4175 770/1084/859 2785/3883/3029
f 3938/5550/4175 2784/3882/3028 3939/5551/4176
f 3938/5550/4175 772/1086/861 770/1084/859
f 3938/5550/4175 2785/3883/3029 2784/3882/3028
f 1147/1607/1285 4339/5552/4177 2448/3379/2675
f 1147/1616/1285 1146/1615/1290 4339/5553/4177
f 2508/1622/1294 3940/5554/4178 2511/5555/2735
f 2508/1622/1294 1151/1623/1295 3940/5554/4178
f 1662/2330/1857 2455/3388/572 3136/4371/3391
f 1662/2330/1857 3136/4371/3391 1663/2331/1858
f 95/152/110 98/156/114 3668/5162/3923
f 95/152/110 3051/4256/3307 96/153/111
f 3941/5556/2628 3258/5557/3508 2400/5558/2629
f 3941/5556/2628 3943/5559/4179 3942/5560/3509
f 3941/3314/2628 1600/2258/1792 3943/5561/4179
f 3941/5556/2628 3942/5560/3509 3258/5557/3508
f 3945/5562/4180 4938/5563/2272 3944/5564/4181
f 3945/5565/4180 5195/1912/1531 1368/1903/1526
f 3945/5566/4180 3944/5567/4181 3946/5568/4182
f 3945/5565/4180 3946/5569/4182 5195/1912/1531
f 3945/5565/4180 1368/1903/1526 4939/5081/3874
f 3945/5565/4180 4939/5081/3874 4938/5570/2272
f 3148/4392/3400 3149/4393/341 3947/5571/4183
f 3148/4392/3400 3948/5572/4184 2665/3698/2900
f 3148/4392/3400 3947/5571/4183 3948/5572/4184
f 3884/5480/4125 3883/5479/4128 3949/3419/2701
f 3884/5472/4125 3949/5573/2701 2478/3424/2704
f 3884/5472/4125 2478/3424/2704 1771/2464/1971
f 3884/5472/4125 1771/2464/1971 3879/5473/4126
f 2189/5574/2412 3950/4004/3129 612/852/684
f 2189/3048/2412 3730/5243/3983 2190/3049/2413
f 2189/3048/2412 2188/3047/2411 4741/5575/4185
f 2189/3048/2412 4741/5575/4185 3950/5576/3129
f 3951/5577/4186 3894/5578/4137 3895/5579/4138
f 3951/5577/4186 3895/5579/4138 1115/1563/1251
f 3951/5577/4186 2485/3443/2713 3894/5578/4137
f 3951/5577/4186 1115/1563/1251 1112/1558/1248
f 3951/5577/4186 1112/1558/1248 2485/3443/2713
f 2201/3060/2424 2265/3146/2491 2202/3061/2425
f 2201/3060/2424 2205/3064/2428 1704/2376/1902
f 2683/3738/2922 674/938/748 3952/5580/4187
f 2683/3738/2922 3953/5581/4188 2206/3065/2429
f 2683/3738/2922 3952/5580/4187 3954/5582/4189
f 2683/3738/2922 3954/5582/4189 3955/5583/4190
f 2683/3738/2922 3955/5583/4190 3953/5581/4188
f 837/1183/936 839/1189/938 3956/5584/4191
f 837/1183/936 3956/5584/4191 3957/5585/4192
f 837/1183/936 234/353/268 233/352/267
f 837/1183/936 3957/5585/4192 234/353/268
f 2217/3077/2438 3169/4429/3417 79/123/88
f 850/1201/949 3520/1198/946 4202/5586/4193
f 850/1201/949 4202/5586/4193 1350/1884/1508
f 2474/3417/2699 3756/5284/4010 2475/3418/2700
f 2474/3417/2699 3958/5587/4194 3959/5588/4195
f 2474/3417/2699 2476/3420/2702 3958/5587/4194
f 2474/3417/2699 3959/5588/4195 3756/5284/4010
f 2843/3967/3095 1233/1748/1386 1232/1747/1385
f 2843/3967/3095 3347/4663/3603 3960/5589/4196
f 2843/3967/3095 2845/3969/3097 3347/4663/3603
f 2843/3967/3095 3960/5589/4196 1233/1748/1386
f 3962/5094/3882 3961/5590/4016 3629/5095/3883
f 3962/5591/3882 3631/5008/3830 4773/5592/4015
f 2958/5593/3218 366/5594/4197 3963/5595/4198
f 2958/5593/3218 3964/5596/3219 366/5594/4197
f 2958/5593/3218 3963/5595/4198 3965/5597/70
f 3966/5598/327 1817/2535/2021 289/426/328
f 3966/424/327 5186/423/331 5002/2526/2018
f 1822/2541/2026 4238/5599/4199 4237/5600/4200
f 1822/2541/2026 1821/2540/2025 4238/5599/4199
f 1822/2541/2026 4237/5600/4200 3967/5601/4201
f 1822/2541/2026 3967/5601/4201 1823/2542/2027
f 3184/4452/3433 4861/4235/3291 4862/5602/4202
f 3184/4452/3433 3186/4454/3435 3032/4236/3292
f 3184/4452/3433 3032/4236/3292 4861/4235/3291
f 3184/4452/3433 4862/5602/4202 296/436/336
f 814/1149/912 813/1148/911 3968/5603/4203
f 814/1149/912 3969/5604/4204 2561/3559/2796
f 814/1149/912 3968/5603/4203 3969/5604/4204
f 814/1149/912 2561/3559/2796 815/1150/913
f 1987/2753/2191 191/298/222 195/297/224
f 1987/2753/2191 195/297/224 3195/4463/3444
f 1987/2753/2191 1984/2750/2188 191/298/222
f 3970/5605/4205 1906/2648/2110 1635/2299/1829
f 3970/5605/4205 1992/2760/2197 1993/2761/2198
f 3970/5605/4205 1993/2761/2198 1906/2648/2110
f 3970/5605/4205 1635/2299/1829 1636/2300/1830
f 3970/5605/4205 3971/5606/4206 1992/2760/2197
f 3970/5605/4205 1636/2300/1830 3971/5606/4206
f 3972/5607/4207 3778/5317/920 3203/4471/3452
f 3972/5607/4207 3387/4732/3646 3973/5608/4208
f 3972/5609/4207 3973/5610/4208 826/1162/921
f 3972/5609/4207 826/1162/921 3778/1161/920
f 3972/5607/4207 3203/4471/3452 3387/4732/3646
f 3258/4545/3508 1408/1957/1569 3974/1958/1570
f 3258/5557/3508 3974/5611/1570 2400/5558/2629
f 3975/5612/2620 3978/5613/4209 3976/5614/4210
f 3975/5612/2620 3976/5614/4210 3977/5615/4211
f 3975/3302/2620 4604/3308/2623 3978/5616/4209
f 3975/3302/2620 3977/5617/4211 2395/3303/2621
f 2242/3114/2465 1210/1719/1361 1213/1722/1364
f 2242/3114/2465 1213/1722/1364 3979/5618/4212
f 2242/3114/2465 3980/5619/4213 2243/3115/2466
f 2242/3114/2465 3979/5618/4212 3980/5619/4213
f 2014/2791/2221 2016/2793/2223 3223/4505/3475
f 2014/2791/2221 3222/4504/3474 3981/5620/4214
f 2014/2791/2221 3981/5620/4214 2015/2792/2222
f 2014/2791/2221 3223/4505/3475 3222/4504/3474
f 3225/4507/3477 3982/5621/4215 3657/5146/3913
f 3225/4507/3477 2409/3326/2637 3982/5621/4215
f 3225/4507/3477 3657/5146/3913 3226/4508/3478
f 3983/5622/4216 3984/5623/4217 3231/4513/3483
f 3983/5622/4216 3985/5624/4218 3984/5623/4217
f 3983/5622/4216 3986/5625/4219 3987/5626/4220
f 3983/5622/4216 3988/5627/4221 3986/5625/4219
f 3983/5622/4216 3231/4513/3483 3988/5627/4221
f 3983/5622/4216 3987/5626/4220 3985/5624/4218
f 3989/5628/4222 1314/1843/1473 1315/1844/1474
f 3989/5628/4222 1315/1844/1474 3004/4191/3264
f 3989/5628/4222 3004/4191/3264 3007/4194/3266
f 3989/5628/4222 3990/5629/4223 1314/1843/1473
f 3989/5628/4222 3007/4194/3266 3990/5629/4223
f 2323/3215/2552 183/281/214 3991/5630/4224
f 2323/3215/2552 3991/5630/4224 2324/3216/2553
f 2323/3215/2552 2325/3217/2554 183/281/214
f 1877/2615/2086 1879/2617/2088 2544/3539/2779
f 1877/2615/2086 3992/5631/4225 3705/5208/3959
f 1877/2615/2086 3705/5208/3959 1878/2616/2087
f 1877/2615/2086 2544/3539/2779 3411/4757/3668
f 1877/2615/2086 3411/4757/3668 3992/5631/4225
f 197/304/229 3993/5632/762 198/305/230
f 197/304/229 3903/2624/84 3993/5632/762
f 3996/5633/4226 3994/5634/4227 3995/5635/2527
f 3996/5636/4226 3999/5637/4228 3997/5638/4229
f 3996/5639/4226 3998/5640/4230 3994/5641/4227
f 3996/5639/4226 3997/5642/4229 3998/5640/4230
f 3996/5643/4226 2758/3844/3000 3999/5644/4228
f 3996/5643/4226 3995/5645/2527 2758/3844/3000
f 3550/4973/3808 877/4974/983 2007/2784/2215
f 3550/4973/3808 2697/1240/984 876/1242/982
f 3253/4539/3503 219/330/251 4000/5646/4231
f 3253/4539/3503 4000/5646/4231 4001/5647/4232
f 3253/4539/3503 4001/5647/4232 3741/5260/3995
f 4002/5648/4233 4341/5649/4234 4003/5650/1421
f 4002/5648/4233 4004/5651/4235 4005/5652/4236
f 4002/5648/4233 4006/5653/4237 4341/5649/4234
f 4002/5648/4233 4005/5652/4236 4006/5653/4237
f 4002/5648/4233 4003/5650/1421 4004/5651/4235
f 4007/5654/4238 723/5655/801 4008/5656/4239
f 4007/5654/4238 3786/5329/4042 4009/5657/571
f 4007/5654/4238 4009/5657/571 723/5655/801
f 4007/5654/4238 4008/5656/4239 3786/5329/4042
f 238/357/272 4010/5658/4240 239/358/273
f 238/357/272 241/360/275 4012/5659/4241
f 238/357/272 4011/5660/4242 4010/5658/4240
f 238/5661/272 3376/4709/3635 4011/5662/4242
f 238/5661/272 4012/5663/4241 3376/4709/3635
f 1913/2655/2117 3264/4553/3516 2060/2846/2266
f 1913/2655/2117 2060/2846/2266 1914/2656/2118
f 3880/5481/3517 3881/5477/4127 3265/5664/3518
f 3267/4558/3520 1675/2343/1870 1526/2155/916
f 3267/4558/3520 3268/4560/3522 1675/2343/1870
f 3267/4558/3520 1526/2155/916 1525/2154/1715
f 1006/1430/1132 2075/2866/2283 1007/1431/1133
f 1006/1430/1132 1009/1433/1135 3271/4563/3525
f 1006/1430/1132 3271/4563/3525 2073/2864/2281
f 3273/4566/3527 4013/5665/4243 2997/4173/3256
f 3273/4566/3527 3276/4569/3530 4013/5665/4243
f 2354/3248/2580 2356/3255/2584 3755/5282/4008
f 2354/3248/2580 3757/5285/4011 1656/2321/1849
f 2354/3248/2580 1656/2321/1849 1655/2320/246
f 1022/1450/1149 4832/5666/4244 4835/1451/1150
f 1022/1450/1149 1027/1459/1154 4014/5667/4245
f 1022/1450/1149 4014/5667/4245 4832/5666/4244
f 1762/2455/1962 443/621/500 1763/2456/1963
f 1762/2455/1962 444/622/501 443/621/500
f 1762/2455/1962 1764/2457/1964 2795/3896/3042
f 1762/2455/1962 2795/3896/3042 444/622/501
f 4015/5668/1160 1955/2710/2162 1380/1920/1538
f 4015/5668/1160 1035/2711/1163 1955/2710/2162
f 4015/5668/1160 2909/4052/3165 1033/5669/1161
f 4015/5668/1160 1380/1920/1538 2909/4052/3165
f 3708/2963/2361 3712/5217/3965 2144/2964/2362
f 3296/1071/846 4016/5670/3551 5019/1072/847
f 3296/1071/846 760/1074/849 2150/2977/2365
f 3185/4453/3434 4017/5671/4246 3186/4454/3435
f 3185/4453/3434 3715/5226/3970 2381/3285/2606
f 3185/4453/3434 2381/3285/2606 4017/5671/4246
f 3185/4453/3434 3187/4455/3436 3715/5226/3970
f 4018/5672/4247 4019/5673/4248 3038/4242/3298
f 4018/5672/4247 4020/5674/4249 2921/5675/3181
f 4018/5672/4247 3038/4242/3298 3037/4241/3297
f 4018/5672/4247 2921/5675/3181 4021/5676/4250
f 4018/5672/4247 4021/5676/4250 4019/5673/4248
f 4018/5672/4247 3037/4241/3297 4020/5674/4249
f 1061/1493/1187 1063/1496/1190 4022/5677/4251
f 1061/1493/1187 4022/5677/4251 2386/3290/2611
f 2390/3296/2616 898/1277/1012 901/1276/1014
f 2390/3296/2616 901/1276/1014 2929/4078/3189
f 2390/3296/2616 3725/5236/3979 2391/3297/2617
f 2390/3296/2616 2929/4078/3189 3725/5236/3979
f 4023/5678/557 4024/5679/4252 4025/5680/1206
f 4023/5681/557 1799/5682/2001 4024/5683/4252
f 4023/5684/557 501/5685/560 1799/5686/2001
f 2936/5687/3195 3726/5688/3980 4026/5689/3196
f 510/702/570 723/1011/801 4009/703/571
f 2405/3322/2633 2945/4098/3205 3521/4933/3780
f 2946/4100/3207 1054/1486/1180 4027/5690/4253
f 2946/5691/3207 4027/5692/4253 2947/4106/3208
f 2946/4100/3207 1055/1487/1181 1054/1486/1180
f 2946/4100/3207 2949/4103/3210 1055/1487/1181
f 4028/5693/4254 4029/5694/916 824/1159/916
f 4028/5693/4254 1363/1897/1520 3371/4701/3630
f 4028/5693/4254 4030/5695/916 4029/5694/916
f 4028/5693/4254 824/1159/916 3795/5338/4051
f 4028/5693/4254 3371/4701/3630 4030/5695/916
f 4028/5693/4254 3795/5338/4051 1363/1897/1520
f 3350/4670/3605 4031/5696/4255 4032/5697/3998
f 3350/4670/3605 3352/4669/3608 4668/5698/4256
f 3350/4670/3605 4668/5698/4256 5150/5699/4257
f 3350/4665/3605 4032/5700/3998 3348/4666/3606
f 3350/4670/3605 5150/5699/4257 4031/5696/4255
f 4033/5701/3892 4035/5702/4258 4801/5703/4259
f 4033/5113/3892 4034/5704/4260 3698/5114/3893
f 4033/5705/3892 4801/5706/4259 4034/5707/4260
f 4033/5708/3892 67/5709/77 4035/5710/4258
f 4036/5711/4261 4037/5712/4262 2431/3358/2659
f 4036/5713/4261 1640/2304/1834 4037/5714/4262
f 4036/5711/4261 3374/4704/3633 159/5044/185
f 4036/5713/4261 157/246/183 1640/2304/1834
f 4036/5711/4261 2431/3358/2659 3374/4704/3633
f 4036/5713/4261 159/248/185 157/246/183
f 3738/5257/3992 4038/5715/4263 3739/5258/3993
f 3738/5257/3992 381/547/432 4039/5716/4264
f 3738/5257/3992 2536/3531/2771 4038/5715/4263
f 3738/5257/3992 4039/5716/4264 2536/3531/2771
f 4040/5717/4265 4041/5718/4266 4042/5719/4267
f 4040/5717/4265 3212/4494/3464 4043/5720/4268
f 4040/5717/4265 3213/4495/3465 3212/4494/3464
f 4040/5717/4265 4044/5721/84 4041/5718/4266
f 4040/5717/4265 4043/5720/4268 4044/5721/84
f 4040/5717/4265 4042/5719/4267 3213/4495/3465
f 2045/2825/2249 2866/3990/3118 886/1251/993
f 2045/2825/2249 2048/2828/2252 2867/3991/3119
f 2045/2825/2249 2867/3991/3119 2866/3990/3118
f 404/578/457 5021/582/461 2442/3717/2670
f 404/578/457 2674/3716/2912 405/579/458
f 404/578/457 2442/3717/2670 2674/3716/2912
f 4045/5722/4269 4046/5723/4270 1162/1640/1309
f 4045/5722/4269 409/585/464 4046/5723/4270
f 4045/5722/4269 1161/1639/1308 410/586/465
f 4045/5722/4269 410/586/465 409/585/464
f 4045/5722/4269 1162/1640/1309 1161/1639/1308
f 1479/4160/1659 2208/3069/2430 2986/4161/3244
f 1479/2079/1659 4047/5724/3247 1480/2080/1660
f 1425/1997/1594 4048/5725/14 1426/1998/1595
f 1425/1997/1594 2993/4169/3252 4048/5725/14
f 1430/2002/1598 1432/2004/1600 1183/1674/1333
f 1430/2002/1598 1182/1673/1332 2081/2872/2289
f 1430/2002/1598 2081/2872/2289 1431/2003/1599
f 1430/2002/1598 1183/1674/1333 1182/1673/1332
f 4049/5726/4271 4050/5727/4272 4051/5728/4273
f 4049/5729/4271 4054/5730/4274 4052/5731/4275
f 4049/5732/4271 4053/5733/4276 4050/5734/4272
f 4049/5729/4271 4052/5731/4275 4053/5735/4276
f 4049/5726/4271 4051/5728/4273 4054/5736/4274
f 4056/5737/2706 2481/5738/2709 4888/5739/4277
f 4056/5737/2706 4888/5739/4277 4055/5740/4278
f 4056/5741/2706 4055/5742/4278 2480/5743/2707
f 4058/5744/1767 4057/5745/2254 1577/5746/1768
f 4058/5747/1767 4059/5748/4279 5221/5749/4280
f 4058/2218/1767 1581/2227/1772 4059/5750/4279
f 4058/5747/1767 5221/5749/4280 5222/5751/2255
f 4058/5744/1767 5222/5752/2255 4057/5745/2254
f 4060/5753/4281 4061/5754/4282 3014/4202/3270
f 4060/5753/4281 4062/5755/4283 4061/5754/4282
f 4060/5753/4281 2231/3096/2452 4062/5755/4283
f 4060/5753/4281 3013/4201/3269 2233/3098/2454
f 4060/5753/4281 2233/3098/2454 2231/3096/2452
f 4060/5753/4281 3014/4202/3270 3013/4201/3269
f 911/1292/1025 3394/4739/3653 635/881/705
f 911/1292/1025 2004/2780/2212 3394/4739/3653
f 911/1292/1025 635/881/705 631/877/701
f 1874/4943/2082 4063/5756/4284 4976/4944/875
f 1874/4943/2082 1718/2395/1916 4064/5757/925
f 1874/2609/2082 1595/2251/1786 4063/5758/4284
f 4066/5759/1039 4067/5760/4285 4065/5761/4286
f 4066/5762/1039 4065/5763/4286 922/2613/1040
f 4066/5764/1039 926/5765/1042 4067/5766/4285
f 3545/4961/3800 4068/5767/2038 5224/4213/3275
f 3545/5768/3800 4069/5769/4287 4068/2553/2038
f 3545/4967/3800 3544/4966/3803 4069/5770/4287
f 3545/4961/3800 5224/4213/3275 3541/4962/3801
f 656/906/727 659/909/729 3572/5004/3828
f 1230/1745/1383 1234/1749/1387 2888/4025/3144
f 1230/1745/1383 2888/4025/3144 1231/1746/1384
f 1241/1760/1394 1245/1764/1398 4070/5771/4288
f 1241/1760/1394 4070/5771/4288 1242/1761/1395
f 4071/5772/4289 4072/5773/4290 4073/5774/4291
f 4071/5772/4289 4073/5774/4291 4074/5775/4292
f 4071/5772/4289 4075/5776/4293 4076/5777/4294
f 4071/5772/4289 4074/5775/4292 4075/5776/4293
f 4071/5772/4289 4076/5777/4294 4072/5773/4290
f 2914/4060/3171 4077/5778/4295 2915/4061/3172
f 2914/4060/3171 4078/5779/4296 4077/5778/4295
f 2914/4060/3171 467/650/525 4079/5780/4297
f 2914/4060/3171 4079/5780/4297 4078/5779/4296
f 1557/2192/1745 1973/2742/2181 1976/2741/2182
f 1557/2195/1745 1976/2739/2182 1558/2196/1542
f 4080/5781/1751 4081/143/97 2272/3154/2499
f 4080/2202/1751 1564/2204/1753 4081/5782/97
f 4080/2202/1751 2272/5783/2499 1563/2203/1752
f 4082/5784/4298 4319/5785/4299 2083/2874/2291
f 4082/5784/4298 2083/2874/2291 3563/4989/3818
f 4082/5784/4298 3563/4989/3818 1570/2210/1759
f 4082/5786/4298 4083/5787/4300 3233/4515/3485
f 4082/5784/4298 3233/5788/3485 4319/5785/4299
f 4082/5784/4298 1570/2210/1759 4083/5789/4300
f 3283/4581/3538 3940/5554/4178 4084/5790/4301
f 3283/5791/3538 3285/5792/3539 4086/5793/4302
f 3283/4581/3538 4084/5790/4301 4085/5794/4303
f 3283/4581/3538 4086/5795/4302 3940/5554/4178
f 3283/4581/3538 4085/5794/4303 3284/4582/1193
f 4087/5796/4304 3514/4923/3771 4090/4927/3775
f 4087/5797/4304 4088/5798/4305 4089/5799/4306
f 4087/5796/4304 1091/1529/1223 3619/5074/3870
f 4087/5797/4304 4090/5800/3775 4088/5798/4305
f 4087/5796/4304 4089/5801/4306 1091/1529/1223
f 4087/5796/4304 3619/5074/3870 3514/4923/3771
f 1283/1809/1439 4091/5802/4307 1284/1810/1440
f 1283/1809/1439 2100/2897/2309 3571/5001/3826
f 1283/1809/1439 1286/1812/1442 2100/2897/2309
f 1283/1809/1439 3571/5001/3826 4091/5802/4307
f 4092/5803/4308 549/752/609 551/754/611
f 4092/5803/4308 4093/5804/4309 549/752/609
f 4092/5803/4308 4094/5805/4310 2602/3608/2837
f 4092/5803/4308 551/754/611 4094/5805/4310
f 4092/5803/4308 2602/3608/2837 4093/5804/4309
f 4099/2125/1693 4095/5806/2786 2550/2126/1694
f 4099/2125/1693 1512/2127/1695 4096/5807/4311
f 4099/2125/1693 4097/5808/4312 4098/5809/4313
f 4099/5810/1693 4098/5811/4313 4095/3547/2786
f 4099/2125/1693 4096/5807/4311 4097/5808/4312
f 4100/5812/4314 3674/5168/3929 4101/5813/4315
f 4100/5812/4314 4101/5813/4315 3059/4269/3315
f 4100/5812/4314 4102/5814/4316 3674/5168/3929
f 4100/5812/4314 560/769/623 4102/5814/4316
f 4100/5812/4314 561/770/624 560/769/623
f 4100/5812/4314 3059/4269/3315 561/770/624
f 3060/4271/3316 4103/5815/4317 1300/1828/1458
f 3060/4271/3316 3062/4273/3318 4104/5816/4318
f 3060/4271/3316 4105/5817/4319 4103/5815/4317
f 3060/4271/3316 4104/5816/4318 4105/5817/4319
f 2023/2802/2229 3793/5336/4049 4106/5818/4320
f 2023/2802/2229 4106/5818/4320 2024/2803/2230
f 1314/1843/1473 3990/5629/4223 1512/2127/1695
f 1319/1848/1478 1321/1850/1480 4107/5819/4321
f 1319/1848/1478 4107/5819/4321 4108/5820/4322
f 1319/1848/1478 3069/4282/3324 3891/5490/4134
f 1319/1848/1478 4108/5820/4322 3069/4282/3324
f 3071/4284/3326 1327/1856/1486 4109/5821/4323
f 3071/4284/3326 1623/2287/1817 1619/2283/1813
f 3071/4284/3326 1328/1857/1487 1327/1856/1486
f 3071/4284/3326 4109/5821/4323 1623/2287/1817
f 3381/4724/3638 4110/5822/4324 4111/5823/4325
f 3381/4724/3638 4111/5823/4325 4112/5185/3946
f 3381/4724/3638 955/1358/1074 4110/5822/4324
f 3381/4721/3638 4112/5824/3946 3382/4722/3639
f 2760/3852/3003 4113/5825/4326 4114/5826/84
f 2760/3852/3003 4115/5827/4327 1953/2707/2159
f 2760/3852/3003 1953/2707/2159 4113/5825/4326
f 2760/3852/3003 4114/5826/84 2761/3853/3004
f 2760/3852/3003 1841/2567/2049 4115/5827/4327
f 4118/5828/4328 4116/5829/2271 4278/5830/2408
f 4118/5831/4328 4278/5832/2408 4560/5833/1301
f 4118/5834/4328 4117/5835/4329 4116/5836/2271
f 4118/5837/4328 4560/5838/1301 4117/5839/4329
f 1648/2312/1842 4119/5840/4330 1649/2313/1843
f 1648/2312/1842 4120/5841/4331 4119/5840/4330
f 1648/2312/1842 4121/5842/4332 4120/5841/4331
f 1648/2312/1842 1646/2310/1840 4121/5842/4332
f 2693/5843/2933 4122/5844/4333 4123/5845/4334
f 2693/5843/2933 3600/5051/3854 4124/5846/4335
f 2693/3751/2933 2161/2992/2378 3523/4936/3782
f 2693/5843/2933 4124/5846/4335 4125/5847/1679
f 2693/3751/2933 3523/4936/3782 4122/5848/4333
f 2693/5843/2933 4123/5845/4334 3600/5051/3854
f 2279/3753/2507 2165/3755/2382 4126/5849/2383
f 2279/3753/2507 3825/5392/4074 140/3754/162
f 2279/3162/2507 2281/3164/2509 3825/5391/4074
f 918/1301/1033 2697/3761/984 2008/2785/2216
f 1506/1117/885 4127/5850/1687 4873/1118/886
f 24/40/26 2702/3775/2944 2703/3776/2945
f 24/40/26 2703/3776/2945 25/41/27
f 24/40/26 1856/2589/2063 2702/3775/2944
f 30/46/32 2706/3783/2949 31/47/33
f 3302/4604/3557 271/395/307 2709/3786/2952
f 3302/4604/3557 4128/5851/4336 3303/4605/3558
f 3302/4604/3557 2709/3786/2952 4129/5852/4337
f 3302/4604/3557 4129/5852/4337 4128/5851/4336
f 2714/3791/2957 3499/4896/3757 4130/5853/4338
f 2714/3791/2957 4130/5853/4338 2620/3635/2856
f 2070/2861/2278 999/1423/1125 2315/3207/2544
f 4131/5854/4339 4132/5855/4340 3161/4410/3410
f 4131/5854/4339 2957/4112/3216 4132/5855/4340
f 4131/5854/4339 3161/4410/3410 5119/460/360
f 4131/5854/4339 5119/460/360 2957/4112/3216
f 877/4974/983 4133/5856/4341 2007/2784/2215
f 877/1238/983 878/1243/985 4133/5857/4341
f 4134/5858/929 4135/5859/4342 4136/5860/930
f 4134/5858/929 4137/5861/1626 5040/5862/4343
f 4134/5858/929 5040/5862/4343 4135/5859/4342
f 4134/1173/929 1814/1180/934 4137/5863/1626
f 838/1185/937 4138/5864/4344 839/1186/938
f 838/1185/937 4139/5865/4345 4138/5864/4344
f 838/1185/937 841/1188/940 2731/3811/2972
f 838/1185/937 3554/4978/3812 4139/5865/4345
f 838/1185/937 2731/3811/2972 3554/4978/3812
f 2269/3150/2495 3645/3152/2497 4140/5866/4346
f 2269/3150/2495 4141/5867/4347 2738/3818/2979
f 2269/3150/2495 4140/5866/4346 4141/5867/4347
f 2269/3150/2495 2738/3818/2979 2270/3151/2496
f 3557/3822/2983 2744/3825/2986 3652/5140/572
f 3557/3822/2983 3652/5140/572 4142/5147/3914
f 3557/4982/2983 4142/5868/3914 3558/4983/3813
f 2745/3826/2987 2708/3785/2951 2711/3788/2954
f 2745/3826/2987 4143/5869/4348 2708/3785/2951
f 2745/3826/2987 2747/3828/2989 4143/5869/4348
f 2745/3826/2987 2711/3788/2954 2275/3157/2502
f 3427/4776/3684 3429/4778/3686 4144/5870/4349
f 3427/4776/3684 4144/5870/4349 3428/4777/3685
f 2926/4075/3186 5064/5871/4350 2927/4076/3187
f 2926/4075/3186 2931/4080/3191 4308/5872/4351
f 2926/4075/3186 4308/5872/4351 5064/5871/4350
f 2520/3509/2752 2522/3512/2755 4145/5873/4352
f 2520/3509/2752 4145/5873/4352 1742/2432/1941
f 4147/5874/4353 4146/5875/4354 4148/5876/4355
f 4147/5874/4353 3751/5278/4005 4146/5875/4354
f 4147/5877/4353 4148/5878/4355 104/164/122
f 4147/5877/4353 104/164/122 3752/160/118
f 4147/5874/4353 3752/5279/118 3751/5278/4005
f 3832/5401/4080 4149/5879/4356 5252/2920/2325
f 3832/5401/4080 2113/2919/2324 1931/2675/2137
f 3832/5401/4080 3834/5403/4082 4149/5879/4356
f 3832/5401/4080 5252/2920/2325 2113/2919/2324
f 4113/5825/4326 1953/2707/2159 1952/2706/2158
f 4113/5825/4326 4150/5880/4357 4114/5826/84
f 4113/5825/4326 4151/5881/4358 113/179/84
f 4113/5825/4326 113/179/84 4150/5880/4357
f 4113/5825/4326 1952/2706/2158 4151/5881/4358
f 2180/3028/2403 4152/5882/4359 2181/3029/2404
f 2180/3028/2403 2183/3031/2406 1767/2460/1967
f 2180/3028/2403 1767/2460/1967 1766/2459/1966
f 2180/3028/2403 1766/2459/1966 4152/5882/4359
f 3806/5355/2480 2651/5883/2886 3809/5356/4059
f 916/1298/1031 2009/2786/2217 3638/5884/3896
f 916/1298/1031 3638/5884/3896 3698/5200/3893
f 1876/2612/2084 4153/5885/4360 3116/4335/3373
f 1876/2612/2084 3311/4613/3566 4153/5885/4360
f 1876/2612/2084 2766/3860/3008 3311/4613/3566
f 4154/5886/4361 3587/5029/3843 3588/5032/3844
f 4154/5886/4361 1620/2284/1814 3587/5029/3843
f 4154/5886/4361 3588/5032/3844 754/1057/837
f 4154/5886/4361 754/1057/837 750/1050/833
f 4154/5886/4361 1621/2285/1815 1620/2284/1814
f 4154/5886/4361 750/1050/833 1621/2285/1815
f 4155/5887/4362 2144/2966/2362 4156/5888/4363
f 4155/5887/4362 4354/5889/4364 5193/5890/4365
f 4155/5887/4362 5192/5891/4366 4209/2967/2363
f 4155/5887/4362 4156/5888/4363 4354/5889/4364
f 4155/5887/4362 5193/5890/4365 5192/5891/4366
f 4155/5887/4362 4209/2967/2363 2144/2966/2362
f 4158/5892/916 1525/2758/1715 3971/5606/4206
f 4158/5892/916 3971/5606/4206 1636/2300/1830
f 4158/5892/916 1634/2298/1828 4157/5893/916
f 4158/5894/916 4157/5895/916 1525/2154/1715
f 4158/5892/916 1636/2300/1830 1634/2298/1828
f 1638/2302/1832 3086/4301/3343 1639/2303/1833
f 1650/2314/1844 4159/5896/4367 2352/3245/2578
f 1650/2314/1844 2352/3245/2578 3696/5194/3951
f 1650/2314/1844 1649/2313/1843 4159/5896/4367
f 4160/5897/4368 4081/143/97 87/142/101
f 4160/5897/4368 2024/2803/2230 4106/5818/4320
f 4160/5897/4368 87/142/101 2533/3524/2767
f 4160/5897/4368 2533/3524/2767 2024/2803/2230
f 4160/5897/4368 4106/5818/4320 4081/143/97
f 941/1337/1056 3410/4756/3667 2794/3895/3041
f 941/1337/1056 943/1339/1058 3410/4756/3667
f 941/1337/1056 2794/3895/3041 942/1338/1057
f 2425/3352/2653 2367/3267/2591 4161/5898/4369
f 2425/3352/2653 873/1234/979 872/1233/978
f 2425/3352/2653 4161/5898/4369 873/1234/979
f 582/805/648 4162/5899/4370 4163/5900/4371
f 582/805/648 4163/5900/4371 583/806/14
f 582/805/648 202/309/234 203/310/235
f 582/805/648 203/310/235 4162/5899/4370
f 582/805/648 587/810/652 202/309/234
f 2112/814/656 4164/5901/2323 4165/5902/4372
f 2112/814/656 4166/5903/4373 591/815/657
f 2112/814/656 4165/5902/4372 3493/4875/3750
f 2112/814/656 3493/4875/3750 4166/5903/4373
f 2112/814/656 596/820/662 2110/2915/2322
f 2807/3912/3054 4167/5904/4374 4168/5905/4375
f 2807/3912/3054 965/1373/1086 4167/5904/4374
f 2807/3912/3054 4168/5905/4375 2808/3913/3055
f 2807/3912/3054 2809/3914/3056 965/1373/1086
f 2812/3917/3059 2814/3919/3061 4169/5906/4376
f 2812/3917/3059 222/333/254 2813/3918/3060
f 2812/3917/3059 4000/5646/4231 222/333/254
f 2812/3917/3059 4169/5906/4376 4000/5646/4231
f 4172/5907/4377 4170/5908/4378 4171/5909/4379
f 4172/5910/4377 4173/5911/4380 1481/2085/1661
f 4172/5910/4377 4175/5912/4381 4174/5913/4382
f 4172/5907/4377 1481/2081/1661 4170/5908/4378
f 4172/5910/4377 4174/5913/4382 4173/5911/4380
f 4172/5907/4377 4171/5909/4379 4175/5914/4381
f 2211/3071/2432 4176/5915/4383 2248/3120/2471
f 2211/3071/2432 2215/3075/2436 4176/5915/4383
f 3385/4729/3643 3200/4468/3449 4177/5916/4384
f 3385/4729/3643 4177/5916/4384 1412/1965/1577
f 3385/4729/3643 3387/4732/3646 3201/4469/3450
f 3385/4729/3643 3201/4469/3450 3200/4468/3449
f 4179/5917/4385 4814/5918/4386 4178/5919/3036
f 4179/5920/4385 4178/3890/3036 5166/3892/3038
f 4179/5917/4385 4180/5921/4387 4814/5918/4386
f 4179/5917/4385 5166/5922/3038 5232/1971/1580
f 4179/5917/4385 3916/5520/4155 4180/5921/4387
f 4179/5917/4385 5232/1971/1580 3916/5520/4155
f 710/994/789 2600/3605/2835 2603/3610/2838
f 710/994/789 713/997/730 4181/5923/730
f 710/994/789 4181/5923/730 2600/3605/2835
f 710/994/789 2603/3610/2838 711/995/790
f 4182/5924/4388 2831/3951/3084 2833/3953/3085
f 4182/5924/4388 1427/1999/14 2831/3951/3084
f 4182/5924/4388 1428/2000/1596 1427/1999/14
f 4182/5924/4388 264/388/300 1428/2000/1596
f 4182/5924/4388 2833/3953/3085 264/388/300
f 3562/4988/3817 4183/5925/4389 2641/3664/2875
f 3562/4988/3817 4184/5926/4390 4183/5925/4389
f 3562/4988/3817 1434/2006/1602 4184/5926/4390
f 3562/4988/3817 5264/2008/1604 1434/2006/1602
f 2465/3404/953 2467/3408/215 854/5927/954
f 664/915/734 667/918/736 863/1224/969
f 2854/3978/3106 4185/5928/4391 4186/5929/4392
f 2854/3978/3106 4186/5929/4392 950/1346/1065
f 2854/3978/3106 950/1346/1065 952/1348/1067
f 2854/3978/3106 2543/3538/2778 4185/5928/4391
f 1345/1876/1503 2862/3986/3114 4074/5775/4292
f 1345/1876/1503 4074/5775/4292 4187/5930/4393
f 1345/1876/1503 4187/5930/4393 1347/1880/1505
f 880/1245/987 2967/4137/3226 4188/5931/4394
f 880/1245/987 882/1247/989 2967/4137/3226
f 880/1245/987 4188/5931/4394 881/1246/988
f 4189/5932/4395 4190/5933/4396 4191/5934/4397
f 4189/5932/4395 3149/441/341 2974/4144/3231
f 4189/5932/4395 2974/4144/3231 4190/5933/4396
f 4189/5932/4395 4192/5935/4398 3149/441/341
f 4189/5932/4395 4191/5934/4397 4192/5935/4398
f 4194/5936/4399 4050/5734/4272 4053/5733/4276
f 4194/5937/4399 4193/5938/3332 4050/5939/4272
f 4194/5936/4399 4053/5733/4276 3592/5940/3846
f 4194/5941/4399 3591/5942/3845 4193/4290/3332
f 4194/5943/4399 3592/5944/3846 3591/5945/3845
f 4195/5946/4400 1730/2420/1929 5120/2417/1927
f 4195/5946/4400 52/2061/55 1471/2060/1644
f 4195/5946/4400 1471/2060/1644 4196/5947/4401
f 4195/5946/4400 4196/5947/4401 1730/2420/1929
f 4195/5946/4400 5120/2417/1927 52/2061/55
f 1735/2425/1934 1473/2065/1648 1475/2067/1650
f 1735/2425/1934 2749/3830/2991 1473/2065/1648
f 1735/2425/1934 1734/2424/1933 2749/3830/2991
f 2570/3571/2805 1744/2434/1943 1745/2435/1944
f 2570/3571/2805 1745/2435/1944 2881/4012/3137
f 4197/5948/4402 4170/5908/4378 4198/5949/4403
f 4197/5948/4402 3747/5274/4001 4171/5909/4379
f 4197/5948/4402 4199/5950/4404 4200/5951/4405
f 4197/5948/4402 4198/5949/4403 4199/5950/4404
f 4197/5948/4402 4200/5951/4405 3747/5274/4001
f 4197/5948/4402 4171/5909/4379 4170/5908/4378
f 527/728/590 529/730/592 4201/5952/4406
f 527/728/590 4300/5953/4407 3779/5319/4035
f 527/728/590 3779/5319/4035 528/729/591
f 527/728/590 4201/5952/4406 4300/5953/4407
f 1494/2097/1674 4950/4931/3779 515/708/576
f 1494/2097/1674 4202/5954/4193 4950/4931/3779
f 1494/2097/1674 1496/2099/1676 5167/5955/4408
f 1494/2097/1674 5167/5955/4408 4202/5954/4193
f 3368/4695/3627 4203/5956/4409 2415/3338/2643
f 3368/4695/3627 1021/1448/1147 4203/5956/4409
f 3005/4192/3262 1315/1844/1474 1317/1846/1476
f 3005/4192/3262 3004/4191/3264 1315/1844/1474
f 3005/4192/3262 1317/1846/1476 4204/5957/4410
f 3005/4192/3262 4204/5957/4410 3002/5958/3263
f 3732/5245/3985 4205/5959/4411 4206/5960/4412
f 3732/5245/3985 3733/5246/3986 4205/5959/4411
f 3732/5245/3985 4206/5960/4412 2308/3200/2537
f 3732/5245/3985 2308/3200/2537 1811/2521/2015
f 191/298/222 1984/2750/2188 3454/4811/3711
f 2490/3451/2717 1965/2722/2171 1043/1475/1170
f 2490/3451/2717 3123/4349/3380 2491/3452/2718
f 2490/3451/2717 1040/1472/1167 3123/4349/3380
f 2490/3451/2717 1043/1475/1170 1040/1472/1167
f 592/816/658 595/819/661 4207/5961/4413
f 592/816/658 4207/5961/4413 3493/4875/3750
f 4208/5962/1269 2146/5963/1274 4209/5964/2363
f 4208/5965/1269 5192/5966/4366 4210/5967/1270
f 4208/5968/1269 4209/2967/2363 5192/5891/4366
f 4211/5969/4414 2253/3125/2476 2254/3126/2477
f 4211/5970/4414 4212/5971/4415 4213/5972/4416
f 4211/5970/4414 2254/5973/2477 2504/3469/2729
f 4211/5970/4414 4213/5972/4416 2253/5974/2476
f 4211/5970/4414 2503/3467/2727 4212/5971/4415
f 4211/5970/4414 2504/3469/2729 2503/3467/2727
f 4214/5975/4417 4215/5976/4418 4216/5977/4419
f 4214/5975/4417 3131/4365/3388 3133/4368/3387
f 4214/5975/4417 1836/2563/2043 3131/4365/3388
f 4214/5975/4417 4216/5977/4419 1836/2563/2043
f 4214/5975/4417 3133/4368/3387 4215/5976/4418
f 279/403/315 4217/5978/4420 1503/404/316
f 279/403/315 4218/5979/4421 4217/5978/4420
f 279/403/315 5170/409/319 4218/5979/4421
f 4219/5980/4422 2515/3490/2742 1738/2428/1937
f 4219/5980/4422 1738/2428/1937 1737/2427/1936
f 4219/5980/4422 1847/2577/2055 1844/2570/2052
f 4219/5980/4422 1737/2427/1936 1847/2577/2055
f 4219/5980/4422 1844/2570/2052 2515/3490/2742
f 2163/5981/2380 4584/5982/4423 4220/5983/4424
f 2163/5981/2380 2165/3755/2382 4954/4842/3725
f 2163/2995/2380 4220/5984/4424 2164/2996/2381
f 2163/5981/2380 4954/4842/3725 4584/5982/4423
f 4221/5985/4425 4222/5986/4426 4223/5987/4427
f 4221/5985/4425 5057/5988/4428 5058/5989/3429
f 4221/5985/4425 1817/2535/2021 5057/5988/4428
f 4221/5985/4425 289/426/328 1817/2535/2021
f 4221/5985/4425 5058/5989/3429 4222/5986/4426
f 4221/5985/4425 4223/5987/4427 289/426/328
f 2376/3279/2601 4224/5990/4429 2378/3280/2602
f 2376/3279/2601 4225/5991/4430 4224/5990/4429
f 2376/3279/2601 4226/5992/4431 4225/5991/4430
f 2376/3279/2601 3932/5544/4169 4226/5992/4431
f 1858/2591/2065 4227/5993/4432 1859/2592/2066
f 1858/2591/2065 1861/2594/2068 1175/1657/1323
f 1858/2591/2065 1175/1657/1323 4228/5994/4433
f 1858/2591/2065 4228/5994/4433 4227/5993/4432
f 4229/5995/4434 4081/136/97 3626/5088/3877
f 4229/5995/4434 2529/3519/2762 4081/136/97
f 4229/5995/4434 3626/5088/3877 3625/5087/3878
f 4229/5995/4434 3625/5087/3878 2529/3519/2762
f 4230/5996/3832 4868/3523/2766 4231/5997/4435
f 4230/5996/3832 1308/1836/1466 1307/1835/1465
f 4230/5996/3832 1307/1835/1465 4868/3523/2766
f 4230/5011/3832 4231/5998/4435 3577/5012/3833
f 3407/4752/3663 1610/2274/1804 133/204/153
f 3407/4752/3663 3115/4334/3372 3114/4333/3371
f 3407/4752/3663 3114/4333/3371 1610/2274/1804
f 3407/4752/3663 133/204/153 132/203/152
f 2537/3532/2772 4232/5999/4436 4233/6000/4437
f 2537/3532/2772 866/1227/972 2538/3533/2773
f 2537/3532/2772 4233/6000/4437 866/1227/972
f 2537/3532/2772 2539/3534/2774 4232/5999/4436
f 450/628/507 4234/6001/4438 2545/3540/2780
f 450/628/507 454/633/512 4109/5821/4323
f 450/628/507 2545/3540/2780 451/629/508
f 450/628/507 4109/5821/4323 4234/6001/4438
f 1883/2623/2091 1884/2625/84 4236/3544/2784
f 1883/6002/2091 4235/6003/84 3904/5507/84
f 1883/6002/2091 4236/6004/2784 4235/6003/84
f 1883/6002/2091 3904/5507/84 3903/5506/84
f 4238/6005/4199 1821/6006/2025 4478/6007/4439
f 4238/6008/4199 4239/6009/3889 4237/6010/4200
f 4238/6011/4199 4478/6012/4439 4239/6013/3889
f 4240/6014/4440 2557/3555/2792 2559/3557/2794
f 4240/6014/4440 4708/6015/4441 2557/3555/2792
f 4240/6014/4440 4241/6016/4442 3609/5064/14
f 4240/6014/4440 3609/5064/14 5038/6017/4443
f 4240/6014/4440 5038/6017/4443 4708/6015/4441
f 4240/6014/4440 2559/3557/2794 4241/6016/4442
f 3499/4896/3757 5246/6018/4444 4242/6019/4445
f 3499/4896/3757 4242/6019/4445 4130/5853/4338
f 3499/4896/3757 3501/4898/3759 5246/6018/4444
f 3878/5470/4123 1062/1495/1189 887/2145/994
f 3878/5470/4123 3718/5229/3972 1063/1496/1190
f 3878/5470/4123 1063/1496/1190 1062/1495/1189
f 3720/5231/3974 1905/2647/2109 4243/6020/4446
f 3720/5231/3974 4244/6021/4447 1632/2296/1826
f 3720/5231/3974 4243/6020/4446 4245/6022/4448
f 3720/5231/3974 4245/6022/4448 4244/6021/4447
f 237/356/271 3509/4915/3765 240/359/274
f 237/356/271 2057/2843/2263 3509/4915/3765
f 2059/2845/2265 1078/1513/1207 1080/1515/1209
f 2059/2845/2265 1914/2656/2118 2060/2846/2266
f 2059/2845/2265 4246/6023/4449 1914/2656/2118
f 2059/2845/2265 1080/1515/1209 4246/6023/4449
f 42/60/46 3434/4784/3692 43/61/47
f 42/60/46 48/72/52 3434/4784/3692
f 2885/4022/3141 4149/5879/4356 2114/2921/2326
f 2885/4022/3141 2670/3707/2906 4149/5879/4356
f 4116/6024/2271 4248/6025/4450 4938/6026/2272
f 4116/6027/2271 4117/6028/4329 4247/6029/4451
f 4116/6027/2271 4247/6029/4451 4248/6030/4450
f 4249/6031/4452 4250/6032/4453 4251/6033/4454
f 4249/6031/4452 1103/1544/1235 4250/6032/4453
f 4249/6031/4452 4251/6033/4454 2583/3584/2818
f 4249/6031/4452 4252/6034/4455 1103/1544/1235
f 4249/6031/4452 2583/3584/2818 4252/6034/4455
f 1652/2316/1846 1653/2318/1847 4253/6035/4456
f 1652/4935/1846 2585/3587/2821 4254/6036/246
f 1652/4935/1846 2586/3588/2822 2585/3587/2821
f 1652/4935/1846 4253/6037/4456 3523/4936/3782
f 529/730/592 4255/6038/4457 1273/1799/1429
f 529/730/592 526/733/589 4255/6038/4457
f 529/730/592 1273/1799/1429 4201/5952/4406
f 534/737/596 533/736/84 2966/4136/3225
f 534/737/596 2969/4139/84 535/738/84
f 1668/2336/1863 541/744/601 2597/3601/2832
f 1668/2336/1863 4256/6039/4458 1669/2337/1864
f 1668/2336/1863 4257/6040/4459 4256/6039/4458
f 1668/2336/1863 2597/3601/2832 4257/6040/4459
f 3295/4594/3549 4258/6041/4460 1420/1988/1587
f 3295/6042/3549 4259/6043/1707 4260/6044/4461
f 3295/4594/3549 4260/6045/4461 4258/6041/4460
f 3295/6042/3549 4261/6046/3550 4259/6043/1707
f 463/645/521 1675/2343/1870 3268/4560/3522
f 463/645/521 3268/4560/3522 464/646/522
f 4262/6047/246 32/48/34 4263/6048/4462
f 4262/6047/246 4263/6048/4462 2610/3622/2847
f 4262/6047/246 2610/3622/2847 2609/3621/2846
f 4262/6047/246 2609/3621/2846 3301/4603/3556
f 4262/6047/246 3301/4603/3556 32/48/34
f 269/393/305 268/392/304 1867/2600/2074
f 269/393/305 1867/2600/2074 3923/5528/4160
f 1689/2358/1884 1692/2361/1887 3113/4332/3370
f 1689/2358/1884 3113/4332/3370 2621/3636/2857
f 3396/4741/3655 1698/2369/1895 4264/6049/4463
f 3396/4741/3655 4264/6049/4463 3397/4742/3656
f 1700/2371/1897 3238/4520/3489 185/285/217
f 1700/2371/1897 4265/6050/4464 3238/4520/3489
f 1700/2371/1897 59/84/63 3158/4407/3407
f 1700/2371/1897 3158/4407/3407 4266/6051/4465
f 1700/2371/1897 185/285/217 184/284/216
f 1700/2371/1897 4266/6051/4465 4265/6050/4464
f 4267/6052/4466 1706/2378/1904 2999/4179/3258
f 4267/6052/4466 5109/6053/4467 1459/2041/1630
f 4267/6052/4466 1459/2041/1630 4268/6054/4468
f 4267/6052/4466 4268/6054/4468 3766/5301/4023
f 4267/6052/4466 2999/4179/3258 5109/6053/4467
f 4267/6052/4466 3766/5301/4023 1706/2378/1904
f 1382/1924/1541 4269/6055/4469 2772/3868/3016
f 1382/1926/1541 1143/1611/1287 4269/6056/4469
f 1382/1924/1541 2772/3868/3016 2774/3870/3018
f 1382/1924/1541 2774/3870/3018 1558/1925/1542
f 2637/3658/2870 4270/6057/4470 3322/4625/3577
f 2637/3658/2870 3321/4624/3576 2638/3659/2871
f 2637/3658/2870 2639/3660/2872 4270/6057/4470
f 2637/3658/2870 3322/4625/3577 3321/4624/3576
f 2742/3823/2984 1724/2404/1921 2743/3824/2985
f 2742/3823/2984 2741/3821/2982 3323/4626/3578
f 2641/3664/2875 426/604/483 429/607/486
f 2641/3664/2875 4183/5925/4389 426/604/483
f 310/452/352 315/457/357 3603/5054/3856
f 310/452/352 3606/5061/3860 311/453/353
f 1194/1686/1345 623/867/689 622/866/572
f 1194/1686/1345 1199/1691/1349 623/867/689
f 1194/1686/1345 622/866/572 1195/1687/1346
f 627/871/696 4271/6058/112 4272/6059/4471
f 627/871/696 4272/6059/4471 4273/6060/4472
f 627/871/696 4273/6060/4472 628/872/697
f 627/871/696 99/874/115 4271/6058/112
f 374/6061/424 4866/6062/4473 5265/6063/4474
f 374/6061/424 372/6064/422 4758/6065/4475
f 374/6061/424 4758/6065/4475 4866/6062/4473
f 1208/1717/1359 4274/6066/4476 3338/4654/3594
f 1208/1717/1359 1211/1720/1362 4274/6066/4476
f 1215/1724/1366 1218/1727/1369 4275/6067/4477
f 1215/1724/1366 4276/6068/4478 1216/1725/1367
f 1215/1724/1366 4275/6067/4477 4277/6069/4479
f 1215/1724/1366 4277/6069/4479 4276/6068/4478
f 2664/3696/2898 119/185/139 118/184/138
f 2664/3696/2898 1604/2267/1797 653/903/724
f 2664/3696/2898 653/903/724 652/902/723
f 2664/3696/2898 2666/3699/2901 119/185/139
f 2664/3696/2898 118/184/138 1604/2267/1797
f 2185/6070/1240 3327/6071/3582 4278/6072/2408
f 2185/6073/1240 4641/6074/1239 3327/6075/3582
f 1109/1553/1243 4279/6076/4480 4643/6077/4481
f 1109/1553/1243 1110/1555/1245 4280/6078/4482
f 1109/1553/1243 4643/6077/4481 3331/1554/1244
f 1109/1553/1243 4280/6078/4482 4279/6076/4480
f 2337/6079/2563 2576/3577/2811 2575/3576/2810
f 2337/3230/2563 2341/3234/2567 4281/6080/4483
f 2337/3230/2563 2575/6081/2810 2338/3231/2564
f 2337/3230/2563 4281/6080/4483 2576/6082/2811
f 3632/5102/3886 3634/5104/3888 1541/2176/1728
f 3632/5102/3886 1541/2176/1728 5154/2175/1729
f 3632/6083/3886 4282/6084/4484 3633/6085/3887
f 3632/6086/3886 5154/6087/1729 4282/6088/4484
f 4283/6089/4485 4284/6090/4486 4285/6091/4487
f 4283/6089/4485 4401/6092/4488 4284/6090/4486
f 4283/6089/4485 4173/5911/4380 4174/5913/4382
f 4283/6089/4485 4174/5913/4382 4401/6092/4488
f 4283/6089/4485 4286/6093/4489 4173/5911/4380
f 4283/6089/4485 4285/6091/4487 4286/6093/4489
f 1123/1577/1260 4870/6094/4490 1126/1578/1262
f 1123/1573/1260 2037/2816/2243 4870/6095/4490
f 3365/4690/3622 4024/6096/4252 1799/2497/2001
f 3365/4690/3622 3599/5047/3852 3366/4691/3623
f 3365/4690/3622 4548/4693/3625 4024/6096/4252
f 4287/6097/4491 5071/5283/4009 2477/3421/2703
f 4287/6097/4491 2475/3418/2700 3756/5284/4010
f 4287/6097/4491 3756/5284/4010 5071/5283/4009
f 4287/6097/4491 2477/3421/2703 2475/3418/2700
f 1951/2705/2157 4288/6098/4492 4151/5881/4358
f 1951/2705/2157 2850/3974/3102 4288/6098/4492
f 1951/2705/2157 4151/5881/4358 1952/2706/2158
f 1951/2705/2157 1954/2708/2160 2850/3974/3102
f 3964/5596/3219 4682/6099/4493 366/5594/4197
f 4682/6099/4493 4289/6100/4494 366/5594/4197
f 4289/6101/4494 3532/6102/3791 366/6103/4197
f 4290/6104/4495 5056/6105/4496 366/5594/4197
f 3963/5595/4198 366/5594/4197 5056/6105/4496
f 4292/6106/4497 4492/6107/4498 4291/6108/4499
f 4292/6109/4497 4859/2042/1631 3093/6110/3350
f 4292/6106/4497 4291/6108/4499 3181/6111/3430
f 4292/6112/4497 3912/6113/3349 4492/6114/4498
f 4292/6115/4497 3093/4309/3350 3912/4308/3349
f 4292/6109/4497 3181/4449/3430 4859/2042/1631
f 4293/6116/4500 4294/6117/4501 387/554/439
f 4293/6116/4500 4017/5671/4246 4295/6118/246
f 4293/6116/4500 386/553/438 4017/5671/4246
f 4293/6116/4500 4295/6118/246 4294/6117/4501
f 4293/6116/4500 387/554/439 386/553/438
f 392/560/444 4296/4069/3180 393/561/445
f 392/564/444 390/558/443 4021/5676/4250
f 392/564/444 4021/5676/4250 4296/6119/3180
f 2923/4072/3183 3771/5308/4027 2924/4073/3184
f 2923/4072/3183 3719/5230/3973 3771/5308/4027
f 2923/4072/3183 4022/5677/4251 3719/5230/3973
f 2923/4072/3183 2386/3290/2611 4022/5677/4251
f 2873/4002/3127 4297/6120/4502 3566/4992/3821
f 2873/4002/3127 895/1269/1008 4297/6120/4502
f 2873/4002/3127 896/1270/1009 895/1269/1008
f 4298/6121/4503 3776/5316/4032 2199/3058/2422
f 4298/6122/4503 4664/6123/4504 2393/3298/2618
f 4298/6122/4503 2393/3298/2618 3777/5314/4033
f 4298/6121/4503 2199/3058/2422 4664/6124/4504
f 4298/6122/4503 3777/5314/4033 3776/5313/4032
f 4299/6125/4505 4300/6126/4407 909/1289/1018
f 4299/6125/4505 4301/6127/4506 3783/5324/4038
f 4299/6125/4505 909/1289/1018 907/1287/1022
f 4299/6125/4505 4302/6128/4507 4301/6127/4506
f 4299/6125/4505 3783/5324/4038 4300/6126/4407
f 4299/6125/4505 907/1287/1022 4302/6128/4507
f 415/591/470 3784/5326/4039 2986/4161/3244
f 415/591/470 2208/3069/2430 2207/592/471
f 415/591/470 2986/4161/3244 2208/3069/2430
f 4303/6129/4508 4947/6130/4509 3980/5619/4213
f 4303/6129/4508 4304/6131/4510 4947/6130/4509
f 4303/6129/4508 4806/6132/4511 4304/6131/4510
f 4303/6129/4508 3980/5619/4213 3979/5618/4212
f 4303/6129/4508 3979/5618/4212 3215/4497/3467
f 4303/6129/4508 3215/4497/3467 4806/6132/4511
f 4305/6133/4512 3221/4503/3473 1493/2096/1673
f 4305/6133/4512 646/895/716 3981/5620/4214
f 4305/6133/4512 3222/4504/3474 3221/4503/3473
f 4305/6133/4512 1493/2096/1673 1492/2095/1672
f 4305/6133/4512 3981/5620/4214 3222/4504/3474
f 4305/6133/4512 1492/2095/1672 646/895/716
f 3519/4930/3778 515/708/576 4950/4931/3779
f 3519/4930/3778 2945/4098/3205 519/712/580
f 3519/4930/3778 3521/4933/3780 2945/4098/3205
f 3519/4930/3778 519/712/580 515/708/576
f 934/1330/1050 3649/5137/3905 4306/6134/4513
f 934/1330/1050 938/1334/572 3649/5137/3905
f 934/1330/1050 3986/5625/4219 935/1331/1051
f 934/1330/1050 4306/6134/4513 3986/5625/4219
f 2190/3049/2413 3730/5243/3983 4307/6135/4514
f 2190/3049/2413 4307/6135/4514 2191/3050/2414
f 3308/4610/3563 3237/4519/1705 3309/4611/3564
f 4185/5928/4391 2542/3537/2777 1329/1858/1488
f 4185/5928/4391 1329/1858/1488 1326/1855/1485
f 4185/5928/4391 1326/1855/1485 4186/5929/4392
f 4185/5928/4391 2543/3538/2778 2542/3537/2777
f 3495/4889/3754 702/6136/4515 4308/6137/4351
f 702/1609/781 1145/1613/1289 703/6138/782
f 2978/4151/3236 3630/5096/3884 4309/6139/4516
f 2978/4151/3236 4309/6139/4516 2979/4152/3237
f 4294/6117/4501 1390/1938/1550 387/554/439
f 4294/6117/4501 1391/1939/1551 1390/1938/1550
f 4294/6117/4501 2917/4064/3175 1391/1939/1551
f 4294/6117/4501 4295/6118/246 2917/4064/3175
f 4190/5933/4396 4310/6140/4517 4191/5934/4397
f 4190/5933/4396 4311/6141/4518 4310/6140/4517
f 4190/5933/4396 2973/4143/3230 4311/6141/4518
f 4190/5933/4396 2974/4144/3231 2973/4143/3230
f 479/667/535 4312/6142/4519 480/668/536
f 479/667/535 2975/4145/3232 4312/6142/4519
f 479/667/535 481/669/537 2976/4146/3233
f 479/667/535 2976/4146/3233 2975/4145/3232
f 779/1097/869 1823/2542/2027 2983/6143/3241
f 779/1097/869 2983/6143/3241 780/1098/870
f 2283/3166/2511 2284/3167/2512 3339/4655/3595
f 2283/3166/2511 4313/6144/4520 3262/4550/3513
f 2283/3166/2511 3339/4655/3595 4313/6144/4520
f 2283/3166/2511 3262/4550/3513 536/739/597
f 4315/6145/4521 2480/5743/2707 4055/5742/4278
f 4315/6146/4521 4314/6147/4522 1416/6148/1581
f 4315/6145/4521 1416/1977/1581 4781/6149/4523
f 4315/6150/4521 4779/6151/4524 4314/6152/4522
f 4315/6153/4521 4055/6154/4278 4779/6155/4524
f 4315/6145/4521 4781/6149/4523 2480/5743/2707
f 504/695/563 4316/6156/4525 505/696/564
f 504/1989/563 1420/1988/1587 3265/4555/3518
f 504/695/563 3265/5664/3518 4316/6156/4525
f 997/1421/1123 52/76/55 998/1422/1124
f 997/1421/1123 1423/1995/1592 52/76/55
f 997/1421/1123 1001/1425/1127 1423/1995/1592
f 1426/1998/1595 4048/5725/14 4317/6157/4526
f 1426/1998/1595 4317/6157/4526 3821/5387/4070
f 1426/1998/1595 3821/5387/4070 1427/1999/14
f 1012/1436/1138 2081/2872/2289 1182/1673/1332
f 4319/5785/4299 3232/6158/3484 4318/6159/4527
f 4319/6160/4299 3233/4515/3485 3232/4514/3484
f 4319/5785/4299 2084/2875/2292 2083/2874/2291
f 4319/5785/4299 4318/6159/4527 2084/2875/2292
f 3429/4778/3686 2748/3829/2990 1573/2213/1762
f 3429/4778/3686 1572/2212/1761 4144/5870/4349
f 3429/4778/3686 1573/2213/1762 1572/2212/1761
f 2094/5393/2302 2098/2895/2307 955/1356/1074
f 4320/6161/4528 4321/6162/4529 2234/3099/2455
f 4320/6161/4528 3013/4201/3269 628/872/697
f 4320/6161/4528 4273/6060/4472 4321/6162/4529
f 4320/6161/4528 2233/3098/2454 3013/4201/3269
f 4320/6161/4528 628/872/697 4273/6060/4472
f 4320/6161/4528 2234/3099/2455 2233/3098/2454
f 2006/2779/2211 4322/6163/2627 4323/6164/4530
f 2006/2779/2211 4323/6164/4530 2004/2780/2212
f 3994/5634/4227 3683/5177/3938 3873/3401/2689
f 3994/5634/4227 3873/3401/2689 3995/5635/2527
f 3994/5634/4227 3998/6165/4230 5163/6166/4531
f 3994/5634/4227 5163/6166/4531 3683/5177/3938
f 4217/5978/4420 3207/4473/3454 1503/404/316
f 4217/5978/4420 4218/5979/4421 3205/4474/3455
f 4217/5978/4420 3205/4474/3455 3207/4473/3454
f 4324/6167/4532 3542/4963/3802 4325/6168/4533
f 4324/6167/4532 4326/6169/1376 3543/4964/1377
f 4324/6167/4532 4327/6170/4534 4326/6169/1376
f 4324/6167/4532 3543/4964/1377 3542/4963/3802
f 4324/6167/4532 2121/2934/2335 4327/6170/4534
f 4324/6167/4532 4325/6168/4533 2121/2934/2335
f 228/347/262 329/475/372 1478/6171/4535
f 333/482/376 334/483/377 3287/4586/3541
f 3023/4218/3277 744/1043/826 4328/6172/4536
f 3023/4218/3277 4329/6173/4537 744/1043/826
f 3023/4218/3277 2721/3798/2962 4329/6173/4537
f 3023/4218/3277 4328/6172/4536 3024/4219/3278
f 4330/6174/3279 4331/6175/3078 4568/6176/4538
f 4330/6177/3279 2828/3942/3080 3393/4738/3652
f 4330/4221/3279 3393/6178/3652 4204/5957/4410
f 4330/6179/3279 4568/6180/4538 2828/6181/3080
f 4330/4221/3279 4204/5957/4410 3025/4222/3280
f 2858/3982/3110 2861/3985/3113 3413/4759/3670
f 2858/3982/3110 1627/2291/1821 4332/6182/4539
f 2858/3982/3110 4332/6182/4539 2859/3983/3111
f 4333/6183/2603 2378/3280/2602 358/509/403
f 4333/3281/2603 358/6184/403 2089/2880/2297
f 4333/3281/2603 2089/2880/2297 2088/2879/2296
f 4334/6185/4540 2346/3239/2572 4335/6186/4541
f 4334/6185/4540 4336/6187/4542 768/1082/857
f 4334/6185/4540 3850/5427/4098 2346/3239/2572
f 4334/6185/4540 4335/6186/4541 4336/6187/4542
f 4334/6185/4540 768/1082/857 3850/5427/4098
f 4337/6188/3177 4020/5674/4249 4338/6189/4543
f 4337/4066/3177 4338/6190/4543 1057/1489/1183
f 4337/4066/3177 1057/1489/1183 2919/4067/3178
f 4337/6188/3177 2921/5675/3181 4020/5674/4249
f 4339/6191/4177 4341/5649/4234 4006/5653/4237
f 4339/5552/4177 3077/4292/3334 2448/3379/2675
f 4339/5552/4177 4340/6192/4544 3077/4292/3334
f 4339/5553/4177 1146/1615/1290 4341/6193/4234
f 4339/6191/4177 4006/5653/4237 4340/6194/4544
f 3940/5554/4178 1151/1623/1295 4084/5790/4301
f 3940/5554/4178 4086/5795/4302 2511/5555/2735
f 2454/3387/2682 3861/5442/730 3139/4374/3394
f 2454/3387/2682 3139/4374/3394 2455/3388/572
f 3865/5446/4111 5092/6195/4545 5139/6196/4546
f 3865/5446/4111 2700/3773/2942 5092/6195/4545
f 3865/5446/4111 5139/6196/4546 3866/5447/4112
f 632/878/702 3145/4387/3396 633/879/703
f 632/878/702 1510/2123/1691 1511/2124/1692
f 632/878/702 1511/2124/1692 3145/4387/3396
f 632/878/702 635/881/705 1510/2123/1691
f 3683/5177/3938 4342/6197/4547 3684/5178/3939
f 3683/5177/3938 5163/6166/4531 4342/6197/4547
f 4344/4806/3708 4343/6198/4548 4345/6199/4549
f 4344/4806/3708 3450/4805/1212 4343/6198/4548
f 4344/6200/3708 4345/6201/4549 3451/4807/3709
f 4346/6202/4550 3149/4393/341 2563/3562/2799
f 4346/6202/4550 2563/3562/2799 483/671/539
f 4346/6202/4550 4347/6203/4551 4348/6204/4552
f 4346/6202/4550 483/671/539 4347/6203/4551
f 4346/6202/4550 4348/6204/4552 3149/4393/341
f 3189/4457/3438 3193/4461/3442 3580/5016/3836
f 3189/4457/3438 4349/6205/4553 3717/5228/3971
f 3189/4457/3438 3580/5016/3836 4349/6205/4553
f 3189/4457/3438 3717/5228/3971 3190/4458/3439
f 4029/5694/916 821/1156/916 824/1159/916
f 4029/5694/916 1525/2154/1715 821/1156/916
f 4029/5694/916 4030/5695/916 1525/2154/1715
f 3892/5491/4135 4350/6206/4554 1847/2575/2055
f 3892/5491/4135 4485/6207/4555 3893/5492/4136
f 3892/5491/4135 3891/5490/4134 4351/6208/4556
f 3892/5491/4135 4351/6208/4556 3068/4281/3323
f 3892/5491/4135 3068/4281/3323 4350/6206/4554
f 3892/5491/4135 1847/2575/2055 4352/6209/4557
f 3892/5491/4135 4352/6209/4557 4485/6207/4555
f 3690/6210/3945 4353/6211/3124 5211/6212/4558
f 3690/5184/3945 5211/6213/4558 5228/6214/455
f 3690/6210/3945 3691/6215/3125 4353/6211/3124
f 3690/5184/3945 5228/6214/455 4112/5185/3946
f 4115/5827/4327 1554/2189/1742 1953/2707/2159
f 4115/5827/4327 234/353/268 3957/5585/4192
f 4115/5827/4327 1841/2567/2049 234/353/268
f 4115/5827/4327 3957/5585/4192 1554/2189/1742
f 843/1192/942 844/1193/84 4235/6003/84
f 843/1192/942 4235/6003/84 2218/3078/84
f 2896/4034/3152 1177/1664/1328 3910/5513/4151
f 2896/4034/3152 1352/1886/1510 1351/1885/1509
f 2896/4034/3152 3909/5512/4150 1352/1886/1510
f 2896/4034/3152 3910/5513/4151 3909/5512/4150
f 3601/5049/3853 4480/6216/4559 4354/6217/4364
f 3601/5049/3853 4355/6218/4560 4356/6219/1923
f 3601/5049/3853 4356/6219/1923 4357/6220/3259
f 3601/5049/3853 4354/6217/4364 4355/6218/4560
f 3601/5049/3853 4124/6221/4335 3600/5050/3854
f 3601/5049/3853 4908/6222/3629 4480/6216/4559
f 3601/5049/3853 4357/6220/3259 4124/6221/4335
f 2416/3345/2645 4358/6223/4561 4359/6224/2357
f 2416/3345/2645 2647/3670/2881 4358/6223/4561
f 3135/4370/3390 3138/4373/3393 621/865/692
f 3135/4370/3390 91/148/106 4360/6225/4562
f 3135/4370/3390 621/865/692 91/148/106
f 3135/4370/3390 4360/6225/4562 3136/4371/3391
f 4361/6226/4563 542/745/602 3099/4316/3357
f 4361/6226/4563 2103/2900/2312 542/745/602
f 4361/6226/4563 4362/6227/4564 2104/2901/2313
f 4361/6226/4563 2104/2901/2313 2103/2900/2312
f 4361/6226/4563 3099/4316/3357 3612/5067/3864
f 4361/6226/4563 3612/5067/3864 4362/6227/4564
f 3616/5071/3867 1752/2445/1952 3617/5072/3868
f 3616/5071/3867 1754/2447/1954 1753/2446/1953
f 3616/5071/3867 1753/2446/1953 1752/2445/1952
f 3616/5071/3867 4363/6228/4565 1754/2447/1954
f 3616/5071/3867 3618/5073/3869 4363/6228/4565
f 923/1312/1038 3838/6229/1714 924/1313/1041
f 923/1308/1038 3017/4207/2913 3838/6230/1714
f 2253/3125/2476 4213/6231/4416 3544/4966/3803
f 2253/3125/2476 3544/4966/3803 1223/1732/1374
f 4364/6232/4566 1515/6233/1699 506/697/565
f 4364/6232/4566 1770/2463/1970 855/1210/957
f 4364/6232/4566 855/1210/957 857/1214/961
f 4364/6232/4566 506/697/565 1770/2463/1970
f 4364/6232/4566 857/1214/961 1515/6233/1699
f 718/1004/796 717/1008/795 5196/20/13
f 136/209/158 1239/1758/1392 3929/5536/2911
f 4365/6234/4567 2263/3144/2489 4366/6235/4568
f 4365/6234/4567 2264/3145/2490 2263/3144/2489
f 4365/6234/4567 2034/2813/2240 2264/3145/2490
f 4365/6234/4567 3552/4976/3810 1786/2481/1988
f 4365/6234/4567 4366/6235/4568 3552/4976/3810
f 4365/6234/4567 1786/2481/1988 2034/2813/2240
f 1789/2484/1991 1070/1504/1198 3284/1499/1193
f 1789/2484/1991 3029/4228/3284 1790/2485/1992
f 1789/2484/1991 5052/4229/3285 3029/4228/3284
f 1789/2484/1991 3284/1499/1193 5052/4229/3285
f 1792/2494/1995 4367/6236/4569 1257/1779/1410
f 1792/2494/1995 3647/5135/3903 4367/6236/4569
f 1792/2494/1995 1257/1779/1410 4368/6237/4570
f 1792/2488/1995 4368/6238/4570 1793/2489/1996
f 1792/2494/1995 1795/2493/1998 3647/5135/3903
f 3790/5333/4046 4369/6239/4571 3036/4240/3296
f 3790/5333/4046 3035/4239/3295 3791/5334/4047
f 3790/5333/4046 3036/4240/3296 3035/4239/3295
f 3790/5333/4046 3792/5335/4048 4369/6239/4571
f 1837/6240/2044 4370/6241/2041 4371/6242/4572
f 1837/6240/2044 4371/6242/4572 4372/6243/1424
f 3041/4246/3300 4373/6244/730 648/897/718
f 3041/4246/3300 4374/6245/4573 4373/6244/730
f 3041/4246/3300 2894/4032/3150 2892/4029/3148
f 3041/4246/3300 648/897/718 3042/4247/3301
f 3041/4246/3300 2892/4029/3148 4374/6245/4573
f 90/147/105 93/150/108 3666/5160/3921
f 90/147/105 4375/6246/4574 91/148/106
f 90/147/105 3665/5159/3920 1664/2332/1859
f 90/147/105 1664/2332/1859 4375/6246/4574
f 90/147/105 3666/5160/3921 3665/5159/3920
f 4376/6247/4575 2751/3832/2993 2062/2848/2268
f 4376/6247/4575 2061/2847/2267 3669/5163/3924
f 4376/6247/4575 3669/5163/3924 3668/5162/3923
f 4376/6247/4575 2062/2848/2268 2061/2847/2267
f 4376/6247/4575 3668/5162/3923 4377/6248/4576
f 4376/6247/4575 4377/6248/4576 2751/3832/2993
f 2890/6249/3146 1287/1813/1443 2294/3179/2523
f 2890/4027/3146 2294/3836/2523 2891/4028/3147
f 2890/6249/3146 1288/1814/1444 1287/1813/1443
f 2890/6249/3146 2893/6250/3149 1288/1814/1444
f 4378/6251/4577 4379/6252/4578 3418/4765/3675
f 4378/6251/4577 3418/4765/3675 4380/6253/3286
f 4378/6251/4577 2303/3193/2531 3874/5466/4119
f 4378/6254/4577 4380/4230/3286 4381/4231/3287
f 4378/6251/4577 4381/6255/3287 2303/3193/2531
f 4378/6251/4577 3874/5466/4119 4379/6252/4578
f 1812/2519/2014 5156/6256/4579 359/512/406
f 1812/2519/2014 2307/6257/2536 5156/6256/4579
f 1812/2522/2014 1811/2521/2015 2307/3199/2536
f 2487/3448/2714 4382/6258/4580 3454/4811/3711
f 2487/3448/2714 4383/6259/4581 4382/6258/4580
f 2487/3448/2714 3454/4811/3711 1984/2750/2188
f 2487/3448/2714 2488/3449/2715 4383/6259/4581
f 3425/5532/3682 4384/6260/4582 3926/5533/4163
f 3425/4774/3682 481/669/537 2567/3568/2802
f 3425/5532/3682 2567/3566/2802 4384/6260/4582
f 178/267/204 3235/4517/3487 2790/3889/3035
f 178/267/204 2790/3889/3035 2789/3888/3034
f 3894/5493/4137 1322/1851/1481 1320/1849/1479
f 3894/5493/4137 2485/4808/2713 1322/1851/1481
f 1704/2376/1902 4385/6261/4583 1705/2377/1903
f 1704/2376/1902 2205/3064/2428 4385/6261/4583
f 4269/6056/4469 1143/1611/1287 2335/3228/2561
f 4269/6055/4469 4386/6262/4584 2772/3868/3016
f 4269/6056/4469 2335/3228/2561 3078/4293/3335
f 4269/6056/4469 3078/4293/3335 4386/6263/4584
f 4387/6264/2937 4388/6265/3894 878/1241/985
f 4387/6264/2937 878/1241/985 2697/1240/984
f 4387/6266/2937 4389/6267/2938 3640/6268/3895
f 4387/6266/2937 3640/6268/3895 4388/6269/3894
f 4390/6270/4585 4391/6271/4586 4392/6272/4587
f 4390/6270/4585 3324/4627/3579 4391/6271/4586
f 4390/6270/4585 4392/6272/4587 3697/5195/3952
f 4390/6270/4585 2351/3244/2577 3324/4627/3579
f 4390/6270/4585 3696/5194/3951 2351/3244/2577
f 4390/6270/4585 3697/5195/3952 3696/5194/3951
f 2130/2945/2346 2131/2946/2347 3118/4337/3374
f 2212/3072/2433 2250/3122/2473 3342/4658/3598
f 2212/3072/2433 3342/4658/3598 4393/6273/4588
f 2212/3072/2433 4393/6273/4588 2213/3073/2434
f 3702/5204/3956 3704/5207/3958 4394/6274/4589
f 3702/6275/3956 4394/6276/4589 4257/6040/4459
f 3702/6275/3956 4257/6040/4459 2597/3601/2832
f 3702/6275/3956 2597/3601/2832 2596/3600/2831
f 4395/6277/4590 4396/6278/4591 2548/3543/2783
f 4395/6277/4590 4397/6279/4592 4398/6280/4593
f 4395/6277/4590 2374/3274/2598 2372/3272/2596
f 4395/6277/4590 2548/3543/2783 4397/6279/4592
f 4395/6277/4590 2372/3272/2596 4396/6278/4591
f 4395/6277/4590 4398/6280/4593 2374/3274/2598
f 4399/5127/3898 3642/5128/3899 4098/5811/4313
f 4399/6281/3898 4097/5808/4312 3007/4194/3266
f 4399/5127/3898 4098/5811/4313 4097/6282/4312
f 1893/2635/2099 2380/3284/2605 1894/2636/14
f 1893/2635/2099 3420/4769/3677 1047/1479/1174
f 1893/2635/2099 2555/3553/2790 3420/4769/3677
f 1893/2635/2099 1047/1479/1174 2380/3284/2605
f 1893/2635/2099 1896/2638/14 2555/3553/2790
f 3191/4459/3440 1056/1488/1182 3192/4460/3441
f 3191/4459/3440 2385/3289/2610 1056/1488/1182
f 3191/4459/3440 3194/4462/3443 4400/6283/4594
f 3191/4459/3440 4400/6283/4594 2385/3289/2610
f 4284/6284/4486 4401/6285/4488 3197/4465/3446
f 4284/6284/4486 3197/4465/3446 3195/4463/3444
f 4284/6090/4486 4402/301/227 4285/6091/4487
f 4284/6284/4486 3195/4463/3444 4402/6286/227
f 4403/6287/4595 314/456/356 313/455/355
f 4403/6287/4595 4404/6288/4596 4077/5778/4295
f 4403/6287/4595 4077/5778/4295 4078/5779/4296
f 4403/6287/4595 4078/5779/4296 4245/6022/4448
f 4403/6287/4595 313/455/355 4404/6288/4596
f 4403/6287/4595 4245/6022/4448 314/456/356
f 3722/5233/3976 1908/2650/2112 1910/2652/2114
f 3722/5233/3976 1910/2652/2114 3812/5367/4063
f 3722/5233/3976 4405/6289/4597 3723/5234/3977
f 3722/5233/3976 2824/3933/3073 4405/6289/4597
f 3722/5233/3976 3725/5236/3979 1908/2650/2112
f 3722/5233/3976 3812/5367/4063 2824/3933/3073
f 4406/6290/767 4407/6291/770 752/6292/835
f 4406/6293/767 751/1052/834 1919/2661/2123
f 4406/6293/767 752/1053/835 751/1052/834
f 4406/6293/767 1919/2661/2123 691/6294/768
f 1082/1517/1211 4343/6295/4548 3450/1518/1212
f 1082/1517/1211 3818/5380/4066 4408/6296/4598
f 1082/1517/1211 1086/1522/1216 3818/5380/4066
f 1082/1517/1211 4408/6296/4598 4343/6295/4548
f 4409/6297/4599 204/312/237 5067/6298/4600
f 4409/6297/4599 4410/6299/4601 4936/6300/4602
f 4409/6297/4599 205/313/238 204/312/237
f 4409/6301/4599 4414/6302/4603 4410/6303/4601
f 4409/6297/4599 4936/6300/4602 4411/6304/4604
f 4409/6297/4599 4412/6305/4605 4413/6306/4606
f 4409/6297/4599 5067/6298/4600 4414/6307/4603
f 4409/6297/4599 4411/6304/4604 4412/6305/4605
f 4409/6297/4599 4413/6306/4606 205/313/238
f 2941/4094/3201 3474/4849/3731 2077/2868/2285
f 2941/4094/3201 4415/6308/4607 722/1010/800
f 2941/4094/3201 2077/2868/2285 4415/6308/4607
f 2941/4094/3201 2942/4095/3202 3474/4849/3731
f 3227/4509/3479 4416/6309/4608 4417/6310/4609
f 3227/4509/3479 4417/6310/4609 3228/4510/3480
f 3227/4509/3479 3226/4508/3478 3651/5139/3907
f 3227/4509/3479 3651/5139/3907 4416/6309/4608
f 3984/5623/4217 170/259/196 3231/4513/3483
f 3984/5623/4217 3985/5624/4218 4418/6311/4610
f 3984/5623/4217 171/260/197 170/259/196
f 3984/5623/4217 4418/6311/4610 171/260/197
f 4419/6312/4611 2028/2807/2234 3234/4516/3486
f 4419/6312/4611 4420/6313/4612 2029/2808/2235
f 4419/6312/4611 3234/4516/3486 4420/6313/4612
f 4419/6312/4611 2029/2808/2235 2028/2807/2234
f 4421/6314/2447 2032/2811/2238 2960/6315/3220
f 4421/6314/2447 4422/6316/4613 2032/2811/2238
f 4421/3089/2447 2960/4120/3220 2226/3090/2448
f 4421/3089/2447 2227/3092/2445 4422/6317/4613
f 3964/4115/3219 371/4118/421 4423/6318/4141
f 3964/4115/3219 4423/6318/4141 4682/6319/4493
f 2492/3453/2719 1962/2719/2168 1965/2722/2171
f 2492/3453/2719 2433/3360/2661 4424/6320/4614
f 2492/3453/2719 4424/6320/4614 1962/2719/2168
f 2492/3453/2719 2434/3361/2662 2433/3360/2661
f 2435/3366/2665 2140/2956/2354 2440/2958/2356
f 2435/3366/2665 2495/3458/2722 4425/6321/4615
f 2435/3366/2665 4425/6321/4615 2140/2956/2354
f 2498/3460/84 4041/5718/4266 4426/6322/4616
f 2498/3460/84 2500/3464/2725 4041/5718/4266
f 2498/3460/84 4426/6322/4616 4427/6323/4617
f 2498/3460/84 4427/6323/4617 2499/3461/435
f 3252/4538/3502 2971/4141/3228 1140/1603/1283
f 3252/4538/3502 1139/1602/1282 3254/4540/3504
f 3252/4538/3502 1140/1603/1283 1139/1602/1282
f 4341/6324/4234 4428/6325/3386 3132/1792/1422
f 4341/6324/4234 3132/1792/1422 4003/1791/1421
f 4341/6193/4234 1146/1615/1290 4428/4362/3386
f 590/813/655 4429/6326/2747 3206/4478/3458
f 590/813/655 3206/4478/3458 594/818/660
f 590/813/655 3695/5191/3950 4429/6326/2747
f 2168/6327/2387 3348/4666/3606 4032/5700/3998
f 2168/6328/2387 5053/6329/2390 3349/6330/3607
f 2168/6328/2387 3349/6330/3607 3348/6331/3606
f 1851/2583/2059 1128/1580/1264 2038/2817/2244
f 1851/4381/2059 290/427/332 4223/5987/4427
f 1851/2583/2059 4223/6332/4427 1128/1580/1264
f 4430/6333/4618 2123/2936/2337 2126/2939/2340
f 4430/6333/4618 2459/3396/2686 4061/5754/4282
f 4430/6333/4618 4061/5754/4282 4062/5755/4283
f 4430/6333/4618 4062/5755/4283 4431/6334/4619
f 4430/6333/4618 2126/2939/2340 2459/3396/2686
f 4430/6333/4618 4431/6334/4619 2123/2936/2337
f 339/488/382 4432/6335/4620 4433/6336/4621
f 339/488/382 342/491/385 2754/3838/2996
f 339/488/382 2754/3838/2996 4432/6335/4620
f 339/488/382 4433/6336/4621 340/489/383
f 4434/6337/4622 4602/6338/4623 346/495/389
f 4434/6337/4622 1943/2692/2150 3753/5280/4006
f 4434/6337/4622 3753/5280/4006 2628/6339/2864
f 4434/6337/4622 346/495/389 1944/2693/2151
f 4434/6337/4622 1944/2693/2151 1943/2692/2150
f 4434/6337/4622 2628/6339/2864 4602/6338/4623
f 4435/6340/4624 1357/1891/1514 3911/5515/4153
f 4435/6340/4624 3824/5390/4073 4436/6341/4625
f 4435/6340/4624 3281/4578/3536 3278/4573/3534
f 4435/6340/4624 3911/5515/4153 3281/4578/3536
f 4435/6340/4624 4436/6341/4625 1357/1891/1514
f 4435/6340/4624 3278/4573/3534 3824/5390/4073
f 3634/6342/3888 4437/6343/4626 1541/2173/1728
f 3634/6342/3888 3636/5107/3890 4438/6344/4627
f 3634/6342/3888 4438/6344/4627 4437/6343/4626
f 4439/6345/4628 3687/5181/3942 187/287/209
f 4439/6345/4628 3688/5182/3943 3687/5181/3942
f 4439/6346/4628 4440/6347/2691 4441/6348/4629
f 4439/6349/4628 187/275/209 4440/3407/2691
f 4439/6350/4628 5220/6351/4630 4442/6352/4631
f 4439/6345/4628 4442/6353/4631 3688/5182/3943
f 4439/6346/4628 4441/6348/4629 5220/6354/4630
f 2309/3201/2538 4443/6355/4632 2488/3449/2715
f 2309/3201/2538 1988/2754/2192 2310/3202/2539
f 2309/3201/2538 2311/3203/2540 4443/6355/4632
f 1711/2383/1909 3121/4347/3378 1712/2384/1910
f 1711/2383/1909 4444/6356/4633 3122/4348/3379
f 1711/2383/1909 586/809/651 4444/6356/4633
f 1711/2383/1909 3122/4348/3379 3121/4347/3378
f 3080/4295/3337 4445/6357/4634 4446/6358/4635
f 3080/4295/3337 4207/5961/4413 595/819/661
f 3080/4295/3337 4446/6358/4635 4207/5961/4413
f 3080/4295/3337 3084/4299/3341 4445/6357/4634
f 3464/4827/3719 3466/4829/3721 4447/6359/4636
f 3464/4827/3719 4447/6359/4636 4448/6360/4637
f 3464/4827/3719 4449/6361/4638 3465/4828/3720
f 3464/4827/3719 4448/6360/4637 4449/6361/4638
f 4450/6362/4639 835/1179/931 4451/6363/4640
f 4450/6364/4639 4451/6365/4640 3976/5614/4210
f 4450/6366/4639 834/1177/932 835/1176/931
f 4450/6367/4639 3976/6368/4210 4452/6369/1354
f 4450/6366/4639 4452/6370/1354 834/1177/932
f 4455/6371/4641 4453/6372/4041 4454/6373/4642
f 4455/6374/4641 3786/5329/4042 4453/5328/4041
f 4455/6371/4641 1489/2092/1669 3786/6375/4042
f 4455/6371/4641 4454/6373/4642 2054/2840/2260
f 4455/6371/4641 1490/2093/1670 1489/2092/1669
f 4455/6371/4641 2054/2840/2260 1490/2093/1670
f 4010/5658/4240 4456/6376/3634 4457/6377/4643
f 4010/5658/4240 2055/2841/2261 239/358/273
f 4010/6378/4240 4011/5662/4242 4456/4708/3634
f 4010/5658/4240 4457/6377/4643 407/583/462
f 4010/5658/4240 407/583/462 2055/2841/2261
f 4458/6379/279 4459/6380/4644 4637/6381/4645
f 4458/5369/279 4460/3504/2745 3813/5370/4064
f 4458/364/279 242/365/280 4459/6382/4644
f 4458/6383/279 4637/6384/4645 4460/6385/2745
f 4461/6386/4646 4462/6387/4647 4463/6388/4648
f 4461/6386/4646 4302/6128/4507 4464/6389/4649
f 4461/6386/4646 4463/6388/4648 4302/6128/4507
f 4461/6386/4646 4464/6389/4649 4462/6387/4647
f 4465/6390/4650 1170/1652/1318 2718/3795/916
f 4465/6390/4650 1674/2342/1869 4466/6391/4651
f 4465/6390/4650 2718/3795/916 1528/2157/916
f 4465/6390/4650 4466/6391/4651 1171/1653/1319
f 4465/6390/4650 1528/2157/916 1674/2342/1869
f 4465/6390/4650 1171/1653/1319 1170/1652/1318
f 1095/6392/1228 3869/5452/3991 4467/6393/4652
f 1095/1535/1228 1096/1537/1230 3870/6394/4115
f 1095/6395/1228 5003/6396/4653 1099/6397/1229
f 1095/6398/1228 599/6399/664 3869/6400/3991
f 1095/6401/1228 4467/6402/4652 1819/2536/2022
f 1095/6398/1228 5134/6403/665 599/6399/664
f 1095/6395/1228 1819/6404/2022 5003/6396/4653
f 1102/1543/1234 3475/4850/3732 4468/6405/4654
f 1102/1543/1234 4468/6405/4654 1103/1544/1235
f 1925/2667/2129 1949/2701/2154 1926/2668/2130
f 3482/4857/572 4469/6406/4655 3483/4858/3739
f 3482/4857/572 4470/6407/4656 4469/6406/4655
f 3482/4857/572 2849/3973/3101 2851/3975/3103
f 3482/4857/572 2851/3975/3103 4470/6407/4656
f 4473/6408/3742 4471/6409/4657 4290/6104/4495
f 4473/6408/3742 4472/6410/3744 4471/6409/4657
f 4473/6411/3742 4290/6412/4495 4474/6413/4658
f 4473/6411/3742 4474/6413/4658 3511/6414/3743
f 4475/6415/4659 3486/4868/3746 3490/4870/3748
f 4475/6415/4659 4073/5774/4291 4476/6416/4660
f 4475/6415/4659 3490/4870/3748 4477/6417/4661
f 4475/6415/4659 4477/6417/4661 4187/5930/4393
f 4475/6415/4659 4476/6416/4660 3486/4868/3746
f 4475/6415/4659 4187/5930/4393 4073/5774/4291
f 1821/6418/2025 3491/4881/3751 4478/6419/4439
f 3095/4311/3352 297/6420/337 4188/5931/4394
f 3095/4311/3352 4188/5931/4394 3096/4312/3353
f 707/991/786 708/990/787 3969/6421/4204
f 707/6422/786 3306/4608/3561 3149/777/341
f 707/6422/786 3969/5604/4204 3306/4608/3561
f 4479/6423/4662 4480/6424/4559 3369/6425/3628
f 4479/6426/4662 5161/6427/4663 4481/6428/4664
f 4479/6429/4662 3369/6430/3628 4482/6431/4665
f 4479/6432/4662 4481/6433/4664 4480/6216/4559
f 4479/6426/4662 4482/6434/4665 5161/6427/4663
f 4483/6435/4666 312/454/354 1731/2421/1930
f 4483/6435/4666 1730/2420/1929 4196/5947/4401
f 4483/6435/4666 4484/6436/4667 312/454/354
f 4483/6435/4666 1731/2421/1930 1730/2420/1929
f 4483/6435/4666 3198/4466/3447 4484/6436/4667
f 4483/6435/4666 4196/5947/4401 3198/4466/3447
f 1736/2426/1935 4485/6437/4555 1737/2427/1936
f 1736/2426/1935 1475/2067/1650 4485/6437/4555
f 1476/2069/1652 3164/1712/1357 5141/1713/1358
f 1083/1519/1213 3450/1518/1212 2483/6438/2711
f 1083/1519/1213 4486/6439/4668 1084/1520/1214
f 1083/1519/1213 2483/6438/2711 4486/6439/4668
f 2040/1526/1220 1091/1529/1223 4089/5801/4306
f 2040/2819/1220 4089/5799/4306 2041/2820/2246
f 338/487/381 2527/3517/2760 3518/4929/3777
f 338/487/381 3518/4929/3777 341/490/384
f 2330/1663/1327 4746/6440/4669 3910/5513/4151
f 2330/6441/1327 2329/6442/836 4746/6443/4669
f 2330/1663/1327 3910/5513/4151 1177/1664/1328
f 4428/4362/3386 1146/1615/1290 3133/4363/3387
f 3525/4938/3784 4487/6444/4670 3526/4939/3785
f 3525/4938/3784 3529/4942/3788 4487/6444/4670
f 4488/6445/4671 4489/6446/4672 1196/1688/1347
f 4488/6445/4671 3137/4372/3392 3139/4374/3394
f 4488/6445/4671 3861/5442/730 4490/6447/4673
f 4488/6445/4671 1196/1688/1347 3137/4372/3392
f 4488/6445/4671 4490/6447/4673 4489/6446/4672
f 4488/6445/4671 3139/4374/3394 3861/5442/730
f 4491/6448/4674 2101/2898/2310 4321/6162/4529
f 4491/6448/4674 4272/6059/4471 3570/4998/3823
f 4491/6448/4674 4321/6162/4529 4273/6060/4472
f 4491/6448/4674 3570/4998/3823 2102/2899/2311
f 4491/6448/4674 2102/2899/2311 2101/2898/2310
f 4491/6448/4674 4273/6060/4472 4272/6059/4471
f 4492/6107/4498 4493/3021/2397 2174/3020/2396
f 4492/6449/4498 3912/6450/3349 4919/6451/4675
f 4492/6107/4498 2174/3020/2396 4291/6108/4499
f 4492/6452/4498 4919/6453/4675 4493/6454/2397
f 32/48/34 35/51/37 4276/6068/4478
f 32/48/34 4276/6068/4478 4263/6048/4462
f 32/48/34 3301/4603/3556 33/49/35
f 4494/6455/4676 2230/3095/2451 2713/3790/2956
f 4494/6455/4676 4062/5755/4283 2231/3096/2452
f 4494/6455/4676 2231/3096/2452 2230/3095/2451
f 4494/6455/4676 2713/3790/2956 3546/4968/3804
f 4494/6455/4676 3546/4968/3804 4431/6334/4619
f 4494/6455/4676 4431/6334/4619 4062/5755/4283
f 999/1423/1125 1002/1426/1128 2315/3207/2544
f 4495/6456/4677 3549/4971/3807 3776/5316/4032
f 4495/6456/4677 1533/2162/1719 3549/4971/3807
f 4495/6456/4677 3776/5316/4032 3778/1161/920
f 4495/6456/4677 3778/1161/920 828/1164/923
f 4495/6456/4677 828/1164/923 1533/2162/1719
f 1024/1453/1151 4496/6457/4678 1025/1454/1152
f 1024/6458/1151 1028/6459/1155 4497/6460/4679
f 1024/1453/1151 4497/6461/4679 4496/6457/4678
f 3551/4975/3809 3182/4450/3431 1249/1769/1403
f 3551/4975/3809 3552/4976/3810 4366/6235/4568
f 3551/4975/3809 4498/6462/4680 3182/4450/3431
f 3551/4975/3809 4366/6235/4568 4498/6462/4680
f 4499/6463/4681 983/1392/1104 2281/3164/2509
f 4499/6463/4681 2280/3163/2508 643/6464/713
f 4499/6463/4681 642/6465/712 984/1395/1106
f 4499/6463/4681 643/6464/713 642/6465/712
f 4499/6463/4681 984/1395/1106 983/1392/1104
f 4499/6463/4681 2281/3164/2509 2280/3163/2508
f 438/616/495 4701/6466/4682 739/1038/821
f 438/616/495 441/619/498 5018/6467/4683
f 438/616/495 5018/6467/4683 4701/6466/4682
f 4212/5971/4415 4500/6468/4684 4213/5972/4416
f 4212/5971/4415 1396/1944/1556 4501/6469/4685
f 4212/5971/4415 4501/6469/4685 4500/6468/4684
f 3064/4276/3320 936/4278/1052 1566/2206/1755
f 3064/4276/3320 1566/2206/1755 1569/2209/1758
f 3064/4276/3320 1569/2209/1758 2645/3668/2879
f 3064/4276/3320 2645/3668/2879 3065/4277/572
f 1905/2647/2109 1191/1683/1342 4502/6470/4686
f 1905/2647/2109 4502/6470/4686 4243/6020/4446
f 2093/2888/2301 4503/6471/4687 2096/2889/2304
f 2093/2884/2301 2750/3831/2992 4503/6472/4687
f 96/153/111 3052/4258/3309 4271/154/112
f 1515/2131/1699 183/282/214 2325/6473/2554
f 1515/6233/1699 4504/6474/1704 507/698/566
f 1515/6233/1699 507/698/566 506/697/565
f 1515/6233/1699 857/1214/961 854/1216/954
f 1515/6475/1699 854/5927/954 4505/6476/4688
f 1515/2131/1699 2325/6473/2554 1516/2132/1700
f 1515/2131/1699 4505/6477/4688 183/282/214
f 4506/6478/4689 4509/6479/4690 4872/173/129
f 4506/6478/4689 3354/4679/3611 4507/6480/4691
f 4506/6478/4689 4508/6481/4692 3354/4679/3611
f 4506/6478/4689 4872/173/129 4508/6481/4692
f 4506/6482/4689 4507/6483/4691 4509/6484/4690
f 2117/2928/2331 4628/6485/4693 2118/2929/2332
f 2117/2928/2331 2119/2930/2333 4277/6069/4479
f 2117/2928/2331 4275/6067/4477 4628/6485/4693
f 2117/2928/2331 4277/6069/4479 4275/6067/4477
f 119/185/139 3948/5572/4184 120/186/140
f 119/185/139 2666/3699/2901 3948/5572/4184
f 125/191/145 4510/6486/4694 126/192/146
f 125/191/145 3682/5176/3937 4511/6487/4695
f 125/191/145 4511/6487/4695 4510/6486/4694
f 4064/1167/925 1718/6488/1916 830/1168/926
f 1614/2278/1808 1615/2279/1809 3700/5202/3954
f 1614/2278/1808 448/626/505 447/625/504
f 3587/5029/3843 1620/2284/1814 3799/5344/4053
f 3587/5029/3843 3799/5344/4053 2289/5030/2517
f 2770/3866/3014 4386/6262/4584 5045/6489/4696
f 2770/3866/3014 2772/3868/3016 4386/6262/4584
f 2770/3866/3014 5045/6489/4696 2771/3867/3015
f 4512/6490/1005 1341/1872/1500 4513/3613/2840
f 4512/1266/1005 4513/6491/2840 2605/1267/1006
f 4514/6492/4697 1126/1578/1262 5147/6493/4698
f 4514/6492/4697 5147/6493/4698 1256/1778/1409
f 4514/6492/4697 1256/1778/1409 1258/1780/1411
f 4514/6492/4697 1258/1780/1411 4515/6494/4699
f 4514/6492/4697 4515/6494/4699 1126/1578/1262
f 3598/5046/3851 352/503/397 165/254/191
f 3598/5046/3851 2692/3748/2932 4516/6495/4700
f 3598/5046/3851 4516/6495/4700 352/503/397
f 4122/5844/4333 1019/1442/1144 4123/5845/4334
f 4122/6496/4333 1020/1447/1146 1019/1446/1144
f 4122/6496/4333 4253/6035/4456 1020/1447/1146
f 4122/5848/4333 3523/4936/3782 4253/6037/4456
f 781/1099/871 780/1098/870 3527/4940/3786
f 781/1099/871 3526/4939/3785 782/1100/872
f 4456/4714/3634 5022/4713/3636 4457/6497/4643
f 4456/4708/3634 4011/5662/4242 3376/4709/3635
f 3291/4590/3545 4256/6039/4458 4257/6040/4459
f 3291/4590/3545 4394/6276/4589 3292/4591/3546
f 3291/4590/3545 4257/6040/4459 4394/6276/4589
f 3291/4590/3545 3294/4593/3548 4256/6039/4458
f 2600/3605/2835 2296/3181/2524 2601/3606/2836
f 2600/3605/2835 4181/5923/730 2296/3181/2524
f 2608/3620/2845 2611/3623/2848 4517/6498/621
f 2608/3620/2845 4517/6498/621 3299/4601/3554
f 4518/6499/4701 1686/2354/1881 4519/6500/350
f 4518/6499/4701 4519/6500/350 4520/6501/4702
f 4518/6499/4701 4521/6502/4703 4522/6503/4704
f 4518/6499/4701 4522/6503/4704 4523/6504/4705
f 4518/6499/4701 4520/6501/4702 4521/6502/4703
f 4518/6499/4701 4523/6504/4705 1686/2354/1881
f 3304/4606/3559 3306/4608/3561 3969/5604/4204
f 3304/4606/3559 3969/5604/4204 3968/5603/4203
f 3304/4606/3559 3968/5603/4203 3305/4607/3560
f 819/1154/917 1172/1654/1320 820/1155/918
f 819/1154/917 823/1158/916 1170/1652/1318
f 744/1043/826 4524/6505/4706 4525/6506/4707
f 744/1043/826 4329/6173/4537 745/1044/827
f 744/1043/826 2322/3214/2551 4524/6505/4706
f 744/1043/826 4525/6506/4707 4328/6172/4536
f 3081/4296/3338 4526/6507/4708 3082/4297/3339
f 3081/4296/3338 3083/4298/3340 4526/6507/4708
f 4270/6057/4470 4527/6508/4709 4528/6509/4710
f 4270/6057/4470 4528/6509/4710 3322/4625/3577
f 4270/6057/4470 4529/6510/4711 4527/6508/4709
f 4270/6057/4470 2639/3660/2872 4529/6510/4711
f 1724/2404/1921 4530/6511/4712 2743/3824/2985
f 1724/2404/1921 606/840/675 4530/6511/4712
f 2276/3158/2503 4531/6512/4713 4521/6502/4703
f 2276/3158/2503 4521/6502/4703 4532/6513/4714
f 2276/3158/2503 4532/6513/4714 4676/3159/2504
f 2276/3158/2503 2275/3157/2502 4531/6512/4713
f 4533/6514/4715 4534/6515/4716 5119/460/360
f 4533/6514/4715 3157/4406/3406 4535/6516/4717
f 4533/6517/4715 4535/6518/4717 4536/6519/4718
f 4533/6517/4715 4536/6519/4718 4534/6520/4716
f 4533/6514/4715 5119/460/360 3157/4406/3406
f 322/468/365 248/372/284 4537/6521/4719
f 322/468/365 4537/6521/4719 323/469/366
f 322/468/365 251/375/287 248/372/284
f 3270/6522/3524 634/880/704 4538/6523/2141
f 3270/6522/3524 4539/6524/4720 2653/3685/2888
f 3270/4564/3524 3271/4563/3525 4539/6525/4720
f 3270/6522/3524 2653/3685/2888 634/880/704
f 1029/1460/1156 382/548/433 4540/6526/4721
f 1029/1460/1156 4540/6526/4721 3341/4657/3597
f 3343/4659/3599 3344/4660/3600 4912/6527/4722
f 3343/4659/3599 4596/6528/4723 1376/1916/1534
f 3343/4659/3599 4912/6527/4722 4541/6529/4724
f 3343/4659/3599 4541/6529/4724 4596/6528/4723
f 4542/6530/4725 4371/6531/4572 4543/6532/4726
f 4542/6530/4725 659/6533/729 5137/6534/4727
f 4542/6530/4725 4543/6532/4726 659/6533/729
f 4542/6530/4725 5137/6534/4727 4942/6535/4728
f 4542/6530/4725 4942/6535/4728 4371/6531/4572
f 2007/2784/2215 4133/5856/4341 2009/2786/2217
f 2257/3137/2485 3843/5416/4092 2957/4112/3216
f 4544/6536/4729 4545/6537/4730 4547/6538/4731
f 4544/6539/4729 4774/6540/4732 4546/6541/4733
f 4544/6539/4729 4547/6542/4731 4774/6540/4732
f 4544/6536/4729 2980/6543/3238 4545/6537/4730
f 4544/6539/4729 4546/6541/4733 2980/4154/3238
f 3357/4682/3614 1781/2476/1983 3954/5582/4189
f 3357/4682/3614 3359/4684/3616 1782/2477/1984
f 3357/4682/3614 1782/2477/1984 1781/2476/1983
f 3357/4682/3614 3954/5582/4189 3358/4683/3615
f 1793/2489/1996 2689/3745/2929 690/955/765
f 1793/2489/1996 4368/6238/4570 2690/3746/2930
f 1793/2489/1996 2690/3746/2930 2689/3745/2929
f 4024/6544/4252 4548/6545/3625 4025/6546/1206
f 4203/5956/4409 2476/3420/2702 4549/6547/4734
f 4203/5956/4409 4549/6547/4734 2415/3338/2643
f 4203/5956/4409 1021/1448/1147 2476/3420/2702
f 3604/5056/3857 4550/6548/3859 4551/6549/4735
f 3604/5056/3857 4552/6550/4736 4553/6551/4737
f 3604/5056/3857 4551/6549/4735 4552/6550/4736
f 3604/5056/3857 4553/6551/4737 3605/5057/3858
f 4205/5959/4411 3733/5246/3986 2422/3349/2650
f 4205/5959/4411 2422/3349/2650 4554/6552/4738
f 4205/5959/4411 4554/6552/4738 4555/6553/4739
f 4205/5959/4411 4555/6553/4739 4206/5960/4412
f 2366/3266/2590 3455/4814/3712 1960/2717/2166
f 2432/3359/2660 1543/2178/1731 1547/2182/1735
f 2432/3359/2660 2493/3454/2720 1543/2178/1731
f 2432/3359/2660 2434/3361/2662 2493/3454/2720
f 2437/3367/2666 1551/2186/1739 1553/2188/1741
f 2437/3367/2666 2802/3907/3049 1551/2186/1739
f 2437/3367/2666 2439/3369/2668 2802/3907/3049
f 4556/6554/4740 1155/1628/1299 4560/1633/1301
f 4556/6554/4740 4557/6555/4741 4558/6556/4742
f 4556/6557/4740 4559/6558/4166 4557/6559/4741
f 4556/6557/4740 4560/6560/1301 4559/6558/4166
f 4556/6554/4740 4558/6556/4742 1155/1628/1299
f 4500/6468/4684 1831/2550/2035 4069/5769/4287
f 4500/6468/4684 4561/6561/4743 1831/2550/2035
f 4500/6468/4684 4069/5769/4287 4213/5972/4416
f 4500/6468/4684 4501/6469/4685 4561/6561/4743
f 3853/5430/4101 3319/4622/3574 4562/6562/4744
f 3853/5430/4101 4562/6562/4744 3854/5431/4102
f 3853/5430/4101 3855/5432/4103 3319/4622/3574
f 4239/6563/3889 4563/6564/4745 4237/5600/4200
f 4239/6565/3889 3633/6566/3887 4960/6567/4746
f 4239/5106/3889 4564/6568/4747 3636/5107/3890
f 4239/5106/3889 4478/6419/4439 4565/6569/4748
f 4239/5106/3889 4565/6569/4748 4564/6568/4747
f 4239/6563/3889 4960/6570/4746 4563/6564/4745
f 1412/1965/1577 4566/6571/4749 4567/6572/4750
f 1412/1965/1577 4567/6572/4750 3386/4730/3644
f 1412/1965/1577 4177/5916/4384 2823/3932/3072
f 1412/1965/1577 1414/1968/1578 4566/6571/4749
f 2826/3938/3077 5149/3946/3081 4568/6573/4538
f 2826/6574/3077 4568/6176/4538 4331/6175/3078
f 1854/2587/2061 4569/6575/4751 4570/6576/4752
f 1854/2587/2061 26/42/28 4569/6575/4751
f 1854/2587/2061 4570/6576/4752 3784/5326/4039
f 2989/4165/3248 1696/2367/1893 2990/4166/3249
f 2989/4165/3248 1697/2368/1894 1696/2367/1893
f 1859/2592/2066 4227/5993/4432 420/598/477
f 1859/2592/2066 420/598/477 1860/2593/2067
f 3303/4605/3558 4081/136/97 1866/2599/2073
f 3303/4605/3558 4128/5851/4336 4081/136/97
f 4571/6577/4753 4572/6578/4754 5236/6579/1420
f 4571/6577/4753 2902/4040/3158 4573/6580/4755
f 4571/6577/4753 5236/6579/1420 2903/4041/3159
f 4571/6577/4753 4573/6580/4755 4572/6578/4754
f 4571/6577/4753 2903/4041/3159 2902/4040/3158
f 132/203/152 5129/205/154 3408/4753/3664
f 864/1225/970 866/1227/972 4233/6000/4437
f 864/1225/970 4233/6000/4437 1616/2280/1810
f 868/1229/974 3992/5631/4225 2856/3980/3108
f 868/1229/974 870/1231/976 3706/5209/3960
f 868/1229/974 2856/3980/3108 869/1230/975
f 868/1229/974 3706/5209/3960 3992/5631/4225
f 3414/4760/3671 1026/1455/1153 1025/1454/1152
f 3414/4760/3671 1025/1454/1152 3846/5422/4094
f 2778/3875/3021 5027/3877/3023 5029/4062/3173
f 2778/3875/3021 2915/4061/3172 682/946/756
f 2556/3554/2791 2558/3556/2793 4710/6581/4756
f 2556/3554/2791 4710/6581/4756 966/1374/1087
f 2556/3554/2791 966/1374/1087 2809/3914/3056
f 3422/4771/3679 3424/4773/3681 4400/6283/4594
f 3422/4771/3679 3194/4462/3443 3423/4772/3680
f 3422/4771/3679 4400/6283/4594 3194/4462/3443
f 2277/3160/2505 126/197/146 4997/6582/4757
f 2277/3160/2505 4997/6582/4757 2746/3827/2988
f 2277/3160/2505 129/198/149 126/197/146
f 4563/6564/4745 4958/6583/4758 3967/5601/4201
f 4563/6564/4745 3967/5601/4201 4237/5600/4200
f 4563/6564/4745 4960/6570/4746 4958/6583/4758
f 4574/6584/4759 3332/6585/2045 4736/6586/4760
f 4574/6587/4759 494/684/552 492/682/550
f 4574/6587/4759 2875/4006/3131 3332/4642/2045
f 4574/6587/4759 492/682/550 2875/4006/3131
f 4574/6587/4759 4736/6588/4760 494/684/552
f 2878/4009/3134 4569/6575/4751 2879/4010/3135
f 2878/4009/3134 4145/5873/4352 4575/6589/4761
f 2878/4009/3134 4575/6589/4761 4569/6575/4751
f 2878/4009/3134 1743/2433/1942 4145/5873/4352
f 3879/5473/4126 4576/6590/4762 3881/5477/4127
f 3879/5473/4126 1771/2464/1971 4576/6590/4762
f 1929/2673/2135 1932/2676/2138 2940/4093/3200
f 1936/2683/2142 3444/4794/3702 1937/2684/2143
f 1936/2683/2142 2589/3591/2825 3444/4794/3702
f 1939/2688/2146 1942/2691/2149 3446/4796/3704
f 1939/2688/2146 3277/4570/3531 1940/2689/2147
f 1653/2318/1847 1654/2319/1848 1020/1447/1146
f 1653/2318/1847 1020/1447/1146 4253/6035/4456
f 2362/3262/2587 4577/6591/4763 3168/4428/3416
f 2362/3262/2587 461/642/519 4497/6460/4679
f 2362/3262/2587 4497/6460/4679 4577/6591/4763
f 4578/6592/4764 4579/6593/3740 4580/6594/4765
f 4578/6592/4764 4580/6594/4765 2538/3533/2773
f 4578/6592/4764 863/1224/969 667/918/736
f 4578/6592/4764 667/918/736 4579/6593/3740
f 4578/6592/4764 2538/3533/2773 863/1224/969
f 3456/4815/3713 1712/2384/1910 4581/6595/4766
f 3456/4815/3713 4581/6595/4766 4398/6280/4593
f 3456/4815/3713 4397/6279/4592 3457/4816/3714
f 3456/4815/3713 4398/6280/4593 4397/6279/4592
f 2380/3284/2605 2382/3286/2607 1894/2636/14
f 1054/1486/1180 4338/6190/4543 4027/5690/4253
f 1054/1486/1180 1057/1489/1183 4338/6190/4543
f 4583/1494/1188 887/2145/994 1062/1495/1189
f 4583/1494/1188 1060/1492/1186 4582/6596/4767
f 4583/6597/1188 4582/6598/4767 887/1252/994
f 1074/1508/1202 1998/2766/2203 4536/6519/4718
f 1074/1508/1202 4536/6519/4718 1075/1509/1203
f 4584/5982/4423 4586/6599/4768 4220/5983/4424
f 4584/6600/4423 4585/6601/4769 4586/6602/4768
f 4584/6603/4423 4587/3801/2965 4585/6604/4769
f 4584/6605/4423 4954/6606/3725 4587/6607/2965
f 1085/1521/1215 3434/4784/3692 1086/1522/1216
f 1085/1521/1215 1087/1523/1217 3434/4784/3692
f 2574/3575/2809 4588/6608/4770 4411/6304/4604
f 2574/3575/2809 4936/6300/4602 2575/3576/2810
f 2574/3575/2809 4411/6304/4604 4936/6300/4602
f 2574/3575/2809 2579/3580/2814 4588/6608/4770
f 4590/6609/4771 2235/6610/2457 4668/6611/4256
f 4590/6612/4771 2237/3102/2458 2235/3101/2457
f 4590/6613/4771 3352/6614/3608 4589/6615/4772
f 4590/6616/4771 4668/5698/4256 3352/4669/3608
f 4590/6617/4771 4591/6618/4773 2237/6619/2458
f 4590/6613/4771 4589/6615/4772 4591/6620/4773
f 1104/1545/1236 2943/4096/3203 1105/1546/1237
f 1104/1545/1236 2944/4097/3204 2943/4096/3203
f 1104/1545/1236 518/711/579 2944/4097/3204
f 1104/1545/1236 1106/1547/1238 518/711/579
f 3883/5479/4128 3885/5482/4129 4549/6547/4734
f 3883/5479/4128 4549/6547/4734 3949/3419/2701
f 1729/2413/1925 3889/5487/4132 4592/6621/4774
f 1729/2413/1925 4592/6621/4774 1728/2414/1926
f 1321/1850/1480 3451/4807/3709 4107/5819/4321
f 947/1343/1062 949/1345/1064 1117/1566/1253
f 947/1343/1062 1121/1570/1257 948/1344/1063
f 1962/2719/2168 4424/6320/4614 3487/4869/3747
f 1962/2719/2168 3487/4869/3747 1963/2720/2169
f 1406/1954/1566 108/169/126 4509/6484/4690
f 1406/1954/1566 4509/6484/4690 4593/6622/4775
f 1406/1954/1566 5125/1956/1568 108/169/126
f 1406/1954/1566 4593/6622/4775 1407/1955/1567
f 4041/5718/4266 2500/3464/2725 4042/5719/4267
f 4041/5718/4266 4044/5721/84 4426/6322/4616
f 4594/6623/4776 4595/6624/4777 2869/3993/3121
f 4594/6623/4776 2905/4046/3162 4596/6625/4723
f 4594/6623/4776 4596/6625/4723 4595/6624/4777
f 4594/6623/4776 2907/4047/3163 2905/4046/3162
f 4594/6623/4776 2869/3993/3121 2867/3991/3119
f 4594/6623/4776 2867/3991/3119 2907/4047/3163
f 4215/5976/4418 5086/6626/4778 4216/5977/4419
f 4215/5976/4418 1146/1617/1290 5086/6626/4778
f 1843/2569/2051 1846/2574/2054 4597/6627/4779
f 1843/2569/2051 1157/1632/1302 1844/2570/2052
f 1843/2569/2051 4597/6627/4779 1157/1632/1302
f 4598/6628/741 959/6629/1079 668/933/742
f 4598/6630/741 1853/1368/1081 959/1367/1079
f 1164/1645/1313 3749/5276/4003 3748/5275/4002
f 1164/1645/1313 1166/1647/1315 3749/5276/4003
f 1164/1645/1313 4200/5951/4405 1165/1646/1314
f 1164/1645/1313 3748/5275/4002 4200/5951/4405
f 4224/5990/4429 4225/5991/4430 356/507/401
f 4224/5990/4429 356/507/401 358/509/403
f 4224/5990/4429 358/509/403 2378/3280/2602
f 4599/6631/4780 4146/5875/4354 4600/6632/4781
f 4599/6631/4780 340/489/383 4433/6336/4621
f 4599/6631/4780 1176/1658/1324 340/489/383
f 4599/6631/4780 4600/6632/4781 1176/1658/1324
f 4599/6631/4780 4433/6336/4621 4146/5875/4354
f 4602/6633/4623 2626/6634/2862 4601/6635/4782
f 4602/6636/4623 4601/6637/4782 5250/6638/390
f 4602/6338/4623 5250/496/390 346/495/389
f 4602/6338/4623 2628/6339/2864 2626/6639/2862
f 1432/2004/1600 1185/1676/1335 1183/1674/1333
f 612/852/684 3950/4004/3129 2874/4003/3128
f 623/867/689 1199/1691/1349 4603/6640/4783
f 623/860/689 4603/6641/4783 619/861/690
f 1204/1693/1351 5091/6642/4784 1201/1694/1352
f 1204/1693/1351 3978/5613/4209 4604/6643/2623
f 1204/1693/1351 4604/6643/2623 5091/6642/4784
f 1204/1693/1351 4452/6644/1354 3978/5613/4209
f 4605/6645/3459 4606/6646/3463 3336/6647/3590
f 1216/1725/1367 35/51/37 3538/4958/3797
f 1216/1725/1367 4276/6068/4478 35/51/37
f 1216/1725/1367 3538/4958/3797 1217/1726/1368
f 3542/4963/3802 4607/6648/4785 4325/6168/4533
f 3542/4963/3802 3541/4962/3801 4607/6648/4785
f 2123/2936/2337 4608/6649/4786 2124/2937/2338
f 2123/2936/2337 4431/6334/4619 4608/6649/4786
f 1238/580/459 2259/3140/1390 406/581/460
f 1238/1755/459 405/6650/458 1239/1756/1392
f 1537/2168/1724 4609/6651/4787 4610/6652/4788
f 1537/2168/1724 1539/2172/1727 4070/5771/4288
f 1537/2168/1724 4610/6652/4788 5153/2169/1725
f 1537/2168/1724 4070/5771/4288 4609/6651/4787
f 2263/3144/2489 3028/4227/3283 4366/6235/4568
f 1790/2485/1992 3029/4228/3284 2686/3741/2925
f 1790/2485/1992 4611/6653/4789 4612/6654/4790
f 1790/2485/1992 4612/6654/4790 4613/6655/4791
f 1790/2485/1992 4613/6655/4791 1791/2486/1993
f 1790/2485/1992 2686/3741/2925 4611/6653/4789
f 4367/6236/4569 1254/1776/1407 1257/1779/1410
f 4367/6236/4569 3647/5135/3903 2268/3149/2494
f 4367/6236/4569 2268/3149/2494 1254/1776/1407
f 1261/1783/1413 1979/2745/572 1262/1784/1414
f 1261/1783/1413 1264/1786/1416 1980/2746/2184
f 1261/1783/1413 1980/2746/2184 1979/2745/572
f 4614/6656/4792 521/714/582 4005/5652/4236
f 4614/6656/4792 5083/715/583 521/714/582
f 4614/6656/4792 4004/5651/4235 5083/715/583
f 4614/6656/4792 4005/5652/4236 4004/5651/4235
f 1272/1798/1428 3442/4792/3700 2591/3593/2826
f 1272/1798/1428 1271/1797/1427 3442/4792/3700
f 1272/1798/1428 905/1284/1020 904/1283/1019
f 1272/1798/1428 2591/3593/2826 905/1284/1020
f 1153/1625/1297 4615/3488/2740 1154/1626/1298
f 1153/1629/1297 1155/1628/1299 4558/6556/4742
f 1153/1629/1297 4877/6657/4793 4615/6658/2740
f 1153/1629/1297 4558/6556/4742 4877/6657/4793
f 4091/5802/4307 4616/6659/4794 1881/2619/2089
f 4091/5802/4307 5249/5000/3825 4817/6660/4795
f 4091/5802/4307 1881/2619/2089 1284/1810/1440
f 4091/5802/4307 3571/5001/3826 5249/5000/3825
f 4091/5802/4307 4817/6660/4795 4616/6659/4794
f 248/372/284 1288/1814/1444 4617/6661/4796
f 248/372/284 4617/6661/4796 4537/6521/4719
f 465/647/523 4618/6662/4797 1673/2341/1868
f 465/647/523 468/651/526 4618/6662/4797
f 3674/5168/3929 4102/5814/4316 115/181/135
f 3674/5168/3929 3675/5169/3930 4101/5813/4315
f 1301/1829/1459 122/188/142 1302/1830/1460
f 3578/5013/3834 2948/4102/3209 2951/4105/1467
f 3578/5013/3834 3193/4461/3442 2948/4102/3209
f 3578/5013/3834 2951/4105/1467 1308/5014/1466
f 3578/5013/3834 3580/5016/3836 3193/4461/3442
f 2026/2805/2232 4420/6313/4612 2027/2806/2233
f 2026/2805/2232 2029/2808/2235 4420/6313/4612
f 182/280/213 3991/5630/4224 183/281/214
f 182/280/213 188/288/218 2623/3638/2859
f 182/280/213 2324/3216/2553 3991/5630/4224
f 1702/2374/1900 2999/4179/3258 1706/2378/1904
f 889/1257/998 891/1260/1001 1334/1863/1493
f 1150/1621/1293 3998/6663/4230 3997/5638/4229
f 1150/1621/1293 3997/5638/4229 1151/1623/1295
f 1150/1621/1293 5258/4726/3641 3998/6663/4230
f 4619/6664/4798 4477/6665/4661 4620/6666/4799
f 4619/6667/4798 4620/6668/4799 4621/6669/4800
f 4619/6664/4798 4621/6670/4800 4702/6671/4801
f 4619/6664/4798 4702/6671/4801 1348/1882/1506
f 4619/6664/4798 1347/1881/1505 4477/6665/4661
f 4619/6664/4798 1348/1882/1506 1347/1881/1505
f 4622/6672/4802 3090/4305/3346 1353/1887/1511
f 4622/6672/4802 3091/4306/3347 3090/4305/3346
f 4622/6672/4802 3907/5510/4148 3091/4306/3347
f 4622/6672/4802 1353/1887/1511 1352/1886/1510
f 4622/6672/4802 1352/1886/1510 3909/5512/4150
f 4622/6672/4802 3909/5512/4150 3907/5510/4148
f 3448/4575/3535 2222/3082/2442 4623/6673/4803
f 3448/4575/3535 4623/6673/4803 4624/6674/3032
f 3448/4575/3535 700/975/778 2222/3082/2442
f 4625/673/541 487/677/545 2827/3941/3079
f 4625/6675/541 4626/6676/4804 1968/2726/542
f 4625/673/541 5253/3948/3076 4626/6677/4804
f 3495/4889/3754 4918/4888/3755 5274/6678/2732
f 3495/4886/3754 2931/4080/3191 2930/4079/3190
f 3495/4886/3754 4308/5872/4351 2931/4080/3191
f 2230/3095/2451 2715/3792/2958 2713/3790/2956
f 4627/6679/730 3401/4746/1710 5069/6680/4805
f 4627/6679/730 5069/6680/4805 3726/6681/3980
f 4628/6682/4693 4629/6683/4806 2118/2932/2332
f 4628/6682/4693 3900/5504/4144 4629/6683/4806
f 4628/6485/4693 4630/6684/4807 3900/5502/4144
f 4628/6485/4693 4275/6067/4477 4630/6684/4807
f 224/6685/256 5265/6686/4474 4631/6687/4808
f 224/335/256 5176/6688/4809 225/336/257
f 224/6685/256 4631/6687/4808 5176/6689/4809
f 334/483/377 4632/6690/4810 4633/6691/4811
f 334/483/377 4634/6692/4812 4632/6690/4810
f 334/483/377 4633/6691/4811 3287/4586/3541
f 334/483/377 335/484/378 4634/6692/4812
f 4153/5885/4360 3310/4612/3565 4635/6693/4813
f 4153/5885/4360 3311/4613/3566 3310/4612/3565
f 4153/5885/4360 4635/6693/4813 3116/4335/3373
f 4459/6694/4644 3815/6695/4065 4636/6696/4814
f 4459/6694/4644 4636/6696/4814 5243/6697/4815
f 4459/6698/4644 242/6699/280 245/6700/281
f 4459/6694/4644 5243/6697/4815 4637/6701/4645
f 4459/6694/4644 245/368/281 3815/6695/4065
f 2144/2966/2362 4638/6702/1000 4156/5888/4363
f 2144/2964/2362 891/1260/1001 4638/1259/1000
f 2144/2964/2362 1334/1863/1493 891/1260/1001
f 2144/2964/2362 1337/1866/1496 1334/1863/1493
f 2144/2964/2362 3712/5217/3965 1337/1866/1496
f 3848/4559/3521 3269/4561/3523 4639/6703/4096
f 3848/4559/3521 464/646/522 3268/4560/3522
f 2782/3880/3026 2153/2980/2368 3363/4688/3620
f 2782/3880/3026 769/1083/858 2153/2980/2368
f 2782/3880/3026 3363/4688/3620 3320/4623/3575
f 3769/5306/4025 4530/6511/4712 604/838/673
f 3769/5306/4025 4640/6704/4816 4530/6511/4712
f 3769/5306/4025 604/838/673 2158/2985/2373
f 3769/5306/4025 3653/5141/3908 4640/6704/4816
f 2668/3705/2904 3327/4631/3582 4641/6705/1239
f 4642/4636/3585 147/236/173 3330/4637/3586
f 4642/4636/3585 148/237/174 147/236/173
f 4642/6706/3585 3331/1554/1244 4643/6077/4481
f 4642/4636/3585 4643/6707/4481 148/237/174
f 2576/3577/2811 4644/6708/4817 2577/3578/2812
f 2576/3577/2811 4281/6709/4483 4644/6708/4817
f 1160/1637/1306 1162/1640/1309 412/588/467
f 1160/1637/1306 2983/4157/3241 5244/1638/1307
f 4646/6710/4818 5161/6711/4663 5245/6712/4819
f 4646/6713/4818 4645/6714/1978 5161/6715/4663
f 4646/6716/4818 5245/6717/4819 4647/6718/4820
f 4646/6719/4818 5208/6720/4821 4645/6721/1978
f 4646/6722/4818 4647/6723/4820 5208/6724/4821
f 2793/3894/3040 4648/6725/4822 942/1338/1057
f 2793/3894/3040 2796/3897/3043 801/1136/899
f 2793/3894/3040 801/1136/899 4648/6725/4822
f 4443/6355/4632 3678/5172/3933 4649/6726/4823
f 4443/6355/4632 4649/6726/4823 2488/3449/2715
f 4443/6355/4632 2311/3203/2540 3678/5172/3933
f 816/1151/914 1899/2641/2103 4650/6727/4824
f 816/1151/914 4650/6727/4824 817/1152/915
f 821/1156/916 1525/2154/1715 822/1157/916
f 4132/5855/4340 2957/4112/3216 3843/5416/4092
f 4132/5855/4340 574/787/638 3159/4408/3408
f 4132/5855/4340 3159/4408/3408 3161/4410/3410
f 4132/5855/4340 3843/5416/4092 3844/5417/4093
f 4132/5855/4340 575/788/639 574/787/638
f 4132/5855/4340 3844/5417/4093 575/788/639
f 4652/6728/2208 4545/6729/4730 4651/6730/2209
f 4652/6731/2208 5133/831/667 4547/6538/4731
f 4652/6731/2208 795/5256/892 5133/831/667
f 4652/6731/2208 4547/6538/4731 4545/6537/4730
f 4653/6732/4825 2206/3065/2429 3953/5581/4188
f 4653/6732/4825 3953/5581/4188 2728/3808/2969
f 4653/6732/4825 2727/3807/472 2207/3066/471
f 4653/6732/4825 2728/3808/2969 2727/3807/472
f 4653/6732/4825 2207/3066/471 2206/3065/2429
f 2213/3073/2434 4393/6273/4588 2732/3812/2973
f 3320/4623/3575 2736/3816/2977 3321/4624/3576
f 3320/4623/3575 2737/3817/2978 2736/3816/2977
f 3320/4623/3575 3363/4688/3620 2737/3817/2978
f 4391/6271/4586 3324/4627/3579 3325/4628/3580
f 4391/6271/4586 4654/6733/4826 4655/6734/4827
f 4391/6271/4586 4655/6734/4827 4392/6272/4587
f 4391/6271/4586 3325/4628/3580 4654/6733/4826
f 4656/6735/4828 5178/6736/4829 1441/1208/956
f 4656/6737/4828 4657/2011/1607 2051/2835/2257
f 4656/6735/4828 2051/6738/2257 5178/6736/4829
f 4656/6735/4828 1441/1208/956 4657/6739/1607
f 4658/6740/4830 360/513/407 3676/5170/3931
f 4658/6740/4830 2847/3971/3099 3484/4860/3741
f 4658/6740/4830 3676/5170/3931 4659/6741/4831
f 4658/6740/4830 3484/4860/3741 665/917/735
f 4658/6740/4830 665/917/735 360/513/407
f 4658/6740/4830 4659/6741/4831 2847/3971/3099
f 2367/3267/2591 2368/3268/2592 4161/5898/4369
f 4660/6742/4832 1964/2721/2170 4072/5773/4290
f 4660/6742/4832 4072/5773/4290 4076/5777/4294
f 4660/6742/4832 4661/6743/4833 1041/1473/1168
f 4660/6742/4832 1041/1473/1168 1044/1476/1171
f 4660/6742/4832 1044/1476/1171 1964/2721/2170
f 4660/6742/4832 4076/5777/4294 4661/6743/4833
f 3642/5128/3899 3389/4734/3648 3392/4737/3651
f 3642/5128/3899 4662/6744/4834 4098/5811/4313
f 3642/5128/3899 3392/4737/3651 4662/6744/4834
f 3709/6745/3962 4663/6746/1271 5235/6747/4835
f 3709/6748/3962 2145/1591/1272 4663/1590/1271
f 3709/6745/3962 5235/6747/4835 3710/6749/3963
f 4081/5782/97 1564/2204/1753 3626/5086/3877
f 4081/143/97 4019/5673/4248 390/558/443
f 4081/136/97 2530/3520/2763 1865/2598/2072
f 4081/136/97 4128/5851/4336 3403/4748/3659
f 4081/143/97 3038/4242/3298 4019/5673/4248
f 4081/143/97 3793/5336/4049 3791/5334/4047
f 4081/143/97 3791/5334/4047 3035/4239/3295
f 4081/143/97 4106/5818/4320 3793/5336/4049
f 4353/3996/3124 2870/3995/3123 5211/6750/4558
f 3595/5042/3848 759/1073/848 3774/5311/4030
f 3595/5042/3848 760/1074/849 759/1073/848
f 3595/5042/3848 3774/5311/4030 52/2061/55
f 898/1273/1012 4664/6751/4504 899/1274/1013
f 898/1273/1012 2393/3300/2618 4664/6751/4504
f 4665/4648/3591 2883/4020/3138 2882/4019/3139
f 4665/6752/3591 4944/6753/3592 4666/6754/4836
f 4665/4648/3591 4666/6755/4836 789/1119/887
f 4665/4648/3591 789/1119/887 2883/4020/3138
f 2235/3101/2457 4667/6756/4837 4668/6757/4256
f 2235/3101/2457 2239/3107/2461 4667/6756/4837
f 4149/5879/4356 4437/6343/4626 4669/6758/4838
f 4149/5879/4356 4669/6758/4838 5252/2920/2325
f 4149/5879/4356 1538/2170/1726 4437/6343/4626
f 4149/5879/4356 2670/3707/2906 1538/2170/1726
f 4149/5879/4356 3834/5403/4082 2114/2921/2326
f 645/894/715 4373/6244/730 2015/2792/2222
f 645/894/715 2015/2792/2222 3981/5620/4214
f 645/894/715 648/897/718 4373/6244/730
f 645/894/715 3981/5620/4214 646/895/716
f 82/1321/92 4670/6759/94 928/1322/1044
f 82/129/92 932/1328/1048 84/130/93
f 3649/5137/3905 1981/2747/2185 4306/6134/4513
f 3794/5337/4050 2524/3514/2757 4671/6760/4839
f 3794/5337/4050 4671/6760/4839 1365/1899/1522
f 3794/5337/4050 3796/5339/4052 2524/3514/2757
f 4672/6761/4840 3410/4756/3667 445/623/502
f 4672/6761/4840 444/622/501 2795/3896/3042
f 4672/6761/4840 2794/3895/3041 3410/4756/3667
f 4672/6761/4840 445/623/502 444/622/501
f 4672/6761/4840 2795/3896/3042 2794/3895/3041
f 2855/3979/3107 3735/5248/3988 871/1232/977
f 2855/3979/3107 871/1232/977 869/1230/975
f 2855/3979/3107 951/1347/1066 3735/5248/3988
f 2855/3979/3107 952/1348/1067 951/1347/1066
f 583/806/14 4163/5900/4371 2037/2816/2243
f 583/806/14 1545/2180/1733 584/807/649
f 583/806/14 2037/2816/2243 1545/2180/1733
f 3630/5096/3884 4673/6762/4841 4309/6139/4516
f 3630/5100/3884 3629/5095/3883 4674/6763/4116
f 3630/5096/3884 4674/6764/4116 4673/6762/4841
f 964/1372/1085 4167/5904/4374 965/1373/1086
f 964/1372/1085 2043/2822/2247 4167/5904/4374
f 969/1377/1089 971/1379/1091 4675/6765/4842
f 969/1377/1089 3424/4773/3681 970/1378/1090
f 969/1377/1089 4675/6765/4842 4001/5647/4232
f 969/1377/1089 4169/5906/4376 3424/4773/3681
f 969/1377/1089 4001/5647/4232 4169/5906/4376
f 127/194/147 4676/6766/2504 5200/6767/4843
f 127/194/147 978/1387/1099 128/195/148
f 127/6768/147 129/198/149 4676/3159/2504
f 127/194/147 5200/6767/4843 978/1387/1099
f 4677/6769/4844 2053/2839/2259 2054/2840/2260
f 4677/6769/4844 4255/6770/4457 526/726/589
f 4677/6769/4844 4454/6373/4642 4255/6770/4457
f 4677/6769/4844 2054/2840/2260 4454/6373/4642
f 4677/6769/4844 3662/5156/3917 2053/2839/2259
f 4677/6769/4844 526/726/589 3662/5156/3917
f 4678/6771/4845 4313/6144/4520 4679/6772/4846
f 4678/6771/4845 3263/4551/3514 3262/4550/3513
f 4678/6771/4845 3049/4254/3305 3664/5158/3919
f 4678/6771/4845 4679/6772/4846 3049/4254/3305
f 4678/6771/4845 3664/5158/3919 3263/4551/3514
f 4678/6771/4845 3262/4550/3513 4313/6144/4520
f 3813/5370/4064 4460/3504/2745 5227/3503/2750
f 3813/6773/4064 4636/6774/4814 3815/6775/4065
f 3813/5370/4064 5227/3503/2750 4636/6776/4814
f 2065/2854/2273 2066/2856/2274 3817/5379/1120
f 2065/2854/2273 3817/5379/1120 1107/6777/1241
f 4225/5991/4430 4226/5992/4431 4280/6078/4482
f 4225/5991/4430 1110/1555/1245 356/507/401
f 4225/5991/4430 4280/6078/4482 1110/1555/1245
f 1008/1432/1134 1005/1429/1131 1749/2441/1949
f 1008/1432/1134 1749/2441/1949 1750/2442/1950
f 1008/1432/1134 4743/6778/4847 1009/1433/1135
f 1008/1432/1134 1750/2442/1950 4743/6778/4847
f 1013/1437/1139 4680/6779/4848 1014/1438/1140
f 1013/1437/1139 3823/5389/4072 4681/6780/4849
f 1013/1437/1139 4681/6780/4849 4680/6779/4848
f 1355/1889/1512 1357/1891/1514 4436/6341/4625
f 1355/1889/1512 350/501/395 4516/6495/4700
f 1355/1889/1512 4436/6341/4625 350/501/395
f 1355/1889/1512 4516/6495/4700 1356/1890/1513
f 2953/4108/3212 2417/3342/2646 2142/2961/2359
f 2953/4108/3212 1366/1900/1523 2954/4109/3213
f 2953/4108/3212 2142/2961/2359 1366/1900/1523
f 2953/4108/3212 2956/4111/3215 2417/3342/2646
f 4031/6781/4255 2648/5267/2883 4032/5266/3998
f 4031/5696/4255 5150/5699/4257 5124/6782/2884
f 4031/5696/4255 5124/6782/2884 2648/6783/2883
f 4682/6784/4493 4687/338/258 4683/6785/1656
f 4682/6786/4493 4683/6787/1656 4289/6788/4494
f 4682/6784/4493 4423/5497/4141 4687/338/258
f 1206/6789/419 5032/6790/4850 3165/6791/1356
f 1206/6789/419 5033/6792/4851 5032/6790/4850
f 4684/6793/4852 3553/4977/3811 3739/5258/3993
f 4684/6793/4852 4685/6794/4853 4139/5865/4345
f 4684/6793/4852 4139/5865/4345 3554/4978/3812
f 4684/6793/4852 4686/6795/4854 4685/6794/4853
f 4684/6793/4852 3554/4978/3812 3553/4977/3811
f 4684/6793/4852 3739/5258/3993 4686/6795/4854
f 2499/3461/435 4427/6323/4617 384/5304/436
f 4687/6796/258 1478/6797/1655 4683/6798/1656
f 4688/6799/4855 4689/6800/4856 3528/4941/3787
f 4688/6799/4855 3527/4940/3786 5076/6801/4857
f 4688/6799/4855 5076/6801/4857 3695/5191/3950
f 4688/6799/4855 3694/5190/3949 4689/6800/4856
f 4688/6799/4855 3528/4941/3787 3527/4940/3786
f 4688/6799/4855 3695/5191/3950 3694/5190/3949
f 1776/6802/1976 4690/6803/4858 4691/6804/1977
f 1776/6802/1976 4567/6572/4750 4690/6803/4858
f 1776/6802/1976 4692/6805/4859 4567/6572/4750
f 1776/2469/1976 1779/2474/1981 4692/6806/4859
f 4693/6807/4860 4697/6808/4861 4694/6809/4862
f 4693/6810/4860 4695/6811/4863 4696/6812/4864
f 4693/6810/4860 3354/6813/3611 4695/6811/4863
f 4693/6810/4860 4696/6812/4864 4697/6814/4861
f 4693/6807/4860 4694/6809/4862 3354/6815/3611
f 2987/4162/3245 3784/5326/4039 4570/6576/4752
f 2987/4162/3245 4570/6576/4752 2988/4163/3246
f 2987/4162/3245 2986/4161/3244 3784/5326/4039
f 4227/5993/4432 2994/4170/3253 421/599/478
f 4227/5993/4432 4228/5994/4433 2994/4170/3253
f 4227/5993/4432 421/599/478 420/598/477
f 426/604/483 4183/5925/4389 4184/5926/4390
f 426/604/483 4184/5926/4390 427/605/484
f 2900/4038/3156 4698/6816/4865 2838/3964/3091
f 2900/4038/3156 2838/3964/3091 2901/4039/3157
f 2900/4038/3156 2903/4041/3159 4698/6816/4865
f 4699/6817/4866 739/1038/821 4701/6466/4682
f 4699/6817/4866 4621/6669/4800 4700/6818/4867
f 4699/6819/4866 4701/6820/4682 4702/6671/4801
f 4699/6817/4866 740/1039/822 739/1038/821
f 4699/6817/4866 4702/6821/4801 4621/6669/4800
f 4699/6817/4866 4529/6510/4711 740/1039/822
f 4699/6817/4866 4700/6818/4867 4529/6510/4711
f 1514/3859/1698 3313/4615/3568 2766/3860/3008
f 1514/2130/1698 2765/3857/3007 1518/2134/1702
f 3797/5342/509 4703/6822/4868 2290/3174/2519
f 3797/5342/509 453/6823/511 4703/6822/4868
f 458/638/516 4704/6824/4869 4705/6825/4870
f 458/638/516 4396/6278/4591 4704/6824/4869
f 458/638/516 460/641/518 2549/3545/2785
f 458/638/516 4705/6825/4870 459/639/517
f 458/638/516 2549/3545/2785 4396/6278/4591
f 2779/3876/3022 4706/6826/1447 5027/3877/3023
f 2779/3876/3022 5019/1072/847 1290/6827/1448
f 2779/3876/3022 761/1075/850 5019/1072/847
f 2779/6828/3022 1290/1818/1448 4706/1817/1447
f 4707/6829/4871 2557/3555/2792 4708/6015/4441
f 4707/6829/4871 2558/3556/2793 2557/3555/2792
f 4707/6830/4871 4708/6831/4441 1198/1690/730
f 4707/6829/4871 4710/6581/4756 2558/3556/2793
f 4707/6830/4871 4709/6832/4872 4710/6833/4756
f 4707/6830/4871 1198/1690/730 4709/6832/4872
f 475/663/531 473/658/529 4711/6834/4873
f 475/663/531 4711/6834/4873 4712/6835/4874
f 475/661/531 3919/5524/4157 476/662/532
f 475/661/531 4712/6836/4874 3919/5524/4157
f 4312/6142/4519 2975/4145/3232 4713/6837/4875
f 4312/6142/4519 4713/6837/4875 4714/6838/4876
f 4312/6142/4519 4715/6839/4877 480/668/536
f 4312/6142/4519 4714/6838/4876 4715/6839/4877
f 3566/4992/3821 4716/6840/4878 613/853/685
f 3566/4992/3821 4297/6120/4502 4716/6840/4878
f 2928/4077/3188 1908/2650/2112 2929/4078/3189
f 2928/4077/3188 1909/2651/2113 1908/2650/2112
f 2928/4077/3188 2927/4076/3187 1909/2651/2113
f 691/6841/768 5082/6842/4879 692/6843/769
f 691/6294/768 1915/2657/2119 5082/6844/4879
f 691/6294/768 1919/2661/2123 1915/2657/2119
f 4717/6845/4880 1927/2670/2132 1922/2664/2126
f 4717/6845/4880 4718/6846/4881 4719/6847/4882
f 4717/6845/4880 4720/6848/4883 1927/2670/2132
f 4717/6845/4880 1922/2664/2126 4718/6846/4881
f 4717/6845/4880 4719/6847/4882 4720/6848/4883
f 4721/6849/4884 4279/6076/4480 4280/6078/4482
f 4721/6849/4884 4226/5992/4431 3932/5544/4169
f 4721/6850/4884 149/238/175 151/240/177
f 4721/6849/4884 151/6851/177 4279/6076/4480
f 4721/6849/4884 3932/5544/4169 149/6852/175
f 4721/6849/4884 4280/6078/4482 4226/5992/4431
f 3207/4473/3454 4722/6853/3457 1503/404/316
f 516/709/577 517/710/578 3447/4797/3705
f 516/709/577 3446/4796/3704 1495/2098/1675
f 516/709/577 3447/4797/3705 3446/4796/3704
f 4725/6854/4885 3175/6855/3422 5128/844/679
f 4725/6854/4885 5128/844/679 4723/6856/4886
f 4725/6854/4885 4723/6856/4886 4724/6857/4887
f 4725/6858/4885 523/720/586 3175/5198/3422
f 4725/6858/4885 4724/6859/4887 523/720/586
f 3043/4248/1851 1658/4030/730 2894/4032/3150
f 3043/4248/1851 3045/4250/3303 4726/6860/1852
f 3047/4252/3304 4727/6861/4888 4728/6862/4889
f 3047/4252/3304 1756/2449/1956 1666/2334/1861
f 3047/4252/3304 3049/4254/3305 4679/6772/4846
f 3047/4252/3304 4728/6862/4889 1756/2449/1956
f 3047/4252/3304 4679/6772/4846 4727/6861/4888
f 2296/3181/2524 4181/5923/730 2297/3182/730
f 2296/3181/2524 2298/3183/1445 2601/3606/2836
f 5266/4266/3314 2551/3550/2787 1889/6863/2097
f 558/4268/620 1292/1820/1450 3299/4601/3554
f 558/4268/620 3299/4601/3554 4517/6498/621
f 2614/3628/2850 4729/6864/4890 562/772/626
f 2614/3628/2850 562/772/626 563/773/627
f 2614/3628/2850 4105/5817/4319 4729/6864/4890
f 2614/3628/2850 2617/3632/2853 4105/5817/4319
f 2125/2938/2339 4730/6865/4891 2460/3397/2687
f 2125/2938/2339 2128/2941/2342 4730/6865/4891
f 4524/6505/4706 1531/2160/1717 4525/6506/4707
f 4524/6505/4706 2322/3214/2551 2624/3639/2860
f 4524/6505/4706 2624/3639/2860 1531/2160/1717
f 4731/6866/4892 4732/6867/4893 4733/6868/4894
f 4731/6866/4892 4734/6869/4895 4735/6870/4896
f 4731/6871/4892 4735/6872/4896 4732/6873/4893
f 4731/6866/4892 4733/6868/4894 4734/6869/4895
f 3332/2561/2045 1836/2563/2043 4216/5977/4419
f 3332/6874/2045 4216/6875/4419 4736/6876/4760
f 2339/3232/2565 4410/6303/4601 4737/6877/4897
f 2339/3232/2565 4738/6878/4898 2340/3233/2566
f 2339/3232/2565 4737/6877/4897 4738/6878/4898
f 2339/3232/2565 2338/3231/2564 4410/6303/4601
f 3167/3006/2388 3637/6879/74 2169/3007/2389
f 3167/4423/2388 4739/6880/2386 5090/4424/3414
f 2920/4068/3179 4740/6881/4899 4296/4069/3180
f 2920/4068/3179 2922/4071/3182 4449/6361/4638
f 2920/4068/3179 4449/6361/4638 4740/6881/4899
f 1499/2104/1680 5148/6882/1682 3000/4183/3260
f 1499/2104/1680 3000/4183/3260 3855/5432/4103
f 3950/4004/3129 4741/6883/4185 4755/4005/3130
f 3826/5395/4075 1473/2065/1648 3827/5396/4076
f 3826/5395/4075 3828/5397/1070 1474/2066/1649
f 3826/5395/4075 1474/2066/1649 1473/2065/1648
f 1582/2229/1773 3334/4645/3588 4742/6884/4900
f 1582/2229/1773 4742/6884/4900 1167/1643/1312
f 2654/3686/2889 4743/6885/4847 1750/2443/1950
f 2654/3686/2889 1750/2443/1950 1748/2440/1948
f 2654/3686/2889 4539/6524/4720 4743/6885/4847
f 2654/3686/2889 2653/3685/2888 4539/6524/4720
f 1752/2445/1952 2245/3117/2468 3617/5072/3868
f 1752/2445/1952 1757/2450/1957 2656/3688/2891
f 1752/2445/1952 2656/3688/2891 2245/3117/2468
f 2659/3691/2893 2250/3122/2473 2252/3124/2475
f 2659/3691/2893 3342/4658/3598 2250/3122/2473
f 1138/1601/1281 652/902/723 651/901/722
f 1138/1601/1281 1136/6886/1280 5085/3697/2899
f 658/908/728 660/910/730 2109/2911/2319
f 658/3957/728 2839/3962/3093 659/6887/729
f 1232/1747/1385 1231/1746/1384 2844/3968/3096
f 4248/6030/4450 5006/6888/4901 3944/6889/4181
f 4248/6030/4450 3944/6889/4181 4938/6890/2272
f 4248/6030/4450 4247/6029/4451 5006/6888/4901
f 4744/3731/2917 2680/3734/2919 4034/5704/4260
f 4744/6891/2917 4695/6892/4863 2678/6893/2918
f 4744/6894/2917 4696/6812/4864 4695/6811/4863
f 4744/6895/2917 4034/6896/4260 4696/6897/4864
f 3358/4683/3615 673/937/747 3241/4523/3492
f 3358/4683/3615 3952/5580/4187 673/937/747
f 3358/4683/3615 3954/5582/4189 3952/5580/4187
f 1632/2296/1826 3849/5426/4097 1633/2297/1827
f 1632/2296/1826 4244/6021/4447 3849/5426/4097
f 3902/5505/4145 844/1193/84 846/1195/943
f 3902/5505/4145 846/1195/943 4745/6898/84
f 3902/5505/4145 3904/5507/84 844/1193/84
f 3902/5505/4145 4745/6898/84 687/951/761
f 4407/969/770 3908/5511/4149 4746/6440/4669
f 4407/6899/770 4746/6900/4669 752/6901/835
f 4407/969/770 695/968/772 3908/5511/4149
f 4747/2987/2375 1/6902/2 4984/3586/2820
f 4747/6903/2375 3856/5433/2377 1/2/2
f 4046/5723/4270 409/585/464 411/587/466
f 4046/5723/4270 411/587/466 1162/1640/1309
f 4489/6446/4672 1197/1689/1348 1196/1688/1347
f 4489/6446/4672 4490/6447/4673 4748/6904/4902
f 4489/6446/4672 4748/6904/4902 1197/1689/1348
f 1202/6905/1353 1813/6906/2016 1203/1181/933
f 4462/6387/4647 2829/3949/3082 4749/6907/4903
f 4462/6387/4647 4750/6908/4904 2829/3949/3082
f 4462/6387/4647 4751/6909/4905 4463/6388/4648
f 4462/6387/4647 4749/6907/4903 4751/6909/4905
f 4462/6387/4647 4464/6389/4649 4750/6908/4904
f 255/379/291 258/382/294 1171/1653/1319
f 255/379/291 4752/6910/4906 256/380/292
f 255/379/291 4466/6391/4651 4752/6910/4906
f 255/379/291 1171/1653/1319 4466/6391/4651
f 1520/2135/1703 4259/6043/1707 4261/6046/3550
f 1520/2135/1703 4753/6911/567 4504/2136/1704
f 1520/2135/1703 4261/6046/3550 4753/6911/567
f 1564/2204/1753 1562/2201/1750 3626/5086/3877
f 4754/6912/2131 4793/6913/4907 1945/2698/2153
f 4754/2669/2131 5207/2671/2133 4793/6914/4907
f 1339/1868/1497 1342/1870/1499 4755/6915/3130
f 1339/1868/1497 4755/6915/3130 4741/5575/4185
f 1339/1868/1497 4741/5575/4185 2188/3047/2411
f 2195/3054/2418 3548/4970/3806 3686/5180/3941
f 4756/6916/69 4757/6917/4908 4758/6918/4475
f 4756/6919/69 4666/6920/4909 4757/6921/4908
f 4756/6922/69 4758/6923/4475 372/6924/422
f 1543/2178/1731 4759/6925/4910 1544/2179/1732
f 1543/2178/1731 2493/3454/2720 2491/3452/2718
f 1543/2178/1731 2491/3452/2718 4759/6925/4910
f 3259/6926/3510 3743/6927/3996 1597/2255/1790
f 3259/6926/3510 4841/6928/4911 3260/6929/3511
f 3259/6926/3510 1597/2255/1790 4841/6928/4911
f 3259/4547/3510 3261/4549/3512 3743/5262/3996
f 4761/6930/4912 4760/6931/4913 845/1194/84
f 4761/6932/4912 4762/6933/4914 4760/6934/4913
f 4761/6930/4912 74/116/84 78/122/87
f 4761/6930/4912 845/1194/84 74/116/84
f 4761/6932/4912 78/121/87 4763/6935/4915
f 4761/6932/4912 4763/6935/4915 4762/6933/4914
f 928/1322/1044 3559/4986/3814 4764/6936/4916
f 928/1322/1044 4670/6759/94 3559/4986/3814
f 928/1322/1044 4764/6936/4916 929/1323/1045
f 86/138/99 4143/5869/4348 4765/6937/2768
f 86/138/99 85/137/98 3405/4750/3661
f 86/138/99 4765/6937/2768 5259/139/100
f 86/138/99 3405/4750/3661 4143/5869/4348
f 4766/6938/4917 3416/4762/3673 4767/6939/4918
f 4766/6938/4917 4180/5921/4387 3916/5520/4155
f 4766/6938/4917 4767/6939/4918 4768/6940/4919
f 4766/6938/4917 1072/1506/1200 3416/4762/3673
f 4766/6938/4917 3916/5520/4155 1072/1506/1200
f 4766/6938/4917 4768/6940/4919 4180/5921/4387
f 2568/3569/2803 2514/3489/2741 4769/6941/4920
f 2568/3569/2803 4769/6941/4920 1734/2424/1933
f 2568/3569/2803 2517/3492/2744 2516/3491/2743
f 2568/3569/2803 2516/3491/2743 2514/3489/2741
f 2751/3832/2993 2571/3572/2806 2062/2848/2268
f 2751/3832/2993 4377/6248/4576 2752/3833/2994
f 1584/2242/117 4048/5725/14 2993/4169/3252
f 1584/2242/117 1586/2239/1779 4048/5725/14
f 4770/6942/4921 4771/6943/4922 4546/6541/4733
f 4770/6944/4921 4772/6945/4923 4773/6946/4015
f 4770/6942/4921 3631/5008/3830 4771/6943/4922
f 4770/6944/4921 4774/6947/4732 4772/6945/4923
f 4770/6942/4921 4773/5592/4015 3631/5008/3830
f 4770/6942/4921 4546/6541/4733 4774/6540/4732
f 110/176/131 4775/6948/4924 111/177/132
f 110/176/131 4288/6098/4492 4775/6948/4924
f 110/176/131 4151/5881/4358 4288/6098/4492
f 110/176/131 113/179/84 4151/5881/4358
f 3678/5172/3933 3680/5174/3935 4776/6949/4925
f 3678/5172/3933 4776/6949/4925 4649/6726/4823
f 3681/5175/3936 2313/3205/2542 2312/3204/2541
f 3681/5175/3936 3927/5534/4164 2313/3205/2542
f 3681/5175/3936 3928/5535/1098 3927/5534/4164
f 3681/5175/3936 128/200/148 3928/5535/1098
f 2131/2946/2347 719/1005/797 1774/2467/1974
f 2131/2946/2347 720/1006/798 719/1005/797
f 2131/2946/2347 1774/2467/1974 3118/4337/3374
f 4469/6406/4655 4470/6407/4656 4777/6950/4926
f 4469/6406/4655 4777/6950/4926 2438/3368/2667
f 4469/6951/4655 4580/6594/4765 3483/6952/3739
f 4469/6406/4655 2438/3368/2667 4778/6953/2355
f 4469/6951/4655 4778/2957/2355 4580/6594/4765
f 4782/6954/4927 4887/6955/4928 4937/6956/2708
f 4782/6954/4927 4779/6957/4524 4887/6955/4928
f 4782/6958/4927 1415/6959/1583 4780/6960/4929
f 4782/6954/4927 4937/6956/2708 4781/6961/4523
f 4782/6962/4927 4780/6963/4929 4779/6964/4524
f 4782/6965/4927 4781/6966/4523 1415/6967/1583
f 1039/1471/246 1042/1474/1169 4783/6968/4930
f 1039/1471/246 4783/6968/4930 3120/4346/3377
f 4716/6840/4878 616/857/686 613/853/685
f 4716/6840/4878 4297/6120/4502 4784/6969/4931
f 4716/6840/4878 2607/3617/2843 4785/6970/2842
f 4716/6840/4878 4784/6969/4931 2607/3617/2843
f 4716/6971/4878 4785/3615/2842 616/855/686
f 156/245/182 1642/2306/1836 1641/2305/1835
f 156/245/182 158/247/184 3936/5548/4173
f 156/245/182 1641/2305/1835 157/246/183
f 156/245/182 3936/5548/4173 1642/2306/1836
f 2783/3881/3027 4786/6972/4932 2784/3882/3028
f 2783/3881/3027 163/252/189 4786/6972/4932
f 2783/3881/3027 2353/3246/2579 164/253/190
f 2783/3881/3027 164/253/190 163/252/189
f 348/499/393 350/501/395 4436/6341/4625
f 348/499/393 3824/5390/4073 349/500/394
f 348/499/393 4436/6341/4625 3824/5390/4073
f 195/297/224 4402/6286/227 3195/4463/3444
f 1558/1925/1542 2773/3869/3017 4787/3873/3019
f 1558/2196/1542 4787/6973/3019 1559/2197/1747
f 1558/1925/1542 2774/3870/3018 2773/3869/3017
f 4788/6974/4933 206/6975/239 4789/6976/1666
f 4788/6977/4933 640/6978/711 643/6979/713
f 4788/6980/4933 2280/3163/2508 72/114/82
f 4788/6980/4933 643/6464/713 2280/3163/2508
f 4788/6981/4933 4789/2089/1666 640/887/711
f 4788/6980/4933 72/114/82 206/318/239
f 212/323/244 4790/6982/4934 335/484/378
f 212/323/244 215/326/247 4790/6982/4934
f 212/323/244 335/484/378 213/324/245
f 1829/2548/2033 3466/4829/3721 1830/2549/2034
f 1829/2548/2033 1831/2550/2035 4561/6561/4743
f 1829/2548/2033 4447/6359/4636 3466/4829/3721
f 1829/2548/2033 4561/6561/4743 4447/6359/4636
f 2821/3930/3071 232/351/266 231/350/265
f 2821/3930/3071 231/350/265 3899/5501/4143
f 3509/4915/3765 1076/1510/1204 240/359/274
f 4258/6041/4460 4791/6983/4935 5202/6984/4936
f 4258/6985/4460 4260/6986/4461 4791/6987/4935
f 4258/6041/4460 5202/6984/4936 1420/1988/1587
f 1289/1816/1446 4016/4597/3551 3297/4599/3552
f 1289/1816/1446 3297/4599/3552 3472/4847/3729
f 1289/1816/1446 3472/4847/3729 254/378/290
f 1289/1816/1446 1290/1818/1448 4016/4597/3551
f 418/596/475 3218/4500/3470 419/597/476
f 418/596/475 4792/6988/4937 3219/4501/3471
f 418/596/475 3219/4501/3471 3218/4500/3470
f 418/596/475 423/601/480 4792/6988/4937
f 39/56/42 38/55/41 428/606/485
f 1946/2699/2078 1945/2698/2153 4793/6913/4907
f 1946/6989/2078 4793/6990/4907 4794/6991/4938
f 1946/5196/2078 4794/6992/4938 3174/4436/3421
f 4796/6993/4939 4795/6994/1114 2534/3528/2769
f 4796/6995/4939 3439/4789/3697 3441/4791/3699
f 4796/6993/4939 4732/6873/4893 992/6996/1115
f 4796/6993/4939 992/6996/1115 4795/6994/1114
f 4796/6995/4939 3441/4791/3699 4732/6867/4893
f 4796/6995/4939 2534/3526/2769 3439/4789/3697
f 4798/4447/3428 4975/6997/4940 4974/6998/4941
f 4798/4447/3428 5072/2024/1617 784/6999/876
f 4798/4447/3428 5058/4448/3429 4797/7000/4942
f 4798/4447/3428 4797/7000/4942 5072/2024/1617
f 4798/4447/3428 4974/6998/4941 1130/4705/1266
f 4798/7001/3428 784/7002/876 4975/7003/4940
f 3963/5595/4198 4471/6409/4657 4472/6410/3744
f 3963/5595/4198 4472/6410/3744 3166/4421/3413
f 3963/5595/4198 3166/4421/3413 4799/7004/4943
f 3963/5595/4198 4799/7004/4943 5275/522/413
f 3963/5595/4198 5056/6105/4496 4471/6409/4657
f 1458/2040/1629 3182/4450/3431 4498/6462/4680
f 1458/2040/1629 4268/6054/4468 1459/2041/1630
f 1458/2040/1629 4498/6462/4680 4268/6054/4468
f 295/435/335 293/433/14 3716/5227/14
f 295/435/335 3716/5227/14 3187/4455/3436
f 708/992/787 302/443/343 2562/3560/2797
f 708/992/787 2562/3560/2797 2561/3559/2796
f 708/992/787 2561/3559/2796 3969/5604/4204
f 1990/2756/2194 3504/4909/3763 1991/2757/2195
f 3137/4372/3392 1196/1688/1347 1195/1687/1346
f 3137/4372/3392 1195/1687/1346 3138/4373/3393
f 4035/7005/4258 4800/7006/4944 4801/7007/4259
f 4035/7005/4258 4802/7008/1571 4800/7006/4944
f 4035/7009/4258 67/7010/77 66/7011/76
f 4035/7005/4258 66/7012/76 4802/7008/1571
f 4805/7013/4945 4803/7014/3063 4174/5913/4382
f 4805/7015/4945 4804/7016/4946 2816/7017/3064
f 4805/7018/4945 2816/3922/3064 4803/3921/3063
f 4805/7015/4945 4175/5914/4381 4804/7016/4946
f 4805/7013/4945 4174/5913/4382 4175/5912/4381
f 4807/7019/4947 4304/7020/4510 4806/7021/4511
f 4807/7022/4947 4042/5719/4267 4808/7023/4089
f 4807/7022/4947 4806/6132/4511 4042/5719/4267
f 4807/7019/4947 4808/5413/4089 3840/5412/4088
f 4807/7019/4947 3840/5412/4088 4304/7020/4510
f 2891/4028/3147 4809/7024/4948 2892/4029/3148
f 2891/4028/3147 2294/3836/2523 2753/3835/2995
f 2891/4028/3147 2753/3835/2995 4809/7024/4948
f 1941/2690/2148 4810/7025/4949 4811/7026/4950
f 1941/2690/2148 4811/7026/4950 1942/2691/2149
f 1941/2690/2148 1944/2693/2151 345/494/388
f 1941/2690/2148 345/494/388 4810/7025/4949
f 2220/3080/2440 3823/5389/4072 1184/1675/1334
f 2220/3080/2440 4681/6780/4849 3823/5389/4072
f 2220/3080/2440 701/976/779 698/972/775
f 2220/3080/2440 698/972/775 4681/6780/4849
f 4814/5918/4386 4180/5921/4387 4812/7027/4951
f 4814/5918/4386 4813/7028/2013 1809/7029/2012
f 4814/5918/4386 4812/7027/4951 4813/7028/2013
f 4814/7030/4386 1809/2517/2012 4178/3890/3036
f 367/7031/415 225/7032/257 3530/7033/3790
f 367/7031/415 227/7034/260 225/7032/257
f 2702/3775/2944 1251/1771/1404 1252/1774/1405
f 2702/3775/2944 1856/2589/2063 1251/1771/1404
f 3785/5327/4040 3786/5329/4042 4008/5656/4239
f 3785/5327/4040 4815/7035/4952 1271/1797/1427
f 3785/5327/4040 4008/5656/4239 4815/7035/4952
f 728/1018/808 5151/7036/4953 2254/3126/2477
f 728/1018/808 730/1020/810 5151/7036/4953
f 3572/5004/3828 659/909/729 2962/4123/3222
f 4588/6608/4770 4734/6869/4895 4411/6304/4604
f 4588/6608/4770 4735/6870/4896 4734/6869/4895
f 4588/6608/4770 2579/3580/2814 4735/6870/4896
f 1845/2572/2053 5006/6888/4901 1846/2573/2054
f 1845/2572/2053 3067/4280/3322 5006/6888/4901
f 1845/2572/2053 1848/2576/2056 3067/4280/3322
f 2678/3732/2918 4695/7037/4863 3354/4678/3611
f 1781/2476/1983 1784/2479/1986 3955/5583/4190
f 1781/2476/1983 3955/5583/4190 3954/5582/4189
f 2153/2980/2368 3362/4687/3619 3363/4688/3620
f 2153/2980/2368 1255/1777/1408 3362/4687/3619
f 4019/5673/4248 4021/5676/4250 390/558/443
f 775/1090/864 777/1094/867 2667/3704/2903
f 775/1090/864 432/4244/489 5043/1091/865
f 1129/1581/1265 1128/1580/1264 4223/6332/4427
f 1129/1581/1265 4816/7038/4954 3180/4707/3427
f 1129/1581/1265 3180/4707/3427 1130/1582/1266
f 1129/1581/1265 4223/6332/4427 4816/7038/4954
f 4703/6822/4868 3053/4259/3310 2290/3174/2519
f 4703/6822/4868 3054/4260/3311 3053/4259/3310
f 4703/6822/4868 4817/7039/4795 3054/4260/3311
f 4703/6822/4868 453/6823/511 4817/7039/4795
f 4818/7040/730 4432/7041/4620 2754/3837/2996
f 4818/7040/730 713/997/730 4819/7042/730
f 4818/7040/730 4181/5923/730 713/997/730
f 4818/7040/730 4819/7042/730 4432/7041/4620
f 4818/7040/730 2297/3182/730 4181/5923/730
f 4818/7040/730 2754/3837/2996 2297/3182/730
f 4821/7043/2997 5173/7044/4955 4820/7045/4956
f 4821/7046/2997 4823/5220/3967 2755/3846/2998
f 4821/7043/2997 4822/7047/3001 5173/7044/4955
f 4821/7043/2997 4820/7045/4956 4823/7048/3967
f 2306/3198/2535 4824/7049/4957 1297/1825/1455
f 2306/3198/2535 1297/1825/1455 1293/1821/1451
f 2306/3198/2535 4206/5960/4412 4824/7049/4957
f 2306/3198/2535 2308/3200/2537 4206/5960/4412
f 3061/4272/3317 4825/7050/4958 4826/7051/4959
f 3061/4272/3317 1304/1832/1462 4825/7050/4958
f 3061/4272/3317 4827/7052/4960 3062/4273/3318
f 3061/4272/3317 4826/7051/4959 4827/7052/4960
f 3305/4607/3560 3968/5603/4203 4828/7053/4961
f 3305/4607/3560 4829/7054/4962 566/776/630
f 3305/4607/3560 4828/7053/4961 4829/7054/4962
f 2524/3514/2757 2526/3516/2759 3307/4609/3562
f 2524/3514/2757 1172/1654/1320 1173/1655/1321
f 2524/3514/2757 3307/4609/3562 4671/6760/4839
f 2524/3514/2757 3796/5339/4052 1172/1654/1320
f 3310/4612/3565 572/785/637 4635/6693/4813
f 1618/2282/1812 3074/4287/3329 1619/2283/1813
f 1333/1862/1492 3319/4622/3574 3855/5432/4103
f 1333/1862/1492 3855/5432/4103 1335/1864/1494
f 3247/4532/3495 3727/1930/1545 3244/7055/3496
f 3247/4532/3495 1387/1934/1547 3727/1930/1545
f 2736/3816/2977 2638/3659/2871 3321/4624/3576
f 2736/3816/2977 2735/3815/2976 2638/3659/2871
f 851/1202/950 4392/6272/4587 4830/7056/4963
f 851/1202/950 4830/7056/4963 852/1203/951
f 851/1202/950 849/1200/948 3089/4304/3345
f 851/1202/950 3697/5195/3952 4392/6272/4587
f 851/1202/950 3089/4304/3345 3697/5195/3952
f 4831/7057/4964 1869/5199/2077 523/720/586
f 4831/7057/4964 2902/4040/3158 1870/4042/2079
f 4831/7057/4964 1870/4042/2079 1869/5199/2077
f 4831/7057/4964 522/719/585 4573/6580/4755
f 4831/7057/4964 4573/6580/4755 2902/4040/3158
f 4831/7057/4964 523/720/586 522/719/585
f 4832/7058/4244 4833/7059/4965 441/619/498
f 4832/7058/4244 4834/7060/4966 4835/7061/1150
f 4832/7058/4244 440/618/497 4834/7060/4966
f 4832/7058/4244 441/619/498 440/618/497
f 4832/5666/4244 4014/5667/4245 4833/7062/4965
f 443/621/500 446/624/503 4836/7063/4967
f 443/621/500 4836/7063/4967 1763/2456/1963
f 3703/5206/3957 1036/1468/1164 3704/5207/3958
f 3703/5206/3957 3706/5209/3960 4837/7064/4968
f 3703/5206/3957 4837/7064/4968 4838/7065/4969
f 3703/5206/3957 4838/7065/4969 1036/1468/1164
f 2859/3983/3111 4839/7066/4970 4075/5776/4293
f 2859/3983/3111 4075/5776/4293 2860/3984/3112
f 2859/3983/3111 4332/6182/4539 4839/7066/4970
f 2814/3919/3061 3424/4773/3681 4169/5906/4376
f 2814/3919/3061 2385/3289/2610 4400/6283/4594
f 2814/3919/3061 4400/6283/4594 3424/4773/3681
f 4803/7014/3063 4401/6092/4488 4174/5913/4382
f 4803/3921/3063 2818/3925/3067 4401/6285/4488
f 491/681/549 2876/4007/3132 492/682/550
f 491/681/549 1075/1509/1203 4840/7067/4971
f 491/681/549 4840/7067/4971 2876/4007/3132
f 3102/4319/3360 2398/3310/2625 3103/4320/3361
f 3102/4319/3360 2399/3311/2626 2398/3310/2625
f 2402/7068/2630 4842/7069/4972 4841/7070/4911
f 2402/7071/2630 4841/6928/4911 1597/2255/1790
f 2402/3319/2630 2400/3315/2629 4842/7072/4972
f 4843/7073/4973 4844/7074/4974 2532/3522/2765
f 4843/7073/4973 4845/7075/4975 3925/5530/4162
f 4843/7073/4973 3925/5530/4162 3923/5528/4160
f 4843/7073/4973 4846/7076/4976 4845/7075/4975
f 4843/7073/4973 2532/3522/2765 4846/7076/4976
f 4843/7073/4973 3923/5528/4160 4844/7074/4974
f 608/2052/677 3177/4440/3423 1464/2053/1639
f 608/2052/677 610/4441/680 3177/4440/3423
f 4847/7077/4977 2316/3208/2545 3155/4403/3405
f 4847/7077/4977 4848/7078/4978 4553/6551/4737
f 4847/7077/4977 4849/7079/4979 2316/3208/2545
f 4847/7077/4977 4552/6550/4736 4849/7079/4979
f 4847/7077/4977 4553/6551/4737 4552/6550/4736
f 4847/7077/4977 3155/4403/3405 4848/7078/4978
f 2421/3348/2649 3733/5246/3986 3373/4703/3632
f 2421/3348/2649 2422/3349/2650 3733/5246/3986
f 3735/5248/3988 2428/3355/2656 871/1232/977
f 3735/5248/3988 3737/5250/3990 2428/3355/2656
f 1577/7080/1768 4057/7081/2254 4850/7082/4980
f 1577/7080/1768 4850/7082/4980 1578/7083/1769
f 4470/6407/4656 2803/3908/3050 2805/3910/3052
f 4470/6407/4656 2805/3910/3052 4777/6950/4926
f 4470/6407/4656 2851/3975/3103 2803/3908/3050
f 4663/1590/1271 1133/1592/1273 1911/7084/2115
f 4663/6746/1271 1911/7085/2115 5235/6747/4835
f 2445/3376/2672 3149/441/341 3151/4396/3401
f 2445/3376/2672 3151/4396/3401 1136/1599/1280
f 2445/3376/2672 2447/3378/2674 3149/441/341
f 4851/7086/3330 4852/7087/4981 4051/5728/4273
f 4851/4288/3330 3077/4292/3334 4340/6192/4544
f 4851/4288/3330 4340/6192/4544 4852/7088/4981
f 4851/4288/3330 4051/7089/4273 3075/4289/3331
f 2450/3381/2677 4853/7090/4982 3857/5435/4105
f 2450/3381/2677 3459/3385/2680 4853/7090/4982
f 4854/7091/4983 4690/6803/4858 4566/6571/4749
f 4854/7091/4983 4855/7092/4984 4690/6803/4858
f 4854/7091/4983 4566/6571/4749 4856/7093/1276
f 4854/7094/4983 1134/1594/1275 4855/7095/4984
f 4854/7094/4983 4856/1595/1276 1134/1594/1275
f 140/3754/162 3825/5392/4074 5212/1408/1116
f 140/3754/162 5212/1408/1116 5213/7096/163
f 2459/3396/2686 4857/7097/4985 4061/5754/4282
f 4146/5875/4354 3751/5278/4005 4600/6632/4781
f 4146/5875/4354 4433/6336/4621 4148/5876/4355
f 4858/7098/2693 4859/2042/1631 1460/2043/1632
f 4858/3411/2693 5110/7099/4986 2469/3412/2694
f 4858/3411/2693 2471/3414/2696 3093/4309/3350
f 4858/3411/2693 1460/7100/1632 5110/7099/4986
f 4858/7101/2693 3093/7102/3350 4859/7103/1631
f 1769/2462/1969 4860/7104/4987 856/1211/958
f 1769/2462/1969 2477/3423/2703 4860/7104/4987
f 1769/2462/1969 2478/3424/2704 2477/3423/2703
f 1769/2462/1969 1771/2464/1971 2478/3424/2704
f 1953/2707/2159 1554/2189/1742 1550/2185/1738
f 1034/1466/1162 1036/1468/1164 4838/7065/4969
f 1034/1466/1162 1959/2715/2165 1035/1467/1163
f 1034/1466/1162 4838/7065/4969 2368/3268/2592
f 1034/1466/1162 2368/3268/2592 1959/2715/2165
f 1964/2721/2170 4476/6416/4660 4072/5773/4290
f 1964/2721/2170 1963/2720/2169 4476/6416/4660
f 3029/4228/3284 1071/1505/1199 2686/3741/2925
f 4861/7105/3291 3031/5305/3290 884/1249/991
f 4861/7105/3291 884/1249/991 4862/7106/4202
f 2156/2983/2371 1262/1784/1414 1979/2745/572
f 143/230/171 145/7107/170 4999/4630/3581
f 4550/5058/3859 3603/5054/3856 1192/1684/1343
f 4550/5058/3859 5231/1682/1341 4551/7108/4735
f 4550/5058/3859 1192/1684/1343 5231/1682/1341
f 3724/5235/3978 3200/4468/3449 2391/3297/2617
f 3724/5235/3978 4405/6289/4597 2823/3932/3072
f 3724/5235/3978 4177/5916/4384 3200/4468/3449
f 3724/5235/3978 2823/3932/3072 4177/5916/4384
f 3724/5235/3978 3723/5234/3977 4405/6289/4597
f 4863/4476/3456 4864/7109/4988 4722/4477/3457
f 4863/4476/3456 3206/4479/3458 5198/3498/2749
f 4863/7110/3456 4865/7111/4989 4864/7112/4988
f 4863/7113/3456 5198/7114/2749 4865/7115/4989
f 4866/7116/4473 4867/7117/4990 4631/7118/4808
f 4866/7119/4473 4631/6687/4808 5265/6686/4474
f 4866/6062/4473 4758/6065/4475 4867/7120/4990
f 3514/4923/3771 3619/5074/3870 3515/4924/3772
f 2013/2790/2220 1862/2595/2069 1863/2596/2070
f 2013/2790/2220 2527/3517/2760 1862/2595/2069
f 2013/2790/2220 1863/2596/2070 2016/2793/2223
f 3982/5621/4215 930/1326/1046 3655/5143/3910
f 3982/5621/4215 2409/3326/2637 931/1327/1047
f 3982/5621/4215 3654/5142/3909 3657/5146/3913
f 3982/5621/4215 931/1327/1047 930/1326/1046
f 3982/5621/4215 3655/5143/3910 3654/5142/3909
f 4868/7121/2766 4869/7122/4991 4231/7123/4435
f 4868/7121/2766 4765/6937/2768 4869/7122/4991
f 4437/6343/4626 1538/2170/1726 1541/2173/1728
f 4437/6343/4626 4438/6344/4627 4669/6758/4838
f 2031/2810/2237 184/284/216 181/292/211
f 2031/2810/2237 2960/6315/3220 2032/2811/2238
f 2031/2810/2237 181/292/211 2960/6315/3220
f 1118/1567/1254 2264/3145/2490 1119/1568/1255
f 1118/1567/1254 1120/1569/1256 2202/3061/2425
f 2688/7124/2927 4162/5899/4370 201/308/233
f 2688/7124/2927 4163/5900/4371 4162/5899/4370
f 2688/7124/2927 4870/6095/4490 4163/5900/4371
f 2688/3743/2927 2691/3747/2931 4870/7125/4490
f 2688/7124/2927 201/308/233 4871/7126/2928
f 108/169/126 5125/1956/1568 5239/170/127
f 108/169/126 4872/7127/129 4509/6484/4690
f 3803/5351/4056 3860/5441/4108 3804/5352/4057
f 3803/5351/4056 4490/6447/4673 3860/5441/4108
f 3803/5351/4056 967/5353/730 4748/6904/4902
f 3803/5351/4056 4748/6904/4902 4490/6447/4673
f 4874/7128/4992 3809/7129/4059 4873/7130/886
f 4874/7128/4992 4875/7131/4061 3809/7129/4059
f 4874/7128/4992 4127/7132/1687 3765/7133/4022
f 4874/7134/4992 3765/5300/4022 4875/7135/4061
f 4874/7128/4992 4873/7130/886 4127/7132/1687
f 3468/4832/3723 3125/4354/3047 3660/5154/3916
f 3468/4831/3723 1607/2271/1801 1606/2269/1799
f 3468/4831/3723 1606/2269/1799 736/1027/816
f 2053/2839/2259 4876/7136/4993 647/896/717
f 2053/2839/2259 3662/5156/3917 4876/7136/4993
f 4615/3488/2740 4877/7137/4793 2514/3489/2741
f 4615/3488/2740 1157/1632/1302 1154/1626/1298
f 4460/7138/2745 4637/7139/4645 5009/7140/2746
f 4878/7141/4994 4879/7142/4995 4880/7143/4996
f 4878/7141/4994 4751/6909/4905 4749/6907/4903
f 4878/7141/4994 4749/6907/4903 4881/7144/4997
f 4878/7141/4994 4882/7145/4998 4751/6909/4905
f 4878/7141/4994 4881/7144/4997 4879/7142/4995
f 4878/7141/4994 4880/7143/4996 4882/7145/4998
f 257/381/293 254/378/290 2525/3515/2758
f 257/381/293 1173/1655/1321 258/382/294
f 2074/2865/2282 2832/3952/84 2075/2866/2283
f 2074/2865/2282 2077/2868/2285 3474/4849/3731
f 4250/6032/4453 1433/2005/1601 4251/6033/4454
f 4250/6032/4453 1103/1544/1235 4468/6405/4654
f 4250/6032/4453 4883/7146/4999 1433/2005/1601
f 4250/6032/4453 4468/6405/4654 4883/7146/4999
f 2470/3413/2695 697/971/774 2471/3414/2696
f 2470/3413/2695 4681/6780/4849 698/972/775
f 2470/3413/2695 698/972/775 697/971/774
f 2470/3413/2695 2472/3415/2697 4681/6780/4849
f 1190/1681/1340 1906/2648/2110 2646/3669/2880
f 4503/6471/4687 4877/6657/4793 4558/6556/4742
f 4503/6472/4687 2750/3831/2992 4884/7147/5000
f 4503/6471/4687 4884/7148/5000 4877/6657/4793
f 4503/6471/4687 4558/6556/4742 2096/2889/2304
f 4343/6198/4548 4408/7149/4598 4345/6199/4549
f 4164/2917/2323 1385/1932/1546 1389/7150/1549
f 4164/2917/2323 5145/2923/2328 3245/4530/3497
f 4164/2917/2323 3245/4530/3497 1385/1932/1546
f 4164/5901/2323 1389/1936/1549 4165/5902/4372
f 4629/6683/4806 3835/5404/4083 3836/5405/4084
f 4629/6683/4806 3836/5405/4084 2118/2932/2332
f 4629/6683/4806 3900/5504/4144 3899/5501/4143
f 4629/6683/4806 3899/5501/4143 3835/5404/4083
f 4326/6169/1376 4327/6170/4534 4885/7151/4085
f 4608/6649/4786 3113/4332/3370 2124/2937/2338
f 4608/6649/4786 2621/3636/2857 3113/4332/3370
f 4608/6649/4786 3546/4968/3804 2621/3636/2857
f 4608/6649/4786 4431/6334/4619 3546/4968/3804
f 1234/1749/1387 2669/3706/2905 2671/3708/2907
f 1234/1749/1387 1233/1748/1386 2669/3706/2905
f 1234/1749/1387 2671/3708/2907 2888/4025/3144
f 4329/6173/4537 4886/7152/5001 5079/7153/5002
f 4329/6173/4537 5079/7153/5002 745/1044/827
f 4329/6173/4537 2721/3798/2962 4886/7152/5001
f 4887/7154/4928 2481/7155/2709 4937/7156/2708
f 4887/6955/4928 4779/6957/4524 4055/7157/4278
f 4887/7158/4928 4888/7159/4277 2481/7160/2709
f 4887/7161/4928 4055/7162/4278 4888/7163/4277
f 3930/5537/4165 2634/5539/2868 4557/7164/4741
f 3930/5537/4165 4557/7164/4741 4559/5538/4166
f 766/1080/855 4336/6187/4542 3934/5546/4171
f 766/1080/855 768/1082/857 4336/6187/4542
f 766/1080/855 3934/5546/4171 767/1081/856
f 4889/7165/5003 4027/5692/4253 4338/6189/4543
f 4889/7165/5003 4020/5674/4249 3037/4241/3297
f 4889/7165/5003 4369/6239/4571 4027/5692/4253
f 4889/7165/5003 4338/6189/4543 4020/5674/4249
f 4889/7165/5003 3036/4240/3296 4369/6239/4571
f 4889/7165/5003 3037/4241/3297 3036/4240/3296
f 4890/7166/5004 4/5/4 4850/7167/4980
f 4890/7168/5004 2358/3257/2585 5089/7169/5005
f 4890/7168/5004 4850/7170/4980 4891/7171/5006
f 4890/7168/5004 4891/7171/5006 2358/3257/2585
f 4890/7168/5004 5089/7169/5005 4/7172/4
f 3442/4792/3700 4815/7035/4952 3443/4793/3701
f 3442/4792/3700 1271/1797/1427 4815/7035/4952
f 4892/7173/5007 5001/7174/5008 4893/7175/5009
f 4892/7176/5007 5251/7177/878 1448/7178/1618
f 4892/7176/5007 1448/7178/1618 1099/7179/1229
f 4892/7176/5007 1099/7179/1229 5001/7180/5008
f 4892/7176/5007 4893/7181/5009 5251/7177/878
f 788/1116/884 2651/3682/2886 2883/4020/3138
f 788/1116/884 2883/4020/3138 789/1119/887
f 2173/3019/2395 4894/7182/5010 2174/3020/2396
f 2173/3019/2395 27/43/29 25/41/27
f 2173/3019/2395 25/41/27 4894/7182/5010
f 2176/3024/2400 2178/3026/730 3539/4959/3798
f 2176/3024/2400 3539/4959/3798 3536/4956/3795
f 2176/3024/2400 3877/5469/4122 1761/2454/1961
f 2182/3030/2405 3680/5174/3935 3679/5173/3934
f 2182/3030/2405 2181/3029/2404 3680/5174/3935
f 2182/3030/2405 3679/5173/3934 887/2145/994
f 2948/4102/3209 3193/4461/3442 2949/4103/3210
f 4895/7183/5011 616/855/686 4896/7184/5012
f 4895/7183/5011 4896/7184/5012 4307/6135/4514
f 4895/7183/5011 4307/6135/4514 615/856/687
f 4895/7183/5011 615/856/687 616/855/686
f 60/4405/64 4897/7185/5013 4535/6516/4717
f 60/7186/64 4422/6317/4613 4897/7187/5013
f 60/85/64 58/82/61 4422/6316/4613
f 60/4405/64 4535/6516/4717 3157/4406/3406
f 4133/5857/4341 4388/5122/3894 3638/5120/3896
f 4133/5856/4341 3638/5884/3896 2009/2786/2217
f 4133/5857/4341 878/1243/985 4388/5122/3894
f 2684/3739/2923 4898/7188/5014 675/939/749
f 2684/3739/2923 1483/2083/1662 4286/6093/4489
f 2684/3739/2923 4286/6093/4489 4898/7188/5014
f 2684/3739/2923 1484/2084/1663 1483/2083/1662
f 840/1187/939 4899/7189/5015 2733/3813/2974
f 840/1187/939 2733/3813/2974 841/1188/940
f 840/1187/939 2820/3928/3070 4899/7189/5015
f 840/1190/939 233/352/267 232/351/266
f 456/636/515 2218/3078/84 460/640/518
f 1351/1885/1509 1350/1884/1508 2897/4035/3153
f 2359/3250/2581 4984/3586/2820 5188/3251/2582
f 2359/3250/2581 4254/6036/246 2585/3587/2821
f 4300/5953/4407 4201/5952/4406 909/1282/1018
f 4300/6126/4407 3783/5324/4038 3779/5323/4035
f 2966/4136/3225 533/736/84 1279/1805/1435
f 2966/4136/3225 1279/1805/1435 3096/4312/3353
f 2966/4136/3225 3096/4312/3353 2967/4137/3226
f 4900/7190/5016 2046/2826/2250 4901/7191/5017
f 4900/7190/5016 3293/4592/3547 2047/2827/2251
f 4900/7190/5016 4902/7192/5018 3294/4593/3548
f 4900/7190/5016 2047/2827/2251 2046/2826/2250
f 4900/7190/5016 3294/4593/3548 3293/4592/3547
f 4900/7190/5016 4901/7191/5017 4902/7192/5018
f 2829/3949/3082 4750/6908/4904 1508/2121/1689
f 2829/3949/3082 550/753/610 4749/6907/4903
f 4903/7193/5019 559/768/622 1680/2348/1875
f 4903/7193/5019 4904/7194/5020 560/769/623
f 4903/7193/5019 1679/2347/1874 4904/7194/5020
f 4903/7193/5019 560/769/623 559/768/622
f 4903/7193/5019 1680/2348/1875 1679/2347/1874
f 1685/2353/1880 1686/2354/1881 4523/6504/4705
f 1685/2353/1880 3924/5529/4161 3109/4326/3366
f 1685/2353/1880 4523/6504/4705 3924/5529/4161
f 4384/6260/4582 2566/3565/2801 568/779/632
f 4384/6260/4582 568/779/632 4829/7054/4962
f 4384/6260/4582 4829/7054/4962 3926/5533/4163
f 4384/6260/4582 2567/3566/2802 2566/3565/2801
f 2789/3888/3034 2791/3891/3037 3872/5464/4118
f 4905/7195/5021 1531/2160/1717 2624/3639/2860
f 4905/7195/5021 1532/2161/1718 1531/2160/1717
f 4905/7195/5021 2623/3638/2859 1532/2161/1718
f 4905/7195/5021 2624/3639/2860 2623/3638/2859
f 2625/3640/2861 4385/6261/4583 4906/7196/5022
f 2625/3640/2861 1705/2377/1903 4385/6261/4583
f 2625/3640/2861 4906/7196/5022 4907/7197/5023
f 2625/3640/2861 4907/7197/5023 2626/3641/2862
f 1712/2384/1910 3121/4347/3378 4581/6595/4766
f 578/800/641 4585/6604/4769 4587/3801/2965
f 578/800/641 5048/799/646 4585/6604/4769
f 578/791/641 2725/3805/2968 5126/792/642
f 3324/4627/3579 2351/3244/2577 2350/3243/2576
f 4480/6216/4559 4481/6433/4664 4354/6217/4364
f 4480/6424/4559 4908/7198/3629 3369/6425/3628
f 3504/4909/3763 4358/6223/4561 2647/3670/2881
f 3504/4909/3763 2647/3670/2881 1991/2757/2195
f 3504/4909/3763 3508/4913/3764 4358/6223/4561
f 3138/4373/3393 1195/1687/1346 622/866/572
f 3138/4373/3393 622/866/572 621/865/692
f 97/155/113 4909/7199/5024 98/156/114
f 97/155/113 4910/7200/5025 4909/7199/5024
f 97/155/113 4911/7201/698 4910/7200/5025
f 97/155/113 99/157/115 4911/7201/698
f 1589/2245/1777 1588/2244/1780 5185/2437/1946
f 1754/2447/1954 4363/6228/4565 3862/5443/4109
f 1754/2447/1954 3862/5443/4109 1755/2448/1955
f 922/2613/1040 4065/5763/4286 2765/3857/3007
f 4595/7202/4777 4596/6528/4723 4541/6529/4724
f 4595/6624/4777 2868/3992/3120 2869/3993/3121
f 4595/6624/4777 4912/7203/4722 2868/3992/3120
f 4595/7202/4777 4541/6529/4724 4912/6527/4722
f 2836/3958/3089 1926/2668/2130 2837/3959/3090
f 4913/7204/5026 4914/7205/5027 3470/5421/3727
f 4913/7204/5026 3470/5421/3727 5213/222/163
f 4913/7204/5026 5213/222/163 4915/7206/5028
f 4916/7207/5029 2685/3740/2924 1791/2486/1993
f 4916/7207/5029 1791/2486/1993 4613/6655/4791
f 4916/7207/5029 4613/6655/4791 4917/7208/5030
f 4916/7207/5029 4917/7208/5030 2685/3740/2924
f 4918/7209/3755 5/7/6 2/3/3
f 4918/7209/3755 1578/7083/1769 5/7/6
f 4918/7209/3755 2/3/3 5274/3472/2732
f 4920/7210/5031 4493/7211/2397 4919/7212/4675
f 4920/7213/5031 1359/1893/1516 2933/2504/2003
f 4920/7214/5031 4921/7215/2398 4493/7216/2397
f 4920/7217/5031 2933/7218/2003 4921/7219/2398
f 4920/7213/5031 4919/7220/4675 3914/5518/4154
f 4920/7213/5031 3914/5518/4154 1359/1893/1516
f 1802/2509/2005 3128/4358/3383 1803/2510/2006
f 1802/2509/2005 172/261/198 3127/4357/3382
f 4922/7221/1646 1113/1564/1249 1115/1563/1251
f 4922/2063/1646 1114/1561/1250 1113/1560/1249
f 4922/7222/1646 3895/5494/4138 4923/7223/1647
f 4922/7221/1646 1115/1563/1251 3895/5579/4138
f 3240/4522/3491 2427/3354/2655 3361/4686/3618
f 3240/4522/3491 3242/4524/3493 2427/3354/2655
f 3240/4522/3491 3361/4686/3618 3241/4523/3492
f 3869/5252/3991 599/7224/664 598/832/668
f 3553/4977/3811 379/545/430 3739/5258/3993
f 3553/4977/3811 3555/4979/3719 379/545/430
f 3740/5259/3994 2502/3466/2724 2501/3465/2726
f 3740/5259/3994 2501/3465/2726 3249/4535/3499
f 217/328/249 1832/2551/2036 1830/2549/2034
f 217/328/249 1830/2549/2034 218/329/250
f 217/328/249 220/331/252 3379/4719/3637
f 217/328/249 3379/4719/3637 1832/2551/2036
f 4924/7225/1072 4925/7226/5032 3125/4354/3047
f 4924/4725/1072 3383/4723/3640 4925/7227/5032
f 4926/7228/5033 4927/7229/5034 4928/7230/5035
f 4926/7228/5033 4689/6800/4856 4927/7229/5034
f 4926/7228/5033 4929/7231/5036 4689/6800/4856
f 4926/7228/5033 4928/7230/5035 4929/7231/5036
f 2258/3139/2486 318/462/361 1996/2764/2201
f 2258/3139/2486 1996/2764/2201 407/583/462
f 2258/3139/2486 407/583/462 406/581/460
f 2827/3941/3079 486/676/544 2389/3294/2614
f 2827/3941/3079 2389/3294/2614 3391/4736/3650
f 2827/3941/3079 487/677/545 486/676/544
f 2827/3941/3079 3391/4736/3650 2828/3942/3080
f 3218/4500/3470 4930/7232/5037 419/597/476
f 3218/4500/3470 3223/4505/3475 4930/7232/5037
f 4416/6309/4608 41/58/44 40/57/43
f 4416/6309/4608 2834/3954/3086 4417/6310/4609
f 4416/6309/4608 40/57/43 2834/3954/3086
f 4416/6309/4608 3651/5139/3907 41/58/44
f 3230/4512/3482 4931/7233/5038 3988/5627/4221
f 3230/4512/3482 4083/5787/4300 4931/7233/5038
f 3230/4512/3482 3233/4515/3485 4083/5787/4300
f 3230/4512/3482 3988/5627/4221 3231/4513/3483
f 3118/4337/3374 3581/5017/3837 5174/4338/3375
f 3118/4337/3374 1774/2467/1974 3581/5017/3837
f 380/546/431 4932/7234/5039 381/547/432
f 380/546/431 3700/5202/3954 4932/7234/5039
f 1879/2617/2088 1881/2621/2089 2541/3536/2776
f 1884/2625/84 1885/2626/2092 2547/3542/2782
f 2302/3192/2528 2301/3191/2530 2755/3846/2998
f 2302/3192/2528 2755/3846/2998 4823/5220/3967
f 1892/2634/14 469/654/14 470/655/14
f 1892/2634/14 470/655/14 1895/2637/2100
f 1892/2634/14 3716/5227/14 469/654/14
f 302/443/343 1461/2044/1633 2562/3560/2797
f 307/448/348 4933/7235/5040 308/449/349
f 307/448/348 979/1388/1100 4933/7235/5040
f 307/448/348 980/1389/1101 979/1388/1100
f 3389/4734/3648 3643/5129/3900 3390/4735/3649
f 3430/4779/3687 241/360/275 240/359/274
f 3430/4779/3687 2594/3597/2829 4934/7236/5041
f 3430/4779/3687 240/359/274 490/680/548
f 3430/4779/3687 3568/4780/3688 2594/3597/2829
f 3430/4779/3687 4934/7236/5041 241/360/275
f 1078/1513/1207 2063/2849/2269 1079/1514/1208
f 1770/2463/1970 506/697/565 4935/7237/5042
f 1770/2463/1970 4935/7237/5042 1771/2464/1971
f 3220/4502/3472 3219/4501/3471 263/387/299
f 3220/4502/3472 3729/5241/3982 3221/4503/3473
f 3220/4502/3472 263/387/299 262/386/298
f 3220/4502/3472 262/386/298 3729/5241/3982
f 1943/2692/2150 1940/2689/2147 3274/4567/3528
f 1943/2692/2150 3274/4567/3528 3753/5280/4006
f 1357/1891/1514 1359/1893/1516 3911/5515/4153
f 3237/4519/1705 3239/4521/3490 3309/4611/3564
f 3237/2137/1705 3400/4745/2317 189/7238/220
f 2905/4055/3162 1379/1919/1537 4596/6528/4723
f 703/6138/782 1144/1612/1288 3243/4526/2180
f 703/6138/782 1145/1613/1289 1144/1612/1288
f 4410/6303/4601 4414/6302/4603 4737/6877/4897
f 4410/6303/4601 2338/3231/2564 4936/7239/4602
f 211/322/243 2916/4063/3174 214/325/246
f 211/322/243 1391/1939/1551 2917/4064/3175
f 211/322/243 2917/4064/3175 2916/4063/3174
f 4740/6881/4899 1397/1945/1557 393/561/445
f 4740/6881/4899 393/561/445 4296/4069/3180
f 4740/6881/4899 4449/6361/4638 4448/6360/4637
f 4740/6881/4899 4448/6360/4637 1397/1945/1557
f 3196/4464/3445 3197/4465/3446 2818/3925/3067
f 3196/4464/3445 2818/3925/3067 2817/3923/3065
f 3196/4464/3445 2817/3923/3065 3772/5309/4028
f 3196/4464/3445 3772/5309/4028 1986/2752/2190
f 2480/7240/2707 4781/7241/4523 4937/7242/2708
f 2066/7243/2274 4938/7244/2272 4939/7245/3874
f 2066/5376/2274 4939/7246/3874 3621/5377/3873
f 1000/1424/1126 4940/7247/5043 1001/1425/1127
f 1000/1424/1126 2071/2862/2279 4940/7247/5043
f 2831/3951/3084 1427/1999/14 3821/5387/4070
f 3475/4850/3732 4184/5926/4390 4883/7146/4999
f 3475/4850/3732 4883/7146/4999 4468/6405/4654
f 3475/4850/3732 427/605/484 4184/5926/4390
f 3475/4850/3732 2835/3955/3087 427/605/484
f 4943/7248/5044 4941/7249/5045 4942/7250/4728
f 4943/7248/5044 4698/6816/4865 4941/7249/5045
f 4943/7251/5044 5137/7252/4727 2839/7253/3093
f 4943/7254/5044 4942/6535/4728 5137/6534/4727
f 4943/7248/5044 2841/3965/3092 4698/6816/4865
f 4943/7251/5044 2839/7253/3093 2841/7255/3092
f 1443/2018/1611 2114/2921/2326 1444/2019/1612
f 1443/2018/1611 1446/2022/1615 3346/4662/3602
f 285/414/323 287/416/325 4666/7256/4836
f 285/7257/323 4944/7258/3592 4945/7259/4020
f 285/7257/323 4666/7260/4836 4944/7258/3592
f 2967/4137/3226 3096/4312/3353 4188/5931/4394
f 473/658/529 887/1252/994 4711/6834/4873
f 2975/4145/3232 1903/2645/2107 4713/6837/4875
f 4946/7261/5046 1572/2212/1761 1576/2216/1765
f 4946/7261/5046 3428/4777/3685 4144/5870/4349
f 4946/7261/5046 1576/2216/1765 3428/4777/3685
f 4946/7261/5046 4144/5870/4349 1572/2212/1761
f 4897/7262/5013 2876/4007/3132 4840/7067/4971
f 4897/7262/5013 4840/7067/4971 4535/6518/4717
f 4897/7187/5013 4422/6317/4613 2227/3092/2445
f 4897/7262/5013 2227/3085/2445 2876/4007/3132
f 323/469/366 4537/6521/4719 3782/5322/4037
f 323/469/366 3781/5321/4036 324/470/367
f 323/469/366 3782/5322/4037 3781/5321/4036
f 1480/2080/1660 4170/5908/4378 1481/2081/1661
f 1480/2080/1660 4198/5949/4403 4170/5908/4378
f 1480/2080/1660 4047/5724/3247 4198/5949/4403
f 4947/7263/4509 4948/7264/5047 4949/7265/3774
f 4947/7263/4509 4304/7020/4510 4948/7264/5047
f 4947/6130/4509 3516/4925/3773 3980/5619/4213
f 4947/6130/4509 4949/4926/3774 3516/4925/3773
f 2017/2794/2224 4373/6244/730 4374/6245/4573
f 2017/2794/2224 4374/6245/4573 3517/4928/3776
f 2017/2794/2224 2015/2792/2222 4373/6244/730
f 4950/7266/3779 4202/5586/4193 3520/1198/946
f 3854/5431/4102 4951/7267/5048 3856/5433/2377
f 3854/5431/4102 4562/6562/4744 4951/7267/5048
f 7/7268/9 5196/7269/13 2451/7270/2678
f 3860/5441/4108 4490/6447/4673 3861/5442/730
f 3860/5441/4108 3863/5444/4110 3804/5352/4057
f 542/745/602 2103/2900/2312 543/746/603
f 542/745/602 540/743/600 3099/4316/3357
f 1096/5455/1230 1098/7271/1227 5261/7272/5049
f 1096/5455/1230 5261/7272/5049 4467/6393/4652
f 3876/5468/4121 3535/4955/3794 31/47/33
f 3876/5468/4121 3536/4956/3795 3535/4955/3794
f 3876/5468/4121 31/47/33 2706/3783/2949
f 2708/3785/2951 3404/4749/3660 4129/5852/4337
f 2708/3785/2951 4143/5869/4348 3404/4749/3660
f 2708/3785/2951 4129/5852/4337 2709/3786/2952
f 4952/7273/1713 5229/7274/5050 924/7275/1041
f 4952/7276/1713 924/7277/1041 3838/7278/1714
f 4952/2152/1713 1464/2053/1639 5229/7279/5050
f 1525/2758/1715 1992/2760/2197 3971/5606/4206
f 1525/2154/1715 4030/5695/916 4953/7280/916
f 1525/2154/1715 4953/7280/916 3506/4911/916
f 1525/2154/1715 4157/5895/916 3269/4561/3523
f 3024/4219/3278 1531/2160/1717 1534/2163/1720
f 3024/4219/3278 4328/6172/4536 4525/6506/4707
f 3024/4219/3278 4525/6506/4707 1531/2160/1717
f 2723/3802/2966 3470/5421/3727 2726/3803/2967
f 2723/7281/2966 4587/7282/2965 4954/7283/3725
f 4956/7284/5051 4955/7285/4060 3764/5299/4021
f 4956/7286/5051 3336/7287/3590 4606/7288/3463
f 4956/7286/5051 4606/7288/3463 3209/7289/3462
f 4956/7284/5051 3764/5299/4021 4945/5298/4020
f 4956/7284/5051 3209/4486/3462 4955/7285/4060
f 4956/7286/5051 4945/7259/4020 3336/7287/3590
f 2494/7290/2721 4138/5864/4344 2495/3458/2722
f 2494/3455/2721 1552/2187/1740 3956/5584/4191
f 2494/3455/2721 839/1189/938 4138/7291/4344
f 2494/3455/2721 3956/5584/4191 839/1189/938
f 2494/3455/2721 1553/2188/1741 1552/2187/1740
f 4760/6934/4913 4762/6933/4914 4141/5867/4347
f 4760/6934/4913 4141/5867/4347 4140/5866/4346
f 4760/6931/4913 4957/7292/5052 845/1194/84
f 4760/6931/4913 4140/7293/4346 4957/7292/5052
f 3559/4984/3814 4670/131/94 3560/4985/3815
f 3559/4986/3814 3558/4983/3813 4764/6936/4916
f 3232/4514/3484 173/262/199 169/258/195
f 3232/4514/3484 169/258/195 2788/3887/3033
f 3232/4514/3484 2788/3887/3033 4318/7294/4527
f 4958/7295/4758 5155/7296/5053 4959/7297/5054
f 4958/6583/4758 4959/7298/5054 3967/5601/4201
f 4958/7295/4758 4282/6084/4484 5155/7296/5053
f 4958/7295/4758 4960/7299/4746 4282/6084/4484
f 3827/5396/4076 1473/2065/1648 2749/3830/2991
f 3827/5396/4076 2749/3830/2991 2095/2886/2303
f 626/870/695 3012/4200/3268 1166/1647/1315
f 626/870/695 1166/1647/1315 5237/1648/1316
f 626/870/695 5237/1648/1316 4911/873/698
f 712/996/730 4961/7300/5055 4819/7042/730
f 712/996/730 714/998/791 3831/5400/4079
f 712/996/730 4819/7042/730 713/997/730
f 712/996/730 3831/5400/4079 4961/7300/5055
f 205/313/238 4789/2089/1666 206/7301/239
f 205/313/238 1487/2090/1667 4789/2089/1666
f 205/313/238 4413/6306/4606 3438/4788/3696
f 3835/5404/4083 3899/5501/4143 231/350/265
f 3835/5404/4083 231/350/265 1840/2566/2048
f 4607/6648/4785 1605/2268/1798 1603/2266/1796
f 4607/6648/4785 3541/4962/3801 3021/4212/3274
f 4607/6648/4785 3021/4212/3274 1605/2268/1798
f 4607/6648/4785 1603/2266/1796 4325/6168/4533
f 2355/3253/2583 2050/2836/2256 2051/2835/2257
f 2355/3253/2583 2051/2835/2257 4657/2011/1607
f 2355/3253/2583 2360/3260/2586 2050/2836/2256
f 1609/2273/1803 988/1399/1110 4763/6935/4915
f 1609/2273/1803 78/121/87 77/120/86
f 1609/2273/1803 4763/6935/4915 78/121/87
f 1327/1856/1486 4234/6001/4438 4109/5821/4323
f 1327/1856/1486 1329/1858/1488 4234/6001/4438
f 680/944/754 1469/2058/1642 3773/5310/4029
f 680/944/754 3773/5310/4029 762/1076/851
f 680/944/754 762/1076/851 681/945/755
f 4037/5714/4262 1640/2304/1834 1639/2303/1833
f 4037/5712/4262 2433/3360/2661 2431/3358/2659
f 4037/5712/4262 3489/4873/3749 4424/6320/4614
f 4037/5712/4262 4424/6320/4614 2433/3360/2661
f 4037/5714/4262 1639/2303/1833 3489/4872/3749
f 4119/5840/4330 161/250/187 1649/2313/1843
f 4119/5840/4330 3599/5047/3852 162/251/188
f 4119/5840/4330 162/251/188 161/250/187
f 4119/5840/4330 4120/5841/4331 3599/5047/3852
f 350/501/395 352/503/397 4516/6495/4700
f 183/282/214 4505/6477/4688 2467/283/215
f 3149/4393/341 4962/7302/5056 3947/5571/4183
f 3149/777/341 3306/4608/3561 567/778/631
f 3149/4393/341 2564/3563/2800 2563/3562/2799
f 3149/4393/341 4963/7303/5057 4964/7304/5058
f 3149/441/341 4192/5935/4398 303/444/344
f 3149/777/341 569/780/633 2564/7305/2800
f 3149/4393/341 4964/7304/5058 4965/7306/5059
f 3149/4393/341 4348/6204/4552 4963/7303/5057
f 3149/4393/341 4965/7306/5059 4962/7302/5056
f 3149/441/341 2447/3378/2674 2974/4144/3231
f 199/306/231 1710/2382/1908 3458/4817/3715
f 199/306/231 202/309/234 1710/2382/1908
f 199/306/231 3458/4817/3715 200/307/232
f 206/318/239 4414/6302/4603 208/319/240
f 4790/6982/4934 4966/7307/5060 4967/7308/5061
f 4790/6982/4934 4967/7308/5061 335/484/378
f 4790/6982/4934 4168/5905/4375 4966/7307/5060
f 4790/6982/4934 215/326/247 4168/5905/4375
f 4968/7309/5062 1396/1944/1556 1397/1945/1557
f 4968/7309/5062 4447/6359/4636 4561/6561/4743
f 4968/7309/5062 4561/6561/4743 4501/6469/4685
f 4968/7309/5062 1397/1945/1557 4448/6360/4637
f 4968/7309/5062 4448/6360/4637 4447/6359/4636
f 4968/7309/5062 4501/6469/4685 1396/1944/1556
f 4057/2831/2254 2050/2833/2256 4891/7171/5006
f 4057/2831/2254 4891/7171/5006 4850/7170/4980
f 723/5655/801 4969/7310/804 4008/5656/4239
f 241/360/275 4934/7236/5041 4012/5659/4241
f 751/1052/834 1918/2660/2122 1919/2661/2123
f 751/1052/834 754/1056/837 1918/2660/2122
f 4970/7311/5063 4067/5766/4285 926/5765/1042
f 4970/7311/5063 926/5765/1042 4971/7312/5064
f 4970/7311/5063 5201/7313/5065 4719/7314/4882
f 4970/7311/5063 4972/7315/5066 4067/5766/4285
f 4970/7311/5063 4971/7312/5064 4973/7316/5067
f 4970/7311/5063 4026/5689/3196 4972/7315/5066
f 4970/7311/5063 4719/7314/4882 4026/5689/3196
f 4970/7311/5063 4973/7316/5067 5201/7313/5065
f 4940/7247/5043 1422/1994/1591 1001/1425/1127
f 4940/7247/5043 2071/2862/2279 3473/4848/3730
f 4940/7247/5043 3473/4848/3730 2148/2975/2366
f 4940/7247/5043 2148/2975/2366 1422/1994/1591
f 1433/2005/1601 4883/7146/4999 1434/2006/1602
f 1433/2005/1601 1431/2003/1599 4251/6033/4454
f 433/611/490 3627/5091/3879 2762/3854/3005
f 433/611/490 2762/3854/3005 434/612/491
f 433/611/490 1108/1552/1242 49/73/50
f 433/611/490 275/399/311 1108/1552/1242
f 433/611/490 49/73/50 3627/5091/3879
f 2669/3706/2905 1233/1748/1386 3960/5589/4196
f 2669/3706/2905 3960/5589/4196 1540/2166/1723
f 4975/7317/4940 4063/7318/4284 4974/7319/4941
f 4975/7320/4940 4976/7321/875 4063/7322/4284
f 4975/7003/4940 784/7002/876 4976/7323/875
f 2680/3734/2919 3698/5114/3893 4034/5704/4260
f 3486/4868/3746 4476/6416/4660 1963/2720/2169
f 3486/4868/3746 1963/2720/2169 3487/4869/3747
f 297/6420/337 298/7324/338 881/1246/988
f 297/6420/337 881/1246/988 4188/5931/4394
f 4977/7325/5068 4978/7326/5069 4979/7327/5070
f 4977/7328/5068 2622/3637/2858 4130/5853/4338
f 4977/7328/5068 4979/7329/5070 4980/7330/5071
f 4977/7325/5068 4242/7331/4445 4978/7326/5069
f 4977/7328/5068 4980/7330/5071 2622/3637/2858
f 4977/7328/5068 4130/5853/4338 4242/6019/4445
f 4713/6837/4875 4729/6864/4890 4104/5816/4318
f 4713/6837/4875 1903/2645/2107 4729/6864/4890
f 4713/6837/4875 4104/5816/4318 4714/6838/4876
f 1906/2648/2110 1993/2761/2198 2646/3669/2880
f 318/462/361 320/465/363 1999/2767/2204
f 318/462/361 1999/2767/2204 1996/2764/2201
f 792/5271/890 4673/6762/4841 4981/7332/893
f 792/5271/890 3746/5270/4000 4673/6762/4841
f 4948/7264/5047 4304/7020/4510 4982/7333/5072
f 4948/7264/5047 4982/7333/5072 3289/4588/3543
f 4948/7264/5047 3289/4588/3543 4983/7334/5073
f 4948/7264/5047 4983/7334/5073 4949/7265/3774
f 3517/4928/3776 4809/7024/4948 341/490/384
f 3517/4928/3776 4374/6245/4573 4809/7024/4948
f 3517/4928/3776 341/490/384 3518/4929/3777
f 4810/7025/4949 2898/7335/3154 5168/7336/5074
f 4810/7025/4949 345/494/388 2898/7335/3154
f 4810/7025/4949 5168/7336/5074 4811/7026/4950
f 1/2/2 3856/5433/2377 4951/7267/5048
f 1/2/2 5180/9/5 4984/7337/2820
f 1/2/2 4951/7267/5048 2/3/3
f 2101/2898/2310 2104/2901/2313 4985/7338/5075
f 2101/2898/2310 4985/7338/5075 4321/6162/4529
f 3670/5164/3925 4750/6908/4904 4464/6389/4649
f 3670/5164/3925 1508/2121/1689 4750/6908/4904
f 3670/5164/3925 4464/6389/4649 3671/5165/3926
f 3670/5164/3925 1509/2122/1690 1508/2121/1689
f 4986/7339/3872 4987/7340/5076 3819/7341/4067
f 4986/5080/3872 1368/1903/1526 3147/4390/3398
f 4986/7342/3872 3819/5383/4067 3621/5382/3873
f 4986/5080/3872 3147/4390/3398 4987/7343/5076
f 3344/4660/3600 887/2145/994 4912/6527/4722
f 3344/4660/3600 2183/3031/2406 887/2145/994
f 4576/6590/4762 4316/6156/4525 3881/5477/4127
f 4576/6590/4762 4935/7237/5042 4316/6156/4525
f 4576/6590/4762 1771/2464/1971 4935/7237/5042
f 4990/2514/2009 3417/7344/3674 3419/4766/3676
f 4990/2514/2009 4988/7345/5077 4989/7346/5078
f 4990/7347/2009 4813/7028/2013 4812/7027/4951
f 4990/7347/2009 4767/6939/4918 3417/4763/3674
f 4990/7347/2009 4812/7027/4951 4768/6940/4919
f 4990/2514/2009 3419/4766/3676 4988/7345/5077
f 4990/2514/2009 4989/7346/5078 1807/2515/2010
f 4990/7347/2009 4768/6940/4919 4767/6939/4918
f 3548/4970/3806 3549/4971/3807 4991/7348/5079
f 3548/4970/3806 4991/7348/5079 3686/5180/3941
f 4864/7349/4988 1503/7350/316 4722/7351/3457
f 4864/7112/4988 4865/7111/4989 3462/7352/3717
f 4864/7353/4988 3462/4825/3717 1503/2111/316
f 371/534/421 3898/540/425 5033/7354/4142
f 4138/5864/4344 4685/6794/4853 2495/3458/2722
f 4138/5864/4344 4139/5865/4345 4685/6794/4853
f 4762/6933/4914 987/1398/1109 3556/4980/572
f 4762/6933/4914 3556/4980/572 4141/5867/4347
f 4762/6933/4914 4763/6935/4915 987/1398/1109
f 3560/4985/3815 4670/131/94 83/133/95
f 3560/4985/3815 4992/7355/5080 2741/3821/2982
f 3560/4985/3815 83/133/95 4992/7355/5080
f 936/1332/1052 939/1335/1054 1566/7356/1755
f 92/149/107 4993/7357/14 4994/7358/16
f 92/149/107 3011/146/104 4993/7357/14
f 92/149/107 4995/7359/5081 93/150/108
f 92/149/107 4994/7358/16 4995/7359/5081
f 4271/6058/112 3052/7360/3309 4272/6059/4471
f 3450/4805/1212 2484/3444/2712 2483/3441/2711
f 4063/5758/4284 1594/2250/1785 4974/7361/4941
f 4063/5758/4284 1595/2251/1786 1594/2250/1785
f 112/178/133 3921/5526/4158 3106/4323/3364
f 112/178/133 3106/4323/3364 4150/5880/4357
f 112/178/133 4150/5880/4357 113/179/84
f 112/178/133 114/180/134 3921/5526/4158
f 1303/1831/1461 1300/1828/1458 4996/7362/5082
f 1303/1831/1461 4996/7362/5082 2121/2934/2335
f 126/192/146 4510/6486/4694 4997/7363/4757
f 1486/2088/1665 3439/4789/3697 2534/3526/2769
f 1486/2088/1665 1487/2090/1667 3439/4789/3697
f 4795/7364/1114 993/7365/1117 2535/7366/2770
f 4795/6994/1114 2535/3529/2770 2534/3528/2769
f 145/7367/170 4998/7368/4168 4999/7369/3581
f 759/1073/848 3773/5310/4029 3774/5311/4030
f 759/1073/848 762/1076/851 3773/5310/4029
f 1640/2304/1834 157/246/183 1641/2305/1835
f 161/250/187 4159/5896/4367 1649/2313/1843
f 161/250/187 164/253/190 4159/5896/4367
f 1019/1442/1144 3600/5051/3854 4123/5845/4334
f 528/729/591 1659/2327/1854 3661/731/593
f 528/729/591 3782/5325/4037 1659/2327/1854
f 3212/4494/3464 3214/4496/3466 2285/3168/2513
f 3212/4494/3464 2285/3168/2513 4043/5720/4268
f 4256/6039/4458 4902/7192/5018 1669/2337/1864
f 4256/6039/4458 3294/4593/3548 4902/7192/5018
f 549/752/609 4093/5804/4309 4881/7144/4997
f 549/752/609 4881/7144/4997 550/753/610
f 559/768/622 2611/3625/2848 1680/2348/1875
f 559/768/622 4517/767/621 2611/3625/2848
f 1686/2354/1881 1687/2356/625 4519/6500/350
f 566/776/630 4829/7054/4962 568/779/632
f 3872/5464/4118 2791/3891/3037 1808/2516/2011
f 3872/5464/4118 1808/2516/2011 5000/7370/5083
f 3872/5464/4118 5000/7370/5083 3874/5466/4119
f 3312/4614/3567 4265/6050/4464 4266/6051/4465
f 3312/4614/3567 3309/4611/3564 4265/6050/4464
f 3312/4614/3567 4266/6051/4465 570/783/636
f 3314/4617/3569 3072/4285/3327 3074/4287/3329
f 3314/4617/3569 4601/7371/4782 4907/7197/5023
f 3314/4617/3569 4907/7197/5023 3072/4285/3327
f 3314/4617/3569 3315/4618/3570 4601/7371/4782
f 4110/5822/4324 3801/5347/4055 4111/5823/4325
f 4110/5822/4324 955/1358/1074 3801/5347/4055
f 3742/2259/1793 1597/2255/1790 3743/6927/3996
f 5003/7372/4653 5001/7373/5008 1099/7374/1229
f 5003/7375/4653 5187/7376/5084 5001/7377/5008
f 5003/7375/4653 5002/7378/2018 5187/7376/5084
f 5003/7379/4653 1819/2536/2022 5002/2526/2018
f 605/839/674 1723/2403/1920 5004/7380/5085
f 605/839/674 5004/7380/5085 770/1084/859
f 4050/7381/4272 4193/4290/3332 3075/4289/3331
f 4050/5727/4272 3075/7382/3331 4051/5728/4273
f 2876/4007/3132 2875/4006/3131 492/682/550
f 1742/2432/1941 4145/5873/4352 1743/2433/1942
f 1585/2238/1778 1749/2441/1949 3822/5388/4071
f 1585/2238/1778 4317/6157/4526 1586/2239/1779
f 1585/2238/1778 3822/5388/4071 4317/6157/4526
f 921/1305/1035 5005/7383/128 3351/7384/3609
f 921/1305/1035 3351/7384/3609 4389/3762/2938
f 3582/5019/3839 4791/7385/4935 3583/5020/3840
f 3582/7386/3839 1777/2472/1979 4645/2471/1978
f 3582/7387/3839 4645/6721/1978 5208/6720/4821
f 3582/5019/3839 5208/7388/4821 4791/7385/4935
f 4596/6528/4723 1379/1919/1537 1376/1916/1534
f 4486/6439/4668 737/1031/818 734/1024/814
f 4486/6439/4668 2483/6438/2711 737/1031/818
f 4486/6439/4668 734/1024/814 1084/1520/1214
f 5006/6888/4901 3067/4280/3322 3946/7389/4182
f 5006/7390/4901 3946/5568/4182 3944/5567/4181
f 5006/6888/4901 4247/6029/4451 5007/7391/5086
f 5006/6888/4901 5007/7391/5086 1846/2573/2054
f 5008/7392/5087 1446/2171/1615 5009/7393/2746
f 5008/7392/5087 1243/1762/1396 1242/1761/1395
f 5008/7392/5087 1539/2172/1727 1446/2171/1615
f 5008/7392/5087 5009/7393/2746 4610/6652/4788
f 5008/7392/5087 4610/6652/4788 1243/1762/1396
f 5008/7392/5087 1242/1761/1395 1539/2172/1727
f 4839/7066/4970 4661/6743/4833 4076/5777/4294
f 4839/7066/4970 4076/5777/4294 4075/5776/4293
f 4839/7066/4970 4332/6182/4539 4661/6743/4833
f 3849/5426/4097 4244/6021/4447 4079/5780/4297
f 3849/5426/4097 4079/5780/4297 466/649/524
f 3644/5131/3902 1794/2490/1997 4745/6898/84
f 3644/5131/3902 4957/7292/5052 4140/7293/4346
f 3644/5131/3902 4140/7293/4346 3645/5132/2497
f 3644/5131/3902 4745/6898/84 4957/7292/5052
f 929/1323/1045 3656/5150/3911 3658/5149/3915
f 929/1323/1045 4764/6936/4916 3656/5150/3911
f 929/1323/1045 3658/5149/3915 930/1324/1046
f 1803/2510/2006 3128/4358/3383 3939/5551/4176
f 1803/2510/2006 3939/5551/4176 5010/7394/5088
f 1803/2510/2006 5010/7394/5088 1804/2511/2007
f 2417/3342/2646 5011/7395/5089 2418/3343/2647
f 2417/3342/2646 2956/4111/3215 5011/7395/5089
f 360/513/407 359/512/406 3676/5170/3931
f 360/513/407 665/917/735 361/514/408
f 2797/3898/3044 2427/3354/2655 2798/3899/3045
f 379/545/430 3555/4979/3719 382/548/433
f 5012/7396/5090 1390/1938/1550 1392/1940/1552
f 5012/7396/5090 1392/1940/1552 3249/4535/3499
f 5012/7396/5090 388/555/440 387/554/439
f 5012/7396/5090 2501/3465/2726 388/555/440
f 5012/7396/5090 3249/4535/3499 2501/3465/2726
f 5012/7396/5090 387/554/439 1390/1938/1550
f 3466/4829/3721 218/329/250 1830/2549/2034
f 401/570/451 400/7397/453 3383/4723/3640
f 4927/7229/5034 4689/6800/4856 3694/5190/3949
f 4927/7229/5034 3693/5189/3948 5013/7398/5091
f 4927/7229/5034 5013/7398/5091 4928/7230/5035
f 4927/7229/5034 3694/5190/3949 3693/5189/3948
f 5014/7399/3645 5015/7400/5092 5016/7401/5093
f 5014/7399/3645 4692/6806/4859 5015/7400/5092
f 5014/7399/3645 5016/7401/5093 827/1163/922
f 5014/4731/3645 3973/5608/4208 3387/4732/3646
f 5014/7399/3645 827/1163/922 3973/5610/4208
f 5014/4731/3645 3386/4730/3644 4692/6805/4859
f 1855/2588/2062 416/594/473 1856/2589/2063
f 4669/6758/4838 5017/7402/5094 3494/4880/3752
f 4669/6758/4838 3494/4880/3752 5252/2920/2325
f 4669/6758/4838 4438/6344/4627 5017/7402/5094
f 420/598/477 419/597/476 1860/2593/2067
f 429/607/486 428/606/485 2642/3665/2876
f 4941/7249/5045 4698/6816/4865 2903/4041/3159
f 4941/7249/5045 5236/6579/1420 4942/7250/4728
f 4941/7249/5045 2903/4041/3159 5236/6579/1420
f 4833/7062/4965 3759/5287/4013 5018/7403/4683
f 4833/7059/4965 5018/6467/4683 441/619/498
f 4833/7062/4965 2904/4043/3160 3759/5287/4013
f 4833/7062/4965 4014/5667/4245 2904/4043/3160
f 3992/5631/4225 3706/5209/3960 3705/5208/3959
f 3992/5631/4225 3411/4757/3668 2856/3980/3108
f 4704/6824/4869 2371/3271/2595 2911/4057/3168
f 4704/6824/4869 4396/6278/4591 2372/3272/2596
f 4704/6824/4869 2911/4057/3168 4705/6825/4870
f 4704/6824/4869 2372/3272/2596 2371/3271/2595
f 4016/4597/3551 1290/1818/1448 5019/7404/847
f 4017/5671/4246 2379/3283/2604 4295/6118/246
f 4017/5671/4246 386/553/438 3033/4237/3293
f 4017/5671/4246 2381/3285/2606 2379/3283/2604
f 4017/5671/4246 3033/4237/3293 3186/4454/3435
f 1461/2044/1633 973/1381/1093 972/1380/1092
f 4933/7235/5040 979/1388/1100 5200/6767/4843
f 4933/7235/5040 4520/7405/4702 308/449/349
f 4933/7235/5040 5200/6767/4843 4532/7406/4714
f 4933/7407/5040 4532/6513/4714 4520/6501/4702
f 490/680/548 240/359/274 493/683/551
f 499/690/558 1079/1514/1208 500/691/559
f 4316/6156/4525 4935/7237/5042 505/696/564
f 4316/6156/4525 3265/5664/3518 3881/5477/4127
f 4279/6076/4480 151/6851/177 4643/6077/4481
f 2590/4384/84 3672/5166/3927 908/1286/1021
f 1942/2691/2149 4811/7026/4950 1495/2098/1675
f 1942/2691/2149 1495/2098/1675 3446/4796/3704
f 1438/1207/955 5070/1215/962 1439/7408/1608
f 4775/6948/4924 4288/6098/4492 2848/3972/3100
f 4775/6948/4924 3676/5170/3931 111/177/132
f 4775/6948/4924 2848/3972/3100 4659/6741/4831
f 4775/6948/4924 4659/6741/4831 3676/5170/3931
f 1956/2712/2163 4382/6258/4580 5020/7409/5095
f 1956/2712/2163 5020/7409/5095 1957/2713/2164
f 1956/2712/2163 1960/2716/2166 3455/4813/3712
f 1956/2712/2163 3455/4813/3712 4382/6258/4580
f 4072/5773/4290 4476/6416/4660 4073/5774/4291
f 3416/4762/3673 3417/4763/3674 4767/6939/4918
f 3416/4762/3673 1072/1506/1200 1067/1501/1195
f 3031/5305/3290 885/1250/992 884/1249/991
f 4193/4290/3332 3591/5942/3845 3076/4291/3333
f 616/855/686 4785/3615/2842 4896/7184/5012
f 1075/1509/1203 4536/6519/4718 4840/7067/4971
f 4342/6197/4547 3478/4853/3735 3684/5178/3939
f 4342/6197/4547 3479/4854/3736 3478/4853/3735
f 4342/6197/4547 5256/7410/5096 3479/4854/3736
f 4342/6197/4547 5163/6166/4531 5256/7410/5096
f 2019/2797/2226 2021/7411/2227 3171/4431/3418
f 943/1339/1058 944/1340/1059 1613/2277/1807
f 4186/5929/4392 949/1345/1064 950/1346/1065
f 4186/5929/4392 3896/5495/4139 949/1345/1064
f 4186/5929/4392 1326/1855/1485 3896/5495/4139
f 4162/5899/4370 203/310/235 201/308/233
f 4509/6484/4690 4507/6483/4691 4593/6622/4775
f 971/1379/1091 4310/6140/4517 4675/6765/4842
f 971/1379/1091 974/1382/1094 4310/6140/4517
f 1401/1949/1561 1404/1952/1564 2387/3291/2612
f 3042/4247/3301 648/897/718 649/898/719
f 3042/4247/3301 649/898/719 3044/4249/3302
f 5021/7412/461 5022/4716/3636 2443/3374/2671
f 5021/582/461 4457/6377/4643 5022/7413/3636
f 5021/582/461 2443/7414/2671 2442/3717/2670
f 5021/582/461 407/583/462 4457/6377/4643
f 1005/1429/1131 3822/5388/4071 1749/2441/1949
f 2083/2874/2291 1435/2007/1603 3564/4990/3819
f 2083/2874/2291 3564/4990/3819 3563/4989/3818
f 3012/4200/3268 3749/5276/4003 1166/1647/1315
f 3012/4200/3268 4857/7097/4985 3749/5276/4003
f 3012/4200/3268 3014/4202/3270 4857/7097/4985
f 4961/7300/5055 5023/7415/5097 4819/7042/730
f 4961/7300/5055 102/162/120 5023/7415/5097
f 4961/7300/5055 3831/5400/4079 102/162/120
f 2113/2919/2324 2115/2922/2327 5024/7416/5098
f 2113/2919/2324 5024/7416/5098 1931/2675/2137
f 3836/5405/4084 2120/2931/2334 2118/2932/2332
f 3836/5405/4084 3107/4324/3365 2120/2931/2334
f 1604/2267/1797 1605/2268/1798 3020/4211/3273
f 1604/2267/1797 3020/4211/3273 653/903/724
f 329/475/372 5216/2073/1654 1478/6171/4535
f 5025/7417/5099 5026/7418/5100 2041/2820/2246
f 5025/7417/5099 4632/6690/4810 5026/7418/5100
f 5025/7417/5099 4088/5798/4305 4632/6690/4810
f 5025/7417/5099 2041/2820/2246 4089/5799/4306
f 5025/7417/5099 4089/5799/4306 4088/5798/4305
f 745/1044/827 5079/7153/5002 746/1045/828
f 4178/3890/3036 1809/2517/2012 2791/3891/3037
f 5027/7419/3023 4706/1817/1447 5028/7420/5101
f 5027/7419/3023 5028/7420/5101 5029/7421/3173
f 765/1079/854 3850/5427/4098 768/1082/857
f 765/1079/854 3851/5428/4099 3850/5427/4098
f 765/1079/854 2781/3879/3025 3851/5428/4099
f 4296/6119/3180 4021/5676/4250 2921/5675/3181
f 3563/4989/3818 1568/2208/1757 1570/2210/1759
f 4800/7006/4944 4697/6814/4861 4801/7007/4259
f 4800/7422/4944 1407/1955/1567 5030/7423/5102
f 4800/7422/4944 4802/1959/1571 1407/1955/1567
f 4800/7422/4944 5030/7423/5102 4697/6808/4861
f 4222/7424/4426 5058/7425/3429 4816/7038/4954
f 4222/5986/4426 4816/7426/4954 4223/5987/4427
f 798/1133/896 5031/7427/5103 3877/5469/4122
f 798/1133/896 801/1136/899 5031/7427/5103
f 798/1133/896 3877/5469/4122 799/1134/897
f 1522/2146/1711 887/2145/994 3679/5173/3934
f 3193/4461/3442 3192/4460/3441 2949/4103/3210
f 2316/3208/2545 4849/7079/4979 2317/3209/2546
f 2316/3208/2545 2318/3210/2547 3155/4403/3405
f 5032/7428/4850 369/529/417 4799/7004/4943
f 5032/7428/4850 5033/7429/4851 369/529/417
f 5032/7428/4850 3166/4421/3413 3165/4420/1356
f 5032/7428/4850 4799/7004/4943 3166/4421/3413
f 835/1179/931 4136/1174/930 4451/6363/4640
f 2248/3120/2471 4176/5915/4383 5034/7430/5104
f 2248/3120/2471 5034/7430/5104 5035/7431/5105
f 2248/3120/2471 5035/7431/5105 2249/3121/2472
f 844/1193/84 3904/5507/84 4235/6003/84
f 3906/5509/4147 5036/7432/5106 3907/5510/4148
f 3906/5509/4147 3908/5511/4149 695/968/772
f 3906/5509/4147 5037/7433/246 5036/7432/5106
f 3906/5509/4147 695/968/772 5037/7433/246
f 357/4638/402 2086/2877/2294 358/6184/403
f 357/4638/402 2087/2878/2295 2086/2877/2294
f 4708/6831/4441 1199/1691/1349 1198/1690/730
f 4708/6831/4441 5038/7434/4443 1199/1691/1349
f 3829/5398/4077 4362/6227/4564 3612/5067/3864
f 3829/5398/4077 3611/5066/3863 3830/5399/4078
f 3829/5398/4077 2232/3097/2453 4362/6227/4564
f 3829/5398/4077 3612/5067/3864 3611/5066/3863
f 5039/7435/5107 4135/7436/4342 5040/7437/4343
f 5039/7435/5107 4451/6363/4640 4135/7436/4342
f 5039/7438/5107 5040/7439/4343 2395/3303/2621
f 5039/7438/5107 2395/3303/2621 3977/5617/4211
f 5039/7440/5107 3977/5615/4211 4451/6365/4640
f 3214/4496/3466 1212/1721/1363 2286/3169/2514
f 3214/4496/3466 3216/4498/3468 1212/1721/1363
f 3214/4496/3466 2286/3169/2514 2285/3168/2513
f 4263/6048/4462 2119/2930/2333 2610/3622/2847
f 4263/6048/4462 4276/6068/4478 4277/6069/4479
f 4263/6048/4462 4277/6069/4479 2119/2930/2333
f 4844/7074/4974 2530/3520/2763 2532/3522/2765
f 4844/7074/4974 1867/2600/2074 1865/2598/2072
f 4844/7074/4974 1865/2598/2072 2530/3520/2763
f 4844/7074/4974 3923/5528/4160 1867/2600/2074
f 3627/5091/3879 49/73/50 5041/7441/3880
f 5042/7442/5108 4609/6651/4787 4070/5771/4288
f 5042/7442/5108 1243/1762/1396 4609/6651/4787
f 5042/7442/5108 1245/1764/1398 1244/1763/1397
f 5042/7442/5108 1244/1763/1397 1243/1762/1396
f 5042/7442/5108 4070/5771/4288 1245/1764/1398
f 1783/2478/1985 1247/1767/1401 1784/2479/1986
f 1783/2478/1985 1786/2481/1988 3552/4976/3810
f 1254/1776/1407 3362/4687/3619 1255/1777/1408
f 1254/1776/1407 2268/3149/2494 3362/4687/3619
f 5043/7443/865 432/610/489 3256/2270/1800
f 4453/5328/4041 1274/1800/1430 4454/7444/4642
f 1276/1802/1432 1279/1805/1435 533/736/84
f 1276/1802/1432 3263/4551/3514 1277/1803/1433
f 2291/3175/2520 3053/4259/3310 3051/4256/3307
f 2291/3175/2520 2290/3174/2519 3053/4259/3310
f 5044/7445/1853 4617/6661/4796 2893/6250/3149
f 5044/7445/1853 1660/7446/1855 4617/6661/4796
f 5044/2325/1853 2893/7447/3149 1658/2326/730
f 4618/6662/4797 5029/7421/3173 5028/7420/5101
f 4618/6662/4797 4752/6910/4906 1673/2341/1868
f 4618/6662/4797 468/651/526 5029/7421/3173
f 4618/6662/4797 5028/7420/5101 4752/6910/4906
f 4824/7049/4957 800/1135/898 803/1138/901
f 4824/7049/4957 4555/6553/4739 800/1135/898
f 4824/7049/4957 803/1138/901 1297/1825/1455
f 4824/7049/4957 4206/5960/4412 4555/6553/4739
f 3680/5174/3935 2181/3029/2404 4776/6949/4925
f 2312/3204/2541 817/1152/915 3682/5176/3937
f 2028/2807/2234 3235/4517/3487 3234/4516/3486
f 2028/2807/2234 2030/2809/2236 3235/4517/3487
f 1706/2378/1904 3766/5301/4023 1707/2379/1905
f 4386/6263/4584 3078/4293/3335 5045/7448/4696
f 2638/3659/2871 2735/3815/2976 1827/2546/2031
f 4392/6272/4587 4655/6734/4827 4830/7056/4963
f 4834/7060/4966 3409/4754/3665 5101/4755/3666
f 4834/7060/4966 440/618/497 3409/4754/3665
f 4834/7060/4966 1028/7449/1155 4835/7061/1150
f 4834/7060/4966 5101/4755/3666 1028/7449/1155
f 1031/1462/1158 446/624/503 448/626/505
f 1031/1462/1158 1030/1461/1157 446/624/503
f 1036/1468/1164 1037/1469/1165 3704/5207/3958
f 3120/4346/3377 4581/6595/4766 3121/4347/3378
f 3120/4346/3377 5046/7450/5109 4581/6595/4766
f 3120/4346/3377 4783/6968/4930 5046/7450/5109
f 1887/2629/2095 1971/2730/2175 5047/7451/614
f 1887/2629/2095 5047/7451/614 3057/7452/613
f 3420/4769/3677 1050/1482/1176 1047/1479/1174
f 1056/1488/1182 1055/1487/1181 3192/4460/3441
f 4586/7453/4768 4585/6604/4769 5048/799/646
f 4586/6599/4768 577/795/644 4220/5983/4424
f 4586/6599/4768 5048/7454/646 577/795/644
f 2398/3310/2625 2005/2781/2213 3103/4320/3361
f 2114/2921/2326 5169/2924/2329 1444/2019/1612
f 2114/2921/2326 3834/5403/4082 2115/2922/2327
f 3870/7455/4115 3629/5095/3883 3961/5590/4016
f 3870/7455/4115 4674/6763/4116 3629/5095/3883
f 2943/4096/3203 2407/3324/2635 5049/7456/5110
f 2943/4096/3203 5049/7456/5110 1105/1546/1237
f 5050/7457/5111 5104/7458/5112 3177/4440/3423
f 5050/7457/5111 5051/7459/5113 5171/7460/5114
f 5050/7457/5111 5171/7460/5114 5104/7458/5112
f 5050/7457/5111 3177/4440/3423 4794/6992/4938
f 5050/7457/5111 4794/6992/4938 5051/7459/5113
f 4848/7078/4978 54/78/57 3887/5485/4131
f 4848/7078/4978 55/79/58 54/78/57
f 4848/7078/4978 3887/5485/4131 4553/6551/4737
f 4848/7078/4978 3155/4403/3405 55/79/58
f 2426/3353/2654 2428/3355/2656 3737/5250/3990
f 2426/3353/2654 3360/4685/3617 3361/4686/3618
f 2426/3353/2654 3737/5250/3990 3360/4685/3617
f 2426/3353/2654 3361/4686/3618 2427/3354/2655
f 3999/5637/4228 4084/5790/4301 3997/5638/4229
f 3999/5637/4228 5052/7461/3285 4085/5794/4303
f 3999/5637/4228 4085/5794/4303 4084/5790/4301
f 3999/5644/4228 2758/3844/3000 5052/7462/3285
f 988/1399/1110 987/1398/1109 4763/6935/4915
f 988/1399/1110 1610/2274/1804 989/1400/1111
f 3378/4717/721 1139/1602/1282 651/1605/722
f 3378/4717/721 3254/4540/3504 1139/1602/1282
f 3378/4717/721 3379/4719/3637 3254/4540/3504
f 2164/2996/2381 4738/6878/4898 4737/6877/4897
f 2164/2996/2381 4737/6877/4897 70/112/80
f 2164/2996/2381 4220/5984/4424 4738/6878/4898
f 5053/7463/2390 2169/5125/2389 3640/5124/3895
f 5053/7464/2390 4389/7465/2938 3349/7466/3607
f 5053/7464/2390 3640/7467/3895 4389/7465/2938
f 4061/5754/4282 4857/7097/4985 3014/4202/3270
f 2526/3516/2759 2069/2860/2277 3307/4609/3562
f 4432/7041/4620 5023/7415/5097 4148/5878/4355
f 4432/7041/4620 4819/7042/730 5023/7415/5097
f 4432/6335/4620 4148/5876/4355 4433/6336/4621
f 4852/7087/4981 4054/5736/4274 4051/5728/4273
f 4852/7468/4981 5054/7469/5115 4054/7470/4274
f 4852/7468/4981 4340/6194/4544 5054/7469/5115
f 3804/5352/4057 1092/1530/1224 2042/1527/1221
f 3804/5352/4057 3863/5444/4110 1092/1530/1224
f 3532/6102/3791 5055/7471/3792 4290/7472/4495
f 3532/4949/3791 5275/7473/413 368/527/416
f 3532/7474/3791 5056/7475/5116 5275/7476/413
f 5057/5988/4428 1817/2535/2021 1818/2534/2020
f 5057/7477/4428 4797/7478/4942 5058/7479/3429
f 5057/5988/4428 1818/2534/2020 5261/7272/5049
f 5057/5988/4428 5261/7272/5049 4797/7480/4942
f 5059/7481/5117 2134/2950/2349 1316/1845/1475
f 5059/7481/5117 1313/1842/1472 554/7482/618
f 5059/7481/5117 1316/1845/1475 1313/1842/1472
f 5059/7481/5117 554/7482/618 2134/2950/2349
f 4987/7343/5076 5157/7483/5118 4345/7484/4549
f 4987/7485/5076 4345/6199/4549 4408/7149/4598
f 4987/7485/5076 4408/7149/4598 5060/7486/4068
f 4987/7487/5076 5060/5385/4068 3819/5383/4067
f 4987/7343/5076 3147/4390/3398 5157/7483/5118
f 3403/4748/3659 4128/5851/4336 4129/5852/4337
f 3403/4748/3659 4129/5852/4337 3404/4749/3660
f 4350/6206/4554 3067/4280/3322 1848/2576/2056
f 4350/6206/4554 3068/4281/3323 3067/4280/3322
f 4350/6206/4554 1848/2576/2056 1847/2575/2055
f 4545/6537/4730 2980/6543/3238 4651/7488/2209
f 1544/2179/1732 4759/6925/4910 4444/6356/4633
f 1544/2179/1732 4444/6356/4633 585/808/650
f 1544/2179/1732 585/808/650 584/807/649
f 1566/7356/1755 939/1335/1054 1567/7489/1756
f 2748/3829/2990 1576/2216/1765 1575/2215/1764
f 3334/4645/3588 4909/7199/5024 4742/6884/4900
f 3334/4645/3588 1741/2431/1940 2752/3833/2994
f 3334/4645/3588 2752/3833/2994 4909/7199/5024
f 101/161/119 103/163/121 1588/2241/1780
f 4114/5826/84 4150/5880/4357 3108/4325/84
f 4114/5826/84 3108/4325/84 2761/3853/3004
f 4152/5882/4359 5061/7490/5119 5062/7491/5120
f 4152/5882/4359 4776/6949/4925 2181/3029/2404
f 4152/5882/4359 5062/7491/5120 4776/6949/4925
f 4152/5882/4359 1766/2459/1966 5061/7490/5119
f 4371/6242/4572 5236/6579/1420 4372/6243/1424
f 4371/6531/4572 2962/4128/3222 4543/6532/4726
f 4371/6242/4572 4942/7250/4728 5236/6579/1420
f 4371/6531/4572 2963/4129/3223 2962/4128/3222
f 1826/2545/2030 989/1400/1111 3114/4333/3371
f 1826/2545/2030 990/1401/1112 989/1400/1111
f 1620/2284/1814 1622/2286/1816 3799/5344/4053
f 4661/6743/4833 1629/2293/1823 1042/1474/1169
f 4661/6743/4833 1042/1474/1169 1041/1473/1168
f 4661/6743/4833 4332/6182/4539 1629/2293/1823
f 4297/6120/4502 895/1269/1008 894/1268/1007
f 4297/6120/4502 894/1268/1007 4784/6969/4931
f 1642/2306/1836 3936/5548/4173 4335/6186/4541
f 1642/2306/1836 4335/6186/4541 1643/2307/1837
f 4159/5896/4367 2353/3246/2579 2352/3245/2578
f 4159/5896/4367 164/253/190 2353/3246/2579
f 2791/3891/3037 1809/2517/2012 1808/2516/2011
f 870/1231/976 4837/7064/4968 3706/5209/3960
f 870/1231/976 873/1234/979 4837/7064/4968
f 5063/7492/2731 5234/7493/5121 5064/7494/4350
f 5063/3471/2731 2507/3474/2734 3317/4620/3572
f 5063/7492/2731 5064/7494/4350 4308/6137/4351
f 5063/7492/2731 5065/7495/5122 5234/7493/5121
f 5063/3471/2731 3317/4620/3572 5065/7496/5122
f 4414/6302/4603 5066/7497/5123 70/112/80
f 4414/6302/4603 5067/7498/4600 208/319/240
f 4414/6302/4603 70/112/80 4737/6877/4897
f 219/330/251 222/333/254 4000/5646/4231
f 4401/6285/4488 2818/3925/3067 3197/4465/3446
f 3857/5435/4105 4853/7090/4982 1971/2728/2175
f 3857/5435/4105 1969/2727/2174 5255/5437/4106
f 3857/5435/4105 1971/2728/2175 1969/2727/2174
f 5068/7499/5124 4727/6861/4888 4679/6772/4846
f 5068/7499/5124 4274/6066/4476 4727/6861/4888
f 5068/7499/5124 4313/6144/4520 3339/4655/3595
f 5068/7499/5124 3338/4654/3594 4274/6066/4476
f 5068/7499/5124 3339/4655/3595 3338/4654/3594
f 5068/7499/5124 4679/6772/4846 4313/6144/4520
f 1189/1680/1339 2418/7500/2647 5231/1682/1341
f 4067/5766/4285 4972/7315/5066 5069/7501/4805
f 4067/5760/4285 5069/7502/4805 4065/5761/4286
f 1422/1994/1591 1423/1995/1592 1001/1425/1127
f 4792/6988/4937 263/387/299 3219/4501/3471
f 4792/6988/4937 1428/2000/1596 264/388/300
f 4792/6988/4937 264/388/300 263/387/299
f 4792/6988/4937 423/601/480 1428/2000/1596
f 5071/5283/4009 3755/5282/4008 5070/7503/962
f 5071/7504/4009 5070/1215/962 858/1217/959
f 5071/7505/4009 4860/7104/4987 2477/3423/2703
f 5071/7505/4009 858/1212/959 4860/7104/4987
f 2844/3968/3096 2887/4024/3143 2845/3969/3097
f 2844/3968/3096 1231/1746/1384 2887/4024/3143
f 5072/2024/1617 4797/7000/4942 1098/1533/1227
f 5072/7506/1617 1449/1110/879 784/1109/876
f 1453/2033/1622 3866/5449/4112 5138/2034/1623
f 1453/2033/1622 1452/2032/1621 3867/5450/4113
f 1453/2033/1622 3867/5450/4113 3866/5449/4112
f 293/433/14 13/26/14 469/654/14
f 293/433/14 469/654/14 3716/5227/14
f 1462/2045/1634 4192/5935/4398 4191/5934/4397
f 1462/2045/1634 303/444/344 4192/5935/4398
f 1462/2045/1634 974/1382/1094 973/1381/1093
f 1462/2045/1634 4191/5934/4397 974/1382/1094
f 3327/7507/3582 3328/7508/3583 4278/7509/2408
f 147/236/173 152/241/178 2090/2881/2298
f 147/236/173 2090/2881/2298 3330/4637/3586
f 5073/7510/5125 2197/3056/2420 4059/7511/4279
f 5073/7512/5125 4059/5750/4279 1581/2227/1772
f 5073/7512/5125 902/1279/1016 899/1274/1013
f 5073/7510/5125 2198/3057/2421 2197/3056/2420
f 5073/7512/5125 1581/2227/1772 5074/7513/5126
f 5073/7512/5125 5074/7513/5126 902/1279/1016
f 5073/7510/5125 899/7514/1013 2198/3057/2421
f 4301/6127/4506 4882/7145/4998 5075/7515/5127
f 4301/6127/4506 5075/7515/5127 3783/5324/4038
f 4301/6127/4506 4302/6128/4507 4463/6388/4648
f 4301/6127/4506 4463/6388/4648 4882/7145/4998
f 4804/7016/4946 3747/5274/4001 2460/3397/2687
f 4804/7016/4946 4730/6865/4891 2816/7017/3064
f 4804/7016/4946 4175/5914/4381 4171/5909/4379
f 4804/7016/4946 4171/5909/4379 3747/5274/4001
f 4804/7016/4946 2460/3397/2687 4730/6865/4891
f 4304/7020/4510 3840/5412/4088 4982/7333/5072
f 4809/7024/4948 4374/6245/4573 2892/4029/3148
f 4809/7024/4948 2753/3835/2995 341/490/384
f 4811/7026/4950 1496/2099/1676 1495/2098/1675
f 4811/7026/4950 5168/7336/5074 1496/2099/1676
f 349/500/394 3824/5390/4073 3449/4799/3706
f 349/500/394 3449/4799/3706 1804/2511/2007
f 349/500/394 1804/2511/2007 5010/7394/5088
f 369/529/417 5275/522/413 4799/7004/4943
f 1815/7516/2019 4467/6393/4652 1818/2534/2020
f 1815/2537/2019 1819/2536/2022 4467/6402/4652
f 4685/6794/4853 4425/6321/4615 2495/3458/2722
f 4685/6794/4853 4686/6795/4854 4425/6321/4615
f 2502/3463/2724 4808/7023/4089 2500/3464/2725
f 1831/2550/2035 4068/2553/2038 4069/5769/4287
f 400/572/453 3255/4542/3506 4925/7226/5032
f 400/572/453 4925/7226/5032 3383/7517/3640
f 4689/6800/4856 4929/7231/5036 3528/4941/3787
f 1846/2574/2054 5007/7518/5086 4597/6627/4779
f 4429/3496/2747 5076/7519/4857 2983/4157/3241
f 4429/3496/2747 5198/3498/2749 3206/4479/3458
f 4429/6326/2747 3695/5191/3950 5076/6801/4857
f 4569/6575/4751 26/42/28 2879/4010/3135
f 4569/6575/4751 4575/6589/4761 4570/6576/4752
f 4930/7232/5037 2016/2793/2223 1863/2596/2070
f 4930/7232/5037 1860/2593/2067 419/597/476
f 4930/7232/5037 1863/2596/2070 1860/2593/2067
f 4930/7232/5037 3223/4505/3475 2016/2793/2223
f 5077/7520/3841 4886/7152/5001 3584/5025/3842
f 5077/7520/3841 5079/7153/5002 4886/7152/5001
f 5077/5026/3841 5078/7521/5128 5079/7522/5002
f 5077/5026/3841 3583/5020/3840 5078/7521/5128
f 4235/6003/84 4236/6004/2784 2218/3078/84
f 2301/3191/2530 2757/3843/2999 2755/3846/2998
f 2301/3191/2530 2303/7523/2531 4381/7524/3287
f 2301/3191/2530 4381/7524/3287 2757/3843/2999
f 3608/5063/3861 619/861/690 4603/6641/4783
f 3608/5063/3861 4603/6641/4783 5038/6017/4443
f 3608/5063/3861 5038/6017/4443 3609/5064/14
f 3608/5063/3861 3009/4197/3267 619/861/690
f 3610/5065/3862 3500/4897/3758 3502/4899/3760
f 3610/5065/3862 3502/4899/3760 3611/5066/3863
f 4715/6839/4877 5080/7525/5129 4347/6203/4551
f 4715/6839/4877 4347/6203/4551 480/668/536
f 4715/6839/4877 4827/7052/4960 5080/7525/5129
f 4715/6839/4877 4714/6838/4876 4827/7052/4960
f 2086/2877/2294 2089/2880/2297 358/6184/403
f 1908/2650/2112 3725/5236/3979 2929/4078/3189
f 5082/6844/4879 4246/6023/4449 5081/7526/5130
f 5082/7527/4879 4548/7528/3625 692/7529/769
f 5082/6844/4879 1915/2657/2119 4246/6023/4449
f 5082/7530/4879 5081/7531/5130 4548/7532/3625
f 280/406/317 1447/2023/1616 281/407/318
f 261/385/297 3474/4849/3731 2942/4095/3202
f 1103/1544/1235 4252/6034/4455 1106/1547/1238
f 4572/6578/4754 5083/7533/583 5233/7534/5131
f 4572/6578/4754 5233/7534/5131 5236/6579/1420
f 4572/6578/4754 4573/6580/4755 5083/7533/583
f 1659/2327/1854 3782/5325/4037 1660/2328/1855
f 1659/2327/1854 4726/2324/1852 3661/731/593
f 2103/2900/2312 1286/1812/1442 543/746/603
f 4093/5804/4309 4879/7142/4995 4881/7144/4997
f 4093/5804/4309 1671/2339/1866 4879/7142/4995
f 4093/5804/4309 2598/3603/2834 1671/2339/1866
f 4093/5804/4309 2602/3608/2837 2598/3603/2834
f 254/378/290 3472/4847/3729 2525/3515/2758
f 4904/7194/5020 3921/5526/4158 114/180/134
f 4904/7194/5020 4102/5814/4316 560/769/623
f 4904/7194/5020 1679/2347/1874 3921/5526/4158
f 4904/7194/5020 114/180/134 4102/5814/4316
f 2615/2355/1882 1684/2352/1879 5084/7535/2851
f 2615/3629/1882 563/773/627 1687/771/625
f 2566/3565/2801 2564/7305/2800 569/780/633
f 2566/3565/2801 569/780/633 568/779/632
f 3457/4816/3714 2547/3542/2782 1885/2626/2092
f 3457/4816/3714 4397/6279/4592 2547/3542/2782
f 3457/4816/3714 1885/2626/2092 3458/4817/3715
f 1445/2020/1613 3461/4824/3716 5114/2021/1614
f 4355/7536/4560 4638/7537/1000 1726/7538/997
f 4355/7539/4560 4354/7540/4364 4156/7541/4363
f 4355/6218/4560 1726/7542/997 4356/6219/1923
f 4355/7543/4560 4156/5888/4363 4638/6702/1000
f 4358/7544/4561 3508/4914/3764 2141/2960/2358
f 4358/7544/4561 2141/2960/2358 4359/2959/2357
f 91/148/106 4375/6246/4574 4360/6225/4562
f 91/148/106 621/865/692 620/864/691
f 4272/6059/4471 3052/7360/3309 3570/4998/3823
f 1747/2439/1947 5097/7545/5132 3613/5068/3865
f 1747/2439/1947 2655/3687/2890 1748/2440/1948
f 1747/2439/1947 5185/2437/1946 5097/7545/5132
f 1747/2439/1947 3613/5068/3865 2655/3687/2890
f 5085/7546/2899 1136/1599/1280 3151/4396/3401
f 4579/6593/3740 3483/6952/3739 4580/6594/4765
f 4579/4859/3740 667/920/736 666/919/737
f 287/416/325 789/7547/887 4666/7256/4836
f 4898/7188/5014 676/940/750 675/939/749
f 4898/7188/5014 194/300/226 676/940/750
f 4898/7188/5014 4286/6093/4489 4285/6091/4487
f 4898/7188/5014 4285/6091/4487 194/300/226
f 2685/3740/2924 4611/6653/4789 2686/3741/2925
f 2685/3740/2924 4917/7208/5030 4611/6653/4789
f 5086/7548/4778 705/986/784 4736/6876/4760
f 5086/6626/4778 1146/1617/1290 706/1610/785
f 5086/7548/4778 706/987/785 705/986/784
f 5086/7548/4778 4736/6876/4760 4216/6875/4419
f 1356/1890/1513 4516/6495/4700 2692/3748/2932
f 1191/1683/1342 1192/1684/1343 4502/6470/4686
f 1278/1804/1434 3096/4312/3353 1279/1805/1435
f 1278/1804/1434 1281/1807/1437 3097/4313/3354
f 2046/2826/2250 19/35/21 4901/7191/5017
f 2046/2826/2250 477/664/533 19/35/21
f 4504/6474/1704 4753/699/567 507/698/566
f 1218/1727/1369 4630/6684/4807 4275/6067/4477
f 1218/1727/1369 5035/7431/5105 4630/6684/4807
f 1218/1727/1369 1220/1729/1371 5035/7431/5105
f 729/1019/809 4845/7075/4975 4846/7076/4976
f 729/1019/809 5087/7549/5133 730/1020/810
f 729/1019/809 731/1021/811 4845/7075/4975
f 729/1019/809 4846/7076/4976 5087/7549/5133
f 2313/3205/2542 5088/7550/5134 813/1148/911
f 2313/3205/2542 3927/5534/4164 5088/7550/5134
f 2677/3729/2916 3355/4680/3612 107/167/125
f 4886/7152/5001 2721/3798/2962 1778/2473/1980
f 4886/7152/5001 1778/2473/1980 3584/5025/3842
f 2605/1267/1006 2607/3617/2843 4784/6969/4931
f 2605/1267/1006 4784/6969/4931 894/1268/1007
f 2154/2981/2369 767/1081/856 3934/5546/4171
f 2154/2981/2369 3937/5549/4174 1259/1781/14
f 4/5/4 6/10/7 4850/7167/4980
f 4/5/4 5089/7551/5005 5180/6/5
f 4738/6878/4898 4220/5984/4424 576/803/643
f 4738/6878/4898 576/803/643 2340/3233/2566
f 4739/3680/2386 2650/3679/2885 5090/7552/3414
f 5091/6642/4784 5092/6195/4545 1201/1694/1352
f 5091/7553/4784 2396/3305/2622 5092/7554/4545
f 5091/7553/4784 4604/3308/2623 2396/3305/2622
f 4291/6108/4499 4894/7182/5010 5241/3777/2946
f 4291/6108/4499 5241/3777/2946 3181/6111/3430
f 4291/6108/4499 2174/3020/2396 4894/7182/5010
f 800/1135/898 4648/6725/4822 801/1136/899
f 800/1135/898 4555/6553/4739 4648/6725/4822
f 4825/7050/4958 1304/1832/1462 5093/7555/5135
f 4825/7050/4958 4963/7303/5057 4826/7051/4959
f 4825/7050/4958 5093/7555/5135 4964/7304/5058
f 4825/7050/4958 4964/7304/5058 4963/7303/5057
f 1899/2641/2103 4349/6205/4553 4650/6727/4824
f 1899/2641/2103 3717/5228/3971 4349/6205/4553
f 3549/4971/3807 1533/2162/1719 1532/2161/1718
f 3549/4971/3807 1532/2161/1718 4991/7348/5079
f 3549/4971/3807 2199/3058/2422 3776/5316/4032
f 831/1170/927 830/1168/926 1718/6488/1916
f 2214/3074/2435 4899/7189/5015 2215/3075/2436
f 2214/3074/2435 2733/3813/2974 4899/7189/5015
f 4830/7056/4963 4655/6734/4827 3172/4433/3419
f 4830/7056/4963 3172/4433/3419 852/1203/951
f 4218/5979/4421 2110/2915/2322 596/820/662
f 4218/5979/4421 5170/409/319 2110/2915/2322
f 4218/5979/4421 596/820/662 3205/4474/3455
f 4471/6409/4657 5056/6105/4496 4290/6104/4495
f 4073/5774/4291 4187/5930/4393 4074/5775/4292
f 4662/6744/4834 4095/3547/2786 4098/5811/4313
f 4662/6744/4834 1966/2724/2173 4095/3547/2786
f 4662/6744/4834 2389/3294/2614 1966/2724/2173
f 4662/6744/4834 3392/4737/3651 2389/3294/2614
f 2097/2891/2305 2634/7556/2868 2635/2892/2306
f 2097/2891/2305 4557/7557/4741 2634/7556/2868
f 2097/2894/2305 2096/2889/2304 4558/6556/4742
f 2097/2894/2305 4558/6556/4742 4557/6555/4741
f 887/1252/994 5094/7558/246 5095/7559/246
f 887/1252/994 2868/3992/3120 4912/7203/4722
f 887/1252/994 4978/7326/5069 5248/7560/5136
f 887/1252/994 5095/7559/246 4979/7327/5070
f 887/1252/994 4582/6598/4767 5094/7558/246
f 887/1252/994 886/1251/993 2866/3990/3118
f 887/1252/994 4979/7327/5070 4978/7326/5069
f 887/1252/994 5247/7561/5137 4711/6834/4873
f 887/1252/994 5248/7560/5136 5247/7561/5137
f 3200/4468/3449 3202/4470/3451 5096/7562/5138
f 3200/4468/3449 5096/7562/5138 2391/3297/2617
f 780/1098/870 5076/6801/4857 3527/4940/3786
f 780/1098/870 2983/6143/3241 5076/6801/4857
f 3614/2778/2210 5097/7563/5132 1588/2241/1780
f 3614/2778/2210 1588/2241/1780 3103/4320/3361
f 3614/2778/2210 3103/4320/3361 2005/2781/2213
f 3614/5069/2210 3613/5068/3865 5097/7545/5132
f 1090/1528/1222 1092/1530/1224 3618/5073/3869
f 1090/1528/1222 3619/5074/3870 1091/1529/1223
f 4065/5763/4286 1518/2134/1702 2765/3857/3007
f 4065/5763/4286 5069/7564/4805 1518/2134/1702
f 930/1324/1046 3658/5149/3915 3655/5151/3910
f 4931/7233/5038 4083/5787/4300 1567/7489/1756
f 4931/7233/5038 939/1335/1054 935/1331/1051
f 4931/7233/5038 935/1331/1051 3988/5627/4221
f 4931/7233/5038 1567/7489/1756 939/1335/1054
f 3636/5107/3890 4564/6568/4747 4438/6344/4627
f 1322/1851/1481 2485/4808/2713 1323/1852/1482
f 3736/5249/3989 3359/4684/3616 3360/4685/3617
f 3736/5249/3989 3360/4685/3617 3737/5250/3990
f 3736/5249/3989 2036/2815/2242 2035/2814/2241
f 3736/5249/3989 2035/2814/2241 3359/4684/3616
f 4163/5900/4371 4870/6095/4490 2037/2816/2243
f 4445/6357/4634 4526/6507/4708 3083/4298/3340
f 4445/6357/4634 5098/7565/5139 4526/6507/4708
f 4445/6357/4634 3084/4299/3341 5098/7565/5139
f 4445/6357/4634 3083/4298/3340 4446/6358/4635
f 4167/5904/4374 4966/7307/5060 4168/5905/4375
f 4167/5904/4374 2043/2822/2247 4966/7307/5060
f 4310/6140/4517 4311/6141/4518 4675/6765/4842
f 4310/6140/4517 974/1382/1094 4191/5934/4397
f 3255/4542/3506 3660/5154/3916 4925/7226/5032
f 3786/6375/4042 1489/2092/1669 4009/703/571
f 1277/1803/1433 3263/4551/3514 3664/5158/3919
f 2061/2847/2267 3264/4553/3516 3669/5163/3924
f 2061/2847/2267 2060/2846/2266 3264/4553/3516
f 1170/1652/1318 823/1158/916 2718/3795/916
f 1015/1439/1141 3275/4568/3529 2080/2871/2288
f 1015/1439/1141 5099/7566/5140 3275/4568/3529
f 1015/1439/1141 1014/1438/1140 5099/7566/5140
f 1654/2319/1848 5100/7567/5141 1020/1447/1146
f 1654/2319/1848 1656/2321/1849 3959/5588/4195
f 1654/2319/1848 3959/5588/4195 5100/7567/5141
f 4577/6591/4763 3408/7568/3664 3168/4428/3416
f 4577/6591/4763 1028/6459/1155 5101/7569/3666
f 4577/6591/4763 4497/6460/4679 1028/6459/1155
f 4577/6591/4763 5101/7569/3666 3408/7568/3664
f 446/624/503 1030/1461/1157 4836/7063/4967
f 2912/4058/3169 1625/2289/1819 1627/2291/1821
f 466/649/524 4079/5780/4297 467/650/525
f 1049/1481/1175 2810/3915/3057 2916/4063/3174
f 1049/1481/1175 1050/1482/1176 2811/3916/3058
f 1049/1481/1175 2811/3916/3058 2810/3915/3057
f 5102/7570/5142 3465/4828/3720 2922/4071/3182
f 5102/7570/5142 2922/4071/3182 2919/4067/3178
f 5102/7570/5142 2919/4067/3178 1053/1485/1179
f 5102/7570/5142 3467/4830/3722 3465/4828/3720
f 5102/7570/5142 1053/1485/1179 2384/3288/2609
f 5102/7570/5142 2384/3288/2609 3467/4830/3722
f 1691/2360/1886 2387/4330/2612 1692/2361/1887
f 1691/7571/1886 5103/7572/1889 1060/7573/1186
f 4757/4918/3767 3510/4917/3766 4867/7574/4990
f 3818/5380/4066 3434/4784/3692 3433/4783/3691
f 3818/5380/4066 1086/1522/1216 3434/4784/3692
f 3818/5380/4066 5060/5384/4068 4408/6296/4598
f 2940/4093/3200 1932/2676/2138 5024/7416/5098
f 2940/4093/3200 5024/7416/5098 3833/5402/4081
f 724/1012/802 5130/7575/5143 5230/1013/803
f 724/1012/802 722/1010/800 4415/6308/4607
f 724/1012/802 2580/3581/2815 5130/7575/5143
f 724/1012/802 4415/6308/4607 2580/3581/2815
f 2944/4097/3204 518/711/579 519/712/580
f 2944/4097/3204 519/712/580 2945/4098/3205
f 5104/7458/5112 5197/7576/5144 3177/4440/3423
f 5104/7577/5112 5201/7313/5065 4973/7316/5067
f 5104/7578/5112 5171/7579/5114 5201/7580/5065
f 5104/7581/5112 4973/7582/5067 5197/7583/5144
f 3605/5057/3858 4553/6551/4737 3887/5485/4131
f 2422/3349/2650 945/1341/1060 4554/6552/4738
f 949/1345/1064 3896/5495/4139 1117/1566/1253
f 4777/6950/4926 2805/3910/3052 2439/3369/2668
f 4777/6950/4926 2439/3369/2668 2438/3368/2667
f 3077/4292/3334 2333/3226/2559 2448/3379/2675
f 637/1393/708 984/1395/1106 642/6465/712
f 637/7584/708 993/7585/1117 5105/7586/1105
f 637/7587/708 2535/7588/2770 993/7589/1117
f 4690/7590/4858 4855/7591/4984 5161/7592/4663
f 4690/6803/4858 4567/6572/4750 4566/6571/4749
f 4690/6803/4858 5161/7593/4663 4691/6804/1977
f 5106/7594/2753 4199/5950/4404 4198/5949/4403
f 5106/7594/2753 4198/5949/4403 4047/5724/3247
f 5106/7594/2753 5107/7595/1774 4199/5950/4404
f 5106/3510/2753 4047/4164/3247 2521/3511/2754
f 2990/4166/3249 3398/4743/3657 1695/2366/1892
f 5108/7596/5145 2992/4168/3251 2994/4170/3253
f 5108/7596/5145 1175/1657/1323 1176/1658/1324
f 5108/7596/5145 2994/4170/3253 4228/5994/4433
f 5108/7596/5145 4228/5994/4433 1175/1657/1323
f 5108/7596/5145 1176/1658/1324 4600/6632/4781
f 5108/7596/5145 4600/6632/4781 2992/4168/3251
f 5110/7597/4986 5109/7598/4467 2998/7599/3257
f 5110/7600/4986 1460/2043/1632 5109/6053/4467
f 5110/7099/4986 2998/4176/3257 5111/7601/5146
f 5110/7099/4986 5111/7601/5146 2469/3412/2694
f 1185/1676/1335 2084/2875/2292 1186/1677/1336
f 3002/4189/3263 3393/4738/3652 3390/4735/3649
f 3002/4189/3263 4204/7602/4410 3393/4738/3652
f 3002/4189/3263 3390/4735/3649 3006/4193/3265
f 4485/6437/4555 4352/7603/4557 1737/2427/1936
f 4485/6207/4555 3895/5494/4138 3893/5492/4136
f 4485/6437/4555 1475/2067/1650 4923/2064/1647
f 4485/6207/4555 4923/7223/1647 3895/5494/4138
f 2651/3683/2886 4873/1118/886 3809/7604/4059
f 5017/7402/5094 3491/4881/3751 3494/4880/3752
f 5017/7402/5094 5112/7605/5147 3491/4881/3751
f 5017/7402/5094 4438/6344/4627 5112/7605/5147
f 5026/7418/5100 5113/7606/5148 2041/2820/2246
f 5026/7418/5100 4632/6690/4810 4634/6692/4812
f 5026/7418/5100 4967/7308/5061 5113/7606/5148
f 5026/7418/5100 4634/6692/4812 4967/7308/5061
f 1446/2171/1615 1540/2174/1723 3346/7607/3602
f 1446/2171/1615 5114/7608/1614 5009/7393/2746
f 2264/3145/2490 2034/2813/2240 1119/1568/1255
f 521/714/582 524/716/584 5115/7609/5149
f 521/714/582 5054/7469/5115 4005/5652/4236
f 521/714/582 5115/7609/5149 5054/7469/5115
f 1133/1592/1273 3811/5365/4062 1911/7084/2115
f 1133/1592/1273 5262/1596/1277 1411/1967/1576
f 3057/4265/613 1313/1842/1472 2551/3550/2787
f 3057/4265/613 554/7482/618 1313/1842/1472
f 1292/1820/1450 1294/1822/1452 3299/4601/3554
f 4729/6864/4890 1903/2645/2107 562/772/626
f 4729/6864/4890 4105/5817/4319 4104/5816/4318
f 1309/1838/1468 2947/4106/3208 3792/5335/4048
f 1309/1838/1468 3792/5335/4048 1310/1839/1469
f 2955/4110/3214 2954/4109/3213 4671/6760/4839
f 2955/4110/3214 4671/6760/4839 3307/4609/3562
f 3799/5344/4053 1622/2286/1816 452/631/510
f 3490/4874/3748 4620/6668/4799 4477/7610/4661
f 3490/4874/3748 3088/4303/730 4620/6668/4799
f 5036/7432/5106 3091/4306/3347 3907/5510/4148
f 5036/7432/5106 5037/7433/246 4121/5842/4332
f 5036/7432/5106 4121/5842/4332 1646/2310/1840
f 5036/7432/5106 1646/2310/1840 3091/4306/3347
f 909/1282/1018 4201/5952/4406 904/1283/1019
f 4877/7137/4793 4884/7147/5000 2514/3489/2741
f 2907/4049/3163 5116/7611/5150 2908/4050/3164
f 2907/4047/3163 2867/3991/3119 5116/7612/5150
f 926/1319/1042 924/1318/1041 4971/7613/5064
f 256/380/292 4752/6910/4906 5028/7420/5101
f 256/380/292 5028/7420/5101 4706/1817/1447
f 2610/3622/2847 2119/2930/2333 1681/2933/1876
f 5088/7550/5134 3927/5534/4164 3926/5533/4163
f 5088/7550/5134 3926/5533/4163 4829/7054/4962
f 5088/7550/5134 4829/7054/4962 4828/7053/4961
f 5088/7550/5134 4828/7053/4961 813/1148/911
f 3686/5180/3941 5117/7614/5151 2623/3638/2859
f 3686/5180/3941 4991/7348/5079 5117/7614/5151
f 3686/5180/3941 2623/3638/2859 188/288/218
f 3686/5180/3941 188/288/218 3687/5181/3942
f 5109/6053/4467 1460/2043/1632 1459/2041/1630
f 5109/6053/4467 2999/4179/3258 2998/7615/3257
f 2632/3653/2866 5118/7616/5152 3801/5347/4055
f 2632/3653/2866 3801/5347/4055 2633/3654/2867
f 2632/3653/2866 3931/5540/4167 5118/7616/5152
f 4526/6507/4708 5098/7565/5139 3082/4297/3339
f 4527/6508/4709 2345/3238/2571 4528/6509/4710
f 4527/6508/4709 4529/6510/4711 4700/6818/4867
f 4527/6508/4709 3085/4300/3342 2345/3238/2571
f 4527/6508/4709 4700/6818/4867 3085/4300/3342
f 2350/3243/2576 2349/3242/2575 1723/2403/1920
f 3404/4749/3660 4143/5869/4348 3405/4750/3661
f 312/454/354 4484/6436/4667 313/455/355
f 312/454/354 311/453/353 1731/2421/1930
f 320/465/363 2000/2768/2205 1999/2767/2204
f 320/465/363 5119/7617/360 2000/2768/2205
f 3920/7618/3221 2960/7619/3220 181/7620/211
f 4727/6861/4888 4274/6066/4476 2657/3689/2892
f 4727/6861/4888 2657/3689/2892 4728/6862/4889
f 2177/3025/2401 1763/2456/1963 4836/7063/4967
f 2177/3025/2401 2662/3694/2896 2178/3026/730
f 2177/3025/2401 4836/7063/4967 2660/3692/2894
f 4650/6727/4824 3682/5176/3937 817/1152/915
f 4650/6727/4824 4349/6205/4553 4511/6487/4695
f 4650/6727/4824 4511/6487/4695 3682/5176/3937
f 2674/3718/2912 3929/3714/2911 405/6650/458
f 4609/6651/4787 1243/1762/1396 4610/6652/4788
f 674/938/748 673/937/747 3952/5580/4187
f 4611/6653/4789 4917/7208/5030 4612/6654/4790
f 2689/3745/2929 689/954/764 690/955/765
f 3949/3419/2701 4549/6547/4734 2476/3420/2702
f 1728/2414/1926 52/76/55 5120/7621/1927
f 1728/2414/1926 4592/6621/4774 52/76/55
f 4554/6552/4738 4648/6725/4822 4555/6553/4739
f 4554/6552/4738 945/1341/1060 942/1338/1057
f 4554/6552/4738 942/1338/1057 4648/6725/4822
f 5121/7622/5153 193/299/225 192/295/223
f 5121/7622/5153 192/295/223 2799/3900/3046
f 5121/7622/5153 3242/4524/3493 677/941/751
f 5121/7622/5153 2799/3900/3046 2798/3899/3045
f 5121/7622/5153 2798/3899/3045 3242/4524/3493
f 5121/7622/5153 677/941/751 193/299/225
f 5122/7623/3415 5090/7624/3414 5124/7625/2884
f 5122/4426/3415 2238/7626/2460 64/98/73
f 5122/4426/3415 5123/7627/2462 2238/7626/2460
f 5122/4426/3415 5124/7628/2884 5123/7627/2462
f 5125/1956/1568 1408/1957/1569 3260/4548/3511
f 5125/7629/1568 3260/6929/3511 4589/6615/4772
f 5125/7629/1568 4589/6615/4772 5239/7630/127
f 2500/3464/2725 4808/7023/4089 4042/5719/4267
f 5/7/6 1578/7083/1769 6/8/7
f 2341/3234/2567 5126/7631/642 4281/6080/4483
f 2341/3234/2567 580/802/645 5126/7631/642
f 2515/3490/2742 1844/2570/2052 1157/1632/1302
f 2515/3490/2742 2517/3492/2744 1738/2428/1937
f 3285/7632/3539 5203/7633/5154 5127/7634/965
f 3285/7635/3539 5127/7636/965 4086/7637/4302
f 3285/7638/3539 5204/7639/1585 5203/7640/5154
f 26/42/28 28/44/30 2879/4010/3135
f 4379/6252/4578 4988/7345/5077 3418/4765/3675
f 4379/6252/4578 5000/7370/5083 4989/7346/5078
f 4379/6252/4578 4989/7346/5078 4988/7345/5077
f 4379/6252/4578 3874/5466/4119 5000/7370/5083
f 3175/4438/3422 3178/4442/3424 5128/7641/679
f 5129/7642/154 76/124/85 3169/4429/3417
f 5129/7642/154 3168/4428/3416 3408/7568/3664
f 5129/7642/154 3169/4429/3417 3168/4428/3416
f 4580/6594/4765 2138/2954/2352 2538/3533/2773
f 4580/6594/4765 4778/2957/2355 2138/2954/2352
f 2547/3542/2782 4397/6279/4592 2548/3543/2783
f 2757/3843/2999 4381/7524/3287 2758/3844/3000
f 4241/6016/4442 1895/2637/2100 3609/5064/14
f 4241/6016/4442 2559/3557/2794 1896/2638/14
f 4241/6016/4442 1896/2638/14 1895/2637/2100
f 2514/3489/2741 4884/7147/5000 4769/6941/4920
f 2063/2849/2269 2062/2848/2268 2571/3572/2806
f 3434/4784/3692 1087/1523/1217 43/61/47
f 3437/4787/3695 4734/6869/4895 3440/4790/3698
f 3437/4787/3695 4411/6304/4604 4734/6869/4895
f 3444/7643/3702 5130/7575/5143 1937/2686/2143
f 3444/4794/3702 3443/4793/3701 5130/7644/5143
f 2581/3582/2816 2080/2871/2288 3275/4568/3529
f 2581/3582/2816 3275/4568/3529 3277/4570/3531
f 1359/1893/1516 1358/1892/1515 2933/2504/2003
f 1359/1893/1516 3914/5518/4154 3911/5515/4153
f 1365/1899/1522 2954/4109/3213 1366/1900/1523
f 1365/1899/1522 4671/6760/4839 2954/4109/3213
f 1764/2457/1964 5031/7427/5103 2796/3897/3043
f 1764/2457/1964 2796/3897/3043 2795/3896/3042
f 1764/2457/1964 1761/2454/1961 5031/7427/5103
f 1957/2713/2164 5020/7409/5095 5061/7490/5119
f 1957/2713/2164 5061/7490/5119 1378/1918/1536
f 4309/6139/4516 4673/6762/4841 3746/5270/4000
f 4309/6139/4516 3746/5270/4000 5131/7645/5155
f 4309/6139/4516 5131/7645/5155 2979/4152/3237
f 5132/7646/666 4772/6945/4923 4774/6947/4732
f 5132/7647/666 4774/6540/4732 4547/6542/4731
f 5132/7647/666 4547/6542/4731 5133/7648/667
f 5132/7646/666 5134/7649/665 4772/6945/4923
f 3465/4828/3720 4449/6361/4638 2922/4071/3182
f 1402/1950/1562 5181/3924/3066 1403/1951/1563
f 1402/1950/1562 1400/1948/1560 2817/3923/3065
f 5135/7650/5156 4176/5915/4383 2215/3075/2436
f 5135/7650/5156 3901/5503/246 5034/7430/5104
f 5135/7650/5156 4899/7189/5015 2820/3928/3070
f 5135/7650/5156 2215/3075/2436 4899/7189/5015
f 5135/7650/5156 5034/7430/5104 4176/5915/4383
f 5135/7650/5156 2820/3928/3070 3901/5503/246
f 2055/2841/2261 407/583/462 2056/2842/2262
f 4322/6163/2627 4094/5805/4310 4323/6164/4530
f 4322/6163/2627 3056/7651/3313 4094/5805/4310
f 3397/4742/3656 5136/7652/5157 3398/4743/3657
f 3397/4742/3656 4264/6049/4463 5136/7652/5157
f 4184/5926/4390 1434/2006/1602 4883/7146/4999
f 659/6533/729 4543/6532/4726 2962/4128/3222
f 659/6887/729 2839/3962/3093 5137/7653/4727
f 2847/3971/3099 2849/3973/3101 3484/4860/3741
f 2847/3971/3099 4659/6741/4831 2848/3972/3100
f 5138/2034/1623 3866/5449/4112 5139/7654/4546
f 5138/7655/1623 5139/7656/4546 2396/7657/2622
f 5138/2034/1623 2396/7658/2622 1454/2035/1624
f 4477/6417/4661 1347/1880/1505 4187/5930/4393
f 5116/7611/5150 2048/2829/2252 5140/7659/5158
f 5116/7611/5150 5140/7659/5158 2908/4050/3164
f 5116/7612/5150 2867/3991/3119 2048/2828/2252
f 4999/4630/3581 4998/7660/4168 3328/4632/3583
f 1470/2059/1643 3198/4466/3447 4196/5947/4401
f 1470/2059/1643 4196/5947/4401 1471/2060/1644
f 1998/2766/2203 2001/2769/2206 4536/6519/4718
f 4867/7120/4990 4758/6065/4475 5141/7661/5159
f 2237/3104/2458 5142/7662/5160 5199/3105/2459
f 2237/3104/2458 4591/7663/4773 5142/7662/5160
f 4054/7470/4274 5054/7469/5115 5115/7609/5149
f 4054/5730/4274 5143/7664/5161 4052/5731/4275
f 4054/5730/4274 5115/7665/5149 5143/7664/5161
f 3825/5391/4074 2281/3164/2509 983/1392/1104
f 5055/4950/3792 3533/4953/3768 4474/6413/4658
f 5055/4950/3792 4474/6413/4658 4290/6412/4495
f 2703/3776/2945 4894/7182/5010 25/41/27
f 2703/3776/2945 5241/3777/2946 4894/7182/5010
f 802/1137/900 799/1134/897 2706/3783/2949
f 802/1137/900 1295/1823/1453 803/1138/901
f 4519/6500/350 308/7666/349 4520/6501/4702
f 2715/3792/2958 3830/5399/4078 2716/3793/2959
f 2315/3207/2544 3154/4402/3404 2318/3210/2547
f 2315/3207/2544 1002/1426/1128 3154/4402/3404
f 1533/2162/1719 828/1164/923 1534/2163/1720
f 3461/7667/3716 5144/7668/2748 5114/7608/1614
f 3461/7667/3716 4865/7111/4989 5144/7668/2748
f 3461/7667/3716 3462/7352/3717 4865/7111/4989
f 4135/7436/4342 4451/6363/4640 4136/1174/930
f 382/548/433 3555/4979/3719 4540/6526/4721
f 2744/3825/2986 4640/6704/4816 3652/5140/572
f 2744/3825/2986 2743/3824/2985 4640/6704/4816
f 1568/2208/1757 2643/3666/2877 1569/2209/1758
f 494/684/552 4736/6588/4760 705/984/784
f 5023/7415/5097 102/162/120 104/164/122
f 5023/7415/5097 104/164/122 4148/5878/4355
f 5145/2923/2328 1388/7669/1548 3245/4530/3497
f 5145/7670/2328 5146/7671/5162 1388/1935/1548
f 5145/2923/2328 5252/2920/2325 5146/7672/5162
f 3900/5502/4144 4630/6684/4807 3901/5503/246
f 1605/2268/1798 3021/4212/3274 3020/4211/3273
f 439/617/496 3409/4754/3665 440/618/497
f 439/617/496 3115/4334/3372 3409/4754/3665
f 1622/2286/1816 1623/2287/1817 454/633/512
f 1622/2286/1816 454/633/512 452/631/510
f 3269/7673/3523 4157/5893/916 4639/5425/4096
f 1126/7674/1262 4870/7125/4490 2691/3747/2931
f 1126/1578/1262 4515/6494/4699 155/244/181
f 1126/7674/1262 2691/3747/2931 5147/7675/4698
f 3367/4692/3624 3366/4691/3623 4120/5841/4331
f 3367/4692/3624 5037/7433/246 694/967/771
f 3367/4692/3624 4120/5841/4331 4121/5842/4332
f 3367/4692/3624 4121/5842/4332 5037/7433/246
f 5148/7676/1682 4125/7677/1679 4357/6220/3259
f 5149/7678/3081 2828/7679/3080 4568/7680/4538
f 3828/5397/1070 1114/1561/1250 1474/2066/1649
f 3830/5399/4078 3611/5066/3863 3502/4899/3760
f 3830/5399/4078 3502/4899/3760 2716/3793/2959
f 4667/6756/4837 2239/3107/2461 5124/7681/2884
f 4667/7682/4837 5150/7683/4257 4668/7684/4256
f 4667/7682/4837 5124/7685/2884 5150/7683/4257
f 3617/5072/3868 2244/3116/2467 3515/4924/3772
f 3617/5072/3868 2245/3117/2468 2244/3116/2467
f 2251/3123/2474 2661/3693/2895 2252/3124/2475
f 2251/3123/2474 1219/1728/1370 2661/3693/2895
f 2251/3123/2474 2249/3121/2472 1220/1729/1371
f 2251/3123/2474 1220/1729/1371 1219/1728/1370
f 5151/7686/4953 3623/3468/2728 2504/3469/2729
f 5151/7036/4953 730/1020/810 3624/5085/3876
f 5151/7036/4953 3624/5085/3876 3623/5084/2728
f 5151/7686/4953 2504/3469/2729 2254/5973/2477
f 2509/3478/2736 3479/4854/3736 2510/3479/2737
f 3067/4280/3322 1370/1905/1527 3946/7389/4182
f 3067/4280/3322 1371/1906/1528 1370/1905/1527
f 4914/7205/5027 5152/7687/5163 4735/6872/4896
f 4914/7205/5027 4735/6872/4896 3470/5421/3727
f 2034/2813/2240 1786/2481/1988 1785/2480/1987
f 4244/6021/4447 4078/5779/4296 4079/5780/4297
f 4244/6021/4447 4245/6022/4448 4078/5779/4296
f 2272/5783/2499 395/3661/447 1563/2203/1752
f 4869/7122/4991 2746/3827/2988 4231/7123/4435
f 4869/7122/4991 4143/5869/4348 2747/3828/2989
f 4869/7122/4991 4765/6937/2768 4143/5869/4348
f 4869/7122/4991 2747/3828/2989 2746/3827/2988
f 1092/1530/1224 3863/5444/4110 3618/5073/3869
f 5155/7296/5053 5153/7688/1725 5244/1638/1307
f 5155/7296/5053 4282/6084/4484 5154/7689/1729
f 5155/7690/5053 5154/7691/1729 5153/7692/1725
f 5155/7296/5053 5244/1638/1307 4959/7297/5054
f 2550/2126/1694 2551/3550/2787 1313/1842/1472
f 5156/6256/4579 4101/5813/4315 3675/5169/3930
f 5156/6256/4579 2305/4270/2534 3059/4269/3315
f 5156/7693/4579 2307/3199/2536 2305/3197/2534
f 5156/6256/4579 3675/5169/3930 359/512/406
f 5156/6256/4579 3059/4269/3315 4101/5813/4315
f 1304/1832/1462 1302/1830/1460 5093/7555/5135
f 5094/7558/246 1693/7694/1888 5095/7559/246
f 5094/7558/246 4582/6598/4767 5103/7572/1889
f 5094/7558/246 5103/7572/1889 1693/7694/1888
f 3891/5490/4134 3069/4282/3324 4351/6208/4556
f 3072/4285/3327 4906/7196/5022 3073/4286/3328
f 3072/4285/3327 4907/7197/5023 4906/7196/5022
f 4111/5823/4325 3692/5188/3947 4112/5185/3946
f 4111/5823/4325 5118/7616/5152 3692/5188/3947
f 4111/5823/4325 3801/5347/4055 5118/7616/5152
f 2345/3238/2571 3851/5428/4099 4528/6509/4710
f 2352/3245/2578 2351/3244/2577 3696/5194/3951
f 1440/3254/1609 1439/7695/1608 2356/3255/2584
f 3758/5286/4012 4701/6820/4682 5018/7403/4683
f 3758/5286/4012 4702/6671/4801 4701/6820/4682
f 3758/5286/4012 5018/7403/4683 3759/5287/4013
f 3758/5286/4012 1348/1882/1506 4702/6671/4801
f 5157/7696/5118 3451/4807/3709 4345/6201/4549
f 5157/7696/5118 4107/5819/4321 3451/4807/3709
f 5157/7696/5118 5158/7697/3397 4107/5819/4321
f 5157/7483/5118 3147/4390/3398 5158/4389/3397
f 3705/5208/3959 2596/5205/2831 1878/2616/2087
f 4396/6278/4591 2549/3545/2785 2548/3543/2783
f 676/940/750 193/299/225 677/941/751
f 676/940/750 194/300/226 193/299/225
f 2511/7698/2735 4086/7637/4302 5127/7636/965
f 4842/7699/4972 5142/7700/5160 4591/7701/4773
f 4842/7702/4972 2400/5558/2629 5159/7703/5164
f 4842/7069/4972 4591/7704/4773 4841/7070/4911
f 4842/7702/4972 5159/7703/5164 5142/7662/5160
f 4845/7075/4975 3110/4327/3367 3925/5530/4162
f 4845/7075/4975 731/1021/811 3110/4327/3367
f 3985/5624/4218 1264/1786/1416 1266/1788/1418
f 3985/5624/4218 1266/1788/1418 4418/6311/4610
f 3985/5624/4218 3987/5626/4220 1264/1786/1416
f 2140/2956/2354 4425/6321/4615 2964/4134/3224
f 4426/6322/4616 4044/5721/84 2969/4139/84
f 4426/6322/4616 5160/7705/84 4427/6323/4617
f 4426/6322/4616 2968/4138/84 5160/7705/84
f 4426/6322/4616 2969/4139/84 2968/4138/84
f 2971/4141/3228 2446/3377/2673 1140/1603/1283
f 4691/2470/1977 5161/7706/4663 4645/2471/1978
f 4697/6814/4861 4696/6812/4864 4801/7007/4259
f 4697/6808/4861 5030/7423/5102 4694/6809/4862
f 3747/5274/4001 4200/5951/4405 3748/5275/4002
f 1698/2369/1895 5162/7707/5165 4264/6049/4463
f 1698/2369/1895 1695/2366/1892 5162/7707/5165
f 2992/4168/3251 4600/6632/4781 3751/5278/4005
f 2469/3412/2694 4680/6779/4848 2472/3415/2697
f 2469/3412/2694 5111/7601/5146 4680/6779/4848
f 4915/7206/5028 4732/6873/4893 5152/7687/5163
f 4915/7206/5028 5213/222/163 4732/6873/4893
f 4841/6928/4911 4591/6620/4773 4589/6615/4772
f 4841/6928/4911 4589/6615/4772 3260/6929/3511
f 2698/3769/2941 1452/2032/1621 1813/2523/2016
f 2698/3769/2941 3867/5450/4113 1452/2032/1621
f 3182/4450/3431 2704/3779/2947 1249/1769/1403
f 3186/4454/3435 3033/4237/3293 3032/4236/3292
f 4027/5692/4253 4369/6239/4571 2947/4106/3208
f 3771/5308/4027 3719/5230/3973 808/1143/906
f 3771/5308/4027 808/1143/906 2310/3202/2539
f 1993/2761/2198 1991/2757/2195 2646/3669/2880
f 4220/5983/4424 577/795/644 576/794/643
f 4451/6365/4640 3977/5615/4211 3976/5614/4210
f 3213/4495/3465 4042/5719/4267 4806/6132/4511
f 3213/4495/3465 4806/6132/4511 3215/4497/3467
f 3221/4503/3473 3729/5241/3982 1493/2096/1673
f 2409/3326/2637 2408/3325/2636 931/1327/1047
f 3990/5629/4223 3007/4194/3266 4096/5807/4311
f 3990/5629/4223 4096/5807/4311 1512/2127/1695
f 3238/4520/3489 4265/6050/4464 3309/4611/3564
f 3238/4520/3489 3309/4611/3564 3239/4521/3490
f 3238/4520/3489 189/291/220 185/285/217
f 3896/5495/4139 2203/3062/2426 1117/1566/1253
f 3993/5632/762 688/7708/763 198/305/230
f 3998/7709/4230 5258/7710/3641 5163/7711/4531
f 5113/7606/5148 4966/7307/5060 2043/2822/2247
f 5113/7606/5148 4967/7308/5061 4966/7307/5060
f 5113/7606/5148 2043/2822/2247 2041/2820/2246
f 2048/2829/2252 2047/2827/2251 5140/7659/5158
f 3660/5154/3916 3125/4354/3047 4925/7226/5032
f 1489/2092/1669 511/704/572 4009/703/571
f 1914/2656/2118 4246/6023/4449 1915/2657/2119
f 1420/1988/1587 5202/6984/4936 2410/3329/2640
f 4251/6033/4454 1431/2003/1599 2079/2870/2287
f 4251/6033/4454 2079/2870/2287 2583/3584/2818
f 2221/3081/2441 2084/2875/2292 4318/6159/4527
f 2221/3081/2441 1186/1677/1336 2084/2875/2292
f 2221/3081/2441 4623/6673/4803 2222/3082/2442
f 2221/3081/2441 4318/6159/4527 4623/6673/4803
f 4180/5921/4387 4768/6940/4919 4812/7027/4951
f 5164/7712/5166 5165/7713/5167 93/150/108
f 5164/7712/5166 93/150/108 4995/7359/5081
f 5164/7712/5166 3097/4313/3354 1281/1807/1437
f 5164/7712/5166 3917/4314/3355 3097/4313/3354
f 5164/7712/5166 4995/7359/5081 3917/4314/3355
f 5164/7712/5166 1281/1807/1437 5165/7713/5167
f 4362/6227/4564 2232/3097/2453 4985/7338/5075
f 4362/6227/4564 4985/7338/5075 2104/2901/2313
f 4363/6228/4565 3863/5444/4110 3862/5443/4109
f 4363/6228/4565 3618/5073/3869 3863/5444/4110
f 5084/7535/2851 1684/2352/1879 3837/5407/4086
f 5084/7535/2851 3837/5407/4086 4885/5406/4085
f 5084/3630/2851 4885/7151/4085 2616/3631/2852
f 3478/4853/3735 3480/4855/3737 5225/7714/5168
f 3478/4853/3735 5225/7714/5168 3684/5178/3939
f 3584/5025/3842 1778/2473/1980 1777/2472/1979
f 4314/7715/4522 5166/7716/3038 5226/7717/1582
f 4314/7715/4522 4779/6964/4524 4780/6963/4929
f 4314/7715/4522 5226/7717/1582 1416/7718/1581
f 4314/7715/4522 4780/6963/4929 5166/7716/3038
f 2373/3273/2597 2374/3274/2598 5046/7450/5109
f 2373/3273/2597 1628/2292/1822 1626/2290/1820
f 2373/3273/2597 5046/7450/5109 4783/6968/4930
f 2373/3273/2597 4783/6968/4930 1628/2292/1822
f 3935/5547/4172 4336/6187/4542 4335/6186/4541
f 3935/5547/4172 4335/6186/4541 3936/5548/4173
f 3935/5547/4172 3934/5546/4171 4336/6187/4542
f 771/1085/860 1265/1787/1417 602/836/671
f 771/1085/860 3129/4359/3384 1265/1787/1417
f 4487/6444/4670 5013/7398/5091 3526/4939/3785
f 4487/6444/4670 3529/4942/3788 4928/7230/5035
f 4487/6444/4670 4928/7230/5035 5013/7398/5091
f 5092/6195/4545 2700/3773/2942 1201/1694/1352
f 5092/7719/4545 2396/7657/2622 5139/7656/4546
f 3671/5165/3926 4302/6128/4507 3672/5166/3927
f 3671/5165/3926 4464/6389/4649 4302/6128/4507
f 1519/2138/1706 3583/5020/3840 4259/2139/1707
f 1519/2138/1706 1521/2143/1709 3583/5020/3840
f 53/77/56 3889/5487/4132 54/78/57
f 53/77/56 52/76/55 4592/6621/4774
f 53/77/56 4592/6621/4774 3889/5487/4132
f 2032/2811/2238 4422/6316/4613 58/82/61
f 1120/1569/1256 1117/1566/1253 2203/3062/2426
f 4955/7285/4060 3209/4486/3462 3807/4485/3461
f 4955/7285/4060 4875/7135/4061 3764/5299/4021
f 3693/5189/3948 782/1100/872 5013/7398/5091
f 3693/5189/3948 593/817/659 782/1100/872
f 460/640/518 2218/3078/84 4236/6004/2784
f 2897/4035/3153 1350/1884/1508 5167/7720/4408
f 2897/4035/3153 5167/7720/4408 5168/7721/5074
f 2897/7722/3153 5168/7336/5074 2898/7335/3154
f 351/502/396 4786/6972/4932 163/252/189
f 351/502/396 163/252/189 166/255/192
f 351/502/396 5010/7394/5088 4786/6972/4932
f 5011/7395/5089 4849/7079/4979 4552/6550/4736
f 5011/7395/5089 4552/6550/4736 4551/6549/4735
f 5011/7395/5089 4551/6549/4735 2418/3343/2647
f 5011/7395/5089 2956/4111/3215 4849/7079/4979
f 4382/6258/4580 4383/6259/4581 5020/7409/5095
f 4382/6258/4580 3455/4813/3712 3454/4811/3711
f 1342/1873/1499 897/1271/1010 4755/4005/3130
f 5169/2924/2329 281/407/318 1444/2019/1612
f 5169/7723/2329 2110/2915/2322 5170/409/319
f 5169/2924/2329 5170/7724/319 281/407/318
f 3633/6085/3887 4282/6084/4484 4960/7299/4746
f 2522/3512/2755 2521/3511/2754 2988/4163/3246
f 2522/3512/2755 2988/4163/3246 4575/6589/4761
f 2522/3512/2755 4575/6589/4761 4145/5873/4352
f 4988/7345/5077 3419/4766/3676 3418/4765/3675
f 3650/5138/3906 428/606/485 38/55/41
f 3650/5138/3906 2642/3665/2876 428/606/485
f 3650/5138/3906 2644/3667/2878 2642/3665/2876
f 1615/2279/1809 4232/5999/4436 3700/5202/3954
f 1615/2279/1809 4233/6000/4437 4232/5999/4436
f 1615/2279/1809 1616/2280/1810 4233/6000/4437
f 2542/3537/2777 4234/6001/4438 1329/1858/1488
f 2542/3537/2777 2545/3540/2780 4234/6001/4438
f 2861/3985/3113 1027/1456/1154 3413/4759/3670
f 2861/3985/3113 2863/3987/3115 1027/1456/1154
f 4710/6833/4756 4709/6832/4872 4748/6904/4902
f 4710/6581/4756 967/1375/730 966/1374/1087
f 4710/6833/4756 4748/6904/4902 967/5353/730
f 481/669/537 482/670/538 2567/3568/2802
f 1968/674/542 2389/3294/2614 485/675/543
f 1968/2726/542 4626/6676/4804 1969/2727/2174
f 2880/4011/3136 3431/4781/3689 2881/4012/3137
f 2880/4011/3136 28/44/30 27/43/29
f 1927/2670/2132 5171/7725/5114 5207/2671/2133
f 1927/2670/2132 4720/6848/4883 5171/7725/5114
f 3440/4790/3698 4734/6869/4895 4733/6868/4894
f 3440/4790/3698 4733/6868/4894 3441/4791/3699
f 5130/7575/5143 3443/7726/3701 5230/1013/803
f 5130/7575/5143 2580/3581/2815 1937/2686/2143
f 2582/3583/2817 3447/4797/3705 4252/6034/4455
f 2582/3583/2817 4252/6034/4455 2583/3584/2818
f 524/723/584 523/722/586 4724/6857/4887
f 524/723/584 4724/6857/4887 5115/7665/5149
f 537/740/84 4043/5720/4268 2285/3168/2513
f 537/740/84 535/738/84 4043/5720/4268
f 5173/7044/4955 4822/7047/3001 5172/7727/3969
f 5173/7044/4955 3713/7728/3968 4820/7045/4956
f 5173/7729/4955 5172/5224/3969 3713/5221/3968
f 1294/1822/1452 1296/1824/1454 3300/4602/3555
f 1172/1654/1320 3796/5339/4052 820/1155/918
f 572/785/637 3842/5415/4091 4635/6693/4813
f 572/785/637 575/788/639 3842/5415/4091
f 5175/15/11 3581/5017/3837 8/16/12
f 5175/7730/11 5254/7731/5169 5174/7732/3375
f 5175/15/11 5174/4338/3375 3581/5017/3837
f 5175/7733/11 10/7734/10 5254/7735/5169
f 3316/4619/3571 1336/1865/1495 3711/5216/3964
f 3316/4619/3571 3711/5216/3964 3317/4620/3572
f 394/562/446 393/561/445 1397/1945/1557
f 5128/844/679 611/846/681 4723/6856/4886
f 5128/7736/679 3178/4443/3424 610/4441/680
f 3330/4637/3586 2090/2881/2298 2087/2878/2295
f 2001/2769/2206 4534/6520/4716 4536/6519/4718
f 2001/2769/2206 2000/2768/2205 5119/7617/360
f 2001/2769/2206 5119/7617/360 4534/6520/4716
f 3510/7737/3766 3512/4952/3769 3530/4947/3790
f 3510/4917/3766 5176/7738/4809 4867/7574/4990
f 3510/7737/3766 3530/4947/3790 5176/7739/4809
f 4274/6066/4476 1211/1720/1362 2657/3689/2892
f 3342/4658/3598 3341/4657/3597 4393/6273/4588
f 5178/6736/4829 5179/1213/960 1441/1208/956
f 5178/7740/4829 2051/2835/2257 5177/7741/5170
f 5178/7742/4829 4441/6348/4629 2466/7743/2690
f 5178/7742/4829 2466/7743/2690 5179/7744/960
f 5178/7742/4829 5177/7745/5170 4441/6348/4629
f 2578/3579/2813 2577/3578/2812 2725/3805/2968
f 2578/3579/2813 2726/3806/2967 2579/3580/2814
f 3352/6614/3608 5260/7746/3610 4589/6615/4772
f 1483/2083/1662 4173/5911/4380 4286/6093/4489
f 1483/2083/1662 1481/2085/1661 4173/5911/4380
f 5147/7675/4698 2691/3747/2931 2690/3746/2930
f 5147/6493/4698 4368/6237/4570 1256/1778/1409
f 5147/7675/4698 2690/3746/2930 4368/6238/4570
f 3366/4691/3623 3599/5047/3852 4120/5841/4331
f 4984/7747/2820 5180/7748/5 5089/7749/5005
f 4984/3586/2820 5089/7750/5005 5188/3251/2582
f 576/803/643 580/802/645 2340/3233/2566
f 5001/7174/5008 5187/7751/5084 4893/7175/5009
f 33/49/35 3300/4602/3555 34/50/36
f 33/49/35 3301/4603/3556 3300/4602/3555
f 2620/3635/2856 4130/5853/4338 2622/3637/2858
f 3154/4402/3404 1002/1426/1128 3547/4969/3805
f 1026/1455/1153 3413/4759/3670 1027/1456/1154
f 3997/5638/4229 4084/5790/4301 1151/1623/1295
f 81/127/91 4654/6733/4826 83/133/95
f 81/127/91 4655/6734/4827 4654/6733/4826
f 81/127/91 3172/4433/3419 4655/6734/4827
f 4531/6512/4713 4522/6503/4704 4521/6502/4703
f 4531/6512/4713 2710/3787/2953 4522/6503/4704
f 4531/6512/4713 2711/3788/2954 2710/3787/2953
f 4531/6512/4713 2275/3157/2502 2711/3788/2954
f 314/456/356 4243/6020/4446 315/457/357
f 314/456/356 4245/6022/4448 4243/6020/4446
f 2594/3597/2829 2592/3598/2828 4934/7236/5041
f 3669/5163/3924 3264/4553/3516 2292/3176/2521
f 1594/2250/1785 1593/2249/1784 1131/7752/1267
f 1594/7753/1785 1131/1585/1267 4974/7754/4941
f 4288/6098/4492 2850/3974/3102 2848/3972/3100
f 5020/7409/5095 4383/6259/4581 5062/7491/5120
f 5020/7409/5095 5062/7491/5120 5061/7490/5119
f 225/7755/257 5176/7739/4809 3530/4947/3790
f 5079/7522/5002 5078/7521/5128 746/7756/828
f 3815/6695/4065 245/368/281 244/367/278
f 158/247/184 4515/6494/4699 3937/5549/4174
f 158/247/184 155/244/181 4515/6494/4699
f 3939/5551/4176 4786/6972/4932 5010/7394/5088
f 3939/5551/4176 2784/3882/3028 4786/6972/4932
f 4083/5787/4300 1570/7757/1759 1567/7489/1756
f 1710/2382/1908 202/309/234 1713/2385/1911
f 4166/5903/4373 3493/4875/3750 4207/5961/4413
f 4166/5903/4373 4207/5961/4413 4446/6358/4635
f 4166/5903/4373 4446/6358/4635 591/815/657
f 221/332/253 3467/4830/3722 2813/3918/3060
f 221/332/253 2813/3918/3060 222/333/254
f 2816/7017/3064 4730/6865/4891 5181/7758/3066
f 2056/2842/2262 407/583/462 1996/2764/2201
f 4879/7142/4995 1671/2339/1866 325/471/368
f 4879/7142/4995 325/471/368 4880/7143/4996
f 1674/2342/1869 1528/2157/916 1529/2158/916
f 1674/2342/1869 1673/2341/1868 4466/6391/4651
f 1105/1546/1237 5049/7456/5110 3476/4851/3733
f 856/1211/958 4860/7104/4987 858/1212/959
f 298/7324/338 4862/7106/4202 884/1249/991
f 298/438/338 296/436/336 4862/5602/4202
f 298/7324/338 884/1249/991 881/1246/988
f 4978/7326/5069 4242/7331/4445 5248/7560/5136
f 3589/4901/3761 4053/5735/4276 611/846/681
f 3589/4901/3761 3592/7759/3846 4053/5735/4276
f 3886/2418/1928 1731/2421/1930 311/453/353
f 3886/2418/1928 311/453/353 3606/5061/3860
f 5182/7760/2482 3210/7761/3460 2882/7762/3139
f 4632/6690/4810 4088/5798/4305 4633/6691/4811
f 342/491/385 341/490/384 2753/3835/2995
f 344/493/387 2898/7335/3154 345/494/388
f 3480/4855/3737 5203/7763/5154 1418/7764/1584
f 3480/4855/3737 1418/7764/1584 5225/7714/5168
f 3480/4855/3737 861/1222/967 5203/7763/5154
f 3901/5503/246 4630/6684/4807 5034/7430/5104
f 1033/1465/1161 3292/7765/3546 1037/1469/1165
f 1033/5669/1161 2909/4052/3165 5183/7766/3166
f 1033/1465/1161 5183/7767/3166 3292/7765/3546
f 3715/5226/3970 2382/3286/2607 2381/3285/2606
f 3718/5229/3972 3719/5230/3973 4022/5677/4251
f 3718/5229/3972 4022/5677/4251 1063/1496/1190
f 4404/6288/4596 4484/6436/4667 684/948/758
f 4404/6288/4596 313/455/355 4484/6436/4667
f 4404/6288/4596 683/947/757 4077/5778/4295
f 4404/6288/4596 684/948/758 683/947/757
f 4246/6023/4449 1080/1515/1209 5081/7526/5130
f 506/697/565 505/696/564 4935/7237/5042
f 3729/5241/3982 1491/2094/1671 1493/2096/1673
f 3228/4510/3480 4417/6310/4609 5049/7456/5110
f 3228/4510/3480 5049/7456/5110 2407/3324/2635
f 4420/6313/4612 3234/4516/3486 2027/2806/2233
f 2197/3056/2420 5184/7768/5171 4059/7511/4279
f 2197/3056/2420 2196/3055/2419 5184/7768/5171
f 1121/1570/1257 2036/2815/2242 948/1344/1063
f 3336/7287/3590 4945/7259/4020 4944/7258/3592
f 4038/5715/4263 2964/4134/3224 4686/6795/4854
f 4038/5715/4263 2536/3531/2771 2964/4134/3224
f 4038/5715/4263 4686/6795/4854 3739/5258/3993
f 4044/5721/84 4043/5720/4268 535/738/84
f 4044/5721/84 535/738/84 2969/4139/84
f 2972/4142/3229 4311/6141/4518 2973/4143/3230
f 2972/4142/3229 3741/5260/3995 4311/6141/4518
f 3745/5269/3999 5131/7645/5155 3746/5270/4000
f 3745/5269/3999 2980/5273/3238 5131/7645/5155
f 1156/1630/1300 1157/1632/1302 4597/6627/4779
f 1156/1630/1300 4117/7769/4329 4560/1631/1301
f 1156/1630/1300 4597/6627/4779 5007/7518/5086
f 1156/1630/1300 4247/7770/4451 4117/7769/4329
f 1156/1630/1300 5007/7518/5086 4247/7770/4451
f 4199/5950/4404 5107/7595/1774 1165/1646/1314
f 4199/5950/4404 1165/1646/1314 4200/5951/4405
f 3753/5280/4006 2629/4175/2863 2628/6339/2864
f 1435/2007/1603 5264/2008/1604 3564/4990/3819
f 2647/3670/2881 2646/3669/2880 1991/2757/2195
f 4321/6162/4529 4985/7338/5075 2234/3099/2455
f 5097/7563/5132 5185/7771/1946 1588/2241/1780
f 4771/6943/4922 3631/5008/3830 2981/4155/3239
f 4771/6943/4922 2981/4155/3239 4546/6541/4733
f 4259/2139/1707 3583/5020/3840 4260/7772/4461
f 654/904/725 653/903/724 3020/4211/3273
f 1226/1740/1381 1087/1523/1217 1088/1524/1218
f 1226/1740/1381 5041/5090/3880 1087/1523/1217
f 3479/4854/3736 5256/7410/5096 2510/3479/2737
f 5015/7400/5092 4692/6806/4859 1779/2474/1981
f 5015/7400/5092 2722/3799/2963 5016/7401/5093
f 5015/7400/5092 1778/2473/1980 2722/3799/2963
f 5015/7400/5092 1779/2474/1981 1778/2473/1980
f 1808/2516/2011 1807/2515/2010 5000/7370/5083
f 5186/423/331 1720/422/330 5209/7773/1917
f 5186/7774/331 5209/7775/1917 5187/7776/5084
f 5186/423/331 5187/7777/5084 5002/2526/2018
f 2358/3257/2585 5188/7778/2582 5089/7169/5005
f 2358/3257/2585 4891/7171/5006 2360/3258/2586
f 4255/6038/4457 4454/7444/4642 1274/1800/1430
f 4255/6038/4457 1274/1800/1430 1273/1799/1429
f 5165/7713/5167 1280/1806/1436 3666/5160/3921
f 5165/7713/5167 3666/5160/3921 93/150/108
f 5165/7713/5167 1281/1807/1437 1280/1806/1436
f 5189/7779/3308 3570/4998/3823 3052/7360/3309
f 5189/4257/3308 3054/4260/3311 5190/7780/3824
f 5189/7779/3308 5190/4999/3824 3570/4998/3823
f 3144/4386/84 3145/4387/3396 1511/2124/1692
f 3144/4386/84 1511/2124/1692 1509/2122/1690
f 4103/5815/4317 4996/7362/5082 1300/1828/1458
f 4103/5815/4317 4105/5817/4319 2617/3632/2853
f 4103/5815/4317 2617/3632/2853 4996/7362/5082
f 4510/6486/4694 3577/5012/3833 4997/7363/4757
f 4510/6486/4694 4511/6487/4695 3579/5015/3835
f 4510/6486/4694 3579/5015/3835 3577/5012/3833
f 2133/2948/2348 3025/4222/3280 1316/1845/1475
f 2133/2948/2348 3026/4225/3281 3025/4222/3280
f 2133/2948/2348 2135/2951/2345 3026/4225/3281
f 4385/6261/4583 5191/7781/5172 4906/7196/5022
f 4385/6261/4583 2205/3064/2428 5191/7781/5172
f 142/5186/168 3692/5188/3947 3931/5540/4167
f 4855/7095/4984 1134/1594/1275 4210/1589/1270
f 4855/7782/4984 5192/7783/4366 5193/7784/4365
f 4855/7782/4984 5193/7784/4365 5161/7785/4663
f 4855/7786/4984 4210/5967/1270 5192/5966/4366
f 3090/4305/3346 849/1200/948 1353/1887/1511
f 3090/4305/3346 3089/4304/3345 849/1200/948
f 5194/7787/15 3917/4314/3355 4994/7358/16
f 3205/4474/3455 596/820/662 594/818/660
f 727/1017/807 3837/5407/4086 3111/4328/3368
f 727/1017/807 3111/4328/3368 731/1021/811
f 3288/4587/3542 4982/7333/5072 3840/5412/4088
f 3288/4587/3542 3289/4588/3543 4982/7333/5072
f 1370/1905/1527 5195/7788/1531 3946/7389/4182
f 3470/5421/3727 4735/6872/4896 2726/3803/2967
f 682/946/756 2915/4061/3172 683/947/757
f 2346/3239/2572 1643/2307/1837 4335/6186/4541
f 770/1084/859 5004/7380/5085 2785/3883/3029
f 3318/4621/3573 2506/3473/2733 4951/7267/5048
f 3318/4621/3573 4951/7267/5048 4562/6562/4744
f 3318/4621/3573 4562/6562/4744 3319/4622/3574
f 5196/7789/13 717/1002/795 2452/4821/2679
f 1756/2449/1956 1667/2335/1862 1666/2334/1861
f 1756/2449/1956 4728/6862/4889 1757/2450/1957
f 1756/2449/1956 1758/2451/1958 1667/2335/1862
f 3511/6414/3743 4474/6413/4658 3533/4953/3768
f 633/879/703 3145/4387/3396 3146/4388/2144
f 633/879/703 4538/6523/2141 634/880/704
f 633/879/703 3146/4388/2144 4538/6523/2141
f 5031/7427/5103 801/1136/899 2796/3897/3043
f 5031/7427/5103 1761/2454/1961 3877/5469/4122
f 5080/7525/5129 4827/7052/4960 4826/7051/4959
f 5080/7525/5129 4826/7051/4959 4348/6204/4552
f 5080/7525/5129 4348/6204/4552 4347/6203/4551
f 5197/7576/5144 5229/7279/5050 3177/4440/3423
f 5197/7790/5144 4971/7791/5064 5229/7792/5050
f 5197/7793/5144 4973/7316/5067 4971/7312/5064
f 4030/5695/916 3371/4701/3630 4953/7280/916
f 4351/6208/4556 3069/4282/3324 3068/4281/3323
f 5144/7668/2748 5009/7393/2746 5114/7608/1614
f 5144/7794/2748 4865/7795/4989 5198/7796/2749
f 1552/2187/1740 1554/2189/1742 3957/5585/4192
f 1552/2187/1740 3957/5585/4192 3956/5584/4191
f 845/1194/84 4957/7292/5052 846/1195/943
f 852/1203/951 3172/4433/3419 2021/2799/2227
f 3756/5284/4010 3959/5588/4195 3757/5285/4011
f 3347/4663/3603 2845/3969/3097 2886/4023/3142
f 3347/4663/3603 3346/4662/3602 3960/5589/4196
f 3961/5291/4016 3761/5293/4018 1099/7797/5173
f 3768/5303/4024 5160/7705/84 883/1248/990
f 3768/5303/4024 384/5304/436 4427/6323/4617
f 3768/5303/4024 4427/6323/4617 5160/7705/84
f 3768/5303/4024 883/1248/990 885/1250/992
f 3652/5140/572 4640/6704/4816 3653/5141/3908
f 4612/6654/4790 4917/7208/5030 4613/6655/4791
f 4664/6124/4504 2199/3058/2422 899/7514/1013
f 4537/6521/4719 4617/6661/4796 1660/7446/1855
f 4537/6521/4719 1660/7446/1855 3782/5322/4037
f 5199/3105/2459 5142/7662/5160 65/7798/75
f 5199/7799/2459 64/7800/73 2238/7801/2460
f 5199/7802/2459 65/7803/75 64/7804/73
f 2244/3116/2467 2243/3115/2466 3516/4925/3773
f 646/895/716 1492/2095/1672 647/896/717
f 932/1328/1048 2408/3325/2636 3788/5331/4044
f 932/1328/1048 931/1327/1047 2408/3325/2636
f 932/1328/1048 3788/5331/4044 84/130/93
f 171/260/197 4418/6311/4610 3127/4357/3382
f 171/260/197 3127/4357/3382 172/261/198
f 1807/2515/2010 4989/7346/5078 5000/7370/5083
f 1578/7083/1769 4850/7082/4980 6/8/7
f 2979/4152/3237 5131/7645/5155 2980/5273/3238
f 2916/4063/3174 2810/3915/3057 214/325/246
f 4676/3159/2504 4532/6513/4714 5200/7805/4843
f 782/1100/872 3526/4939/3785 5013/7398/5091
f 1916/2658/2120 1918/2660/2122 3588/5031/3844
f 5201/7806/5065 5171/7725/5114 4720/6848/4883
f 5201/7806/5065 4720/6848/4883 4719/6847/4882
f 998/1422/1124 52/76/55 3547/4969/3805
f 998/1422/1124 3547/4969/3805 1002/1426/1128
f 4680/6779/4848 4681/6780/4849 2472/3415/2697
f 4680/6779/4848 4013/5665/4243 1014/1438/1140
f 4680/6779/4848 5111/7601/5146 4013/5665/4243
f 3958/5587/4194 5100/7567/5141 3959/5588/4195
f 3958/5587/4194 2476/3420/2702 1021/1448/1147
f 3958/5587/4194 1021/1448/1147 5100/7567/5141
f 4732/6873/4893 4735/6872/4896 5152/7687/5163
f 4732/6873/4893 5213/222/163 992/6996/1115
f 4732/6867/4893 3441/4791/3699 4733/6868/4894
f 1505/2113/1686 3765/5300/4022 4127/7807/1687
f 1505/2113/1686 286/415/324 3765/5300/4022
f 3028/4227/3283 4268/6054/4468 4498/6462/4680
f 3028/4227/3283 4498/6462/4680 4366/6235/4568
f 3028/4227/3283 3766/5301/4023 4268/6054/4468
f 4369/6239/4571 3792/5335/4048 2947/4106/3208
f 4347/6203/4551 483/671/539 480/668/536
f 3781/5321/4036 5075/7515/5127 324/470/367
f 3781/5321/4036 3783/5324/4038 5075/7515/5127
f 330/1708/373 5265/7808/261 370/1714/420
f 3516/4925/3773 2243/3115/2466 3980/5619/4213
f 2529/3519/2762 3625/5087/3878 2531/3521/2764
f 3986/5625/4219 4306/6134/4513 3987/5626/4220
f 3986/5625/4219 3988/5627/4221 935/1331/1051
f 3687/5181/3942 188/288/218 187/287/209
f 3359/4684/3616 2035/2814/2241 1782/2477/1984
f 198/305/230 688/7708/763 4871/7126/2928
f 198/305/230 4871/7126/2928 201/308/233
f 1388/1935/1548 1387/1934/1547 3245/7809/3497
f 1388/1935/1548 5146/7671/5162 1389/1936/1549
f 4311/6141/4518 3741/5260/3995 4675/6765/4842
f 4673/6762/4841 4674/6764/4116 4981/7332/893
f 3811/5366/4062 1910/2652/2114 1911/2653/2115
f 1918/2660/2122 754/1056/837 3588/5031/3844
f 2410/7810/2640 5202/7811/4936 4647/6718/4820
f 2410/3331/2640 5245/7812/4819 2414/3332/2641
f 2410/7810/2640 4647/6718/4820 5245/6717/4819
f 1675/2343/1870 1529/2158/916 1526/2155/916
f 3912/5516/3349 3914/5518/4154 4919/7220/4675
f 4993/29/14 3011/4199/104 3010/4198/14
f 4993/29/14 3010/4198/14 14/30/14
f 102/162/120 3831/5400/4079 3104/4321/3362
f 102/162/120 3104/4321/3362 103/163/121
f 3106/4323/3364 3108/4325/84 4150/5880/4357
f 4327/6170/4534 2121/2934/2335 4996/7362/5082
f 4327/6170/4534 4996/7362/5082 2616/3631/2852
f 4327/6170/4534 2616/3631/2852 4885/7151/4085
f 2127/2940/2341 1403/7813/1563 2128/2941/2342
f 2127/2940/2341 1404/4331/1564 1403/7813/1563
f 2721/3798/2962 2722/3799/2963 1778/2473/1980
f 5203/7763/5154 861/1222/967 5127/1220/965
f 5203/7814/5154 5204/7815/1585 1418/7816/1584
f 4581/6595/4766 5046/7450/5109 4398/6280/4593
f 2/3/3 4951/7267/5048 2506/3473/2733
f 3354/4679/3611 4508/6481/4692 3355/4680/3612
f 3354/6815/3611 4694/6809/4862 5205/7817/5174
f 3354/6815/3611 5205/7817/5174 4507/6483/4691
f 1663/2331/1858 4375/6246/4574 1664/2332/1859
f 1663/2331/1858 4360/6225/4562 4375/6246/4574
f 1663/2331/1858 3136/4371/3391 4360/6225/4562
f 3943/5559/4179 3744/7818/3997 3942/5560/3509
f 3943/5561/4179 1600/2258/1792 3744/5263/3997
f 2178/3026/730 2662/3694/2896 3539/4959/3798
f 4962/7302/5056 121/187/141 120/186/140
f 4962/7302/5056 5206/7819/5175 121/187/141
f 4962/7302/5056 4965/7306/5059 5206/7819/5175
f 4962/7302/5056 120/186/140 3947/5571/4183
f 5051/7820/5113 5207/7821/2133 5171/7822/5114
f 5051/7820/5113 4794/6991/4938 5207/7821/2133
f 3889/5487/4132 3887/5485/4131 54/78/57
f 574/789/638 570/783/636 4266/6051/4465
f 574/789/638 4266/6051/4465 3158/4407/3407
f 2204/3063/2427 1330/1859/1489 5191/7781/5172
f 2204/3063/2427 5191/7781/5172 2205/3064/2428
f 4853/7823/4982 556/764/617 5047/763/614
f 4853/7090/4982 3459/3385/2680 556/7824/617
f 4853/7090/4982 5047/7825/614 1971/2728/2175
f 1350/1884/1508 4202/5586/4193 5167/7720/4408
f 619/861/690 3009/4197/3267 620/862/691
f 2232/3097/2453 2234/3099/2455 4985/7338/5075
f 3394/4739/3653 2004/2780/2212 548/751/608
f 3394/4739/3653 1510/2123/1691 635/881/705
f 4791/7385/4935 4260/7772/4461 3583/5020/3840
f 4791/7826/4935 5208/7827/4821 5202/7828/4936
f 2577/3578/2812 5126/792/642 2725/3805/2968
f 2577/3578/2812 4644/6708/4817 5126/792/642
f 668/933/742 959/6629/1079 2260/3141/2484
f 2271/3153/2498 2268/3149/2494 3647/5135/3903
f 2746/3827/2988 4997/6582/4757 4231/7123/4435
f 3491/4881/3751 5112/7605/5147 4478/6419/4439
f 4649/6726/4823 4383/6259/4581 2488/3449/2715
f 4649/6726/4823 4776/6949/4925 5062/7491/5120
f 4649/6726/4823 5062/7491/5120 4383/6259/4581
f 5095/7559/246 1693/7694/1888 4980/7829/5071
f 5095/7559/246 4980/7829/5071 4979/7327/5070
f 1372/1907/1529 3069/4282/3324 4108/5820/4322
f 1372/1907/1529 4108/5820/4322 1373/1908/1530
f 3692/5188/3947 5118/7616/5152 3931/5540/4167
f 595/819/661 591/815/657 3083/4298/3340
f 5209/7830/1917 5210/7831/877 4893/7832/5009
f 5209/7775/1917 4893/7833/5009 5187/7776/5084
f 4698/6816/4865 2841/3965/3092 2838/3964/3091
f 3704/5207/3958 1037/1469/1165 4394/6274/4589
f 4705/6825/4870 2911/4057/3168 3846/5422/4094
f 4705/6825/4870 3846/5422/4094 459/639/517
f 2379/3283/2604 2917/4064/3175 4295/6118/246
f 1969/2727/2174 4626/6676/4804 5255/5437/4106
f 903/1280/1015 902/1279/1016 5074/7513/5126
f 903/7834/1015 5074/7835/5126 1580/2226/1771
f 903/1278/1015 1580/7836/1771 2932/4081/3192
f 498/688/556 3431/4781/3689 2175/3023/2399
f 1491/2094/1671 512/705/573 511/704/572
f 4418/6311/4610 1266/1788/1418 3129/4359/3384
f 4418/6311/4610 3129/4359/3384 3127/4357/3382
f 4849/7079/4979 2956/4111/3215 2317/3209/2546
f 363/516/409 3373/4703/3632 364/517/410
f 2428/3355/2656 872/1233/978 871/1232/977
f 381/547/432 4932/7234/5039 4039/5716/4264
f 5160/7705/84 2968/4138/84 883/1248/990
f 776/7837/866 402/7838/454 5211/7839/4558
f 776/7840/866 5211/6750/4558 2870/3995/3123
f 148/237/174 4643/6707/4481 151/240/177
f 281/407/318 1447/2023/1616 1444/2019/1612
f 5212/7841/1116 992/7842/1115 5213/7843/163
f 4730/6865/4891 2128/2941/2342 5181/7758/3066
f 4048/5725/14 1586/2239/1779 4317/6157/4526
f 2997/4173/3256 4013/5665/4243 5111/7601/5146
f 2997/4173/3256 5111/7601/5146 2998/4176/3257
f 2810/3915/3057 2808/3913/3055 214/325/246
f 1403/7813/1563 5181/7758/3066 2128/2941/2342
f 4876/7136/4993 3044/4249/3302 649/898/719
f 4876/7136/4993 649/898/719 647/896/717
f 4876/7136/4993 3662/5156/3917 3044/4249/3302
f 4566/6571/4749 1414/1968/1578 4856/7093/1276
f 1416/1977/1581 1415/1976/1583 4781/6149/4523
f 4094/5805/4310 551/754/611 4323/6164/4530
f 4094/5805/4310 3056/7651/3313 2602/3608/2837
f 2606/3614/2841 4896/7184/5012 4785/3615/2842
f 2606/3614/2841 5214/7844/5176 4896/7184/5012
f 2606/3614/2841 3820/5386/4069 5214/7844/5176
f 2606/3614/2841 4513/3613/2840 3820/5386/4069
f 2832/3952/84 265/389/301 2833/3953/3085
f 863/1224/969 2538/3533/2773 866/1227/972
f 2862/3986/3114 2860/3984/3112 4074/5775/4292
f 882/1247/989 883/1248/990 2968/4138/84
f 892/1261/1002 3855/5432/4103 3000/4183/3260
f 892/1261/1002 890/1258/999 3855/5432/4103
f 3007/4195/3266 3006/4193/3265 3643/5129/3900
f 3007/4194/3266 4097/5808/4312 4096/5807/4311
f 4840/7067/4971 4536/6519/4718 4535/6518/4717
f 5054/7469/5115 5215/7845/5177 4005/5652/4236
f 5054/7469/5115 4340/6194/4544 5215/7845/5177
f 3760/7846/4017 4772/6945/4923 5134/7649/665
f 3760/7847/4017 1099/7848/5173 3761/7849/4018
f 3760/5296/4017 4773/5295/4015 4772/7850/4923
f 4289/6788/4494 4683/6787/1656 5216/7851/2392
f 289/426/328 4223/5987/4427 290/427/332
f 4827/7052/4960 4714/6838/4876 3062/4273/3318
f 2718/3795/916 1527/2156/916 1528/2157/916
f 461/643/519 4496/6457/4678 4497/6461/4679
f 461/643/519 459/639/517 4496/6457/4678
f 3006/4193/3265 3390/4735/3649 3643/5129/3900
f 4742/6884/4900 4909/7199/5024 4910/7200/5025
f 4742/6884/4900 4910/7200/5025 1167/1643/1312
f 552/758/615 720/1006/798 553/759/616
f 5217/7852/1708 2325/3217/2554 2326/3218/2555
f 5217/2142/1708 747/7853/829 1521/2143/1709
f 5217/7852/1708 748/1047/830 747/1046/829
f 5217/7852/1708 2326/3218/2555 748/1047/830
f 681/945/755 762/1076/851 761/1075/850
f 904/1283/1019 4201/5952/4406 1273/1799/1429
f 5140/7659/5158 3293/4592/3547 2908/4050/3164
f 5140/7659/5158 2047/2827/2251 3293/4592/3547
f 4972/7315/5066 4026/5689/3196 3726/5688/3980
f 4972/7315/5066 3726/5688/3980 5069/7501/4805
f 3297/4599/3552 3473/4848/3730 3472/4847/3729
f 3297/4599/3552 2148/2975/2366 3473/4848/3730
f 272/396/308 270/394/306 5218/7854/5178
f 272/396/308 5218/7854/5178 2710/3787/2953
f 1693/2362/1888 1690/2359/1885 4980/7330/5071
f 1336/1865/1495 1337/1866/1496 3711/5216/3964
f 1827/2546/2031 2735/3815/2976 990/1401/1112
f 4992/7355/5080 4654/6733/4826 3325/4628/3580
f 4992/7355/5080 83/133/95 4654/6733/4826
f 4992/7355/5080 3325/4628/3580 3323/4626/3578
f 4992/7355/5080 3323/4626/3578 2741/3821/2982
f 4521/6502/4703 4520/6501/4702 4532/6513/4714
f 4743/6778/4847 4539/6525/4720 1009/1433/1135
f 2660/3692/2894 4836/7063/4967 1030/1461/1157
f 3948/5572/4184 2666/3699/2901 2665/3698/2900
f 3948/5572/4184 3947/5571/4183 120/186/140
f 1949/2701/2154 2837/3959/3090 1926/2668/2130
f 1949/2703/2154 1948/2702/2155 5219/7855/5179
f 1949/2703/2154 5219/7855/5179 2838/3964/3091
f 3929/3714/2911 1239/1756/1392 405/6650/458
f 3953/5581/4188 1784/2479/1986 2728/3808/2969
f 3953/5581/4188 3955/5583/4190 1784/2479/1986
f 1256/1778/1409 4368/6237/4570 1257/1779/1410
f 3174/4436/3421 4794/6992/4938 3177/4440/3423
f 5184/7856/5171 3688/7857/3943 4442/7858/4631
f 5184/7859/5171 5220/7860/4630 5222/7861/2255
f 5184/7856/5171 4442/7858/4631 5220/7862/4630
f 5184/7768/5171 5221/7863/4280 4059/7511/4279
f 5184/7768/5171 2196/3055/2419 3688/5182/3943
f 5184/7768/5171 5222/7864/2255 5221/7863/4280
f 4759/6925/4910 3123/4349/3380 3122/4348/3379
f 4759/6925/4910 3122/4348/3379 4444/6356/4633
f 4759/6925/4910 2491/3452/2718 3123/4349/3380
f 5223/7865/843 4787/3873/3019 2776/3872/844
f 5223/4711/843 2444/3375/840 2443/3374/2671
f 5223/7866/843 1559/2197/1747 4787/6973/3019
f 4068/2553/2038 1833/2552/2037 5224/7867/3275
f 4929/7231/5036 3529/4942/3788 3528/4941/3787
f 4929/7231/5036 4928/7230/5035 3529/4942/3788
f 411/587/466 412/588/467 1162/1640/1309
f 5225/7714/5168 179/270/206 3684/5178/3939
f 5225/7714/5168 5226/7868/1582 179/270/206
f 5225/7869/5168 1418/7870/1584 5226/7871/1582
f 3423/4772/3680 3194/4462/3443 3190/4458/3439
f 2750/3831/2992 4769/6941/4920 4884/7147/5000
f 2750/3831/2992 1734/2424/1933 4769/6941/4920
f 1087/1523/1217 5041/5090/3880 43/61/47
f 3275/4568/3529 5099/7566/5140 3276/4569/3530
f 2004/2780/2212 4323/6164/4530 548/751/608
f 3834/5403/4082 3833/5402/4081 2115/2922/2327
f 5058/7425/3429 3180/4707/3427 4816/7038/4954
f 3110/4327/3367 731/1021/811 3111/4328/3368
f 3110/4327/3367 3109/4326/3366 3925/5530/4162
f 1610/2274/1804 3114/4333/3371 989/1400/1111
f 3116/4335/3373 4635/6693/4813 3842/5415/4091
f 4636/7872/4814 5227/7873/2750 5243/7874/4815
f 1627/2291/1821 1629/2293/1823 4332/6182/4539
f 1633/2297/1827 4639/5425/4096 1634/2298/1828
f 5090/7552/3414 2650/3679/2885 5124/3681/2884
f 2349/3242/2575 2785/3883/3029 5004/7380/5085
f 2349/3242/2575 5004/7380/5085 1723/2403/1920
f 402/7838/454 5228/7875/455 5211/7839/4558
f 2456/3389/2683 1758/2451/1958 1755/2448/1955
f 2456/3389/2683 1755/2448/1955 3862/5443/4109
f 5229/7876/5050 4971/7613/5064 924/1318/1041
f 5229/7279/5050 1464/2053/1639 3177/4440/3423
f 3382/4722/3639 4112/5824/3946 399/571/452
f 846/1195/943 4957/7292/5052 4745/6898/84
f 3908/5511/4149 3910/5513/4151 4746/6440/4669
f 3755/5282/4008 2356/3255/2584 1439/7695/1608
f 3755/5282/4008 1439/7695/1608 5070/7503/962
f 1097/7877/1231 1099/7878/1229 1448/7879/1618
f 1813/6906/2016 1814/1180/934 1203/1181/933
f 4711/6834/4873 5247/7561/5137 4712/6835/4874
f 4402/301/227 194/300/226 4285/6091/4487
f 3202/4470/3451 2393/3298/2618 5096/7562/5138
f 3202/4470/3451 3777/5314/4033 2393/3298/2618
f 1251/1771/1404 1856/2589/2063 416/594/473
f 4815/7035/4952 4969/7310/804 5230/7880/803
f 4815/7035/4952 5230/7880/803 3443/4793/3701
f 4815/7035/4952 4008/5656/4239 4969/7310/804
f 5087/7549/5133 2531/3521/2764 3625/5087/3878
f 5087/7549/5133 4846/7076/4976 2531/3521/2764
f 5087/7549/5133 3624/5085/3876 730/1020/810
f 5087/7549/5133 3625/5087/3878 3624/5085/3876
f 4306/6134/4513 1980/2746/2184 3987/5626/4220
f 4306/6134/4513 1981/2747/2185 1980/2746/2184
f 4165/5902/4372 5146/7671/5162 3493/4875/3750
f 4165/5902/4372 1389/1936/1549 5146/7671/5162
f 4675/6765/4842 3741/5260/3995 4001/5647/4232
f 978/1387/1099 3928/1386/1098 128/195/148
f 978/1387/1099 5200/6767/4843 979/1388/1100
f 1870/4042/2079 2901/4039/3157 1871/2696/2080
f 1540/2166/1723 3960/5589/4196 3346/4662/3602
f 4394/6274/4589 1037/1469/1165 3292/7765/3546
f 4823/5220/3967 4820/7881/4956 3713/5221/3968
f 1055/1487/1181 2949/4103/3210 3192/4460/3441
f 752/7882/835 4746/7883/4669 2329/7884/836
f 2572/3573/2807 2108/2912/2320 2107/2910/2318
f 2572/3573/2807 2937/4090/3197 1922/2664/2126
f 1931/2675/2137 5024/7416/5098 1932/2676/2138
f 4137/2037/1626 1455/2036/1625 5040/7885/4343
f 3489/4873/3749 3487/4869/3747 4424/6320/4614
f 3489/4872/3749 1639/2303/1833 3086/4301/3343
f 2964/4134/3224 4425/6321/4615 4686/6795/4854
f 1847/2577/2055 1737/2427/1936 4352/7603/4557
f 3974/5611/1570 4802/7008/1571 5159/7703/5164
f 3974/5611/1570 5159/7703/5164 2400/5558/2629
f 4551/6549/4735 5231/7886/1341 2418/3343/2647
f 2655/3687/2890 3613/5068/3865 914/1295/1028
f 2661/3693/2895 1219/1728/1370 3537/4957/3796
f 2661/3693/2895 3537/4957/3796 2662/3694/2896
f 3541/4962/3801 5224/4213/3275 3021/4212/3274
f 5041/5090/3880 49/7887/50 43/61/47
f 2803/3908/3050 2851/3975/3103 2804/3909/3051
f 5166/3892/3038 179/272/206 5226/7888/1582
f 5166/7716/3038 4780/6963/4929 5232/7889/1580
f 5083/715/583 4004/5651/4235 5233/7890/5131
f 5083/7533/583 4573/6580/4755 522/719/585
f 1665/2333/1860 3665/5159/3920 3048/4253/572
f 1665/2333/1860 1664/2332/1859 3665/5159/3920
f 1671/2339/1866 326/472/369 325/471/368
f 4752/6910/4906 4466/6391/4651 1673/2341/1868
f 4102/5814/4316 114/180/134 115/181/135
f 4997/7363/4757 3577/5012/3833 4231/5998/4435
f 4564/6568/4747 4565/6569/4748 5112/7605/5147
f 4564/6568/4747 5112/7605/5147 4438/6344/4627
f 3076/4291/3333 5045/7448/4696 3078/4293/3335
f 3076/4291/3333 3591/5942/3845 5045/7448/4696
f 5098/7565/5139 3084/4299/3341 3082/4297/3339
f 4620/6668/4799 3087/4302/3344 4621/6669/4800
f 4620/6668/4799 3088/4303/730 3087/4302/3344
f 2161/2992/2378 2160/2988/2376 2586/3588/2822
f 35/51/37 36/52/38 3538/4958/3797
f 2192/3051/2415 2191/3050/2414 3820/5386/4069
f 2732/3812/2973 4540/6526/4721 3555/4979/3719
f 2732/3812/2973 4393/6273/4588 4540/6526/4721
f 4909/7199/5024 2752/3833/2994 4377/6248/4576
f 4909/7199/5024 4377/6248/4576 98/156/114
f 4440/3409/2691 2466/3406/2690 4441/7891/4629
f 121/187/141 5206/7819/5175 122/188/142
f 4932/7234/5039 4232/5999/4436 2539/3534/2774
f 4932/7234/5039 3700/5202/3954 4232/5999/4436
f 4932/7234/5039 2539/3534/2774 4039/5716/4264
f 1258/1780/1411 1259/1781/14 3937/5549/4174
f 1258/1780/1411 3937/5549/4174 4515/6494/4699
f 3025/4222/3280 1317/1846/1476 1316/1845/1475
f 3025/4222/3280 4204/5957/4410 1317/1846/1476
f 2427/3354/2655 3242/4524/3493 2798/3899/3045
f 5126/792/642 4644/6708/4817 4281/6709/4483
f 4405/6289/4597 2824/3933/3073 2823/3932/3072
f 4751/6909/4905 4882/7145/4998 4463/6388/4648
f 270/394/306 3924/5529/4161 5218/7854/5178
f 5234/7493/5121 5065/7495/5122 3711/5218/3964
f 5234/7892/5121 5235/7893/4835 5064/7894/4350
f 5234/7493/5121 3711/5218/3964 5235/7895/4835
f 4354/7896/4364 4481/7897/4664 5193/7898/4365
f 3978/5613/4209 4452/6644/1354 3976/5614/4210
f 4088/5798/4305 4090/5800/3775 4633/6691/4811
f 3885/5482/4129 2412/3339/2642 2415/3338/2643
f 3885/5482/4129 2415/3338/2643 4549/6547/4734
f 4213/5972/4416 4069/5769/4287 3544/7899/3803
f 4567/6572/4750 4692/6805/4859 3386/4730/3644
f 4570/6576/4752 4575/6589/4761 2988/4163/3246
f 3398/4743/3657 5136/7652/5157 5162/7707/5165
f 3398/4743/3657 5162/7707/5165 1695/2366/1892
f 5236/7900/1420 5233/7890/5131 4003/5650/1421
f 76/124/85 79/123/88 3169/4429/3417
f 4496/6457/4678 459/639/517 3846/5422/4094
f 4496/6457/4678 3846/5422/4094 1025/1454/1152
f 3609/5064/14 1895/2637/2100 470/655/14
f 3919/5524/4157 4712/6836/4874 3501/4898/3759
f 3919/5524/4157 20/36/22 476/662/532
f 1060/7573/1186 5103/7572/1889 4582/6598/4767
f 517/710/578 518/711/579 1106/1547/1238
f 517/710/578 1106/1547/1238 4252/6034/4455
f 517/710/578 4252/6034/4455 3447/4797/3705
f 2222/3082/2442 700/975/778 701/976/779
f 2601/3607/2836 2298/1815/1445 250/374/286
f 2622/3637/2858 4980/7330/5071 1690/2359/1885
f 1179/7901/1329 5263/7902/391 3315/7903/3570
f 4528/6509/4710 3851/5428/4099 2781/3879/3025
f 4528/6509/4710 2781/3879/3025 3322/4625/3577
f 4530/6511/4712 4640/6704/4816 2743/3824/2985
f 4530/6511/4712 606/840/675 604/838/673
f 4723/6856/4886 5143/7664/5161 4724/6857/4887
f 4723/6856/4886 611/846/681 5143/7664/5161
f 5237/7904/1316 4910/7200/5025 4911/7201/698
f 5237/7904/1316 1167/1643/1312 4910/7200/5025
f 2239/7905/2461 5123/7627/2462 5124/7628/2884
f 4077/5778/4295 683/947/757 2915/4061/3172
f 688/953/763 689/954/764 4871/3744/2928
f 3603/5054/3856 4502/6470/4686 1192/1684/1343
f 3603/5054/3856 315/457/357 4502/6470/4686
f 4867/7906/4990 5176/6689/4809 4631/6687/4808
f 1219/1728/1370 1217/1726/1368 3537/4957/3796
f 2531/3521/2764 4846/7076/4976 2532/3522/2765
f 2887/4024/3143 1231/1746/1384 2888/4025/3144
f 2887/4024/3143 2886/4023/3142 2845/3969/3097
f 1539/2172/1727 1242/1761/1395 4070/5771/4288
f 1784/2479/1986 1247/1767/1401 2728/3808/2969
f 1264/1786/1416 3987/5626/4220 1980/2746/2184
f 4004/5651/4235 4003/5650/1421 5233/7890/5131
f 2592/3595/2828 2864/3988/3116 3376/4709/3635
f 2592/3595/2828 3376/4709/3635 4012/5663/4241
f 2592/3598/2828 4012/5659/4241 4934/7236/5041
f 1302/1830/1460 5206/7819/5175 5093/7555/5135
f 1302/1830/1460 122/188/142 5206/7819/5175
f 4349/6205/4553 3580/5016/3836 3579/5015/3835
f 4349/6205/4553 3579/5015/3835 4511/6487/4695
f 2626/3641/2862 4907/7197/5023 4601/7371/4782
f 5045/6489/4696 3591/5036/3845 2771/3867/3015
f 4621/6669/4800 3087/4302/3344 4700/6818/4867
f 4837/7064/4968 873/1234/979 4161/5898/4369
f 4837/7064/4968 4161/5898/4369 4838/7065/4969
f 2374/3274/2598 4398/6280/4593 5046/7450/5109
f 2555/3553/2790 1896/2638/14 2559/3557/2794
f 2391/3297/2617 5096/7562/5138 2393/3298/2618
f 4417/6310/4609 2834/3954/3086 3476/4851/3733
f 4417/6310/4609 3476/4851/3733 5049/7456/5110
f 4793/6990/4907 5207/7821/2133 4794/6991/4938
f 1130/1584/1266 4974/7754/4941 1131/1585/1267
f 4696/6812/4864 4034/7907/4260 4801/7007/4259
f 346/495/389 345/494/388 1944/2693/2151
f 2850/3974/3102 1954/2708/2160 2804/3909/3051
f 4075/5776/4293 4074/5775/4292 2860/3984/3112
f 3656/5150/3911 4764/6936/4916 5238/7908/3912
f 3744/5263/3997 3261/4549/3512 3942/4546/3509
f 2115/2922/2327 3833/5402/4081 5024/7416/5098
f 84/130/93 3788/5331/4044 3171/4431/3418
f 4107/5819/4321 5158/7697/3397 4108/5820/4322
f 5239/7909/127 5260/7910/3610 5005/7911/128
f 5239/7630/127 4589/6615/4772 5260/7746/3610
f 4709/6832/4872 1197/1689/1348 4748/6904/4902
f 4709/6832/4872 1198/1690/730 1197/1689/1348
f 476/662/532 19/35/21 477/664/533
f 476/662/532 20/36/22 19/35/21
f 1757/2450/1957 4728/6862/4889 2656/3688/2891
f 1415/7912/1583 5232/7913/1580 4780/7914/4929
f 4749/6907/4903 550/753/610 4881/7144/4997
f 4896/7184/5012 5214/7844/5176 4307/6135/4514
f 1431/2003/1599 2081/2872/2289 2079/2870/2287
f 486/676/544 485/675/543 2389/3294/2614
f 5064/7894/4350 5235/7893/4835 1911/7915/2115
f 5064/5871/4350 1909/2651/2113 2927/4076/3187
f 5064/5871/4350 1911/2653/2115 1909/2651/2113
f 4630/6684/4807 5035/7431/5105 5034/7430/5104
f 4967/7308/5061 4634/6692/4812 335/484/378
f 1263/1785/1415 602/836/671 1265/1787/1417
f 5215/7845/5177 4340/6194/4544 5240/7916/5180
f 5215/7845/5177 5240/7916/5180 4005/5652/4236
f 5210/7831/877 5251/7917/878 4893/7832/5009
f 5241/7918/2946 2704/3779/2947 3181/4449/3430
f 1295/1823/1453 1297/1825/1455 803/1138/901
f 3062/4273/3318 4714/6838/4876 4104/5816/4318
f 824/1159/916 820/1155/918 3795/5338/4051
f 1020/1447/1146 5100/7567/5141 1021/1448/1147
f 4902/7192/5018 18/34/20 1669/2337/1864
f 4902/7192/5018 4901/7191/5017 18/34/20
f 711/995/790 2603/3610/2838 3056/4262/3313
f 4522/6503/4704 5218/7854/5178 4523/6504/4705
f 4522/6503/4704 2710/3787/2953 5218/7854/5178
f 3842/5415/4091 575/788/639 3844/5417/4093
f 1715/2387/1913 72/114/82 70/112/80
f 1715/2387/1913 5066/7497/5123 1716/2388/1914
f 1715/2387/1913 70/112/80 5066/7497/5123
f 4053/5735/4276 4052/5731/4275 611/846/681
f 3494/4880/3752 3493/7919/3750 5252/2920/2325
f 854/5927/954 2467/3408/215 4505/6476/4688
f 5009/7393/2746 5153/2169/1725 4610/6652/4788
f 5009/7393/2746 4637/6701/4645 5153/2169/1725
f 1782/2477/1984 2035/2814/2241 1785/2480/1987
f 2088/2879/2296 152/241/178 150/239/176
f 2088/2879/2296 2090/2881/2298 152/241/178
f 1794/2490/1997 687/951/761 4745/6898/84
f 4548/7532/3625 5081/7531/5130 4025/7920/1206
f 3730/5243/3983 615/856/687 4307/6135/4514
f 3157/4406/3406 5119/460/360 3160/4409/3409
f 3764/5299/4021 4875/7135/4061 3765/5300/4022
f 34/50/36 3300/4602/3555 1296/1824/1454
f 2901/4039/3157 1948/2702/2155 1871/2696/2080
f 2901/4039/3157 5219/7855/5179 1948/2702/2155
f 2901/4039/3157 2838/3964/3091 5219/7855/5179
f 5078/7521/5128 3583/5020/3840 5242/7921/5181
f 5078/7521/5128 5242/7921/5181 746/7756/828
f 4616/7922/4794 451/629/508 2541/3536/2776
f 4616/7922/4794 2541/3536/2776 1881/2621/2089
f 4616/7923/4794 4817/7039/4795 453/6823/511
f 4616/7922/4794 453/632/511 451/629/508
f 966/1374/1087 965/1373/1086 2809/3914/3056
f 4718/6846/4881 1922/2664/2126 2937/4090/3197
f 4718/6846/4881 4026/4089/3196 4719/6847/4882
f 4718/6846/4881 2937/4090/3197 4026/4089/3196
f 3449/4799/3706 1805/2512/2008 1804/2511/2007
f 5065/7496/5122 3317/4620/3572 3711/5216/3964
f 2824/3933/3073 3812/5367/4063 1410/1962/1574
f 5202/7811/4936 5208/7924/4821 4647/6718/4820
f 2834/3954/3086 2835/3955/3087 3476/4851/3733
f 1108/1552/1242 46/69/51 49/73/50
f 5153/7925/1725 5243/7926/4815 5244/7927/1307
f 5153/2169/1725 4637/6701/4645 5243/6697/4815
f 5161/7785/4663 5193/7784/4365 4481/7928/4664
f 5161/7929/4663 4482/7930/4665 5245/7931/4819
f 5246/7932/4444 5247/7561/5137 5248/7560/5136
f 5246/6018/4444 4712/6836/4874 5247/7933/5137
f 5246/6018/4444 5248/7934/5136 4242/6019/4445
f 5246/6018/4444 3501/4898/3759 4712/6836/4874
f 4484/6436/4667 3198/4466/3447 684/948/758
f 3535/4955/3794 36/52/38 31/47/33
f 3535/4955/3794 3538/4958/3797 36/52/38
f 1532/2161/1718 5117/7614/5151 4991/7348/5079
f 1532/2161/1718 2623/3638/2859 5117/7614/5151
f 4508/6481/4692 4872/173/129 107/167/125
f 4508/6481/4692 107/167/125 3355/4680/3612
f 5243/7935/4815 5227/3507/2750 5244/3506/1307
f 4998/7936/4168 4559/7937/4166 4560/7938/1301
f 4998/7936/4168 4560/7938/1301 3328/7939/3583
f 1378/1918/1536 5061/7490/5119 1766/2459/1966
f 1628/2292/1822 1042/1474/1169 1629/2293/1823
f 1628/2292/1822 4783/6968/4930 1042/1474/1169
f 2919/4067/3178 1057/1489/1183 1053/1485/1179
f 2389/3294/2614 3392/4737/3651 3391/4736/3650
f 1080/1515/1209 4025/1512/1206 5081/7526/5130
f 5142/7662/5160 5159/7703/5164 65/7798/75
f 3369/6430/3628 2414/7940/2641 4482/6431/4665
f 3369/4696/3628 2415/3338/2643 2414/3337/2641
f 3371/4701/3630 3372/4702/3631 4953/7280/916
f 2805/3910/3052 2802/3907/3049 2439/3369/2668
f 412/588/467 410/586/465 2984/4158/3242
f 5136/7652/5157 4264/6049/4463 5162/7707/5165
f 5143/7664/5161 611/846/681 4052/5731/4275
f 5143/7664/5161 5115/7665/5149 4724/6857/4887
f 4467/6393/4652 5261/7272/5049 1818/2534/2020
f 1212/1721/1363 3216/4498/3468 1213/1722/1364
f 1212/1721/1363 1209/1718/1360 2286/3169/2514
f 5035/7431/5105 1220/1729/1371 2249/3121/2472
f 5016/7401/5093 2722/3799/2963 827/1163/922
f 1407/1955/1567 4593/6622/4775 5030/7423/5102
f 5249/7941/3825 3054/4260/3311 4817/7039/4795
f 5249/7941/3825 5190/7780/3824 3054/4260/3311
f 4826/7051/4959 4963/7303/5057 4348/6204/4552
f 4307/6135/4514 5214/7844/5176 2191/3050/2414
f 4601/7371/4782 3315/4618/3570 5250/7942/390
f 5037/7433/246 695/968/772 694/967/771
f 5235/7895/4835 3711/5218/3964 3710/5214/3963
f 661/2906/731 657/289/219 189/290/220
f 4936/6300/4602 2338/7943/2564 2575/3576/2810
f 1684/2352/1879 3111/4328/3368 3837/5407/4086
f 2536/3531/2771 4039/5716/4264 2539/3534/2774
f 1265/1787/1417 3129/4359/3384 1266/1788/1418
f 5251/7944/878 1449/2028/879 1448/2027/1618
f 4802/7008/1571 66/7012/76 5159/7703/5164
f 813/1148/911 4828/7053/4961 3968/5603/4203
f 2198/3057/2421 899/7514/1013 2199/3058/2422
f 2733/3813/2974 2731/3811/2972 841/1188/940
f 3556/4980/572 2738/3818/2979 4141/5867/4347
f 4838/7065/4969 4161/5898/4369 2368/3268/2592
f 598/832/668 5133/831/667 795/5256/892
f 5052/7461/3285 3284/4582/1193 4085/5794/4303
f 5052/7462/3285 2758/3844/3000 4381/7524/3287
f 200/307/232 3458/4817/3715 1885/2626/2092
f 3493/7945/3750 5146/7946/5162 5252/7947/2325
f 4000/5646/4231 4169/5906/4376 4001/5647/4232
f 2050/2833/2256 2360/3258/2586 4891/7171/5006
f 1009/1433/1135 4539/6525/4720 3271/4563/3525
f 5099/7566/5140 1014/1438/1140 4013/5665/4243
f 5099/7566/5140 4013/5665/4243 3276/4569/3530
f 166/255/192 165/254/191 352/503/397
f 2307/3199/2536 1811/2521/2015 2308/3200/2537
f 740/1039/822 4529/6510/4711 2639/3660/2872
f 740/1039/822 2639/3660/2872 741/1040/823
f 3387/4732/3646 3203/4471/3452 3201/4469/3450
f 451/629/508 2545/3540/2780 2541/3536/2776
f 3711/5216/3964 1337/1866/1496 3712/5217/3965
f 4243/6020/4446 4502/6470/4686 315/457/357
f 2580/3581/2815 4415/6308/4607 2076/2867/2284
f 3661/5155/593 4726/6860/1852 3045/4250/3303
f 4882/7145/4998 4880/7143/4996 5075/7515/5127
f 4996/7362/5082 2617/3632/2853 2616/3631/2852
f 4735/6870/4896 2579/3580/2814 2726/3806/2967
f 4444/6356/4633 586/809/651 585/808/650
f 5220/6354/4630 4441/6348/4629 5177/7745/5170
f 5220/6354/4630 5177/7745/5170 5222/7948/2255
f 4953/7280/916 3372/4702/3631 3506/4911/916
f 3558/4983/3813 4142/5868/3914 5238/7908/3912
f 3558/4983/3813 5238/7908/3912 4764/6936/4916
f 4765/6937/2768 2533/7949/2767 5259/139/100
f 3497/4894/1770 2932/4081/3192 1580/7836/1771
f 1634/2298/1828 4639/5425/4096 4157/5893/916
f 202/309/234 587/810/652 1713/2385/1911
f 214/325/246 2808/3913/3055 215/326/247
f 3467/4830/3722 2384/3288/2609 2813/3918/3060
f 5254/7950/5169 5255/5437/4106 4626/6676/4804
f 5254/7951/5169 4626/6677/4804 5253/3948/3076
f 5254/7952/5169 5253/7953/3076 5174/7954/3375
f 5254/7955/5169 10/7956/10 5255/7957/4106
f 5075/7515/5127 4880/7143/4996 324/470/367
f 3289/4588/3543 3287/4586/3541 4983/7334/5073
f 1288/1814/1444 2893/6250/3149 4617/6661/4796
f 1496/2099/1676 5168/7336/5074 5167/5955/4408
f 5040/7885/4343 1455/2036/1625 2395/7958/2621
f 4340/6194/4544 4006/5653/4237 5240/7916/5180
f 1161/1639/1308 2984/4158/3242 410/586/465
f 1161/1639/1308 1159/1636/1305 2984/4158/3242
f 5158/7697/3397 1373/1908/1530 4108/5820/4322
f 5256/7959/5096 5258/7960/3641 5257/7961/2738
f 5256/7410/5096 5257/3486/2738 2510/3479/2737
f 5256/7410/5096 5163/6166/4531 5258/7962/3641
f 4623/7963/4803 2788/3887/3033 4624/3886/3032
f 4623/6673/4803 4318/6159/4527 2788/7964/3033
f 4949/7265/3774 4983/7334/5073 4633/6691/4811
f 4949/7265/3774 4633/6691/4811 4090/5800/3775
f 3801/5347/4055 2635/3656/2306 2633/3654/2867
f 1581/2228/1772 1580/2226/1771 5074/7835/5126
f 3583/5020/3840 1521/2143/1709 5242/7921/5181
f 3484/4860/3741 666/919/737 665/917/735
f 3537/4957/3796 3539/4959/3798 2662/3694/2896
f 5259/7965/100 2533/3524/2767 87/142/101
f 5005/7966/128 5260/7967/3610 3351/7968/3609
f 264/388/300 2833/3953/3085 265/389/301
f 324/470/367 4880/7143/4996 325/471/368
f 4983/7334/5073 3287/4586/3541 4633/6691/4811
f 1027/1459/1154 2863/4044/3115 4014/5667/4245
f 2909/4052/3165 1380/1920/1538 1379/1919/1537
f 4797/7969/4942 5261/7970/5049 1098/7971/1227
f 4593/6622/4775 4507/6483/4691 5205/7817/5174
f 4593/6622/4775 5205/7817/5174 5030/7423/5102
f 4856/7972/1276 1414/7973/1578 5262/7974/1277
f 5214/7844/5176 3820/5386/4069 2191/3050/2414
f 5250/7975/390 3315/7976/3570 5263/7977/391
f 1199/1691/1349 5038/7434/4443 4603/6640/4783
f 5206/7819/5175 4965/7306/5059 5093/7555/5135
f 3235/4517/3487 2030/2809/2236 2790/3889/3035
f 1335/1864/1494 3855/5432/4103 890/1258/999
f 3087/4302/3344 3085/4300/3342 4700/6818/4867
f 747/7853/829 746/7756/828 5242/7921/5181
f 747/7853/829 5242/7921/5181 1521/2143/1709
f 3351/4677/3609 3349/4676/3607 4389/7978/2938
f 3160/4409/3409 5119/460/360 3161/4410/3410
f 65/7798/75 5159/7703/5164 66/7012/76
f 3049/4254/3305 3048/4253/572 3664/5158/3919
f 18/34/20 17/33/19 1669/2337/1864
f 18/34/20 4901/7191/5017 19/35/21
f 3924/5529/4161 4523/6504/4705 5218/7854/5178
f 4906/7196/5022 5191/7781/5172 3073/4286/3328
f 3508/4914/3764 3506/4911/916 3372/4702/3631
f 3508/4914/3764 3372/4702/3631 2141/2960/2358
f 98/156/114 4377/6248/4576 3668/5162/3923
f 2656/3688/2891 4728/6862/4889 2657/3689/2892
f 3973/5610/4208 827/1163/922 826/1162/921
f 4959/7298/5054 1823/2542/2027 3967/5601/4201
f 4959/7297/5054 5244/1638/1307 2983/4157/3241
f 4959/7298/5054 2983/6143/3241 1823/2542/2027
f 4540/6526/4721 4393/6273/4588 3341/4657/3597
f 2817/3923/3065 1400/1948/1560 3772/5309/4028
f 5030/7423/5102 5205/7817/5174 4694/6809/4862
f 3328/7979/3583 4560/7980/1301 4278/7981/2408
f 4302/6128/4507 907/1287/1022 3672/5166/3927
f 3065/4277/572 2645/3668/2879 2644/3667/2878
f 5245/7982/4819 4482/6431/4665 2414/7940/2641
f 548/751/608 4323/6164/4530 551/754/611
f 4478/6419/4439 5112/7605/5147 4565/6569/4748
f 1623/2287/1817 4109/5821/4323 454/633/512
f 1213/1722/1364 3216/4498/3468 3979/5618/4212
f 2051/2835/2257 5222/2837/2255 5177/7741/5170
f 820/1155/918 3796/5339/4052 3795/5338/4051
f 908/1286/1021 3672/5166/3927 907/1287/1022
f 2438/7983/2667 2440/2958/2356 4778/2957/2355
f 4446/6358/4635 3083/4298/3340 591/815/657
f 2076/2867/2284 4415/6308/4607 2077/2868/2285
f 5093/7555/5135 4965/7306/5059 4964/7304/5058
f 4125/7677/1679 4124/6221/4335 4357/6220/3259
f 4168/5905/4375 215/326/247 2808/3913/3055
f 3917/4314/3355 4995/7359/5081 4994/7358/16
f 2981/4155/3239 2980/4154/3238 4546/6541/4733
f 3216/4498/3468 3215/4497/3467 3979/5618/4212
f 4317/6157/4526 3822/5388/4071 3821/5387/4070
f 2904/4043/3160 4014/5667/4245 2863/4044/3115
f 5240/7916/5180 4006/5653/4237 4005/5652/4236
f 3056/4262/3313 2603/3610/2838 2602/3609/2837
f 1330/1859/1489 1328/1857/1487 3073/4286/3328
f 1330/1859/1489 3073/4286/3328 5191/7781/5172
f 5228/575/455 399/571/452 4112/5824/3946
f 3757/5285/4011 3959/5588/4195 1656/2321/1849
f 2924/4073/3184 3772/5309/4028 1400/1948/1560
f 2761/3853/3004 3108/4325/84 3107/4324/3365
f 220/331/252 3254/4540/3504 3379/4719/3637
f 3562/4988/3817 3564/4990/3819 5264/2008/1604
f 4183/7984/5182 5264/7985/5183 3561/7986/3816
f 374/7987/424 5265/7988/4474 373/7988/423
f 373/7989/418 370/7990/420 5265/7989/261
f 4627/6679/730 2105/2904/2316 3401/4746/1710
f 3594/5041/3847 52/2061/55 2151/2978/1590
f 2150/2977/2365 3596/5043/3849 2151/2978/1590
f 3532/6102/3791 4290/7472/4495 366/6103/4197
f 1947/2700/2152 1925/2667/2129 4754/2669/2131
f 1947/2697/2152 4754/6912/2131 1945/2698/2153
f 207/317/236 208/319/240 5067/7498/4600
f 207/311/236 5067/6298/4600 204/312/237
f 1886/7991/2093 1888/4263/2096 5266/4266/3314
f 1886/2627/2093 5266/7992/3314 1889/2631/2097
f 2325/7993/2554 1517/2140/1701 1516/7994/1700
f 5217/2142/1708 1517/2140/1701 2325/7993/2554
f 4414/6302/4603 1716/2388/1914 5066/7497/5123
f 206/318/239 1716/2388/1914 4414/6302/4603
f 2458/3395/2685 3749/5276/4003 4857/7097/4985
f 2458/3395/2685 4857/7097/4985 2459/3396/2686
f 349/500/394 5010/7394/5088 351/502/396
f 347/498/392 349/500/394 351/502/396
f 4913/7204/5026 4915/7206/5028 5152/7687/5163
f 4913/7204/5026 5152/7687/5163 4914/7205/5027
f 371/4118/421 5033/5499/4142 4423/6318/4141
f 3897/5498/4140 4423/6318/4141 5033/5499/4142
f 5267/7995/161 141/5418/165 3845/5420/3726
f 5267/218/161 3845/4838/3726 139/219/164
f 4212/5971/4415 2503/3467/2727 1396/1944/1556
f 1394/1942/1554 1396/1944/1556 2503/3467/2727
f 2121/2934/2335 4325/6168/4533 1603/2266/1796
f 1602/2265/1795 2121/2934/2335 1603/2266/1796
f 1095/6398/1228 5268/7996/5184 5134/6403/665
f 1095/1535/1228 3870/6394/4115 5268/7997/5184
f 3870/7455/4115 3961/5590/4016 5268/7998/5184
f 3961/5590/4016 1099/7999/5173 5268/7998/5184
f 3760/7847/4017 5268/8000/5184 1099/7848/5173
f 3760/7846/4017 5134/7649/665 5268/8001/5184
f 3868/5451/4114 5269/8002/5185 3869/5452/3991
f 3868/5451/4114 1096/5455/1230 5269/8002/5185
f 1096/5455/1230 4467/6393/4652 5269/8002/5185
f 3869/5452/3991 5269/8002/5185 4467/6393/4652
f 1517/2128/1696 5270/8003/5186 3401/2144/1710
f 1517/2128/1696 1518/2134/1702 5270/8003/5186
f 1518/2134/1702 5069/7564/4805 5270/8003/5186
f 3401/4746/1710 5270/8004/5186 5069/6680/4805
f 1205/1706/1355 3163/4414/3411 5141/1713/1358
f 1205/1709/1355 5271/8005/5187 3163/8006/3411
f 1205/1709/1355 3165/1711/1356 5271/8005/5187
f 3165/4417/1356 3164/4416/3412 5271/8007/5187
f 3163/8006/3411 5271/8005/5187 3164/8008/3412
f 4683/2076/1656 1477/2075/1651 2170/3014/1653
f 4683/2076/1656 2170/3014/1653 5272/8009/5188
f 5272/8009/5188 2170/3014/1653 5216/3016/2392
f 4683/2076/1656 5272/8009/5188 5216/3016/2392
f 1477/8010/1651 3532/8011/5189 5216/8012/1654
f 365/8013/414 3532/8011/5189 1477/8010/1651
f 1478/8014/1655 365/8013/414 1477/8010/1651
f 4687/523/258 365/525/414 1478/8015/1655
f 3495/4889/3754 5274/6678/2732 702/6136/4515
f 5063/7492/2731 4308/6137/4351 5274/8016/2732
f 4308/6137/4351 702/6136/4515 5273/8017/5190
f 5274/8018/2732 5273/8019/5190 702/8020/4515
f 4308/6137/4351 5273/8017/5190 5274/8016/2732
f 3963/5595/4198 5275/522/413 3965/5597/70
f 5216/3016/2392 3533/3015/2391 4289/8021/4494
f 3532/6102/3791 4289/6101/4494 5056/8022/5116
f 3162/87/66 3965/95/70 5275/8023/413
f 5275/7476/413 5056/7475/5116 4289/8024/4494
f 5275/8025/413 4289/8021/4494 3533/3015/2391
f 3162/87/66 5275/8023/413 3533/8026/2391
f 3437/4787/3695 4412/6305/4605 4411/6304/4604
f 3436/4786/3694 4412/6305/4605 3437/4787/3695
f 3436/4786/3694 4413/6306/4606 4412/6305/4605
f 3436/4786/3694 3438/4788/3696 4413/6306/4606
